jid,formula,spg,dim,norb,nk,group,band,rank,W_band,W_group_max,W_span,d_iso,M_trg,lam,nphi,unif,Emid,M_manifold_diag,lam_manifold_diag,Tc_R1.00,binds_R1.00,cap_R1.00,U_R1.00,Tc_R0.85,binds_R0.85,cap_R0.85,U_R0.85,Tc_R0.55,binds_R0.55,cap_R0.55,U_R0.55,efermi,group_Emin,group_Emax,ef_inside,filling,band_Emin,band_Emax,ef_status,lamM
JVASP-949,O,12,3,48,24,46-47,46,2,0.12588151948238036,0.12588151948237858,0.12620893958698254,0.10259137283607167,0.9998957499869889,0.0901931945705528,11.561622383210194,0.08296894216868028,10.513106662136693,1.5083121606324061,0.05516245061882878,13.422190900084622,amp,iso,0.051295686418035835,13.422190900084622,amp,iso,0.051295686418035835,13.422190900084622,amp,iso,0.051295686418035835,-0.3855,10.434497171705294,10.560706111292276,False,0.0,10.434497171705294,10.560378691187672,fail_ef_outside,0.09018379192884532
JVASP-949,O,12,3,48,24,46-47,47,2,0.12464726332475884,0.12588151948237858,0.12620893958698254,0.10259137283607167,0.9997999599019043,0.09031926225495739,11.546890827256618,0.08604681215424052,10.51449820443711,1.5083121606324061,0.05516245061882878,13.44095178924557,amp,iso,0.051295686418035835,13.44095178924557,amp,iso,0.051295686418035835,13.44095178924557,amp,iso,0.051295686418035835,-0.3855,10.434497171705294,10.560706111292276,False,0.0,10.43605884796753,10.560706111292276,fail_ef_outside,0.09030119478087598
JVASP-2817,K4IrO4,12,3,84,16,25-26,25,2,0.2217045064393215,0.22170450643931294,0.7565783353762104,0.0781593675894181,0.7249269020574729,0.09472733989128855,10.558150829340667,0.13743079801241154,0.6410492010580484,1.3324783552158173,0.04231141340158791,10.739774899520398,amp,iso,0.03907968379470905,10.739774899520398,amp,iso,0.03907968379470905,10.739774899520398,amp,iso,0.03907968379470905,1.8502,0.5384656820026771,1.2950440173788875,False,1.0,0.5384656820026771,0.76017018844199,fail_ef_outside,0.06867039704753708
JVASP-2817,K4IrO4,12,3,84,16,25-26,26,2,0.10077754714456888,0.22170450643931294,0.7565783353762104,0.0781593675894181,0.6081831731020036,0.055284224596562154,18.23367713030411,0.14214458321869855,1.2406503765859145,1.3324783552158173,0.04231141340158791,6.26788557921079,amp,iso,0.03907968379470905,6.26788557921079,amp,iso,0.03907968379470905,6.26788557921079,amp,iso,0.03907968379470905,1.8502,0.5384656820026771,1.2950440173788875,False,1.0,1.1942664702343186,1.2950440173788875,fail_ef_outside,0.03362293513762101
JVASP-2817,K4IrO4,12,3,84,16,26-27,26,2,0.10077754714456888,0.11890891964577222,0.2978458343797592,0.09172228443342445,0.6081831731020036,0.055284224596562154,18.23367713030411,0.14214458321869855,1.2406503765859145,1.1203981741347087,0.054822558386018454,7.3555454915216965,amp,iso,0.045861142216712225,7.3555454915216965,amp,iso,0.045861142216712225,7.3555454915216965,amp,iso,0.045861142216712225,1.8502,1.1942664702343186,1.4921123046140778,False,1.0,1.1942664702343186,1.2950440173788875,fail_ef_outside,0.03362293513762101
JVASP-2817,K4IrO4,12,3,84,16,26-27,27,2,0.11890891964577266,0.11890891964577222,0.2978458343797592,0.09172228443342445,0.6069415979814163,0.055515479206421275,18.074983768977997,0.1293848230138711,1.4208001147388276,1.1203981741347087,0.054822558386018454,7.386313831230828,amp,iso,0.045861142216712225,7.386313831230828,amp,iso,0.045861142216712225,7.386313831230828,amp,iso,0.045861142216712225,1.8502,1.1942664702343186,1.4921123046140778,False,1.0,1.3732033849683056,1.4921123046140778,fail_ef_outside,0.03369465366224942
JVASP-2817,K4IrO4,12,3,84,16,27-28,27,2,0.11890891964577266,0.23260219645206748,0.44323340053126414,0.0781593675894181,0.6069415979814163,0.055515479206421275,18.074983768977997,0.1293848230138711,1.4208001147388276,1.1565014322454314,0.051355461701347346,6.294104223766983,amp,iso,0.03907968379470905,6.294104223766983,amp,iso,0.03907968379470905,6.294104223766983,amp,iso,0.03907968379470905,1.8502,1.3732033849683056,1.8164367854995698,False,1.0,1.3732033849683056,1.4921123046140778,fail_ef_outside,0.03369465366224942
JVASP-2817,K4IrO4,12,3,84,16,27-28,28,2,0.23260219645206592,0.23260219645206748,0.44323340053126414,0.0781593675894181,0.5720624118586557,0.07302491324446808,13.717873132705451,0.1856509166594416,1.7347062297859783,1.1565014322454314,0.051355461701347346,8.27924790459272,amp,iso,0.03907968379470905,8.27924790459272,amp,iso,0.03907968379470905,8.27924790459272,amp,iso,0.03907968379470905,1.8502,1.3732033849683056,1.8164367854995698,False,1.0,1.5838345890475023,1.8164367854995698,fail_ef_outside,0.0417748079963995
JVASP-2817,K4IrO4,12,3,84,16,28-29,28,2,0.23260219645206592,0.23260219645206748,0.7261768677108975,0.09172228443342445,0.5720624118586557,0.07302491324446808,13.717873132705451,0.1856509166594416,1.7347062297859783,1.1232262703850977,0.04556382463187496,9.715937508464433,amp,iso,0.045861142216712225,9.715937508464433,amp,iso,0.045861142216712225,9.715937508464433,amp,iso,0.045861142216712225,1.8502,1.5838345890475023,2.3100114567584,True,1.0,1.5838345890475023,1.8164367854995698,fail_filling,0.0417748079963995
JVASP-2817,K4IrO4,12,3,84,16,28-29,29,2,0.13757762069719437,0.23260219645206748,0.7261768677108975,0.09172228443342445,0.5540174019915403,0.05971964814952282,16.790069122896362,0.15106877677081348,2.238253662168526,1.1232262703850977,0.04556382463187496,7.9456769432341945,amp,iso,0.045861142216712225,7.9456769432341945,amp,iso,0.045861142216712225,7.9456769432341945,amp,iso,0.045861142216712225,1.8502,1.5838345890475023,2.3100114567584,True,0.0,2.172433836061191,2.3100114567584,fail_filling,0.033085724315647526
JVASP-2817,K4IrO4,12,3,84,16,30-31,30,2,0.13250321333152648,0.24799251242257903,0.34593600345931463,0.2316251766129529,0.5706155437110139,0.05906863160032471,16.951437684986146,0.1113938827441404,2.592344076706902,0.9966636663578856,0.06178088475368658,19.846387828424596,amp,iso,0.11581258830647645,19.846387828424596,amp,iso,0.11581258830647645,19.846387828424596,amp,iso,0.11581258830647645,1.8502,2.5416366333713527,2.8875726368306673,False,0.0,2.5416366333713527,2.674139846702891,fail_ef_outside,0.03370547933688486
JVASP-2817,K4IrO4,12,3,84,16,30-31,31,2,0.24799251242257414,0.24799251242257903,0.34593600345931463,0.2316251766129529,0.5459040374957023,0.07696747020032299,13.03190265774148,0.16616453183050856,2.7864474384225986,0.9966636663578856,0.06178088475368658,25.860193852195582,amp,iso,0.11581258830647645,25.860193852195582,amp,iso,0.11581258830647645,25.860193852195582,amp,iso,0.11581258830647645,1.8502,2.5416366333713527,2.8875726368306673,False,0.0,2.6395801244080883,2.8875726368306673,fail_ef_outside,0.04201685273818647
JVASP-4438,CrSiTe3,148,3,88,16,14-15,14,2,0.19273679559260837,0.19273679559261037,0.24120853251815155,1.102517693484331,0.24979540779101483,0.06676051229060577,14.990608553014834,0.1190145872368142,-0.6678337445593718,0.4970842888143475,0.03374135295391697,106.76871819837855,amp,iso,0.5512588467421655,96.84082063205088,amp,adiab,0.5,34.86269542753832,amp,adiab,0.18,5.7618,-0.7587775404991858,-0.5175690079810342,False,1.0,-0.7587775404991858,-0.5660407449065754,fail_ef_outside,0.016676469391968925
JVASP-4438,CrSiTe3,148,3,88,16,14-15,15,2,0.188136184082065,0.19273679559261037,0.24120853251815155,1.102517693484331,0.24746320254653092,0.06812935092676431,14.6882883159647,0.117193785193883,-0.6119031901131093,0.4970842888143475,0.03374135295391697,108.95787375738449,amp,iso,0.5512588467421655,98.82641739112644,amp,adiab,0.5,35.57751026080552,amp,adiab,0.18,5.7618,-0.7587775404991858,-0.5175690079810342,False,1.0,-0.7057051920630889,-0.5175690079810342,fail_ef_outside,0.01685950736775356
JVASP-4456,Nb2CS2,166,3,44,24,0-1,0,2,0.4674507883297254,0.4674507883297139,0.4802898753831695,4.100962361043454,0.17383118447481416,0.8033821687718397,1.2447886669599957,0.8730692088938105,-5.3668237827106715,0.3260589895703737,0.4024898314671303,1115.026600193257,stiff,phys,1.5,315.92420338808944,stiff,adiab,0.5,73.59175561275497,stiff,adiab,0.18,5.2588,-5.525580047894467,-5.045290172511297,False,1.0,-5.525580047894467,-5.058129259564753,fail_ef_outside,0.13965287398355394
JVASP-4456,Nb2CS2,166,3,44,24,0-1,1,2,0.46665884387432044,0.4674507883297139,0.4802898753831695,4.100962361043454,0.17644586629766085,0.800178013285741,1.2497635971610703,0.8712582726405629,-5.355435456128968,0.3260589895703737,0.4024898314671303,1131.798273194992,stiff,phys,1.5,320.6761774052477,stiff,adiab,0.5,74.69868603086948,stiff,adiab,0.18,5.2588,-5.525580047894467,-5.045290172511297,False,1.0,-5.511949016385633,-5.045290172511297,fail_ef_outside,0.14118810274654375
JVASP-4501,VAgP2Se6,5,3,88,16,0-1,0,2,0.2566753753641322,0.2566753753641233,0.2610217478192265,0.7735444742071955,1.170920542343305,0.037188315563863095,30.691634300256265,0.04695838845355986,-11.694573281542482,1.2015843024546693,0.024208058542012936,41.728290777708416,amp,iso,0.38677223710359776,41.728290777708416,amp,iso,0.38677223710359776,19.419936643424727,amp,adiab,0.18,3.8176,-11.86074427939665,-11.599722531577424,False,1.0,-11.86074427939665,-11.604068904032527,fail_ef_outside,0.04354456262887254
JVASP-4501,VAgP2Se6,5,3,88,16,0-1,1,2,0.24673869007301086,0.2566753753641233,0.2610217478192265,0.7735444742071955,1.1729643026983723,0.03819928979323144,29.965828435772572,0.04749791957102743,-11.689046481149951,1.2015843024546693,0.024208058542012936,42.86268543829492,amp,iso,0.38677223710359776,42.86268543829492,amp,iso,0.38677223710359776,19.947872775642196,amp,adiab,0.18,3.8176,-11.86074427939665,-11.599722531577424,False,1.0,-11.846461221650449,-11.599722531577424,fail_ef_outside,0.044806403315890767
JVASP-4501,VAgP2Se6,5,3,88,16,2-3,2,2,0.31197525704032536,0.31197525704037155,0.32843875125926125,0.6274848274000746,0.6467284731860508,0.03713334629871924,26.931541938048856,0.05379212909814622,-10.627400846499466,1.2921980682078182,0.019075188534854987,33.799176356049806,amp,iso,0.3137424137000373,33.799176356049806,amp,iso,0.3137424137000373,19.39123140011797,amp,adiab,0.18,3.8176,-10.826178057370228,-10.497739306110967,False,1.0,-10.826178057370228,-10.514202800329857,fail_ef_outside,0.024015192356059582
JVASP-4501,VAgP2Se6,5,3,88,16,2-3,3,2,0.28821289329865607,0.31197525704037155,0.32843875125926125,0.6274848274000746,0.6460319221156577,0.03909132599523067,25.582874728434188,0.05256581534473306,-10.603004020364114,1.2921980682078182,0.019075188534854987,35.58135080732562,amp,iso,0.3137424137000373,35.58135080732562,amp,iso,0.3137424137000373,20.41369883589268,amp,adiab,0.18,3.8176,-10.826178057370228,-10.497739306110967,False,1.0,-10.785952199409646,-10.497739306110967,fail_ef_outside,0.025254244470748647
JVASP-4501,VAgP2Se6,5,3,88,16,14-15,14,2,0.4479436510938646,0.45181747358927815,0.45636241503055164,1.2874899153481802,0.7870671504939336,0.0551716148105867,18.392707735687168,0.08365991345513712,-5.0280279128853405,1.2250067106069498,0.030429752715750467,103.03821626568744,amp,iso,0.6437449576740901,80.03030939300405,amp,adiab,0.5,28.810911381481457,amp,adiab,0.18,3.8176,-5.304870277352755,-4.8485078623222035,False,1.0,-5.304870277352755,-4.856926626258897,fail_ef_outside,0.04342376565711738
JVASP-4501,VAgP2Se6,5,3,88,16,14-15,15,2,0.45181747358927904,0.45181747358927815,0.45636241503055164,1.2874899153481802,0.7869606493758282,0.053587479684297765,18.935631370228766,0.08494011863919378,-5.021682705823094,1.2250067106069498,0.030429752715750467,100.07969387519707,amp,iso,0.6437449576740901,77.73240992581458,amp,adiab,0.5,27.98366757329325,amp,adiab,0.18,3.8176,-5.304870277352755,-4.8485078623222035,False,1.0,-5.300325335911482,-4.8485078623222035,fail_ef_outside,0.04217123781076897
JVASP-5311,HgPS3,2,3,88,16,2-3,2,2,0.2777240576501221,0.27772405765012653,0.27854039188651125,0.6241581222622052,0.19220774391082632,0.044979656391487474,22.245509585189627,0.07136429284685834,-5.334476896455089,0.33675458432363253,0.023043381330729983,40.72391856107774,amp,iso,0.3120790611311026,40.72391856107774,amp,iso,0.3120790611311026,23.488616360309337,amp,adiab,0.18,2.6335,-5.506433391440098,-5.227892999553586,False,1.0,-5.506433391440098,-5.228709333789971,fail_ef_outside,0.008645438276891987
JVASP-5311,HgPS3,2,3,88,16,2-3,3,2,0.27758451373907,0.27772405765012653,0.27854039188651125,0.6241581222622052,0.19206693699309557,0.045057258454492946,22.207199086725474,0.07152115637519167,-5.3335637424046105,0.33675458432363253,0.023043381330729983,40.79417832621469,amp,iso,0.3120790611311026,40.79417832621469,amp,iso,0.3120790611311026,23.529140571317956,amp,adiab,0.18,2.6335,-5.506433391440098,-5.227892999553586,False,1.0,-5.50547751329266,-5.227892999553586,fail_ef_outside,0.00865400962066072
JVASP-5314,UCl5,2,3,92,16,60-61,60,2,0.006501581342464258,0.008946373423623255,0.0159937936936021,0.3529196815369513,0.6816623437865348,0.052088424632549986,19.21201129862012,0.07902343814008178,1.4844763738472204,0.203041037861469,0.0493973362784829,26.66587886153585,amp,iso,0.17645984076847565,26.66587886153585,amp,iso,0.17645984076847565,26.66587886153585,amp,iso,0.17645984076847565,1.5436,1.4812553704742673,1.4972491641678694,False,1.0,1.4812553704742673,1.4877569518167262,fail_ef_outside,0.0355067176191723
JVASP-5314,UCl5,2,3,92,16,60-61,61,2,0.00894637342362059,0.008946373423623255,0.0159937936936021,0.3529196815369513,0.6790112140018763,0.04797965007821578,20.842931469405197,0.0606259277849504,1.4928430925357992,0.203041037861469,0.0493973362784829,24.5624540544287,amp,iso,0.17645984076847565,24.5624540544287,amp,iso,0.17645984076847565,24.5624540544287,amp,iso,0.17645984076847565,1.5436,1.4812553704742673,1.4972491641678694,False,1.0,1.488302790744246,1.4972491641678694,fail_ef_outside,0.032578720446994516
JVASP-5335,NbSe2Cl2,2,3,80,16,4-5,4,2,0.14821460842754064,0.1482276309952315,0.1484128135069227,0.24269399645971568,1.9527560034568208,0.06628788303265272,15.873166440639753,0.09250104629745744,-8.865493168261008,1.878465847605312,0.040723531219230745,23.336299145394534,amp,iso,0.12134699822985784,23.336299145394534,amp,iso,0.12134699822985784,23.336299145394534,amp,iso,0.12134699822985784,3.039,-8.932942496025184,-8.784529682518261,False,1.0,-8.932942496025184,-8.784727887597622,fail_ef_outside,0.1294440615484561
JVASP-5335,NbSe2Cl2,2,3,80,16,4-5,5,2,0.14822763099521907,0.1482276309952315,0.1484128135069227,0.24269399645971568,1.952973162991381,0.06573360640105215,16.002796008469417,0.09265487699935844,-8.86533870016192,1.878465847605312,0.040723531219230745,23.141168984457565,amp,iso,0.12134699822985784,23.141168984457565,amp,iso,0.12134699822985784,23.141168984457565,amp,iso,0.12134699822985784,3.039,-8.932942496025184,-8.784529682518261,False,1.0,-8.932757313513493,-8.784529682518261,fail_ef_outside,0.1283759692078933
JVASP-5335,NbSe2Cl2,2,3,80,16,6-7,6,2,0.17718255279452677,0.1772539600544878,0.17731421623669696,0.24269399645971568,2.076749785473165,0.060182631524669475,17.83170653967369,0.07194729607240051,-8.45608796319199,1.8381060530261648,0.03781088089690655,21.186977594757792,amp,iso,0.12134699822985784,21.186977594757792,amp,iso,0.12134699822985784,21.186977594757792,amp,iso,0.12134699822985784,3.039,-8.541835686058546,-8.364521469821849,False,1.0,-8.541835686058546,-8.364653133264024,fail_ef_outside,0.12498426710806787
JVASP-5335,NbSe2Cl2,2,3,80,16,6-7,7,2,0.1772539600544789,0.1772539600544878,0.17731421623669696,0.24269399645971568,2.0769075865785593,0.059740388467176886,17.95666279283258,0.07221944420853292,-8.455921816486299,1.8381060530261648,0.03781088089690655,21.031288261919432,amp,iso,0.12134699822985784,21.031288261919432,amp,iso,0.12134699822985784,21.031288261919432,amp,iso,0.12134699822985784,3.039,-8.541835686058546,-8.364521469821849,False,1.0,-8.541775429876337,-8.364521469821849,fail_ef_outside,0.12407526603262994
JVASP-5335,NbSe2Cl2,2,3,80,16,52-53,52,2,0.38351795742615247,0.3835179574261618,0.3836197605249292,0.2749744170126003,2.3169575610736093,0.06043137504414274,16.990579814518775,0.10188284164765125,2.7975504414193395,1.55778915544793,0.05712714678713787,24.10424686681581,amp,iso,0.13748720850630014,24.10424686681581,amp,iso,0.13748720850630014,24.10424686681581,amp,iso,0.13748720850630014,3.039,2.6044062418660223,2.9880260023909515,False,1.0,2.6044062418660223,2.987924199292184,fail_ef_outside,0.14001693133460155
JVASP-5335,NbSe2Cl2,2,3,80,16,52-53,53,2,0.3834601312100294,0.3835179574261618,0.3836197605249292,0.2749744170126003,2.317008156429078,0.06029697971999601,17.00382815670987,0.10141802008195831,2.797926483633113,1.55778915544793,0.05712714678713787,24.05064063878257,amp,iso,0.13748720850630014,24.05064063878257,amp,iso,0.13748720850630014,24.05064063878257,amp,iso,0.13748720850630014,3.039,2.6044062418660223,2.9880260023909515,False,1.0,2.6045658711809234,2.9880260023909515,fail_ef_outside,0.13970859381926945
JVASP-5335,NbSe2Cl2,2,3,80,16,54-55,54,2,0.477910035761254,0.47837162839350844,0.47859650398010967,0.13140332484849004,2.6323313243465667,0.046634221432568256,22.50147266258616,0.0778144783195008,4.066169812123777,2.126212023115448,0.04276969851364453,8.888938165028755,amp,iso,0.06570166242424502,8.888938165028755,amp,iso,0.06570166242424502,8.888938165028755,amp,iso,0.06570166242424502,3.039,3.8348642613184536,4.313460765298563,False,0.0,3.8348642613184536,4.312774297079701,fail_ef_outside,0.12275672186346344
JVASP-5335,NbSe2Cl2,2,3,80,16,54-55,55,2,0.47837162839351244,0.47837162839350844,0.47859650398010967,0.13140332484849004,2.63252926668799,0.04673205279969566,22.476925897225613,0.07814990495684698,4.066479061561173,2.126212023115448,0.04276969851364453,8.907585779297456,amp,iso,0.06570166242424502,8.907585779297456,amp,iso,0.06570166242424502,8.907585779297456,amp,iso,0.06570166242424502,3.039,3.8348642613184536,4.313460765298563,False,0.0,3.835089136905055,4.313460765298563,fail_ef_outside,0.12302349668760723
JVASP-5365,CrCl3,12,3,60,20,56-57,56,2,0.2605285633999497,0.2605285633999497,0.30890052436318705,2.4396843286197907,0.9636199642225053,0.4375496945334868,2.285480471906063,0.45091608249079496,9.006882766083256,0.147372670639994,0.4362881702194829,1548.4593967160888,amp,iso,1.2198421643098953,634.696619784455,amp,adiab,0.5,228.49078312240383,amp,adiab,0.18,2.2645,8.820315725972153,9.12921625033534,False,0.0,8.820315725972153,9.080844289372102,fail_ef_outside,0.4216316209919267
JVASP-5365,CrCl3,12,3,60,20,56-57,57,2,0.12550625381889446,0.2605285633999497,0.30890052436318705,2.4396843286197907,0.9617513450945725,0.4350330492788811,2.2986816195393547,0.4495566093744979,9.07634287123452,0.147372670639994,0.4362881702194829,1539.5531557990428,amp,iso,1.2198421643098953,631.0460487607503,amp,adiab,0.5,227.1765775538701,amp,adiab,0.18,2.2645,8.820315725972153,9.12921625033534,False,0.0,9.003709996516452,9.12921625033534,fail_ef_outside,0.41839362030455735
JVASP-5365,CrCl3,12,3,60,20,58-59,58,2,0.3904869640492006,0.3904869640492006,0.4796764956481585,2.4396843286197907,0.9754512287828181,0.4571815763035478,2.1873423510162797,0.4613789589756769,11.874182034461056,0.10314524171703668,0.4552261026280668,1617.9353263804476,amp,iso,1.2198421643098953,663.1740456749036,amp,adiab,0.5,238.74265644296528,amp,adiab,0.18,2.2645,11.56890057895513,12.048577074603289,False,0.0,11.56890057895513,11.95938754300433,fail_ef_outside,0.44595833038216137
JVASP-5365,CrCl3,12,3,60,20,58-59,59,2,0.16788513009917772,0.3904869640492006,0.4796764956481585,2.4396843286197907,0.9747538946709867,0.4532896311855266,2.206104709439131,0.4593148681040074,11.96603005707682,0.10314524171703668,0.4552261026280668,1604.1619903118929,amp,iso,1.2198421643098953,657.5285054273476,amp,adiab,0.5,236.71026195384513,amp,adiab,0.18,2.2645,11.56890057895513,12.048577074603289,False,0.0,11.880691944504147,12.048577074603289,fail_ef_outside,0.44184583341206723
JVASP-5668,TaCl4,12,3,72,16,48-49,48,2,0.05382282015183937,0.053864966817914084,0.05504470004093398,1.045536435554361,0.1787533446232617,0.12092621065127522,8.281249823591914,0.15672277216264022,1.8646880359343307,0.3552261578722701,0.06071817380573552,183.39961363975678,amp,iso,0.5227682177771805,175.41197743387607,amp,adiab,0.5,63.148311876195386,amp,adiab,0.18,1.9441,1.8327377264711955,1.8877824265121295,False,1.0,1.8327377264711955,1.8865605466230335,fail_ef_outside,0.02161596460653254
JVASP-5668,TaCl4,12,3,72,16,48-49,49,2,0.05386496681790898,0.053864966817914084,0.05504470004093398,1.045536435554361,0.17849396082709504,0.12083371956513855,8.287670421573997,0.1566291052178483,1.8658951974676183,0.3552261578722701,0.06071817380573552,183.259339423181,amp,iso,0.5227682177771805,175.27781260536733,amp,adiab,0.5,63.10001253793223,amp,adiab,0.18,1.9441,1.8327377264711955,1.8877824265121295,False,1.0,1.8339174596942154,1.8877824265121295,fail_ef_outside,0.021568089206652027
JVASP-5668,TaCl4,12,3,72,16,50-51,50,2,0.4646397591624001,0.4646397591623952,0.46514155266414203,0.05743187657871074,0.26563364756468366,0.06744611424551909,14.92495605780755,0.1003614937392745,3.1640087237579664,0.5270753292191327,0.03606629747617573,5.618866856588311,amp,iso,0.02871593828935537,5.618866856588311,amp,iso,0.02871593828935537,5.618866856588311,amp,iso,0.02871593828935537,1.9441,2.9333188620664905,3.3984604147306325,False,0.0,2.9333188620664905,3.3979586212288857,fail_ef_outside,0.01791595734110161
JVASP-5668,TaCl4,12,3,72,16,50-51,51,2,0.46458487917209634,0.4646397591623952,0.46514155266414203,0.05743187657871074,0.2658379346656797,0.0673981567500839,14.93597150276054,0.10047653478018584,3.164564460401218,0.5270753292191327,0.03606629747617573,5.614871566649963,amp,iso,0.02871593828935537,5.614871566649963,amp,iso,0.02871593828935537,5.614871566649963,amp,iso,0.02871593828935537,1.9441,2.9333188620664905,3.3984604147306325,False,0.0,2.9338755355585358,3.3984604147306325,fail_ef_outside,0.01791698679071604
JVASP-5668,TaCl4,12,3,72,16,56-57,56,2,0.22353553937967696,0.22353553937968051,0.22485110904911565,0.09635669328668683,0.42074676007676026,0.057725093304221625,17.814122479924755,0.09736398519175885,4.42606584736553,0.39897433012544875,0.04195464064086909,8.068361189787206,amp,iso,0.04817834664334342,8.068361189787206,amp,iso,0.04817834664334342,8.068361189787206,amp,iso,0.04817834664334342,1.9441,4.327956038175543,4.552807147224659,False,0.0,4.327956038175543,4.551491577555224,fail_ef_outside,0.024287645982879937
JVASP-5668,TaCl4,12,3,72,16,56-57,57,2,0.22185153233250698,0.22353553937968051,0.22485110904911565,0.09635669328668683,0.42060041639912,0.05770504602284353,17.81828393888022,0.09734496834171191,4.427670223769263,0.39897433012544875,0.04195464064086909,8.065559137893079,amp,iso,0.04817834664334342,8.065559137893079,amp,iso,0.04817834664334342,8.065559137893079,amp,iso,0.04817834664334342,1.9441,4.327956038175543,4.552807147224659,False,0.0,4.330955614892151,4.552807147224659,fail_ef_outside,0.02427076638553837
JVASP-5668,TaCl4,12,3,72,16,58-59,58,2,0.3702433503146487,0.37024335031464517,0.3854897765621219,0.178971983389272,0.21791672165314782,0.0908670625315976,11.277740387382519,0.12787382579838089,5.031843526405003,0.3540823031654673,0.05595352343105501,23.590130327998658,amp,iso,0.089485991694636,23.590130327998658,amp,iso,0.089485991694636,23.590130327998658,amp,iso,0.089485991694636,1.9441,4.856496210513683,5.241985987075805,False,0.0,4.856496210513683,5.226739560828328,fail_ef_outside,0.01980145237313733
JVASP-5668,TaCl4,12,3,72,16,58-59,59,2,0.35354336445112367,0.37024335031464517,0.3854897765621219,0.178971983389272,0.21865450095435207,0.08984133235749847,11.406959610221211,0.1266692658451116,5.056538597882508,0.3540823031654673,0.05595352343105501,23.323839024921206,amp,iso,0.089485991694636,23.323839024921206,amp,iso,0.089485991694636,23.323839024921206,amp,iso,0.089485991694636,1.9441,4.856496210513683,5.241985987075805,False,0.0,4.888442622624675,5.241985987075805,fail_ef_outside,0.019644211691702912
JVASP-5668,TaCl4,12,3,72,16,60-61,60,2,0.42530133196773523,0.42530133196773523,0.4265564617545934,0.178971983389272,0.5483779953877393,0.0802106085984697,13.670890498911012,0.13860298037820737,5.6334274817025705,0.4572619027543126,0.04893592254316035,20.823592815801813,amp,iso,0.089485991694636,20.823592815801813,amp,iso,0.089485991694636,20.823592815801813,amp,iso,0.089485991694636,1.9441,5.420957970465077,5.84751443221967,False,0.0,5.420957970465077,5.846259302432812,fail_ef_outside,0.04398573275205938
JVASP-5668,TaCl4,12,3,72,16,60-61,61,2,0.40561262006123044,0.42530133196773523,0.4265564617545934,0.178971983389272,0.5479316510909182,0.08038375414121816,13.644460941315781,0.13888313945990463,5.642614800583562,0.4572619027543126,0.04893592254316035,20.868543382105504,amp,iso,0.089485991694636,20.868543382105504,amp,iso,0.089485991694636,20.868543382105504,amp,iso,0.089485991694636,1.9441,5.420957970465077,5.84751443221967,False,0.0,5.441901812158442,5.84751443221967,fail_ef_outside,0.04404480312748411
JVASP-5743,Nb3Cl8,164,3,168,8,108-109,108,2,0.2029907060944609,0.28507172456223007,0.3203353845773673,0.11102571442181874,0.42595687566853563,0.03974635242164731,25.1742264881574,0.0649293428779831,3.703247283265143,0.16964333554712163,0.040838157282109294,6.401174343000096,amp,iso,0.05551285721090937,6.401174343000096,amp,iso,0.05551285721090937,6.401174343000096,amp,iso,0.05551285721090937,4.011,3.6394053725976954,3.9597407571750627,False,1.0,3.6394053725976954,3.842396078692156,fail_ef_outside,0.016930232096745424
JVASP-5743,Nb3Cl8,164,3,168,8,108-109,109,2,0.2850717245622447,0.28507172456223007,0.3203353845773673,0.11102571442181874,0.43164972589300665,0.04206949284680626,23.80002669789996,0.06913569846462095,3.768556529810086,0.16964333554712163,0.040838157282109294,6.775317527938359,amp,iso,0.05551285721090937,6.775317527938359,amp,iso,0.05551285721090937,6.775317527938359,amp,iso,0.05551285721090937,4.011,3.6394053725976954,3.9597407571750627,False,1.0,3.6746690326128326,3.9597407571750627,fail_ef_outside,0.018159285055781724
JVASP-5743,Nb3Cl8,164,3,168,8,110-111,110,2,0.20240946797691883,0.289393104757524,0.319740471186317,0.10171971687794468,0.42143241194925907,0.041353595522914496,24.19116741258348,0.0667231961050771,4.130827332755052,0.1579470733135179,0.04252298581397397,6.101789464907661,amp,iso,0.05085985843897234,6.101789464907661,amp,iso,0.05085985843897234,6.101789464907661,amp,iso,0.05085985843897234,4.011,4.070766471596881,4.390506942783198,False,0.0,4.070766471596881,4.273175939573801,fail_ef_outside,0.017427745503995937
JVASP-5743,Nb3Cl8,164,3,168,8,110-111,111,2,0.28939310475752134,0.289393104757524,0.319740471186317,0.10171971687794468,0.42786323964690914,0.04382017285948708,22.837823253903444,0.07085002084337216,4.193578982278911,0.1579470733135179,0.04252298581397397,6.465736914128586,amp,iso,0.05085985843897234,6.465736914128586,amp,iso,0.05085985843897234,6.465736914128586,amp,iso,0.05085985843897234,4.011,4.070766471596881,4.390506942783198,False,0.0,4.101113838025674,4.390506942783198,fail_ef_outside,0.018749041121547707
JVASP-5839,AlSiTe3,162,3,80,16,14-15,14,2,0.3878474245213367,0.38784742452133136,0.3882155440648041,0.33925951281611866,1.9916885222748002,0.04921159665358377,20.876132099748716,0.09122415684397207,-1.1543143966878604,0.7355751339010728,0.039564230954993056,24.218000861055902,amp,iso,0.16962975640805933,24.218000861055902,amp,iso,0.16962975640805933,24.218000861055902,amp,iso,0.16962975640805933,5.008,-1.302598282720254,-0.91438273865545,False,1.0,-1.302598282720254,-0.9147508581989227,fail_ef_outside,0.09801417221775975
JVASP-5839,AlSiTe3,162,3,80,16,14-15,15,2,0.3874851066894084,0.38784742452133136,0.3882155440648041,0.33925951281611866,1.9918654401711704,0.04921655060629794,20.873307406306548,0.09120086868824107,-1.1534834881899272,0.7355751339010728,0.039564230954993056,24.22043879925047,amp,iso,0.16962975640805933,24.22043879925047,amp,iso,0.16962975640805933,24.22043879925047,amp,iso,0.16962975640805933,5.008,-1.302598282720254,-0.91438273865545,False,1.0,-1.3018678453448602,-0.91438273865545,fail_ef_outside,0.09803274623712033
JVASP-5887,CdBr2,164,2,28,40,4-5,4,2,0.39374706659481973,0.39591189600850285,0.397449112369042,0.4835696389162347,11.175710153283354,0.057693589770579784,17.362826143619333,0.07617231409475074,-9.003224657797682,1.0120478031764244,0.057219609390209245,40.46927165867012,amp,iso,0.24178481945811736,40.46927165867012,amp,iso,0.24178481945811736,30.12790015058185,amp,adiab,0.18,-5.6048,-9.180581316842535,-8.783132204473493,False,1.0,-9.180581316842535,-8.786834250247708,fail_ef_outside,0.6447668369784332
JVASP-5887,CdBr2,164,2,28,40,4-5,5,2,0.3959118960085011,0.39591189600850285,0.397449112369042,0.4835696389162347,11.1717330863963,0.056995022845860666,17.572222600191605,0.0763460821180258,-9.001018535062123,1.0120478031764244,0.057219609390209245,39.97926064079728,amp,iso,0.24178481945811736,39.97926064079728,amp,iso,0.24178481945811736,29.763104778338107,amp,adiab,0.18,-5.6048,-9.180581316842535,-8.783132204473493,False,1.0,-9.179044100481995,-8.783132204473493,fail_ef_outside,0.6367331824870146
JVASP-5905,BCl3,189,2,26,40,0-1,0,2,0.28668277972680123,0.29163057937227244,0.29279602003529526,1.5975268289674585,0.010553485237125269,0.179889703545448,5.560665791299409,0.28836556299043525,-12.314280700587796,0.012620767762675861,0.12416762341542789,14.58302690919969,stiff,iso,0.7987634144837292,7.759226729751674,stiff,adiab,0.5,1.80744340293039,stiff,adiab,0.18,-6.618,-12.488778160412933,-12.195982140377637,False,1.0,-12.488778160412933,-12.202095380686124,fail_ef_outside,0.0018984633306777267
JVASP-5905,BCl3,189,2,26,40,0-1,1,2,0.29163057937227244,0.29163057937227244,0.29279602003529526,1.5975268289674585,0.01099756545907819,0.1507901714318558,6.633083672168063,0.1704233314780826,-12.308444366324183,0.012620767762675861,0.12416762341542789,15.19666625971503,stiff,iso,0.7987634144837292,8.085727317084638,stiff,adiab,0.5,1.8834988338620688,stiff,adiab,0.18,-6.618,-12.488778160412933,-12.195982140377637,False,1.0,-12.48761271974991,-12.195982140377637,fail_ef_outside,0.0016583247809074562
JVASP-5905,BCl3,189,2,26,40,6-7,6,2,0.08126441853980104,0.1052963039148942,0.1061979526271486,1.1029417217523534,0.0008521116158924315,0.16806152698404359,5.950332800656246,0.19060329673987508,-9.2336558802744,0.0008426153300894758,0.12580339864319084,0.8129290826003273,stiff,iso,0.5514708608761767,0.6264970365908672,stiff,adiab,0.5,0.14593695675881377,stiff,adiab,0.18,-6.618,-9.261950935340476,-9.155752982713327,False,1.0,-9.261950935340476,-9.180686516800675,fail_ef_outside,0.00014320717932772285
JVASP-5905,BCl3,189,2,26,40,6-7,7,2,0.10529630391489064,0.1052963039148942,0.1061979526271486,1.1029417217523534,0.0007343410523766773,0.16808099268962057,5.949643877577819,0.19071029313107926,-9.22365013284981,0.0008426153300894758,0.12580339864319084,0.7005739469929851,stiff,iso,0.5514708608761767,0.5399087215577687,stiff,adiab,0.5,0.1257669727863979,stiff,adiab,0.18,-6.618,-9.261950935340476,-9.155752982713327,False,1.0,-9.261049286628221,-9.155752982713327,fail_ef_outside,0.00012342877305621258
JVASP-5905,BCl3,189,2,26,40,18-19,18,2,0.19977776132436453,0.19977776132436098,0.1999673220858087,1.550905149074261,0.850865487126377,0.36012276072764327,2.7970942384726816,0.5247859503937067,-1.861160871189475,0.0006526416501797072,0.2655659489758649,810.1671113796375,amp,iso,0.7754525745371305,522.383404209618,amp,adiab,0.5,145.72353842668934,stiff,adiab,0.18,-6.618,-1.9900714412107663,-1.7901041191249576,False,0.0,-1.9900714412107663,-1.7902936798864053,fail_ef_outside,0.3064160282318219
JVASP-5905,BCl3,189,2,26,40,18-19,19,2,0.1980757995081912,0.19977776132436098,0.1999673220858087,1.550905149074261,0.8508619606869683,0.3601806100155134,2.7966413538900667,0.5248420793854146,-1.8604817491946366,0.0006526416501797072,0.2655659489758649,810.297254751732,amp,iso,0.7754525745371305,522.4673186721963,amp,adiab,0.5,145.72293447079215,stiff,adiab,0.18,-6.618,-1.9900714412107663,-1.7901041191249576,False,0.0,-1.988179918633145,-1.7901041191249576,fail_ef_outside,0.306463980039228
JVASP-5968,SbI3,162,2,64,40,26-27,26,2,0.22347902722288993,0.22364949732126238,0.22368370263064996,0.0844447928866705,6.451865720768138,0.019764325658598536,50.941323500310126,0.022081208521477776,-6.544847459723432,1.8819307725114722,0.01971858355878875,2.420993795598768,amp,iso,0.04222239644333525,2.420993795598768,amp,iso,0.04222239644333525,2.420993795598768,amp,iso,0.04222239644333525,-3.991,-6.670887648469755,-6.447203945839105,False,1.0,-6.670887648469755,-6.44740862124686,fail_ef_outside,0.12751677521081006
JVASP-5968,SbI3,162,2,64,40,26-27,27,2,0.22364949732125528,0.22364949732126238,0.22368370263064996,0.0844447928866705,6.44982274706462,0.019763634404191814,50.94291459149445,0.022072713653645125,-6.544730729319131,1.8819307725114722,0.01971858355878875,2.4209091216939376,amp,iso,0.04222239644333525,2.4209091216939376,amp,iso,0.04222239644333525,2.4209091216939376,amp,iso,0.04222239644333525,-3.991,-6.670887648469755,-6.447203945839105,False,1.0,-6.670853443160367,-6.447203945839105,fail_ef_outside,0.1274719387448253
JVASP-5968,SbI3,162,2,64,40,28-29,28,2,0.21691136844700232,0.21693100918957064,0.21706971554995036,0.06774313712005853,4.652631220954061,0.022321125399859008,44.92502678428807,0.02714668736342648,-6.033135829892242,2.079847720540009,0.02172840560940755,2.1934118845761867,amp,iso,0.033871568560029264,2.1934118845761867,amp,iso,0.033871568560029264,2.1934118845761867,amp,iso,0.033871568560029264,-3.991,-6.169322256252385,-5.9522525407024345,False,1.0,-6.169322256252385,-5.952410887805381,fail_ef_outside,0.10385196492221471
JVASP-5968,SbI3,162,2,64,40,28-29,29,2,0.21693100918956976,0.21693100918957064,0.21706971554995036,0.06774313712005853,4.662009768008783,0.022316564142742988,44.93403760214338,0.027149167647078844,-6.032981522503186,2.079847720540009,0.02172840560940755,2.1929636672310635,amp,iso,0.033871568560029264,2.1929636672310635,amp,iso,0.033871568560029264,2.1929636672310635,amp,iso,0.033871568560029264,-3.991,-6.169322256252385,-5.9522525407024345,False,1.0,-6.169183549892005,-5.9522525407024345,fail_ef_outside,0.10404004002186236
JVASP-5968,SbI3,162,2,64,40,52-53,52,2,0.37008482922454067,0.37029018380327083,0.37041029757865096,0.07739827290032197,4.694549573684011,0.030264905226720387,33.46477304848551,0.04583567079374298,-1.9481627524565228,1.3778982217435645,0.028724509682233557,3.397890571931007,amp,iso,0.03869913645016099,3.397890571931007,amp,iso,0.03869913645016099,3.397890571931007,amp,iso,0.03869913645016099,-3.991,-2.1976133952238475,-1.8272030976451965,False,0.0,-2.1976133952238475,-1.8275285659993152,fail_ef_outside,0.14208009792968718
JVASP-5968,SbI3,162,2,64,40,52-53,53,2,0.37029018380327217,0.37029018380327083,0.37041029757865096,0.07739827290032197,4.693464735448252,0.030267853073263677,33.46150680174753,0.04583133990814194,-1.947941703216142,1.3778982217435645,0.028724509682233557,3.398221531499587,amp,iso,0.03869913645016099,3.398221531499587,amp,iso,0.03869913645016099,3.398221531499587,amp,iso,0.03869913645016099,-3.991,-2.1976133952238475,-1.8272030976451965,False,0.0,-2.1974932814484673,-1.8272030976451965,fail_ef_outside,0.14206110101709207
JVASP-6004,BBr3,189,2,32,40,6-7,6,2,0.1490228665505846,0.14949966554834226,0.15032979767323518,1.9987144327190283,1.4835585978336743,0.11670964377126387,8.592032186230366,0.18659456519527687,-11.958317198870937,0.00688040539502696,0.11591581703821165,338.3734601370521,amp,iso,0.9993572163595141,169.29555047878085,amp,adiab,0.5,60.94639817236111,amp,adiab,0.18,-5.9376,-12.041912978502788,-11.891583180829553,False,1.0,-12.041912978502788,-11.892890111952205,fail_ef_outside,0.17314559546696384
JVASP-6004,BBr3,189,2,32,40,6-7,7,2,0.1494996655483476,0.14949966554834226,0.15032979767323518,1.9987144327190283,1.4835731831466155,0.11623680510570214,8.615628978901524,0.18276737134382806,-11.957445945757076,0.00688040539502696,0.11591581703821165,337.00257037865066,amp,iso,0.9993572163595141,168.60966472343736,amp,adiab,0.5,60.69947930043744,amp,adiab,0.18,-5.9376,-12.041912978502788,-11.891583180829553,False,1.0,-12.041082846377895,-11.891583180829553,fail_ef_outside,0.1724458069494593
JVASP-6004,BBr3,189,2,32,40,8-9,8,2,0.1426931454832534,0.14507805102545746,0.1451616650412344,0.052937876282721064,2.23074914379626,0.06719942077992504,14.980785662692712,0.0776343626533606,-9.825688978690646,0.40273610825392697,0.06672331003413565,5.160251214879061,amp,iso,0.026468938141360532,5.160251214879061,amp,iso,0.026468938141360532,5.160251214879061,amp,iso,0.026468938141360532,-5.9376,-9.892868748110525,-9.74770708306929,False,1.0,-9.892868748110525,-9.750175602627266,fail_ef_outside,0.1499050503684224
JVASP-6004,BBr3,189,2,32,40,8-9,9,2,0.14507805102545035,0.14507805102545746,0.1451616650412344,0.052937876282721064,2.227466682702297,0.06732547717280034,14.968904120926751,0.07705179834395992,-9.82356941451937,0.40273610825392697,0.06672331003413565,5.169931099719264,amp,iso,0.026468938141360532,5.169931099719264,amp,iso,0.026468938141360532,5.169931099719264,amp,iso,0.026468938141360532,-5.9376,-9.892868748110525,-9.74770708306929,False,1.0,-9.892785134094748,-9.74770708306929,fail_ef_outside,0.1499652572994468
JVASP-6004,BBr3,189,2,32,40,10-11,10,2,0.2207581845260922,0.2215408006938837,0.2216085058613011,0.052937876282721064,2.475848777222089,0.07564530500608495,13.23654350281359,0.08715550562801207,-9.559546829473437,0.40410055008365886,0.07566930552862784,5.808811631515709,amp,iso,0.026468938141360532,5.808811631515709,amp,iso,0.026468938141360532,5.808811631515709,amp,iso,0.026468938141360532,-5.9376,-9.69476920678657,-9.473160700925268,False,1.0,-9.69476920678657,-9.474011022260475,fail_ef_outside,0.18728633590190738
JVASP-6004,BBr3,189,2,32,40,10-11,11,2,0.22154080069388193,0.2215408006938837,0.2216085058613011,0.052937876282721064,2.4825804347472484,0.07575098685316858,13.217546442755562,0.08688470179534738,-9.557580674123093,0.40410055008365886,0.07566930552862784,5.8169269526520315,amp,iso,0.026468938141360532,5.8169269526520315,amp,iso,0.026468938141360532,5.8169269526520315,amp,iso,0.026468938141360532,-5.9376,-9.69476920678657,-9.473160700925268,False,1.0,-9.694701501619152,-9.473160700925268,fail_ef_outside,0.18805791787447237
JVASP-6004,BBr3,189,2,32,40,12-13,12,2,0.11320567379375746,0.11320567379375746,0.11390079902261796,0.9114256233580793,0.011589069565244286,0.16393680998710777,6.103947546959728,0.2049514326220758,-8.489394633171418,0.008958199775322064,0.12132260785175489,9.13636441266547,stiff,iso,0.45571281167903965,7.76590975076565,stiff,iso,0.45571281167903965,1.9848028268534277,stiff,adiab,0.18,-5.9376,-8.561735077567189,-8.44783427854457,False,1.0,-8.561735077567189,-8.448529403773431,fail_ef_outside,0.0018998750952448262
JVASP-6004,BBr3,189,2,32,40,12-13,13,2,0.10655233633245942,0.11320567379375746,0.11390079902261796,0.9114256233580793,0.011468472685462517,0.16392356532175945,6.1044137288397575,0.2047339167165175,-8.486212144424305,0.008958199775322064,0.12132260785175489,9.041290598972868,stiff,iso,0.45571281167903965,7.685097009126938,stiff,iso,0.45571281167903965,1.96414879362384,stiff,adiab,0.18,-5.9376,-8.561735077567189,-8.44783427854457,False,1.0,-8.554386614877032,-8.44783427854457,fail_ef_outside,0.0018799529313962289
JVASP-6004,BBr3,189,2,32,40,22-23,22,2,0.4536191617008951,0.4536191617008942,0.4536744633116614,0.20505626887194772,3.8126587972034423,0.12391912949934226,8.122536472223493,0.125474136727509,-6.168651967400308,0.5638382040340593,0.12355243579795341,36.859564969588554,amp,iso,0.10252813443597386,36.859564969588554,amp,iso,0.10252813443597386,36.859564969588554,amp,iso,0.10252813443597386,-5.9376,-6.426658665833644,-5.972984202521983,False,1.0,-6.426658665833644,-5.97303950413275,fail_ef_outside,0.47246135922745985
JVASP-6004,BBr3,189,2,32,40,22-23,23,2,0.44795317135728663,0.4536191617008942,0.4536744633116614,0.20505626887194772,3.7630285330891526,0.12460422368377094,8.097599228383219,0.1260817379245951,-6.162092202256872,0.5638382040340593,0.12355243579795341,37.06334523905349,amp,iso,0.10252813443597386,37.06334523905349,amp,iso,0.10252813443597386,37.06334523905349,amp,iso,0.10252813443597386,-5.9376,-6.426658665833644,-5.972984202521983,False,1.0,-6.420937373879268,-5.972984202521983,fail_ef_outside,0.4688892490654532
JVASP-6004,BBr3,189,2,32,40,24-25,24,2,0.24591227367029767,0.24596439575622098,0.24631999713769837,1.5689365686397556,0.5118517694431997,0.33980463188675786,2.96944075419602,0.5103809852053692,-2.1570816277143945,0.0013210921671673072,0.2551550966342925,694.6294696915968,stiff,iso,0.7844682843198778,376.32818371347895,stiff,adiab,0.5,87.66232985325745,stiff,adiab,0.18,-5.9376,-2.3150581041911518,-2.0687381070534534,False,0.0,-2.3150581041911518,-2.0691458305208537,fail_ef_outside,0.17392960209623212
JVASP-6004,BBr3,189,2,32,40,24-25,25,2,0.24596439575621698,0.24596439575622098,0.24631999713769837,1.5689365686397556,0.5118348996220445,0.340082794291165,2.9670033634338715,0.5106591278013292,-2.155515493382288,0.0013210921671673072,0.2551550966342925,694.6065758078157,stiff,iso,0.7844682843198778,376.3157805344066,stiff,adiab,0.5,87.65944064213238,stiff,adiab,0.18,-5.9376,-2.3150581041911518,-2.0687381070534534,False,0.0,-2.3147025028096744,-2.0687381070534534,fail_ef_outside,0.17406624287920286
JVASP-6004,BBr3,189,2,32,40,26-27,26,2,0.43194541061409514,0.4494999859276067,0.45070901965872995,0.7444724185054055,1.4444767002029049,0.06758041313149887,15.720246558045753,0.06970537917503386,-0.2312831972275965,0.15225339736148957,0.05992434711625681,72.98073875750151,amp,iso,0.37223620925270273,72.98073875750151,amp,iso,0.37223620925270273,35.29085201765575,amp,adiab,0.18,-5.9376,-0.4998015384136978,-0.04909251875496784,False,0.0,-0.4998015384136978,-0.06785612779960591,fail_ef_outside,0.09761833215853655
JVASP-6004,BBr3,189,2,32,40,26-27,27,2,0.4494999859275996,0.4494999859276067,0.45070901965872995,0.7444724185054055,1.4454935716699844,0.06748625638004539,15.749336395757323,0.06806061863979408,-0.22005235405438234,0.15225339736148957,0.05992434711625681,72.87905797513177,amp,iso,0.37223620925270273,72.87905797513177,amp,iso,0.37223620925270273,35.241682860084275,amp,adiab,0.18,-5.9376,-0.4998015384136978,-0.04909251875496784,False,0.0,-0.49859250468257454,-0.04909251875496784,fail_ef_outside,0.09755094977342808
JVASP-6031,MnI2,164,2,28,40,24-25,24,2,0.20889686833684684,0.25126834565498746,0.3334539756044548,0.3251273185507546,1.5666119579413924,0.22724490259966418,4.556873226550047,0.2804534639793849,-0.8328406166934056,0.5280594001038073,0.19865846404606835,107.17325298608064,amp,iso,0.1625636592753773,107.17325298608064,amp,iso,0.1625636592753773,107.17325298608064,amp,iso,0.1625636592753773,-2.7807,-0.9100874365061891,-0.5766334609017343,False,0.0,-0.9100874365061891,-0.701190568169331,fail_ef_outside,0.3560045817938609
JVASP-6031,MnI2,164,2,28,40,24-25,25,2,0.2512683456549829,0.25126834565498746,0.3334539756044548,0.3251273185507546,1.5096056318707562,0.17903520896995484,5.624115571241764,0.22557422119041481,-0.69905850078475,0.5280594001038073,0.19865846404606835,84.43659472598063,amp,iso,0.1625636592753773,84.43659472598063,amp,iso,0.1625636592753773,84.43659472598063,amp,iso,0.1625636592753773,-2.7807,-0.9100874365061891,-0.5766334609017343,False,0.0,-0.8279018065567217,-0.5766334609017343,fail_ef_outside,0.27027255976420156
JVASP-6034,CoBr2,164,2,28,40,24-25,24,2,0.4842784354252143,0.48427843542522186,0.5868276684324845,0.7878675366890473,1.8547584123123317,0.14886142201825692,6.7265830333878505,0.17304012238132488,-2.5614508912377287,0.4792038936934821,0.14315147224746425,170.1273627957028,amp,iso,0.39393376834452365,170.1273627957028,amp,iso,0.39393376834452365,77.73622817844988,amp,adiab,0.18,-3.7855,-2.728569587639253,-2.1417419192067686,False,0.0,-2.728569587639253,-2.244291152214031,fail_ef_outside,0.27610197475713816
JVASP-6034,CoBr2,164,2,28,40,24-25,25,2,0.39573315898785344,0.48427843542522186,0.5868276684324845,0.7878675366890473,1.7891215056934504,0.13875952890496296,7.216985271096817,0.1484618968438769,-2.3726967270638037,0.4792038936934821,0.14315147224746425,158.58234051049317,amp,iso,0.39393376834452365,158.58234051049317,amp,iso,0.39393376834452365,72.46096574011968,amp,adiab,0.18,-3.7855,-2.728569587639253,-2.1417419192067686,False,0.0,-2.5374750781946194,-2.1417419192067686,fail_ef_outside,0.24825765728376117
JVASP-6055,FeCl2,164,2,24,40,20-21,20,2,0.18433841744239343,0.3387580941263,0.4122312549395315,0.6944154702453229,1.8319128748390487,0.19627072477627963,5.126538635742997,0.23637696452746162,-2.0419605061230155,0.3281018360962297,0.18674483468024797,197.70320698030497,amp,iso,0.34720773512266145,197.70320698030497,amp,iso,0.34720773512266145,102.49361882413962,amp,adiab,0.18,-3.3697,-2.1225472889064143,-1.7103160339668828,False,0.0,-2.1225472889064143,-1.9382088714640169,fail_ef_outside,0.3595508676716581
JVASP-6055,FeCl2,164,2,24,40,20-21,21,2,0.3387580941263013,0.3387580941263,0.4122312549395315,0.6944154702453229,1.7974887133338133,0.18111922471134845,5.535369319375436,0.2036654486841591,-1.8798136447801244,0.3281018360962297,0.18674483468024797,182.44112366750508,amp,iso,0.34720773512266145,182.44112366750508,amp,iso,0.34720773512266145,94.58142471552203,amp,adiab,0.18,-3.3697,-2.1225472889064143,-1.7103160339668828,False,0.0,-2.049074128093183,-1.7103160339668828,fail_ef_outside,0.3255597621864195
JVASP-6079,InSe,187,2,32,40,4-5,4,2,0.3721441206705194,0.3741980779271419,0.3767886562204126,0.3783907413011729,1.888200677304263,0.05919713792235916,17.173287609563367,0.05508857564366611,-8.50547974147628,0.38755311133236797,0.05877115540717551,32.49226686628825,amp,iso,0.18919537065058645,32.49226686628825,amp,iso,0.18919537065058645,30.913061011061025,amp,adiab,0.18,-3.1505,-8.717343691625642,-8.34055503540523,False,1.0,-8.717343691625642,-8.345199570955117,fail_ef_outside,0.11177607591947243
JVASP-6079,InSe,187,2,32,40,4-5,5,2,0.3741980779271312,0.3741980779271419,0.3767886562204126,0.3783907413011729,1.8912211766260758,0.059778514036699856,16.992814624013597,0.05557707602825651,-8.489288393131673,0.38755311133236797,0.05877115540717551,32.811373980581834,amp,iso,0.18919537065058645,32.811373980581834,amp,iso,0.18919537065058645,31.216658717364993,amp,adiab,0.18,-3.1505,-8.717343691625642,-8.34055503540523,False,1.0,-8.714753113332371,-8.34055503540523,fail_ef_outside,0.11305439165344588
JVASP-6088,CrBr3,162,2,72,40,52-53,52,2,0.056171618631490894,0.14569539425802258,0.2155664960561996,0.060815262019843885,1.3368212806154718,0.06300731933867196,16.468185982978714,0.10788267624093789,-4.638631321236518,1.368169314611512,0.0517162072378362,5.558305145969897,amp,iso,0.030407631009921943,5.558305145969897,amp,iso,0.030407631009921943,5.558305145969897,amp,iso,0.030407631009921943,-4.4204,-4.667327159068537,-4.451760663012338,False,1.0,-4.667327159068537,-4.611155540437043,fail_ef_outside,0.08422952532647143
JVASP-6088,CrBr3,162,2,72,40,52-53,53,2,0.1456953942580217,0.14569539425802258,0.2155664960561996,0.060815262019843885,0.9598697860415681,0.057884147173122014,17.313984226048728,0.07831513578782673,-4.504278932226235,1.368169314611512,0.0517162072378362,5.106355205703383,amp,iso,0.030407631009921943,5.106355205703383,amp,iso,0.030407631009921943,5.106355205703383,amp,iso,0.030407631009921943,-4.4204,-4.667327159068537,-4.451760663012338,False,1.0,-4.59745605727036,-4.451760663012338,fail_ef_outside,0.055561243962263265
JVASP-6088,CrBr3,162,2,72,40,68-69,68,2,0.08928264072062952,0.13720611717740527,0.18788316546903094,0.5754250186000998,1.1612419516413328,0.44035926209030374,2.27089349834062,0.45522407985067614,1.7150266350127605,0.06373356497946878,0.4391758885366725,367.56544477249145,amp,iso,0.2877125093000499,367.56544477249145,amp,iso,0.2877125093000499,198.8801857908189,stiff,adiab,0.18,-4.4204,1.6747947019182072,1.8626778673872382,False,0.0,1.6747947019182072,1.7640773426388348,fail_ef_outside,0.5113636489330815
JVASP-6088,CrBr3,162,2,72,40,68-69,69,2,0.13720611717741193,0.13720611717740527,0.18788316546903094,0.5754250186000998,1.1611356524575387,0.4380056251931303,2.2831253035910546,0.4539630893762512,1.7984895589011614,0.06373356497946878,0.4391758885366725,365.6008770492285,amp,iso,0.2877125093000499,365.6008770492285,amp,iso,0.2877125093000499,198.86198045351392,stiff,adiab,0.18,-4.4204,1.6747947019182072,1.8626778673872382,False,0.0,1.725471750209833,1.8626778673872382,fail_ef_outside,0.5085839473886975
JVASP-6094,BiI3,162,2,64,40,24-25,24,2,0.18135479467045634,0.1813547946704599,0.18159784881394625,0.06300248459629731,5.906160537124707,0.01871950234070389,53.44415819101127,0.015691675570807334,-6.570709021661007,2.0310521662796237,0.01865487418692589,1.7107666523600034,amp,iso,0.03150124229814866,1.7107666523600034,amp,iso,0.03150124229814866,1.7107666523600034,amp,iso,0.03150124229814866,-4.0521,-6.681163284813657,-6.499565435999711,False,1.0,-6.681163284813657,-6.499808490143197,fail_ef_outside,0.1105603859992789
JVASP-6094,BiI3,162,2,64,40,24-25,25,2,0.1811530096135634,0.1813547946704599,0.18159784881394625,0.06300248459629731,5.895647906855265,0.018720707347095328,53.44080685384985,0.015700934285122765,-6.570520444463529,2.0310521662796237,0.01865487418692589,1.7108767773362354,amp,iso,0.03150124229814866,1.7108767773362354,amp,iso,0.03150124229814866,1.7108767773362354,amp,iso,0.03150124229814866,-4.0521,-6.681163284813657,-6.499565435999711,False,1.0,-6.680718445613269,-6.499565435999711,fail_ef_outside,0.11037069908575255
JVASP-6094,BiI3,162,2,64,40,26-27,26,2,0.29460812932476,0.2946479220355318,0.2947303709378133,0.15466730566159015,4.397014813827941,0.01950238301437076,51.438442282413355,0.01701340640839772,-6.208997496770744,1.8260719851665943,0.01884259505065965,4.375472936437582,amp,iso,0.07733365283079507,4.375472936437582,amp,iso,0.07733365283079507,4.375472936437582,amp,iso,0.07733365283079507,-4.0521,-6.343693360577382,-6.048962989639569,False,1.0,-6.343693360577382,-6.049085231252624,fail_ef_outside,0.08575226701913463
JVASP-6094,BiI3,162,2,64,40,26-27,27,2,0.29464792203552914,0.2946479220355318,0.2947303709378133,0.15466730566159015,4.400409099865383,0.019502008397622006,51.43932640479389,0.017011241250344943,-6.208796524792799,1.8260719851665943,0.01884259505065965,4.375388888993508,amp,iso,0.07733365283079507,4.375388888993508,amp,iso,0.07733365283079507,4.375388888993508,amp,iso,0.07733365283079507,-4.0521,-6.343693360577382,-6.048962989639569,False,1.0,-6.343610911675101,-6.048962989639569,fail_ef_outside,0.085816815218547
JVASP-6094,BiI3,162,2,64,40,28-29,28,2,0.17584810048434552,0.17584810048434463,0.1759567169284315,0.07563402215801318,3.1396689571216143,0.02226624415149231,44.980740945832146,0.024985857839728814,-5.791435561353169,2.302959495680912,0.021541526366587106,2.4428846673692757,amp,iso,0.03781701107900659,2.4428846673692757,amp,iso,0.03781701107900659,2.4428846673692757,amp,iso,0.03781701107900659,-4.0521,-5.894295683977979,-5.718338967049547,False,1.0,-5.894295683977979,-5.718447583493634,fail_ef_outside,0.0699086355541311
JVASP-6094,BiI3,162,2,64,40,28-29,29,2,0.1756198890269003,0.17584810048434463,0.1759567169284315,0.07563402215801318,3.1468682839624913,0.02226497336270764,44.98311677698029,0.024982373447651876,-5.791156193136833,2.302959495680912,0.021541526366587106,2.442745245991498,amp,iso,0.03781701107900659,2.442745245991498,amp,iso,0.03781701107900659,2.442745245991498,amp,iso,0.03781701107900659,-4.0521,-5.894295683977979,-5.718338967049547,False,1.0,-5.893958856076441,-5.718338967049547,fail_ef_outside,0.07006493851837436
JVASP-6106,BI3,189,2,32,40,0-1,0,2,0.0870148433637894,0.09082547154561382,0.09698327839432253,0.7305726596203321,0.0010500990724022297,0.11567184713143294,8.6458306183082,0.16683511962607675,-17.271585349500995,0.001268743470595638,0.08723660148892663,0.6635861301201397,stiff,iso,0.36528632981016607,0.5640482106021187,stiff,iso,0.36528632981016607,0.17984529263943322,stiff,adiab,0.18,-4.7021,-17.295382620001714,-17.19839934160739,False,1.0,-17.295382620001714,-17.20836777663792,fail_ef_outside,0.00012146689937577025
JVASP-6106,BI3,189,2,32,40,0-1,1,2,0.09082547154562803,0.09082547154561382,0.09698327839432253,0.7305726596203321,0.0011147435611900598,0.11573279365082838,8.641271292619198,0.1670462248668121,-17.264702939552862,0.001268743470595638,0.08723660148892663,0.7044367386728911,stiff,iso,0.36528632981016607,0.5987712278719576,stiff,iso,0.36528632981016607,0.19091663562898367,stiff,adiab,0.18,-4.7021,-17.295382620001714,-17.19839934160739,False,1.0,-17.289224813153005,-17.19839934160739,fail_ef_outside,0.00012901238654079876
JVASP-6106,BI3,189,2,32,40,6-7,6,2,0.21210394545405187,0.21210394545404831,0.21213067709311595,2.0026598435209664,2.204721651474154,0.14153404701912686,7.321407227525813,0.22177200106153455,-10.654108522431525,0.0099923179929101,0.13479914917975472,411.15626770597186,amp,iso,1.0013299217604832,205.3050941407501,amp,adiab,0.5,73.90983389067003,amp,adiab,0.18,-4.7021,-10.78059715000665,-10.568466472913535,False,1.0,-10.78059715000665,-10.568493204552603,fail_ef_outside,0.3120431778838299
JVASP-6106,BI3,189,2,32,40,6-7,7,2,0.2115583516886641,0.21210394545404831,0.21213067709311595,2.0026598435209664,2.2047560465651657,0.14173617213287618,7.317074518336093,0.2220664239564361,-10.653624542574399,0.0099923179929101,0.13479914917975472,411.7434409630722,amp,iso,1.0013299217604832,205.59829084062898,amp,adiab,0.5,74.01538470262643,amp,adiab,0.18,-4.7021,-10.78059715000665,-10.568466472913535,False,1.0,-10.780024824602197,-10.568466472913535,fail_ef_outside,0.31249368252695986
JVASP-6106,BI3,189,2,32,40,8-9,8,2,0.15878197084563972,0.15911083314975727,0.15913166689643177,0.26020295862302056,3.623595760366398,0.06236674155931345,16.03657872629296,0.06471263133971686,-8.478155516147808,0.20137281663758652,0.062444742787026004,23.539871353861788,amp,iso,0.13010147931151028,23.539871353861788,amp,iso,0.13010147931151028,23.539871353861788,amp,iso,0.13010147931151028,-4.7021,-8.565806629392569,-8.406674962496137,False,1.0,-8.565806629392569,-8.407024658546922,fail_ef_outside,0.2259918603021951
JVASP-6106,BI3,189,2,32,40,8-9,9,2,0.15911083314976082,0.15911083314975727,0.15913166689643177,0.26020295862302056,3.6204719242028194,0.06252776354065828,15.99517544134596,0.06514228570647428,-8.472520016428524,0.20137281663758652,0.062444742787026004,23.600647925336126,amp,iso,0.13010147931151028,23.600647925336126,amp,iso,0.13010147931151028,23.600647925336126,amp,iso,0.13010147931151028,-4.7021,-8.565806629392569,-8.406674962496137,False,1.0,-8.565785795645894,-8.406674962496137,fail_ef_outside,0.22638001238214597
JVASP-6106,BI3,189,2,32,40,10-11,10,2,0.16438080482592454,0.16593223251532763,0.16599722635291592,0.26020295862302056,3.4997988496263526,0.07568163787641362,13.320377422635062,0.08214983576522361,-8.045834836294755,0.21769531138219378,0.07509796766005741,28.56548177630882,amp,iso,0.13010147931151028,28.56548177630882,amp,iso,0.13010147931151028,28.56548177630882,amp,iso,0.13010147931151028,-4.7021,-8.146472003873116,-7.9804747775202,False,1.0,-8.146472003873116,-7.982091199047199,fail_ef_outside,0.2648705091777106
JVASP-6106,BI3,189,2,32,40,10-11,11,2,0.16593223251532585,0.16593223251532763,0.16599722635291592,0.26020295862302056,3.513273455680971,0.07574350284880582,13.31215308313196,0.08226592091064885,-8.04065043379002,0.21769531138219378,0.07509796766005741,28.588832258553232,amp,iso,0.13010147931151028,28.588832258553232,amp,iso,0.13010147931151028,28.588832258553232,amp,iso,0.13010147931151028,-4.7021,-8.146472003873116,-7.9804747775202,False,1.0,-8.146407010035528,-7.9804747775202,fail_ef_outside,0.2661076379990055
JVASP-6106,BI3,189,2,32,40,12-13,12,2,0.1506465041573053,0.1506465041573053,0.150684389907366,0.6854421920287077,3.1106115463097876,0.10130524264720896,10.00313260608497,0.11020685985223516,-7.200606046280761,0.04294716155395356,0.09986396547879331,100.72599245718357,amp,iso,0.34272109601435385,100.72599245718357,amp,iso,0.34272109601435385,52.90213778241912,amp,adiab,0.18,-4.7021,-7.295032585491493,-7.144348195584127,False,1.0,-7.295032585491493,-7.144386081334187,fail_ef_outside,0.3151212574801229
JVASP-6106,BI3,189,2,32,40,12-13,13,2,0.1505690894730849,0.1506465041573053,0.150684389907366,0.6854421920287077,3.1094900541693407,0.1011874224539788,10.015081162063243,0.11000199820892306,-7.199253452889691,0.04294716155395356,0.09986396547879331,100.60884594448103,amp,iso,0.34272109601435385,100.60884594448103,amp,iso,0.34272109601435385,52.840611449398835,amp,adiab,0.18,-4.7021,-7.295032585491493,-7.144348195584127,False,1.0,-7.294917285057214,-7.144348195584127,fail_ef_outside,0.31464128372767847
JVASP-6106,BI3,189,2,32,40,14-15,14,2,0.1817485909763148,0.1919782054295487,0.1930397117324416,0.055842820621117006,4.041084945171323,0.07486627059192136,13.483183938248454,0.08137868872984186,-6.127111468855252,1.1031424408370647,0.07390204523649438,6.064462939721072,amp,iso,0.027921410310558503,6.064462939721072,amp,iso,0.027921410310558503,6.064462939721072,amp,iso,0.027921410310558503,-4.7021,-6.223579805536179,-6.0305400938037375,False,1.0,-6.223579805536179,-6.0418312145598625,fail_ef_outside,0.30254095899013594
JVASP-6106,BI3,189,2,32,40,14-15,15,2,0.19197820542955313,0.1919782054295487,0.1930397117324416,0.055842820621117006,4.214958811303616,0.07373407248029967,13.691777639769867,0.07961053564010688,-6.117769439528322,1.1031424408370647,0.07390204523649438,5.972750431083132,amp,iso,0.027921410310558503,5.972750431083132,amp,iso,0.027921410310558503,5.972750431083132,amp,iso,0.027921410310558503,-4.7021,-6.223579805536179,-6.0305400938037375,False,1.0,-6.222518299233286,-6.0305400938037375,fail_ef_outside,0.31078607849413853
JVASP-6106,BI3,189,2,32,40,22-23,22,2,0.3305338337340977,0.33053383373409506,0.33054682247514044,0.3017737201541868,4.0477248858596875,0.10700670529458635,9.416101615994243,0.10999040225262302,-4.918962465928305,0.6510409970848641,0.10742919388146466,46.84154482580106,amp,iso,0.1508868600770934,46.84154482580106,amp,iso,0.1508868600770934,46.84154482580106,amp,iso,0.1508868600770934,-4.7021,-5.075404625417537,-4.744857802942397,False,1.0,-5.075404625417537,-4.744870791683442,fail_ef_outside,0.43313370397475076
JVASP-6106,BI3,189,2,32,40,22-23,23,2,0.3006569900324205,0.33053383373409506,0.33054682247514044,0.3017737201541868,3.9724784391731705,0.10905374777730893,9.243444048696974,0.11167861769895279,-4.901279979713584,0.6510409970848641,0.10742919388146466,47.7376254214123,amp,iso,0.1508868600770934,47.7376254214123,amp,iso,0.1508868600770934,47.7376254214123,amp,iso,0.1508868600770934,-4.7021,-5.075404625417537,-4.744857802942397,False,1.0,-5.045514792974814,-4.744857802942397,fail_ef_outside,0.4332136617563888
JVASP-6106,BI3,189,2,32,40,24-25,24,2,0.2699613545660786,0.2699613545660773,0.2700961270624642,0.8337231195835295,1.327204506073688,0.2562056177371843,4.047369587980496,0.3571972163062646,-2.0591315579910177,0.004044289946989086,0.24066194130707932,309.8484253691274,amp,iso,0.41686155979176476,309.8484253691274,amp,iso,0.41686155979176476,133.7919394494017,amp,adiab,0.18,-4.7021,-2.241949144421515,-1.971853017359051,False,0.0,-2.241949144421515,-1.9719877898554379,fail_ef_outside,0.3400372503421838
JVASP-6106,BI3,189,2,32,40,24-25,25,2,0.26994762742407463,0.2699613545660773,0.2700961270624642,0.8337231195835295,1.327450789922343,0.2562680811874387,4.0464572282535665,0.35724434851039133,-2.0586689312338207,0.004044289946989086,0.24066194130707932,309.9239670448931,amp,iso,0.41686155979176476,309.9239670448931,amp,iso,0.41686155979176476,133.82455819612574,amp,adiab,0.18,-4.7021,-2.241949144421515,-1.971853017359051,False,0.0,-2.241800644783125,-1.971853017359051,fail_ef_outside,0.3401832668041487
JVASP-6109,MoBr3,25,2,72,40,10-11,10,2,0.22336044304464053,0.2411323718606866,0.2447492905461779,0.06595630227162275,0.10502799043473957,0.2732713371840208,3.686077361932078,0.3432803525564776,-18.043151724727096,0.22404383156638744,0.13345684036646788,5.991905637911122,stiff,iso,0.03297815113581137,5.093119792224454,stiff,iso,0.03297815113581137,3.2955481008511174,stiff,iso,0.03297815113581137,-3.4464,-18.13484298605494,-17.890093695508764,False,1.0,-18.13484298605494,-17.91148254301032,fail_ef_outside,0.028701139387851828
JVASP-6109,MoBr3,25,2,72,40,10-11,11,2,0.24113237186066172,0.2411323718606866,0.2447492905461779,0.06595630227162275,0.12044078682172181,0.2590430090386476,3.8898704260520938,0.3307398722381162,-18.026236845124494,0.22404383156638744,0.13345684036646788,6.871214298248856,stiff,iso,0.03297815113581137,5.840532153511527,stiff,iso,0.03297815113581137,3.7791678640368707,stiff,iso,0.03297815113581137,-3.4464,-18.13484298605494,-17.890093695508764,False,1.0,-18.13122606736945,-17.890093695508764,fail_ef_outside,0.03119934382928111
JVASP-6115,AlI3,2,2,64,40,0-1,0,2,0.08294165226779526,0.08294165226780237,0.08452305603399779,0.30469890332039284,0.838763048545323,0.19769476311328008,5.1169277927518495,0.2796505949788075,-16.930026948228406,0.5101188455542248,0.15472145537423507,87.37855464124681,amp,iso,0.15234945166019642,87.37855464124681,amp,iso,0.15234945166019642,87.37855464124681,amp,iso,0.15234945166019642,-4.4452,-16.972145206808214,-16.887622150774217,False,1.0,-16.972145206808214,-16.889203554540412,fail_ef_outside,0.16581906219034026
JVASP-6115,AlI3,2,2,64,40,0-1,1,2,0.08241072003012206,0.08294165226780237,0.08452305603399779,0.30469890332039284,0.8385978011411126,0.19772975307929982,5.115747822884926,0.27966475256232703,-16.927941471485255,0.5101188455542248,0.15472145537423507,87.39401975832732,amp,iso,0.15234945166019642,87.39401975832732,amp,iso,0.15234945166019642,87.39401975832732,amp,iso,0.15234945166019642,-4.4452,-16.972145206808214,-16.887622150774217,False,1.0,-16.970032870804374,-16.887622150774217,fail_ef_outside,0.16581573615247597
JVASP-6115,AlI3,2,2,64,40,2-3,2,2,0.1239274590011803,0.12392745900116964,0.12523369949053276,0.30469890332039284,2.1995489413067264,0.2634593558442813,3.8633217520050303,0.3326981029410108,-16.51418834040343,0.51216990195367,0.18709021068159928,116.44566278772012,amp,iso,0.15234945166019642,116.44566278772012,amp,iso,0.15234945166019642,116.44566278772012,amp,iso,0.15234945166019642,-4.4452,-16.582923247453824,-16.45768954796329,False,1.0,-16.582923247453824,-16.458995788452654,fail_ef_outside,0.579491747224641
JVASP-6115,AlI3,2,2,64,40,2-3,3,2,0.12295996922640029,0.12392745900116964,0.12523369949053276,0.30469890332039284,2.199417314134352,0.2631390847639149,3.867915386126463,0.3324518018416257,-16.51267905174326,0.51216990195367,0.18709021068159928,116.3041070699302,amp,iso,0.15234945166019642,116.3041070699302,amp,iso,0.15234945166019642,116.3041070699302,amp,iso,0.15234945166019642,-4.4452,-16.582923247453824,-16.45768954796329,False,1.0,-16.580649517189713,-16.45768954796329,fail_ef_outside,0.5787526590552212
JVASP-6115,AlI3,2,2,64,40,48-49,48,2,0.09835836480701343,0.09886888614758926,0.09914898327317312,0.27571810444357503,4.51203572195732,0.056487927674304675,17.988911061813575,0.07941426072680859,-1.386436283984898,0.5435388043285847,0.054545919125408335,22.59226257398641,amp,iso,0.13785905222178751,22.59226257398641,amp,iso,0.13785905222178751,22.59226257398641,amp,iso,0.13785905222178751,-4.4452,-1.444011869388528,-1.3448628861153549,False,0.0,-1.444011869388528,-1.3456535045815055,fail_ef_outside,0.25487554752580416
JVASP-6115,AlI3,2,2,64,40,48-49,49,2,0.0988688861475866,0.09886888614758926,0.09914898327317312,0.27571810444357503,4.511881675715809,0.0563913167601493,18.008141572646565,0.07908932811834819,-1.385558939223926,0.5435388043285847,0.054545919125408335,22.553623182704513,amp,iso,0.13785905222178751,22.553623182704513,amp,iso,0.13785905222178751,22.553623182704513,amp,iso,0.13785905222178751,-4.4452,-1.444011869388528,-1.3448628861153549,False,0.0,-1.4437317722629441,-1.3448628861153549,fail_ef_outside,0.2544309487596034
JVASP-6115,AlI3,2,2,64,40,50-51,50,2,0.3031685871052313,0.3031685871052303,0.3039777254979852,0.20938861011141474,2.0946379942424453,0.049188332493319796,20.398702954857086,0.08896260320668832,-0.8869233019216733,0.5563748980299288,0.04905386945940425,14.940115486397088,amp,iso,0.10469430505570737,14.940115486397088,amp,iso,0.10469430505570737,14.940115486397088,amp,iso,0.10469430505570737,-4.4452,-1.0691447816717798,-0.7651670561737947,False,0.0,-1.0691447816717798,-0.7659761945665495,fail_ef_outside,0.10303175011393788
JVASP-6115,AlI3,2,2,64,40,50-51,51,2,0.3021050360586358,0.3031685871052303,0.3039777254979852,0.20938861011141474,2.0945113360939045,0.049152811389559126,20.41071131308502,0.08914112403198725,-0.8858975832389777,0.5563748980299288,0.04905386945940425,14.929326558098682,amp,iso,0.10469430505570737,14.929326558098682,amp,iso,0.10469430505570737,14.929326558098682,amp,iso,0.10469430505570737,-4.4452,-1.0691447816717798,-0.7651670561737947,False,0.0,-1.067272092232438,-0.7651670561737947,fail_ef_outside,0.10295112065631717
JVASP-6118,TiI3,25,2,72,40,0-1,0,2,0.3679097349714482,0.36790973497145707,0.3689481984707452,0.0700334900407995,0.8100328915027042,0.11892354127479951,8.90918265215364,0.21222251417611132,-15.885825698056967,0.702049117626695,0.08791872803207017,12.081264786367656,amp,iso,0.03501674502039975,12.081264786367656,amp,iso,0.03501674502039975,12.081264786367656,amp,iso,0.03501674502039975,-2.3594,-16.050596850694973,-15.681648652224228,False,1.0,-16.050596850694973,-15.682687115723516,fail_ef_outside,0.09633198000656704
JVASP-6118,TiI3,25,2,72,40,0-1,1,2,0.3675414899535454,0.36790973497145707,0.3689481984707452,0.0700334900407995,0.8121733273656047,0.11751009431897486,8.998793219697763,0.20803694498659817,-15.88400435303186,0.702049117626695,0.08791872803207017,11.937674823003341,amp,iso,0.03501674502039975,11.937674823003341,amp,iso,0.03501674502039975,11.937674823003341,amp,iso,0.03501674502039975,-2.3594,-16.050596850694973,-15.681648652224228,False,1.0,-16.049190142177782,-15.681648652224228,fail_ef_outside,0.09543856430208784
JVASP-6307,MgPSe3,147,2,80,40,0-1,0,2,0.17673727784980997,0.17747648056421994,0.1775756346686599,0.8883350856757382,6.083473807059454,0.0659369778945535,15.170696953956947,0.09726986040914738,-18.47823897138343,0.030146448298272878,0.06593209367409023,84.96589840663177,amp,iso,0.4441675428378691,84.96589840663177,amp,iso,0.4441675428378691,34.432641375545785,amp,adiab,0.18,-3.6839,-18.593045343872888,-18.415469709204228,False,1.0,-18.593045343872888,-18.41630806602308,fail_ef_outside,0.4011258779381744
JVASP-6307,MgPSe3,147,2,80,40,0-1,1,2,0.1774764805642306,0.17747648056421994,0.1775756346686599,0.8883350856757382,6.0835674129290656,0.065948677300945,15.168643444250584,0.09739585092947016,-18.47769105811152,0.030146448298272878,0.06593209367409023,84.98097417453347,amp,iso,0.4441675428378691,84.98097417453347,amp,iso,0.4441675428378691,34.43875086793456,amp,adiab,0.18,-3.6839,-18.593045343872888,-18.415469709204228,False,1.0,-18.592946189768448,-18.415469709204228,fail_ef_outside,0.4012032241538038
JVASP-6307,MgPSe3,147,2,80,40,2-3,2,2,0.1986804028902398,0.19895802845092803,0.1990192131903541,0.8883350856757382,2.5307101851073925,0.053640821056197566,19.1837731287739,0.05822589061420924,-17.39929943792082,0.01542432946942307,0.04790593853271805,69.12116232560402,amp,iso,0.4441675428378691,69.12116232560402,amp,iso,0.4441675428378691,28.011522722069444,amp,adiab,0.18,-3.6839,-17.52713462352849,-17.328115410338135,False,1.0,-17.52713462352849,-17.328454220638275,fail_ef_outside,0.13574937218444227
JVASP-6307,MgPSe3,147,2,80,40,2-3,3,2,0.19895802845096,0.19895802845092803,0.1990192131903541,0.8883350856757382,2.53056962334348,0.0536518866360962,19.181442414918074,0.05814144676703467,-17.399088514810018,0.01542432946942307,0.04790593853271805,69.13542134940978,amp,iso,0.4441675428378691,69.13542134940978,amp,iso,0.4441675428378691,28.017301226884623,amp,adiab,0.18,-3.6839,-17.52713462352849,-17.328115410338135,False,1.0,-17.527073438789063,-17.328115410338135,fail_ef_outside,0.13576983455637304
JVASP-6307,MgPSe3,147,2,80,40,14-15,14,2,0.3646358836879724,0.365106541765849,0.3651581407255211,1.3661314951367043,4.928413137487613,0.04016983032364964,25.070829512535482,0.07951349929896089,-11.618940387510634,0.032641964084804645,0.039295898839738434,79.60334205527718,amp,iso,0.6830657475683521,58.26916540512927,amp,adiab,0.5,20.97689954584654,amp,adiab,0.18,-3.6839,-11.838652688775493,-11.473494548049972,False,1.0,-11.838652688775493,-11.474016805087514,fail_ef_outside,0.19797351949772318
JVASP-6307,MgPSe3,147,2,80,40,14-15,15,2,0.3651065417658721,0.365106541765849,0.3651581407255211,1.3661314951367043,4.928694485908741,0.04017893161679412,25.065594289386848,0.07984280344705619,-11.618753542563523,0.032641964084804645,0.039295898839738434,79.6213778135935,amp,iso,0.6830657475683521,58.28236747124116,amp,adiab,0.5,20.981652289646817,amp,adiab,0.18,-3.6839,-11.838652688775493,-11.473494548049972,False,1.0,-11.838601089815821,-11.473494548049972,fail_ef_outside,0.19802967870939753
JVASP-6313,AlSiTe3,162,2,80,40,14-15,14,2,0.2630030751426631,0.26300307514266485,0.26323509211056795,0.4107520187445264,6.0271972921504915,0.05574699653771609,17.960522518152978,0.09496230469027957,-8.584463772079946,0.6752125947740402,0.055756384458277394,33.21543779201578,amp,iso,0.2053760093722632,33.21543779201578,amp,iso,0.2053760093722632,29.111378786826776,amp,adiab,0.18,-2.4661,-8.68343895911083,-8.420203867000263,False,1.0,-8.68343895911083,-8.420435883968166,fail_ef_outside,0.3359981465776452
JVASP-6313,AlSiTe3,162,2,80,40,14-15,15,2,0.2601214557882887,0.26300307514266485,0.26323509211056795,0.4107520187445264,6.027581878645914,0.05576622965359891,17.954084305593167,0.09505743225379756,-8.58268213684488,0.6752125947740402,0.055756384458277394,33.22689735762162,amp,iso,0.2053760093722632,33.22689735762162,amp,iso,0.2053760093722632,29.121422422475145,amp,adiab,0.18,-2.4661,-8.68343895911083,-8.420203867000263,False,1.0,-8.680325322788555,-8.420203867000263,fail_ef_outside,0.3361355153004392
JVASP-6319,CrSiTe3,162,2,88,40,14-15,14,2,0.09825166704000132,0.11564731968215547,0.1683135851754738,1.370290710305806,0.2785790461871265,0.07887368095433414,12.685009610180833,0.13159434050887886,-8.471485760171234,0.5514056706385886,0.039608562460684546,156.777459731221,amp,iso,0.685145355152903,114.41182411302574,amp,adiab,0.5,41.188256680689264,amp,adiab,0.18,-2.0384,-8.504971383370245,-8.336657798194771,False,1.0,-8.504971383370245,-8.406719716330235,fail_ef_outside,0.02197255480952613
JVASP-6319,CrSiTe3,162,2,88,40,14-15,15,2,0.11564731968215902,0.11564731968215547,0.1683135851754738,1.370290710305806,0.27474027191912775,0.07950970042013719,12.581446776173417,0.12550811779418336,-8.41650988744195,0.5514056706385886,0.039608562460684546,158.04167759175093,amp,iso,0.685145355152903,115.33441510121672,amp,adiab,0.5,41.520389436438016,amp,adiab,0.18,-2.0384,-8.504971383370245,-8.336657798194771,False,1.0,-8.452305117876927,-8.336657798194771,fail_ef_outside,0.021844516713636877
JVASP-6352,ScAgP2Se6,149,2,88,40,0-1,0,2,0.2132039744655181,0.2262356608676157,0.24028030669911615,0.762491709034542,6.247150858294686,0.07718845095379998,12.956982748877492,0.11308614242548869,-18.446748574789755,0.028303023817193705,0.07737714874167041,85.37412223882751,amp,iso,0.381245854517271,85.37412223882751,amp,iso,0.381245854517271,40.30822059021966,amp,adiab,0.18,-3.4302,-18.55954121395736,-18.319260907258244,False,1.0,-18.55954121395736,-18.346337239491834,fail_ef_outside,0.4822078976264688
JVASP-6352,ScAgP2Se6,149,2,88,40,0-1,1,2,0.22623566086762992,0.2262356608676157,0.24028030669911615,0.762491709034542,6.248390114210973,0.07757622744892899,12.89217009747582,0.11350908368347111,-18.433640035391257,0.028303023817193705,0.07737714874167041,85.80302160767614,amp,iso,0.381245854517271,85.80302160767614,amp,iso,0.381245854517271,40.51071954326534,amp,adiab,0.18,-3.4302,-18.55954121395736,-18.319260907258244,False,1.0,-18.54549656812586,-18.319260907258244,fail_ef_outside,0.4847265326896698
JVASP-6352,ScAgP2Se6,149,2,88,40,2-3,2,2,0.14553659306818645,0.14576296581806858,0.1460180146124408,0.762491709034542,5.806391305074802,0.05545068643220909,18.035578562803586,0.06400267606840988,-17.462801125681075,0.015084529098720725,0.05544500958766386,61.331113958017,amp,iso,0.381245854517271,61.331113958017,amp,iso,0.381245854517271,28.95664407006149,amp,adiab,0.18,-3.4302,-17.5567691982237,-17.41075118361126,False,1.0,-17.5567691982237,-17.411232605155526,fail_ef_outside,0.32196838356040813
JVASP-6352,ScAgP2Se6,149,2,88,40,2-3,3,2,0.1457629658180899,0.14576296581806858,0.1460180146124408,0.762491709034542,5.8064537555123525,0.055453955082538475,18.034732056727186,0.06406720807749872,-17.462350531527164,0.015084529098720725,0.05544500958766386,61.33472924177162,amp,iso,0.381245854517271,61.33472924177162,amp,iso,0.381245854517271,28.95835097668912,amp,adiab,0.18,-3.4302,-17.5567691982237,-17.41075118361126,False,1.0,-17.55651414942933,-17.41075118361126,fail_ef_outside,0.3219908257470188
JVASP-6352,ScAgP2Se6,149,2,88,40,14-15,14,2,0.29662739831190343,0.3028613773828095,0.30317513747126057,1.3575457436636427,3.4892218895726943,0.053350486304132375,18.76442333869052,0.09371243571742008,-11.66356086857893,0.04683099030329883,0.05323044851634841,105.05861117252557,amp,iso,0.6787728718318213,77.38863435201915,amp,adiab,0.5,27.859908366726895,amp,adiab,0.18,-3.4302,-11.848446455762094,-11.545271318290833,False,1.0,-11.848446455762094,-11.551819057450194,fail_ef_outside,0.1861516846317269
JVASP-6352,ScAgP2Se6,149,2,88,40,14-15,15,2,0.30286137738282015,0.3028613773828095,0.30317513747126057,1.3575457436636427,3.4893911146397874,0.05338504145478275,18.7517501919074,0.09375935982754145,-11.661824049734378,0.04683099030329883,0.05323044851634841,105.12665771507235,amp,iso,0.6787728718318213,77.43875902948537,amp,adiab,0.5,27.877953250614734,amp,adiab,0.18,-3.4302,-11.848446455762094,-11.545271318290833,False,1.0,-11.848132695673643,-11.545271318290833,fail_ef_outside,0.1862812893069956
JVASP-6370,ScAgP2S6,149,2,76,40,2-3,2,2,0.3139056941458236,0.3245257467000773,0.3249343493761234,1.14089638220433,5.981007666367434,0.0694003941272303,14.409364146635284,0.10440781501260797,-11.223004082653539,0.058589019352178306,0.06941570986936275,114.85421562338506,amp,iso,0.570448191102165,100.67015498942577,amp,adiab,0.5,36.24125579619328,amp,adiab,0.18,-3.5077,-11.418512039323122,-11.093577689946999,False,1.0,-11.418512039323122,-11.1046063451773,fail_ef_outside,0.41508428932388586
JVASP-6370,ScAgP2S6,149,2,76,40,2-3,3,2,0.32452574670008083,0.3245257467000773,0.3249343493761234,1.14089638220433,5.981352541747052,0.06944344382546214,14.40089794921011,0.10526596090751085,-11.221070168929248,0.058589019352178306,0.06941570986936275,114.92546074216891,amp,iso,0.570448191102165,100.73260160587152,amp,adiab,0.5,36.26373657811374,amp,adiab,0.18,-3.5077,-11.418512039323122,-11.093577689946999,False,1.0,-11.418103436647076,-11.093577689946999,fail_ef_outside,0.41536571923309656
JVASP-6382,Nb3TeCl7,156,2,86,40,0-1,0,2,0.09205468049125898,0.09205468049123766,0.0934901629726852,4.282694033066658,4.633712543044826,0.362549809058415,2.8597554229514635,0.4823305949177604,-13.448970147273847,0.03705515056476169,0.3352024390048628,1577.712025772639,amp,phys,1.5,525.9040085908797,amp,adiab,0.5,189.32544309271668,amp,adiab,0.18,-3.211,-13.488626972831566,-13.395136809858881,False,1.0,-13.488626972831566,-13.396572292340329,fail_ef_outside,1.6799515977124844
JVASP-6382,Nb3TeCl7,156,2,86,40,0-1,1,2,0.07461535439389877,0.09205468049123766,0.0934901629726852,4.282694033066658,4.634283684138785,0.36287712603779987,2.8567713908027903,0.4825333428613716,-13.444043147263251,0.03705515056476169,0.3352024390048628,1579.1364147026904,amp,phys,1.5,526.3788049008969,amp,adiab,0.5,189.49636976432282,amp,adiab,0.18,-3.211,-13.488626972831566,-13.395136809858881,False,1.0,-13.469752164252762,-13.395136809858881,fail_ef_outside,1.6816755445441494
JVASP-6382,Nb3TeCl7,156,2,86,40,50-51,50,2,0.10849985459106648,0.13780864082457,0.15156838151762209,0.3205532337959207,3.171854539492477,0.034005973416477,29.449955726409776,0.04030668508029429,-4.044029065834745,0.20054707004773892,0.03369006365180372,15.812268267075849,amp,iso,0.16027661689796036,15.812268267075849,amp,iso,0.16027661689796036,15.812268267075849,amp,iso,0.16027661689796036,-3.211,-4.078698799580041,-3.9271304180624185,False,1.0,-4.078698799580041,-3.9701989449889763,fail_ef_outside,0.10786200115091307
JVASP-6382,Nb3TeCl7,156,2,86,40,50-51,51,2,0.13780864082457578,0.13780864082457,0.15156838151762209,0.3205532337959207,3.1797285153522674,0.033545693376875664,29.861729618921892,0.0399056959726958,-4.029181409297586,0.20054707004773892,0.03369006365180372,15.598244943143289,amp,iso,0.16027661689796036,15.598244943143289,amp,iso,0.16027661689796036,15.598244943143289,amp,iso,0.16027661689796036,-3.211,-4.078698799580041,-3.9271304180624185,False,1.0,-4.0649390588869885,-3.9271304180624185,fail_ef_outside,0.10666619779771525
JVASP-6382,Nb3TeCl7,156,2,86,40,56-57,56,2,0.2090527136782554,0.20905271367825717,0.21277905152973897,0.38483230566287663,0.8919622385169281,0.03913661602713986,25.605358185516124,0.07048736728864832,-2.454835923279024,0.23866599322021775,0.03825439758378719,21.84708983899673,amp,iso,0.19241615283143831,21.84708983899673,amp,iso,0.19241615283143831,20.43734953200299,amp,adiab,0.18,-3.211,-2.522380101592033,-2.309601050062294,False,0.0,-2.522380101592033,-2.313327387913776,fail_ef_outside,0.034908383639545154
JVASP-6382,Nb3TeCl7,156,2,86,40,56-57,57,2,0.20901606275585083,0.20905271367825717,0.21277905152973897,0.38483230566287663,0.8961504645300677,0.03904749501572535,25.664677830734224,0.07092259447415586,-2.437015351378497,0.23866599322021775,0.03825439758378719,21.797340143173138,amp,iso,0.19241615283143831,21.797340143173138,amp,iso,0.19241615283143831,20.390810064726082,amp,adiab,0.18,-3.211,-2.522380101592033,-2.309601050062294,False,0.0,-2.518617112818136,-2.309601050062294,fail_ef_outside,0.03499243079707778
JVASP-6394,TaI2Cl2,47,2,80,40,0-1,0,2,0.11144475297905387,0.11147311249573022,0.11152955916588425,0.10502919219489115,2.737925158485417,0.21437964145141838,4.878653436642977,0.2853149743132918,-16.904225583811257,0.12188652041628957,0.16976908596558563,32.6612172093824,amp,iso,0.052514596097445576,32.6612172093824,amp,iso,0.052514596097445576,32.6612172093824,amp,iso,0.052514596097445576,-4.1948,-16.957651636238285,-16.8461220770724,False,1.0,-16.957651636238285,-16.846206883259253,fail_ef_outside,0.5869554137969215
JVASP-6394,TaI2Cl2,47,2,80,40,0-1,1,2,0.11147311249571956,0.11147311249573022,0.11152955916588425,0.10502919219489115,2.738709362213017,0.21470550544500439,4.872033565982669,0.28550518151250387,-16.903975685344793,0.12188652041628957,0.16976908596558563,32.7108633166488,amp,iso,0.052514596097445576,32.7108633166488,amp,iso,0.052514596097445576,32.7108633166488,amp,iso,0.052514596097445576,-4.1948,-16.957651636238285,-16.8461220770724,False,1.0,-16.95759518956813,-16.8461220770724,fail_ef_outside,0.5880159778809114
JVASP-6394,TaI2Cl2,47,2,80,40,2-3,2,2,0.010394362948332514,0.010664967529979918,0.011588994067274427,0.10502919219489115,0.08861908466973784,0.21651444886283125,4.661626610573046,0.26495424704719256,-16.736916274020665,0.030060009459255955,0.20400189747130543,8.050834425091178,stiff,iso,0.052514596097445576,6.843209261327503,stiff,iso,0.052514596097445576,4.4279589338001495,stiff,iso,0.052514596097445576,-4.1948,-16.74109288487751,-16.729503890810236,False,1.0,-16.74109288487751,-16.730698521929163,fail_ef_outside,0.019187312275996866
JVASP-6394,TaI2Cl2,47,2,80,40,2-3,3,2,0.01066496752996926,0.010664967529979918,0.011588994067274427,0.10502919219489115,0.088371399384617,0.2168153329055964,4.6556968302293615,0.26523557982988,-16.735295489921285,0.030060009459255955,0.20400189747130543,8.028332802246947,stiff,iso,0.052514596097445576,6.824082881909906,stiff,iso,0.052514596097445576,4.415583041235823,stiff,iso,0.052514596097445576,-4.1948,-16.74109288487751,-16.729503890810236,False,1.0,-16.740168858340216,-16.729503890810236,fail_ef_outside,0.01916027437690915
JVASP-6394,TaI2Cl2,47,2,80,40,4-5,4,2,0.15624195121737472,0.15624195121739248,0.15627488529425548,0.09382194978191905,1.1270130207867173,0.3013052843009595,3.456372301171809,0.35996225850979746,-16.212554301972286,0.09804293625825676,0.19753510731002263,41.00624507199392,amp,iso,0.04691097489095952,41.00624507199392,amp,iso,0.04691097489095952,41.00624507199392,amp,iso,0.04691097489095952,-4.1948,-16.294398903348274,-16.138124018054018,False,1.0,-16.294398903348274,-16.13815695213088,fail_ef_outside,0.339574978639025
JVASP-6394,TaI2Cl2,47,2,80,40,4-5,5,2,0.15541437630997734,0.15624195121739248,0.15627488529425548,0.09382194978191905,1.126920052462561,0.3011638678859093,3.457932962407265,0.35988051047889336,-16.212247544151797,0.09804293625825676,0.19753510731002263,40.986998956924275,amp,iso,0.04691097489095952,40.986998956924275,amp,iso,0.04691097489095952,40.986998956924275,amp,iso,0.04691097489095952,-4.1948,-16.294398903348274,-16.138124018054018,False,1.0,-16.29353839436401,-16.138124018054018,fail_ef_outside,0.33938760179781674
JVASP-6394,TaI2Cl2,47,2,80,40,6-7,6,2,0.034842907565487025,0.03524227659213963,0.03586687760744667,0.09382194978191905,0.14153310821402687,0.23744284113651729,4.216476431201983,0.24143276223314314,-16.02452007088185,0.011246692678928274,0.23683216791138115,11.485928492345725,stiff,iso,0.04691097489095952,9.763039218493866,stiff,iso,0.04691097489095952,6.317260670790149,stiff,iso,0.04691097489095952,-4.1948,-16.0443020682721,-16.008435190664652,False,1.0,-16.0443020682721,-16.009459160706626,fail_ef_outside,0.03360602332922069
JVASP-6394,TaI2Cl2,47,2,80,40,6-7,7,2,0.03524227659216095,0.03524227659213963,0.03586687760744667,0.09382194978191905,0.14137164622874243,0.23762717237467235,4.2130387208381395,0.24145664870095812,-16.023428809784637,0.011246692678928274,0.23683216791138115,11.472825262715489,stiff,iso,0.04691097489095952,9.751901473308168,stiff,iso,0.04691097489095952,6.31005389449352,stiff,iso,0.04691097489095952,-4.1948,-16.0443020682721,-16.008435190664652,False,1.0,-16.043677467256792,-16.008435190664652,fail_ef_outside,0.03359374454728858
JVASP-6394,TaI2Cl2,47,2,80,40,56-57,56,2,0.15682954178688924,0.15847208813720748,0.15851710688076803,0.4569734551645368,1.9786775300635546,0.14171241574969368,7.422792285253433,0.21059889026072323,-4.325447230359325,0.5418618410800832,0.09312520516613813,93.93721389653784,amp,iso,0.2284867275822684,93.93721389653784,amp,iso,0.2284867275822684,74.00297899268001,amp,adiab,0.18,-4.1948,-4.39876130864582,-4.240244201765052,False,1.0,-4.39876130864582,-4.241931766858933,fail_ef_outside,0.2804031727749435
JVASP-6394,TaI2Cl2,47,2,80,40,56-57,57,2,0.15847208813721547,0.15847208813720748,0.15851710688076803,0.4569734551645368,1.9786933180179558,0.14151174876076802,7.432803161692495,0.21030221246711026,-4.3250404009417265,0.5418618410800832,0.09312520516613813,93.80419733789009,amp,iso,0.2284867275822684,93.80419733789009,amp,iso,0.2284867275822684,73.89818962128,amp,adiab,0.18,-4.1948,-4.39876130864582,-4.240244201765052,False,1.0,-4.39871628990226,-4.240244201765052,fail_ef_outside,0.2800083516939674
JVASP-6394,TaI2Cl2,47,2,80,40,58-59,58,2,0.11885566819977411,0.11898417613646295,0.11900358363745767,0.22470705868742602,1.9127608597060535,0.1351122379349382,7.770157319836082,0.19832943531613245,-2.937056347177024,0.5009831275024981,0.12236686850795067,44.040293332940166,amp,iso,0.11235352934371301,44.040293332940166,amp,iso,0.11235352934371301,44.040293332940166,amp,iso,0.11235352934371301,-4.1948,-2.996687450783759,-2.877683867146301,False,0.0,-2.996687450783759,-2.8778317825839985,fail_ef_outside,0.25843740038924123
JVASP-6394,TaI2Cl2,47,2,80,40,58-59,59,2,0.11898417613647005,0.11898417613646295,0.11900358363745767,0.22470705868742602,1.9127226833764048,0.13509285572891483,7.770956996820986,0.19828950448809607,-2.9369536648116887,0.5009831275024981,0.12236686850795067,44.03397563698786,amp,iso,0.11235352934371301,44.03397563698786,amp,iso,0.11235352934371301,44.03397563698786,amp,iso,0.11235352934371301,-4.1948,-2.996687450783759,-2.877683867146301,False,0.0,-2.996668043282764,-2.877683867146301,fail_ef_outside,0.2583951695147915
JVASP-6397,CrI2,12,2,56,40,38-39,38,2,0.3433261096798135,0.34921770736903657,0.35620350016358593,0.16280396756571625,3.3206136079503064,0.1197882867268898,8.435814228293596,0.1880314756036724,-2.4059485107901355,0.5170330493769699,0.1158042729008786,28.28903535190443,amp,iso,0.08140198378285812,28.28903535190443,amp,iso,0.08140198378285812,28.28903535190443,amp,iso,0.08140198378285812,-2.2019,-2.5820310506593587,-2.2258275504957727,False,1.0,-2.5820310506593587,-2.2387049409795456,fail_ef_outside,0.39777061497836336
JVASP-6397,CrI2,12,2,56,40,38-39,39,2,0.34921770736903524,0.34921770736903657,0.35620350016358593,0.16280396756571625,3.294486955544447,0.11447468681382061,8.90760315541957,0.1817298901843168,-2.385857193481489,0.5170330493769699,0.1158042729008786,27.034182979490062,amp,iso,0.08140198378285812,27.034182979490062,amp,iso,0.08140198378285812,27.034182979490062,amp,iso,0.08140198378285812,-2.2019,-2.5820310506593587,-2.2258275504957727,False,1.0,-2.5750452578648093,-2.2258275504957727,fail_ef_outside,0.3771353624481679
JVASP-6418,AlBr3,2,2,64,40,0-1,0,2,0.05059941277811575,0.05411469491308196,0.056977995904880174,0.34887896091936454,0.0019221869422071458,0.2585571735778455,3.867794844355969,0.3279334879308285,-19.98887499186955,0.0010787722634318948,0.20150359296018291,0.5800614616767532,stiff,iso,0.17443948045968227,0.49305224242524026,stiff,iso,0.17443948045968227,0.3190338039222143,stiff,iso,0.17443948045968227,-5.3358,-20.011133840210885,-19.954155844306005,False,1.0,-20.011133840210885,-19.960534427432773,fail_ef_outside,0.0004969952228653211
JVASP-6418,AlBr3,2,2,64,40,0-1,1,2,0.05411469491308907,0.05411469491308196,0.056977995904880174,0.34887896091936454,0.0019018225128949568,0.2587945287010202,3.8642447086631035,0.32801463064453634,-19.98392254744892,0.0010787722634318948,0.20150359296018291,0.5739160549144549,stiff,iso,0.17443948045968227,0.48782864667728665,stiff,iso,0.17443948045968227,0.31565383020295024,stiff,iso,0.17443948045968227,-5.3358,-20.011133840210885,-19.954155844306005,False,1.0,-20.008270539219087,-19.954155844306005,fail_ef_outside,0.0004921812608976403
JVASP-6418,AlBr3,2,2,64,40,2-3,2,2,0.045164175602483425,0.04726347531336117,0.048721117112766166,0.34887896091936454,0.0028503953778948724,0.30438306110634444,3.285662767193834,0.3581958830139134,-19.58132690868141,0.0019606653116907933,0.2354660877798981,0.8601684222034324,stiff,iso,0.17443948045968227,0.7311431588729176,stiff,iso,0.17443948045968227,0.4730926322118879,stiff,iso,0.17443948045968227,-5.3358,-19.60527688338664,-19.556555766273874,False,1.0,-19.60527688338664,-19.560112707784167,fail_ef_outside,0.0008676120704870167
JVASP-6418,AlBr3,2,2,64,40,2-3,3,2,0.04726347531337893,0.04726347531336117,0.048721117112766166,0.34887896091936454,0.0028165259328462424,0.3040926849405513,3.2888029655789435,0.3579404588700859,-19.57838828834584,0.0019606653116907933,0.2354660877798981,0.8499475850050849,stiff,iso,0.17443948045968227,0.7224554472543221,stiff,iso,0.17443948045968227,0.4674711717527967,stiff,iso,0.17443948045968227,-5.3358,-19.60527688338664,-19.556555766273874,False,1.0,-19.603819241587235,-19.556555766273874,fail_ef_outside,0.0008564849331239048
JVASP-6418,AlBr3,2,2,64,40,16-17,16,2,0.14513148524522457,0.14513148524522101,0.14560030163020343,0.23584451755766977,0.09991506284848536,0.08188600361926812,12.229533007757517,0.12885743591995974,-8.742796649750984,0.07980519226990526,0.08056524121146105,20.382636561493253,stiff,iso,0.11792225877883489,17.325241077269265,stiff,iso,0.11792225877883489,11.210450108821291,stiff,iso,0.11792225877883489,-5.3358,-8.81139374669422,-8.665793445064017,False,1.0,-8.81139374669422,-8.666262261448999,fail_ef_outside,0.008181645198030475
JVASP-6418,AlBr3,2,2,64,40,16-17,17,2,0.14505326925763917,0.14513148524522101,0.14560030163020343,0.23584451755766977,0.09993352660670607,0.08186457931029074,12.232596150366936,0.1287704308336978,-8.74223725435102,0.07980519226990526,0.08056524121146105,20.3864031614697,stiff,iso,0.11792225877883489,17.328442687249247,stiff,iso,0.11792225877883489,11.212521738808338,stiff,iso,0.11792225877883489,-5.3358,-8.81139374669422,-8.665793445064017,False,1.0,-8.810846714321658,-8.665793445064017,fail_ef_outside,0.008181016114651739
JVASP-6418,AlBr3,2,2,64,40,52-53,52,2,0.3448346689285434,0.34483466892854375,0.3452814955468946,0.3273698830313073,0.3667953122437248,0.09684808108987912,10.459570663060415,0.15302836258860147,0.012467723830322236,0.09999391542852071,0.07385006331604117,45.99054370017333,amp,iso,0.16368494151565366,45.99054370017333,amp,iso,0.16368494151565366,45.99054370017333,amp,iso,0.16368494151565366,-5.3358,-0.17753814603229293,0.16774334951460165,False,0.0,-0.17753814603229293,0.16729652289625085,fail_ef_outside,0.03552342214356779
JVASP-6418,AlBr3,2,2,64,40,52-53,53,2,0.3417668217766451,0.34483466892854375,0.3452814955468946,0.3273698830313073,0.3666425775270171,0.09689904459768632,10.453727717866457,0.1527981411611902,0.01327602628216467,0.09999391542852071,0.07385006331604117,46.014744896588844,amp,iso,0.16368494151565366,46.014744896588844,amp,iso,0.16368494151565366,46.014744896588844,amp,iso,0.16368494151565366,-5.3358,-0.17753814603229293,0.16774334951460165,False,0.0,-0.17402347226204554,0.16774334951460165,fail_ef_outside,0.035527315471201096
JVASP-6448,S5N6,5,2,66,40,0-1,0,2,0.02273192414880576,0.022731924148818194,0.02325335255245342,0.8663617727898245,1.163014109112566,0.06786542893403523,14.743045334234802,0.10506762844792325,-12.965555599434703,0.022458246262485024,0.06775033965303708,85.28775446258197,amp,iso,0.43318088639491226,85.28775446258197,amp,iso,0.43318088639491226,35.4396887891983,amp,adiab,0.18,-5.1936,-12.973096218640622,-12.949842866088169,False,1.0,-12.973096218640622,-12.950364294491804,fail_ef_outside,0.07892845137125915
JVASP-6448,S5N6,5,2,66,40,0-1,1,2,0.020839480866808202,0.022731924148818194,0.02325335255245342,0.8663617727898245,1.1637394111957504,0.06794695802289456,14.7585037387342,0.10862566934037016,-12.960991685035456,0.022458246262485024,0.06775033965303708,85.39021359415176,amp,iso,0.43318088639491226,85.39021359415176,amp,iso,0.43318088639491226,35.48226371404332,amp,adiab,0.18,-5.1936,-12.973096218640622,-12.949842866088169,False,1.0,-12.970682346954979,-12.949842866088169,fail_ef_outside,0.07907255292210569
JVASP-6448,S5N6,5,2,66,40,2-3,2,2,0.21022843793120494,0.21022843793121027,0.21149368525319368,0.4835654983931992,5.164501340230384,0.05298242613972114,18.94086900319783,0.07930557260758699,-11.946795158621992,0.21841637703381248,0.053282882281121054,37.164299290867085,amp,iso,0.2417827491965996,37.164299290867085,amp,iso,0.2417827491965996,27.66770538669248,amp,adiab,0.18,-5.1936,-12.083481093298344,-11.87198740804515,False,1.0,-12.083481093298344,-11.873252655367134,fail_ef_outside,0.27362781080724713
JVASP-6448,S5N6,5,2,66,40,2-3,3,2,0.20993413325219912,0.21022843793121027,0.21149368525319368,0.4835654983931992,5.156406147194056,0.055083162391762,18.54295967330915,0.09042505924876595,-11.945682903433243,0.21841637703381248,0.053282882281121054,38.63785187217272,amp,iso,0.2417827491965996,38.63785187217272,amp,iso,0.2417827491965996,28.764721056819305,amp,adiab,0.18,-5.1936,-12.083481093298344,-11.87198740804515,False,1.0,-12.08192154129735,-11.87198740804515,fail_ef_outside,0.28403115716377003
JVASP-6448,S5N6,5,2,66,40,4-5,4,2,0.44360208827007774,0.4436020882700671,0.44387366846787657,0.4835654983931992,0.8821461734476321,0.030560214917477197,32.747098217023435,0.03590096230878374,-11.159335028808941,0.3971661444534085,0.030541472001096314,21.43633382494102,amp,iso,0.2417827491965996,21.43633382494102,amp,iso,0.2417827491965996,15.958707150574702,amp,adiab,0.18,-5.1936,-11.388421909651951,-10.944548241184075,False,1.0,-11.388421909651951,-10.944819821381884,fail_ef_outside,0.026958576649189755
JVASP-6448,S5N6,5,2,66,40,4-5,5,2,0.443344830353924,0.4436020882700671,0.44387366846787657,0.4835654983931992,0.8822230662254015,0.03052852070939357,32.78604773505578,0.03633133761132421,-11.156485813670098,0.3971661444534085,0.030541472001096314,21.41410205639383,amp,iso,0.2417827491965996,21.41410205639383,amp,iso,0.2417827491965996,15.942156266147292,amp,adiab,0.18,-5.1936,-11.388421909651951,-10.944548241184075,False,1.0,-11.387893071537999,-10.944548241184075,fail_ef_outside,0.026932965147566865
JVASP-6448,S5N6,5,2,66,40,6-7,6,2,0.21234047035198422,0.23529136998308076,0.23539227851859224,0.08478735632517598,1.8710113341674894,0.0556570106467738,18.125032447345987,0.08534627253811078,-9.890460990314866,1.4179555943990212,0.05548796482389569,6.845257206001478,amp,iso,0.04239367816258799,6.845257206001478,amp,iso,0.04239367816258799,6.845257206001478,amp,iso,0.04239367816258799,-5.1936,-9.990692881361438,-9.755300602842846,False,1.0,-9.990692881361438,-9.778352411009456,fail_ef_outside,0.10413489774599441
JVASP-6448,S5N6,5,2,66,40,6-7,7,2,0.23529136998307543,0.23529136998308076,0.23539227851859224,0.08478735632517598,1.891090584883914,0.05554648633806313,18.171457631408376,0.08382994706435189,-9.880082336047627,1.4179555943990212,0.05548796482389569,6.831663818360853,amp,iso,0.04239367816258799,6.831663818360853,amp,iso,0.04239367816258799,6.831663818360853,amp,iso,0.04239367816258799,-5.1936,-9.990692881361438,-9.755300602842846,False,1.0,-9.990591972825927,-9.755300602842846,fail_ef_outside,0.10504343733729414
JVASP-6448,S5N6,5,2,66,40,12-13,12,2,0.07268846592114109,0.07472436159955897,0.0752549964339444,0.05322862236226378,1.0062004278214949,0.03651604112038324,27.508678445629418,0.06571705158756176,-9.140167729902902,0.4463003441760842,0.0361188975181903,2.819471532501153,amp,iso,0.02661431118113189,2.819471532501153,amp,iso,0.02661431118113189,2.819471532501153,amp,iso,0.02661431118113189,-5.1936,-9.178960335726075,-9.10370533929213,False,1.0,-9.178960335726075,-9.10627186980493,fail_ef_outside,0.03674245619767691
JVASP-6448,S5N6,5,2,66,40,12-13,13,2,0.07472436159955187,0.07472436159955897,0.0752549964339444,0.05322862236226378,1.0144244442564774,0.03599772883718691,27.948360317232925,0.07198571006392016,-9.136658233474751,0.4463003441760842,0.0361188975181903,2.779451675950986,amp,iso,0.02661431118113189,2.779451675950986,amp,iso,0.02661431118113189,2.779451675950986,amp,iso,0.02661431118113189,-5.1936,-9.178960335726075,-9.10370533929213,False,1.0,-9.178429700891689,-9.10370533929213,fail_ef_outside,0.0365169760701587
JVASP-6448,S5N6,5,2,66,40,14-15,14,2,0.11604933398150052,0.11626858479250046,0.116749323154405,0.293500166186627,0.7349715905484768,0.03804155352550026,26.34656556668566,0.06587950522467466,-8.731666491093215,0.13392032255772224,0.037775003614407894,16.195911540928993,amp,iso,0.1467500830933135,16.195911540928993,amp,iso,0.1467500830933135,16.195911540928993,amp,iso,0.1467500830933135,-5.1936,-8.810205173105503,-8.693455849951098,False,1.0,-8.810205173105503,-8.694155839124006,fail_ef_outside,0.027959461101571943
JVASP-6448,S5N6,5,2,66,40,14-15,15,2,0.11626858479250579,0.11626858479250046,0.116749323154405,0.293500166186627,0.7350802282206486,0.037778112284218915,26.550467562377378,0.06609918013995979,-8.73011258063281,0.13392032255772224,0.037775003614407894,16.08375337059651,amp,iso,0.1467500830933135,16.08375337059651,amp,iso,0.1467500830933135,16.08375337059651,amp,iso,0.1467500830933135,-5.1936,-8.810205173105503,-8.693455849951098,False,1.0,-8.809724434743599,-8.693455849951098,fail_ef_outside,0.027769943399628925
JVASP-6448,S5N6,5,2,66,40,16-17,16,2,0.03433639607001915,0.03433639607001915,0.037022934350588343,0.41068761492419625,1.115606249683597,0.05924741474753205,16.88994158275037,0.08435627877885293,-8.23952185324815,0.12148523748343723,0.05921222233002899,35.29553841268232,amp,iso,0.20534380746209813,35.29553841268232,amp,iso,0.20534380746209813,30.939315837198915,amp,adiab,0.18,-5.1936,-8.257957301661516,-8.220934367310928,False,1.0,-8.257957301661516,-8.223620905591497,fail_ef_outside,0.06609678616994287
JVASP-6448,S5N6,5,2,66,40,16-17,17,2,0.03332092657646868,0.03433639607001915,0.037022934350588343,0.41068761492419625,1.1187773639288017,0.05954318321961588,16.809775791309384,0.08488491445295053,-8.238126466750652,0.12148523748343723,0.05921222233002899,35.471736944081194,amp,iso,0.20534380746209813,35.471736944081194,amp,iso,0.20534380746209813,31.093767710103098,amp,adiab,0.18,-5.1936,-8.257957301661516,-8.220934367310928,False,1.0,-8.254255293887397,-8.220934367310928,fail_ef_outside,0.06661556556237151
JVASP-6448,S5N6,5,2,66,40,18-19,18,2,0.2749819879695732,0.27498198796956874,0.27531350534592036,0.18233348342734512,2.360932963729016,0.04431734679269907,23.486873460880975,0.058615753850587204,-7.735181072524149,0.5662487043942254,0.041503431447170495,11.721386363725443,amp,iso,0.09116674171367256,11.721386363725443,amp,iso,0.09116674171367256,11.721386363725443,amp,iso,0.09116674171367256,-5.1936,-7.810246752386732,-7.5349332470408115,False,1.0,-7.810246752386732,-7.535264764417163,fail_ef_outside,0.10463028490789361
JVASP-6448,S5N6,5,2,66,40,18-19,19,2,0.27186670337912844,0.27498198796956874,0.27531350534592036,0.18233348342734512,2.3420341416835653,0.042903405804164366,23.85632863180555,0.05571368836256113,-7.73267773305999,0.5662487043942254,0.041503431447170495,11.347416579395905,amp,iso,0.09116674171367256,11.347416579395905,amp,iso,0.09116674171367256,11.347416579395905,amp,iso,0.09116674171367256,-5.1936,-7.810246752386732,-7.5349332470408115,False,1.0,-7.8067999504199435,-7.5349332470408115,fail_ef_outside,0.10048124118785778
JVASP-6448,S5N6,5,2,66,40,36-37,36,2,0.14837119069550386,0.14837119069550297,0.1488615967017033,0.15080461937426737,0.9952002566723449,0.06767852912757397,14.901265539311897,0.12801000865829304,-5.323725182985692,0.22959896638336874,0.0645748783745276,14.804861767743462,amp,iso,0.07540230968713368,14.804861767743462,amp,iso,0.07540230968713368,14.804861767743462,amp,iso,0.07540230968713368,-5.1936,-5.3806723572188355,-5.231810760517132,False,1.0,-5.3806723572188355,-5.2323011665233325,fail_ef_outside,0.06735368955896838
JVASP-6448,S5N6,5,2,66,40,36-37,37,2,0.14754367319563322,0.14837119069550297,0.1488615967017033,0.15080461937426737,0.9893311828946793,0.06748248551013966,14.940853151443953,0.12697993129980822,-5.322587638197372,0.22959896638336874,0.0645748783745276,14.761976694826286,amp,iso,0.07540230968713368,14.761976694826286,amp,iso,0.07540230968713368,14.761976694826286,amp,iso,0.07540230968713368,-5.1936,-5.3806723572188355,-5.231810760517132,False,1.0,-5.379354433712763,-5.231810760517132,fail_ef_outside,0.06676252721441953
JVASP-6448,S5N6,5,2,66,40,38-39,38,2,0.44619676588430757,0.44619676588431334,0.44661598340615916,0.6169043766054663,1.079472246724016,0.05997493224215215,16.786285808149987,0.1089589139925055,-2.8626705477591066,1.028202315497249,0.059832346792701205,53.669360163276124,amp,iso,0.30845218830273313,53.669360163276124,amp,iso,0.30845218830273313,31.31922935138438,amp,adiab,0.18,-5.1936,-3.166051216374493,-2.719435232968334,False,0.0,-3.166051216374493,-2.7198544504901796,fail_ef_outside,0.06474127485455661
JVASP-6448,S5N6,5,2,66,40,38-39,39,2,0.4457192576705995,0.44619676588431334,0.44661598340615916,0.6169043766054663,1.0814234482220109,0.060025642325728074,16.76906185469587,0.10916895771060013,-2.8602615714944357,1.028202315497249,0.059832346792701205,53.71473875125615,amp,iso,0.30845218830273313,53.71473875125615,amp,iso,0.30845218830273313,31.345710427370093,amp,adiab,0.18,-5.1936,-3.166051216374493,-2.719435232968334,False,0.0,-3.1651544906389355,-2.719435232968334,fail_ef_outside,0.06491313710562993
JVASP-6448,S5N6,5,2,66,40,40-41,40,2,0.23065284062054037,0.23065284062054592,0.2310169060965821,0.6169043766054663,0.8090494159491118,0.06403740167553902,15.75182996911674,0.12546358726967638,-2.0139817827756907,0.32923468011994933,0.06352526045513412,57.30471458589442,amp,iso,0.30845218830273313,57.30471458589442,amp,iso,0.30845218830273313,33.44067254707688,amp,adiab,0.18,-5.1936,-2.1025308563628675,-1.8715139502662854,False,0.0,-2.1025308563628675,-1.8718780157423216,fail_ef_outside,0.051809422424493524
JVASP-6448,S5N6,5,2,66,40,40-41,41,2,0.23043982513907402,0.23065284062054592,0.2310169060965821,0.6169043766054663,0.8095783377096322,0.06351618900602168,15.82235641159499,0.1214896484122454,-2.0118937403187775,0.32923468011994933,0.06352526045513412,56.838300545290835,amp,iso,0.30845218830273313,56.838300545290835,amp,iso,0.30845218830273313,33.16849251239919,amp,adiab,0.18,-5.1936,-2.1025308563628675,-1.8715139502662854,False,0.0,-2.1019537754053643,-1.8715139502662854,fail_ef_outside,0.05142133071314585
JVASP-6478,S3N2Cl2,1,2,42,40,0-1,0,2,0.13277826994598918,0.1327782699459874,0.13389101605788412,0.15205009971750805,0.8059181129345243,0.048729363048449714,20.684123567348703,0.07294908535038021,-11.841699895866173,0.21153248273937716,0.04910513887538893,10.747717543034696,amp,iso,0.07602504985875402,10.747717543034696,amp,iso,0.07602504985875402,10.747717543034696,amp,iso,0.07602504985875402,-5.0706,-11.906507190401292,-11.772616174343408,False,1.0,-11.906507190401292,-11.773728920455305,fail_ef_outside,0.03927187631250793
JVASP-6478,S3N2Cl2,1,2,42,40,0-1,1,2,0.12979083220715815,0.1327782699459874,0.13389101605788412,0.15205009971750805,0.8153586363989656,0.04949376732868406,20.371492351883198,0.07476231480438511,-11.835389525565533,0.21153248273937716,0.04910513887538893,10.916314068387942,amp,iso,0.07602504985875402,10.916314068387942,amp,iso,0.07602504985875402,10.916314068387942,amp,iso,0.07602504985875402,-5.0706,-11.906507190401292,-11.772616174343408,False,1.0,-11.902407006550565,-11.772616174343408,fail_ef_outside,0.04035517063936351
JVASP-6478,S3N2Cl2,1,2,42,40,2-3,2,2,0.04938860349446905,0.04938860349445484,0.05187308520398659,0.15205009971750805,1.2697832841304084,0.05872785822862063,17.043111270418194,0.07202472170786266,-11.59264095857357,0.21973321365139195,0.05858020285902339,12.952979326264378,amp,iso,0.07602504985875402,12.952979326264378,amp,iso,0.07602504985875402,12.952979326264378,amp,iso,0.07602504985875402,-5.0706,-11.6205660746259,-11.568692989421914,False,1.0,-11.6205660746259,-11.571177471131445,fail_ef_outside,0.07457165269148293
JVASP-6478,S3N2Cl2,1,2,42,40,2-3,3,2,0.038915645977224855,0.04938860349445484,0.05187308520398659,0.15205009971750805,1.262157603310787,0.05847002955969459,17.118517932788077,0.07086032418080303,-11.585855984352472,0.21973321365139195,0.05858020285902339,12.896112797856064,amp,iso,0.07602504985875402,12.896112797856064,amp,iso,0.07602504985875402,12.896112797856064,amp,iso,0.07602504985875402,-5.0706,-11.6205660746259,-11.568692989421914,False,1.0,-11.60760863539914,-11.568692989421914,fail_ef_outside,0.073798392374575
JVASP-6478,S3N2Cl2,1,2,42,40,4-5,4,2,0.20249828378897483,0.20249828378897483,0.20323362532950817,0.3247900181393,0.7765652369606414,0.06266629081987476,16.04819047164471,0.07113040885326274,-11.13921221110176,0.14530404709877193,0.062348695256426445,29.524018155497913,amp,iso,0.16239500906965,29.524018155497913,amp,iso,0.16239500906965,29.524018155497913,amp,iso,0.16239500906965,-5.0706,-11.243902971282614,-11.040669345953106,False,1.0,-11.243902971282614,-11.041404687493639,fail_ef_outside,0.04866446297998051
JVASP-6478,S3N2Cl2,1,2,42,40,4-5,5,2,0.20120973752255367,0.20249828378897483,0.20323362532950817,0.3247900181393,0.7745925084932751,0.062066632977112846,16.20536723719676,0.07033542633094664,-11.134827015629469,0.14530404709877193,0.062348695256426445,29.241500891349023,amp,iso,0.16239500906965,29.241500891349023,amp,iso,0.16239500906965,29.241500891349023,amp,iso,0.16239500906965,-5.0706,-11.243902971282614,-11.040669345953106,False,1.0,-11.241879083475654,-11.040669345953106,fail_ef_outside,0.04807634893147327
JVASP-6478,S3N2Cl2,1,2,42,40,6-7,6,2,0.2603470987944281,0.26224359107382433,0.2624277497608851,0.2849482908612604,1.163301845324363,0.045933248899796254,21.866125729843688,0.051085510579444285,-9.752919658159307,0.35968071952689384,0.045895239536059736,18.98593638335356,amp,iso,0.1424741454306302,18.98593638335356,amp,iso,0.1424741454306302,18.98593638335356,amp,iso,0.1424741454306302,-5.0706,-9.916532436997235,-9.65410468723635,False,1.0,-9.916532436997235,-9.656185338202812,fail_ef_outside,0.05343423320687626
JVASP-6478,S3N2Cl2,1,2,42,40,6-7,7,2,0.26224359107383144,0.26224359107382433,0.2624277497608851,0.2849482908612604,1.1673945999062039,0.04592783016585162,21.868144877499404,0.05089557467019616,-9.749095641418416,0.35968071952689384,0.045895239536059736,18.983696617162067,amp,iso,0.1424741454306302,18.983696617162067,amp,iso,0.1424741454306302,18.983696617162067,amp,iso,0.1424741454306302,-5.0706,-9.916532436997235,-9.65410468723635,False,1.0,-9.916348278310174,-9.65410468723635,fail_ef_outside,0.05361590092102443
JVASP-6478,S3N2Cl2,1,2,42,40,8-9,8,2,0.14727786976753343,0.1472778697675352,0.14784125426069927,0.2849482908612604,1.004803203015624,0.04780937494136804,20.93572886878176,0.05869912839792911,-9.301120750717834,0.4135071851737249,0.04780651305262757,19.761409717498513,amp,iso,0.1424741454306302,19.761409717498513,amp,iso,0.1424741454306302,19.761409717498513,amp,iso,0.1424741454306302,-5.0706,-9.36915639637509,-9.22131514211439,False,1.0,-9.36915639637509,-9.221878526607554,fail_ef_outside,0.04803901307526152
JVASP-6478,S3N2Cl2,1,2,42,40,8-9,9,2,0.14566233222064717,0.1472778697675352,0.14784125426069927,0.2849482908612604,1.0001337028925188,0.047877291934330664,20.90467142264804,0.05874445834651798,-9.29827625646437,0.4135071851737249,0.04780651305262757,19.789482360706266,amp,iso,0.1424741454306302,19.789482360706266,amp,iso,0.1424741454306302,19.789482360706266,amp,iso,0.1424741454306302,-5.0706,-9.36915639637509,-9.22131514211439,False,1.0,-9.36697747433504,-9.22131514211439,fail_ef_outside,0.04788369326674825
JVASP-6478,S3N2Cl2,1,2,42,40,14-15,14,2,0.03691373246657026,0.03710932247113696,0.04019383738650806,0.1676062783552963,0.6513531463933515,0.19078656345542616,5.244635802125744,0.2724193757467488,-7.608901171635546,0.10535770562896063,0.18969147052839114,46.384926051316185,amp,iso,0.08380313917764814,46.384926051316185,amp,iso,0.08380313917764814,46.384926051316185,amp,iso,0.08380313917764814,-5.0706,-7.625550712771768,-7.58535687538526,False,1.0,-7.625550712771768,-7.588636980305199,fail_ef_outside,0.12426942839626665
JVASP-6478,S3N2Cl2,1,2,42,40,14-15,15,2,0.03710932247113963,0.03710932247113696,0.04019383738650806,0.1676062783552963,0.6516313406987496,0.18936904631896595,5.283871710106953,0.27132098029038576,-7.606306068319543,0.10535770562896063,0.18969147052839114,46.04029262241885,amp,iso,0.08380313917764814,46.04029262241885,amp,iso,0.08380313917764814,46.04029262241885,amp,iso,0.08380313917764814,-5.0706,-7.625550712771768,-7.58535687538526,False,1.0,-7.622466197856397,-7.58535687538526,fail_ef_outside,0.12339880553967139
JVASP-6478,S3N2Cl2,1,2,42,40,34-35,34,2,0.1476184869091186,0.1476184869091196,0.14807090063943562,0.44414141304087834,0.6354509196867888,0.2911630915480906,3.435805928314819,0.3643790638508888,-0.8681826157120347,0.10480597561964627,0.29105411879050586,187.5842591436987,amp,iso,0.22207070652043917,187.5842591436987,amp,iso,0.22207070652043917,108.83054714792912,stiff,adiab,0.18,-5.0706,-0.9331271110248669,-0.7850562103854313,False,0.0,-0.9331271110248669,-0.7855086241157473,fail_ef_outside,0.18501985430308288
JVASP-6478,S3N2Cl2,1,2,42,40,34-35,35,2,0.14756902633232583,0.1476184869091196,0.14807090063943562,0.44414141304087834,0.6359852298961202,0.2915120348602222,3.4316301922082544,0.3645758934765544,-0.8652842681246811,0.10480597561964627,0.29105411879050586,187.80906879364895,amp,iso,0.22207070652043917,187.80906879364895,amp,iso,0.22207070652043917,108.92205582409396,stiff,adiab,0.18,-5.0706,-0.9331271110248669,-0.7850562103854313,False,0.0,-0.9326252367177575,-0.7850562103854313,fail_ef_outside,0.18539734850806422
JVASP-6478,S3N2Cl2,1,2,42,40,36-37,36,2,0.33089130237749775,0.330891302377497,0.3310067718490107,0.44414141304087834,0.9569104373454925,0.13029215404625108,7.686120578513095,0.2006105507570881,-0.19682659355763646,0.35912719921577063,0.12977359906466537,83.94181095911965,amp,iso,0.22207070652043917,83.94181095911965,amp,iso,0.22207070652043917,68.03925744817168,amp,adiab,0.18,-5.0706,-0.34091479734455293,-0.009908025495542283,False,0.0,-0.34091479734455293,-0.010023494967055983,fail_ef_outside,0.1246779221110844
JVASP-6478,S3N2Cl2,1,2,42,40,36-37,37,2,0.3297446494779004,0.330891302377497,0.3310067718490107,0.44414141304087834,0.957046214078727,0.13006500633015386,7.699022898950477,0.20006512321806436,-0.1952408312628689,0.35912719921577063,0.12977359906466537,83.79546914150215,amp,iso,0.22207070652043917,83.79546914150215,amp,iso,0.22207070652043917,67.9206396998703,amp,adiab,0.18,-5.0706,-0.34091479734455293,-0.009908025495542283,False,0.0,-0.33965267497344065,-0.009908025495542283,fail_ef_outside,0.12447822189239942
JVASP-6484,SNCl,6,2,54,40,0-1,0,2,0.17831887090425447,0.44944322028066175,0.5714452705840998,0.8949775189225804,0.4621596079186257,0.05836522077870509,17.140646698913844,0.10160164420872572,-12.754361402996857,0.9628855499903377,0.039803306243253775,75.7713559988252,amp,iso,0.4474887594612902,75.7713559988252,amp,iso,0.4474887594612902,30.47862944358127,amp,adiab,0.18,-5.5139,-12.860813537160334,-12.289368266576234,False,1.0,-12.860813537160334,-12.682494666256076,fail_ef_outside,0.02697404755117037
JVASP-6484,SNCl,6,2,54,40,0-1,1,2,0.44944322028066175,0.44944322028066175,0.5714452705840998,0.8949775189225804,0.5065246836445317,0.055611426323982506,18.023046621390097,0.10850083870424548,-12.546382935907177,0.9628855499903377,0.039803306243253775,72.19630330147456,amp,iso,0.4474887594612902,72.19630330147456,amp,iso,0.4474887594612902,29.040583298471823,amp,adiab,0.18,-5.5139,-12.860813537160334,-12.289368266576234,False,1.0,-12.738811486856896,-12.289368266576234,fail_ef_outside,0.028168560125776423
JVASP-6484,SNCl,6,2,54,40,2-3,2,2,0.2505382557292517,0.2505382557292446,0.276284850399632,0.15267741810754742,1.001138429142535,0.03290156242614656,30.442104859402072,0.03638623957345468,-11.248260122893804,1.1469441607974042,0.03176917344317331,7.28668724967268,amp,iso,0.07633870905377371,7.28668724967268,amp,iso,0.07633870905377371,7.28668724967268,amp,iso,0.07633870905377371,-5.5139,-11.394390747653654,-11.118105897254022,False,1.0,-11.394390747653654,-11.14385249192441,fail_ef_outside,0.03293901852364742
JVASP-6484,SNCl,6,2,54,40,2-3,3,2,0.20552622695077183,0.2505382557292446,0.276284850399632,0.15267741810754742,1.0098975609955798,0.03212569901972215,31.221858433469638,0.04029371244414451,-11.227532842758773,1.1469441607974042,0.03176917344317331,7.114857294673715,amp,iso,0.07633870905377371,7.114857294673715,amp,iso,0.07633870905377371,7.114857294673715,amp,iso,0.07633870905377371,-5.5139,-11.394390747653654,-11.118105897254022,False,1.0,-11.323632124204787,-11.118105897254022,fail_ef_outside,0.03244366508529549
JVASP-6484,SNCl,6,2,54,40,8-9,8,2,0.11989892421893167,0.17439470245925826,0.1909850033661904,0.6200404763491978,0.9291076898926691,0.08239136982398104,12.147626239050332,0.10982384481125382,-9.841920683546595,1.0603226856516987,0.08213136836318229,74.10381469938977,amp,iso,0.3100202381745989,74.10381469938977,amp,iso,0.3100202381745989,43.02521256169736,amp,adiab,0.18,-5.5139,-9.910718699170278,-9.719733695804088,False,1.0,-9.910718699170278,-9.790819774951347,fail_ef_outside,0.0765504552842516
JVASP-6484,SNCl,6,2,54,40,8-9,9,2,0.17439470245925648,0.17439470245925826,0.1909850033661904,0.6200404763491978,0.9320033249127491,0.08232978963799481,12.162805250891836,0.10765011935375743,-9.824946386723735,1.0603226856516987,0.08213136836318229,74.04842872023654,amp,iso,0.3100202381745989,74.04842872023654,amp,iso,0.3100202381745989,42.99305506028299,amp,adiab,0.18,-5.5139,-9.910718699170278,-9.719733695804088,False,1.0,-9.894128398263346,-9.719733695804088,fail_ef_outside,0.07673163768197835
JVASP-6508,PdSCl,6,2,144,40,0-1,0,2,0.09278685763911731,0.09295803824526949,0.09337904115393592,0.4697805157138397,1.086521161837612,0.031020892244634737,32.5366970203406,0.04725867411499805,-10.168744468893978,0.42859591231706917,0.030840807397806105,21.13917752165405,amp,iso,0.23489025785691986,21.13917752165405,amp,iso,0.23489025785691986,16.199275306749946,amp,adiab,0.18,-3.826,-10.215305394177193,-10.121926353023257,False,1.0,-10.215305394177193,-10.12251853653809,fail_ef_outside,0.03370485588287991
JVASP-6508,PdSCl,6,2,144,40,0-1,1,2,0.09295803824527482,0.09295803824526949,0.09337904115393592,0.4697805157138397,1.0893140511484314,0.03126825739381134,32.27471474440193,0.04753927781542597,-10.166043537781835,0.42859591231706917,0.030840807397806105,21.307744426818395,amp,iso,0.23489025785691986,21.307744426818395,amp,iso,0.23489025785691986,16.32845070638727,amp,adiab,0.18,-3.826,-10.215305394177193,-10.121926353023257,False,1.0,-10.214884391268527,-10.121926353023257,fail_ef_outside,0.03406095213400452
JVASP-6508,PdSCl,6,2,144,40,106-107,106,2,0.029129306916090947,0.03588749655977175,0.04041883621504283,0.05099037738925194,1.8455459806276227,0.019342272641450376,52.29364695095866,0.03302458906775617,-4.4377271101095666,0.43943104392539073,0.019749346790582132,1.4306537162936153,amp,iso,0.02549518869462597,1.4306537162936153,amp,iso,0.02549518869462597,1.4306537162936153,amp,iso,0.02549518869462597,-3.826,-4.454944499170779,-4.414525662955736,False,1.0,-4.454944499170779,-4.425815192254691,fail_ef_outside,0.03569705352963237
JVASP-6508,PdSCl,6,2,144,40,106-107,107,2,0.035887496559777965,0.03588749655977175,0.04041883621504283,0.05099037738925194,1.8348715902687343,0.020247693623299617,49.832696873704585,0.03380516927721566,-4.429486202941598,0.43943104392539073,0.019749346790582132,1.4976232971957537,amp,iso,0.02549518869462597,1.4976232971957537,amp,iso,0.02549518869462597,1.4976232971957537,amp,iso,0.02549518869462597,-3.826,-4.454944499170779,-4.414525662955736,False,1.0,-4.450413159515508,-4.414525662955736,fail_ef_outside,0.03715191779785788
JVASP-6508,PdSCl,6,2,144,40,124-125,124,2,0.2382474433145585,0.23824744331456538,0.23855285649998836,0.1255882348111692,1.148669127289606,0.01863391082976411,55.014287507182736,0.027420382230359395,-1.8810441057571068,0.5155472231683719,0.018082050457287852,3.394624721111607,amp,iso,0.0627941174055846,3.394624721111607,amp,iso,0.0627941174055846,3.394624721111607,amp,iso,0.0627941174055846,-3.826,-2.0011076353125277,-1.7625547788125393,False,0.0,-2.0011076353125277,-1.7628601919979623,fail_ef_outside,0.021404198090817478
JVASP-6508,PdSCl,6,2,144,40,124-125,125,2,0.23814396322677123,0.23824744331456538,0.23855285649998836,0.1255882348111692,1.1455067859747645,0.018624797622285666,55.034582302877034,0.027561901786671606,-1.8795602144705255,0.5155472231683719,0.018082050457287852,3.392964526444069,amp,iso,0.0627941174055846,3.392964526444069,amp,iso,0.0627941174055846,3.392964526444069,amp,iso,0.0627941174055846,-3.826,-2.0011076353125277,-1.7625547788125393,False,0.0,-2.0006987420393068,-1.7625547788125393,fail_ef_outside,0.02133483206373489
JVASP-6508,PdSCl,6,2,144,40,126-127,126,2,0.026170620828336988,0.02793692807224324,0.03010343679607619,0.1117034980320446,0.6384732822083518,0.08740001921024781,11.830507343805975,0.14981484340514456,-1.5736372285497884,0.333167034949889,0.08348685966169371,14.161755819474454,amp,iso,0.0558517490160223,14.161755819474454,amp,iso,0.0558517490160223,14.161755819474454,amp,iso,0.0558517490160223,-3.826,-1.5891668572455697,-1.5590634204494935,False,0.0,-1.5891668572455697,-1.5629962364172303,fail_ef_outside,0.055802577130239915
JVASP-6508,PdSCl,6,2,144,40,126-127,127,2,0.027936928072240352,0.02793692807224324,0.03010343679607619,0.1117034980320446,0.6372782757857564,0.08749296927971996,11.820152803358123,0.14988810641881462,-1.571095933879795,0.333167034949889,0.08348685966169371,14.176816870938312,amp,iso,0.0558517490160223,14.176816870938312,amp,iso,0.0558517490160223,14.176816870938312,amp,iso,0.0558517490160223,-3.826,-1.5891668572455697,-1.5590634204494935,False,0.0,-1.5870003485217368,-1.5590634204494935,fail_ef_outside,0.055757368605956086
JVASP-6508,PdSCl,6,2,144,40,128-129,128,2,0.06749286035774049,0.06749286035774404,0.06785914099741697,0.1117034980320446,0.5428374035591076,0.050458697611312574,20.754803592555536,0.08118674573647248,-1.410134466766071,0.5035650794983055,0.04536732996991312,8.176013701108218,amp,iso,0.0558517490160223,8.176013701108218,amp,iso,0.0558517490160223,8.176013701108218,amp,iso,0.0558517490160223,-3.826,-1.447359922417449,-1.379500781420032,False,0.0,-1.447359922417449,-1.3798670620597049,fail_ef_outside,0.027390868398299063
JVASP-6508,PdSCl,6,2,144,40,128-129,129,2,0.06532739758860728,0.06749286035774404,0.06785914099741697,0.1117034980320446,0.5425686010633997,0.0503823972367697,20.786649930483133,0.0811892968274558,-1.4089013522710008,0.5035650794983055,0.04536732996991312,8.16365046271337,amp,iso,0.0558517490160223,8.16365046271337,amp,iso,0.0558517490160223,8.16365046271337,amp,iso,0.0558517490160223,-3.826,-1.447359922417449,-1.379500781420032,False,0.0,-1.444828179008646,-1.379500781420032,fail_ef_outside,0.02733590678697463
JVASP-6508,PdSCl,6,2,144,40,130-131,130,2,0.02447891844338268,0.024478918443407216,0.024526888025674265,0.5599129559442632,0.6724201482694916,0.054366771579339584,19.25814753964244,0.08321352445126806,-0.8067491735515989,0.4515065563252888,0.04864678240426029,44.156318945804635,amp,iso,0.2799564779721316,44.156318945804635,amp,iso,0.2799564779721316,28.39061795539532,amp,adiab,0.18,-3.826,-0.8195878254757688,-0.7950609374500945,False,0.0,-0.8195878254757688,-0.7951089070323616,fail_ef_outside,0.036557312606313105
JVASP-6508,PdSCl,6,2,144,40,130-131,131,2,0.023671968587395287,0.024478918443407216,0.024526888025674265,0.5599129559442632,0.67292440474692,0.054317287680523255,19.274587418906425,0.08310804718536376,-0.8064654664399731,0.4515065563252888,0.04864678240426029,44.1161284626227,amp,iso,0.2799564779721316,44.1161284626227,amp,iso,0.2799564779721316,28.36477719962803,amp,adiab,0.18,-3.826,-0.8195878254757688,-0.7950609374500945,False,0.0,-0.8187329060374803,-0.7950609374500945,fail_ef_outside,0.03655142847988332
JVASP-6766,HfFeCl6,149,2,60,40,39-40,39,2,0.0912732907987781,0.09127329079877988,0.0932310726605925,0.8159247935816474,1.5740165886745348,0.08575456763717088,11.676818700989351,0.1479236362076038,-5.054772179753825,0.7170229743505859,0.08329189529714898,101.49536092807791,amp,iso,0.4079623967908237,101.49536092807791,amp,iso,0.4079623967908237,44.78149238941071,amp,adiab,0.18,-3.5508,-5.081043172994881,-4.987812100334288,False,1.0,-5.081043172994881,-4.989769882196101,fail_ef_outside,0.13497911201551935
JVASP-6766,HfFeCl6,149,2,60,40,39-40,40,2,0.05401230035960314,0.09127329079877988,0.0932310726605925,0.8159247935816474,1.539123120314874,0.08128843502567097,12.315637688109664,0.13850091574094336,-5.014209677434006,0.7170229743505859,0.08329189529714898,96.20944142726802,amp,iso,0.4079623967908237,96.20944142726802,amp,iso,0.4079623967908237,42.44925413012421,amp,adiab,0.18,-3.5508,-5.081043172994881,-4.987812100334288,False,1.0,-5.0418244006938915,-4.987812100334288,fail_ef_outside,0.1251129097622236
JVASP-6766,HfFeCl6,149,2,60,40,41-42,41,2,0.09067772344670022,0.09067772344670333,0.17005192059028307,0.15088197352525556,0.4965269150483491,0.2057471634497045,4.8609449093598265,0.2229862143840233,-3.592781572187271,0.19202782286493558,0.20819728966869025,45.030836324189046,amp,iso,0.07544098676262778,45.030836324189046,amp,iso,0.07544098676262778,35.640718475430276,stiff,iso,0.07544098676262778,-3.5508,-3.637184831195507,-3.467132910605224,True,0.916875,-3.637184831195507,-3.5465071077488037,PASS,0.10215900434763023
JVASP-6766,HfFeCl6,149,2,60,40,41-42,42,2,0.08756182140422286,0.09067772344670333,0.17005192059028307,0.15088197352525556,0.49303102849658587,0.21128845664303864,4.7330306241385145,0.23774982047592225,-3.4990826663859207,0.19202782286493558,0.20819728966869025,46.24363101175407,amp,iso,0.07544098676262778,46.24363101175407,amp,iso,0.07544098676262778,35.389783622480145,stiff,iso,0.07544098676262778,-3.5508,-3.637184831195507,-3.467132910605224,True,0.003125,-3.5546947320094437,-3.467132910605224,fail_filling,0.10417176508817363
JVASP-6766,HfFeCl6,149,2,60,40,44-45,44,2,0.0350554577854818,0.04803443764832682,0.07866958523182266,0.19141514580460894,0.6065860607380089,0.15119749437235164,6.6151777835404495,0.18174741017378282,-2.355040412689027,0.45678519431686077,0.15174096605804663,41.98166831631605,amp,iso,0.09570757290230447,41.98166831631605,amp,iso,0.09570757290230447,41.98166831631605,amp,iso,0.09570757290230447,-3.5508,-2.3768433666633713,-2.2981737814315486,False,0.0,-2.3768433666633713,-2.3417879088778877,fail_ef_outside,0.09171429250478205
JVASP-6766,HfFeCl6,149,2,60,40,44-45,45,2,0.04803443764833215,0.04803443764832682,0.07866958523182266,0.19141514580460894,0.6182285321863443,0.15385088668946215,6.501335856997483,0.19627354332964872,-2.3221374321778687,0.45678519431686077,0.15174096605804663,42.71841224605121,amp,iso,0.09570757290230447,42.71841224605121,amp,iso,0.09570757290230447,42.71841224605121,amp,iso,0.09570757290230447,-3.5508,-2.3768433666633713,-2.2981737814315486,False,0.0,-2.3462082190798754,-2.2981737814315486,fail_ef_outside,0.09511500785359377
JVASP-6766,HfFeCl6,149,2,60,40,58-59,58,2,0.31321906522491405,0.3132190652249136,0.3517372908909482,0.6120076447192664,0.04394864643925926,0.6061415215594156,1.6516513969692566,0.7592243252404058,2.776583226193848,0.15254298674343014,0.28964430063742347,23.265155558338613,stiff,iso,0.3060038223596332,19.77538222458782,stiff,iso,0.3060038223596332,7.526868071499483,stiff,adiab,0.18,-3.5508,2.5996454534213838,2.951382744312332,False,0.0,2.5996454534213838,2.9128645186462974,fail_ef_outside,0.0266390994231694
JVASP-6766,HfFeCl6,149,2,60,40,58-59,59,2,0.1779190017370884,0.3132190652249136,0.3517372908909482,0.6120076447192664,0.11224729831423057,0.5517845693061333,1.824514221974506,0.7194784548844556,2.844746780883802,0.15254298674343014,0.28964430063742347,59.4205070659698,stiff,iso,0.3060038223596332,50.507431006074334,stiff,iso,0.3060038223596332,19.224041563171742,stiff,adiab,0.18,-3.5508,2.5996454534213838,2.951382744312332,False,0.0,2.7734637425752497,2.951382744312332,fail_ef_outside,0.061936327156094775
JVASP-6775,P3Se4I2,2,2,144,40,14-15,14,2,0.07642412796019826,0.07642412796019649,0.14074306516294222,0.106423022450846,0.020145029629346427,0.040033258776534034,24.98149480617359,0.09405410500229404,-15.907868054793116,0.0357187164586358,0.019235296797345137,1.854415758169936,stiff,iso,0.053211511225423,1.576253394444446,stiff,iso,0.053211511225423,1.0199286669934648,stiff,iso,0.053211511225423,-2.7916,-15.949520506092684,-15.808777440929742,False,1.0,-15.949520506092684,-15.873096378132487,fail_ef_outside,0.000806471184212571
JVASP-6775,P3Se4I2,2,2,144,40,14-15,15,2,0.07048624581104512,0.07642412796019649,0.14074306516294222,0.106423022450846,0.015587221507605224,0.036887601937856375,27.11039225096255,0.08435816549606784,-15.84474415176927,0.0357187164586358,0.019235296797345137,1.434854637676016,stiff,iso,0.053211511225423,1.2196264420246137,stiff,iso,0.053211511225423,0.7891700507218088,stiff,iso,0.053211511225423,-2.7916,-15.949520506092684,-15.808777440929742,False,1.0,-15.879263686740805,-15.808777440929742,fail_ef_outside,0.000574975222289735
JVASP-6775,P3Se4I2,2,2,144,40,20-21,20,2,0.03990112360324005,0.03990112360322762,0.06055891678821368,0.13178429627099142,0.6516101103388134,0.17619538644631436,5.676012100877225,0.243598342554013,-14.270078764490085,0.011566656555588483,0.17533478821155354,33.681931998745135,amp,iso,0.06589214813549571,33.681931998745135,amp,iso,0.06589214813549571,33.681931998745135,amp,iso,0.06589214813549571,-2.7916,-14.287463804581623,-14.22690488779341,False,1.0,-14.287463804581623,-14.247562680978396,fail_ef_outside,0.11481069520347277
JVASP-6775,P3Se4I2,2,2,144,40,20-21,21,2,0.02014670070251867,0.03990112360322762,0.06055891678821368,0.13178429627099142,0.6513275453369574,0.17466929525620295,5.725422517676156,0.24152413239184972,-14.2341860867995,0.011566656555588483,0.17533478821155354,33.39020075239449,amp,iso,0.06589214813549571,33.39020075239449,amp,iso,0.06589214813549571,33.39020075239449,amp,iso,0.06589214813549571,-2.7916,-14.287463804581623,-14.22690488779341,False,1.0,-14.24705158849591,-14.22690488779341,fail_ef_outside,0.11376692332495891
JVASP-6775,P3Se4I2,2,2,144,40,22-23,22,2,0.04665909921596523,0.0466590992159599,0.06267448218060068,0.13178429627099142,0.687406873770557,0.17008068757183,5.880956261140231,0.2465041955954079,-14.075625594359497,0.011755434463251432,0.16983107473303552,32.51303151935637,amp,iso,0.06589214813549571,32.51303151935637,amp,iso,0.06589214813549571,32.51303151935637,amp,iso,0.06589214813549571,-2.7916,-14.095120591522418,-14.032446109341818,False,1.0,-14.095120591522418,-14.048461492306458,fail_ef_outside,0.1169146337324985
JVASP-6775,P3Se4I2,2,2,144,40,22-23,23,2,0.015438705017805532,0.0466590992159599,0.06267448218060068,0.13178429627099142,0.6871730237378145,0.16980882152120552,5.8899287357806065,0.24506680058612632,-14.037148229804297,0.011755434463251432,0.16983107473303552,32.461060954095906,amp,iso,0.06589214813549571,32.461060954095906,amp,iso,0.06589214813549571,32.461060954095906,amp,iso,0.06589214813549571,-2.7916,-14.095120591522418,-14.032446109341818,False,1.0,-14.047884814359612,-14.032446109341818,fail_ef_outside,0.11668804134208167
JVASP-6775,P3Se4I2,2,2,144,40,104-105,104,2,0.06380004644955362,0.1435053797800685,0.29321509272031765,0.13246650097673562,0.11165493936573581,0.05364952098281711,18.71285329241595,0.11403351725150909,-3.0703976383615554,0.15834467289784987,0.05045369611908706,10.30886171374987,amp,iso,0.06623325048836781,10.30886171374987,amp,iso,0.06623325048836781,7.036396503635466,stiff,iso,0.06623325048836781,-2.7916,-3.0996748370400704,-2.8064597443197528,False,1.0,-3.0996748370400704,-3.035874790590526,fail_ef_outside,0.005990234012337216
JVASP-6775,P3Se4I2,2,2,144,40,104-105,105,2,0.14350537978007516,0.1435053797800685,0.29321509272031765,0.13246650097673562,0.09663803913789526,0.05021973008704912,19.92075359877164,0.11425343728473734,-2.8821771649158,0.15834467289784987,0.05045369611908706,9.64982060016985,amp,iso,0.06623325048836781,9.411887111311707,stiff,iso,0.06623325048836781,6.090044601436988,stiff,iso,0.06623325048836781,-2.7916,-3.0996748370400704,-2.8064597443197528,False,1.0,-2.9499651240998213,-2.8064597443197528,fail_ef_outside,0.0048531362416467895
JVASP-6775,P3Se4I2,2,2,144,40,106-107,106,2,0.07975007322806871,0.16415547122936758,0.26101321845218406,0.13246650097673562,0.18817237050567004,0.06097536800220459,16.418585799299827,0.12806222916703094,-2.646492194335866,0.09585704108009449,0.05823595911145625,11.716537727914847,amp,iso,0.06623325048836781,11.716537727914847,amp,iso,0.06623325048836781,11.716537727914847,amp,iso,0.06623325048836781,-2.7916,-2.673993243343017,-2.412980024890833,False,0.0,-2.673993243343017,-2.594243170114949,fail_ef_outside,0.01147387953943042
JVASP-6775,P3Se4I2,2,2,144,40,106-107,107,2,0.1641554712293627,0.16415547122936758,0.26101321845218406,0.13246650097673562,0.1899390244322529,0.057231736983183124,17.491494390684608,0.12470774993336736,-2.4978939103799864,0.09585704108009449,0.05823595911145625,10.99719161306776,amp,iso,0.06623325048836781,10.99719161306776,amp,iso,0.06623325048836781,10.99719161306776,amp,iso,0.06623325048836781,-2.7916,-2.673993243343017,-2.412980024890833,False,0.0,-2.5771354961202007,-2.412980024890833,fail_ef_outside,0.010870540289149092
JVASP-6796,Ta3SeI7,156,2,100,40,6-7,6,2,0.14837280085800586,0.176325028327037,0.17849317600502523,0.05288698035909967,1.3728587934187777,0.03976079506614859,25.510530869608292,0.07670363309460197,-15.33108557835424,1.0190366312388344,0.03995488636443575,3.050300540374577,amp,iso,0.026443490179549833,3.050300540374577,amp,iso,0.026443490179549833,3.050300540374577,amp,iso,0.026443490179549833,-2.3762,-15.405842447857287,-15.227349271852262,False,1.0,-15.405842447857287,-15.2574696469993,fail_ef_outside,0.05458595713988404
JVASP-6796,Ta3SeI7,156,2,100,40,6-7,7,2,0.17632502832702457,0.176325028327037,0.17849317600502523,0.05288698035909967,1.2639331622826016,0.04017416422574444,25.181078790314128,0.07815867714106942,-15.313809187675156,1.0190366312388344,0.03995488636443575,3.082012687196382,amp,iso,0.026443490179549833,3.082012687196382,amp,iso,0.026443490179549833,3.082012687196382,amp,iso,0.026443490179549833,-2.3762,-15.405842447857287,-15.227349271852262,False,1.0,-15.403674300179299,-15.227349271852262,fail_ef_outside,0.05077745843190574
JVASP-6796,Ta3SeI7,156,2,100,40,70-71,70,2,0.12940136578252126,0.12940136578252814,0.13440956082628763,0.6088012654822235,1.6360923211456422,0.04716302730464447,21.2756305840331,0.07167578702876835,-1.7055688634898383,1.0919097040606291,0.047218868256160965,41.650097343483765,amp,iso,0.30440063274111173,41.650097343483765,amp,iso,0.30440063274111173,24.628784291007637,amp,adiab,0.18,-2.3762,-1.752141562443808,-1.6177320016175203,False,0.0,-1.752141562443808,-1.6227401966612798,fail_ef_outside,0.07716306681511108
JVASP-6796,Ta3SeI7,156,2,100,40,70-71,71,2,0.1273761581822801,0.12940136578252814,0.13440956082628763,0.6088012654822235,1.6782520265416918,0.04730080495394544,21.217539679820007,0.07249909795131348,-1.6723673387154923,1.0919097040606291,0.047218868256160965,41.77177003569825,amp,iso,0.30440063274111173,41.77177003569825,amp,iso,0.30440063274111173,24.70073251398402,amp,adiab,0.18,-2.3762,-1.752141562443808,-1.6177320016175203,False,0.0,-1.745108159799802,-1.6177320016175203,fail_ef_outside,0.07938267177101223
JVASP-6799,Ta3TeI7,156,2,100,40,6-7,6,2,0.0869450897594568,0.11623166969613052,0.11704246179147937,0.09970670859283004,1.8224299956653085,0.048206735368035374,20.817068312330278,0.09393342971290025,-15.105231335070632,0.9316619777331103,0.04756573850514608,6.97221710331597,amp,iso,0.04985335429641502,6.97221710331597,amp,iso,0.04985335429641502,6.97221710331597,amp,iso,0.04985335429641502,-2.1416,-15.138140418477423,-15.021097956685944,False,1.0,-15.138140418477423,-15.051195328717984,fail_ef_outside,0.08785340052780738
JVASP-6799,Ta3TeI7,156,2,100,40,6-7,7,2,0.11623166969612697,0.11623166969613052,0.11704246179147937,0.09970670859283004,1.7386632870573506,0.047128684395804574,21.308541799257803,0.09062350645336587,-15.090244620755161,0.9316619777331103,0.04756573850514608,6.816296869982394,amp,iso,0.04985335429641502,6.816296869982394,amp,iso,0.04985335429641502,6.816296869982394,amp,iso,0.04985335429641502,-2.1416,-15.138140418477423,-15.021097956685944,False,1.0,-15.137329626382074,-15.021097956685944,fail_ef_outside,0.08194091332629805
JVASP-6799,Ta3TeI7,156,2,100,40,8-9,8,2,0.033932782092316316,0.03913975558347893,0.042711044200590464,0.14488513818023563,0.8221130072588956,0.08014048522363659,12.498300431035872,0.09174648343201255,-14.838891337323842,0.4243084650557417,0.08022986358764128,16.842812243187712,amp,iso,0.07244256909011781,16.842812243187712,amp,iso,0.07244256909011781,16.842812243187712,amp,iso,0.07244256909011781,-2.1416,-14.854571212960492,-14.811860168759901,False,1.0,-14.854571212960492,-14.820638430868177,fail_ef_outside,0.06588453531039097
JVASP-6799,Ta3TeI7,156,2,100,40,8-9,9,2,0.039139755583491365,0.03913975558347893,0.042711044200590464,0.14488513818023563,0.8348587304556279,0.0806212092216596,12.436351126823759,0.09349681211659512,-14.833127450832809,0.4243084650557417,0.08022986358764128,16.943844125099854,amp,iso,0.07244256909011781,16.943844125099854,amp,iso,0.07244256909011781,16.943844125099854,amp,iso,0.07244256909011781,-2.1416,-14.854571212960492,-14.811860168759901,False,1.0,-14.85099992434338,-14.811860168759901,fail_ef_outside,0.0673073203785923
JVASP-6799,Ta3TeI7,156,2,100,40,14-15,14,2,0.0879939600328683,0.08799396003290028,0.08860788598771308,1.724434508830086,0.6322715634540946,0.2616744484964075,3.821666321650723,0.32970684065706657,-12.760380377071293,0.10209393476807728,0.2613572136235011,654.5560225741909,amp,iso,0.862217254415043,379.5772000748603,amp,adiab,0.5,108.2860344756478,stiff,adiab,0.18,-2.1416,-12.787098404108084,-12.698490518120371,False,1.0,-12.787098404108084,-12.699104444075184,fail_ef_outside,0.1654493126668115
JVASP-6799,Ta3TeI7,156,2,100,40,14-15,15,2,0.08099818549941418,0.08799396003290028,0.08860788598771308,1.724434508830086,0.6323490823620467,0.26106616081990774,3.8304667735880584,0.3279372044746571,-12.754194941618552,0.10209393476807728,0.2613572136235011,653.0344435113577,amp,iso,0.862217254415043,378.69483599838077,amp,adiab,0.5,108.29931075695508,stiff,adiab,0.18,-2.1416,-12.787098404108084,-12.698490518120371,False,1.0,-12.779488703619814,-12.698490518120371,fail_ef_outside,0.16508494723025116
JVASP-6799,Ta3TeI7,156,2,100,40,70-71,70,2,0.12551661370307565,0.1255166137030812,0.12960794166651723,0.5741563744913661,1.2794718070960647,0.04246731342400633,23.62662921092242,0.06546914444778608,-1.5068371610320765,1.1007691793442818,0.042294073293686556,35.369081252126534,amp,iso,0.28707818724568307,35.369081252126534,amp,iso,0.28707818724568307,22.176657469048134,amp,adiab,0.18,-2.1416,-1.5483206961031863,-1.418712754436669,False,0.0,-1.5483206961031863,-1.4228040824001051,fail_ef_outside,0.05433573024912834
JVASP-6799,Ta3TeI7,156,2,100,40,70-71,71,2,0.12248901013981106,0.1255166137030812,0.12960794166651723,0.5741563744913661,1.3110837108843487,0.04215007212756551,23.806812394283085,0.06591427774164281,-1.4712672781677685,1.1007691793442818,0.042294073293686556,35.10486549921756,amp,iso,0.28707818724568307,35.10486549921756,amp,iso,0.28707818724568307,22.010992372790177,amp,adiab,0.18,-2.1416,-1.5483206961031863,-1.418712754436669,False,0.0,-1.5412017645764784,-1.418712754436669,fail_ef_outside,0.05526227297905154
JVASP-6829,CrBrO,59,2,52,40,48-49,48,2,0.3202067013590093,0.3650177880308232,0.42563335388807433,1.1716516611819165,1.6268345464773317,0.4640366577011667,2.1551035116983703,0.4623979230638217,2.7677049373409095,0.0472052953511971,0.45640304206499727,788.6596161861551,amp,iso,0.5858258305909583,673.1178235949292,amp,adiab,0.5,242.32241649417452,amp,adiab,0.18,-2.5802,2.573873542314386,2.9995068962024605,False,0.0,2.573873542314386,2.8940802436733897,fail_ef_outside,0.7549108655801343
JVASP-6829,CrBrO,59,2,52,40,48-49,49,2,0.3650177880308214,0.3650177880308232,0.42563335388807433,1.1716516611819165,1.6300238109522263,0.4488985444529789,2.2279176033383226,0.4544058328398687,2.8546227880717163,0.0472052953511971,0.45640304206499727,762.931436340961,amp,iso,0.5858258305909583,651.1589251461868,amp,adiab,0.5,234.41721305262726,amp,adiab,0.18,-2.5802,2.573873542314386,2.9995068962024605,False,0.0,2.6344891081716373,2.9995068962024605,fail_ef_outside,0.731715316160152
JVASP-6943,CrCl3,12,2,120,40,72-73,72,2,0.1547827564540043,0.16236425199476034,0.1630937641885586,0.13265357170575154,3.1596104902253765,0.049405504869374506,21.161813185626617,0.07403687197094806,-5.398630845926851,1.0065523982984925,0.04721552784117853,9.506772252980092,amp,iso,0.06632678585287577,9.506772252980092,amp,iso,0.06632678585287577,9.506772252980092,amp,iso,0.06632678585287577,-4.6596,-5.490879917269547,-5.3277861530809885,False,1.0,-5.490879917269547,-5.33609716081554,fail_ef_outside,0.1561021514601566
JVASP-6943,CrCl3,12,2,120,40,72-73,73,2,0.16236425199476123,0.16236425199476034,0.1630937641885586,0.13265357170575154,3.175785405502383,0.04893081515902798,21.459811236357755,0.062454951318816884,-5.375463414005567,1.0065523982984925,0.04721552784117853,9.415430873532012,amp,iso,0.06632678585287577,9.415430873532012,amp,iso,0.06632678585287577,9.415430873532012,amp,iso,0.06632678585287577,-4.6596,-5.490879917269547,-5.3277861530809885,False,1.0,-5.490150405075749,-5.3277861530809885,fail_ef_outside,0.15539376866137583
JVASP-8367,Ca3BiN,221,3,50,24,0-1,0,2,0.39299508105842307,0.3929950810584062,0.39892219882687563,6.103029177803439,2.699733524314942,0.4017922231430194,2.4904992651384177,0.43295652265705514,-5.67289135076797,0.19186234726563256,0.40188969334560365,1748.483674452929,amp,phys,1.5,582.8278914843097,amp,adiab,0.5,209.8180409343515,amp,adiab,0.18,4.7957,-5.953148389472359,-5.554226190645483,False,1.0,-5.953148389472359,-5.560153308413953,fail_ef_outside,1.0847319346282391
JVASP-8367,Ca3BiN,221,3,50,24,0-1,1,2,0.3865997644354966,0.3929950810584062,0.39892219882687563,6.103029177803439,2.6996473229860802,0.4020944746605739,2.4882307999248305,0.4293774642153152,-5.666446626994987,0.19186234726563256,0.40188969334560365,1749.7989857346872,amp,phys,1.5,583.2663285782291,amp,adiab,0.5,209.97587828816245,amp,adiab,0.18,4.7957,-5.953148389472359,-5.554226190645483,False,1.0,-5.940825955080983,-5.554226190645483,fail_ef_outside,1.0855132721049126
JVASP-8385,YCoF5,71,3,54,20,35-36,35,2,0.07242708426566546,0.08729134544032918,0.743044067084158,0.32472764949481836,0.03628855774546749,0.31906068377031627,3.134642189197357,0.426242543930884,-0.47342722338171017,0.16868063482868323,0.18586372866963044,25.19563224675603,stiff,iso,0.16236382474740918,21.416287409742626,stiff,iso,0.16236382474740918,13.857597735715817,stiff,iso,0.16236382474740918,0.2841,-0.5130997619658711,0.2299443051182869,False,1.0,-0.5130997619658711,-0.4406726777002099,fail_ef_outside,0.011578252047307464
JVASP-8385,YCoF5,71,3,54,20,35-36,36,2,0.08729134544032652,0.08729134544032918,0.743044067084158,0.32472764949481836,0.13266311582503842,0.23712875581241272,4.217158414008988,0.30796712524771674,0.1957851883357637,0.16868063482868323,0.18586372866963044,92.10978023655285,stiff,iso,0.16236382474740918,78.2933132010699,stiff,iso,0.16236382474740918,50.660379130104076,stiff,iso,0.16236382474740918,0.2841,-0.5130997619658711,0.2299443051182869,False,1.0,0.1426529596779577,0.2299443051182869,fail_ef_outside,0.03145823959778936
JVASP-8385,YCoF5,71,3,54,20,37-38,37,2,0.06206821538459639,0.4252620798956983,0.4968379116359075,0.3066221814865102,0.12973052834401788,0.3416876596352226,2.9297927839908153,0.4854159324827907,0.5845992261474057,0.1945364818531708,0.21569011588366097,85.05151223642878,stiff,iso,0.1533110907432551,72.29378540096447,stiff,iso,0.1533110907432551,46.77833173003584,stiff,iso,0.1533110907432551,0.2841,0.5546719546131053,1.0515098662490128,False,0.0,0.5546719546131053,0.6167401699976996,fail_ef_outside,0.04432732061310838
JVASP-8385,YCoF5,71,3,54,20,37-38,38,2,0.4252620798957073,0.4252620798956983,0.4968379116359075,0.3066221814865102,0.0997678857947408,0.3011675358014454,3.3215245179803485,0.462298893536195,0.833167591170492,0.1945364818531708,0.21569011588366097,65.40796270383265,stiff,iso,0.1533110907432551,55.59676829825775,stiff,iso,0.1533110907432551,35.97437948710796,stiff,iso,0.1533110907432551,0.2841,0.5546719546131053,1.0515098662490128,False,0.0,0.6262477863533145,1.0515098662490128,fail_ef_outside,0.030046848316922115
JVASP-8659,Rb2SnI6,225,3,80,16,12-13,12,2,0.36941532808980515,0.37114722299403446,0.37135239149839894,2.549286186055993,1.4762973064026492,0.26281938865842436,3.8126346258357637,0.3740071371145865,-4.784488198176344,0.6869234427196929,0.2610932697344581,971.8848086619392,amp,iso,1.2746430930279966,381.2380163427413,amp,adiab,0.5,137.24568588338687,amp,adiab,0.18,2.0542,-5.055132048231112,-4.683779656732713,False,1.0,-5.055132048231112,-4.685716720141318,fail_ef_outside,0.38799955554682286
JVASP-8659,Rb2SnI6,225,3,80,16,12-13,13,2,0.3711472229940398,0.37114722299403446,0.37135239149839894,2.549286186055993,1.4765873486680081,0.2640923997726937,3.7992013845136476,0.37893441183894006,-4.783065703050601,0.6869234427196929,0.2610932697344581,976.592300637823,amp,iso,1.2746430930279966,383.0846085384832,amp,adiab,0.5,137.91045907385396,amp,adiab,0.18,2.0542,-5.055132048231112,-4.683779656732713,False,1.0,-5.0549268797267475,-4.683779656732713,fail_ef_outside,0.3899554963837335
JVASP-12648,MnSnB2O6,148,3,72,16,37-38,37,2,0.29901345631786835,0.29901345631786125,0.4700622985340166,0.0977436873062354,0.3195509112781975,0.2533794333695677,4.019704281010033,0.3394249557839904,5.537523165967641,0.2595843296732563,0.20496583392958637,35.92517393079348,amp,iso,0.0488718436531177,35.92517393079348,amp,iso,0.0488718436531177,35.92517393079348,amp,iso,0.0488718436531177,6.4343,5.345198639387141,5.815260937921158,False,1.0,5.345198639387141,5.644212095705003,fail_ef_outside,0.08096762883239869
JVASP-12648,MnSnB2O6,148,3,72,16,37-38,38,2,0.2528914699942604,0.29901345631786125,0.4700622985340166,0.0977436873062354,0.3336258511127329,0.29510802495741606,3.4137367809949763,0.45077225900325235,5.732450027699065,0.2595843296732563,0.20496583392958637,41.84162457062883,amp,iso,0.0488718436531177,41.84162457062883,amp,iso,0.0488718436531177,38.348412173830546,stiff,iso,0.0488718436531177,6.4343,5.345198639387141,5.815260937921158,False,1.0,5.562369467926898,5.815260937921158,fail_ef_outside,0.09845566599661555
JVASP-12648,MnSnB2O6,148,3,72,16,39-40,39,2,0.4471955676069168,0.4471955676069186,0.4777203630866973,0.0977436873062354,0.5838917068508473,0.2883989738965138,3.5163770544766555,0.45087928492949303,6.160674134434126,0.3132622528047093,0.28635210011074214,40.890387830265844,amp,iso,0.0488718436531177,40.890387830265844,amp,iso,0.0488718436531177,40.890387830265844,amp,iso,0.0488718436531177,6.4343,5.913004625227393,6.390724988314091,False,1.0,5.913004625227393,6.360200192834312,fail_ef_outside,0.16839376912246842
JVASP-12648,MnSnB2O6,148,3,72,16,39-40,40,2,0.19363458704507686,0.4471955676069186,0.4777203630866973,0.0977436873062354,0.5612144474573116,0.5132628523880816,2.0154491420100062,0.6782095740950469,6.307272019665231,0.3132622528047093,0.28635210011074214,72.77250958787424,amp,iso,0.0488718436531177,72.77250958787424,amp,iso,0.0488718436531177,64.50843925079813,stiff,iso,0.0488718436531177,6.4343,5.913004625227393,6.390724988314091,False,1.0,6.19709040126901,6.390724988314091,fail_ef_outside,0.2880505281033409
JVASP-13546,VBr2,164,2,28,40,19-20,19,2,0.22610998441583785,0.2975696613723816,0.3894210235840766,0.13030321303144832,1.6186529716840694,0.19270673839308985,5.22091263286844,0.24460607889271924,-1.2824295331456286,0.3632700229705813,0.18338017599488896,36.42426744083177,amp,iso,0.06515160651572416,36.42426744083177,amp,iso,0.06515160651572416,36.42426744083177,amp,iso,0.06515160651572416,-2.74,-1.3705500589572972,-0.9811290353732206,False,0.0,-1.3705500589572972,-1.1444400745414551,fail_ef_outside,0.31192533476351947
JVASP-13546,VBr2,164,2,28,40,19-20,20,2,0.29756966137238217,0.2975696613723816,0.3894210235840766,0.13030321303144832,1.5963943939844474,0.1763967520037844,5.684293528201122,0.21836398185406602,-1.132007592328426,0.3632700229705813,0.18338017599488896,33.34145201281822,amp,iso,0.06515160651572416,33.34145201281822,amp,iso,0.06515160651572416,33.34145201281822,amp,iso,0.06515160651572416,-2.74,-1.3705500589572972,-0.9811290353732206,False,0.0,-1.2786986967456022,-0.9811290353732206,fail_ef_outside,0.28159878601590627
JVASP-13576,FeBr2,164,2,28,40,24-25,24,2,0.25826046742531594,0.2604371153681164,0.39449141517623976,0.6289354318503233,1.75031677242796,0.1798434538939337,5.599938735159011,0.2273281327934768,-1.926144675726698,0.4054515676766708,0.16986667118327137,164.07389835017187,amp,iso,0.31446771592516165,164.07389835017187,amp,iso,0.31446771592516165,93.91521039336004,amp,adiab,0.18,-3.1351,-2.0383530245023573,-1.6438616093261176,False,0.0,-2.0383530245023573,-1.7800925570770447,fail_ef_outside,0.31478301376192663
JVASP-13576,FeBr2,164,2,28,40,24-25,25,2,0.26043711536811975,0.2604371153681164,0.39449141517623976,0.6289354318503233,1.705407445531602,0.1626323273701778,6.165087952143633,0.19668435816982094,-1.7686321939536531,0.4054515676766708,0.16986667118327137,148.3719277607051,amp,iso,0.31446771592516165,148.3719277607051,amp,iso,0.31446771592516165,84.92746836779503,amp,adiab,0.18,-3.1351,-2.0383530245023573,-1.6438616093261176,False,0.0,-1.904298724694234,-1.6438616093261176,fail_ef_outside,0.27735438198123413
JVASP-13600,ZrFeCl6,149,2,60,40,0-1,0,2,0.1785223932103417,0.21155936061837544,0.40418770982016206,0.1213327672178579,0.5027700174311215,0.07842788657245019,12.769853358656466,0.15942257099826146,-9.384242972041429,1.0183023096698982,0.03772779619560849,13.80344264572961,amp,iso,0.06066638360892895,13.80344264572961,amp,iso,0.06066638360892895,13.80344264572961,amp,iso,0.06066638360892895,-3.4593,-9.434783520452774,-9.030595810632612,False,1.0,-9.434783520452774,-9.256261127242427,fail_ef_outside,0.0394311898991168
JVASP-13600,ZrFeCl6,149,2,60,40,0-1,1,2,0.21155936061836833,0.21155936061837544,0.40418770982016206,0.1213327672178579,0.515769719936971,0.07243458876732256,13.827504622939703,0.12927756878098678,-9.179818418810891,1.0183023096698982,0.03772779619560849,12.748611945485845,amp,iso,0.06066638360892895,12.748611945485845,amp,iso,0.06066638360892895,12.748611945485845,amp,iso,0.06066638360892895,-3.4593,-9.434783520452774,-9.030595810632612,False,1.0,-9.242155171250987,-9.030595810632612,fail_ef_outside,0.03735956756227162
JVASP-13600,ZrFeCl6,149,2,60,40,39-40,39,2,0.08670884457200057,0.08670884457199879,0.08812513917964626,0.8389613166674268,1.6275348670941778,0.08427196042678911,11.882855409946167,0.14656418279754382,-4.938357193637811,0.7220552573379065,0.08194902303986734,102.55665184832296,amp,iso,0.4194806583337134,102.55665184832296,amp,iso,0.4194806583337134,44.00726700016838,amp,adiab,0.18,-3.4593,-4.963983607516173,-4.875858468336527,False,1.0,-4.963983607516173,-4.877274762944174,fail_ef_outside,0.13715555391298004
JVASP-13600,ZrFeCl6,149,2,60,40,39-40,40,2,0.04960086045470735,0.08670884457199879,0.08812513917964626,0.8389613166674268,1.5934662168833995,0.08005311737580362,12.505886523200733,0.13789375752679459,-4.899690655615674,0.7220552573379065,0.08194902303986734,97.4224361994712,amp,iso,0.4194806583337134,97.4224361994712,amp,iso,0.4194806583337134,41.80416466771683,amp,adiab,0.18,-3.4593,-4.963983607516173,-4.875858468336527,False,1.0,-4.925459328791236,-4.875858468336527,fail_ef_outside,0.12756193809454452
JVASP-13600,ZrFeCl6,149,2,60,40,41-42,41,2,0.09029254846631174,0.09029254846630819,0.1732233811042625,0.12036212396180579,0.4925888058101876,0.19619582833806914,5.098009346732136,0.2152417114880572,-3.504475666787373,0.22204068080384112,0.2013706276862751,34.25456147983685,amp,iso,0.060181061980902895,34.25456147983685,amp,iso,0.060181061980902895,28.205946661533805,stiff,iso,0.060181061980902895,-3.4593,-3.547912798937878,-3.3746894178336153,True,0.963125,-3.547912798937878,-3.4576202504715696,fail_filling,0.09664386878599004
JVASP-13600,ZrFeCl6,149,2,60,40,41-42,42,2,0.0823892135951505,0.09029254846630819,0.1732233811042625,0.12036212396180579,0.4889050657894357,0.20795901873734973,4.809033992020442,0.23667801542414596,-3.4063540282753775,0.22204068080384112,0.2013706276862751,36.30834076833866,amp,iso,0.060181061980902895,36.30834076833866,amp,iso,0.060181061980902895,27.995013377393516,stiff,iso,0.060181061980902895,-3.4593,-3.547912798937878,-3.3746894178336153,True,0.0,-3.457078631428763,-3.3746894178336153,fail_filling,0.10167221773729046
JVASP-13600,ZrFeCl6,149,2,60,40,50-51,50,2,0.08242302996724371,0.0824230299672446,0.11137760471744795,0.05783097611799359,0.945055460688755,0.08355492348090288,11.97137818177001,0.10930593842932271,-1.9660778766121394,0.8711917955933329,0.08570870756742614,7.009247073278284,amp,iso,0.028915488058996797,7.009247073278284,amp,iso,0.028915488058996797,7.009247073278284,amp,iso,0.028915488058996797,-3.4593,-1.9945579365624417,-1.8831803318449938,False,0.0,-1.9945579365624417,-1.9121349065951971,fail_ef_outside,0.07896403670305834
JVASP-13600,ZrFeCl6,149,2,60,40,50-51,51,2,0.0708262375132811,0.0824230299672446,0.11137760471744795,0.05783097611799359,0.9388249463936498,0.10233054969293698,10.396802376202379,0.18826848793790463,-1.9356495830831142,0.8711917955933329,0.08570870756742614,8.584294929144562,amp,iso,0.028915488058996797,8.584294929144562,amp,iso,0.028915488058996797,8.584294929144562,amp,iso,0.028915488058996797,-3.4593,-1.9945579365624417,-1.8831803318449938,False,0.0,-1.9540065693582738,-1.8831803318449938,fail_ef_outside,0.09607047282990427
JVASP-13611,PI2,2,2,48,40,0-1,0,2,0.19409877024616762,0.19412729908708215,0.1944383246627055,0.7002904446183038,7.7235360183209405,0.0544857711402454,18.356077626490162,0.05982263053214407,-16.997771118768814,0.465496674220447,0.054477048836296435,55.34776684282431,amp,iso,0.3501452223091519,55.34776684282431,amp,iso,0.3501452223091519,28.452760160503207,amp,adiab,0.18,-3.3543,-17.092256580126527,-16.89781825546382,False,1.0,-17.092256580126527,-16.898157809880363,fail_ef_outside,0.42082281588767695
JVASP-13611,PI2,2,2,48,40,0-1,1,2,0.1941272990870857,0.19412729908708215,0.1944383246627055,0.7002904446183038,7.723456975626675,0.05449060097258113,18.354797690696902,0.06003272926645015,-16.997112429582945,0.465496674220447,0.054477048836296435,55.3526730858381,amp,iso,0.3501452223091519,55.3526730858381,amp,iso,0.3501452223091519,28.455282324697414,amp,adiab,0.18,-3.3543,-17.092256580126527,-16.89781825546382,False,1.0,-17.091945554550904,-16.89781825546382,fail_ef_outside,0.4208558121877714
JVASP-13611,PI2,2,2,48,40,2-3,2,2,0.1858077078666618,0.18619522060875582,0.18626537560738754,0.24272457149671745,7.013349876718908,0.06501941054574575,15.609508269428172,0.08957406308905891,-16.092606258243,0.43218170185419935,0.06199682847061841,22.892623797020658,amp,iso,0.12136228574835872,22.892623797020658,amp,iso,0.12136228574835872,22.892623797020658,amp,iso,0.12136228574835872,-3.3543,-16.197527810845518,-16.01126243523813,False,1.0,-16.197527810845518,-16.011720102978867,fail_ef_outside,0.45600387493534206
JVASP-13611,PI2,2,2,48,40,2-3,3,2,0.1861952206087487,0.18619522060875582,0.18626537560738754,0.24272457149671745,7.013226689578172,0.0649644352105981,15.619553247750597,0.08929678371313293,-16.09217985462581,0.43218170185419935,0.06199682847061841,22.87326758239049,amp,iso,0.12136228574835872,22.87326758239049,amp,iso,0.12136228574835872,22.87326758239049,amp,iso,0.12136228574835872,-3.3543,-16.197527810845518,-16.01126243523813,False,1.0,-16.197457655846886,-16.01126243523813,fail_ef_outside,0.4556103108923385
JVASP-13611,PI2,2,2,48,40,8-9,8,2,0.222394098150426,0.22239409815043132,0.22273752649386225,1.6288403652272674,9.28020111441673,0.05076811289806503,19.709465038635845,0.07561941748617743,-13.569205314382716,0.46726135229921606,0.050689078732672914,119.95223497322739,amp,iso,0.8144201826136337,73.64272001970603,amp,adiab,0.5,26.511379207094176,amp,adiab,0.18,-3.3543,-13.69692173326,-13.474184206766138,False,1.0,-13.69692173326,-13.474527635109569,fail_ef_outside,0.47113829789345746
JVASP-13611,PI2,2,2,48,40,8-9,9,2,0.22216310388043858,0.22239409815043132,0.22273752649386225,1.6288403652272674,9.280394548719116,0.05076333596287215,19.709703191849115,0.07538722742235743,-13.56854769687156,0.46726135229921606,0.050689078732672914,119.94094828124695,amp,iso,0.8144201826136337,73.63579073908322,amp,adiab,0.5,26.50888466606996,amp,adiab,0.18,-3.3543,-13.69692173326,-13.474184206766138,False,1.0,-13.696347310646578,-13.474184206766138,fail_ef_outside,0.47110378634463573
JVASP-13611,PI2,2,2,48,40,10-11,10,2,0.45784788165543233,0.45784788165543766,0.4580636746345146,1.7829627801608314,9.733554586489642,0.06093613172173677,16.42042605374947,0.08287452795075897,-11.499000858392565,0.49485965774071006,0.06089914447086045,157.59990778265004,amp,iso,0.8914813900804157,88.39214678863561,amp,adiab,0.5,31.82117284390882,amp,adiab,0.18,-3.3543,-11.691221426605306,-11.233157751970792,False,1.0,-11.691221426605306,-11.233373544949869,fail_ef_outside,0.593125164403048
JVASP-13611,PI2,2,2,48,40,10-11,11,2,0.45776298244543945,0.45784788165543766,0.4580636746345146,1.7829627801608314,9.733570897557719,0.0609446473664719,16.41857264196564,0.08292200150960985,-11.498607355404056,0.49485965774071006,0.06089914447086045,157.6219319050721,amp,iso,0.8914813900804157,88.404499330521,amp,adiab,0.5,31.82561975898756,amp,adiab,0.18,-3.3543,-11.691221426605306,-11.233157751970792,False,1.0,-11.690920734416238,-11.233157751970792,fail_ef_outside,0.5932090459682086
JVASP-13611,PI2,2,2,48,40,46-47,46,2,0.37395267860167536,0.37432092019957697,0.3748064011188467,0.16556121909775795,5.6761944653975505,0.07034247452819149,14.252027977128096,0.09177783184203396,0.061381462631006946,0.7049562983870928,0.06969657994966659,16.893321918176763,amp,iso,0.08278060954887898,16.893321918176763,amp,iso,0.08278060954887898,16.893321918176763,amp,iso,0.08278060954887898,-3.3543,-0.09240104495608377,0.28240535616276297,False,0.0,-0.09240104495608377,0.2815516336455863,fail_ef_outside,0.3992775645992887
JVASP-13611,PI2,2,2,48,40,46-47,47,2,0.37432092019958063,0.37432092019957697,0.3748064011188467,0.16556121909775795,5.6759284672102375,0.07037913281230312,14.245317903040426,0.0920239071461286,0.06221443534487266,0.7049562983870928,0.06969657994966659,16.90212570562694,amp,iso,0.08278060954887898,16.90212570562694,amp,iso,0.08278060954887898,16.90212570562694,amp,iso,0.08278060954887898,-3.3543,-0.09240104495608377,0.28240535616276297,False,0.0,-0.09191556403681402,0.28240535616276297,fail_ef_outside,0.3994669234269214
JVASP-13616,AsCl5,25,2,38,40,0-1,0,2,0.039315821648834515,0.06523092136478681,0.06963554103261771,4.16953647588395,0.140750136531898,0.23222194092823273,4.307043027121294,0.41885825664946863,-15.738100617852302,0.28127406963591206,0.1732411038510955,365.23609373282864,stiff,phys,1.5,103.48355989096812,stiff,adiab,0.5,24.10558218636669,stiff,adiab,0.18,-6.7556,-15.763745257550458,-15.69410971651784,False,1.0,-15.763745257550458,-15.724429435901621,fail_ef_outside,0.03268526989135111
JVASP-13616,AsCl5,25,2,38,40,0-1,1,2,0.06523092136479036,0.06523092136478681,0.06963554103261771,4.16953647588395,0.1409603798464417,0.23049422399671593,4.339401770367394,0.4164711101610905,-15.71619152677716,0.28127406963591206,0.1732411038510955,365.7816594340738,stiff,phys,1.5,103.63813683965427,stiff,adiab,0.5,24.141589522648875,stiff,adiab,0.18,-6.7556,-15.763745257550458,-15.69410971651784,False,1.0,-15.759340637882627,-15.69410971651784,fail_ef_outside,0.03249055336698789
JVASP-13616,AsCl5,25,2,38,40,6-7,6,2,0.016303767182655804,0.016303767182666462,0.017592414298729153,0.062337596435716236,1.064027459972026,0.12630205345771853,7.933976290258933,0.13485785376917533,-11.034744364788482,0.19562060639616935,0.12350865728307577,11.420872021180525,amp,iso,0.031168798217858118,11.420872021180525,amp,iso,0.031168798217858118,11.420872021180525,amp,iso,0.031168798217858118,-6.7556,-11.041156936437204,-11.023564522138475,False,1.0,-11.041156936437204,-11.024853169254538,fail_ef_outside,0.1343888531298673
JVASP-13616,AsCl5,25,2,38,40,6-7,7,2,0.014680657619651427,0.016303767182666462,0.017592414298729153,0.062337596435716236,1.0635137215113863,0.12120116654396718,8.268511066203038,0.13141298901853854,-11.032116955636534,0.19562060639616935,0.12350865728307577,10.959623965099071,amp,iso,0.031168798217858118,10.959623965099071,amp,iso,0.031168798217858118,10.959623965099071,amp,iso,0.031168798217858118,-6.7556,-11.041156936437204,-11.023564522138475,False,1.0,-11.038245179758118,-11.023564522138475,fail_ef_outside,0.12889910368269586
JVASP-13616,AsCl5,25,2,38,40,30-31,30,2,0.3587289665869724,0.36508284913234057,0.378113668622472,1.6649112164630608,0.2552424100990605,0.09927405435566634,10.123517255505009,0.1790789878343017,-4.984417454964931,0.47609970094187576,0.07558361084860865,239.75387679509893,amp,iso,0.8324556082315304,144.0040011889837,amp,adiab,0.5,43.71410959658162,stiff,adiab,0.18,-6.7556,-5.137486216281377,-4.759372547658905,False,0.0,-5.137486216281377,-4.778757249694401,fail_ef_outside,0.025338948894045414
JVASP-13616,AsCl5,25,2,38,40,30-31,31,2,0.3650828491323397,0.36508284913234057,0.378113668622472,1.6649112164630608,0.2553629235571269,0.09904046139219899,10.146545331188781,0.1785561321116137,-4.96981809927327,0.47609970094187576,0.07558361084860865,239.18973323365327,amp,iso,0.8324556082315304,143.6651581588766,amp,adiab,0.5,43.73474934258517,stiff,adiab,0.18,-6.7556,-5.137486216281377,-4.759372547658905,False,0.0,-5.124455396791245,-4.759372547658905,fail_ef_outside,0.02529126177155869
JVASP-13616,AsCl5,25,2,38,40,36-37,36,2,0.057228068589684544,0.057228068589685765,0.057562194238043984,0.7533472272809164,1.0964121699974263,0.25048904383850124,4.096515088763133,0.33802213683488325,-0.756904999750236,0.04060863850698275,0.24107361842655248,273.73020934629005,amp,iso,0.3766736136404582,273.73020934629005,amp,iso,0.3766736136404582,130.80671408367533,amp,adiab,0.18,-6.7556,-0.7845114892700163,-0.7269492950319724,False,0.0,-0.7845114892700163,-0.7272834206803306,fail_ef_outside,0.2746392361155516
JVASP-13616,AsCl5,25,2,38,40,36-37,37,2,0.05330854115653161,0.057228068589685765,0.057562194238043984,0.7533472272809164,1.0965289217289966,0.24935502962768186,4.11401392925096,0.33717727560188904,-0.7551880868226577,0.04060863850698275,0.24107361842655248,272.4909777113552,amp,iso,0.3766736136404582,272.4909777113552,amp,iso,0.3766736136404582,130.21452581720123,amp,adiab,0.18,-6.7556,-0.7845114892700163,-0.7269492950319724,False,0.0,-0.7802578361885033,-0.7269492950319724,fail_ef_outside,0.273425001765344
JVASP-13624,Ni2SbTe2,187,2,48,40,4-5,4,2,0.36946970328759576,0.3702154313129231,0.37085081649294693,0.8227477316483469,4.605589213074835,0.09178996998050931,11.227340774373207,0.12700975141787454,-10.381469658167289,0.4826299700279383,0.08848735484966766,109.54705880834757,amp,iso,0.41137386582417346,109.54705880834757,amp,iso,0.41137386582417346,47.933211668653975,amp,adiab,0.18,-0.7744,-10.622473796084305,-10.251622979591358,False,1.0,-10.622473796084305,-10.253004092796724,fail_ef_outside,0.4227468956106966
JVASP-13624,Ni2SbTe2,187,2,48,40,4-5,5,2,0.3702154313129249,0.3702154313129231,0.37085081649294693,0.8227477316483469,4.605733956092656,0.09245462417421212,11.201460634957677,0.12831081867839172,-10.380579603301904,0.4826299700279383,0.08848735484966766,110.34029266669002,amp,iso,0.41137386582417346,110.34029266669002,amp,iso,0.41137386582417346,48.28029763196761,amp,adiab,0.18,-0.7744,-10.622473796084305,-10.251622979591358,False,1.0,-10.621838410904282,-10.251622979591358,fail_ef_outside,0.4258214019569536
JVASP-14458,TeO3,187,2,26,40,20-21,20,2,0.4687622036939145,0.4687622036939243,0.5929345205382268,0.12474966527422415,2.5863254727925735,0.07778739333997146,13.034384475755665,0.0897274507576688,-3.617020536774553,1.5581745866360732,0.07996662213100258,14.076264145550017,amp,iso,0.062374832637112076,14.076264145550017,amp,iso,0.062374832637112076,14.076264145550017,amp,iso,0.062374832637112076,-7.2028,-3.8636073997744056,-3.2706728792361788,False,0.0,-3.8636073997744056,-3.3948451960804813,fail_ef_outside,0.20118351685730357
JVASP-14458,TeO3,187,2,26,40,20-21,21,2,0.3952615866434055,0.4687622036939243,0.5929345205382268,0.12474966527422415,2.6817309744169497,0.08268104071134104,12.362842308813224,0.09946782326595122,-3.4981656637564504,1.5581745866360732,0.07996662213100258,14.961809605770217,amp,iso,0.062374832637112076,14.961809605770217,amp,iso,0.062374832637112076,14.961809605770217,amp,iso,0.062374832637112076,-7.2028,-3.8636073997744056,-3.2706728792361788,False,0.0,-3.6659344658795807,-3.2706728792361788,fail_ef_outside,0.2217283078726321
JVASP-15858,Tb3AlC,221,3,64,20,18-19,18,2,0.21648235654020098,0.216482356540193,0.21784086242802214,1.3584131164401265,0.38621243779303,0.8606077772838315,1.1653271516626513,0.9100910038989944,-5.537917035812696,0.09430516772885812,0.4594414437842546,1121.7456813235628,stiff,iso,0.6792065582200633,701.9100578355275,stiff,adiab,0.5,163.50375464874645,stiff,adiab,0.18,2.0209,-5.707598025612825,-5.489757163184803,False,1.0,-5.707598025612825,-5.491115669072632,fail_ef_outside,0.3323774276484296
JVASP-15858,Tb3AlC,221,3,64,20,18-19,19,2,0.21610999749827187,0.216482356540193,0.21784086242802214,1.3584131164401265,0.38715850450776507,0.8602096698952888,1.1658805216440467,0.9098744631477084,-5.536395138959565,0.09430516772885812,0.4594414437842546,1124.4935116564295,stiff,iso,0.6792065582200633,703.6294580346786,stiff,adiab,0.5,163.90427375396044,stiff,adiab,0.18,2.0209,-5.707598025612825,-5.489757163184803,False,1.0,-5.705867160683022,-5.489757163184803,fail_ef_outside,0.3330374893597783
JVASP-16001,K2RhF6,164,3,72,16,70-71,70,2,0.3120361795891107,0.3128543884260715,0.48253211720673406,4.785188009656041,0.06462087362374919,0.9106973650553685,1.098075780879287,0.9403543843597965,17.376033408840993,0.12780988050959335,0.4557614859884732,414.50556317555805,stiff,phys,1.5,117.44324289974145,stiff,adiab,0.5,27.357367169586833,stiff,adiab,0.18,-0.0968,17.241521873841833,17.724053991048567,False,0.0,17.241521873841833,17.553558053430955,fail_ef_outside,0.058850059336724346
JVASP-16001,K2RhF6,164,3,72,16,70-71,71,2,0.3128543884260928,0.3128543884260715,0.48253211720673406,4.785188009656041,0.06321367008946044,0.9123138304140651,1.0961291057760798,0.9412042944887425,17.545655329709646,0.12780988050959335,0.4557614859884732,405.4791656545468,stiff,phys,1.5,114.8857636021216,stiff,adiab,0.5,26.761624933200093,stiff,adiab,0.18,-0.0968,17.241521873841833,17.724053991048567,False,0.0,17.411199602622496,17.724053991048567,fail_ef_outside,0.05767070549384667
JVASP-16008,TaSnO3,221,3,38,24,36-37,36,2,0.4479363076415872,0.44793630764155523,0.5813944064262557,1.877567573940624,0.022061505229135834,0.9427051918075239,1.0608636737214279,0.944495293057001,18.894143410497147,0.03958015861552584,0.47406196111974563,88.56599389847489,stiff,iso,0.938783786970312,40.09501221610059,stiff,adiab,0.5,9.33977931622108,stiff,adiab,0.18,7.6964,18.569085146075263,19.15047955250152,False,0.0,18.569085146075263,19.01702145371682,fail_ef_outside,0.020797495518595187
JVASP-16008,TaSnO3,221,3,38,24,36-37,37,2,0.36014526585175943,0.44793630764155523,0.5813944064262557,1.877567573940624,0.01764652142449154,0.9534678903025603,1.0488560542693375,0.950064175249743,19.045086953679863,0.03958015861552584,0.47406196111974563,70.84202517363968,stiff,iso,0.938783786970312,32.07113407439896,stiff,adiab,0.5,7.470687702036464,stiff,adiab,0.18,7.6964,18.569085146075263,19.15047955250152,False,0.0,18.790334286649806,19.15047955250152,fail_ef_outside,0.01682539155378888
JVASP-16408,LiIrF6,148,3,50,24,40-41,40,2,0.15407429913153797,0.15407429913153206,0.24031936471289644,0.277678343424032,0.9678707166751297,0.05966629184542588,16.814305494950464,0.1027063885563715,-0.03424591629446514,0.9306607128941791,0.061806010009387825,24.033103579271767,amp,iso,0.138839171712016,24.033103579271767,amp,iso,0.138839171712016,24.033103579271767,amp,iso,0.138839171712016,-0.3575,-0.12087628839926988,0.11944307631362656,False,0.0,-0.12087628839926988,0.03319801073226219,fail_ef_outside,0.05774925664977979
JVASP-16408,LiIrF6,148,3,50,24,40-41,41,2,0.1499749413825119,0.15407429913153206,0.24031936471289644,0.277678343424032,0.9583123333213805,0.06553575853753496,15.373741255451199,0.11719060471175603,0.037477342413907495,0.9306607128941791,0.061806010009387825,26.397277664900944,amp,iso,0.138839171712016,26.397277664900944,amp,iso,0.138839171712016,26.397277664900944,amp,iso,0.138839171712016,-0.3575,-0.12087628839926988,0.11944307631362656,False,0.0,-0.030531865068888768,0.11944307631362656,fail_ef_outside,0.06280372568009171
JVASP-16859,ZnCu2GeTe4,121,3,82,16,0-1,0,2,0.4480353711892713,0.4480353711892562,0.4513262317739164,0.17414650488142236,0.4456877272717773,0.04641861144235443,21.591586028054213,0.058920767319647224,-7.61391919255732,0.6588299693373572,0.025609871480770367,11.725887087798416,amp,iso,0.08707325244071118,11.725887087798416,amp,iso,0.08707325244071118,11.725887087798416,amp,iso,0.08707325244071118,4.5226,-7.914050642554752,-7.462724410780836,False,1.0,-7.914050642554752,-7.466015271365496,fail_ef_outside,0.02068820543685466
JVASP-16859,ZnCu2GeTe4,121,3,82,16,0-1,1,2,0.44180435886912583,0.4480353711892562,0.4513262317739164,0.17414650488142236,0.4457556223463381,0.04681404223781229,21.41004003576002,0.0602194398589648,-7.608065847284637,0.6588299693373572,0.025609871480770367,11.825777556610381,amp,iso,0.08707325244071118,11.825777556610381,amp,iso,0.08707325244071118,11.825777556610381,amp,iso,0.08707325244071118,4.5226,-7.914050642554752,-7.462724410780836,False,1.0,-7.904528769649999,-7.462724410780836,fail_ef_outside,0.020867622532263777
JVASP-16859,ZnCu2GeTe4,121,3,82,16,8-9,8,2,0.3590281611923505,0.38360953488005967,0.385657040902077,0.6221912491444073,0.6156777646999348,0.049513158427512874,20.23833906900068,0.06547417173764408,-3.695410848128016,0.5004293694089343,0.04999953346863874,44.687219156666195,amp,iso,0.31109562457220363,44.687219156666195,amp,iso,0.31109562457220363,25.856035292238627,amp,adiab,0.18,4.5226,-3.9667899471696537,-3.5811329062675767,False,1.0,-3.9667899471696537,-3.6077617859772966,fail_ef_outside,0.03048415070388487
JVASP-16859,ZnCu2GeTe4,121,3,82,16,8-9,9,2,0.38360953488006855,0.38360953488005967,0.385657040902077,0.6221912491444073,0.6134618860584414,0.05118208757965044,19.575458455879076,0.06708127230657454,-3.6830110249385233,0.5004293694089343,0.04999953346863874,46.193481434151586,amp,iso,0.31109562457220363,46.193481434151586,amp,iso,0.31109562457220363,26.72755899277349,amp,adiab,0.18,4.5226,-3.9667899471696537,-3.5811329062675767,False,1.0,-3.9647424411476364,-3.5811329062675767,fail_ef_outside,0.03139825997902069
JVASP-17265,BaIrF6,148,3,60,20,40-41,40,2,0.0809366889083647,0.08109701445744388,0.5459864509817636,0.19706173118438242,0.3781327437211506,0.07939327911508264,12.597046246117575,0.11191267628695667,1.0525528961018917,0.7059178462610053,0.05754018011607718,22.694720252896868,amp,iso,0.09853086559219121,22.694720252896868,amp,iso,0.09853086559219121,22.694720252896868,amp,iso,0.09853086559219121,1.1412,1.0180414911925815,1.564027942174345,True,1.0,1.0180414911925815,1.0989781801009366,fail_filling,0.030021198464805318
JVASP-17265,BaIrF6,148,3,60,20,40-41,41,2,0.08109701445743633,0.08109701445744388,0.5459864509817636,0.19706173118438242,0.32815595684435017,0.09068017873837139,11.028295363492346,0.138177373677149,1.5224782010367077,0.7059178462610053,0.05754018011607718,25.92110203644513,amp,iso,0.09853086559219121,25.92110203644513,amp,iso,0.09853086559219121,25.92110203644513,amp,iso,0.09853086559219121,1.1412,1.0180414911925815,1.564027942174345,True,0.0,1.4829309277169012,1.564027942174345,fail_filling,0.02975724082070696
JVASP-17430,ZnCu2SnSe4,121,3,82,16,8-9,8,2,0.1382235780723713,0.1382235780723624,0.15024268180223999,0.381630878259843,0.6415398671289398,0.045447690342436245,22.098592226276853,0.05978256704916811,-4.136678038919357,0.612635368900695,0.0464485608191437,25.159043407252454,amp,iso,0.1908154391299215,25.159043407252454,amp,iso,0.1908154391299215,23.733026184647525,amp,adiab,0.18,3.6899,-4.223787743211372,-4.073545061409132,False,1.0,-4.223787743211372,-4.08556416513901,fail_ef_outside,0.029156505223603753
JVASP-17430,ZnCu2SnSe4,121,3,82,16,8-9,9,2,0.13814221556560646,0.1382235780723624,0.15024268180223999,0.381630878259843,0.6539732329586485,0.04921213233409033,20.409140377174477,0.06474410750553944,-4.107823427561993,0.612635368900695,0.0464485608191437,27.242972398109778,amp,iso,0.1908154391299215,27.242972398109778,amp,iso,0.1908154391299215,25.69883786144227,amp,adiab,0.18,3.6899,-4.223787743211372,-4.073545061409132,False,1.0,-4.211687276974745,-4.073545061409132,fail_ef_outside,0.03218341728331389
JVASP-17890,Tb3PbC,221,3,64,20,20-21,20,2,0.054759211163024624,0.05529049816535281,0.06344855526299042,0.3194950897798803,0.12229183675500271,0.9400022982122442,1.064566183800928,0.9535128079065956,-5.540313191318345,0.04961807797134841,0.47896913246058687,83.54066727633808,stiff,iso,0.15974754488994014,71.00956718488737,stiff,iso,0.15974754488994014,45.947367001985945,stiff,iso,0.15974754488994014,2.3966,-5.576660314335593,-5.513211759072602,False,1.0,-5.576660314335593,-5.521901103172576,fail_ef_outside,0.11495460760229916
JVASP-17890,Tb3PbC,221,3,64,20,20-21,21,2,0.05529049816534659,0.05529049816535281,0.06344855526299042,0.3194950897798803,0.12025633837825578,0.9400023900975686,1.0645567850067967,0.9535166594637273,-5.532234984981132,0.04961807797134841,0.47896913246058687,82.15016651074724,stiff,iso,0.15974754488994014,69.82764153413514,stiff,iso,0.15974754488994014,45.18259158091099,stiff,iso,0.15974754488994014,2.3966,-5.576660314335593,-5.513211759072602,False,1.0,-5.568502257237955,-5.513211759072602,fail_ef_outside,0.11304124549994239
JVASP-18176,Rb2RhF6,164,3,72,16,70-71,70,2,0.1980388423757411,0.1980388423757411,0.3655331749512598,4.355135789999791,0.0720429095150558,0.900554979511262,1.1104359873480345,0.9350227262039527,17.24323534506411,0.1422543084231524,0.4508151431216423,462.1136346007114,stiff,phys,1.5,130.93219647020155,stiff,adiab,0.5,30.49949988364695,stiff,adiab,0.18,-0.2417,17.13094079633596,17.49647397128722,False,0.0,17.13094079633596,17.3289796387117,fail_ef_outside,0.06487860090226279
JVASP-18176,Rb2RhF6,164,3,72,16,70-71,71,2,0.19520755244171895,0.1980388423757411,0.3655331749512598,4.355135789999791,0.07023812623290397,0.9026795709643636,1.1078214997096203,0.9361454455328062,17.411636616601864,0.1422543084231524,0.4508151431216423,450.5369927383017,stiff,phys,1.5,127.65214794251882,stiff,adiab,0.5,29.735441520727914,stiff,adiab,0.18,-0.2417,17.13094079633596,17.49647397128722,False,0.0,17.301266418845497,17.49647397128722,fail_ef_outside,0.06340252165325856
JVASP-18522,Ba3PbO,221,3,50,24,0-1,0,2,0.49960431049703,0.4996043104970207,0.5031654993877313,3.010271467498157,2.556001912968965,0.44878130788443016,2.232589829021139,0.478450846332198,-3.645803270840094,0.10880737631825871,0.4470101107389818,1952.9665957627249,amp,phys,1.5,650.9888652542417,amp,adiab,0.5,234.35599149152702,amp,adiab,0.18,3.7742,-3.9879195713258624,-3.484754071938131,False,1.0,-3.9879195713258624,-3.4883152608288417,fail_ef_outside,1.1470858814573175
JVASP-18522,Ba3PbO,221,3,50,24,0-1,1,2,0.4899970513829728,0.4996043104970207,0.5031654993877313,3.010271467498157,2.5559423514531936,0.4494549776388827,2.229250522469494,0.47884426843838085,-3.63990096640046,0.10880737631825871,0.4470101107389818,1955.898211906061,amp,phys,1.5,651.9660706353537,amp,adiab,0.5,234.70778542872733,amp,adiab,0.18,3.7742,-3.9879195713258624,-3.484754071938131,False,1.0,-3.974751123321108,-3.484754071938131,fail_ef_outside,1.1487810124186684
JVASP-19540,CNCl,25,2,20,40,0-1,0,2,0.42083380663162906,0.4208338066316255,0.42104045998308415,2.923315158871681,0.8661168873081072,0.23127873687871603,4.357324457019743,0.2329880309903269,-13.678044503532274,0.028334781958629034,0.22941130079792174,980.7315479359042,amp,iso,1.4616575794358404,335.4860816014239,amp,adiab,0.5,120.77498937651261,amp,adiab,0.18,-6.9621,-13.88639263981003,-13.465352179826946,False,1.0,-13.88639263981003,-13.465558833178404,fail_ef_outside,0.20031441968594427
JVASP-19540,CNCl,25,2,20,40,0-1,1,2,0.42076573308684395,0.4208338066316255,0.42104045998308415,2.923315158871681,0.8661166104740494,0.23105163983642135,4.357234771786003,0.2331157919378835,-13.677278701457436,0.028334781958629034,0.22941130079792174,979.7685487565282,amp,iso,1.4616575794358404,335.1566613620585,amp,adiab,0.5,120.65639809034106,amp,adiab,0.18,-6.9621,-13.88639263981003,-13.465352179826946,False,1.0,-13.88611791291378,-13.465352179826946,fail_ef_outside,0.20011766313959212
JVASP-19557,PtS2Cl6,2,2,60,40,0-1,0,2,0.03279024494236005,0.03322786016124013,0.033428524341983845,0.36265866994605567,0.1766844745680636,0.07608709711345588,13.177593643885825,0.1289423049948136,-10.494840000226732,0.10675936218070976,0.04956203208191619,40.02652431623345,amp,iso,0.18132933497302783,40.02652431623345,amp,iso,0.18132933497302783,30.259879156779668,stiff,adiab,0.18,-3.5119,-10.510402604529586,-10.476974080187603,False,1.0,-10.510402604529586,-10.477612359587233,fail_ef_outside,0.013443408774900181
JVASP-19557,PtS2Cl6,2,2,60,40,0-1,1,2,0.03322786016125079,0.03322786016124013,0.033428524341983845,0.36265866994605567,0.17674478638022095,0.076066139122374,13.181301077929916,0.12888084998806362,-10.494443002828648,0.10675936218070976,0.04956203208191619,40.01549911522719,amp,iso,0.18132933497302783,40.01549911522719,amp,iso,0.18132933497302783,30.27020846359663,stiff,adiab,0.18,-3.5119,-10.510402604529586,-10.476974080187603,False,1.0,-10.510201940348843,-10.476974080187603,fail_ef_outside,0.013444293509952162
JVASP-19557,PtS2Cl6,2,2,60,40,44-45,44,2,0.08686611057532989,0.0868678308164883,0.08697903924609118,0.07492810960024165,1.6987741728975698,0.05049774877926347,20.10706188071434,0.09717697057267305,-4.14206812213177,0.7758267428171106,0.04847517296449888,5.488524327657912,amp,iso,0.03746405480012083,5.488524327657912,amp,iso,0.03746405480012083,5.488524327657912,amp,iso,0.03746405480012083,-3.5119,-4.195705176882007,-4.108726137635916,False,1.0,-4.195705176882007,-4.108839066306675,fail_ef_outside,0.08578427141568257
JVASP-19557,PtS2Cl6,2,2,60,40,44-45,45,2,0.08686783081648919,0.0868678308164883,0.08697903924609118,0.07492810960024165,1.6986269909874223,0.05048431871026067,20.111849540865553,0.09716366978113569,-4.141888529387503,0.7758267428171106,0.04847517296449888,5.487064633667074,amp,iso,0.03746405480012083,5.487064633667074,amp,iso,0.03746405480012083,5.487064633667074,amp,iso,0.03746405480012083,-3.5119,-4.195705176882007,-4.108726137635916,False,1.0,-4.195593968452404,-4.108726137635916,fail_ef_outside,0.0857540263828601
JVASP-19557,PtS2Cl6,2,2,60,40,46-47,46,2,0.232606147109498,0.23260614710950023,0.2326160845217764,0.32869091758700497,1.0566134029694325,0.05336126114414662,18.81983673959157,0.10597689848049674,-3.641301517488309,0.43387235199675667,0.049280032303546495,25.442078564442088,amp,iso,0.16434545879350249,25.442078564442088,amp,iso,0.16434545879350249,25.442078564442088,amp,iso,0.16434545879350249,-3.5119,-3.780035220048911,-3.5474191355271345,False,1.0,-3.780035220048911,-3.5474290729394107,fail_ef_outside,0.05638222372425731
JVASP-19557,PtS2Cl6,2,2,60,40,46-47,47,2,0.23241338570799108,0.23260614710950023,0.2326160845217764,0.32869091758700497,1.0565149357080548,0.053353981743496856,18.822255851022604,0.10594177922487202,-3.6411996527780657,0.43387235199675667,0.049280032303546495,25.438607824072353,amp,iso,0.16434545879350249,25.438607824072353,amp,iso,0.16434545879350249,25.438607824072353,amp,iso,0.16434545879350249,-3.5119,-3.780035220048911,-3.5474191355271345,False,1.0,-3.7798325212351234,-3.5474191355271345,fail_ef_outside,0.05636927859149931
JVASP-19557,PtS2Cl6,2,2,60,40,58-59,58,2,0.433066968309221,0.43306696830923075,0.4331761846556621,2.3165386216301127,1.2591931938223864,0.24908106021475,4.023079575882385,0.3546496239237229,1.8159185082465115,0.021651023835193222,0.2475130279019458,836.9876526058684,amp,iso,1.1582693108150564,361.3096042477777,amp,adiab,0.5,130.07145752919996,amp,adiab,0.18,-3.5119,1.5584144682674892,1.9915906529231513,False,0.0,1.5584144682674892,1.99148143657672,fail_ef_outside,0.3136411757324772
JVASP-19557,PtS2Cl6,2,2,60,40,58-59,59,2,0.4319993916434508,0.43306696830923075,0.4331761846556621,2.3165386216301127,1.2592021818941435,0.24889757463319695,4.025786625678959,0.3543290838340964,1.816862695111999,0.021651023835193222,0.2475130279019458,836.3710855892567,amp,iso,1.1582693108150564,361.0434455009065,amp,adiab,0.5,129.97564038032635,amp,adiab,0.18,-3.5119,1.5584144682674892,1.9915906529231513,False,0.0,1.559591261279699,1.9915906529231513,fail_ef_outside,0.313412369046282
JVASP-19584,Tl2SnAs2S6,147,2,76,40,4-5,4,2,0.16410430784643637,0.1641043078464275,0.16422561803557478,1.0562874702452287,5.52531919185712,0.14073471950265504,7.205511519628869,0.25622130330571163,-9.120408536153018,0.464667280996066,0.1401303581495812,215.63645347024496,amp,iso,0.5281437351226144,204.14561333401272,amp,adiab,0.5,73.49242080024457,amp,adiab,0.18,-2.7935,-9.229413493199276,-9.065187875163701,False,1.0,-9.229413493199276,-9.065309185352849,fail_ef_outside,0.7776042466286484
JVASP-19584,Tl2SnAs2S6,147,2,76,40,4-5,5,2,0.16401380582887093,0.1641043078464275,0.16422561803557478,1.0562874702452287,5.525309269788169,0.14091250310004289,7.2012846057472935,0.25735186575674285,-9.120261287122805,0.464667280996066,0.1401303581495812,215.90885692947217,amp,iso,0.5281437351226144,204.40350095163635,amp,adiab,0.5,73.58526034258908,amp,adiab,0.18,-2.7935,-9.229413493199276,-9.065187875163701,False,1.0,-9.229201680992556,-9.065187875163701,fail_ef_outside,0.778585159607721
JVASP-19584,Tl2SnAs2S6,147,2,76,40,44-45,44,2,0.4284681942367481,0.42862921050881053,0.4300365973784426,0.3095611131121269,1.4709125035280026,0.04960421679106748,20.528280856456664,0.14145332654032006,-0.9421831616126295,1.0143546622388786,0.04725828702486039,22.274286268463015,amp,iso,0.15478055655606346,22.274286268463015,amp,iso,0.15478055655606346,22.274286268463015,amp,iso,0.15478055655606346,-2.7935,-1.1807745264192822,-0.7507379290408396,False,0.0,-1.1807745264192822,-0.752306332182532,fail_ef_outside,0.07296346270569486
JVASP-19584,Tl2SnAs2S6,147,2,76,40,44-45,45,2,0.428629210508807,0.42862921050881053,0.4300365973784426,0.3095611131121269,1.4715372129825313,0.04940483485707628,20.59700861436509,0.1406254967596225,-0.941269318405062,1.0143546622388786,0.04725828702486039,22.184755769610756,amp,iso,0.15478055655606346,22.184755769610756,amp,iso,0.15478055655606346,22.184755769610756,amp,iso,0.15478055655606346,-2.7935,-1.1807745264192822,-0.7507379290408396,False,0.0,-1.1793671395496501,-0.7507379290408396,fail_ef_outside,0.07270105299344425
JVASP-19584,Tl2SnAs2S6,147,2,76,40,74-75,74,2,0.2672318121076782,0.26723181210766667,0.26739687123368316,0.12214921182755045,1.879974745568536,0.16544624329574392,7.13785566632546,0.32746384282057295,3.3742836228882753,1.507470284379849,0.12836450228745852,29.31476248129384,amp,iso,0.061074605913775226,29.31476248129384,amp,iso,0.061074605913775226,29.31476248129384,amp,iso,0.061074605913775226,-2.7935,3.242483593513738,3.5098804647474213,False,0.0,3.242483593513738,3.509715405621405,fail_ef_outside,0.3110347591451863
JVASP-19584,Tl2SnAs2S6,147,2,76,40,74-75,75,2,0.23137092101811785,0.26723181210766667,0.26739687123368316,0.12214921182755045,1.8616595705674341,0.15887330190109003,7.399507240066519,0.3204275468102746,3.4033926299852713,1.507470284379849,0.12836450228745852,28.150129111871784,amp,iso,0.061074605913775226,28.150129111871784,amp,iso,0.061074605913775226,28.150129111871784,amp,iso,0.061074605913775226,-2.7935,3.242483593513738,3.5098804647474213,False,0.0,3.2785095437292937,3.5098804647474213,fail_ef_outside,0.2957680029918136
JVASP-19759,TbSe,225,3,24,24,22-23,22,2,0.021824547468286326,0.021824547468275668,0.027632837303750435,1.5611877696417729,0.10497814723949858,0.6979523819974212,1.4466714840873163,0.7698688268669286,15.76782798583233,0.014275549207735175,0.49244874522622606,350.4211640198187,stiff,iso,0.7805938848208864,190.78934335053873,stiff,adiab,0.5,44.44269409812549,stiff,adiab,0.18,5.8179,15.754816257825961,15.782449095129712,False,0.0,15.754816257825961,15.776640805294237,fail_ef_outside,0.07326974792348404
JVASP-19759,TbSe,225,3,24,24,22-23,23,2,0.013174389483330273,0.021824547468275668,0.027632837303750435,1.5611877696417729,0.10393326131958659,0.697850903008836,1.4467968461269225,0.7697097822837987,15.774744449960268,0.014275549207735175,0.49244874522622606,346.9332939254063,stiff,iso,0.7805938848208864,188.89034719011474,stiff,adiab,0.5,44.000339698403195,stiff,adiab,0.18,5.8179,15.754816257825961,15.782449095129712,False,0.0,15.769274705646408,15.782449095129712,fail_ef_outside,0.07252992026452683
JVASP-19850,HgSe,216,3,26,24,0-1,0,2,0.37207935166188655,0.37207935166190076,0.3738425454479799,4.5343420547216216,0.9608266004391779,0.13913289026959988,7.206266861942772,0.1485293686482124,-11.472865363670815,0.14450191557251818,0.13680200146557503,605.466141959778,amp,phys,1.5,201.822047319926,amp,adiab,0.5,72.65593703517337,amp,adiab,0.18,1.1405,-11.743699709008117,-11.369857163560138,False,1.0,-11.743699709008117,-11.371620357346217,fail_ef_outside,0.13368258196701682
JVASP-19850,HgSe,216,3,26,24,0-1,1,2,0.3673953277254949,0.37207935166190076,0.3738425454479799,4.5343420547216216,0.961051998420013,0.13842992706767265,7.242732635630854,0.148115919188312,-11.469075043263095,0.14450191557251818,0.13680200146557503,602.4070491961199,amp,phys,1.5,200.80234973203997,amp,adiab,0.5,72.2888459035344,amp,adiab,0.18,1.1405,-11.743699709008117,-11.369857163560138,False,1.0,-11.737252491285632,-11.369857163560138,fail_ef_outside,0.13303835804952346
JVASP-20002,Bi,164,2,16,40,14-15,14,2,0.4687841002785097,0.4688006280625415,0.4691633975285987,0.17095800881662082,2.8624774304097507,0.07245517507645444,13.957652566302107,0.03796056499582455,0.9320454584780034,2.8100995275170195,0.06668262892744385,17.967914050123447,amp,iso,0.08547900440831041,17.967914050123447,amp,iso,0.08547900440831041,17.967914050123447,amp,iso,0.08547900440831041,-2.0715,0.6783593909471892,1.147522788475788,False,0.0,0.6783593909471892,1.1471434912257013,fail_ef_outside,0.2074013033727379
JVASP-20002,Bi,164,2,16,40,14-15,15,2,0.4688006280625464,0.4688006280625415,0.4691633975285987,0.17095800881662082,2.8616000507993284,0.07245804433608977,13.957086825777791,0.037975458943145135,0.9323253943383218,2.8100995275170195,0.06668262892744385,17.96862558812554,amp,iso,0.08547900440831041,17.96862558812554,amp,iso,0.08547900440831041,17.96862558812554,amp,iso,0.08547900440831041,-2.0715,0.6783593909471892,1.147522788475788,False,0.0,0.6787221604132464,1.147522788475788,fail_ef_outside,0.20734594335297446
JVASP-20017,MnI2,164,2,28,40,24-25,24,2,0.20787986201597441,0.2496786215486133,0.3311087966387597,0.3256992023356716,1.5653348082887244,0.22698646733775335,4.562275161097535,0.28015068476531085,-0.8403572863369851,0.5274249728215686,0.19845594532780425,107.23966809919906,amp,iso,0.1628496011678358,107.23966809919906,amp,iso,0.1628496011678358,107.23966809919906,amp,iso,0.1628496011678358,-2.7899,-0.917114628554128,-0.5860058319153683,False,0.0,-0.917114628554128,-0.7092347665381592,fail_ef_outside,0.35530981833427694
JVASP-20017,MnI2,164,2,28,40,24-25,25,2,0.2496786215486153,0.2496786215486133,0.3311087966387597,0.3256992023356716,1.5091393797352686,0.17890739564994643,5.627772861068425,0.22524266274005922,-0.7077552244917217,0.5274249728215686,0.19845594532780425,84.52472940355442,amp,iso,0.1628496011678358,84.52472940355442,amp,iso,0.1628496011678358,84.52472940355442,amp,iso,0.1628496011678358,-2.7899,-0.917114628554128,-0.5860058319153683,False,0.0,-0.8356844534639816,-0.5860058319153683,fail_ef_outside,0.26999619610121245
JVASP-20035,Rb3Mo2Cl9,187,2,114,40,0-1,0,2,0.40406425874662943,0.4535918157812908,0.5897800313432526,0.06104706676671601,0.29376509231867287,0.12691449016396364,7.888260494508755,0.21735615883612,-8.37675588756241,0.5735644773077222,0.06643480128935547,11.238667208265944,amp,iso,0.030523533383358004,11.238667208265944,amp,iso,0.030523533383358004,8.53161577680456,stiff,iso,0.030523533383358004,-2.2681,-8.607310834676518,-8.017530803333266,False,1.0,-8.607310834676518,-8.20324657592989,fail_ef_outside,0.03728304691959408
JVASP-20035,Rb3Mo2Cl9,187,2,114,40,0-1,1,2,0.45359181578129615,0.4535918157812908,0.5897800313432526,0.06104706676671601,0.279802649337903,0.13884194078586423,7.205846608793215,0.23087937285015475,-8.219762909791136,0.5735644773077222,0.06643480128935547,12.294879528934647,amp,iso,0.030523533383358004,12.294879528934647,amp,iso,0.030523533383358004,8.126114231752885,stiff,iso,0.030523533383358004,-2.2681,-8.607310834676518,-8.017530803333266,False,1.0,-8.471122619114556,-8.017530803333266,fail_ef_outside,0.03884834287110106
JVASP-20035,Rb3Mo2Cl9,187,2,114,40,58-59,58,2,0.08032275075181561,0.10971932101156945,0.18167789392362765,0.060569554990784535,0.2677853688042391,0.08878243318105639,11.263864421782273,0.1185972910179732,-2.4756763570929166,0.13616079965519537,0.08639985849224283,7.800460220683463,amp,iso,0.030284777495392268,7.800460220683463,amp,iso,0.030284777495392268,7.716271970970396,stiff,iso,0.030284777495392268,-2.2681,-2.49260050602225,-2.310922612098622,False,1.0,-2.49260050602225,-2.4122777552704395,fail_ef_outside,0.0237746366127269
JVASP-20035,Rb3Mo2Cl9,187,2,114,40,58-59,59,2,0.10971932101157567,0.10971932101156945,0.18167789392362765,0.060569554990784535,0.3051553479536322,0.08414540043877582,11.88540900726953,0.11225632303729462,-2.35185180791753,0.13616079965519537,0.08639985849224283,7.393048662426191,amp,iso,0.030284777495392268,7.393048662426191,amp,iso,0.030284777495392268,7.393048662426191,amp,iso,0.030284777495392268,-2.2681,-2.49260050602225,-2.310922612098622,False,1.0,-2.4206419331101916,-2.310922612098622,fail_ef_outside,0.02567741894959235
JVASP-20035,Rb3Mo2Cl9,187,2,114,40,63-64,63,2,0.10914347641645106,0.10914347641644706,0.19490231868325558,0.13847027064455109,0.2916378566083704,0.11495698555792319,8.70117706378282,0.14896186565405378,-0.817719314955493,0.08693997017425237,0.110222011786777,23.090360238542488,amp,iso,0.06923513532227554,23.090360238542488,amp,iso,0.06923513532227554,19.211741658564534,stiff,iso,0.06923513532227554,-2.2681,-0.8529032704742125,-0.658000951790957,False,0.0,-0.8529032704742125,-0.7437597940577655,fail_ef_outside,0.03352580887027211
JVASP-20035,Rb3Mo2Cl9,187,2,114,40,63-64,64,2,0.07882344391435381,0.10914347641644706,0.19490231868325558,0.13847027064455109,0.2796316934463623,0.10634869948816152,9.40479117242582,0.13516471302883395,-0.6886568994514652,0.08693997017425237,0.110222011786777,21.361292401363762,amp,iso,0.06923513532227554,21.361292401363762,amp,iso,0.06923513532227554,18.420831631788353,stiff,iso,0.06923513532227554,-2.2681,-0.8529032704742125,-0.658000951790957,False,0.0,-0.7368243957053169,-0.658000951790957,fail_ef_outside,0.02973846693369289
JVASP-20040,KrF2,47,2,20,40,2-3,2,2,0.2273547046846467,0.23032812711162798,0.2308400749318693,1.745002247136922,1.0121689327958778,0.18059839505940073,5.590966655858149,0.21567491697997088,-13.595584439763586,0.0041150386106163835,0.1722767128368969,457.1394247733859,amp,iso,0.872501123568461,261.970679707392,amp,adiab,0.5,94.30944469466111,amp,adiab,0.18,-7.9349,-13.708507324562401,-13.477667249630532,False,1.0,-13.708507324562401,-13.481152619877756,fail_ef_outside,0.18279608479192197
JVASP-20040,KrF2,47,2,20,40,2-3,3,2,0.23032812711162975,0.23032812711162798,0.2308400749318693,1.745002247136922,1.0122028354726114,0.18063357786222306,5.590427059378588,0.21601133332033773,-13.594221686586389,0.0041150386106163835,0.1722767128368969,457.22848119184863,amp,iso,0.872501123568461,262.0217148384979,amp,adiab,0.5,94.32781734185926,amp,adiab,0.18,-7.9349,-13.708507324562401,-13.477667249630532,False,1.0,-13.70799537674216,-13.477667249630532,fail_ef_outside,0.1828378196937049
JVASP-20040,KrF2,47,2,20,40,4-5,4,2,0.2157787871622805,0.21577878716227872,0.2170972162157998,0.11869475420872888,0.2827445368047494,0.20951552520469863,4.8944862572950685,0.30258529189264033,-11.59108972443129,0.0372367804539903,0.19027863883374638,29.02881832872644,stiff,iso,0.05934737710436444,24.674495579417474,stiff,iso,0.05934737710436444,15.965850080799543,stiff,iso,0.05934737710436444,-7.9349,-11.73266500249361,-11.51556778627781,False,1.0,-11.73266500249361,-11.516886215331331,fail_ef_outside,0.059239370127406314
JVASP-20040,KrF2,47,2,20,40,4-5,5,2,0.2132987998031144,0.21577878716227872,0.2170972162157998,0.11869475420872888,0.2832908735195844,0.20930612816032296,4.895267189451992,0.3010966925780096,-11.588477969152756,0.0372367804539903,0.19027863883374638,29.084909630862576,stiff,iso,0.05934737710436444,24.72217318623319,stiff,iso,0.05934737710436444,15.996700296974417,stiff,iso,0.05934737710436444,-7.9349,-11.73266500249361,-11.51556778627781,False,1.0,-11.728866586080917,-11.51556778627781,fail_ef_outside,0.05929451587953997
JVASP-20040,KrF2,47,2,20,40,6-7,6,2,0.34214747064717166,0.34214747064717166,0.34693502715269986,0.11869475420872888,0.7815003002141178,0.18796138705031568,5.360796870439957,0.23736881776945778,-11.22345066664575,0.02849033440024511,0.1867822582109214,32.362269267445974,amp,iso,0.05934737710436444,32.362269267445974,amp,iso,0.05934737710436444,32.362269267445974,amp,iso,0.05934737710436444,-7.9349,-11.396873032069081,-11.049938004916381,False,1.0,-11.396873032069081,-11.05472556142191,fail_ef_outside,0.1468918804084837
JVASP-20040,KrF2,47,2,20,40,6-7,7,2,0.3413309605822903,0.34214747064717166,0.34693502715269986,0.11869475420872888,0.7810623669561765,0.18893860543919805,5.3306964786285445,0.23726052064433412,-11.220190175099017,0.02849033440024511,0.1867822582109214,32.53052193428571,amp,iso,0.05934737710436444,32.53052193428571,amp,iso,0.05934737710436444,32.53052193428571,amp,iso,0.05934737710436444,-7.9349,-11.396873032069081,-11.049938004916381,False,1.0,-11.391268965498671,-11.049938004916381,fail_ef_outside,0.14757283437373914
JVASP-20040,KrF2,47,2,20,40,18-19,18,2,0.40127177149946025,0.401271771499462,0.4013095761286909,3.004418382465972,0.11204269855017629,0.2727448015416613,3.6671246312326913,0.3900568294042715,-4.748001252797976,0.0016788210396003356,0.2031225443169874,290.7424359085943,stiff,phys,1.5,82.37702350743506,stiff,adiab,0.5,19.189000769967226,stiff,adiab,0.18,-7.9349,-4.967187949034527,-4.5658783729058365,False,0.0,-4.967187949034527,-4.565916177535065,fail_ef_outside,0.030559063580260015
JVASP-20040,KrF2,47,2,20,40,18-19,19,2,0.39994524181455215,0.401271771499462,0.4013095761286909,3.004418382465972,0.11198819416700585,0.27224459730914896,3.673849840037847,0.389168437714959,-4.741887207475775,0.0016788210396003356,0.2031225443169874,290.60100110440163,stiff,phys,1.5,82.33695031291379,stiff,adiab,0.5,19.17966607289051,stiff,adiab,0.18,-7.9349,-4.967187949034527,-4.5658783729058365,False,0.0,-4.965823614720385,-4.5658783729058365,fail_ef_outside,0.030488180824375294
JVASP-20042,W6CCl8,174,2,188,32,0-1,0,2,0.07265315946398054,0.07927301623562144,0.1002459381443277,4.954339372928997,3.583107805354265,0.29518244073021016,3.388405524068153,0.38605661860708024,-15.479138595462722,0.040070204559131364,0.29519746168170913,1284.5487017259327,amp,phys,1.5,428.18290057531095,amp,adiab,0.5,154.14584420711194,amp,adiab,0.18,-3.8746,-15.512308131382838,-15.41206219323851,False,1.0,-15.512308131382838,-15.439654971918827,fail_ef_outside,1.0576705073839388
JVASP-20042,W6CCl8,174,2,188,32,0-1,1,2,0.07927301623558591,0.07927301623562144,0.1002459381443277,4.954339372928997,3.584488555230958,0.2955985474496464,3.3837043279655132,0.3864869478574402,-15.466250049317258,0.040070204559131364,0.29519746168170913,1286.359477952693,amp,phys,1.5,428.7864926508976,amp,adiab,0.5,154.36313735432316,amp,adiab,0.18,-3.8746,-15.512308131382838,-15.41206219323851,False,1.0,-15.491335209474132,-15.41206219323851,fail_ef_outside,1.059569610276153
JVASP-20042,W6CCl8,174,2,188,32,128-129,128,2,0.06564727033533746,0.06564727033532769,0.06566360387387693,0.12717480905870948,1.6436761173757333,0.01165288728651967,85.81789577562137,0.01552606828554674,-3.950340776057157,0.21236074247711512,0.011582644587602194,2.1496781411315062,amp,iso,0.06358740452935474,2.1496781411315062,amp,iso,0.06358740452935474,2.1496781411315062,amp,iso,0.06358740452935474,-3.8746,-3.9845966327408084,-3.9189330288669315,False,1.0,-3.9845966327408084,-3.9189493624054808,fail_ef_outside,0.019153572531323694
JVASP-20042,W6CCl8,174,2,188,32,128-129,129,2,0.050782865267785304,0.06564727033532769,0.06566360387387693,0.12717480905870948,1.640792401692555,0.01151458311138757,86.849440038628,0.015275333860555605,-3.9449595651982365,0.21236074247711512,0.011582644587602194,2.124164338861005,amp,iso,0.06358740452935474,2.124164338861005,amp,iso,0.06358740452935474,2.124164338861005,amp,iso,0.06358740452935474,-3.8746,-3.9845966327408084,-3.9189330288669315,False,1.0,-3.9697158941347146,-3.9189330288669315,fail_ef_outside,0.018893040477822143
JVASP-20042,W6CCl8,174,2,188,32,140-141,140,2,0.07600503213266996,0.07760792055558374,0.07764512761176001,0.21542439592324492,1.584081412306932,0.013889966825746052,72.01871895638428,0.01857405848734115,-1.683692357834894,0.13091166317440245,0.01389605081736655,4.340451349074326,amp,iso,0.10771219796162246,4.340451349074326,amp,iso,0.10771219796162246,4.340451349074326,amp,iso,0.10771219796162246,-3.8746,-1.7367238160870295,-1.6590786884752695,False,0.0,-1.7367238160870295,-1.6607187839543707,fail_ef_outside,0.022002838266224237
JVASP-20042,W6CCl8,174,2,188,32,140-141,141,2,0.07760792055557819,0.07760792055558374,0.07764512761176001,0.21542439592324492,1.582737452119759,0.013910872900822147,71.90717395765371,0.018357072621364892,-1.6827830072884407,0.13091166317440245,0.01389605081736655,4.346984251773538,amp,iso,0.10771219796162246,4.346984251773538,amp,iso,0.10771219796162246,4.346984251773538,amp,iso,0.10771219796162246,-3.8746,-1.7367238160870295,-1.6590786884752695,False,0.0,-1.7366866090308533,-1.6590786884752695,fail_ef_outside,0.022017259531809046
JVASP-20042,W6CCl8,174,2,188,32,142-143,142,2,0.05106856492677059,0.05106856492675882,0.05108635670441464,0.1134027716732211,2.685731556869226,0.02616072047892892,38.23026779633767,0.03806826750571218,-1.4284957750165543,0.16888143581158382,0.02632234430592737,4.303404505005824,amp,iso,0.05670138583661055,4.303404505005824,amp,iso,0.05670138583661055,4.303404505005824,amp,iso,0.05670138583661055,-3.8746,-1.4436542925520246,-1.39256793584761,False,0.0,-1.4436542925520246,-1.3925857276252658,fail_ef_outside,0.0702606725406944
JVASP-20042,W6CCl8,174,2,188,32,142-143,143,2,0.049601183668454674,0.05106856492675882,0.05108635670441464,0.1134027716732211,2.6910894807531456,0.026493994469595897,37.75088703068552,0.038521942113308213,-1.424371092213745,0.16888143581158382,0.02632234430592737,4.358227643152679,amp,iso,0.05670138583661055,4.358227643152679,amp,iso,0.05670138583661055,4.358227643152679,amp,iso,0.05670138583661055,-3.8746,-1.4436542925520246,-1.39256793584761,False,0.0,-1.4421691195160646,-1.39256793584761,fail_ef_outside,0.07129770982026153
JVASP-20042,W6CCl8,174,2,188,32,168-169,168,2,0.10729584765916822,0.10876535506755652,0.10980689180001574,0.23111904607649666,1.6600878216842045,0.014685566733414857,68.22634880673746,0.03565007258146166,0.32521026387331065,0.24557124609652814,0.0145020098609253,4.923401434497428,amp,iso,0.11555952303824833,4.923401434497428,amp,iso,0.11555952303824833,4.923401434497428,amp,iso,0.11555952303824833,-3.8746,0.2566017371298382,0.36640862892985393,False,0.0,0.2566017371298382,0.3638975847890234,fail_ef_outside,0.02437933048867269
JVASP-20042,W6CCl8,174,2,188,32,168-169,169,2,0.10876535506755713,0.10876535506755652,0.10980689180001574,0.23111904607649666,1.6627758343398416,0.014340627520136817,69.91025827201197,0.034718464952042526,0.33610121796307985,0.24557124609652814,0.0145020098609253,4.807759032110373,amp,iso,0.11555952303824833,4.807759032110373,amp,iso,0.11555952303824833,4.807759032110373,amp,iso,0.11555952303824833,-3.8746,0.2566017371298382,0.36640862892985393,False,0.0,0.2576432738622974,0.36640862892985393,fail_ef_outside,0.02384524888975239
JVASP-20042,W6CCl8,174,2,188,32,174-175,174,2,0.13830308785663958,0.13830308785662937,0.14986864435154557,0.06153094808253856,1.7829534023280598,0.024449527121565486,40.95113736158403,0.05514081511036779,1.3449690146948037,0.3006621328220719,0.024828627664887217,2.182241804218932,amp,iso,0.03076547404126928,2.182241804218932,amp,iso,0.03076547404126928,2.182241804218932,amp,iso,0.03076547404126928,-3.8746,1.2706912674839708,1.4205599118355163,False,0.0,1.2706912674839708,1.4089943553406001,fail_ef_outside,0.043592367566707355
JVASP-20042,W6CCl8,174,2,188,32,174-175,175,2,0.05103835633521281,0.13830308785662937,0.14986864435154557,0.06153094808253856,1.6935453423153746,0.02524774207627212,39.62659367598181,0.05634677217748111,1.3948255486676062,0.3006621328220719,0.024828627664887217,2.2534864558742647,amp,iso,0.03076547404126928,2.2534864558742647,amp,iso,0.03076547404126928,2.2534864558742647,amp,iso,0.03076547404126928,-3.8746,1.2706912674839708,1.4205599118355163,False,0.0,1.3695215555002982,1.4205599118355163,fail_ef_outside,0.04275819599725055
JVASP-21389,Sr3CuPtO6,15,3,192,8,102-103,102,2,0.2719736057230806,0.2719736057230877,0.4686853756864853,0.2690869263696851,0.4644890313327107,0.06203529105863075,16.12643222473726,0.13332917552073895,4.2226179388504725,0.24362732159538494,0.058734947189535605,24.214205431828645,amp,iso,0.13454346318484256,24.214205431828645,amp,iso,0.13454346318484256,24.214205431828645,amp,iso,0.13454346318484256,3.8367,4.07550672230696,4.544192097993445,False,0.0,4.07550672230696,4.347480328030048,fail_ef_outside,0.028814712252266166
JVASP-21389,Sr3CuPtO6,15,3,192,8,102-103,103,2,0.2348806542909907,0.2719736057230877,0.4686853756864853,0.2690869263696851,0.4513742627922367,0.0557607963665085,17.937567329993353,0.12145920174303242,4.417520167492908,0.24362732159538494,0.058734947189535605,21.765084925367688,amp,iso,0.13454346318484256,21.765084925367688,amp,iso,0.13454346318484256,21.765084925367688,amp,iso,0.13454346318484256,3.8367,4.07550672230696,4.544192097993445,False,0.0,4.309311443702469,4.544192097993445,fail_ef_outside,0.025168988352640805
JVASP-21502,Li2RhF6,136,3,104,12,82-83,82,2,0.08465149626070878,0.08465149626072155,0.08901602750388227,0.10035091958111297,0.7371268878357692,0.10186304542255326,10.090905844626805,0.23989920411948076,0.6457201700155943,0.5654319401118671,0.10294918872205351,14.8278031974718,amp,iso,0.05017545979055649,14.8278031974718,amp,iso,0.05017545979055649,14.8278031974718,amp,iso,0.05017545979055649,0.5629,0.6163264901079241,0.7053425176118063,False,0.0,0.6163264901079241,0.7009779863686456,fail_ef_outside,0.07508598965780028
JVASP-21502,Li2RhF6,136,3,104,12,82-83,83,2,0.0609397794603459,0.08465149626072155,0.08901602750388227,0.10035091958111297,0.7781605930579247,0.11703567946602594,8.658441530198148,0.26207286660244306,0.6739403257567628,0.5654319401118671,0.10294918872205351,17.036423906293276,amp,iso,0.05017545979055649,17.036423906293276,amp,iso,0.05017545979055649,17.036423906293276,amp,iso,0.05017545979055649,0.5629,0.6163264901079241,0.7053425176118063,False,0.0,0.6444027381514638,0.7053425176118063,fail_ef_outside,0.09107255374221994
JVASP-22031,Tl6TeO12,148,3,128,12,126-127,126,2,0.27104621110294147,0.2710462111029308,0.30292121612876954,0.3861530183312425,0.25067561056453797,0.31786212245812945,3.1512585204566763,0.39026761161559476,18.24719130138889,0.4812164760598807,0.16544337951103383,178.04796456021853,amp,iso,0.19307650916562125,175.92466182630392,stiff,iso,0.19307650916562125,106.12398647848157,stiff,adiab,0.18,4.308,18.133871417262725,18.436792633391494,False,0.0,18.133871417262725,18.404917628365656,fail_ef_outside,0.07968028162253153
JVASP-22031,Tl6TeO12,148,3,128,12,126-127,127,2,0.26603831828749946,0.2710462111029308,0.30292121612876954,0.3861530183312425,0.24166693587537846,0.3234701149240422,3.0958879367206293,0.3936570586335236,18.280907765598958,0.4812164760598807,0.16544337951103383,181.189237374051,amp,iso,0.19307650916562125,169.60235530185034,stiff,iso,0.19307650916562125,102.31014727510497,stiff,adiab,0.18,4.308,18.133871417262725,18.436792633391494,False,0.0,18.17075431510404,18.436792633391494,fail_ef_outside,0.07817203152094981
JVASP-22441,Na3Cd2IrO6,12,3,96,16,40-41,40,2,0.19823877677715718,0.20645483828608358,0.21434994047196732,0.20239123305116413,1.0824878993522447,0.04092836391021787,24.531139674953874,0.09261197058330994,2.8542334367275926,1.2734672939794383,0.03832568960687169,12.01586059229074,amp,iso,0.10119561652558207,12.01586059229074,amp,iso,0.10119561652558207,12.01586059229074,amp,iso,0.10119561652558207,2.6083,2.7608701040975605,2.975220044569528,False,0.0,2.7608701040975605,2.9591088808747155,fail_ef_outside,0.044304458673095966
JVASP-22441,Na3Cd2IrO6,12,3,96,16,40-41,41,2,0.20645483828608224,0.20645483828608358,0.21434994047196732,0.20239123305116413,1.0729157184857687,0.041630244513238934,24.126366490524667,0.09423559245253772,2.8660804765947665,1.2734672939794383,0.03832568960687169,12.221920612105718,amp,iso,0.10119561652558207,12.221920612105718,amp,iso,0.10119561652558207,12.221920612105718,amp,iso,0.10119561652558207,2.6083,2.7608701040975605,2.975220044569528,False,0.0,2.7687652062834442,2.975220044569528,fail_ef_outside,0.04466574370265998
JVASP-22600,RbS,71,3,36,24,0-1,0,2,0.22987520953130325,0.22987520953130547,0.23074439286625825,0.6332097901433404,4.305495499868371,0.11003864069754288,9.172845680820238,0.13134214252080317,-3.0861626545701575,1.055180261193472,0.10806602301664354,101.07218122809576,amp,iso,0.3166048950716702,101.07218122809576,amp,iso,0.3166048950716702,57.46276480323801,amp,adiab,0.18,0.7354,-3.2055368190166593,-2.974792426150401,False,1.0,-3.2055368190166593,-2.975661609485354,fail_ef_outside,0.47377087233490345
JVASP-22600,RbS,71,3,36,24,0-1,1,2,0.22720277244605214,0.22987520953130547,0.23074439286625825,0.6332097901433404,4.306054896893524,0.10942106397259169,9.199276640782788,0.13018922659018106,-3.0842276115120475,1.055180261193472,0.10806602301664354,100.50492752275336,amp,iso,0.3166048950716702,100.50492752275336,amp,iso,0.3166048950716702,57.14026294508287,amp,adiab,0.18,0.7354,-3.2055368190166593,-2.974792426150401,False,1.0,-3.2019951985964528,-2.974792426150401,fail_ef_outside,0.47117310834247805
JVASP-22653,Sr3BiN,221,3,50,24,0-1,0,2,0.2982418555527975,0.29882613765773236,0.30041313629570965,6.219071972111405,2.8655283333719375,0.4676547738965986,2.1389381507107785,0.4713971743822469,-6.3046556556432325,0.06611519965660123,0.4675486758609215,2035.0984671674942,amp,phys,1.5,678.366155722498,amp,adiab,0.5,244.21181606009927,amp,adiab,0.18,3.8218,-6.526113426504452,-6.225700290208742,False,1.0,-6.526113426504452,-6.227871570951652,fail_ef_outside,1.3400780048373504
JVASP-22653,Sr3BiN,221,3,50,24,0-1,1,2,0.2988261376577297,0.29882613765773236,0.30041313629570965,6.219071972111405,2.8655996844156104,0.46785311888353665,2.138039789024514,0.47155495912478407,-6.302708152009287,0.06611519965660123,0.4675486758609215,2035.961607247354,amp,phys,1.5,678.6538690824514,amp,adiab,0.5,244.31539286968246,amp,adiab,0.18,3.8218,-6.526113426504452,-6.225700290208742,False,1.0,-6.5245264278664745,-6.225700290208742,fail_ef_outside,1.3406797498255216
JVASP-22720,Ba2SbAu,225,3,44,24,0-1,0,2,0.4623303397191916,0.46408980499469754,0.46723670526694994,2.6241567147252662,2.7536532324683365,0.14572525553050328,6.864225163724422,0.1457652514950225,-3.972219727606585,0.15459495497935768,0.14566894507405273,554.7066769832567,amp,iso,1.3120783573626331,211.3847369978173,amp,adiab,0.5,76.09850531921423,amp,adiab,0.18,3.9001,-4.3426899597843684,-3.8754532545174185,False,1.0,-4.3426899597843684,-3.8803596200651667,fail_ef_outside,0.4012768209438447
JVASP-22720,Ba2SbAu,225,3,44,24,0-1,1,2,0.46408980499469754,0.46408980499469754,0.46723670526694994,2.6241567147252662,2.754649571153954,0.14567900587289795,6.865207573405096,0.1437297281038841,-3.9680851484974844,0.15459495497935768,0.14566894507405273,554.5306265533674,amp,iso,1.3120783573626331,211.3176486151375,amp,adiab,0.5,76.0743535014495,amp,adiab,0.18,3.9001,-4.3426899597843684,-3.8754532545174185,False,1.0,-4.339543059512116,-3.8754532545174185,fail_ef_outside,0.4012946110539127
JVASP-23440,Sr2AsAu,225,3,44,24,0-1,0,2,0.4054601351495135,0.4054601351495055,0.40947507624593005,3.799877847784017,2.5465956818231126,0.21061969085944487,4.8511970770161295,0.27683895648426526,-5.4746866173099935,0.09452314387524516,0.19346800217205712,916.5560450755089,amp,phys,1.5,305.51868169183626,amp,adiab,0.5,109.98672540906105,amp,adiab,0.18,4.0946,-5.795800495005373,-5.386325418759443,False,1.0,-5.795800495005373,-5.390340359855868,fail_ef_outside,0.5363631952495812
JVASP-23440,Sr2AsAu,225,3,44,24,0-1,1,2,0.40493515332183794,0.4054601351495055,0.40947507624593005,3.799877847784017,2.5472389261439434,0.2614453986750297,4.013895046891366,0.321777691780388,-5.472131167338801,0.09452314387524516,0.19346800217205712,1137.7348415760869,amp,phys,1.5,379.244947192029,amp,adiab,0.5,136.52818098913042,amp,adiab,0.18,4.0946,-5.795800495005373,-5.386325418759443,False,1.0,-5.791260572081274,-5.386325418759443,fail_ef_outside,0.6659638965662578
JVASP-26224,Na3In2Au,227,3,208,8,0-1,0,2,0.4891550378808214,0.4917528625152974,0.4945520664902121,0.10219242588917155,0.8143909994540321,0.021666073619559367,47.44214652273471,0.043329126737873064,-4.286927475325831,1.2262331403347202,0.016039536280952792,3.211720351322565,amp,iso,0.05109621294458577,3.211720351322565,amp,iso,0.05109621294458577,3.211720351322565,amp,iso,0.05109621294458577,4.0435,-4.561638811950133,-4.067086745459921,False,1.0,-4.561638811950133,-4.072483774069273,fail_ef_outside,0.01764465534927759
JVASP-26224,Na3In2Au,227,3,208,8,0-1,1,2,0.4917528625153027,0.4917528625152974,0.4945520664902121,0.10219242588917155,0.8143505674862049,0.0208435055030111,49.201831680957504,0.04445676671092913,-4.2832787161273895,1.2262331403347202,0.016039536280952792,3.0897850710010695,amp,iso,0.05109621294458577,3.0897850710010695,amp,iso,0.05109621294458577,3.0897850710010695,amp,iso,0.05109621294458577,4.0435,-4.561638811950133,-4.067086745459921,False,1.0,-4.5588396079752185,-4.067086745459921,fail_ef_outside,0.016973920534778926
JVASP-26325,AgSbO3,148,3,76,16,4-5,4,2,0.3874597394302268,0.3874597394302325,0.38774664372994516,0.08804686339218082,1.4832041731943422,0.03175637570589104,34.79593679694213,0.04474829520504493,-1.1235888850914217,2.103146347388727,0.024408502976763648,4.055866213325749,amp,iso,0.04402343169609041,4.055866213325749,amp,iso,0.04402343169609041,4.055866213325749,amp,iso,0.04402343169609041,4.7648,-1.2835335130575265,-0.8957868693275813,False,1.0,-1.2835335130575265,-0.896073773627294,fail_ef_outside,0.047101188972505016
JVASP-26325,AgSbO3,148,3,76,16,4-5,5,2,0.38640441243849544,0.3874597394302325,0.38774664372994516,0.08804686339218082,1.4836264440647038,0.031735791769678286,34.81485919150944,0.044740807659771495,-1.1229421875742607,2.103146347388727,0.024408502976763648,4.053237270646781,amp,iso,0.04402343169609041,4.053237270646781,amp,iso,0.04402343169609041,4.053237270646781,amp,iso,0.04402343169609041,4.7648,-1.2835335130575265,-0.8957868693275813,False,1.0,-1.2821912817660859,-0.8957868693275813,fail_ef_outside,0.047084059892825686
JVASP-26528,Rb2IrF6,164,3,72,16,4-5,4,2,0.22067658303520865,0.23896727003042262,0.25349063246769354,0.11930863164123906,0.5726415241525791,0.06215565742172978,16.101312116817528,0.09173241690190273,-5.871064091059191,1.0911396315149442,0.032247450942242344,10.757003985802115,amp,iso,0.05965431582061953,10.757003985802115,amp,iso,0.05965431582061953,10.757003985802115,amp,iso,0.05965431582061953,0.3426,-5.9838711701191025,-5.730380537651409,False,1.0,-5.9838711701191025,-5.763194587083888,fail_ef_outside,0.03559291040068491
JVASP-26528,Rb2IrF6,164,3,72,16,4-5,5,2,0.23896727003042884,0.23896727003042262,0.25349063246769354,0.11930863164123906,0.5858659839347778,0.06208970793872807,16.122176065033724,0.09064098226039904,-5.829526174047638,1.0911396315149442,0.032247450942242344,10.745590401247814,amp,iso,0.05965431582061953,10.745590401247814,amp,iso,0.05965431582061953,10.745590401247814,amp,iso,0.05965431582061953,0.3426,-5.9838711701191025,-5.730380537651409,False,1.0,-5.969347807681832,-5.730380537651409,fail_ef_outside,0.036376247833745906
JVASP-27330,Rb2Na4Co2O5,136,3,220,8,0-1,0,2,0.07987908665405197,0.07987908665405463,0.08112981531037233,0.18131300511965964,0.5257160750026048,0.09753050436601435,10.767106085304658,0.15488806278639208,-2.8385441971605405,0.29482161982821453,0.0914964227714215,25.651231878660003,amp,iso,0.09065650255982982,25.651231878660003,amp,iso,0.09065650255982982,25.651231878660003,amp,iso,0.09065650255982982,3.2278,-2.875174459911888,-2.7940446446015157,False,1.0,-2.875174459911888,-2.7952953732578334,fail_ef_outside,0.05127335394832547
JVASP-27330,Rb2Na4Co2O5,136,3,220,8,0-1,1,2,0.07853922875545383,0.07987908665405463,0.08112981531037233,0.18131300511965964,0.4863938161358504,0.09873466310482847,10.635650771154447,0.15614070505822014,-2.834587096891271,0.29482161982821453,0.0914964227714215,25.96793438346935,amp,iso,0.09065650255982982,25.96793438346935,amp,iso,0.09065650255982982,25.96793438346935,amp,iso,0.09065650255982982,3.2278,-2.875174459911888,-2.7940446446015157,False,1.0,-2.8725838733569793,-2.7940446446015157,fail_ef_outside,0.04802392957244507
JVASP-27330,Rb2Na4Co2O5,136,3,220,8,84-85,84,2,0.11945935115726147,0.11945935115726014,0.1317855100625147,0.187937200221723,0.5783742433798809,0.04290671254345824,23.32940163380521,0.07446351346840133,2.6497230922279726,0.5442052201711002,0.043357762312647,11.697062052696067,amp,iso,0.0939686001108615,11.697062052696067,amp,iso,0.0939686001108615,11.697062052696067,amp,iso,0.0939686001108615,3.2278,2.6058856524698917,2.7376711625324064,False,1.0,2.6058856524698917,2.725345003627152,fail_ef_outside,0.024816137403240703
JVASP-27330,Rb2Na4Co2O5,136,3,220,8,84-85,85,2,0.11213291074688359,0.11945935115726014,0.1317855100625147,0.187937200221723,0.5648520917312605,0.04390354608249975,22.797244734321346,0.07549839435461395,2.6871427313452774,0.5442052201711002,0.043357762312647,11.968814957339303,amp,iso,0.0939686001108615,11.968814957339303,amp,iso,0.0939686001108615,11.968814957339303,amp,iso,0.0939686001108615,3.2278,2.6058856524698917,2.7376711625324064,False,1.0,2.6255382517855193,2.7376711625324064,fail_ef_outside,0.02479900983911977
JVASP-27330,Rb2Na4Co2O5,136,3,220,8,86-87,86,2,0.06250200804768768,0.06250200804769124,0.07492804179934698,0.21161606287508938,0.5087443659565007,0.15114087087835298,6.7783055214682895,0.1951052293280598,3.1549373584541534,0.44120213265725733,0.14809828675899572,46.394804687647685,amp,iso,0.10580803143754469,46.394804687647685,amp,iso,0.10580803143754469,46.394804687647685,amp,iso,0.10580803143754469,3.2278,3.110823810794568,3.185751852593915,False,1.0,3.110823810794568,3.173325818842259,fail_ef_outside,0.07689206652512104
JVASP-27330,Rb2Na4Co2O5,136,3,220,8,86-87,87,2,0.05921420186839832,0.06250200804769124,0.07492804179934698,0.21161606287508938,0.5355536798015494,0.15353239316891265,6.669892755137999,0.19660609906959267,3.170621683698487,0.44120213265725733,0.14809828675899572,47.128915910719655,amp,iso,0.10580803143754469,47.128915910719655,amp,iso,0.10580803143754469,47.128915910719655,amp,iso,0.10580803143754469,3.2278,3.110823810794568,3.185751852593915,False,1.0,3.126537650725526,3.185751852593915,fail_ef_outside,0.08222483813034945
JVASP-27766,CrAgP2S6,13,2,152,40,148-149,148,2,0.19852081271820676,0.19852081271820587,0.2546636771382742,0.21931672871938712,0.6014596057816869,0.4056197103538837,2.4668285661463925,0.44410998813620534,2.8678167569359956,0.08772442125280837,0.40038930005747064,114.0989990358154,stiff,iso,0.10965836435969356,96.98414918044308,stiff,iso,0.10965836435969356,62.754449469698464,stiff,iso,0.10965836435969356,-3.3154,2.777538677728314,3.0322023548665884,False,0.0,2.777538677728314,2.97605949044652,fail_ef_outside,0.24396387108672893
JVASP-27766,CrAgP2S6,13,2,152,40,148-149,149,2,0.054674124025705595,0.19852081271820587,0.2546636771382742,0.21931672871938712,0.5974396246635651,0.39530476924052493,2.5302074502646845,0.4383582357492975,3.0105715029005387,0.08772442125280837,0.40038930005747064,113.33639450292334,stiff,iso,0.10965836435969356,96.33593532748485,stiff,iso,0.10965836435969356,62.335016976607854,stiff,iso,0.10965836435969356,-3.3154,2.777538677728314,3.0322023548665884,False,0.0,2.977528230840881,3.0322023548665884,fail_ef_outside,0.23617073296277646
JVASP-27889,AgClO4,111,2,42,40,0-1,0,2,0.19843480197961938,0.198852323397249,0.19901151092990688,0.244021193489095,0.922759314014636,0.0801711720830858,12.473682118202992,0.14467472600266673,-13.732260004650277,0.03477126620678995,0.08039255303702511,28.378182689378068,amp,iso,0.1220105967445475,28.378182689378068,amp,iso,0.1220105967445475,28.378182689378068,amp,iso,0.1220105967445475,-5.0672,-13.865255767022134,-13.666244256092227,False,1.0,-13.865255767022134,-13.666820965042493,fail_ef_outside,0.07397869575513759
JVASP-27889,AgClO4,111,2,42,40,0-1,1,2,0.19885232339724546,0.198852323397249,0.19901151092990688,0.244021193489095,0.9225997556408192,0.08072711859108676,12.387831146395307,0.14543436424903206,-13.7297968453278,0.03477126620678995,0.08039255303702511,28.574971025629694,amp,iso,0.1220105967445475,28.574971025629694,amp,iso,0.1220105967445475,28.574971025629694,amp,iso,0.1220105967445475,-5.0672,-13.865255767022134,-13.666244256092227,False,1.0,-13.865096579489476,-13.666244256092227,fail_ef_outside,0.07447881988572408
JVASP-27906,CrClO,59,2,48,40,44-45,44,2,0.4983196893956148,0.49831968939561566,0.6428656376613504,1.5771311684597078,1.8174151911623313,0.4459248888383025,2.242615336452096,0.45152641643655267,3.1440254754417856,0.06707669459304706,0.4396542898724081,1020.1600863652438,amp,iso,0.7885655842298539,646.8454284380005,amp,adiab,0.5,232.86435423768015,amp,adiab,0.18,-2.5931,2.779332803445112,3.4221984411064623,False,0.0,2.779332803445112,3.2776524928407276,fail_ef_outside,0.8104306670921049
JVASP-27906,CrClO,59,2,48,40,44-45,45,2,0.4902041402024051,0.49831968939561566,0.6428656376613504,1.5771311684597078,1.8188032691192242,0.43349578147144235,2.3071269478177565,0.44477234355607886,3.2429733850613385,0.06707669459304706,0.4396542898724081,991.7255235897701,amp,iso,0.7885655842298539,628.8161336373375,amp,adiab,0.5,226.37380810944154,amp,adiab,0.18,-2.5931,2.779332803445112,3.4221984411064623,False,0.0,2.9319943009040594,3.4221984411064623,fail_ef_outside,0.7884435444896521
JVASP-27940,FePSe3,162,2,88,40,0-1,0,2,0.30108068229013085,0.3010806822900953,0.3784938297465814,0.8235503023817401,0.2706947429725561,0.06728264597179909,14.87255282268133,0.11142636855081879,-17.952850851894365,0.5375052985063172,0.03392051376696531,80.37703723196174,amp,iso,0.41177515119087005,80.37703723196174,amp,iso,0.41177515119087005,35.13535641942324,amp,adiab,0.18,-2.288,-18.146318953592576,-17.767825123845995,False,1.0,-18.146318953592576,-17.84523827130248,fail_ef_outside,0.01821305855784964
JVASP-27940,FePSe3,162,2,88,40,0-1,1,2,0.29512472391004607,0.3010806822900953,0.3784938297465814,0.8235503023817401,0.2668395804571271,0.06839861118460401,14.630030993169983,0.11369626276345955,-17.87274604628936,0.5375052985063172,0.03392051376696531,81.71018898548806,amp,iso,0.41177515119087005,81.71018898548806,amp,iso,0.41177515119087005,35.718119402912514,amp,adiab,0.18,-2.288,-18.146318953592576,-17.767825123845995,False,1.0,-18.06294984775602,-17.767825123845995,fail_ef_outside,0.018251456712349894
JVASP-27940,FePSe3,162,2,88,40,2-3,2,2,0.22476227847145935,0.23116958775396057,0.33402780437280555,0.47916619384615444,0.35328055298999805,0.049588506868351784,20.167704742454788,0.063031649048594,-16.798327267032143,0.7049225759524792,0.024824683140906627,34.46719984017907,amp,iso,0.23958309692307722,34.46719984017907,amp,iso,0.23958309692307722,25.895382649737506,amp,adiab,0.18,-2.288,-16.944274821464255,-16.61024701709145,False,1.0,-16.944274821464255,-16.719512542992824,fail_ef_outside,0.017518655128399636
JVASP-27940,FePSe3,162,2,88,40,2-3,3,2,0.23116958775396057,0.23116958775396057,0.33402780437280555,0.47916619384615444,0.3516959907729642,0.04970888285787888,20.119268707514507,0.06447723345985489,-16.691580607863205,0.7049225759524792,0.024824683140906627,34.55086889071138,amp,iso,0.23958309692307722,34.55086889071138,amp,iso,0.23958309692307722,25.958243633209353,amp,adiab,0.18,-2.288,-16.944274821464255,-16.61024701709145,False,1.0,-16.84141660484541,-16.61024701709145,fail_ef_outside,0.01748241480691893
JVASP-27940,FePSe3,162,2,88,40,14-15,14,2,0.256812251141751,0.2968051392320188,0.363905717417186,1.2536407649925625,0.28553251494960574,0.0713219060492733,14.024548258535399,0.10702869530541602,-11.25750969153976,0.5710113318502354,0.03555524397958568,129.69846828522077,amp,iso,0.6268203824962812,103.45744323812751,amp,adiab,0.5,37.2446795657259,amp,adiab,0.18,-2.288,-11.41250199293105,-11.048596275513864,False,1.0,-11.41250199293105,-11.155689741789303,fail_ef_outside,0.020364723205248503
JVASP-27940,FePSe3,162,2,88,40,14-15,15,2,0.29680513923200635,0.2968051392320188,0.363905717417186,1.2536407649925625,0.28553435181785625,0.07089701409694868,14.107853107436028,0.10649760116335058,-11.167306711948358,0.5710113318502354,0.03555524397958568,128.92580475930285,amp,iso,0.6268203824962812,102.84110756406977,amp,adiab,0.5,37.022798723065115,amp,adiab,0.18,-2.288,-11.41250199293105,-11.048596275513864,False,1.0,-11.345401414745883,-11.048596275513864,fail_ef_outside,0.020243532965993658
JVASP-27971,CoCl2O8,147,2,72,40,47-48,47,2,0.2011335870033113,0.25443074023857726,0.3528607539141184,0.377445446192783,0.8414633056279953,0.0838539588386045,11.935366023223093,0.12243787598053638,-5.6910011102265115,0.6446190577134612,0.08057389785973366,45.91097981512238,amp,iso,0.1887227230963915,45.91097981512238,amp,iso,0.1887227230963915,43.788984342394976,amp,adiab,0.18,-4.5597,-5.73054456008293,-5.377683806168812,False,1.0,-5.73054456008293,-5.529410973079609,fail_ef_outside,0.070560029394326
JVASP-27971,CoCl2O8,147,2,72,40,47-48,48,2,0.25443074023857015,0.25443074023857726,0.3528607539141184,0.377445446192783,0.7961243968981612,0.08269660223022951,12.115558391538505,0.13454764703013108,-5.511656573691333,0.6446190577134612,0.08057389785973366,45.27731413467105,amp,iso,0.1887227230963915,45.27731413467105,amp,iso,0.1887227230963915,43.184606551475845,amp,adiab,0.18,-4.5597,-5.73054456008293,-5.377683806168812,False,1.0,-5.632114546407389,-5.377683806168812,fail_ef_outside,0.06583678257606859
JVASP-27971,CoCl2O8,147,2,72,40,49-50,49,2,0.07705261692956267,0.14027860360866384,0.20056511867541804,0.5078037556606292,0.5866099703929571,0.2069347570533518,4.833446491446494,0.21660609604618666,-4.736830165502534,0.14759804191830941,0.20755834804004297,152.429193030897,amp,iso,0.2539018778303146,152.429193030897,amp,iso,0.2539018778303146,100.46579847860326,stiff,adiab,0.18,-4.5597,-4.774956808596157,-4.574391689920739,False,1.0,-4.774956808596157,-4.697904191666596,fail_ef_outside,0.12138999170834047
JVASP-27971,CoCl2O8,147,2,72,40,49-50,50,2,0.14027860360867184,0.14027860360866384,0.20056511867541804,0.5078037556606292,0.5765762468034297,0.2092198070782318,4.779755878918036,0.23311266880660148,-4.620088242481594,0.14759804191830941,0.20755834804004297,154.1123724845926,amp,iso,0.2539018778303146,154.1123724845926,amp,iso,0.2539018778303146,98.74737209137326,stiff,adiab,0.18,-4.5597,-4.774956808596157,-4.574391689920739,False,1.0,-4.7146702935294025,-4.574391689920739,fail_ef_outside,0.12063117112210452
JVASP-27971,CoCl2O8,147,2,72,40,52-53,52,2,0.08338641388545476,0.0833864138854552,0.14125302265314144,0.8949433704483987,0.5097397469292654,0.18070915016732342,5.5338467390304125,0.2086484236309636,-3.052520528211987,0.22248016461014292,0.17876778408519675,234.5927029371297,amp,iso,0.44747168522419933,234.5927029371297,amp,iso,0.44747168522419933,87.30061416655501,stiff,adiab,0.18,-4.5597,-3.0759778702945164,-2.934724847641375,False,0.0,-3.0759778702945164,-2.992591456409061,fail_ef_outside,0.09211463647409406
JVASP-27971,CoCl2O8,147,2,72,40,52-53,53,2,0.061688138402421266,0.0833864138854552,0.14125302265314144,0.8949433704483987,0.5076647069709854,0.1780896181319456,5.617030508992603,0.20879118104739006,-2.9645679547692487,0.22248016461014292,0.17876778408519675,231.19208321178274,amp,iso,0.44747168522419933,231.19208321178274,amp,iso,0.44747168522419933,86.9452322998882,stiff,adiab,0.18,-4.5597,-3.0759778702945164,-2.934724847641375,False,0.0,-2.9964129860437967,-2.934724847641375,fail_ef_outside,0.09040981380352886
JVASP-27971,CoCl2O8,147,2,72,40,54-55,54,2,0.4557498807823614,0.49180725764655464,0.6803671946506397,0.2775075273208839,0.559395175544472,0.0974010292407729,10.28640220826938,0.2428038921954458,0.08596098318640336,1.1625592148859518,0.04435046391329514,39.2082189071925,amp,iso,0.13875376366044195,39.2082189071925,amp,iso,0.13875376366044195,39.2082189071925,amp,iso,0.13875376366044195,-4.5597,-0.1759968995979606,0.504370295052679,False,0.0,-0.1759968995979606,0.2797529811843952,fail_ef_outside,0.054485665850354414
JVASP-27971,CoCl2O8,147,2,72,40,54-55,55,2,0.49180725764654804,0.49180725764655464,0.6803671946506397,0.2775075273208839,0.6032419998680627,0.079981878046024,12.52846180127638,0.1999819779728133,0.29761376803370665,1.1625592148859518,0.04435046391329514,32.19624071204526,amp,iso,0.13875376366044195,32.19624071204526,amp,iso,0.13875376366044195,32.19624071204526,amp,iso,0.13875376366044195,-4.5597,-0.1759968995979606,0.504370295052679,False,0.0,0.0125630374061244,0.504370295052679,fail_ef_outside,0.048248428065687014
JVASP-27971,CoCl2O8,147,2,72,40,70-71,70,2,0.23878598365125558,0.35905902933928324,0.6794813375613877,2.245519441510151,0.19800761731046235,0.38169370589469825,2.6232045991770465,0.5978400479818712,4.5356570518952655,0.3668114735234175,0.20609698685355268,384.5938427813344,stiff,iso,1.1227597207550755,145.58091117852226,stiff,adiab,0.5,33.91178872158518,stiff,adiab,0.18,-4.5597,4.4277396750495,5.1072210126108875,False,0.0,4.4277396750495,4.666525658700756,fail_ef_outside,0.07557826124660957
JVASP-27971,CoCl2O8,147,2,72,40,70-71,71,2,0.35905902933929745,0.35905902933928324,0.6794813375613877,2.245519441510151,0.16880665390116,0.44269365055900567,2.2615532150487816,0.6470049864663835,4.9339973858354185,0.3668114735234175,0.20609698685355268,327.87627361382073,stiff,iso,1.1227597207550755,124.11152066638108,stiff,adiab,0.5,28.910683637580536,stiff,adiab,0.18,-4.5597,4.4277396750495,5.1072210126108875,False,0.0,4.748161983271604,5.1072210126108875,fail_ef_outside,0.07472963385415514
JVASP-27982,ZnC2S2O6F6,147,2,118,40,82-83,82,2,0.29640654108947095,0.2964065410894684,0.30017127493544493,0.7577278389562171,4.226824532261518,0.10366364206747894,9.732334850230881,0.23341304736907267,0.8503655791101812,0.8985276898721206,0.10029533101639738,113.94060129350494,amp,iso,0.37886391947810855,113.94060129350494,amp,iso,0.37886391947810855,54.13370653263263,amp,adiab,0.18,-5.0812,0.6047201151993418,0.9048913901347867,False,0.0,0.6047201151993418,0.9011266562888102,fail_ef_outside,0.4381680253943971
JVASP-27982,ZnC2S2O6F6,147,2,118,40,82-83,83,2,0.289780012699395,0.2964065410894684,0.30017127493544493,0.7577278389562171,4.230792065652272,0.10075125456954633,9.936476616938416,0.2171778652000829,0.8536401290303155,0.8985276898721206,0.10029533101639738,110.73948684203583,amp,iso,0.37886391947810855,110.73948684203583,amp,iso,0.37886391947810855,52.6128422548778,amp,adiab,0.18,-5.0812,0.6047201151993418,0.9048913901347867,False,0.0,0.6151113774353888,0.9048913901347867,fail_ef_outside,0.42625760843734883
JVASP-28027,Bi4Te3S8,147,2,264,20,52-53,52,2,0.41911458566751136,0.41911458566750426,0.4192896786368614,0.11163949273382023,1.704134141804514,0.019434493434512527,51.64440030660589,0.03917324674745652,-9.54531225224437,0.7306427546783802,0.019383359717323183,3.1472401282416453,amp,iso,0.05581974636691012,3.1472401282416453,amp,iso,0.05581974636691012,3.1472401282416453,amp,iso,0.05581974636691012,-1.6093,-9.742454029720838,-9.323164351083976,False,1.0,-9.742454029720838,-9.323339444053333,fail_ef_outside,0.03311898379042846
JVASP-28027,Bi4Te3S8,147,2,264,20,52-53,53,2,0.4179103710107501,0.41911458566750426,0.4192896786368614,0.11163949273382023,1.705094173819167,0.0194137044412942,51.69343855226947,0.03893854631074144,-9.544210150834473,0.7306427546783802,0.019383359717323183,3.1438735391456682,amp,iso,0.05581974636691012,3.1438735391456682,amp,iso,0.05581974636691012,3.1438735391456682,amp,iso,0.05581974636691012,-1.6093,-9.742454029720838,-9.323164351083976,False,1.0,-9.741074722094718,-9.323164351083976,fail_ef_outside,0.03310219433509803
JVASP-28065,AgBiP2Se6,143,2,84,40,0-1,0,2,0.18266302083605623,0.18347318163081283,0.18422577112344385,0.7750060077529923,1.310608292518112,0.03008790957785292,34.1028202844539,0.03390318094142417,-18.04450820409038,0.3295603959139869,0.028776846187912288,33.82485042235505,amp,iso,0.38750300387649617,33.82485042235505,amp,iso,0.38750300387649617,15.712066784298809,amp,adiab,0.18,-3.0028,-18.16360275941162,-17.979376988288177,False,1.0,-18.16360275941162,-17.980939738575604,fail_ef_outside,0.03943346379726916
JVASP-28065,AgBiP2Se6,143,2,84,40,0-1,1,2,0.1834731816308306,0.18347318163081283,0.18422577112344385,0.7750060077529923,1.3107320747629396,0.030079205899177813,34.10591777651029,0.033800296305996444,-18.043768795150246,0.3295603959139869,0.028776846187912288,33.815065740287054,amp,iso,0.38750300387649617,33.815065740287054,amp,iso,0.38750300387649617,15.707521676894173,amp,adiab,0.18,-3.0028,-18.16360275941162,-17.979376988288177,False,1.0,-18.16285016991899,-17.979376988288177,fail_ef_outside,0.03942577995545099
JVASP-28065,AgBiP2Se6,143,2,84,40,2-3,2,2,0.11943429340859879,0.11953505010896492,0.12014161404115598,0.7750060077529923,1.086935199949785,0.031701702856167364,31.582503549803562,0.04120241322285011,-17.127215074123086,0.4123334464864672,0.031272910290608864,35.639078031300265,amp,iso,0.38750300387649617,35.639078031300265,amp,iso,0.38750300387649617,16.554798237586382,amp,adiab,0.18,-3.0028,-17.204370980535185,-17.08422936649403,False,1.0,-17.204370980535185,-17.084936687126554,fail_ef_outside,0.034457696732716946
JVASP-28065,AgBiP2Se6,143,2,84,40,2-3,3,2,0.11953505010895071,0.11953505010896492,0.12014161404115598,0.7750060077529923,1.0872904785068704,0.0317136856711351,31.570245267446516,0.04112650890900505,-17.12610938728256,0.4123334464864672,0.031272910290608864,35.65254912083786,amp,iso,0.38750300387649617,35.65254912083786,amp,iso,0.38750300387649617,16.56105572744455,amp,adiab,0.18,-3.0028,-17.204370980535185,-17.08422936649403,False,1.0,-17.203764416602993,-17.08422936649403,fail_ef_outside,0.03448198846858496
JVASP-28065,AgBiP2Se6,143,2,84,40,14-15,14,2,0.4981265049952075,0.4981265049952217,0.4987260119197181,0.15233407724627135,1.6972266823639537,0.025275275681307333,41.48194053424375,0.04948830501303242,-12.53494798504666,0.9230430567991552,0.023791345618169733,5.585110472620593,amp,iso,0.07616703862313567,5.585110472620593,amp,iso,0.07616703862313567,5.585110472620593,amp,iso,0.07616703862313567,-3.0028,-12.831005101945788,-12.33227909002607,False,1.0,-12.831005101945788,-12.332878596950566,fail_ef_outside,0.04289787229041957
JVASP-28065,AgBiP2Se6,143,2,84,40,14-15,15,2,0.4919023409153045,0.4981265049952217,0.4987260119197181,0.15233407724627135,1.6936498255234147,0.02520189707431676,41.6093766105949,0.04925109268302528,-12.533436366458323,0.9230430567991552,0.023791345618169733,5.568895906594219,amp,iso,0.07616703862313567,5.568895906594219,amp,iso,0.07616703862313567,5.568895906594219,amp,iso,0.07616703862313567,-3.0028,-12.831005101945788,-12.33227909002607,False,1.0,-12.824181430941378,-12.33227909002607,fail_ef_outside,0.04268318858277563
JVASP-28065,AgBiP2Se6,143,2,84,40,16-17,16,2,0.3402397749621713,0.3463661442968373,0.34745903010369084,0.7954801243864829,0.8039312115320482,0.03075601843975024,32.516511965455216,0.03901076408621002,-11.325439753653848,0.3731061725292645,0.030810760075663735,35.489366411296864,amp,iso,0.39774006219324143,35.489366411296864,amp,iso,0.39774006219324143,16.06095679376093,amp,adiab,0.18,-3.0028,-11.536798965639587,-11.189339935535896,False,1.0,-11.536798965639587,-11.196559190677426,fail_ef_outside,0.024725723166170423
JVASP-28065,AgBiP2Se6,143,2,84,40,16-17,17,2,0.34636614429682666,0.3463661442968373,0.34745903010369084,0.7954801243864829,0.8035847323239742,0.030875517722576504,32.39064431724333,0.03927411102785278,-11.315451232749803,0.3731061725292645,0.030810760075663735,35.627256621059104,amp,iso,0.39774006219324143,35.627256621059104,amp,iso,0.39774006219324143,16.12335995631976,amp,adiab,0.18,-3.0028,-11.536798965639587,-11.189339935535896,False,1.0,-11.535706079832734,-11.189339935535896,fail_ef_outside,0.02481109464446076
JVASP-28153,HgF,123,2,48,40,0-1,0,2,0.009123313468750283,0.01206711245790082,0.012524818272549254,0.489684793068756,1.4593853756945014,0.1513154768311972,6.673131205322825,0.2340040905198343,-15.016205726407462,0.001120729407695083,0.11561610584458912,107.48274975947359,amp,iso,0.244842396534378,107.48274975947359,amp,iso,0.244842396534378,79.01774868466774,amp,adiab,0.18,-8.2387,-15.020456605923515,-15.007931787650966,False,1.0,-15.020456605923515,-15.011333292454754,fail_ef_outside,0.22082759400368934
JVASP-28153,HgF,123,2,48,40,0-1,1,2,0.012067112457916807,0.01206711245790082,0.012524818272549254,0.489684793068756,1.4594390980617686,0.1551600895787124,6.511022708725226,0.23836301173896926,-15.014977031160136,0.001120729407695083,0.11561610584458912,110.2136637315073,amp,iso,0.244842396534378,110.2136637315073,amp,iso,0.244842396534378,81.0254259575744,amp,adiab,0.18,-8.2387,-15.020456605923515,-15.007931787650966,False,1.0,-15.019998900108867,-15.007931787650966,fail_ef_outside,0.22644670118993926
JVASP-28153,HgF,123,2,48,40,2-3,2,2,0.06468239193291936,0.0646823919329158,0.0663591961199348,0.21777259869408283,0.661280479906392,0.08240954319141915,12.184552158295821,0.08280359494500132,-14.482713029658907,0.008178011280551121,0.0815689641848194,26.032719613434033,amp,iso,0.10888629934704142,26.032719613434033,amp,iso,0.10888629934704142,26.032719613434033,amp,iso,0.10888629934704142,-8.2387,-14.51824699458221,-14.451887798462275,False,1.0,-14.51824699458221,-14.453564602649294,fail_ef_outside,0.054495822270488194
JVASP-28153,HgF,123,2,48,40,2-3,3,2,0.06442107198130387,0.0646823919329158,0.0663591961199348,0.21777259869408283,0.6613821841476548,0.08230460473249998,12.198368011630734,0.08257397280087292,-14.481975062380839,0.008178011280551121,0.0815689641848194,25.99957013375104,amp,iso,0.10888629934704142,25.99957013375104,amp,iso,0.10888629934704142,25.99957013375104,amp,iso,0.10888629934704142,-8.2387,-14.51824699458221,-14.451887798462275,False,1.0,-14.516308870443579,-14.451887798462275,fail_ef_outside,0.054434799243390244
JVASP-28153,HgF,123,2,48,40,4-5,4,2,0.007872883803646147,0.008860598286418053,0.011373501337098801,0.06128395744381443,0.6064529879635892,0.10073984331257321,9.99608500466379,0.11039532901280392,-14.228563892144837,0.021059547148522786,0.062079230207567504,8.955438870737167,amp,iso,0.030641978721907215,8.955438870737167,amp,iso,0.030641978721907215,8.955438870737167,amp,iso,0.030641978721907215,-8.2387,-14.234115199768192,-14.222741698431093,False,1.0,-14.234115199768192,-14.226242315964544,fail_ef_outside,0.06109397898389382
JVASP-28153,HgF,123,2,48,40,4-5,5,2,0.0088605982864145,0.008860598286418053,0.011373501337098801,0.06128395744381443,0.6066159524816949,0.100576427355249,10.01130303015192,0.11021672115544341,-14.227118296874574,0.021059547148522786,0.062079230207567504,8.940911732633733,amp,iso,0.030641978721907215,8.940911732633733,amp,iso,0.030641978721907215,8.940911732633733,amp,iso,0.030641978721907215,-8.2387,-14.234115199768192,-14.222741698431093,False,1.0,-14.231602296717512,-14.222741698431093,fail_ef_outside,0.061011265277310364
JVASP-28153,HgF,123,2,48,40,6-7,6,2,0.1533887185215015,0.1925673322195749,0.1925975818981147,0.06128395744381443,1.4318260214138618,0.10680615567018034,9.670504501093252,0.1227726823186721,-14.089997535236439,0.02550614850081857,0.09318252016153673,9.494713974836595,amp,iso,0.030641978721907215,9.494713974836595,amp,iso,0.030641978721907215,9.494713974836595,amp,iso,0.030641978721907215,-8.2387,-14.161457740987279,-13.968860159089164,False,1.0,-14.161457740987279,-14.008069022465781,fail_ef_outside,0.1529278329357439
JVASP-28153,HgF,123,2,48,40,6-7,7,2,0.19256733221958378,0.1925673322195749,0.1925975818981147,0.06128395744381443,1.4311060917362286,0.10679503493224105,9.670486135414382,0.12411003178797296,-14.085638731662899,0.02550614850081857,0.09318252016153673,9.493725378015933,amp,iso,0.030641978721907215,9.493725378015933,amp,iso,0.030641978721907215,9.493725378015933,amp,iso,0.030641978721907215,-8.2387,-14.161457740987279,-13.968860159089164,False,1.0,-14.16142749130874,-13.968860159089164,fail_ef_outside,0.1528350250587135
JVASP-28153,HgF,123,2,48,40,12-13,12,2,0.10457480228172855,0.10457480228172322,0.10540833575998754,0.11750611359900809,1.1247592303851701,0.09032666265646297,11.143494574221453,0.13115158526895823,-12.600396351489117,0.051076823005972154,0.08743818078715129,15.396259679844063,amp,iso,0.058753056799504044,15.396259679844063,amp,iso,0.058753056799504044,15.396259679844063,amp,iso,0.058753056799504044,-8.2387,-12.656657339084617,-12.55124900332463,False,1.0,-12.656657339084617,-12.552082536802894,fail_ef_outside,0.10159574757274417
JVASP-28153,HgF,123,2,48,40,12-13,13,2,0.09925803600956051,0.10457480228172322,0.10540833575998754,0.11750611359900809,1.1250582857286018,0.08994418714435137,11.189504980585376,0.13117677642395417,-12.59929044827403,0.051076823005972154,0.08743818078715129,15.331066389928681,amp,iso,0.058753056799504044,15.331066389928681,amp,iso,0.058753056799504044,15.331066389928681,amp,iso,0.058753056799504044,-8.2387,-12.656657339084617,-12.55124900332463,False,1.0,-12.650507039334189,-12.55124900332463,fail_ef_outside,0.1011924529998765
JVASP-28153,HgF,123,2,48,40,14-15,14,2,0.162318643748252,0.19583276552455509,0.1958589858596227,0.05876257721500977,1.0360811969582855,0.13120589738972552,7.911488490966467,0.14850960401460317,-12.344491261330816,0.12774521034642056,0.111989751758962,11.183892687425868,amp,iso,0.029381288607504885,11.183892687425868,amp,iso,0.029381288607504885,11.183892687425868,amp,iso,0.029381288607504885,-8.2387,-12.40614849023464,-12.210289504375018,False,1.0,-12.40614849023464,-12.243829846486383,fail_ef_outside,0.1359399632155328
JVASP-28153,HgF,123,2,48,40,14-15,15,2,0.19583276552455864,0.19583276552455509,0.1958589858596227,0.05876257721500977,1.0352832208647236,0.13194170034765548,7.874136376593958,0.14936779822994212,-12.339711183456473,0.12774521034642056,0.111989751758962,11.246611981941541,amp,iso,0.029381288607504885,11.246611981941541,amp,iso,0.029381288607504885,11.246611981941541,amp,iso,0.029381288607504885,-8.2387,-12.40614849023464,-12.210289504375018,False,1.0,-12.406122269899573,-12.210289504375018,fail_ef_outside,0.136597028502289
JVASP-28223,FeC2O6,147,2,64,40,42-43,42,2,0.23425171183823235,0.23425171183822835,0.24928396857450608,0.44270209595595933,0.9583617742429453,0.09616820519060987,10.408106326144853,0.1643818802989945,-3.879432677834156,0.49391455314836286,0.09542891645898817,61.75638831508384,amp,iso,0.22135104797797966,61.75638831508384,amp,iso,0.22135104797797966,50.21954943633671,amp,adiab,0.18,-4.7065,-3.926433169995561,-3.677149201421055,False,0.0,-3.926433169995561,-3.6921814581573327,fail_ef_outside,0.0921639317522325
JVASP-28223,FeC2O6,147,2,64,40,42-43,43,2,0.21484467487477144,0.23425171183822835,0.24928396857450608,0.44270209595595933,0.9596084843058461,0.09902222255321645,10.101458632353726,0.16063668715922763,-3.7584854064934534,0.49391455314836286,0.09542891645898817,63.58915418768986,amp,iso,0.22135104797797966,63.58915418768986,amp,iso,0.22135104797797966,51.709932518245154,amp,adiab,0.18,-4.7065,-3.926433169995561,-3.677149201421055,False,0.0,-3.891993876295821,-3.677149201421055,fail_ef_outside,0.0950225648968882
JVASP-28223,FeC2O6,147,2,64,40,44-45,44,2,0.3672584326537822,0.3672584326537831,0.3858865653180188,0.6331245356362203,0.856011451046319,0.1280092609142587,7.818331623414532,0.21268401090789507,-2.980748763319445,0.4224047176334193,0.13078490346441585,117.56264124707826,amp,iso,0.31656226781811014,117.56264124707826,amp,iso,0.31656226781811014,66.84711848423105,amp,adiab,0.18,-4.7065,-3.0440246657848347,-2.658138100466816,False,0.0,-3.0440246657848347,-2.6767662331310516,fail_ef_outside,0.10957739318258145
JVASP-28223,FeC2O6,147,2,64,40,44-45,45,2,0.31571360307285623,0.3672584326537831,0.3858865653180188,0.6331245356362203,0.8557425205040841,0.13682203491598507,7.3112530893198775,0.208921165504406,-2.758089673824794,0.4224047176334193,0.13078490346441585,125.65621964099219,amp,iso,0.31656226781811014,125.65621964099219,amp,iso,0.31656226781811014,71.44919605003108,amp,adiab,0.18,-4.7065,-3.0440246657848347,-2.658138100466816,False,0.0,-2.9738517035396645,-2.658138100466816,fail_ef_outside,0.11708443301950286
JVASP-31361,PdSe6Cl2,2,2,72,40,0-1,0,2,0.24257010439908555,0.24257010439908555,0.24608856981209826,0.2946344497936586,2.3337584328656344,0.0540232280690128,18.97574127849621,0.09377817737510535,-17.842433398038143,0.8235114979689631,0.04398782800705215,23.088879460780813,amp,iso,0.1473172248968293,23.088879460780813,amp,iso,0.1473172248968293,23.088879460780813,amp,iso,0.1473172248968293,-3.8864,-17.947756710946827,-17.70166814113473,False,1.0,-17.947756710946827,-17.70518660654774,fail_ef_outside,0.12607716407668207
JVASP-31361,PdSe6Cl2,2,2,72,40,0-1,1,2,0.23426192379346844,0.24257010439908555,0.24608856981209826,0.2946344497936586,2.322600783270054,0.054647127049355565,18.76942162141899,0.09499893850940566,-17.836834747484662,0.8235114979689631,0.04398782800705215,23.355526398917053,amp,iso,0.1473172248968293,23.355526398917053,amp,iso,0.1473172248968293,23.355526398917053,amp,iso,0.1473172248968293,-3.8864,-17.947756710946827,-17.70166814113473,False,1.0,-17.935930064928193,-17.70166814113473,fail_ef_outside,0.1269234600882914
JVASP-31361,PdSe6Cl2,2,2,72,40,6-7,6,2,0.10864806382582692,0.10864806382583403,0.11071885959496619,0.28007606619440395,0.4175516281994621,0.05268280778609792,19.032514025858237,0.08237202298128235,-15.188110850615153,0.5997370632990529,0.04726881317444574,21.403446498332162,amp,iso,0.14003803309720197,21.403446498332162,amp,iso,0.14003803309720197,21.403446498332162,amp,iso,0.14003803309720197,-3.8864,-15.259838099783298,-15.149119240188332,False,1.0,-15.259838099783298,-15.151190035957464,fail_ef_outside,0.021997792169204486
JVASP-31361,PdSe6Cl2,2,2,72,40,6-7,7,2,0.10548637245963377,0.10864806382583403,0.11071885959496619,0.28007606619440395,0.4158504315811925,0.0529141604430509,18.950593772197685,0.08192362582135979,-15.184903654494892,0.5997370632990529,0.04726881317444574,21.497438151841695,amp,iso,0.14003803309720197,21.497438151841695,amp,iso,0.14003803309720197,21.497438151841695,amp,iso,0.14003803309720197,-3.8864,-15.259838099783298,-15.149119240188332,False,1.0,-15.254605612647975,-15.149119240188332,fail_ef_outside,0.022004376456999184
JVASP-31377,NbBr2O,25,2,68,40,44-45,44,2,0.15160054734863282,0.15608571848559016,0.15711675411775516,0.7861312042937869,1.2195090691695176,0.07276461450730237,13.933060780389273,0.1015343497278353,-3.9691595173597483,0.5366423610582466,0.0714600265027975,82.9763006286754,amp,iso,0.39306560214689346,82.9763006286754,amp,iso,0.39306560214689346,37.998069613783976,amp,adiab,0.18,-3.8653,-4.058210414641454,-3.901093660523699,False,1.0,-4.058210414641454,-3.906609867292817,fail_ef_outside,0.0887371073062791
JVASP-31377,NbBr2O,25,2,68,40,44-45,45,2,0.15608571848559283,0.15608571848559016,0.15711675411775516,0.7861312042937869,1.2202835927003999,0.07295629587490915,13.899051186698868,0.10203424280944073,-3.9652156533433836,0.5366423610582466,0.0714600265027975,83.19488229630535,amp,iso,0.39306560214689346,83.19488229630535,amp,iso,0.39306560214689346,38.09816664582771,amp,adiab,0.18,-3.8653,-4.058210414641454,-3.901093660523699,False,1.0,-4.057179379009289,-3.901093660523699,fail_ef_outside,0.0890273708403475
JVASP-34485,ZrCoF6,225,3,60,20,41-42,41,2,0.20670012407458405,0.240349847544304,0.2822153576123294,0.25868035737431905,0.7252976717427241,0.38459759365705404,3.042298335120022,0.49315449975844056,0.9761621125974136,0.21483935357795247,0.21322347821630294,144.31411662079464,amp,iso,0.12934017868715952,144.31411662079464,amp,iso,0.12934017868715952,144.31411662079464,amp,iso,0.12934017868715952,1.1588,0.8373791150265077,1.1195944726388372,False,1.0,0.8373791150265077,1.0440792391010956,fail_ef_outside,0.2789477392373156
JVASP-34485,ZrCoF6,225,3,60,20,41-42,42,2,0.24034984754431832,0.240349847544304,0.2822153576123294,0.25868035737431905,0.7256507784104907,0.27552287490304644,4.078680812275585,0.3460133700946264,1.0538361780105516,0.21483935357795247,0.21322347821630294,103.38556703480187,amp,iso,0.12934017868715952,103.38556703480187,amp,iso,0.12934017868715952,103.38556703480187,amp,iso,0.12934017868715952,1.1588,0.8373791150265077,1.1195944726388372,False,1.0,0.8792446250945332,1.1195944726388372,fail_ef_outside,0.1999333886432919
JVASP-34485,ZrCoF6,225,3,60,20,44-45,44,2,0.40922856232917626,0.42106242656281,0.678716267389758,0.7291879575881717,0.3699918393445883,0.33584626657906363,3.0035600657965,0.4143946885895984,2.570631841271522,0.2895383329263034,0.20800084769094468,355.2375065136412,amp,iso,0.36459397879408584,355.2375065136412,amp,iso,0.36459397879408584,156.636734093621,stiff,adiab,0.18,1.1588,2.344392513270589,3.023108780660347,False,0.0,2.344392513270589,2.753621075599765,fail_ef_outside,0.12426037790860069
JVASP-34485,ZrCoF6,225,3,60,20,44-45,45,2,0.4210624265628411,0.42106242656281,0.678716267389758,0.7291879575881717,0.36856957382066236,0.4199858514630808,2.402387552840864,0.5709743188805462,2.8543928385115676,0.2895383329263034,0.20800084769094468,444.23517987695266,amp,iso,0.36459397879408584,444.23517987695266,amp,iso,0.36459397879408584,156.03461533587662,stiff,adiab,0.18,1.1588,2.344392513270589,3.023108780660347,False,0.0,2.602046354097537,3.023108780660347,fail_ef_outside,0.1547940062844557
JVASP-34818,NiPb2N6O12,225,3,136,12,134-135,134,2,0.10519494464283596,0.10519494464288037,0.10862329247274971,4.797374314234959,0.35283176975858527,0.7272801945128824,1.3766657039883186,0.8437949406091749,15.32707532094433,0.45233844461874784,0.3907890003341435,2263.211919441798,stiff,phys,1.5,641.243377175176,stiff,adiab,0.5,149.37198668315867,stiff,adiab,0.18,2.0905,15.256040082773248,15.364663375245998,False,0.0,15.256040082773248,15.361235027416129,fail_ef_outside,0.2566075581403484
JVASP-34818,NiPb2N6O12,225,3,136,12,134-135,135,2,0.10426109692035901,0.10519494464288037,0.10862329247274971,4.797374314234959,0.35260927905514594,0.7274620105201772,1.3763206673168717,0.8439037474599878,15.33070698465813,0.45233844461874784,0.3907890003341435,2261.7847701453115,stiff,phys,1.5,640.8390182078383,stiff,adiab,0.5,149.27779482959056,stiff,adiab,0.18,2.0905,15.256040082773248,15.364663375245998,False,0.0,15.260402278325627,15.364663375245998,fail_ef_outside,0.25650985506952667
JVASP-35289,TbInPt4,216,3,72,16,70-71,70,2,0.20986027679438024,0.20986027679436603,0.2291165505877828,0.05140151440813767,0.8305551961771451,0.5366891455773626,1.899998258121015,0.6360722153459762,19.494078454804807,0.10743626341789142,0.4691406720966626,40.01635496194559,amp,iso,0.025700757204068836,40.01635496194559,amp,iso,0.025700757204068836,40.01635496194559,amp,iso,0.025700757204068836,8.88,19.371074357942188,19.60019090852997,False,0.0,19.371074357942188,19.580934634736554,fail_ef_outside,0.4457499585911508
JVASP-35289,TbInPt4,216,3,72,16,70-71,71,2,0.19949523835174077,0.20986027679436603,0.2291165505877828,0.05140151440813767,0.8367869135180508,0.5303734826206132,1.924218338033526,0.6330234805171228,19.523013788081734,0.10743626341789142,0.4691406720966626,39.54544957326774,amp,iso,0.025700757204068836,39.54544957326774,amp,iso,0.025700757204068836,39.54544957326774,amp,iso,0.025700757204068836,8.88,19.371074357942188,19.60019090852997,False,0.0,19.400695670178244,19.60019090852997,fail_ef_outside,0.4438095895339225
JVASP-35414,ZnPd5Se,123,3,86,16,0-1,0,2,0.44673185746314203,0.4467318574631305,0.44715998688022207,6.5475425078226115,0.38495901349958717,0.8277641914193898,1.2198545073322071,0.892658067915791,-6.7390514311307825,0.05111339236976019,0.4488187788641389,2469.2896233378997,stiff,phys,1.5,699.6320599457382,stiff,adiab,0.5,162.9731151403014,stiff,adiab,0.18,7.7866,-6.9724185487436685,-6.525258561863446,False,1.0,-6.9724185487436685,-6.525686691280538,fail_ef_outside,0.31865528653909175
JVASP-35414,ZnPd5Se,123,3,86,16,0-1,1,2,0.4466283206744386,0.4467318574631305,0.44715998688022207,6.5475425078226115,0.3840778843866746,0.8308942232526122,1.2152286549433944,0.894395323192579,-6.738531416895888,0.05111339236976019,0.4488187788641389,2463.6376892383278,stiff,phys,1.5,698.0306786175262,stiff,adiab,0.5,162.60008748972965,stiff,adiab,0.18,7.7866,-6.9724185487436685,-6.525258561863446,False,1.0,-6.971886882537854,-6.525258561863446,fail_ef_outside,0.3191280954159726
JVASP-35528,CdAg2I4,121,3,68,20,8-9,8,2,0.3347579441614914,0.33475794416148963,0.342989651164475,0.1438662917889586,2.846633292860905,0.031300984937720044,31.99671566451708,0.0776413243755732,-2.149177643285753,1.6356934874859683,0.03144314998280629,6.532145556513975,amp,iso,0.0719331458944793,6.532145556513975,amp,iso,0.0719331458944793,6.532145556513975,amp,iso,0.0719331458944793,2.4241,-2.3397152031882222,-1.9967255520237472,False,1.0,-2.3397152031882222,-2.0049572590267326,fail_ef_outside,0.0891024258230516
JVASP-35528,CdAg2I4,121,3,68,20,8-9,9,2,0.333993015971052,0.33475794416148963,0.342989651164475,0.1438662917889586,2.86152046001858,0.031697308805244,31.593925886349655,0.07625915600343525,-2.1352902241011296,1.6356934874859683,0.03144314998280629,6.614853662835168,amp,iso,0.0719331458944793,6.614853662835168,amp,iso,0.0719331458944793,6.614853662835168,amp,iso,0.0719331458944793,2.4241,-2.3397152031882222,-1.9967255520237472,False,1.0,-2.3307185679947957,-1.9967255520237472,fail_ef_outside,0.0907024976737328
JVASP-35707,HfPt3,221,3,48,24,46-47,46,2,0.4243573749844458,0.42435737498442805,0.4367351134062254,3.755653177916635,0.3510626004154359,0.4937409074751796,2.037903047222816,0.5918106059102999,21.51540912999155,0.09326217321722835,0.45550776078474137,2148.6177840297114,amp,phys,1.5,638.028054118604,stiff,adiab,0.5,148.62300554762777,stiff,adiab,0.18,9.9312,21.204512085230245,21.64124719863647,False,0.0,21.204512085230245,21.628869460214673,fail_ef_outside,0.1733339669097137
JVASP-35707,HfPt3,221,3,48,24,46-47,47,2,0.37114736129526804,0.42435737498442805,0.4367351134062254,3.755653177916635,0.3407033979468049,0.4983063972151557,2.0191206163839643,0.594713378123664,21.545240877856358,0.09326217321722835,0.45550776078474137,2168.485476375238,amp,phys,1.5,619.2010364144684,stiff,adiab,0.5,144.23741789419384,stiff,adiab,0.18,9.9312,21.204512085230245,21.64124719863647,False,0.0,21.27009983734118,21.64124719863647,fail_ef_outside,0.16977468274983382
JVASP-35832,Ca2H3Br,164,3,38,24,0-1,0,2,0.3414024135948228,0.3414024135947944,0.3417269950655015,9.244645462704938,0.11252762367980805,0.9519300038030543,1.0506671741639202,0.949219838240057,-12.784709520476271,0.03719863721618645,0.48097517070519413,721.7996819074874,stiff,phys,1.5,204.50990987378808,stiff,adiab,0.5,47.63877900589417,stiff,adiab,0.18,3.8532,-13.012028255368032,-12.67030126030253,False,1.0,-13.012028255368032,-12.670625841773237,fail_ef_outside,0.10711842123746834
JVASP-35832,Ca2H3Br,164,3,38,24,0-1,1,2,0.3413828600247726,0.3414024135947944,0.3417269950655015,9.244645462704938,0.11257980783485565,0.9521159927663962,1.0504636724376963,0.9493139416121755,-12.784354123641126,0.03719863721618645,0.48097517070519413,722.1344131075448,stiff,phys,1.5,204.60475038047105,stiff,adiab,0.5,47.66087126509796,stiff,adiab,0.18,3.8532,-13.012028255368032,-12.67030126030253,False,1.0,-13.011684120327281,-12.67030126030253,fail_ef_outside,0.1071890355021337
JVASP-36449,Sr3BiP,221,3,52,24,2-3,2,2,0.04283953051632139,0.042949326139098076,0.04826362289525843,1.4088403342137665,0.009242157725521625,0.987466943781494,1.0126946271435324,0.9744794738105027,-6.259035693126897,0.012071674930313126,0.49418379129255363,27.840141386033707,stiff,iso,0.7044201671068833,16.796878683442092,stiff,adiab,0.5,3.912684681554747,stiff,adiab,0.18,1.8768,-6.2874669257686975,-6.239203302873439,False,1.0,-6.2874669257686975,-6.244627395252385,fail_ef_outside,0.009126325243167362
JVASP-36449,Sr3BiP,221,3,52,24,2-3,3,2,0.042949326139098076,0.042949326139098076,0.04826362289525843,1.4088403342137665,0.009244050839661557,0.9874587039517727,1.0127030883252848,0.9744753143549904,-6.253633514363103,0.012071674930313126,0.49418379129255363,27.845844011641372,stiff,iso,0.7044201671068833,16.80031926620282,stiff,adiab,0.5,3.9134861349507752,stiff,adiab,0.18,1.8768,-6.2874669257686975,-6.239203302873439,False,1.0,-6.282152629012537,-6.239203302873439,fail_ef_outside,0.009128118461396498
JVASP-36451,Sr3AsP,221,3,52,24,2-3,2,2,0.08333530778992237,0.08365470667800512,0.08860890378803532,0.6597922151995386,0.021113474235781117,0.9643662720393464,1.036967322320306,0.962762837068671,-6.171977949104848,0.03584821022560434,0.4826060953107467,29.785381950444773,stiff,iso,0.3298961075997693,25.31757465787806,stiff,iso,0.3298961075997693,8.938428629996043,stiff,adiab,0.18,1.8908,-6.230246971543871,-6.141638067755836,False,1.0,-6.230246971543871,-6.146911663753939,fail_ef_outside,0.020361122438559025
JVASP-36451,Sr3AsP,221,3,52,24,2-3,3,2,0.08365470667801045,0.08365470667800512,0.08860890378803532,0.6597922151995386,0.021007176957412495,0.9645753603230849,1.0367431074976992,0.9628691213457957,-6.166872024541595,0.03584821022560434,0.4826060953107467,29.63542533974465,stiff,iso,0.3298961075997693,25.19011153878295,stiff,iso,0.3298961075997693,8.893427479278243,stiff,adiab,0.18,1.8908,-6.230246971543871,-6.141638067755836,False,1.0,-6.225292774433841,-6.141638067755836,fail_ef_outside,0.020263005283066963
JVASP-36462,Ca3BiAs,221,3,52,24,2-3,2,2,0.3083962976025232,0.30839629760251963,0.3173636087812266,0.11244695226207835,2.23932979092226,0.4670482642226854,2.162486114364971,0.519444544451725,-6.437771450280113,0.12104655283501267,0.4553134052000105,76.18127759149452,amp,iso,0.056223476131039174,76.18127759149452,amp,iso,0.056223476131039174,76.18127759149452,amp,iso,0.056223476131039174,3.5848,-6.5302956668487315,-6.212932058067505,False,1.0,-6.5302956668487315,-6.221899369246212,fail_ef_outside,1.0458750918723905
JVASP-36462,Ca3BiAs,221,3,52,24,2-3,3,2,0.3024986412733517,0.30839629760251963,0.3173636087812266,0.11244695226207835,2.2394446618682573,0.4675383734648053,2.159952517133612,0.5195436386334421,-6.430144423516818,0.12104655283501267,0.4553134052000105,76.26122039630557,amp,iso,0.056223476131039174,76.26122039630557,amp,iso,0.056223476131039174,76.26122039630557,amp,iso,0.056223476131039174,3.5848,-6.5302956668487315,-6.212932058067505,False,1.0,-6.515430699340858,-6.212932058067505,fail_ef_outside,1.047026314674326
JVASP-36463,Ca3Sb2,221,3,52,24,2-3,2,2,0.10883642728131537,0.10883642728132603,0.10896454123059751,0.8158944513796547,1.445513360484986,0.6271249779563612,1.6422371713091017,0.7265826100401027,-4.709497637740443,0.05672098376575674,0.4757204967003721,742.2101322864809,amp,iso,0.40794722568982733,742.2101322864809,amp,iso,0.40794722568982733,327.48800677748545,amp,adiab,0.18,3.3166,-4.753385256957012,-4.644420715726414,False,1.0,-4.753385256957012,-4.644548829675686,fail_ef_outside,0.9065175343297724
JVASP-36463,Ca3Sb2,221,3,52,24,2-3,3,2,0.10866969031479456,0.10883642728132603,0.10896454123059751,0.8158944513796547,1.4453907613030075,0.627264498199716,1.6418732391832365,0.7266635427382684,-4.708818380042904,0.05672098376575674,0.4757204967003721,742.3752562122004,amp,iso,0.40794722568982733,742.3752562122004,amp,iso,0.40794722568982733,327.5608649923667,amp,adiab,0.18,3.3166,-4.753385256957012,-4.644420715726414,False,1.0,-4.753090406041204,-4.644420715726414,fail_ef_outside,0.9066423105912365
JVASP-36464,Ca3P2,221,3,52,24,2-3,2,2,0.12937943455356926,0.14772856318141425,0.14827471837747108,0.587038002491262,2.850766083748242,0.4731725511813686,2.1322798904575655,0.5179529243642852,-5.480236050753639,0.08744734262073789,0.46291652887895707,402.925320690943,amp,iso,0.293519001245631,402.925320690943,amp,iso,0.293519001245631,247.0932287742284,amp,adiab,0.18,2.8072,-5.549720030362146,-5.401445311984675,False,1.0,-5.549720030362146,-5.420340595808579,fail_ef_outside,1.3489042606684747
JVASP-36464,Ca3P2,221,3,52,24,2-3,3,2,0.14772856318142136,0.14772856318141425,0.14827471837747108,0.587038002491262,2.8510164959954007,0.4733838730134081,2.1308722900807764,0.5178495702158205,-5.476610957562168,0.08744734262073789,0.46291652887895707,403.10526966881787,amp,iso,0.293519001245631,403.10526966881787,amp,iso,0.293519001245631,247.2035821615049,amp,adiab,0.18,2.8072,-5.549720030362146,-5.401445311984675,False,1.0,-5.5491738751660895,-5.401445311984675,fail_ef_outside,1.3496252308994185
JVASP-36466,Ba3BiN,221,3,50,24,0-1,0,2,0.27352657797454505,0.2735265779745477,0.2737461627891298,6.164409176560363,2.1785950896759863,0.19797616566078285,5.109103219412208,0.23368998706944819,-6.391539651606077,0.03855821612675632,0.18379543068040854,861.5350762163738,amp,phys,1.5,287.17835873879125,amp,adiab,0.5,103.38420914596483,amp,adiab,0.18,3.4424,-6.601974690084918,-6.3282285272957886,False,1.0,-6.601974690084918,-6.328448112110371,fail_ef_outside,0.4313099023814611
JVASP-36466,Ba3BiN,221,3,50,24,0-1,1,2,0.2731589990764851,0.2735265779745477,0.2737461627891298,6.164409176560363,2.1787435880188877,0.23943073826497724,4.290653371893324,0.3950685249890127,-6.390881590463798,0.03855821612675632,0.18379543068040854,1041.9333996653995,amp,phys,1.5,347.3111332217998,amp,adiab,0.5,125.03200795984793,amp,adiab,0.18,3.4424,-6.601974690084918,-6.3282285272957886,False,1.0,-6.6013875263722674,-6.3282285272957886,fail_ef_outside,0.5216581857694477
JVASP-36473,Ba3SbN,221,3,50,24,0-1,0,2,0.3455506369385608,0.3455506369385599,0.3458381544092557,5.510423823253287,2.265409173105787,0.4919275463331383,2.0520417151593144,0.5625272413525317,-4.73120801536307,0.05382752255901517,0.4671702278245422,2140.726560232635,amp,phys,1.5,713.575520077545,amp,adiab,0.5,256.8871872279162,amp,adiab,0.18,3.5279,-4.992186951778083,-4.6463487973688276,False,1.0,-4.992186951778083,-4.646636314839523,fail_ef_outside,1.1144171759665136
JVASP-36473,Ba3SbN,221,3,50,24,0-1,1,2,0.345497732829549,0.3455506369385599,0.3458381544092557,5.510423823253287,2.26541111081579,0.4888955896321789,2.0626093005799824,0.55861797267563,-4.730785499942409,0.05382752255901517,0.4671702278245422,2127.5323606241755,amp,phys,1.5,709.1774535413919,amp,adiab,0.5,255.30388327490107,amp,adiab,0.18,3.5279,-4.992186951778083,-4.6463487973688276,False,1.0,-4.991846530198358,-4.6463487973688276,fail_ef_outside,1.107549500781575
JVASP-36486,Sr3BiSb,221,3,52,24,0-1,0,2,0.18124769945480423,0.1839934411077948,0.18420202711472644,0.14016349579390752,2.234745822738544,0.4958716113261433,2.047736365347434,0.5592521247796102,-6.927010912958567,0.08582615757909019,0.4714862661118481,100.81913492107451,amp,iso,0.07008174789695376,100.81913492107451,amp,iso,0.07008174789695376,100.81913492107451,amp,iso,0.07008174789695376,2.8171,-7.039444731569115,-6.855242704454389,False,1.0,-7.039444731569115,-6.8581970321143,fail_ef_outside,1.1081470120257297
JVASP-36486,Sr3BiSb,221,3,52,24,0-1,1,2,0.1839934411078019,0.1839934411077948,0.18420202711472644,0.14016349579390752,2.2325487709795064,0.4960570017191929,2.0469015274606375,0.5593523364666172,-6.924821232323806,0.08582615757909019,0.4714862661118481,100.85682794205621,amp,iso,0.07008174789695376,100.85682794205621,amp,iso,0.07008174789695376,100.85682794205621,amp,iso,0.07008174789695376,2.8171,-7.039444731569115,-6.855242704454389,False,1.0,-7.0392361455621835,-6.855242704454389,fail_ef_outside,1.107471449523963
JVASP-36493,Ba3BiP,221,3,52,24,0-1,0,2,0.16209315132233915,0.16552076344785505,0.16631537251076445,0.05009084949760911,1.3365581661732298,0.7053095895261965,1.45998498259429,0.7893999909186534,-6.9775922748021815,0.0384002925541259,0.485012815139373,51.24800763896054,amp,iso,0.025045424748804557,51.24800763896054,amp,iso,0.025045424748804557,51.24800763896054,amp,iso,0.025045424748804557,2.615,-7.059642197810951,-6.8933268253001865,False,1.0,-7.059642197810951,-6.897549046488587,fail_ef_outside,0.9426872915615266
JVASP-36493,Ba3BiP,221,3,52,24,0-1,1,2,0.16552076344784883,0.16552076344785505,0.16631537251076445,0.05009084949760911,1.3365445520504131,0.7053383608463673,1.4598936080726315,0.7894084731336563,-6.976176300912006,0.0384002925541259,0.485012815139373,51.25009817176739,amp,iso,0.025045424748804557,51.25009817176739,amp,iso,0.025045424748804557,51.25009817176739,amp,iso,0.025045424748804557,2.615,-7.059642197810951,-6.8933268253001865,False,1.0,-7.0588475887480415,-6.8933268253001865,fail_ef_outside,0.9427161435413806
JVASP-36495,Ca3BiSb,221,3,52,24,2-3,2,2,0.13040010336741137,0.13040010336741226,0.13052094057861474,2.4451751982231444,2.7083964700205883,0.47294745373069,2.1234516225063054,0.5094399937442725,-4.932948809459238,0.07349090299497575,0.46689435188004974,1677.4966983931618,amp,iso,1.2225875991115722,686.0435602373858,amp,adiab,0.5,246.9756816854589,amp,adiab,0.18,3.2274,-4.999180865611662,-4.868659925033048,False,1.0,-4.999180865611662,-4.86878076224425,fail_ef_outside,1.2809292141894264
JVASP-36495,Ca3BiSb,221,3,52,24,2-3,3,2,0.13033114226401477,0.13040010336741226,0.13052094057861474,2.4451751982231444,2.708486196875434,0.4729975618152795,2.122941911600336,0.5091822561404652,-4.931593375165422,0.07349090299497575,0.46689435188004974,1677.6744266921482,amp,iso,1.2225875991115722,686.1162455399016,amp,adiab,0.5,247.00184839436454,amp,adiab,0.18,3.2274,-4.999180865611662,-4.868659925033048,False,1.0,-4.998991067297062,-4.868659925033048,fail_ef_outside,1.2811073673324194
JVASP-36496,Sr3BiAs,221,3,52,24,2-3,2,2,0.0343340519695019,0.03433405196950279,0.035474244074410244,0.5143131804715404,0.0789258312429903,0.9705725159859931,1.0306314170961972,0.9657366055770382,-7.055303587421478,0.009139501985202041,0.4957559361483229,86.79268079100635,stiff,iso,0.2571565902357702,73.7737786723554,stiff,iso,0.2571565902357702,33.41339761283872,stiff,adiab,0.18,1.9254,-7.078072099359845,-7.042597855285435,False,1.0,-7.078072099359845,-7.043738047390343,fail_ef_outside,0.076603242605795
JVASP-36496,Sr3BiAs,221,3,52,24,2-3,3,2,0.03432002254288857,0.03433405196950279,0.035474244074410244,0.5143131804715404,0.07891395249403638,0.9705744135342352,1.0306292427253563,0.9657375918599961,-7.0541104827747425,0.009139501985202041,0.4957559361483229,86.77961804019438,stiff,iso,0.2571565902357702,73.76267533416522,stiff,iso,0.2571565902357702,33.40836872235142,stiff,adiab,0.18,1.9254,-7.078072099359845,-7.042597855285435,False,1.0,-7.076917877828323,-7.042597855285435,fail_ef_outside,0.07659186316156785
JVASP-36497,Sr3BiSb,221,3,52,24,2-3,2,2,0.0868551075327133,0.10533688531317686,0.10567615492097016,2.1213923609140455,2.537557396569321,0.5226391000906504,1.958931058432134,0.5905406577003675,-5.404821233521359,0.04103207861360393,0.48241744275996523,1608.2801376987236,amp,iso,1.0606961804570227,758.1247897987919,amp,adiab,0.5,272.9249243275651,amp,adiab,0.18,2.5623,-5.4574404163980725,-5.351764261477102,False,1.0,-5.4574404163980725,-5.370585308865358,fail_ef_outside,1.3262267141713635
JVASP-36497,Sr3BiSb,221,3,52,24,2-3,3,2,0.10533688531316088,0.10533688531317686,0.10567615492097016,2.1213923609140455,2.537134730558152,0.5228570478661593,1.958067974673333,0.5906495551231506,-5.403080668609335,0.04103207861360393,0.48241744275996523,1608.9508128899708,amp,iso,1.0606961804570227,758.440938382903,amp,adiab,0.5,273.0387378178451,amp,adiab,0.18,2.5623,-5.4574404163980725,-5.351764261477102,False,1.0,-5.457101146790279,-5.351764261477102,fail_ef_outside,1.326558775258339
JVASP-36504,Ba3BiP,221,3,52,24,2-3,2,2,0.031665719022041294,0.03166571902202797,0.03372317300897176,1.0696173333380106,0.008302498438735172,0.9926925935150296,1.0073636221629794,0.9771066133329457,-6.412637034611981,0.006359067712041413,0.49705406490496506,18.98775059746413,stiff,iso,0.5348086666690053,15.089123469490584,stiff,adiab,0.5,3.5148781728931016,stiff,adiab,0.18,1.7209,-6.433401552530857,-6.399678379521886,False,1.0,-6.433401552530857,-6.4017358335088295,fail_ef_outside,0.008241828707802502
JVASP-36504,Ba3BiP,221,3,52,24,2-3,3,2,0.03164376306281902,0.03166571902202797,0.03372317300897176,1.0696173333380106,0.008311458190986136,0.9926740103588872,1.0073824947936734,0.9770972742672352,-6.41053163736418,0.006359067712041413,0.49705406490496506,19.008241482516592,stiff,iso,0.5348086666690053,15.105407098926767,stiff,adiab,0.5,3.5186713006911763,stiff,adiab,0.18,1.7209,-6.433401552530857,-6.399678379521886,False,1.0,-6.43132214258471,-6.399678379521886,fail_ef_outside,0.00825056853437643
JVASP-36506,Ba3BiAs,221,3,52,24,2-3,2,2,0.04360896310176443,0.043608963101767984,0.0462670037084445,0.3029469933423208,0.017744486396295,0.9907907295378054,1.009301794819039,0.9761487820216824,-7.2207271043440935,0.009604128113986862,0.496928597987134,11.493872202409298,stiff,iso,0.1514734966711604,9.769791372047903,stiff,iso,0.1514734966711604,6.321629711325115,stiff,iso,0.1514734966711604,1.7566,-7.238349878680302,-7.192082874971858,False,1.0,-7.238349878680302,-7.194740915578534,fail_ef_outside,0.017581072621858786
JVASP-36506,Ba3BiAs,221,3,52,24,2-3,3,2,0.04358815589215581,0.043608963101767984,0.0462670037084445,0.3029469933423208,0.017780134534259806,0.9907389861864248,1.009354544432309,0.9761227682342457,-7.218010365807936,0.009604128113986862,0.496928597987134,11.516963044988259,stiff,iso,0.1514734966711604,9.789418588240018,stiff,iso,0.1514734966711604,6.334329674743542,stiff,iso,0.1514734966711604,1.7566,-7.238349878680302,-7.192082874971858,False,1.0,-7.235671030864014,-7.192082874971858,fail_ef_outside,0.017615472462730798
JVASP-36507,Ba3BiSb,221,3,52,24,2-3,2,2,0.05824838473841254,0.05839869008202303,0.05921848396123064,1.246757685241894,0.8422446252558389,0.8081970282996962,1.2813127044217527,0.8564823967761688,-5.625814295667963,0.01625841653274892,0.4922691042498877,1461.632205305471,amp,iso,0.623378842620947,1172.3466577403829,amp,adiab,0.5,356.56583032122467,stiff,adiab,0.18,2.2888,-5.665266997447471,-5.606048513486241,False,1.0,-5.665266997447471,-5.607018612709056,fail_ef_outside,0.6806996032331603
JVASP-36507,Ba3BiSb,221,3,52,24,2-3,3,2,0.05839869008202392,0.05839869008202303,0.05921848396123064,1.246757685241894,0.8422125237982392,0.8082410271145141,1.281235382127355,0.8565043193739987,-5.624762307782638,0.01625841653274892,0.4922691042498877,1461.7117775910413,amp,iso,0.623378842620947,1172.4104811172206,amp,adiab,0.5,356.55224010937843,stiff,adiab,0.18,2.2888,-5.665266997447471,-5.606048513486241,False,1.0,-5.664447203568264,-5.606048513486241,fail_ef_outside,0.680710715283396
JVASP-36510,Ca3BiSb,221,3,52,24,0-1,0,2,0.35343775262923227,0.35343775262922517,0.3540998572420948,0.11253764673040045,2.395880922575139,0.4139780793124262,2.4578424562899057,0.4460232888686759,-6.43303127790097,0.2845654693173314,0.4140003691951418,67.57934452176366,amp,iso,0.05626882336520023,67.57934452176366,amp,iso,0.05626882336520023,67.57934452176366,amp,iso,0.05626882336520023,3.5521,-6.702486890926797,-6.348387033684702,False,1.0,-6.702486890926797,-6.349049138297572,fail_ef_outside,0.9918421825889397
JVASP-36510,Ca3BiSb,221,3,52,24,0-1,1,2,0.35343229853834757,0.35343775262922517,0.3540998572420948,0.11253764673040045,2.3946850385347505,0.4155370182324012,2.4478088936602402,0.44701704252441116,-6.43189303828723,0.2845654693173314,0.4140003691951418,67.83383159638451,amp,iso,0.05626882336520023,67.83383159638451,amp,iso,0.05626882336520023,67.83383159638451,amp,iso,0.05626882336520023,3.5521,-6.702486890926797,-6.348387033684702,False,1.0,-6.701819332223046,-6.348387033684702,fail_ef_outside,0.995080280518473
JVASP-36511,Ba3AsN,221,3,50,24,0-1,0,2,0.23770037671473165,0.2405066439916137,0.24445025288944144,6.741246610237653,2.9841375550064875,0.497258096309793,2.037537707740783,0.5526770916719717,-6.339492519433097,0.04862345850443118,0.47656965744311824,2163.923573696777,amp,phys,1.5,721.3078578989257,amp,adiab,0.5,259.6708288436132,amp,adiab,0.18,3.0053,-6.524356032558319,-6.279905779668877,False,1.0,-6.524356032558319,-6.286655655843585,fail_ef_outside,1.4838865597290862
JVASP-36511,Ba3AsN,221,3,50,24,0-1,1,2,0.24050664399162702,0.2405066439916137,0.24445025288944144,6.741246610237653,2.984303842810181,0.4973854647292517,2.0370496575746486,0.5527582447740245,-6.337226145794914,0.04862345850443118,0.47656965744311824,2164.477844260608,amp,phys,1.5,721.492614753536,amp,adiab,0.5,259.737341311273,amp,adiab,0.18,3.0053,-6.524356032558319,-6.279905779668877,False,1.0,-6.520412423660491,-6.279905779668877,fail_ef_outside,1.4843493537494337
JVASP-36512,Ca3Bi2,221,3,52,24,2-3,2,2,0.06495109041801772,0.07000867832746405,0.07029866810434449,0.8904030486832708,2.6687080134936783,0.494087698944749,2.0383939371115773,0.5348482397392696,-6.613281599286112,0.04136056103660874,0.4828025219103215,638.159854968068,amp,iso,0.4452015243416354,638.159854968068,amp,iso,0.4452015243416354,258.0152304377671,amp,adiab,0.18,3.3004,-6.64241751975283,-6.572118851648486,False,1.0,-6.64241751975283,-6.577466429334825,fail_ef_outside,1.3185758015425038
JVASP-36512,Ca3Bi2,221,3,52,24,2-3,3,2,0.07000867832748181,0.07000867832746405,0.07029866810434449,0.8904030486832708,2.6685366572168996,0.4942993481492301,2.0375604932006217,0.5349893529103389,-6.611802324467735,0.04136056103660874,0.4828025219103215,638.4332194455166,amp,iso,0.4452015243416354,638.4332194455166,amp,iso,0.4452015243416354,258.1257547806779,amp,adiab,0.18,3.3004,-6.64241751975283,-6.572118851648486,False,1.0,-6.64212752997595,-6.572118851648486,fail_ef_outside,1.319055930174639
JVASP-36598,HfHgO3,221,3,48,24,46-47,46,2,0.3033418353230459,0.30334183532308145,0.30347393398018596,0.4849401874273198,2.7265799712017875,0.4703192641854695,2.12664638487517,0.47151244018985156,16.34884767167664,0.0581904098669111,0.4701506270093305,330.8413193877153,amp,iso,0.2424700937136599,330.8413193877153,amp,iso,0.2424700937136599,245.6032270937083,amp,adiab,0.18,1.6771,16.127853529564373,16.43132746354456,False,0.0,16.127853529564373,16.431195364887454,fail_ef_outside,1.2823630857984634
JVASP-36598,HfHgO3,221,3,48,24,46-47,47,2,0.3027855594575364,0.30334183532308145,0.30347393398018596,0.4849401874273198,2.726352244063584,0.4702752825006581,2.1268456424603404,0.47149490424835566,16.34948737167697,0.0581904098669111,0.4701506270093305,330.8103809173188,amp,iso,0.2424700937136599,330.8103809173188,amp,iso,0.2424700937136599,245.58025962342742,amp,adiab,0.18,1.6771,16.127853529564373,16.43132746354456,False,0.0,16.12854190408702,16.43132746354456,fail_ef_outside,1.282136071773305
JVASP-36680,CaWN3,12,3,84,16,0-1,0,2,0.34511452407750687,0.34558057785126683,0.3458771064856361,0.4385279246002387,2.5343584723093766,0.11153372126099755,8.978079685543404,0.14917262420181154,-3.7739449137517873,1.4697373457213847,0.11145098960665373,70.94834128370657,amp,iso,0.21926396230011935,70.94834128370657,amp,iso,0.21926396230011935,58.243503843952155,amp,adiab,0.18,4.0492,-3.9720922015293025,-3.6262150950436665,False,1.0,-3.9720922015293025,-3.6269776774518188,fail_ef_outside,0.28266643142600156
JVASP-36680,CaWN3,12,3,84,16,0-1,1,2,0.3455805778512553,0.34558057785126683,0.3458771064856361,0.4385279246002387,2.534422945002061,0.1115162614079466,8.979521546530613,0.1491533527928649,-3.7734079030459498,1.4697373457213847,0.11145098960665373,70.93723479860935,amp,iso,0.21926396230011935,70.93723479860935,amp,iso,0.21926396230011935,58.2343862156081,amp,adiab,0.18,4.0492,-3.9720922015293025,-3.6262150950436665,False,1.0,-3.9717956728949333,-3.6262150950436665,fail_ef_outside,0.28262937165314767
JVASP-36689,SrWN3,1,3,84,16,0-1,0,2,0.4023829001239356,0.4111868029164132,0.42078961482155686,0.5264017640543011,0.6747326678888252,0.10013416308212264,10.014286389512806,0.16065958560774213,-3.0748590297441556,0.3529797606330369,0.10111417140494794,76.46072448523671,amp,iso,0.26320088202715053,76.46072448523671,amp,iso,0.26320088202715053,52.29059379034638,amp,adiab,0.18,3.7124,-3.2293534802371835,-2.8085638654156266,False,1.0,-3.2293534802371835,-2.8269705801132585,fail_ef_outside,0.06756379100321531
JVASP-36689,SrWN3,1,3,84,16,0-1,1,2,0.4111868029164385,0.4111868029164132,0.42078961482155686,0.5264017640543011,0.6811835312303729,0.10211075076971382,9.822861246353252,0.16241339514264808,-3.059006559298364,0.3529797606330369,0.10111417140494794,77.97001284347539,amp,iso,0.26320088202715053,77.97001284347539,amp,iso,0.26320088202715053,53.322778418264676,amp,adiab,0.18,3.7124,-3.2293534802371835,-2.8085638654156266,False,1.0,-3.21975066833204,-2.8085638654156266,fail_ef_outside,0.06955616178589817
JVASP-36700,BaWN3,12,3,84,16,0-1,0,2,0.21504845187387067,0.21601853543265204,0.21624300207955294,0.9557446221957204,2.3649647729597048,0.1104339847590024,9.05852661676252,0.14224733489606556,-3.875211194940014,1.4395436376554216,0.11040640270063021,153.10289626835072,amp,iso,0.4778723110978602,153.10289626835072,amp,iso,0.4778723110978602,57.66921557976521,amp,adiab,0.18,3.5851,-4.002204982216659,-3.785961980137106,False,1.0,-4.002204982216659,-3.78715653034276,fail_ef_outside,0.2611724836926096
JVASP-36700,BaWN3,12,3,84,16,0-1,1,2,0.21601853543267513,0.21601853543265204,0.21624300207955294,0.9557446221957204,2.3649930509543444,0.1104155367100676,9.059992922532258,0.14215241589368205,-3.874344556654098,1.4395436376554216,0.11040640270063021,153.07732035774148,amp,iso,0.4778723110978602,153.07732035774148,amp,iso,0.4778723110978602,57.65958191026239,amp,adiab,0.18,3.5851,-4.002204982216659,-3.785961980137106,False,1.0,-4.001980515569758,-3.785961980137106,fail_ef_outside,0.2611319770367042
JVASP-37907,Ba2AgSb,225,3,44,24,0-1,0,2,0.4131508049487005,0.4160630170101429,0.41778459367696286,3.243559706668672,2.743141846018589,0.11878230967163092,8.462458291999711,0.13815529874757126,-4.177050964339086,0.15035732749211322,0.11666958801145084,516.9062946266416,amp,phys,1.5,172.30209820888055,amp,adiab,0.5,62.028755355197006,amp,adiab,0.18,4.1029,-4.5039982172984745,-4.086213623621512,False,1.0,-4.5039982172984745,-4.090847412349795,fail_ef_outside,0.32583672422698934
JVASP-37907,Ba2AgSb,225,3,44,24,0-1,1,2,0.41606301701014115,0.4160630170101429,0.41778459367696286,3.243559706668672,2.7430584529127993,0.11936388071875456,8.430109853731818,0.1407518858390533,-4.172929927197253,0.15035732749211322,0.11666958801145084,519.4371238036618,amp,phys,1.5,173.14570793455397,amp,adiab,0.5,62.332454856439426,amp,adiab,0.18,4.1029,-4.5039982172984745,-4.086213623621512,False,1.0,-4.502276640631655,-4.086213623621512,fail_ef_outside,0.32742210197805477
JVASP-38100,Rb2NaTlCl6,225,3,76,16,0-1,0,2,0.35213918095511865,0.352139180955084,0.35219504896338716,2.129671298449134,2.524948042762192,0.17005410811984079,5.882694122894012,0.2690893825491553,-5.56896529131151,0.9847190824429187,0.170019193823542,525.3376249611113,amp,iso,1.064835649224567,246.67544956053632,amp,adiab,0.5,88.80316184179308,amp,adiab,0.18,-0.4914,-5.833320065816084,-5.481125016852697,False,1.0,-5.833320065816084,-5.481180884861,fail_ef_outside,0.4293777874608622
JVASP-38100,Rb2NaTlCl6,225,3,76,16,0-1,1,2,0.35212244376882396,0.352139180955084,0.35219504896338716,2.129671298449134,2.5249145916640625,0.1700568132439766,5.882601654772717,0.26910090929663766,-5.568845262570951,0.9847190824429187,0.170019193823542,525.3459817335788,amp,iso,1.064835649224567,246.6793735334394,amp,adiab,0.5,88.80457447203818,amp,adiab,0.18,-0.4914,-5.833320065816084,-5.481125016852697,False,1.0,-5.833247460621525,-5.481125016852697,fail_ef_outside,0.4293789291716069
JVASP-38116,Rb2LiTlCl6,225,3,70,20,0-1,0,2,0.4860913052770064,0.48609130527700994,0.48610483001670435,1.9434495011733963,2.4868026969663477,0.17186021542005936,5.822780369070761,0.26709243630053414,-5.266544345985179,0.039841860678313606,0.1718517620927693,484.4928950043325,amp,iso,0.9717247505866982,249.2953352849201,amp,adiab,0.5,89.74632070257123,amp,adiab,0.18,-0.006,-5.605680177583332,-5.119575347566627,False,1.0,-5.605680177583332,-5.119588872306322,fail_ef_outside,0.4273824472078211
JVASP-38116,Rb2LiTlCl6,225,3,70,20,0-1,1,2,0.4860814542611456,0.48609130527700994,0.48610483001670435,1.9434495011733963,2.4868003526991265,0.17186374483146322,5.822659631800258,0.2670919240967506,-5.266520840905287,0.039841860678313606,0.1718517620927693,484.50284480420066,amp,iso,0.9717247505866982,249.30045494450584,amp,adiab,0.5,89.7481637800221,amp,adiab,0.18,-0.006,-5.605680177583332,-5.119575347566627,False,1.0,-5.605656801827793,-5.119575347566627,fail_ef_outside,0.4273908212630754
JVASP-38303,RbNa2Sb,225,3,36,24,0-1,0,2,0.42762282608144986,0.4450725025076867,0.4542228280479632,5.1364576989959145,3.0086371181065017,0.40809441752393216,2.4529756556820073,0.43099991115416825,-5.297106648896096,0.2786522838700425,0.40849469851990605,1775.9090036493399,amp,phys,1.5,591.9696678831133,amp,adiab,0.5,213.10908043792077,amp,adiab,0.18,2.5208,-5.630143886628604,-5.1759210585806406,False,1.0,-5.630143886628604,-5.202521060547146,fail_ef_outside,1.2278080122545547
JVASP-38303,RbNa2Sb,225,3,36,24,0-1,1,2,0.44507250250768493,0.4450725025076867,0.4542228280479632,5.1364576989959145,3.00972852038148,0.409259620106432,2.4455757899049946,0.429950683643594,-5.277930145013931,0.2786522838700425,0.40849469851990605,1780.9796286529656,amp,phys,1.5,593.6598762176552,amp,adiab,0.5,213.71755543835587,amp,adiab,0.18,2.5208,-5.630143886628604,-5.1759210585806406,False,1.0,-5.620993561088327,-5.1759210585806406,fail_ef_outside,1.2317603508748183
JVASP-38635,KF2,136,3,48,24,0-1,0,2,0.34335677742776216,0.3433567774277737,0.3482174793070367,1.2199418514519103,1.2928153807815947,0.11995542729012562,8.33676906029771,0.10158281878636011,-7.596441035941225,0.5090204944793592,0.12100108445392338,212.27450312165763,amp,iso,0.6099709257259551,174.0037878600687,amp,adiab,0.5,62.64136362962474,amp,adiab,0.18,-4.0813,-7.7269157130270845,-7.378698233720048,False,1.0,-7.7269157130270845,-7.383558935599311,fail_ef_outside,0.15508022140890265
JVASP-38635,KF2,136,3,48,24,0-1,1,2,0.30549376947490003,0.3433567774277737,0.3482174793070367,1.2199418514519103,1.3250401377900511,0.12206336093399735,8.192848049487493,0.10267574516445369,-7.486823850734006,0.5090204944793592,0.12100108445392338,216.00472673033244,amp,iso,0.6099709257259551,177.0614939337109,amp,adiab,0.5,63.742137816135916,amp,adiab,0.18,-4.0813,-7.7269157130270845,-7.378698233720048,False,1.0,-7.68419200319496,-7.378698233720048,fail_ef_outside,0.1617388525911006
JVASP-38635,KF2,136,3,48,24,22-23,22,2,0.32663753704969256,0.32663753704969967,0.3327220863114735,1.3218279472686043,1.4321316449247699,0.11764246767605599,8.501681146488291,0.10033938079731466,-2.7011040091026235,0.5152763021461957,0.11976202336520281,225.56819067436177,amp,iso,0.6609139736343022,170.64867719015234,amp,adiab,0.5,61.43352378845484,amp,adiab,0.18,-4.0813,-2.801743193870194,-2.4690211075587207,False,0.0,-2.801743193870194,-2.4751056568204945,fail_ef_outside,0.16847950074591914
JVASP-38635,KF2,136,3,48,24,22-23,23,2,0.322118786090007,0.32663753704969967,0.3327220863114735,1.3218279472686043,1.4027667805346695,0.12194104295440604,8.201910265652623,0.10260737708296444,-2.574891155152208,0.5152763021461957,0.11976202336520281,233.810298028697,amp,iso,0.6609139736343022,176.88406309749868,amp,adiab,0.5,63.67826271509952,amp,adiab,0.18,-4.0813,-2.801743193870194,-2.4690211075587207,False,0.0,-2.791139893648731,-2.4690211075587207,fail_ef_outside,0.17105484424019202
JVASP-38655,K2PtC2,164,3,52,24,0-1,0,2,0.47711148511757173,0.4771114851175735,0.47877525916602615,4.719123579231811,3.176569898864037,0.3307704591977523,3.02455515909992,0.4005049466648143,-11.588069435008078,0.03883139163928973,0.33128732499757246,1439.4174764619672,amp,phys,1.5,479.8058254873224,amp,adiab,0.5,172.73009717543604,amp,adiab,0.18,1.8686,-11.932758029148376,-11.45398276998235,False,1.0,-11.932758029148376,-11.455646544030802,fail_ef_outside,1.0507154841210151
JVASP-38655,K2PtC2,164,3,52,24,0-1,1,2,0.4741009879216378,0.4771114851175735,0.47877525916602615,4.719123579231811,3.1764716945351767,0.3355923061063914,2.993238275053419,0.41847596122926506,-11.585286732954435,0.03883139163928973,0.33128732499757246,1460.4007611420836,amp,phys,1.5,486.80025371402786,amp,adiab,0.5,175.24809133705003,amp,adiab,0.18,1.8686,-11.932758029148376,-11.45398276998235,False,1.0,-11.928083757903984,-11.45398276998235,fail_ef_outside,1.0659994612507369
JVASP-39092,Si2OsRu,225,3,40,24,38-39,38,2,0.0850236817815535,0.08905681374982066,0.09221230135594283,1.0820802310867492,1.2657162643925834,0.805691295858727,1.2916094858059044,0.8471581717542425,22.7332924402126,0.04637804305588128,0.4879781146491132,1264.6400607025892,amp,iso,0.5410401155433746,1168.71191652073,amp,adiab,0.5,420.73628994746275,amp,adiab,0.18,11.8671,22.68872485284123,22.780937154197172,False,0.0,22.68872485284123,22.77374853462277,fail_ef_outside,1.0197765772479277
JVASP-39092,Si2OsRu,225,3,40,24,38-39,39,2,0.08905681374981,0.08905681374982066,0.09221230135594283,1.0820802310867492,1.2682646247298304,0.8029352180115791,1.2958678100178624,0.8456911548774884,22.73769624041027,0.04637804305588128,0.4879781146491132,1260.3140285438287,amp,iso,0.5410401155433746,1164.7140316740438,amp,adiab,0.5,419.29705140265577,amp,adiab,0.18,11.8671,22.68872485284123,22.780937154197172,False,0.0,22.69188034044735,22.780937154197172,fail_ef_outside,1.01833433295382
JVASP-39996,Ba2HgPb,225,3,50,24,12-13,12,2,0.39008680357400516,0.3900868035739983,0.3908968079150834,0.665615512243972,3.744272589157374,0.10495806939086336,9.545636402091159,0.12214584281602349,-1.2406997775814732,0.23617513494385434,0.10491097276370143,101.3393393547542,amp,iso,0.332807756121986,101.3393393547542,amp,iso,0.332807756121986,54.80966338167234,amp,adiab,0.18,3.4211,-1.3578312048067511,-0.9669343968916677,False,1.0,-1.3578312048067511,-0.9677444012327528,fail_ef_outside,0.39299162223108725
JVASP-39996,Ba2HgPb,225,3,50,24,12-13,13,2,0.38812376837093865,0.3900868035739983,0.3908968079150834,0.665615512243972,3.744059655518048,0.10492935680953372,9.546074443288315,0.11909055602231326,-1.2379245246004817,0.23617513494385434,0.10491097276370143,101.31161672189708,amp,iso,0.332807756121986,101.31161672189708,amp,iso,0.332807756121986,54.79466951863132,amp,adiab,0.18,3.4211,-1.3578312048067511,-0.9669343968916677,False,1.0,-1.355058165262597,-0.9669343968916677,fail_ef_outside,0.39286177151003315
JVASP-40117,AgBr,216,3,20,24,0-1,0,2,0.229291270982527,0.23179252060414512,0.23212787844018834,10.118754597883154,1.3738193666415515,0.5188117636150308,1.9621250018172094,0.542121582762489,-13.085839204629409,0.013561632141949585,0.4909116016470666,2257.7189067995378,amp,phys,1.5,752.5729689331791,amp,adiab,0.5,270.92626881594447,amp,adiab,0.18,1.5211,-13.25686898325946,-13.024741104819272,False,1.0,-13.25686898325946,-13.02757771227691,fail_ef_outside,0.7127536484957879
JVASP-40117,AgBr,216,3,20,24,0-1,1,2,0.23179252060415045,0.23179252060414512,0.23212787844018834,10.118754597883154,1.3738529463029392,0.518709423375046,1.9625303008044204,0.5420683371521944,-13.083583355281016,0.013561632141949585,0.4909116016470666,2257.2735516419557,amp,phys,1.5,752.4245172139852,amp,adiab,0.5,270.87282619703467,amp,adiab,0.18,1.5211,-13.25686898325946,-13.024741104819272,False,1.0,-13.256533625423417,-13.024741104819272,fail_ef_outside,0.7126304695789056
JVASP-40227,Ca2AsAu,225,3,44,24,0-1,0,2,0.4952201011198927,0.495353420861548,0.4968975416399557,4.032245721507634,2.7872816758453274,0.12775567364247986,8.074561285775431,0.15851556250384047,-5.0914528244706885,0.1239211896235638,0.11312432172305485,555.955782158332,amp,phys,1.5,185.31859405277734,amp,adiab,0.5,66.71469385899984,amp,adiab,0.18,5.1768,-5.4815846564787405,-4.984687114838785,False,1.0,-5.4815846564787405,-4.986364555358846,fail_ef_outside,0.35609104812896
JVASP-40227,Ca2AsAu,225,3,44,24,0-1,1,2,0.49535342086154,0.495353420861548,0.4968975416399557,4.032245721507634,2.7881732719603516,0.12804258618291897,8.058786583288079,0.1591711616495544,-5.089480182129672,0.1239211896235638,0.11312432172305485,557.2043426432248,amp,phys,1.5,185.73478088107495,amp,adiab,0.5,66.86452111718697,amp,adiab,0.18,5.1768,-5.4815846564787405,-4.984687114838785,False,1.0,-5.480040535700333,-4.984687114838785,fail_ef_outside,0.3570049164678945
JVASP-40299,Sr2BiAu,225,3,44,24,0-1,0,2,0.3510056150046683,0.3553767987774892,0.35697797682649135,4.448025716453523,2.6968213583376768,0.16548539479362567,6.049634413196089,0.18311780461421853,-5.670648715122177,0.08917655888950955,0.1652256805768663,720.1446282200878,amp,phys,1.5,240.04820940669592,amp,adiab,0.5,86.41735538641053,amp,adiab,0.18,4.4836,-5.942245928345542,-5.585267951519051,False,1.0,-5.942245928345542,-5.591240313340878,fail_ef_outside,0.4462845471723923
JVASP-40299,Sr2BiAu,225,3,44,24,0-1,1,2,0.35537679877749895,0.3553767987774892,0.35697797682649135,4.448025716453523,2.6958839403116555,0.1653884435460677,6.048548683516459,0.17929858875953897,-5.666722995103874,0.08917655888950955,0.1652256805768663,719.7227244006287,amp,phys,1.5,239.90757480020957,amp,adiab,0.5,86.36672692807544,amp,adiab,0.18,4.4836,-5.942245928345542,-5.585267951519051,False,1.0,-5.94064475029654,-5.585267951519051,fail_ef_outside,0.44586804886898473
JVASP-40348,TaAlFe2,225,3,44,24,42-43,42,2,0.4125142524046552,0.42942987377496067,0.44999071718811123,0.37665421070508387,0.9161358038152279,0.4952443392332825,2.039788297101785,0.580575276594717,22.562056675946113,0.14340116924465993,0.46006697920432893,270.5833986574577,amp,iso,0.18832710535254193,270.5833986574577,amp,iso,0.18832710535254193,258.6192341626462,amp,adiab,0.18,9.0775,22.27287648910644,22.722867206294552,False,0.0,22.27287648910644,22.685390741511135,fail_ef_outside,0.45371107080842465
JVASP-40348,TaAlFe2,225,3,44,24,42-43,43,2,0.4294298737749145,0.42942987377496067,0.44999071718811123,0.37665421070508387,0.9105247067670867,0.4964844929876694,2.0347542140312243,0.5814324389614354,22.576254295291264,0.14340116924465993,0.46006697920432893,271.26097332340805,amp,iso,0.18832710535254193,271.26097332340805,amp,iso,0.18832710535254193,259.2668490646156,amp,adiab,0.18,9.0775,22.27287648910644,22.722867206294552,False,0.0,22.29343733251959,22.722867206294552,fail_ef_outside,0.4520613973920034
JVASP-40398,Rb2Hf2O5,123,3,78,16,0-1,0,2,0.24072674914938297,0.24381878489668463,0.244123997927717,0.08999972914309406,1.9255164800921303,0.3582848441912588,2.963699787078806,0.4881808379238732,-2.8801092425683557,0.2003047236828916,0.3166959668784926,46.77442315645409,amp,iso,0.04499986457154703,46.77442315645409,amp,iso,0.04499986457154703,46.77442315645409,amp,iso,0.04499986457154703,1.9418,-3.0427567266955706,-2.7986327287678536,False,1.0,-3.0427567266955706,-2.8020299775461965,fail_ef_outside,0.6898833720575099
JVASP-40398,Rb2Hf2O5,123,3,78,16,0-1,1,2,0.24381878489667397,0.24381878489668463,0.244123997927717,0.08999972914309406,1.9248514669966923,0.35847792803754497,2.961260138783236,0.4882698878331601,-2.878919177762631,0.2003047236828916,0.3166959668784926,46.79963043406376,amp,iso,0.04499986457154703,46.79963043406376,amp,iso,0.04499986457154703,46.79963043406376,amp,iso,0.04499986457154703,1.9418,-3.0427567266955706,-2.7986327287678536,False,1.0,-3.0424515136645383,-2.7986327287678536,fail_ef_outside,0.6900167656690032
JVASP-40403,Be2RuAu,225,3,40,24,38-39,38,2,0.050033724681313174,0.05003372468130607,0.13206613855275506,1.2013871221961487,0.019118555566166227,0.9800754017658511,1.0203499283370254,0.96497038903945,21.148164046328542,0.03647880657656043,0.49043289979560367,49.110497531881556,stiff,iso,0.6006935610980744,34.74643778917072,stiff,adiab,0.5,8.093876096771533,stiff,adiab,0.18,9.0203,21.120865240175373,21.252931378728128,False,0.0,21.120865240175373,21.17089896485668,fail_ef_outside,0.018737626027693112
JVASP-40403,Be2RuAu,225,3,40,24,38-39,39,2,0.046708134118354394,0.05003372468130607,0.13206613855275506,1.2013871221961487,0.017423928257884854,0.9816455212699222,1.018713575988023,0.9657664100038614,21.231915544309185,0.03647880657656043,0.49043289979560367,44.7574495229571,stiff,iso,0.6006935610980744,31.66658888849166,stiff,adiab,0.5,7.376452470495704,stiff,adiab,0.18,9.0203,21.120865240175373,21.252931378728128,False,0.0,21.206223244609767,21.252931378728128,fail_ef_outside,0.017104121137281107
JVASP-40522,Ca2BiAu,225,3,44,24,0-1,0,2,0.43871452462295935,0.4425721232338953,0.44439686426450375,4.588517305893312,2.662112000422316,0.11587507062797109,8.63307581838539,0.11726204721705563,-5.204620728988942,0.12420393894628973,0.11590163266637613,504.254830230921,amp,phys,1.5,168.084943410307,amp,adiab,0.5,60.51057962771052,amp,adiab,0.18,5.2938,-5.541302997648953,-5.096906133384449,False,1.0,-5.541302997648953,-5.102588473026001,fail_ef_outside,0.3084724160685053
JVASP-40522,Ca2BiAu,225,3,44,24,0-1,1,2,0.44257212323389883,0.4425721232338953,0.44439686426450375,4.588517305893312,2.661201671977432,0.11601230644437309,8.623981085512893,0.12023901878427207,-5.200217928883871,0.12420393894628973,0.11590163266637613,504.8520408554873,amp,phys,1.5,168.28401361849578,amp,adiab,0.5,60.58224490265847,amp,adiab,0.18,5.2938,-5.541302997648953,-5.096906133384449,False,1.0,-5.539478256618344,-5.096906133384449,fail_ef_outside,0.30873214387972386
JVASP-40763,KBaP,216,3,32,24,0-1,0,2,0.4031222452878316,0.4032058619281029,0.4043065729986406,6.1293915649232185,1.24551297384797,0.1490282680712104,6.748216375725469,0.18450401200636593,-5.68731173652846,0.14951322989043248,0.14629288341452185,648.52796730651,amp,phys,1.5,216.17598910217004,amp,adiab,0.5,77.82335607678121,amp,adiab,0.18,2.1245,-5.985085346136129,-5.580778773137489,False,1.0,-5.985085346136129,-5.581963100848291,fail_ef_outside,0.18561664135278572
JVASP-40763,KBaP,216,3,32,24,0-1,1,2,0.4032058619281047,0.4032058619281029,0.4043065729986406,6.1293915649232185,1.2410543996132208,0.14847073136444297,6.775867761270001,0.18176529490839038,-5.680787206393937,0.14951322989043248,0.14629288341452185,646.1017286350261,amp,phys,1.5,215.36724287834207,amp,adiab,0.5,77.53220743620314,amp,adiab,0.18,2.1245,-5.985085346136129,-5.580778773137489,False,1.0,-5.983984635065592,-5.580778773137489,fail_ef_outside,0.18426025437363458
JVASP-40858,Ba2BiAu,225,3,44,24,0-1,0,2,0.37995278069841554,0.38161783876483035,0.38370466021870975,4.208453292027336,2.7039217527641015,0.1539084227845543,6.5062344346629954,0.16223024176151765,-5.706580645905218,0.09050594017033764,0.15325080972641494,669.7649907071573,amp,phys,1.5,223.25499690238576,amp,adiab,0.5,80.37179888485886,amp,adiab,0.18,3.8665,-6.009159060564795,-5.625454400346086,False,1.0,-6.009159060564795,-5.629206279866373,fail_ef_outside,0.4161563323007704
JVASP-40858,Ba2BiAu,225,3,44,24,0-1,1,2,0.38161783876482325,0.38161783876483035,0.38370466021870975,4.208453292027336,2.703548429112061,0.15408404090567152,6.500047902107109,0.16313630044565106,-5.703293817899261,0.09050594017033764,0.15325080972641494,670.52923003292,amp,phys,1.5,223.50974334430666,amp,adiab,0.5,80.4635076039504,amp,adiab,0.18,3.8665,-6.009159060564795,-5.625454400346086,False,1.0,-6.007072239110916,-5.625454400346086,fail_ef_outside,0.41657366674176677
JVASP-41249,HfGaRu2,225,3,44,24,42-43,42,2,0.2065262032336932,0.2065262032337074,0.2134490212543696,1.087973319495113,0.11687651657079212,0.7959626725004304,1.2578759959284203,0.865569880306333,22.06490555796313,0.11360044320892942,0.46629219011700473,271.88283414252015,stiff,iso,0.5439866597475564,212.41367309300108,stiff,adiab,0.5,49.47989090872261,stiff,adiab,0.18,8.6864,21.9504157294477,22.163864750702068,False,0.0,21.9504157294477,22.156941932681406,fail_ef_outside,0.09302934448222853
JVASP-41249,HfGaRu2,225,3,44,24,42-43,43,2,0.18011046620773996,0.2065262032337074,0.2134490212543696,1.087973319495113,0.11336926543602252,0.7994586128772074,1.2524156802685755,0.8675173136555612,22.07737509982341,0.11360044320892942,0.46629219011700473,263.72412607567634,stiff,iso,0.5439866597475564,206.03952610561402,stiff,adiab,0.5,47.995089610484214,stiff,adiab,0.18,8.6864,21.9504157294477,22.163864750702068,False,0.0,21.983754284494292,22.163864750702068,fail_ef_outside,0.0906340356883905
JVASP-41780,Ba2AsAu,225,3,44,24,0-1,0,2,0.4112878047624102,0.4112878047624129,0.41364345561700677,3.4855340835037545,2.1466601491732216,0.2253624247365727,4.5539921558170615,0.32845770183254325,-5.400070679826029,0.0704013139722951,0.20883291786667343,980.7121636268294,amp,phys,1.5,326.9040545422764,amp,adiab,0.5,117.68545963521952,amp,adiab,0.18,3.5031,-5.735303010586933,-5.321659554969926,False,1.0,-5.735303010586933,-5.32401520582452,fail_ef_outside,0.48377653630305006
JVASP-41780,Ba2AsAu,225,3,44,24,0-1,1,2,0.40728816426131687,0.4112878047624129,0.41364345561700677,3.4855340835037545,2.1481989461277022,0.3387322316942103,3.1382286718755465,0.5047321938444499,-5.397669516432594,0.0704013139722951,0.20883291786667343,1474.064810153167,amp,phys,1.5,491.3549367177223,amp,adiab,0.5,176.88777721838002,amp,adiab,0.18,3.5031,-5.735303010586933,-5.321659554969926,False,1.0,-5.728947719231241,-5.321659554969926,fail_ef_outside,0.7276642231449872
JVASP-41892,TaAlOs2,225,3,44,24,42-43,42,2,0.214723702015295,0.2147237020152879,0.21509027711697826,0.7444875419135535,0.14028978023760702,0.9407136185030528,1.0637758836959648,0.9467775791970603,21.15480057740138,0.0917753873023026,0.47860711041608217,223.31595545047622,stiff,iso,0.37224377095677674,189.81856213290482,stiff,iso,0.37224377095677674,59.39193967644461,stiff,adiab,0.18,7.9471,21.098812727694828,21.313903004811806,False,0.0,21.098812727694828,21.313536429710116,fail_ef_outside,0.13197250680631736
JVASP-41892,TaAlOs2,225,3,44,24,42-43,43,2,0.19930049792233362,0.2147237020152879,0.21509027711697826,0.7444875419135535,0.1368260374862211,0.9436583353969067,1.0604448016206294,0.9483023817155971,21.166546542834222,0.0917753873023026,0.47860711041608217,217.802303489155,stiff,iso,0.37224377095677674,185.13195796578174,stiff,iso,0.37224377095677674,57.92555773332223,stiff,adiab,0.18,7.9471,21.098812727694828,21.313903004811806,False,0.0,21.1146025068895,21.313903004811806,fail_ef_outside,0.12911703077320216
JVASP-41948,Rb2Zr2O5,123,3,78,16,0-1,0,2,0.10950192888380994,0.10950192888380106,0.1096028391300723,0.11323485016453638,1.7062971316177125,0.39184441452585944,2.6652408637535796,0.5324190316025461,-1.2106650452885028,0.039619508800736426,0.33652322364322795,64.3624504871685,amp,iso,0.05661742508226819,64.3624504871685,amp,iso,0.05661742508226819,64.3624504871685,amp,iso,0.05661742508226819,3.1437,-1.2793351858965785,-1.1697323467665062,False,1.0,-1.2793351858965785,-1.1698332570127774,fail_ef_outside,0.6686030005458958
JVASP-41948,Rb2Zr2O5,123,3,78,16,0-1,1,2,0.10940281807858665,0.10950192888380106,0.1096028391300723,0.11323485016453638,1.706059099401003,0.39237491743099995,2.6621280430307235,0.5328836733486702,-1.2104209503779721,0.039619508800736426,0.33652322364322795,64.44958830437261,amp,iso,0.05661742508226819,64.44958830437261,amp,iso,0.05661742508226819,64.44958830437261,amp,iso,0.05661742508226819,3.1437,-1.2793351858965785,-1.1697323467665062,False,1.0,-1.2791351648450837,-1.1697323467665062,fail_ef_outside,0.6694147982598747
JVASP-44705,MnSb4O12,1,3,116,12,114-115,114,2,0.458439324909957,0.48447922058856463,0.6569045358813774,1.2409561483573412,0.1062726188130342,0.361412966258066,2.7672523181554727,0.5076714736287422,18.275785561446437,0.20624940975507577,0.3403254915746742,281.9772701780668,stiff,iso,0.6204780741786706,193.1419413720808,stiff,adiab,0.5,44.99071104902588,stiff,adiab,0.18,4.9609,18.014056099849896,18.670960635731273,False,0.0,18.014056099849896,18.47249542475985,fail_ef_outside,0.03840830239723144
JVASP-44705,MnSb4O12,1,3,116,12,114-115,115,2,0.484479220588625,0.48447922058856463,0.6569045358813774,1.2409561483573412,0.10062574264022779,0.36331289346392376,2.752612941393286,0.5086838943175582,18.462458688681583,0.20624940975507577,0.3403254915746742,266.99419414186934,stiff,iso,0.6204780741786706,182.87919788382297,stiff,adiab,0.5,42.60009550705523,stiff,adiab,0.18,4.9609,18.014056099849896,18.670960635731273,False,0.0,18.18648141514271,18.670960635731273,fail_ef_outside,0.03655862971557729
JVASP-51203,ReRuBr,216,3,32,24,0-1,0,2,0.3626165691898571,0.3707217142458745,0.37528940924901555,9.456646949969237,1.0802355528949217,0.24801655022997504,4.118894711221592,0.3528499131757722,-10.229332735636124,0.07958300564361565,0.23797903138486448,1079.2963728341897,amp,phys,1.5,359.7654576113966,amp,adiab,0.5,129.51556474010277,amp,adiab,0.18,7.4658,-10.522982092067902,-10.147692682818887,False,1.0,-10.522982092067902,-10.160365522878065,fail_ef_outside,0.2679162952647682
JVASP-51203,ReRuBr,216,3,32,24,0-1,1,2,0.3707217142459118,0.3707217142458745,0.37528940924901555,9.456646949969237,1.081525718403573,0.33257981517180024,3.230815640202236,0.4594603068068823,-10.220637344947855,0.07958300564361565,0.23797903138486448,1447.2912709250588,amp,phys,1.5,482.4304236416862,amp,adiab,0.5,173.67495251100704,amp,adiab,0.18,7.4658,-10.522982092067902,-10.147692682818887,False,1.0,-10.518414397064761,-10.147692682818887,fail_ef_outside,0.3596936235302088
JVASP-51208,LiTaBe,216,3,22,24,20-21,20,2,0.22967237741669244,0.2296723774166871,0.24031084510611933,0.45528625395433053,0.21940987615036678,0.4340821131854937,2.3046294986971643,0.42176916257610575,16.007317270478254,0.16859241128834268,0.4381926076029197,213.58807148730745,stiff,iso,0.22764312697716527,181.5498607642113,stiff,iso,0.22764312697716527,92.88757959894174,stiff,adiab,0.18,2.6112,15.92797277247201,16.16828361757813,False,0.0,15.92797277247201,16.157645149888697,fail_ef_outside,0.09524190269311868
JVASP-51208,LiTaBe,216,3,22,24,20-21,21,2,0.19673037701795693,0.2296723774166871,0.24031084510611933,0.45528625395433053,0.2014350480063492,0.44234120354036344,2.2613635259146396,0.4261198077682005,16.044774988744134,0.16859241128834268,0.4381926076029197,196.09018604132422,stiff,iso,0.22764312697716527,166.67665813512556,stiff,iso,0.22764312697716527,85.27790263590254,stiff,adiab,0.18,2.6112,15.92797277247201,16.16828361757813,False,0.0,15.97155324056018,16.16828361757813,fail_ef_outside,0.08910302157033939
JVASP-54664,ScIr3C,221,3,56,20,0-1,0,2,0.4010466025550219,0.40119236854659945,0.4165727908570984,3.848466426932706,0.06467644845763361,0.8898427711764804,1.124457834304716,0.9250739596862552,-5.466024372218835,0.11387219723104211,0.4450831099265632,414.86204362105275,stiff,phys,1.5,117.54424569263162,stiff,adiab,0.5,27.380894878989483,stiff,adiab,0.18,3.2396,-5.7737344817725,-5.357161690915402,False,1.0,-5.7737344817725,-5.372687879217473,fail_ef_outside,0.05755187012539349
JVASP-54664,ScIr3C,221,3,56,20,0-1,1,2,0.4011923685466128,0.40119236854659945,0.4165727908570984,3.848466426932706,0.05273691213212261,0.8897084316466568,1.1246222810783797,0.9250036092848637,-5.4514806966743565,0.11387219723104211,0.4450831099265632,338.2768173445368,stiff,phys,1.5,95.84509824761878,stiff,adiab,0.5,22.326269944739433,stiff,adiab,0.18,3.2396,-5.7737344817725,-5.357161690915402,False,1.0,-5.758354059462001,-5.357161690915402,fail_ef_outside,0.046920475382958356
JVASP-54890,RbW3Cl9,147,3,204,8,158-159,158,2,0.2705441340078054,0.27054413400779476,0.4946542473885671,0.20754526724267297,0.6266615092421943,0.03889118127751689,25.758473698962348,0.07550259038720915,2.7256590286738707,1.2560590872601978,0.021184148948272447,11.708540685054313,amp,iso,0.10377263362133649,11.708540685054313,amp,iso,0.10377263362133649,11.708540685054313,amp,iso,0.10377263362133649,3.6607,2.597439461983271,3.092093709371838,False,1.0,2.597439461983271,2.8679835959910656,fail_ef_outside,0.024371606355580503
JVASP-54890,RbW3Cl9,147,3,204,8,158-159,159,2,0.26507936558245593,0.27054413400779476,0.4946542473885671,0.20754526724267297,0.6309108349994619,0.04296915206870038,23.313140570853083,0.08286007999946363,2.9571942971824683,1.2560590872601978,0.021184148948272447,12.936250550186072,amp,iso,0.10377263362133649,12.936250550186072,amp,iso,0.10377263362133649,12.936250550186072,amp,iso,0.10377263362133649,3.6607,2.597439461983271,3.092093709371838,False,1.0,2.827014343789374,3.092093709371838,fail_ef_outside,0.027109703610882614
JVASP-56172,Mg3Si8Ir3,216,3,248,8,0-1,0,2,0.4932822485172119,0.4946939656040925,0.497587720501107,0.48240416812235143,0.4614479611279345,0.020918380121767707,49.36255565476658,0.05016771876728525,-4.935204498812562,0.3278473710908191,0.017918733567671985,14.63787056431319,amp,iso,0.24120208406117571,14.63787056431319,amp,iso,0.24120208406117571,10.923689618320667,amp,adiab,0.18,6.8334,-5.273852920484669,-4.776265199983562,False,1.0,-5.273852920484669,-4.7805706719674514,fail_ef_outside,0.009652743857288823
JVASP-56172,Mg3Si8Ir3,216,3,248,8,0-1,1,2,0.49469396560407386,0.4946939656040925,0.497587720501107,0.48240416812235143,0.4604907548807128,0.021184734630700523,48.766859275814,0.05124674691892135,-4.930438975403157,0.3278473710908191,0.017918733567671985,14.824255112413192,amp,iso,0.24120208406117571,14.824255112413192,amp,iso,0.24120208406117571,11.062781362857548,amp,adiab,0.18,6.8334,-5.273852920484669,-4.776265199983562,False,1.0,-5.270959165587654,-4.776265199983562,fail_ef_outside,0.009755374442038863
JVASP-60236,Nb2O5,12,2,54,40,28-29,28,2,0.1289853675893795,0.12898536758937773,0.12905269444657286,0.16031530748715728,3.1987007876222826,0.11646452055971523,8.756007317432953,0.14311079133119003,-7.310119072026226,0.9639149599106047,0.11113806207508532,27.083665163211066,amp,iso,0.08015765374357864,27.083665163211066,amp,iso,0.08015765374357864,27.083665163211066,amp,iso,0.08015765374357864,-7.2001,-7.376634506588877,-7.247581812142304,False,1.0,-7.376634506588877,-7.247649138999499,fail_ef_outside,0.37253515364441264
JVASP-60236,Nb2O5,12,2,54,40,28-29,29,2,0.12875047340024803,0.12898536758937773,0.12905269444657286,0.16031530748715728,3.195791616987501,0.11631909273374233,8.764413219871368,0.14286183546146544,-7.309852949436946,0.9639149599106047,0.11113806207508532,27.049846120938493,amp,iso,0.08015765374357864,27.049846120938493,amp,iso,0.08015765374357864,27.049846120938493,amp,iso,0.08015765374357864,-7.2001,-7.376634506588877,-7.247581812142304,False,1.0,-7.376332285542552,-7.247581812142304,fail_ef_outside,0.37173158145408547
JVASP-60236,Nb2O5,12,2,54,40,30-31,30,2,0.3882794040420787,0.3882794040420827,0.38834032875630475,0.8396894314981833,3.200039425044404,0.1698947885670185,5.900678565692111,0.19447168739733908,-3.9178674222751555,1.1560006166499401,0.1696715705535111,206.93671223344873,amp,iso,0.41984471574909166,206.93671223344873,amp,iso,0.41984471574909166,88.71996432195505,amp,adiab,0.18,-7.2001,-4.176310533118124,-3.787970204361819,False,0.0,-4.176310533118124,-3.788031129076041,fail_ef_outside,0.5436700215240424
JVASP-60236,Nb2O5,12,2,54,40,30-31,31,2,0.38816255379932674,0.3882794040420827,0.38834032875630475,0.8396894314981833,3.2003915424906593,0.16999071276336677,5.897206739514075,0.19520056455442336,-3.917559340533144,1.1560006166499401,0.1696715705535111,207.05355064846648,amp,iso,0.41984471574909166,207.05355064846648,amp,iso,0.41984471574909166,88.77005644867306,amp,adiab,0.18,-7.2001,-4.176310533118124,-3.787970204361819,False,0.0,-4.176132758161148,-3.787970204361819,fail_ef_outside,0.5440368394298379
JVASP-60236,Nb2O5,12,2,54,40,32-33,32,2,0.3123389576805762,0.31233895768057174,0.3124620593356,0.2592063220968779,2.7360852256718373,0.10357629910008108,9.681063105925636,0.135191442767795,-2.7849909658908065,1.53512376060857,0.10354162442660891,38.94437867159403,amp,iso,0.12960316104843894,38.94437867159403,amp,iso,0.12960316104843894,38.94437867159403,amp,iso,0.12960316104843894,-7.2001,-2.9482807728636358,-2.6358187135280358,False,0.0,-2.9482807728636358,-2.635941815183064,fail_ef_outside,0.28339358169749906
JVASP-60236,Nb2O5,12,2,54,40,32-33,33,2,0.31221506706925295,0.31233895768057174,0.3124620593356,0.2592063220968779,2.7346995615683323,0.1035238809561981,9.685983114059148,0.13446871807745137,-2.7845059227577735,1.53512376060857,0.10354162442660891,38.92466960627332,amp,iso,0.12960316104843894,38.92466960627332,amp,iso,0.12960316104843894,38.92466960627332,amp,iso,0.12960316104843894,-7.2001,-2.9482807728636358,-2.6358187135280358,False,0.0,-2.9480337805972847,-2.6358187135280358,fail_ef_outside,0.2831067118627672
JVASP-60237,Te2Au,164,2,28,40,8-9,8,2,0.4899367709486304,0.4899367709486313,0.49163235463244437,0.13103912814627083,2.991788113588906,0.0551880152882893,18.297580409525608,0.06070736488887819,-6.979718434896387,3.6538256824349666,0.048745252958929106,10.490219395141889,amp,iso,0.06551956407313542,10.490219395141889,amp,iso,0.06551956407313542,10.490219395141889,amp,iso,0.06551956407313542,-1.6252,-7.246668224552557,-6.755035869920112,False,1.0,-7.246668224552557,-6.756731453603925,fail_ef_outside,0.16511084815206675
JVASP-60237,Te2Au,164,2,28,40,8-9,9,2,0.48833840015846874,0.4899367709486313,0.49163235463244437,0.13103912814627083,2.990813494447446,0.055308046936246066,18.256421426742293,0.06099918971900374,-6.977545951386433,3.6538256824349666,0.048745252958929106,10.513035187934026,amp,iso,0.06551956407313542,10.513035187934026,amp,iso,0.06551956407313542,10.513035187934026,amp,iso,0.06551956407313542,-1.6252,-7.246668224552557,-6.755035869920112,False,1.0,-7.243374270078581,-6.755035869920112,fail_ef_outside,0.16541605312845745
JVASP-60237,Te2Au,164,2,28,40,10-11,10,2,0.34725953704849744,0.3472595370484992,0.34975049816368564,0.06632004814301062,3.8828175343172644,0.06509356319597084,15.886141861986044,0.08299389238998187,-6.451889804948719,4.783290719307247,0.06284048850060064,6.262124222431751,amp,iso,0.03316002407150531,6.262124222431751,amp,iso,0.03316002407150531,6.262124222431751,amp,iso,0.03316002407150531,-1.6252,-6.6239967417738415,-6.274246243610156,False,1.0,-6.6239967417738415,-6.276737204725342,fail_ef_outside,0.25274642854850454
JVASP-60237,Te2Au,164,2,28,40,10-11,11,2,0.3450006612012828,0.3472595370484992,0.34975049816368564,0.06632004814301062,3.891904323273893,0.06516591808487546,15.883185446800447,0.08334852696011977,-6.448890536743857,4.783290719307247,0.06284048850060064,6.269084899957682,amp,iso,0.03316002407150531,6.269084899957682,amp,iso,0.03316002407150531,6.269084899957682,amp,iso,0.03316002407150531,-1.6252,-6.6239967417738415,-6.274246243610156,False,1.0,-6.619246904811438,-6.274246243610156,fail_ef_outside,0.25361951832463914
JVASP-60241,Ge3Sb2O9,174,2,94,40,16-17,16,2,0.09493369093682524,0.11737609782017877,0.12564779696771744,0.06277649042662503,2.554898796211477,0.02844519775230742,35.29837474453497,0.03854051769811138,-8.79891942977915,1.2593064368960025,0.028634883962085238,2.5902685359410467,amp,iso,0.031388245213312516,2.5902685359410467,amp,iso,0.031388245213312516,2.5902685359410467,amp,iso,0.031388245213312516,-4.8384,-8.846753466993977,-8.72110567002626,False,1.0,-8.846753466993977,-8.751819776057152,fail_ef_outside,0.07267460149536763
JVASP-60241,Ge3Sb2O9,174,2,94,40,16-17,17,2,0.11737609782018055,0.11737609782017877,0.12564779696771744,0.06277649042662503,2.52963991544176,0.02889215248534313,34.79569122941566,0.03802368385782035,-8.783374470717275,1.2593064368960025,0.028634883962085238,2.630969001167323,amp,iso,0.031388245213312516,2.630969001167323,amp,iso,0.031388245213312516,2.630969001167323,amp,iso,0.031388245213312516,-4.8384,-8.846753466993977,-8.72110567002626,False,1.0,-8.838481767846439,-8.72110567002626,fail_ef_outside,0.07308674216995384
JVASP-60241,Ge3Sb2O9,174,2,94,40,18-19,18,2,0.31276190358345346,0.32141281647548503,0.32245719400591355,0.1466032036074445,2.4759980000017343,0.07833183949685867,12.790042572020303,0.11510014630960043,-8.344469665291001,1.0693129670473667,0.07801137907495335,16.657912882665734,amp,iso,0.07330160180372225,16.657912882665734,amp,iso,0.07330160180372225,16.657912882665734,amp,iso,0.07330160180372225,-4.8384,-8.574502466418815,-8.252045272412902,False,1.0,-8.574502466418815,-8.261740562835358,fail_ef_outside,0.1939494779306789
JVASP-60241,Ge3Sb2O9,174,2,94,40,18-19,19,2,0.3214128164754815,0.32141281647548503,0.32245719400591355,0.1466032036074445,2.470714995298551,0.07779194981815245,12.880151347124636,0.11453179424893455,-8.3401462908813,1.0693129670473667,0.07801137907495335,16.5431008816722,amp,iso,0.07330160180372225,16.5431008816722,amp,iso,0.07330160180372225,16.5431008816722,amp,iso,0.07330160180372225,-4.8384,-8.574502466418815,-8.252045272412902,False,1.0,-8.573458088888387,-8.252045272412902,fail_ef_outside,0.19220173692922166
JVASP-60241,Ge3Sb2O9,174,2,94,40,20-21,20,2,0.138301142076231,0.14170939422688988,0.14400481546471333,0.32571929751357587,3.2596028618181423,0.023072070833487498,43.41715583239465,0.025702569728563086,-7.83679246003153,0.49515842319878767,0.023043650755905254,10.901063419033528,amp,iso,0.16285964875678793,10.901063419033528,amp,iso,0.16285964875678793,10.901063419033528,amp,iso,0.16285964875678793,-4.8384,-7.926325974899326,-7.782321159434613,False,1.0,-7.926325974899326,-7.78802483282309,fail_ef_outside,0.07520578811690674
JVASP-60241,Ge3Sb2O9,174,2,94,40,20-21,21,2,0.1417093942268952,0.14170939422688988,0.14400481546471333,0.32571929751357587,3.258277195336939,0.02310783930254996,43.351461952246616,0.025660375128608456,-7.831781953496909,0.49515842319878767,0.023043650755905254,10.917963260944802,amp,iso,0.16285964875678793,10.917963260944802,amp,iso,0.16285964875678793,10.917963260944802,amp,iso,0.16285964875678793,-4.8384,-7.926325974899326,-7.782321159434613,False,1.0,-7.9240305536615026,-7.782321159434613,fail_ef_outside,0.07529174583300917
JVASP-60241,Ge3Sb2O9,174,2,94,40,56-57,56,2,0.036535713331755204,0.03732280777468411,0.05585683770577443,0.25746994888299035,4.334540029567212,0.028402912993198328,35.219298312513345,0.03484650603870987,-4.889209865846363,0.08002443857389675,0.028449670588064416,10.607871021791622,amp,iso,0.12873497444149518,10.607871021791622,amp,iso,0.12873497444149518,10.607871021791622,amp,iso,0.12873497444149518,-4.8384,-4.918383336270773,-4.862526498564999,False,1.0,-4.918383336270773,-4.881847622939017,fail_ef_outside,0.12311356332533284
JVASP-60241,Ge3Sb2O9,174,2,94,40,56-57,57,2,0.037322807774690325,0.03732280777468411,0.05585683770577443,0.25746994888299035,4.3355896722301885,0.028498419033391634,35.103920064136354,0.03512385208472036,-4.885967924980738,0.08002443857389675,0.028449670588064416,10.643540453177595,amp,iso,0.12873497444149518,10.643540453177595,amp,iso,0.12873497444149518,10.643540453177595,amp,iso,0.12873497444149518,-4.8384,-4.918383336270773,-4.862526498564999,False,1.0,-4.899849306339683,-4.862526498564999,fail_ef_outside,0.123557451236061
JVASP-60241,Ge3Sb2O9,174,2,94,40,58-59,58,2,0.39740162655985656,0.3974016265598549,0.3997678148644145,0.1415618394922985,2.1580106438837037,0.055714383415000526,17.97896074718708,0.06148485568554904,-0.9136523101101424,0.9876333306929623,0.05590214338857545,11.440692853919849,amp,iso,0.07078091974614925,11.440692853919849,amp,iso,0.07078091974614925,11.440692853919849,amp,iso,0.07078091974614925,-4.8384,-1.026801702836936,-0.6270338879725216,False,0.0,-1.026801702836936,-0.6294000762770812,fail_ef_outside,0.12023223242698883
JVASP-60241,Ge3Sb2O9,174,2,94,40,58-59,59,2,0.30157311730671,0.3974016265598549,0.3997678148644145,0.1415618394922985,2.34750768329408,0.056183914428412904,17.824258953402243,0.06498519353336585,-0.8355389542558193,0.9876333306929623,0.05590214338857545,11.537108891944143,amp,iso,0.07078091974614925,11.537108891944143,amp,iso,0.07078091974614925,11.537108891944143,amp,iso,0.07078091974614925,-4.8384,-1.026801702836936,-0.6270338879725216,False,0.0,-0.9286070052792276,-0.6270338879725216,fail_ef_outside,0.13189217079823642
JVASP-60261,CuBr,187,2,20,40,0-1,0,2,0.11147241762627402,0.11192534619032912,0.11934430725709433,9.622117407795615,0.07183757639360078,0.3238667563793345,3.1508412158726644,0.40719561110074803,-19.01311267133011,0.02309244123401414,0.26145564017869727,186.41314624434634,stiff,phys,1.5,52.817058102564786,stiff,adiab,0.5,12.30326765212686,stiff,adiab,0.18,-3.3984,-19.08452466611163,-18.965180358854536,False,1.0,-19.08452466611163,-18.973052248485335,fail_ef_outside,0.023265802852748135
JVASP-60261,CuBr,187,2,20,40,0-1,1,2,0.1119253461903682,0.11192534619032912,0.11934430725709433,9.622117407795615,0.07184309069161104,0.32381995831558774,3.151234308609692,0.4070786134154002,-19.00656976931815,0.02309244123401414,0.26145564017869727,186.42745543590078,stiff,phys,1.5,52.821112373505215,stiff,adiab,0.5,12.30421205876945,stiff,adiab,0.18,-3.3984,-19.08452466611163,-18.965180358854536,False,1.0,-19.077105705044865,-18.965180358854536,fail_ef_outside,0.02326422663302048
JVASP-60261,CuBr,187,2,20,40,6-7,6,2,0.029585171270997357,0.05751420298471732,0.05822826827604288,0.6936962074276636,1.8474124999724593,0.3502248623744619,2.8738962637354915,0.37181392962140514,-7.062031002509304,0.2977419979096729,0.34868505462794896,352.415575029359,amp,iso,0.3468481037138318,352.415575029359,amp,iso,0.3468481037138318,182.8892902283869,amp,adiab,0.18,-3.3984,-7.0786419830243394,-7.020413714748297,False,1.0,-7.0786419830243394,-7.049056811753345,fail_ef_outside,0.6470097885517151
JVASP-60261,CuBr,187,2,20,40,6-7,7,2,0.057514202984720875,0.05751420298471732,0.05822826827604288,0.6936962074276636,1.8453758684622081,0.3497283505816165,2.877260581127709,0.3715613031519369,-7.050592472519821,0.2977419979096729,0.34868505462794896,351.91595747565896,amp,iso,0.3468481037138318,351.91595747565896,amp,iso,0.3468481037138318,182.63000912319106,amp,adiab,0.18,-3.3984,-7.0786419830243394,-7.020413714748297,False,1.0,-7.077927917733014,-7.020413714748297,fail_ef_outside,0.6453802586804062
JVASP-60280,UBr4,12,2,96,40,14-15,14,2,0.03238240302937356,0.06996364071238048,0.09630909640718954,0.4008938663529982,0.4889615201529786,0.13231628694948,7.558017610462052,0.21950186833952376,-17.09159595611598,0.10584518260739986,0.1306945847145659,76.94519724369842,amp,iso,0.2004469331764991,76.94519724369842,amp,iso,0.2004469331764991,69.09627044116601,amp,adiab,0.18,-3.2729,-17.106202585845462,-17.009893489438273,False,1.0,-17.106202585845462,-17.0738201828161,fail_ef_outside,0.06469757280781546
JVASP-60280,UBr4,12,2,96,40,14-15,15,2,0.06996364071238048,0.06996364071238048,0.09630909640718954,0.4008938663529982,0.49032308792434354,0.12961181696402285,7.7163065676176075,0.21516677312275062,-17.049056546485286,0.10584518260739986,0.1306945847145659,75.37248097975038,amp,iso,0.2004469331764991,75.37248097975038,amp,iso,0.2004469331764991,67.68398179686244,amp,adiab,0.18,-3.2729,-17.106202585845462,-17.009893489438273,False,1.0,-17.079857130150653,-17.009893489438273,fail_ef_outside,0.0635516663252845
JVASP-60280,UBr4,12,2,96,40,64-65,64,2,0.06151349469944023,0.061513494699446,0.10056286105723311,0.05205328388039643,0.9411458242249797,0.061434094498252385,16.29198122499586,0.08634222405167699,-3.576336232770872,0.3678048678923006,0.057163635094070374,4.638701160532637,amp,iso,0.026026641940198214,4.638701160532637,amp,iso,0.026026641940198214,4.638701160532637,amp,iso,0.026026641940198214,-3.2729,-3.59829305984187,-3.497730198784637,False,1.0,-3.59829305984187,-3.536779565142424,fail_ef_outside,0.057818441502073034
JVASP-60280,UBr4,12,2,96,40,64-65,65,2,0.03716664041581108,0.061513494699446,0.10056286105723311,0.05205328388039643,1.1319198489739042,0.06854735190247507,14.862736499536437,0.12600321839067796,-3.5110075582170475,0.3678048678923006,0.057163635094070374,5.175801538516947,amp,iso,0.026026641940198214,5.175801538516947,amp,iso,0.026026641940198214,5.175801538516947,amp,iso,0.026026641940198214,-3.2729,-3.59829305984187,-3.497730198784637,False,1.0,-3.5348968392004467,-3.497730198784637,fail_ef_outside,0.07759010821301064
JVASP-60349,Ta3SBr7,8,2,98,40,4-5,4,2,0.03128521405698237,0.04808523889316163,0.051936126148415696,0.1815705186922969,1.3339769440955087,0.22513938238032485,4.451782344770202,0.3216287940657679,-18.35487035948993,0.37864313279730677,0.22061400348991614,59.29739366863599,amp,iso,0.09078525934614845,59.29739366863599,amp,iso,0.09078525934614845,59.29739366863599,amp,iso,0.09078525934614845,-2.8536,-18.36579466611048,-18.313858539962066,False,1.0,-18.36579466611048,-18.334509452053506,fail_ef_outside,0.300330745303256
JVASP-60349,Ta3SBr7,8,2,98,40,4-5,5,2,0.04808523889315097,0.04808523889316163,0.051936126148415696,0.1815705186922969,1.309060227995598,0.21653513360807283,4.640824114476708,0.3161906940519154,-18.33970520637349,0.37864313279730677,0.22061400348991614,57.03119962796293,amp,iso,0.09078525934614845,57.03119962796293,amp,iso,0.09078525934614845,57.03119962796293,amp,iso,0.09078525934614845,-2.8536,-18.36579466611048,-18.313858539962066,False,1.0,-18.361943778855228,-18.313858539962066,fail_ef_outside,0.2834575313700411
JVASP-60349,Ta3SBr7,8,2,98,40,6-7,6,2,0.08337131351148486,0.0985020933187748,0.09915407541718935,0.07582616220774696,0.8884355298839974,0.08675040572181436,11.538965484907378,0.10566026498160144,-18.021013613092354,0.6765774559908471,0.08711794246041518,9.541779814805908,amp,iso,0.03791308110387348,9.541779814805908,amp,iso,0.03791308110387348,9.541779814805908,amp,iso,0.03791308110387348,-2.8536,-18.065562077694306,-17.966408002277117,False,1.0,-18.065562077694306,-17.982190764182846,fail_ef_outside,0.07707214267511191
JVASP-60349,Ta3SBr7,8,2,98,40,6-7,7,2,0.09850209331882809,0.0985020933187748,0.09915407541718935,0.07582616220774696,0.9382322913629243,0.08761742680074726,11.425835297010456,0.10718484453186682,-18.01235395777348,0.6765774559908471,0.08711794246041518,9.637144489600653,amp,iso,0.03791308110387348,9.637144489600653,amp,iso,0.03791308110387348,9.637144489600653,amp,iso,0.03791308110387348,-2.8536,-18.065562077694306,-17.966408002277117,False,1.0,-18.06491009559589,-17.966408002277117,fail_ef_outside,0.08220549911058839
JVASP-60349,Ta3SBr7,8,2,98,40,12-13,12,2,0.22251534885658053,0.22592433157969083,0.3057341423176396,2.6278632604264693,0.1406431191523244,0.18751242469084642,5.3378049201927995,0.3288107665168033,-14.999565226257836,0.34787310020815926,0.12176149520601902,319.6869163113625,stiff,iso,1.3139316302132347,103.40487762691241,stiff,adiab,0.5,24.08725384721018,stiff,adiab,0.18,-2.8536,-15.091092009886083,-14.785357867568443,False,1.0,-15.091092009886083,-14.8685766610295,fail_ef_outside,0.026372332288335965
JVASP-60349,Ta3SBr7,8,2,98,40,12-13,13,2,0.2259243315796784,0.22592433157969083,0.3057341423176396,2.6278632604264693,0.2388622530204898,0.20307273692431577,4.92994993648615,0.3028532232754487,-14.92404906568668,0.34787310020815926,0.12176149520601902,542.9425737394334,stiff,iso,1.3139316302132347,175.61841768114775,stiff,adiab,0.5,40.90876082454972,stiff,adiab,0.18,-2.8536,-15.091092009886083,-14.785357867568443,False,1.0,-15.011282199148134,-14.785357867568443,fail_ef_outside,0.04850641146877927
JVASP-60349,Ta3SBr7,8,2,98,40,62-63,62,2,0.10524315055344768,0.10582879387174016,0.10993438346466089,0.35741639055950314,0.9725845355896056,0.03040772105288139,32.94123356331804,0.038496175084432996,-3.4930974327767137,0.5754431992802795,0.0298200349417116,15.765114803739397,amp,iso,0.17870819527975157,15.765114803739397,amp,iso,0.17870819527975157,15.765114803739397,amp,iso,0.17870819527975157,-2.8536,-3.5341771791134144,-3.4242427956487536,False,1.0,-3.5341771791134144,-3.428934028559961,fail_ef_outside,0.029574079258554917
JVASP-60349,Ta3SBr7,8,2,98,40,62-63,63,2,0.10582879387174593,0.10582879387174016,0.10993438346466089,0.35741639055950314,0.9777607464683513,0.029587037050248594,33.853018167058636,0.03908035016410616,-3.4734468851755302,0.5754431992802795,0.0298200349417116,15.339624925803529,amp,iso,0.17870819527975157,15.339624925803529,amp,iso,0.17870819527975157,15.339624925803529,amp,iso,0.17870819527975157,-2.8536,-3.5341771791134144,-3.4242427956487536,False,1.0,-3.5300715895204937,-3.4242427956487536,fail_ef_outside,0.02892904343203783
JVASP-60349,Ta3SBr7,8,2,98,40,68-69,68,2,0.11920910634476423,0.13350992278668872,0.1391955993098597,0.668047543484791,1.18002775531997,0.053117975768730036,18.846806141190616,0.07845544193556553,-2.003831789989195,0.5395153647336113,0.05299470110249714,51.47397274550142,amp,iso,0.3340237717423955,51.47397274550142,amp,iso,0.3340237717423955,27.73849012559446,amp,adiab,0.18,-2.8536,-2.0466843083420088,-1.907488709032149,False,0.0,-2.0466843083420088,-1.9274752019972496,fail_ef_outside,0.06268068571351507
JVASP-60349,Ta3SBr7,8,2,98,40,68-69,69,2,0.1335099227866896,0.13350992278668872,0.1391955993098597,0.668047543484791,1.1918355972517287,0.052886839660650775,18.930621708049465,0.0788843838375798,-1.9676969955425165,0.5395153647336113,0.05299470110249714,51.24999030724787,amp,iso,0.3340237717423955,51.24999030724787,amp,iso,0.3340237717423955,27.617789617737397,amp,adiab,0.18,-2.8536,-2.0466843083420088,-1.907488709032149,False,0.0,-2.040998631818838,-1.907488709032149,fail_ef_outside,0.06303241813370813
JVASP-60389,CrGeTe3,162,2,88,40,14-15,14,2,0.06975877112360607,0.07411194374517116,0.1272737492742788,1.3715417159827368,0.31559474156217104,0.08569624346914534,11.675021359638745,0.1298816080038588,-8.614135163929207,0.6253925828379556,0.04336431670195229,170.49419890938285,amp,iso,0.6857708579913684,124.30843110537137,amp,adiab,0.5,44.75103519793369,amp,adiab,0.18,-1.5904,-8.635418294954098,-8.50814454567982,False,1.0,-8.635418294954098,-8.565659523830494,fail_ef_outside,0.02704528381049381
JVASP-60389,CrGeTe3,162,2,88,40,14-15,15,2,0.07411194374517827,0.07411194374517116,0.1272737492742788,1.3715417159827368,0.310255884071959,0.08774004285978197,11.40152553075418,0.12910827515180398,-8.560372836401179,0.6253925828379556,0.04336431670195229,174.56037410834054,amp,iso,0.6857708579913684,127.27310593193629,amp,adiab,0.5,45.818318135497066,amp,adiab,0.18,-1.5904,-8.635418294954098,-8.50814454567982,False,1.0,-8.58225648942499,-8.50814454567982,fail_ef_outside,0.02722186456597323
JVASP-60391,CoH2SeO4,1,2,96,40,82-83,82,2,0.301248588029686,0.3012485880296878,0.3537030671855339,0.19318977265194892,0.3473495313548906,0.1511027075538299,6.64557379358734,0.24872525175129226,3.7971667582266235,0.6854394032557419,0.0759383053133741,42.344321480362645,amp,iso,0.09659488632597446,42.344321480362645,amp,iso,0.09659488632597446,31.92398866318174,stiff,iso,0.09659488632597446,-1.3329,3.6672836910094926,4.0209867581950265,False,0.0,3.6672836910094926,3.9685322790391804,fail_ef_outside,0.0524854546552779
JVASP-60391,CoH2SeO4,1,2,96,40,82-83,83,2,0.28709324318078977,0.3012485880296878,0.3537030671855339,0.19318977265194892,0.3422689083192456,0.1518121194221365,6.614277794437357,0.249407201157101,3.860789524710055,0.6854394032557419,0.0759383053133741,42.54312376987726,amp,iso,0.09659488632597446,42.54312376987726,amp,iso,0.09659488632597446,31.457041863054595,stiff,iso,0.09659488632597446,-1.3329,3.6672836910094926,4.0209867581950265,False,0.0,3.7338935150142256,4.0209867581950265,fail_ef_outside,0.0519605683842456
JVASP-60443,CrCl3,162,2,60,40,37-38,37,2,0.10505667565926036,0.1050566756592648,0.11344961966415301,0.06205102975625998,2.506281573896481,0.06909117564268036,14.669310675412884,0.10628867442115879,-4.843850036524999,1.291917620158109,0.07597659643876849,6.218854217241687,amp,iso,0.03102551487812999,6.218854217241687,amp,iso,0.03102551487812999,6.218854217241687,amp,iso,0.03102551487812999,-4.365,-4.869390330425125,-4.755940710760972,False,1.0,-4.869390330425125,-4.76433365476586,fail_ef_outside,0.17316194043209515
JVASP-60443,CrCl3,162,2,60,40,37-38,38,2,0.1002296486557297,0.1050566756592648,0.11344961966415301,0.06205102975625998,2.414809327379376,0.09187673478446723,11.92606381250488,0.15106357784443003,-4.805335567593857,1.291917620158109,0.07597659643876849,8.269768378754051,amp,iso,0.03102551487812999,8.269768378754051,amp,iso,0.03102551487812999,8.269768378754051,amp,iso,0.03102551487812999,-4.365,-4.869390330425125,-4.755940710760972,False,1.0,-4.8561703594167005,-4.755940710760972,fail_ef_outside,0.22186479612669263
JVASP-60443,CrCl3,162,2,60,40,56-57,56,2,0.1560473327758718,0.15604733277587046,0.2710231652409525,1.041016063195333,1.0604326276135272,0.44312998911365803,2.256679507328247,0.4539758118080568,2.007693121883855,0.042213554694488925,0.44145618349094407,669.1559954261935,amp,iso,0.5205080315976665,642.7912297263325,amp,adiab,0.5,181.61506971078148,stiff,adiab,0.18,-4.365,1.8958260191256642,2.1668491843666167,False,0.0,1.8958260191256642,2.0518733519015346,fail_ef_outside,0.4699094987301501
JVASP-60443,CrCl3,162,2,60,40,56-57,57,2,0.11733166579911192,0.15604733277587046,0.2710231652409525,1.041016063195333,1.0604778650256863,0.439787538056656,2.27383016949073,0.4521872925857706,2.099896184696445,0.042213554694488925,0.44145618349094407,664.1086702187861,amp,iso,0.5205080315976665,637.9427692790317,amp,adiab,0.5,181.62281729940602,stiff,adiab,0.18,-4.365,1.8958260191256642,2.1668491843666167,False,0.0,2.049517518567505,2.1668491843666167,fail_ef_outside,0.46638494942322534
JVASP-60525,VAgP2Se6,5,2,88,40,0-1,0,2,0.23044928371756512,0.23044928371753315,0.23065748089440774,0.8312270810930258,1.8084995305394085,0.04141704968792613,26.637669099118337,0.06078974735315383,-18.05800833011706,0.5461604028728055,0.025241347169943813,49.938747228800864,amp,iso,0.4156135405465129,49.938747228800864,amp,iso,0.4156135405465129,21.628204146968027,amp,adiab,0.18,-2.5347,-18.20579582447451,-17.975138343580102,False,1.0,-18.20579582447451,-17.975346540756977,fail_ef_outside,0.07490271491694177
JVASP-60525,VAgP2Se6,5,2,88,40,0-1,1,2,0.228276049708235,0.23044928371753315,0.23065748089440774,0.8312270810930258,1.8102773041880966,0.04149608989230927,26.588550383762758,0.058035957262684276,-18.057082843340012,0.5461604028728055,0.025241347169943813,50.03405022158629,amp,iso,0.4156135405465129,50.03405022158629,amp,iso,0.4156135405465129,21.669479363070995,amp,adiab,0.18,-2.5347,-18.20579582447451,-17.975138343580102,False,1.0,-18.203414393288337,-17.975138343580102,fail_ef_outside,0.07511942974459655
JVASP-60525,VAgP2Se6,5,2,88,40,2-3,2,2,0.23794994850054962,0.23836386094837891,0.2518628890528234,0.7256441584492457,0.3589033544654936,0.04758372396974151,21.01722004425618,0.0629349201992414,-16.993865797290333,0.714348201255252,0.0235864308432843,50.08652846005169,amp,iso,0.36282207922462284,50.08652846005169,amp,iso,0.36282207922462284,24.84847433231253,amp,adiab,0.18,-2.5347,-17.143911262487077,-16.892048373434253,False,1.0,-17.143911262487077,-16.905961313986502,fail_ef_outside,0.017077958150700342
JVASP-60525,VAgP2Se6,5,2,88,40,2-3,3,2,0.23836386094833983,0.23836386094837891,0.2518628890528234,0.7256441584492457,0.3569822075036695,0.04675454670045665,21.390096815830027,0.05901791712235881,-16.98013821985398,0.714348201255252,0.0235864308432843,49.21373819834638,amp,iso,0.36282207922462284,49.21373819834638,amp,iso,0.36282207922462284,24.415473541835023,amp,adiab,0.18,-2.5347,-17.143911262487077,-16.892048373434253,False,1.0,-17.130412234382632,-16.892048373434253,fail_ef_outside,0.016690541291962423
JVASP-60525,VAgP2Se6,5,2,88,40,14-15,14,2,0.41008410045074584,0.41008410045072985,0.4253606543120938,1.317286896349323,0.28790322330851975,0.0612377118662062,16.333879407833667,0.09363165684893099,-11.343365774932789,0.572128525615577,0.030652579745172184,117.01408127222109,amp,iso,0.6586434481746615,88.82961000865438,amp,adiab,0.5,31.978659603115577,amp,adiab,0.18,-2.5347,-11.601306596214396,-11.175945941902302,False,1.0,-11.601306596214396,-11.191222495763666,fail_ef_outside,0.017630534634319153
JVASP-60525,VAgP2Se6,5,2,88,40,14-15,15,2,0.40680458521542207,0.41008410045072985,0.4253606543120938,1.317286896349323,0.2866421879570429,0.061267633386964684,16.325567992427054,0.09256134984275574,-11.327473696050056,0.572128525615577,0.030652579745172184,117.07125583271858,amp,iso,0.6586434481746615,88.87301327992046,amp,adiab,0.5,31.994284780771363,amp,adiab,0.18,-2.5347,-11.601306596214396,-11.175945941902302,False,1.0,-11.582750527117737,-11.175945941902302,fail_ef_outside,0.017561888484989525
JVASP-60525,VAgP2Se6,5,2,88,40,61-62,61,2,0.07958742824971976,0.1415356479938592,0.22654011430245014,0.0826734084681866,0.9961504977493691,0.2393563404746642,4.573431091336242,0.4297451749986194,-2.579659993611478,0.771473900237521,0.12565678546572484,28.70447313182821,amp,iso,0.0413367042340933,28.70447313182821,amp,iso,0.0413367042340933,28.70447313182821,amp,iso,0.0413367042340933,-2.5347,-2.6202556590843273,-2.393715544781877,True,1.0,-2.6202556590843273,-2.5406682308346076,fail_filling,0.2384349377033042
JVASP-60525,VAgP2Se6,5,2,88,40,61-62,62,2,0.14153564799386142,0.1415356479938592,0.22654011430245014,0.0826734084681866,0.9123441094973083,0.1222758098404865,8.237287086431856,0.22648340518128973,-2.4767919072276787,0.771473900237521,0.12565678546572484,14.663754848851804,amp,iso,0.0413367042340933,14.663754848851804,amp,iso,0.0413367042340933,14.663754848851804,amp,iso,0.0413367042340933,-2.5347,-2.6202556590843273,-2.393715544781877,True,0.000625,-2.5352511927757364,-2.393715544781877,fail_filling,0.11155761484198086
JVASP-60529,Li2UBr6,162,2,68,40,53-54,53,2,0.23217309217395732,0.2321730921739542,0.26825878589705265,0.05224612334740408,1.9473424905717183,0.25458331959656744,4.069778910681756,0.32130492479080336,-2.4498659083281247,1.7355442206473959,0.1501158893618724,19.294024111139592,amp,iso,0.02612306167370204,19.294024111139592,amp,iso,0.02612306167370204,19.294024111139592,amp,iso,0.02612306167370204,-3.234,-2.5826100406443073,-2.3143512547472547,False,0.0,-2.5826100406443073,-2.350436948470353,fail_ef_outside,0.49576091564119534
JVASP-60529,Li2UBr6,162,2,68,40,53-54,54,2,0.11050664764908236,0.2321730921739542,0.26825878589705265,0.05224612334740408,1.481704378085096,0.32117941830358737,3.2207222297076905,0.4751518986562562,-2.383926945900525,1.7355442206473959,0.1501158893618724,24.34112121159864,amp,iso,0.02612306167370204,24.34112121159864,amp,iso,0.02612306167370204,24.34112121159864,amp,iso,0.02612306167370204,-3.234,-2.5826100406443073,-2.3143512547472547,False,0.0,-2.4248579023963344,-2.3143512547472547,fail_ef_outside,0.47589295025124984
JVASP-60543,GaAgP2Se6,149,2,84,40,16-17,16,2,0.3000852422594935,0.30008524225948285,0.3192621360418766,1.013915516491366,4.367828341180553,0.09341750007669802,10.7281907688299,0.19579884783337914,-9.527026885686434,0.8364417397691506,0.09302834810726246,137.3943300679991,amp,iso,0.506957758245683,135.50865711518983,amp,adiab,0.5,48.78311656146834,amp,adiab,0.18,-2.8128,-9.73237899456014,-9.413116858518263,False,1.0,-9.73237899456014,-9.432293752300657,fail_ef_outside,0.4080316043972381
JVASP-60543,GaAgP2Se6,149,2,84,40,16-17,17,2,0.2601162489532687,0.30008524225948285,0.3192621360418766,1.013915516491366,4.359075408109173,0.09277263038903069,10.811648268697619,0.19672944161868272,-9.51761680463981,0.8364417397691506,0.09302834810726246,136.44588423455818,amp,iso,0.506957758245683,134.57322825744532,amp,adiab,0.5,48.44636217268032,amp,adiab,0.18,-2.8128,-9.73237899456014,-9.413116858518263,False,1.0,-9.673233107471534,-9.413116858518263,fail_ef_outside,0.40440289167442545
JVASP-60558,YBr3,12,2,72,40,16-17,16,2,0.0929481062964328,0.09294810629643191,0.09728938055224834,0.0512581728596011,4.221437417105413,0.02150418931183984,46.618607079651724,0.016422738539199257,-7.536299669158758,1.7429204640093814,0.02070941366752804,1.5989135996075814,amp,iso,0.02562908642980055,1.5989135996075814,amp,iso,0.02562908642980055,1.5989135996075814,amp,iso,0.02562908642980055,-5.4933,-7.613296935013292,-7.516007554461043,False,1.0,-7.613296935013292,-7.52034882871686,fail_ef_outside,0.090778589385519
JVASP-60558,YBr3,12,2,72,40,16-17,17,2,0.049588213650723745,0.09294810629643191,0.09728938055224834,0.0512581728596011,4.193919883071043,0.021538075948328274,46.529259706122446,0.01810493019777165,-7.529969215963162,1.7429204640093814,0.02070941366752804,1.601433192564126,amp,iso,0.02562908642980055,1.601433192564126,amp,iso,0.02562908642980055,1.601433192564126,amp,iso,0.02562908642980055,-5.4933,-7.613296935013292,-7.516007554461043,False,1.0,-7.565595768111769,-7.516007554461043,fail_ef_outside,0.09032896496278817
JVASP-60578,CrP2S7,5,2,70,40,4-5,4,2,0.14494034667682598,0.17543528081650628,0.19801223210442664,0.15363427766679827,0.3877837299547652,0.07561517879966434,13.233533996816547,0.17146850691932117,-9.513770862524522,0.7675369442770174,0.03799608024660295,16.851396863768564,amp,iso,0.07681713883339913,16.851396863768564,amp,iso,0.07681713883339913,16.851396863768564,amp,iso,0.07681713883339913,-3.7637,-9.581744131350096,-9.383731899245669,False,1.0,-9.581744131350096,-9.436803784673273,fail_ef_outside,0.02932233607613032
JVASP-60578,CrP2S7,5,2,70,40,4-5,5,2,0.17543528081650983,0.17543528081650628,0.19801223210442664,0.15363427766679827,0.3836263990403802,0.07607098548543266,13.154777954008308,0.1733159824024346,-9.480144777476017,0.7675369442770174,0.03799608024660295,16.95297672480931,amp,iso,0.07681713883339913,16.95297672480931,amp,iso,0.07681713883339913,16.95297672480931,amp,iso,0.07681713883339913,-3.7637,-9.581744131350096,-9.383731899245669,False,1.0,-9.559167180062175,-9.383731899245669,fail_ef_outside,0.02918283823322956
JVASP-60578,CrP2S7,5,2,70,40,54-55,54,2,0.2946867483439136,0.29468674834390896,0.31076583784453404,0.0905241953069179,0.7576052205399106,0.07278100969415709,14.001953383296089,0.12762729207603504,-0.2702660106725525,1.2375735273028574,0.038416917024115343,9.556999199558678,amp,iso,0.04526209765345895,9.556999199558678,amp,iso,0.04526209765345895,9.556999199558678,amp,iso,0.04526209765345895,-3.7637,-0.4902593862080689,-0.17949354836353487,False,0.0,-0.4902593862080689,-0.19557263786415993,fail_ef_outside,0.05513927290045925
JVASP-60578,CrP2S7,5,2,70,40,54-55,55,2,0.19863821088437458,0.29468674834390896,0.31076583784453404,0.0905241953069179,0.756534283551247,0.07553820675118712,13.517574476454953,0.13959762204756568,-0.23104295141633258,1.2375735273028574,0.038416917024115343,9.919051473603691,amp,iso,0.04526209765345895,9.919051473603691,amp,iso,0.04526209765345895,9.919051473603691,amp,iso,0.04526209765345895,-3.7637,-0.4902593862080689,-0.17949354836353487,False,0.0,-0.3781317592479141,-0.17949354836353487,fail_ef_outside,0.05714724312525531
JVASP-76869,Y2TlCu,71,3,44,24,0-1,0,2,0.0373973171196198,0.04774251668075813,0.4148366633317533,2.247800529917053,0.010151081136021829,0.3085760215944761,3.2407369831995183,0.4260578051136415,-8.633260237443402,0.018669721220996974,0.21148882402868804,48.78725150379904,stiff,iso,1.1239002649585266,18.448773913119176,stiff,adiab,0.5,4.29747909976188,stiff,adiab,0.18,-2.4575,-8.65054051988649,-8.235703856554737,False,1.0,-8.65054051988649,-8.613143202766869,fail_ef_outside,0.003132380231836351
JVASP-76869,Y2TlCu,71,3,44,24,0-1,1,2,0.04774251668076168,0.04774251668075813,0.4148366633317533,2.247800529917053,0.008546504229423484,0.3912224411746513,2.5561607483005604,0.5627239515607801,-8.261959098023002,0.018669721220996974,0.21148882402868804,41.075472231184534,stiff,iso,1.1239002649585266,15.532584378292334,stiff,adiab,0.5,3.6181784787080975,stiff,adiab,0.18,-2.4575,-8.65054051988649,-8.235703856554737,False,1.0,-8.283446373235495,-8.235703856554737,fail_ef_outside,0.0033435842481445376
JVASP-76869,Y2TlCu,71,3,44,24,2-3,2,2,0.25562856588979166,0.2556285658897801,0.30383078489659976,0.3343651552586282,0.21228714347323693,0.17927201620242667,5.578348394608013,0.24552717264557586,-5.864559882767382,0.24410162344635108,0.1054814489277408,86.95054647489889,amp,iso,0.1671825776293141,86.95054647489889,amp,iso,0.1671825776293141,83.47254967176615,stiff,iso,0.1671825776293141,-2.4575,-5.987903326637684,-5.6840725417410844,False,1.0,-5.987903326637684,-5.732274760747904,fail_ef_outside,0.038057144224301
JVASP-76869,Y2TlCu,71,3,44,24,2-3,3,2,0.19384708138361617,0.2556285658897801,0.30383078489659976,0.3343651552586282,0.04000667081469522,0.19013856050340525,5.260057801733378,0.23716660816033844,-5.781871787024381,0.24410162344635108,0.1054814489277408,28.601559208435145,stiff,iso,0.1671825776293141,24.31132532716987,stiff,iso,0.1671825776293141,15.730857564639331,stiff,iso,0.1671825776293141,-2.4575,-5.987903326637684,-5.6840725417410844,False,1.0,-5.87791962312469,-5.6840725417410844,fail_ef_outside,0.007606810799239744
JVASP-76869,Y2TlCu,71,3,44,24,4-5,4,2,0.020689672908835277,0.020689672908839718,0.03329763285835874,0.052786588488122455,0.046055981624066836,0.18545067640777518,5.394011564963316,0.33606455322372236,-5.340762163676273,0.1000560653783685,0.12510319012656054,5.19811546572688,stiff,iso,0.026393294244061227,4.418398145867847,stiff,iso,0.026393294244061227,2.858963506149784,stiff,iso,0.026393294244061227,-2.4575,-5.349707386482456,-5.3164097536240975,False,1.0,-5.349707386482456,-5.3290177135736165,fail_ef_outside,0.008541112944807258
JVASP-76869,Y2TlCu,71,3,44,24,4-5,5,2,0.01571698993461368,0.020689672908839718,0.03329763285835874,0.052786588488122455,0.06185308052527563,0.18271540922437768,5.47414738348952,0.24661029155102368,-5.325847973676391,0.1000560653783685,0.12510319012656054,6.981057468402181,stiff,iso,0.026393294244061227,5.933898848141852,stiff,iso,0.026393294244061227,3.839581607621199,stiff,iso,0.026393294244061227,-2.4575,-5.349707386482456,-5.3164097536240975,False,1.0,-5.332126743558711,-5.3164097536240975,fail_ef_outside,0.011301510919964123
JVASP-76891,Y2InCu,12,3,44,24,0-1,0,2,0.30333168862922655,0.30333168862921855,0.969609544917934,0.7850922558371645,0.18631502204016492,0.6507750336245302,1.5372471513682937,0.780406026722192,-7.562086004475698,0.3858275274054258,0.31714354985758364,312.755423566691,stiff,iso,0.39254612791858223,265.84211003168735,stiff,iso,0.39254612791858223,78.87681149035403,stiff,adiab,0.18,-2.2964,-7.687690118305756,-6.718080573387822,False,1.0,-7.687690118305756,-7.384358429676538,fail_ef_outside,0.1212491647329434
JVASP-76891,Y2InCu,12,3,44,24,0-1,1,2,0.29680345257102925,0.30333168862921855,0.969609544917934,0.7850922558371645,0.20557337660721323,0.6112426946565876,1.638362884874523,0.7544468246292779,-6.897117307100856,0.3858275274054258,0.31714354985758364,345.08322394403393,stiff,iso,0.39254612791858223,293.32074035242886,stiff,iso,0.39254612791858223,87.02987175444804,stiff,adiab,0.18,-2.2964,-7.687690118305756,-6.718080573387822,False,1.0,-7.014884025958851,-6.718080573387822,fail_ef_outside,0.12565522466704654
JVASP-76891,Y2InCu,12,3,44,24,2-3,2,2,0.3469230314913867,0.3469230314913858,0.4456702261038412,0.23657294414394858,0.23627553915459332,0.19655296055228036,5.088971266566446,0.26131799211136475,-5.753476553546496,0.4060803515045125,0.10320708137098308,67.45023464145142,amp,iso,0.11828647207197429,67.45023464145142,amp,iso,0.11828647207197429,65.73290273754493,stiff,iso,0.11828647207197429,-2.2964,-5.932988317550658,-5.4873180914468165,False,1.0,-5.932988317550658,-5.586065286059272,fail_ef_outside,0.046440656726921554
JVASP-76891,Y2InCu,12,3,44,24,2-3,3,2,0.26302601244377755,0.3469230314913858,0.4456702261038412,0.23657294414394858,0.17727022527919342,0.2028256321513282,4.9315242759644935,0.27375030815963663,-5.609380851504905,0.4060803515045125,0.10320708137098308,69.60280039266537,amp,iso,0.11828647207197429,69.60280039266537,amp,iso,0.11828647207197429,49.31736276312448,stiff,iso,0.11828647207197429,-2.2964,-5.932988317550658,-5.4873180914468165,False,1.0,-5.750344103890592,-5.4873180914468165,fail_ef_outside,0.03595494550386077
JVASP-76930,Li2MgGa,71,3,20,24,0-1,0,2,0.028227283131025516,0.02822728313102907,0.1431048308584142,3.301823365335273,0.0004244127870228336,0.9685661649807255,1.0324555756913705,0.9341193052409446,-8.106910502178815,0.0006608888493426716,0.4514791847708651,2.7223627821576515,stiff,phys,1.5,0.7713361216113346,stiff,adiab,0.5,0.17967594362240502,stiff,adiab,0.18,-2.2295,-8.117180809819597,-7.974075978961183,False,1.0,-8.117180809819597,-8.088953526688568,fail_ef_outside,0.00041107186549548734
JVASP-76930,Li2MgGa,71,3,20,24,0-1,1,2,0.023763566491131094,0.02822728313102907,0.1431048308584142,3.301823365335273,0.000556046472031114,0.8104093932672093,1.2339469574321558,0.8464487267460833,-7.989617342216604,0.0006608888493426716,0.4514791847708651,3.566716807064838,stiff,phys,1.5,1.010569762001704,stiff,adiab,0.5,0.2354033092662793,stiff,adiab,0.18,-2.2295,-8.117180809819597,-7.974075978961183,False,1.0,-7.997839545452317,-7.974075978961183,fail_ef_outside,0.00045062528402710735
JVASP-76930,Li2MgGa,71,3,20,24,1-2,1,2,0.023763566491131094,0.027844212681456426,3.353431144507863,0.09111398123625136,0.000556046472031114,0.8104093932672093,1.2339469574321558,0.8464487267460833,-7.989617342216604,0.010395691085830872,0.3172945902579906,0.10832592274464266,stiff,iso,0.04555699061812568,0.09207703433294627,stiff,iso,0.04555699061812568,0.05957925750955347,stiff,iso,0.04555699061812568,-2.2295,-7.997839545452317,-4.644408400944454,False,1.0,-7.997839545452317,-7.974075978961183,fail_ef_outside,0.00045062528402710735
JVASP-76930,Li2MgGa,71,3,20,24,1-2,2,2,0.027844212681456426,0.027844212681456426,3.353431144507863,0.09111398123625136,0.00998622364450888,0.4578346610531992,2.1842956782314498,0.5577756236092984,-4.659425687430791,0.010395691085830872,0.3172945902579906,1.9454612976399963,stiff,iso,0.04555699061812568,1.653642102993997,stiff,iso,0.04555699061812568,1.070003713701998,stiff,iso,0.04555699061812568,-2.2295,-7.997839545452317,-4.644408400944454,False,1.0,-4.67225261362591,-4.644408400944454,fail_ef_outside,0.004572039317485167
JVASP-76930,Li2MgGa,71,3,20,24,2-3,2,2,0.027844212681456426,0.03322359693571819,0.39251247350937035,1.140590096674881,0.00998622364450888,0.4578346610531992,2.1842956782314498,0.5577756236092984,-4.659425687430791,0.028010706812458805,0.34571002095631825,24.353824291782605,stiff,iso,0.5702950483374405,18.14915867528863,stiff,adiab,0.5,4.227686373773116,stiff,adiab,0.18,-2.2295,-4.67225261362591,-4.27974014011654,False,1.0,-4.67225261362591,-4.644408400944454,fail_ef_outside,0.004572039317485167
JVASP-76930,Li2MgGa,71,3,20,24,2-3,3,2,0.033223596935716415,0.03322359693571819,0.39251247350937035,1.140590096674881,0.018102232757621073,0.9248165093275876,1.0813782771746705,0.911395508746713,-4.295784695655396,0.028010706812458805,0.34571002095631825,44.14667761926898,stiff,iso,0.5702950483374405,32.89935278745002,stiff,adiab,0.5,7.663613943429534,stiff,adiab,0.18,-2.2295,-4.67225261362591,-4.27974014011654,False,1.0,-4.312963737052258,-4.27974014011654,fail_ef_outside,0.01674124370993863
JVASP-76930,Li2MgGa,71,3,20,24,4-5,4,2,0.2397541772546039,0.23975417725460701,0.2814930551168162,0.2505969309073275,0.5562609097644604,0.18019593076126114,5.778971581343499,0.27946065849921314,-3.0232852798547074,0.15312062666110898,0.15865415606562974,65.50274913656442,amp,iso,0.12529846545366374,65.50274913656442,amp,iso,0.12529846545366374,65.50274913656442,amp,iso,0.12529846545366374,-2.2295,-3.139150043441659,-2.857656988324843,False,1.0,-3.139150043441659,-2.899395866187052,fail_ef_outside,0.10023595238111284
JVASP-76930,Li2MgGa,71,3,20,24,4-5,5,2,0.17826618071643185,0.23975417725460701,0.2814930551168162,0.2505969309073275,0.5773447674366888,0.2507014171780163,4.521676379129118,0.34815500542638983,-2.962144666461723,0.15312062666110898,0.15865415606562974,91.13209143079682,amp,iso,0.12529846545366374,91.13209143079682,amp,iso,0.12529846545366374,91.13209143079682,amp,iso,0.12529846545366374,-2.2295,-3.139150043441659,-2.857656988324843,False,1.0,-3.035923169041274,-2.857656988324843,fail_ef_outside,0.14474115139669014
JVASP-77062,Li2InSb,71,3,20,24,0-1,0,2,0.017588843988516345,0.026185673421716515,0.8726908774495392,2.6994623208305883,0.006266181695951551,0.9677774197089014,1.0332954995327286,0.9336972515964044,-11.075978857633379,0.011485100588026426,0.4941299048584089,36.167337390442924,stiff,iso,1.3497311604152942,11.388281490225618,stiff,adiab,0.5,2.65279968831138,stiff,adiab,0.18,-2.7086,-11.083539205437651,-10.210848327988112,False,1.0,-11.083539205437651,-11.06595036144914,fail_ef_outside,0.00606426915313514
JVASP-77062,Li2InSb,71,3,20,24,0-1,1,2,0.026185673421702305,0.026185673421716515,0.8726908774495392,2.6994623208305883,0.0052194017778535665,0.9697709737879375,1.0311713641864235,0.9347121546477137,-10.224715940961865,0.011485100588026426,0.4941299048584089,30.125501339654594,stiff,iso,1.3497311604152942,9.485843140358254,stiff,adiab,0.5,2.209643460930511,stiff,adiab,0.18,-2.7086,-11.083539205437651,-10.210848327988112,False,1.0,-10.237034001409828,-10.210848327988112,fail_ef_outside,0.005061624344699546
JVASP-77062,Li2InSb,71,3,20,24,1-2,1,2,0.026185673421702305,0.026185673421716515,2.7376871276973223,0.18814856113770517,0.0052194017778535665,0.9697709737879375,1.0311713641864235,0.9347121546477137,-10.224715940961865,0.0451026722289122,0.4069936082638311,2.099703221219266,stiff,iso,0.09407428056885259,1.784747738036376,stiff,iso,0.09407428056885259,1.1548367716705963,stiff,iso,0.09407428056885259,-2.7086,-10.237034001409828,-7.499346873712506,False,1.0,-10.237034001409828,-10.210848327988112,fail_ef_outside,0.005061624344699546
JVASP-77062,Li2InSb,71,3,20,24,1-2,2,2,0.012039133445012062,0.026185673421716515,2.7376871276973223,0.18814856113770517,0.04002037058493275,0.657983592544025,1.5197957741285402,0.7403125475036202,-7.504156210527451,0.0451026722289122,0.4069936082638311,16.099718819908325,stiff,iso,0.09407428056885259,13.684760996922078,stiff,iso,0.09407428056885259,8.854845350949581,stiff,iso,0.09407428056885259,-2.7086,-10.237034001409828,-7.499346873712506,False,1.0,-7.511386007157523,-7.499346873712506,fail_ef_outside,0.026332747212417275
JVASP-77062,Li2InSb,71,3,20,24,2-3,2,2,0.012039133445012062,0.017308531826584428,0.217496226409307,2.6994623208305883,0.04002037058493275,0.657983592544025,1.5197957741285402,0.7403125475036202,-7.504156210527451,0.07029427932318741,0.4761469749312375,230.99078763882233,stiff,iso,1.3497311604152942,72.73380627612802,stiff,adiab,0.5,16.94269840314512,stiff,adiab,0.18,-2.7086,-7.511386007157523,-7.293889780748216,False,1.0,-7.511386007157523,-7.499346873712506,fail_ef_outside,0.026332747212417275
JVASP-77062,Li2InSb,71,3,20,24,2-3,3,2,0.0173085318265791,0.017308531826584428,0.217496226409307,2.6994623208305883,0.030290609726213967,0.6678090090240004,1.4974351646371888,0.7464206423764959,-7.3027189865863775,0.07029427932318741,0.4761469749312375,174.83225908339236,stiff,iso,1.3497311604152942,55.050748096813216,stiff,adiab,0.5,12.823586027257669,stiff,adiab,0.18,-2.7086,-7.511386007157523,-7.293889780748216,False,1.0,-7.311198312574801,-7.293889780748216,fail_ef_outside,0.020228342063995697
JVASP-77062,Li2InSb,71,3,20,24,3-4,3,2,0.0173085318265791,0.024617120125486558,3.0586264430130576,0.18814856113770517,0.030290609726213967,0.6678090090240004,1.4974351646371888,0.7464206423764959,-7.3027189865863775,0.1553878256165952,0.2693123766883472,12.185551816434902,stiff,iso,0.09407428056885259,10.357719043969668,stiff,iso,0.09407428056885259,6.702053499039199,stiff,iso,0.09407428056885259,-2.7086,-7.311198312574801,-4.252571869561743,False,1.0,-7.311198312574801,-7.293889780748216,fail_ef_outside,0.020228342063995697
JVASP-77062,Li2InSb,71,3,20,24,3-4,4,2,0.02461712012548567,0.024617120125486558,3.0586264430130576,0.18814856113770517,0.12869714260798615,0.4049654031374312,2.4697280677462503,0.550573105165366,-4.263612561087295,0.1553878256165952,0.2693123766883472,51.77332889801631,stiff,iso,0.09407428056885259,44.00732956331387,stiff,iso,0.09407428056885259,28.475330893908975,stiff,iso,0.09407428056885259,-2.7086,-7.311198312574801,-4.252571869561743,False,1.0,-4.27718898968723,-4.252571869561743,fail_ef_outside,0.052117890238878584
JVASP-77062,Li2InSb,71,3,20,24,4-5,4,2,0.02461712012548567,0.027141258723414996,0.30614966150401335,0.2665412451162186,0.12869714260798615,0.4049654031374312,2.4697280677462503,0.550573105165366,-4.263612561087295,0.21304799267479302,0.19310226162498204,73.34484762914983,stiff,iso,0.1332706225581093,62.34312048477736,stiff,iso,0.1332706225581093,40.33966619603241,stiff,iso,0.1332706225581093,-2.7086,-4.27718898968723,-3.9710393281832164,False,1.0,-4.27718898968723,-4.252571869561743,fail_ef_outside,0.052117890238878584
JVASP-77062,Li2InSb,71,3,20,24,4-5,5,2,0.02714125872340789,0.027141258723414996,0.30614966150401335,0.2665412451162186,0.08465810299289937,0.20577369542666038,4.86040760280778,0.25670552176725786,-3.9833035093434535,0.21304799267479302,0.19310226162498204,48.24688053487344,stiff,iso,0.1332706225581093,41.009848454642416,stiff,iso,0.1332706225581093,26.53578429418039,stiff,iso,0.1332706225581093,-2.7086,-4.27718898968723,-3.9710393281832164,False,1.0,-3.9981805869066314,-3.9710393281832164,fail_ef_outside,0.017420410700659722
JVASP-77062,Li2InSb,71,3,20,24,5-6,5,2,0.02714125872340789,0.03963734179262923,0.3333198456322628,0.06542983895927934,0.08465810299289937,0.20577369542666038,4.86040760280778,0.25670552176725786,-3.9833035093434535,0.1702722699794314,0.21467983358121848,11.843516459555525,stiff,iso,0.03271491947963967,10.066988990622194,stiff,iso,0.03271491947963967,6.5139340527555385,stiff,iso,0.03271491947963967,-2.7086,-3.9981805869066314,-3.6648607412743686,False,1.0,-3.9981805869066314,-3.9710393281832164,fail_ef_outside,0.017420410700659722
JVASP-77062,Li2InSb,71,3,20,24,5-6,6,2,0.039637341792628344,0.03963734179262923,0.3333198456322628,0.06542983895927934,0.09325524681877571,0.25966658583387897,3.8541089996644575,0.31827793235023993,-3.684219568122975,0.1702722699794314,0.21467983358121848,13.046241429845404,stiff,iso,0.03271491947963967,11.089305215368595,stiff,iso,0.03271491947963967,7.175432786414974,stiff,iso,0.03271491947963967,-2.7086,-3.9981805869066314,-3.6648607412743686,False,1.0,-3.704498083066998,-3.6648607412743686,fail_ef_outside,0.024215271552527194
JVASP-77062,Li2InSb,71,3,20,24,6-7,6,2,0.039637341792628344,0.03963734179262923,0.11763684219943737,0.2665412451162186,0.09325524681877571,0.25966658583387897,3.8541089996644575,0.31827793235023993,-3.684219568122975,0.10880455777388784,0.25495013761690105,53.146415918308264,stiff,iso,0.1332706225581093,45.174453530562026,stiff,iso,0.1332706225581093,29.230528755069553,stiff,iso,0.1332706225581093,-2.7086,-3.704498083066998,-3.5868612408675604,False,1.0,-3.704498083066998,-3.6648607412743686,fail_ef_outside,0.024215271552527194
JVASP-77062,Li2InSb,71,3,20,24,6-7,7,2,0.012569661447527913,0.03963734179262923,0.11763684219943737,0.2665412451162186,0.017223427466029624,0.3189916023846036,3.135077192324852,0.3603023979663626,-3.592839549306469,0.10880455777388784,0.25495013761690105,9.815677625380841,stiff,iso,0.1332706225581093,8.343325981573715,stiff,iso,0.1332706225581093,5.398622693959464,stiff,iso,0.1332706225581093,-2.7086,-3.704498083066998,-3.5868612408675604,False,1.0,-3.599430902315089,-3.5868612408675604,fail_ef_outside,0.0054941287259437825
JVASP-77062,Li2InSb,71,3,20,24,7-8,7,2,0.012569661447527913,0.13472716893071102,0.7121184159279719,0.06542983895927934,0.017223427466029624,0.3189916023846036,3.135077192324852,0.3603023979663626,-3.592839549306469,0.3310162523384915,0.13343391544475233,2.4095265482264785,stiff,iso,0.03271491947963967,2.048097565992507,stiff,iso,0.03271491947963967,1.3252396015245633,stiff,iso,0.03271491947963967,-2.7086,-3.599430902315089,-2.8873124863871173,False,1.0,-3.599430902315089,-3.5868612408675604,fail_ef_outside,0.0054941287259437825
JVASP-77062,Li2InSb,71,3,20,24,7-8,8,2,0.13472716893071013,0.13472716893071102,0.7121184159279719,0.06542983895927934,0.31457660082809813,0.202471388335825,4.942856675135473,0.3284456894352945,-2.9512495150430103,0.3310162523384915,0.13343391544475233,19.21667798016017,amp,iso,0.03271491947963967,19.21667798016017,amp,iso,0.03271491947963967,19.21667798016017,amp,iso,0.03271491947963967,-2.7086,-3.599430902315089,-2.8873124863871173,False,1.0,-3.0220396553178284,-2.8873124863871173,fail_ef_outside,0.06369276110762967
JVASP-77062,Li2InSb,71,3,20,24,8-9,8,2,0.13472716893071013,0.13472716893071102,0.2671470197522865,0.16200968746722433,0.31457660082809813,0.202471388335825,4.942856675135473,0.3284456894352945,-2.9512495150430103,0.6141111905520298,0.1412843163117517,47.58208247557532,amp,iso,0.08100484373361216,47.58208247557532,amp,iso,0.08100484373361216,47.58208247557532,amp,iso,0.08100484373361216,-2.7086,-3.0220396553178284,-2.754892635565542,False,1.0,-3.0220396553178284,-2.8873124863871173,fail_ef_outside,0.06369276110762967
JVASP-77062,Li2InSb,71,3,20,24,8-9,9,2,0.021955894584088753,0.13472716893071102,0.2671470197522865,0.16200968746722433,0.30061712596032175,0.13273861389157166,7.587697805327332,0.1777782337583857,-2.764390473420269,0.6141111905520298,0.1412843163117517,31.19443060965454,amp,iso,0.08100484373361216,31.19443060965454,amp,iso,0.08100484373361216,31.19443060965454,amp,iso,0.08100484373361216,-2.7086,-3.0220396553178284,-2.754892635565542,False,1.0,-2.776848530149631,-2.754892635565542,fail_ef_outside,0.039903500612041114
JVASP-77062,Li2InSb,71,3,20,24,10-11,10,2,0.07886733607420648,0.07886733607420471,0.17840165990237322,0.16200968746722433,0.15626913597207437,0.2719658754583421,3.7459895764067612,0.3383318841466594,-2.556265053106711,0.19687256171228662,0.2815225946943719,54.13155202114293,stiff,iso,0.08100484373361216,46.011819217971485,stiff,iso,0.08100484373361216,29.772353611628617,stiff,iso,0.08100484373361216,-2.7086,-2.5928829480983175,-2.4144812881959443,False,0.0,-2.5928829480983175,-2.514015612024113,fail_ef_outside,0.042499872371763905
JVASP-77062,Li2InSb,71,3,20,24,10-11,11,2,0.07147398821165618,0.07886733607420471,0.17840165990237322,0.16200968746722433,0.04743730368156878,0.30240658805134285,3.3223586306263,0.37197162487003216,-2.449477939864345,0.19687256171228662,0.2815225946943719,16.432258718320917,stiff,iso,0.08100484373361216,13.967419910572776,stiff,iso,0.08100484373361216,9.037742295076505,stiff,iso,0.08100484373361216,-2.7086,-2.5928829480983175,-2.4144812881959443,False,0.0,-2.485955276407602,-2.4144812881959443,fail_ef_outside,0.01434535315269862
JVASP-79710,Na2HgBi,12,3,42,24,0-1,0,2,0.0046095761609468155,0.004609576160948592,0.5294911938815954,0.940228387958042,0.003964173633765227,0.9406274655460192,1.063120158742973,0.9457679960955534,-12.456284118284431,0.008470583715541527,0.49398380701714195,7.9693391994512455,stiff,iso,0.470114193979021,6.773938319533558,stiff,iso,0.470114193979021,1.6782402889560089,stiff,adiab,0.18,-2.6054,-12.45819273961303,-11.928701545731435,False,1.0,-12.45819273961303,-12.453583163452082,fail_ef_outside,0.0037288105981129385
JVASP-79710,Na2HgBi,12,3,42,24,0-1,1,2,0.0040072395048103004,0.004609576160948592,0.5294911938815954,0.940228387958042,0.004507055983417179,0.9458106206272696,1.0572941311803135,0.9484453123276723,-11.931302510244901,0.008470583715541527,0.49398380701714195,9.06071762771202,stiff,iso,0.470114193979021,7.701609983555217,stiff,iso,0.470114193979021,1.9080705425021043,stiff,adiab,0.18,-2.6054,-12.45819273961303,-11.928701545731435,False,1.0,-11.932708785236233,-11.928701545731435,fail_ef_outside,0.00426282141687765
JVASP-79710,Na2HgBi,12,3,42,24,12-13,12,2,0.004055606014249591,0.004761197509961512,0.17785475765532244,1.9991657324024903,0.03335002315272354,0.4647175975386828,2.1518455857849474,0.6286662953249139,-7.084244114320082,0.058746396144164804,0.3350861315229679,142.5545956718262,stiff,iso,0.9995828662012451,60.61098605138403,stiff,adiab,0.5,14.118794397851811,stiff,adiab,0.18,-2.6054,-7.08622847594129,-6.908373718285968,False,1.0,-7.08622847594129,-7.082172869927047,fail_ef_outside,0.015498342637393131
JVASP-79710,Na2HgBi,12,3,42,24,12-13,13,2,0.004761197509959736,0.004761197509961512,0.17785475765532244,1.9991657324024903,0.02541216117556813,0.42887380953841775,2.331689098143208,0.5957253775301073,-6.910887012697925,0.058746396144164804,0.3350861315229679,108.62422328587056,stiff,iso,0.9995828662012451,46.184560037467236,stiff,adiab,0.5,10.758285749904134,stiff,adiab,0.18,-2.6054,-7.08622847594129,-6.908373718285968,False,1.0,-6.913134915795929,-6.908373718285968,fail_ef_outside,0.01089861037197018
JVASP-79710,Na2HgBi,12,3,42,24,13-14,13,2,0.004761197509959736,0.04782410163021389,2.522308630690355,0.13380551590447265,0.02541216117556813,0.42887380953841775,2.331689098143208,0.5957253775301073,-6.910887012697925,0.16171872334144982,0.1799533667242434,7.270292803099287,stiff,iso,0.06690275795223632,6.179748882634395,stiff,iso,0.06690275795223632,3.998661041704609,stiff,iso,0.06690275795223632,-2.6054,-6.913134915795929,-4.390826285105574,False,1.0,-6.913134915795929,-6.908373718285968,fail_ef_outside,0.01089861037197018
JVASP-79710,Na2HgBi,12,3,42,24,13-14,14,2,0.047824101630211224,0.04782410163021389,2.522308630690355,0.13380551590447265,0.13746603761407092,0.28989301722531896,3.450355589884475,0.4643279889353412,-4.414566361672358,0.16171872334144982,0.1799533667242434,39.32834901492049,stiff,iso,0.06690275795223632,33.42909666268242,stiff,iso,0.06690275795223632,21.630591958206274,stiff,iso,0.06690275795223632,-2.6054,-6.913134915795929,-4.390826285105574,False,1.0,-4.438650386735788,-4.390826285105574,fail_ef_outside,0.0398504444099522
JVASP-79710,Na2HgBi,12,3,42,24,14-15,14,2,0.047824101630211224,0.04782410163021389,0.2272589172531072,0.9242072483543962,0.13746603761407092,0.28989301722531896,3.450355589884475,0.4643279889353412,-4.414566361672358,0.2598299265669217,0.14547949097865231,271.64459536444286,stiff,iso,0.4621036241771981,230.8979060597764,stiff,iso,0.4621036241771981,58.19650297909704,stiff,adiab,0.18,-2.6054,-4.438650386735788,-4.211391469482681,False,1.0,-4.438650386735788,-4.390826285105574,fail_ef_outside,0.0398504444099522
JVASP-79710,Na2HgBi,12,3,42,24,14-15,15,2,0.04562929971841623,0.04782410163021389,0.2272589172531072,0.9242072483543962,0.12474484104391223,0.2141109947440793,4.673643859946847,0.31392426500325643,-4.234489951202289,0.2598299265669217,0.14547949097865231,246.50642774988017,stiff,iso,0.4621036241771981,209.53046358739815,stiff,iso,0.4621036241771981,52.810960724861445,stiff,adiab,0.18,-2.6054,-4.438650386735788,-4.211391469482681,False,1.0,-4.257020769201102,-4.211391469482681,fail_ef_outside,0.0267092420051041
JVASP-79710,Na2HgBi,12,3,42,24,15-16,15,2,0.04562929971841623,0.10919932237464947,1.0790358704474663,0.09069864337547928,0.12474484104391223,0.2141109947440793,4.673643859946847,0.31392426500325643,-4.234489951202289,0.32310252780271465,0.18143449462543534,24.191325722730554,stiff,iso,0.04534932168773964,20.562626864320972,stiff,iso,0.04534932168773964,13.305229147501809,stiff,iso,0.04534932168773964,-2.6054,-4.257020769201102,-3.1779848987536354,False,1.0,-4.257020769201102,-4.211391469482681,fail_ef_outside,0.0267092420051041
JVASP-79710,Na2HgBi,12,3,42,24,15-16,16,2,0.10919932237464725,0.10919932237464947,1.0790358704474663,0.09069864337547928,0.20364382042921875,0.17777977360234481,5.633701944731448,0.22904904990867156,-3.2357446414241235,0.32310252780271465,0.18143449462543534,23.389553986359584,amp,iso,0.04534932168773964,23.389553986359584,amp,iso,0.04534932168773964,21.7205591238011,stiff,iso,0.04534932168773964,-2.6054,-4.257020769201102,-3.1779848987536354,False,1.0,-3.287184221128285,-3.1779848987536354,fail_ef_outside,0.03620375229142307
JVASP-79710,Na2HgBi,12,3,42,24,16-17,16,2,0.10919932237464725,0.10919932237464947,0.3060547683104984,0.2385834651361809,0.20364382042921875,0.17777977360234481,5.633701944731448,0.22904904990867156,-3.2357446414241235,0.42761713498628984,0.14328303927547395,61.526398084627964,amp,iso,0.11929173256809045,61.526398084627964,amp,iso,0.11929173256809045,57.136094516853305,stiff,iso,0.11929173256809045,-2.6054,-3.287184221128285,-2.9811294528177865,False,1.0,-3.287184221128285,-3.1779848987536354,fail_ef_outside,0.03620375229142307
JVASP-79710,Na2HgBi,12,3,42,24,16-17,17,2,0.10615680256037141,0.10919932237464947,0.3060547683104984,0.2385834651361809,0.22443468377904652,0.17909521709105095,5.620228034889852,0.30039648721576917,-3.041886999184942,0.42761713498628984,0.14328303927547395,61.981649534801356,amp,iso,0.11929173256809045,61.981649534801356,amp,iso,0.11929173256809045,61.981649534801356,amp,iso,0.11929173256809045,-2.6054,-3.287184221128285,-2.9811294528177865,False,1.0,-3.087286255378156,-2.9811294528177865,fail_ef_outside,0.040195178414169704
JVASP-79710,Na2HgBi,12,3,42,24,17-18,17,2,0.10615680256037141,0.10615680256036963,0.4359206507998721,0.09069864337547928,0.22443468377904652,0.17909521709105095,5.620228034889852,0.30039648721576917,-3.041886999184942,0.6022882280576547,0.09668810522481892,23.562619998716638,amp,iso,0.04534932168773964,23.562619998716638,amp,iso,0.04534932168773964,23.562619998716638,amp,iso,0.04534932168773964,-2.6054,-3.087286255378156,-2.651365604578284,False,1.0,-3.087286255378156,-2.9811294528177865,fail_ef_outside,0.040195178414169704
JVASP-79710,Na2HgBi,12,3,42,24,17-18,18,2,0.09118038310331977,0.10615680256036963,0.4359206507998721,0.09069864337547928,0.474721890941082,0.08045581713260373,12.439665128139524,0.13958675716578475,-2.683327754507653,0.6022882280576547,0.09668810522481892,10.585150606327971,amp,iso,0.04534932168773964,10.585150606327971,amp,iso,0.04534932168773964,10.585150606327971,amp,iso,0.04534932168773964,-2.6054,-3.087286255378156,-2.651365604578284,False,1.0,-2.7425459876816056,-2.651365604578284,fail_ef_outside,0.03819413764639955
JVASP-79710,Na2HgBi,12,3,42,24,22-23,22,2,0.08583889915041443,0.0858388991504182,0.21535975085431014,0.09621572158146185,0.41364323716478835,0.1541172270381745,6.490417271008183,0.2790344471445346,-1.462591846080586,0.7347065363867994,0.11470642851508966,21.509782947692347,amp,iso,0.04810786079073093,21.509782947692347,amp,iso,0.04810786079073093,21.509782947692347,amp,iso,0.04810786079073093,-2.6054,-1.4928604249659145,-1.2775006741116044,False,0.0,-1.4928604249659145,-1.4070215258154963,fail_ef_outside,0.06374954869493114
JVASP-79710,Na2HgBi,12,3,42,24,22-23,23,2,0.07247491412479867,0.0858388991504182,0.21535975085431014,0.09621572158146185,0.32513358119153246,0.14725365572629284,6.792171641222457,0.2650822535536931,-1.324353225350724,0.7347065363867994,0.11470642851508966,20.5518502622826,amp,iso,0.04810786079073093,20.5518502622826,amp,iso,0.04810786079073093,20.5518502622826,amp,iso,0.04810786079073093,-2.6054,-1.4928604249659145,-1.2775006741116044,False,0.0,-1.3499755882364055,-1.2775006741116044,fail_ef_outside,0.0478771084298346
JVASP-80997,ZnNiPd2,71,3,54,20,0-1,0,2,0.01607497661481716,0.0160749766148367,0.02729249629086894,0.1867620652713562,0.0014659823018496978,0.2809737123290357,3.5591525056357636,0.40529505433578894,-10.566947539002504,0.002071528275230643,0.15391599159311625,0.5854012953246623,stiff,iso,0.0933810326356781,0.49759110102596305,stiff,iso,0.0933810326356781,0.32197071242856434,stiff,iso,0.0933810326356781,-3.8708,-10.574947245614405,-10.547654749323536,False,1.0,-10.574947245614405,-10.558872268999568,fail_ef_outside,0.00041190248955937455
JVASP-80997,ZnNiPd2,71,3,54,20,0-1,1,2,0.01241344234271935,0.0160749766148367,0.02729249629086894,0.1867620652713562,0.0006617596549482718,0.25969693498960306,3.8506817670961317,0.3897777017894216,-10.554132288862078,0.002071528275230643,0.15391599159311625,0.26425623195554665,stiff,iso,0.0933810326356781,0.2246177971622146,stiff,iso,0.0933810326356781,0.14534092757555067,stiff,iso,0.0933810326356781,-3.8708,-10.574947245614405,-10.547654749323536,False,1.0,-10.560068191666225,-10.547654749323536,fail_ef_outside,0.0001718569540898435
JVASP-80997,ZnNiPd2,71,3,54,20,2-3,2,2,0.0016718985953634302,0.0016718985953563248,0.003243743830491752,0.15813903736518498,0.003544538977642596,0.15640966844630233,6.39383796301401,0.20341780081437058,-10.360293182505199,9.054880092747026e-05,0.11110187690439995,1.1984919772059455,stiff,iso,0.07906951868259249,1.0187181806250538,stiff,iso,0.07906951868259249,0.6591705874632701,stiff,iso,0.07906951868259249,-3.8708,-10.36089268405218,-10.357648940221688,False,1.0,-10.36089268405218,-10.359220785456824,fail_ef_outside,0.0005544001662880738
JVASP-80997,ZnNiPd2,71,3,54,20,2-3,3,2,0.0015330402113136188,0.0016718985953563248,0.003243743830491752,0.15813903736518498,0.0035493781480665054,0.15783912198158215,6.3360365957751466,0.21577884736956227,-10.358549659242549,9.054880092747026e-05,0.11110187690439995,1.2001282145180387,stiff,iso,0.07906951868259249,1.0201089823403329,stiff,iso,0.07906951868259249,0.6600705179849212,stiff,iso,0.07906951868259249,-3.8708,-10.36089268405218,-10.357648940221688,False,1.0,-10.359181980433013,-10.357648940221688,fail_ef_outside,0.0005602307304714313
JVASP-80997,ZnNiPd2,71,3,54,20,4-5,4,2,0.011165131404485606,0.011165131404478501,0.03716229243938862,0.12664303455481374,0.0005833911830350517,0.1253661960548814,7.976636890467863,0.1682840686011212,-10.195167874408833,0.0015538187204299648,0.10653546132564971,0.15797103131863877,stiff,iso,0.06332151727740687,0.13427537662084293,stiff,iso,0.06332151727740687,0.08688406722525133,stiff,iso,0.06332151727740687,-3.8708,-10.199509902856503,-10.162347610417115,False,1.0,-10.199509902856503,-10.188344771452025,fail_ef_outside,7.313753342906149e-05
JVASP-80997,ZnNiPd2,71,3,54,20,4-5,5,2,0.007373603408016294,0.011165131404478501,0.03716229243938862,0.12664303455481374,0.0011962359882708312,0.1298296049517509,7.702479499859415,0.1622668036658692,-10.166456019045954,0.0015538187204299648,0.10653546132564971,0.3239175329742006,stiff,iso,0.06332151727740687,0.2753299030280705,stiff,iso,0.06332151727740687,0.17815464313581036,stiff,iso,0.06332151727740687,-3.8708,-10.199509902856503,-10.162347610417115,False,1.0,-10.169721213825133,-10.162347610417115,fail_ef_outside,0.00015530684578626933
JVASP-81240,Li2MgGa,71,3,20,24,0-1,0,2,0.028244078314999754,0.02824407831499265,0.14312941148436398,3.301422148454823,0.00043436161062188484,0.9686167501108207,1.0324016125812092,0.934142435808665,-8.106910502619925,0.0006968453966268014,0.46811795054287797,2.786178736625705,stiff,phys,1.5,0.7894173087106163,stiff,adiab,0.5,0.18388779661729657,stiff,adiab,0.18,-2.2295,-8.117205082968056,-7.974075671483692,False,1.0,-8.117205082968056,-8.088961004653063,fail_ef_outside,0.0004207299316534718
JVASP-81240,Li2MgGa,71,3,20,24,0-1,1,2,0.02376997280394022,0.02824407831499265,0.14312941148436398,3.301422148454823,0.0005920475963605194,0.876005355227531,1.1415480864632894,0.8847871931859665,-7.989615693995141,0.0006968453966268014,0.46811795054287797,3.79764321641671,stiff,phys,1.5,1.0759989113180677,stiff,adiab,0.5,0.25064445228350285,stiff,adiab,0.18,-2.2295,-8.117205082968056,-7.974075671483692,False,1.0,-7.997845644287633,-7.974075671483692,fail_ef_outside,0.0005186368649614027
JVASP-81240,Li2MgGa,71,3,20,24,1-2,1,2,0.02376997280394022,0.03072694632912487,3.355919067587889,0.09111536036543022,0.0005920475963605194,0.876005355227531,1.1415480864632894,0.8847871931859665,-7.989615693995141,0.012712699885421654,0.3541522876463677,0.11534121006771335,stiff,iso,0.04555768018271511,0.09804002855755632,stiff,iso,0.04555768018271511,0.06343766553724234,stiff,iso,0.04555768018271511,-2.2295,-7.997845644287633,-4.641926576699744,False,1.0,-7.997845644287633,-7.974075671483692,fail_ef_outside,0.0005186368649614027
JVASP-81240,Li2MgGa,71,3,20,24,1-2,2,2,0.03072694632912576,0.03072694632912487,3.355919067587889,0.09111536036543022,0.01225187925967073,0.539581849021144,1.853408395573384,0.6489828512718356,-4.65942401627346,0.012712699885421654,0.3541522876463677,2.386880021303938,stiff,iso,0.04555768018271511,2.0288480181083473,stiff,iso,0.04555768018271511,1.312784011717166,stiff,iso,0.04555768018271511,-2.2295,-7.997845644287633,-4.641926576699744,False,1.0,-4.672653523028869,-4.641926576699744,fail_ef_outside,0.006610891664916937
JVASP-81240,Li2MgGa,71,3,20,24,2-3,2,2,0.03072694632912576,0.03321725586787494,0.3929203154725407,1.1402119255820944,0.01225187925967073,0.539581849021144,1.853408395573384,0.6489828512718356,-4.65942401627346,0.03042829711720056,0.36630761358825253,29.86926742438663,stiff,iso,0.5701059627910472,22.266805618409272,stiff,adiab,0.5,5.186855896994161,stiff,adiab,0.18,-2.2295,-4.672653523028869,-4.279733207556328,False,1.0,-4.672653523028869,-4.641926576699744,fail_ef_outside,0.006610891664916937
JVASP-81240,Li2MgGa,71,3,20,24,2-3,3,2,0.03321725586787938,0.03321725586787494,0.3929203154725407,1.1402119255820944,0.018263421569714985,0.9254971353729604,1.0805853247249995,0.9117375851054806,-4.295783984393459,0.03042829711720056,0.36630761358825253,44.52500807331567,stiff,iso,0.5701059627910472,33.192300495363845,stiff,adiab,0.5,7.731853527155343,stiff,adiab,0.18,-2.2295,-4.672653523028869,-4.279733207556328,False,1.0,-4.312950463424203,-4.279733207556328,fail_ef_outside,0.016902744344879955
JVASP-81240,Li2MgGa,71,3,20,24,4-5,4,2,0.240120165915521,0.24012016591552054,0.2819950159548359,0.25055771830450047,0.5566384966074329,0.18128472944769577,5.750545212462241,0.2788892196615652,-3.023281315739115,0.15357455788787147,0.15859168041174124,65.88822510221203,amp,iso,0.12527885915225023,65.88822510221203,amp,iso,0.12527885915225023,65.88822510221203,amp,iso,0.12527885915225023,-2.2295,-3.1395212819742335,-2.8575262660193976,False,1.0,-3.1395212819742335,-2.899401116058713,fail_ef_outside,0.1009100592576506
JVASP-81240,Li2MgGa,71,3,20,24,4-5,5,2,0.1783968438154404,0.24012016591552054,0.2819950159548359,0.25055771830450047,0.5773445094437268,0.2501105148887003,4.533040834891034,0.34684563837071575,-2.9621429396881265,0.15357455788787147,0.15859168041174124,90.9030669909318,amp,iso,0.12527885915225023,90.9030669909318,amp,iso,0.12527885915225023,90.9030669909318,amp,iso,0.12527885915225023,-2.2295,-3.1395212819742335,-2.8575262660193976,False,1.0,-3.03592310983484,-2.8575262660193976,fail_ef_outside,0.1443999325251346
JVASP-81597,LiPbAu2,71,3,34,24,0-1,0,2,0.04205600917743979,0.042907949975198534,0.05661061651330357,3.81508969635295,0.04443007337548818,0.42146045899200124,2.37644890221623,0.5468159486399381,-11.639674095725942,0.0610367844773015,0.3692864934679571,284.99324682094266,stiff,phys,1.5,80.7480865992671,stiff,adiab,0.5,18.80955429018222,stiff,adiab,0.18,-3.5691,-11.662441872939691,-11.605831256426388,False,1.0,-11.662441872939691,-11.620385863762253,fail_ef_outside,0.018725519117881544
JVASP-81597,LiPbAu2,71,3,34,24,0-1,1,2,0.04290794997520564,0.042907949975198534,0.05661061651330357,3.81508969635295,0.045259227567874,0.3678622828433781,2.71897616479671,0.4612641014415053,-11.626054996195409,0.0610367844773015,0.3692864934679571,290.3117918390024,stiff,phys,1.5,82.25500768771734,stiff,adiab,0.5,19.160578261374162,stiff,adiab,0.18,-3.5691,-11.662441872939691,-11.605831256426388,False,1.0,-11.648739206401586,-11.605831256426388,fail_ef_outside,0.016649162772846077
JVASP-81597,LiPbAu2,71,3,34,24,2-3,2,2,0.023394761485276305,0.0233947614852692,0.03775639275979614,0.7733377521782803,0.46035603765481203,0.07695936912855923,12.994429505961365,0.12968113907432424,-7.7788702085163,0.8939840490480098,0.05228740176523104,86.33154458319098,amp,iso,0.38666887608914013,86.33154458319098,amp,iso,0.38666887608914013,40.18859283981253,amp,adiab,0.18,-3.5691,-7.790741560073438,-7.752985167313642,False,1.0,-7.790741560073438,-7.767346798588169,fail_ef_outside,0.03542871023243759
JVASP-81597,LiPbAu2,71,3,34,24,2-3,3,2,0.02247818486821007,0.0233947614852692,0.03775639275979614,0.7733377521782803,0.45866454001914236,0.08499204531614982,11.76625612130484,0.1570255059538165,-7.764276398180056,0.8939840490480098,0.05228740176523104,95.34244670289104,amp,iso,0.38666887608914013,95.34244670289104,amp,iso,0.38666887608914013,44.383299168263164,amp,adiab,0.18,-3.5691,-7.790741560073438,-7.752985167313642,False,1.0,-7.775463352181844,-7.752985167313642,fail_ef_outside,0.03898283737021796
JVASP-81597,LiPbAu2,71,3,34,24,8-9,8,2,0.0011150381051372449,0.0016852762971710789,0.0019920539828346406,0.062369257738549955,0.5379096586122907,0.07331520737362371,13.643782483949643,0.07126728301164648,-6.79919914994697,0.9780831062320836,0.05525349476591969,6.632899900259907,amp,iso,0.031184628869274977,6.632899900259907,amp,iso,0.031184628869274977,6.632899900259907,amp,iso,0.031184628869274977,-3.5691,-6.799807753276859,-6.797815699294024,False,1.0,-6.799807753276859,-6.7986927151717245,fail_ef_outside,0.039436958169435224
JVASP-81597,LiPbAu2,71,3,34,24,8-9,9,2,0.0016852762971790725,0.0016852762971710789,0.0019920539828346406,0.062369257738549955,0.5378642880286943,0.07611516603304819,13.140703091214244,0.06663316740543682,-6.798611769736372,0.9780831062320836,0.05525349476591969,6.886214951504104,amp,iso,0.031184628869274977,6.886214951504104,amp,iso,0.031184628869274977,6.886214951504104,amp,iso,0.031184628869274977,-3.5691,-6.799807753276859,-6.797815699294024,False,1.0,-6.7995009755911955,-6.797815699294024,fail_ef_outside,0.04093962958655132
JVASP-81597,LiPbAu2,71,3,34,24,10-11,10,2,0.007240320538984157,0.011655317037567947,0.10276441456199326,0.07197913449466142,0.46386606842374,0.06760152156903382,14.792825638274316,0.08520310651998916,-6.721693244445383,0.9319842555262146,0.039555738797940346,7.0583289038637975,amp,iso,0.03598956724733071,7.0583289038637975,amp,iso,0.03598956724733071,7.0583289038637975,amp,iso,0.03598956724733071,-3.5691,-6.725836564799363,-6.62307215023737,False,1.0,-6.725836564799363,-6.718596244260378,fail_ef_outside,0.03135805202969038
JVASP-81597,LiPbAu2,71,3,34,24,10-11,11,2,0.0116553170375715,0.011655317037567947,0.10276441456199326,0.07197913449466142,0.46839172194964923,0.07057749227556903,14.169002400651943,0.0884731708007076,-6.6278975317287845,0.9319842555262146,0.039555738797940346,7.369052384156161,amp,iso,0.03598956724733071,7.369052384156161,amp,iso,0.03598956724733071,7.369052384156161,amp,iso,0.03598956724733071,-3.5691,-6.725836564799363,-6.62307215023737,False,1.0,-6.634727467274938,-6.62307215023737,fail_ef_outside,0.03305791313784184
JVASP-81597,LiPbAu2,71,3,34,24,24-25,24,2,0.24024356882189313,0.2416416484602273,0.26445198655667745,0.3896800149786017,0.547242972482492,0.3284624470137675,3.049202272880847,0.3761113503141464,-4.673899952609293,1.053096409134458,0.19314896824907551,185.66611826243874,amp,iso,0.19484000748930086,185.66611826243874,amp,iso,0.19484000748930086,171.5248409086319,amp,adiab,0.18,-3.5691,-4.792556179482907,-4.52810419292623,False,1.0,-4.792556179482907,-4.552312610661012,fail_ef_outside,0.17974876585268715
JVASP-81597,LiPbAu2,71,3,34,24,24-25,25,2,0.2416416484602264,0.2416416484602273,0.26445198655667745,0.3896800149786017,0.5396623862333458,0.3372454329079071,2.969497993349752,0.3787951869715694,-4.650255643847511,1.053096409134458,0.19314896824907551,190.63077377342415,amp,iso,0.19484000748930086,190.63077377342415,amp,iso,0.19484000748930086,176.11136296584564,amp,adiab,0.18,-3.5691,-4.792556179482907,-4.52810419292623,False,1.0,-4.769745841386457,-4.52810419292623,fail_ef_outside,0.1819986750693789
JVASP-81597,LiPbAu2,71,3,34,24,26-27,26,2,0.01386895029081936,0.03224935597779455,0.5828901378153173,0.3966960440219176,0.15460390374274016,0.2479669603632252,4.035101656944367,0.3493018012720726,-3.619606365726048,0.3257464405937724,0.1352300860165241,131.1337887527172,stiff,iso,0.1983480220109588,111.46372043980962,stiff,iso,0.1983480220109588,65.45185051455532,stiff,adiab,0.18,-3.5691,-3.6282930614239626,-3.0454029236086453,True,1.0,-3.6282930614239626,-3.614424111133145,fail_filling,0.038336660071375935
JVASP-81597,LiPbAu2,71,3,34,24,26-27,27,2,0.03224935597779499,0.03224935597779455,0.5828901378153173,0.3966960440219176,0.17115755374353178,0.2298332536780741,4.374566981161896,0.32974017717465304,-3.0560859007603707,0.3257464405937724,0.1352300860165241,132.25421901114305,amp,iso,0.1983480220109588,123.3982924090723,stiff,iso,0.1983480220109588,72.45986906449417,stiff,adiab,0.18,-3.5691,-3.6282930614239626,-3.0454029236086453,True,0.0,-3.07765227958644,-3.0454029236086453,fail_filling,0.039337697468455744
JVASP-81634,Si2TcIr,71,3,40,24,0-1,0,2,0.44189558041333044,0.44189558041333754,0.5485253019671834,0.34964727022785347,0.0691658437311555,0.17594130013695639,5.689145315733961,0.24518095227672324,-11.170175490765457,0.10138682578840741,0.08623864927642745,51.70804344257119,stiff,iso,0.17482363511392673,43.951836926185514,stiff,iso,0.17482363511392673,28.43942389341416,stiff,iso,0.17482363511392673,-3.357,-11.359838273035074,-10.81131297106789,False,1.0,-11.359838273035074,-10.917942692621736,fail_ef_outside,0.012169128471129054
JVASP-81634,Si2TcIr,71,3,40,24,0-1,1,2,0.3060829590315315,0.44189558041333754,0.5485253019671834,0.34964727022785347,0.03569228794638123,0.16328193936897184,6.125114455614957,0.24167540799136636,-10.97831022814405,0.10138682578840741,0.08623864927642745,26.683378328614342,stiff,iso,0.17482363511392673,22.68087157932219,stiff,iso,0.17482363511392673,14.675858080737889,stiff,iso,0.17482363511392673,-3.357,-11.359838273035074,-10.81131297106789,False,1.0,-11.117395930099432,-10.81131297106789,fail_ef_outside,0.005827905996400905
