jid,formula,band,rank,d_near,d_intra,M_single,M_manifold,Tc_single,Tc_manifold,treatment,M_applied,Tc
JVASP-12648,MnSnB2O6,37,2,0.04171438648527204,0.04171438648527204,0.3195509112781975,0.2595843296732563,15.331901539631586,29.060895495217853,single,0.3195509112781975,15.331901539631586
JVASP-12648,MnSnB2O6,38,2,0.04171438648527204,0.04171438648527204,0.3336258511127329,0.2595843296732563,17.85688412840878,29.060895495217853,single,0.3336258511127329,17.85688412840878
JVASP-12648,MnSnB2O6,39,2,0.0043815601620691425,0.0043815601620691425,0.5838917068508473,0.3132622528047093,1.8329950431205009,40.600173680718136,single,0.5838917068508473,1.8329950431205009
JVASP-12648,MnSnB2O6,40,2,0.0043815601620691425,0.0043815601620691425,0.5612144474573116,0.3132622528047093,3.2621761843814086,40.600173680718136,single,0.5612144474573116,3.2621761843814086
JVASP-13546,VBr2,19,2,0.01031356843106912,0.01031356843106912,1.6186529716840694,0.3632700229705813,2.8830000892757406,34.6614167697633,single,1.6186529716840694,2.8830000892757406
JVASP-13546,VBr2,20,2,0.01031356843106912,0.01031356843106912,1.5963943939844474,0.3632700229705813,2.6389936128621483,34.6614167697633,single,1.5963943939844474,2.6389936128621483
JVASP-13576,FeBr2,24,2,0.010483561961281307,0.010483561961281307,1.75031677242796,0.4054515676766708,2.7349053535154453,154.9719288489835,either,0.4054515676766708,2.7349053535154453
JVASP-13576,FeBr2,25,2,0.010483561961281307,0.010483561961281307,1.705407445531602,0.4054515676766708,2.473173269023715,154.9719288489835,either,0.4054515676766708,2.473173269023715
JVASP-13600,ZrFeCl6,0,2,0.19209654275641874,0.19209654275641874,0.5027700174311215,1.0183023096698982,21.85389545777134,6.640156884181457,single,0.5027700174311215,21.85389545777134
JVASP-13600,ZrFeCl6,1,2,0.19209654275641874,0.19209654275641874,0.515769719936971,1.0183023096698982,20.18386570936602,6.640156884181457,single,0.515769719936971,20.18386570936602
JVASP-13600,ZrFeCl6,39,2,0.001129336142358106,0.001129336142358106,1.6275348670941778,0.7220552573379065,0.13805276986025927,99.72970110872372,either,0.7220552573379065,0.13805276986025927
JVASP-13600,ZrFeCl6,40,2,0.001129336142358106,0.001129336142358106,1.5934662168833995,0.7220552573379065,0.13114153905650658,99.72970110872372,either,0.7220552573379065,0.13114153905650658
JVASP-13600,ZrFeCl6,41,2,0.02758632125569971,0.02758632125569971,0.4925888058101876,0.22204068080384112,7.85095266145151,35.158049000037835,single,0.4925888058101876,7.85095266145151
JVASP-13600,ZrFeCl6,42,2,0.02758632125569971,0.02758632125569971,0.4889050657894357,0.22204068080384112,8.321667313004951,35.158049000037835,single,0.4889050657894357,8.321667313004951
JVASP-13600,ZrFeCl6,50,2,0.002080588145705775,0.002080588145705775,0.945055460688755,0.8711917955933329,0.2521720598530277,7.189923497551318,single,0.945055460688755,0.2521720598530277
JVASP-13600,ZrFeCl6,51,2,0.002080588145705775,0.002080588145705775,0.9388249463936498,0.8711917955933329,0.3088376414809169,7.189923497551318,single,0.9388249463936498,0.3088376414809169
JVASP-13611,PI2,0,2,3.852821648564486e-05,3.852821648564486e-05,7.7235360183209405,0.465496674220447,0.00304509473077222,55.33890654709578,either,0.465496674220447,0.00304509473077222
JVASP-13611,PI2,1,2,3.852821648564486e-05,3.852821648564486e-05,7.723456975626675,0.465496674220447,0.0030453646599057946,55.33890654709578,either,0.465496674220447,0.0030453646599057946
JVASP-13611,PI2,2,2,3.129068842966376e-05,3.129068842966376e-05,7.013349876718908,0.43218170185419935,0.0029511884773469133,21.828405684910507,either,0.43218170185419935,0.0029511884773469133
JVASP-13611,PI2,3,2,3.129068842966376e-05,3.129068842966376e-05,7.013226689578172,0.43218170185419935,0.002948693182876166,21.828405684910507,either,0.43218170185419935,0.002948693182876166
JVASP-13611,PI2,8,2,2.085386758388097e-05,2.085386758388097e-05,9.28020111441673,0.46726135229921606,0.00153573553180777,119.76549719163872,either,0.46726135229921606,0.00153573553180777
JVASP-13611,PI2,9,2,2.085386758388097e-05,2.085386758388097e-05,9.280394548719116,0.46726135229921606,0.00153559102950721,119.76549719163872,either,0.46726135229921606,0.00153559102950721
JVASP-13611,PI2,10,2,3.106464243352036e-05,3.106464243352036e-05,9.733554586489642,0.49485965774071006,0.00274587043392021,157.50424717600274,either,0.49485965774071006,0.00274587043392021
JVASP-13611,PI2,11,2,3.106464243352036e-05,3.106464243352036e-05,9.733570897557719,0.49485965774071006,0.0027462541612170255,157.50424717600274,either,0.49485965774071006,0.0027462541612170255
JVASP-13611,PI2,46,2,2.8337564923153202e-05,2.8337564923153202e-05,5.6761944653975505,0.7049562983870928,0.0028914718629934506,16.738205040167966,either,0.7049562983870928,0.0028914718629934506
JVASP-13611,PI2,47,2,2.8337564923153202e-05,2.8337564923153202e-05,5.6759284672102375,0.7049562983870928,0.00289297872492524,16.738205040167966,either,0.7049562983870928,0.00289297872492524
JVASP-13616,AsCl5,0,2,0.0037294703630070813,0.0037294703630070813,0.140750136531898,0.28127406963591206,1.1223602290522599,1047.7978914937714,either,0.140750136531898,1.1223602290522599
JVASP-13616,AsCl5,1,2,0.0037294703630070813,0.0037294703630070813,0.1409603798464417,0.28127406963591206,1.124036737086158,1047.7978914937714,either,0.1409603798464417,1.124036737086158
JVASP-13616,AsCl5,6,2,0.00015650177829229506,0.00015650177829229506,1.064027459972026,0.19562060639616935,0.02867269325673567,11.168278976636477,either,0.19562060639616935,0.02867269325673567
JVASP-13616,AsCl5,7,2,0.00015650177829229506,0.00015650177829229506,1.0635137215113863,0.19562060639616935,0.027514706020492902,11.168278976636477,either,0.19562060639616935,0.027514706020492902
JVASP-13616,AsCl5,30,2,0.0022399129224446312,0.0022399129224446312,0.2552424100990605,0.47609970094187576,0.3225564231469366,182.5397767900439,either,0.2552424100990605,0.3225564231469366
JVASP-13616,AsCl5,31,2,0.0022399129224446312,0.0022399129224446312,0.2553629235571269,0.47609970094187576,0.32179744426511947,182.5397767900439,either,0.2553629235571269,0.32179744426511947
JVASP-13616,AsCl5,36,2,0.0001015446790426644,0.0001015446790426644,1.0964121699974263,0.04060863850698275,0.03689646055070106,65.41086723587676,either,0.04060863850698275,0.03689646055070106
JVASP-13616,AsCl5,37,2,0.0001015446790426644,0.0001015446790426644,1.0965289217289966,0.04060863850698275,0.03672942286333455,65.41086723587676,either,0.04060863850698275,0.03672942286333455
JVASP-13624,Ni2SbTe2,4,2,4.599264318727592e-06,4.599264318727592e-06,4.605589213074835,0.4826299700279383,0.0006123819725268257,105.60554129792163,either,0.4826299700279383,0.0006123819725268257
JVASP-13624,Ni2SbTe2,5,2,4.599264318727592e-06,4.599264318727592e-06,4.605733956092656,0.4826299700279383,0.000616816250545158,105.60554129792163,either,0.4826299700279383,0.000616816250545158
JVASP-14458,TeO3,20,2,2.062717601702957e-05,2.062717601702957e-05,2.5863254727925735,1.5581745866360732,0.002327489837781998,14.470613393918248,either,1.5581745866360732,0.002327489837781998
JVASP-14458,TeO3,21,2,2.062717601702957e-05,2.062717601702957e-05,2.6817309744169497,1.5581745866360732,0.0024739134938205985,14.470613393918248,either,1.5581745866360732,0.0024739134938205985
JVASP-15858,Tb3AlC,18,2,0.0001447817734216983,0.0001447817734216983,0.38621243779303,0.09430516772885812,0.11955739171288764,273.9073221744128,either,0.09430516772885812,0.11955739171288764
JVASP-15858,Tb3AlC,19,2,0.0001447817734216983,0.0001447817734216983,0.38715850450776507,0.09430516772885812,0.11985025972471672,273.9073221744128,either,0.09430516772885812,0.11985025972471672
JVASP-16001,K2RhF6,70,2,0.16792939945515428,0.16792939945515428,0.06462087362374919,0.12780988050959335,23.202556764963994,1307.6746916002319,single,0.06462087362374919,23.202556764963994
JVASP-16001,K2RhF6,71,2,0.16792939945515428,0.16792939945515428,0.06321367008946044,0.12780988050959335,22.697290926648353,1307.6746916002319,single,0.06321367008946044,22.697290926648353
JVASP-16008,TaSnO3,36,2,0.1273640591897447,0.1273640591897447,0.022061505229135834,0.03958015861552584,6.0078394224764375,158.89469236277682,single,0.022061505229135834,6.0078394224764375
JVASP-16008,TaSnO3,37,2,0.1273640591897447,0.1273640591897447,0.01764652142449154,0.03958015861552584,4.805540962981161,158.89469236277682,single,0.01764652142449154,4.805540962981161
JVASP-16408,LiIrF6,40,2,0.002169217897008479,0.002169217897008479,0.9678707166751297,0.9306607128941791,0.18774614455692165,24.894964886124356,single,0.9678707166751297,0.18774614455692165
JVASP-16408,LiIrF6,41,2,0.002169217897008479,0.002169217897008479,0.9583123333213805,0.9306607128941791,0.2062150272034846,24.894964886124356,single,0.9583123333213805,0.2062150272034846
JVASP-16859,ZnCu2GeTe4,0,2,0.0016271688676798846,0.0016271688676798846,0.4456877272717773,0.6588299693373572,0.10956291329640432,6.469354683077321,single,0.4456877272717773,0.10956291329640432
JVASP-16859,ZnCu2GeTe4,1,2,0.0016271688676798846,0.0016271688676798846,0.4457556223463381,0.6588299693373572,0.110496257672965,6.469354683077321,single,0.4457556223463381,0.110496257672965
JVASP-16859,ZnCu2GeTe4,8,2,0.0011289473145335016,0.0011289473145335016,0.6156777646999348,0.5004293694089343,0.08108361557682288,45.126188286194534,either,0.5004293694089343,0.08108361557682288
JVASP-16859,ZnCu2GeTe4,9,2,0.0011289473145335016,0.0011289473145335016,0.6134618860584414,0.5004293694089343,0.08381668319146492,45.126188286194534,either,0.5004293694089343,0.08381668319146492
JVASP-17265,BaIrF6,40,2,0.24488878325610475,0.45474947044851,0.3781327437211506,0.7059178462610053,28.202748426428375,16.447970226079146,single,0.3781327437211506,28.202748426428375
JVASP-17265,BaIrF6,41,2,0.45474947044851,0.45474947044851,0.32815595684435017,0.7059178462610053,59.81682670536396,16.447970226079146,single,0.32815595684435017,59.81682670536396
JVASP-17430,ZnCu2SnSe4,8,2,0.0022104233402497897,0.0022104233402497897,0.6415398671289398,0.612635368900695,0.14572231948140082,25.713107729966957,either,0.612635368900695,0.14572231948140082
JVASP-17430,ZnCu2SnSe4,9,2,0.0022104233402497897,0.0022104233402497897,0.6539732329586485,0.612635368900695,0.15779253062840828,25.713107729966957,either,0.612635368900695,0.15779253062840828
JVASP-17890,Tb3PbC,20,2,0.0019026961852093294,0.0019026961852093294,0.12229183675500271,0.04961807797134841,0.4975115863159037,33.89537235424873,either,0.04961807797134841,0.4975115863159037
JVASP-17890,Tb3PbC,21,2,0.0019026961852093294,0.0019026961852093294,0.12025633837825578,0.04961807797134841,0.4892307063060008,33.89537235424873,either,0.04961807797134841,0.4892307063060008
JVASP-18176,Rb2RhF6,70,2,0.1664217651193809,0.1664217651193809,0.0720429095150558,0.1422543084231524,25.635255585327666,1324.6569216368973,single,0.0720429095150558,25.635255585327666
JVASP-18176,Rb2RhF6,71,2,0.1664217651193809,0.1664217651193809,0.07023812623290397,0.1422543084231524,24.99305386102862,1324.6569216368973,single,0.07023812623290397,24.99305386102862
JVASP-18522,Ba3PbO,0,2,9.539408391301407e-05,9.539408391301407e-05,2.556001912968965,0.10880737631825871,0.06210048643850094,700.3260553280819,either,0.10880737631825871,0.06210048643850094
JVASP-18522,Ba3PbO,1,2,9.539408391301407e-05,9.539408391301407e-05,2.5559423514531936,0.10880737631825871,0.06219370605062699,700.3260553280819,either,0.10880737631825871,0.06219370605062699
JVASP-19540,CNCl,0,2,2.7094022019724662e-05,2.7094022019724662e-05,0.8661168873081072,0.028334781958629034,0.009089667282220125,177.1053977119842,either,0.028334781958629034,0.009089667282220125
JVASP-19540,CNCl,1,2,2.7094022019724662e-05,2.7094022019724662e-05,0.8661166104740494,0.028334781958629034,0.009080741963001016,177.1053977119842,either,0.028334781958629034,0.009080741963001016
JVASP-19557,PtS2Cl6,0,2,9.55766525159163e-05,9.55766525159163e-05,0.1766844745680636,0.10675936218070976,0.0105487653350782,26.072697704982225,either,0.10675936218070976,0.0105487653350782
JVASP-19557,PtS2Cl6,1,2,9.55766525159163e-05,9.55766525159163e-05,0.17674478638022095,0.10675936218070976,0.010545859705369556,26.072697704982225,either,0.10675936218070976,0.010545859705369556
JVASP-19557,PtS2Cl6,44,2,3.985864791111737e-06,3.985864791111737e-06,1.6987741728975698,0.7758267428171106,0.00029196673971207914,5.2686936058490526,either,0.7758267428171106,0.00029196673971207914
JVASP-19557,PtS2Cl6,45,2,3.985864791111737e-06,3.985864791111737e-06,1.6986269909874223,0.7758267428171106,0.00029188909004341775,5.2686936058490526,either,0.7758267428171106,0.00029188909004341775
JVASP-19557,PtS2Cl6,46,2,1.441483471253946e-06,1.441483471253946e-06,1.0566134029694325,0.43387235199675667,0.00011157696718309791,23.496192305841074,either,0.43387235199675667,0.00011157696718309791
JVASP-19557,PtS2Cl6,47,2,1.441483471253946e-06,1.441483471253946e-06,1.0565149357080548,0.43387235199675667,0.00011156174615139821,23.496192305841074,either,0.43387235199675667,0.00011156174615139821
JVASP-19557,PtS2Cl6,58,2,1.4302280152200808e-05,1.4302280152200808e-05,1.2591931938223864,0.021651023835193222,0.00516755118163252,107.23937328451967,either,0.021651023835193222,0.00516755118163252
JVASP-19557,PtS2Cl6,59,2,1.4302280152200808e-05,1.4302280152200808e-05,1.2592021818941435,0.021651023835193222,0.005163744504669809,107.23937328451967,either,0.021651023835193222,0.005163744504669809
JVASP-19584,Tl2SnAs2S6,4,2,1.329016368423197e-05,1.329016368423197e-05,5.52531919185712,0.464667280996066,0.002713128616626958,214.71043934059827,either,0.464667280996066,0.002713128616626958
JVASP-19584,Tl2SnAs2S6,5,2,1.329016368423197e-05,1.329016368423197e-05,5.525309269788169,0.464667280996066,0.0027165559852773127,214.71043934059827,either,0.464667280996066,0.0027165559852773127
JVASP-19584,Tl2SnAs2S6,44,2,3.287054966882863e-05,3.287054966882863e-05,1.4709125035280026,1.0143546622388786,0.002365180903261646,21.220869551930658,either,1.0143546622388786,0.002365180903261646
JVASP-19584,Tl2SnAs2S6,45,2,3.287054966882863e-05,3.287054966882863e-05,1.4715372129825313,1.0143546622388786,0.002355674164253597,21.220869551930658,either,1.0143546622388786,0.002355674164253597
JVASP-19584,Tl2SnAs2S6,74,2,5.4347866252690835e-05,5.4347866252690835e-05,1.879974745568536,1.507470284379849,0.013043021454874553,22.744396129078794,either,1.507470284379849,0.013043021454874553
JVASP-19584,Tl2SnAs2S6,75,2,5.4347866252690835e-05,5.4347866252690835e-05,1.8616595705674341,1.507470284379849,0.012524840963590413,22.744396129078794,either,1.507470284379849,0.012524840963590413
JVASP-19759,TbSe,22,2,0.0030184920907512236,0.0030184920907512236,0.10497814723949858,0.014275549207735175,0.677524851650848,47.65234195821815,either,0.014275549207735175,0.677524851650848
JVASP-19759,TbSe,23,2,0.0030184920907512236,0.0030184920907512236,0.10393326131958659,0.014275549207735175,0.6707811988383694,47.65234195821815,either,0.014275549207735175,0.6707811988383694
JVASP-19850,HgSe,0,2,0.00011788908410892418,0.00011788908410892418,0.9608266004391779,0.14450191557251818,0.023792616311534034,899.7990501889307,either,0.14450191557251818,0.023792616311534034
JVASP-19850,HgSe,1,2,0.00011788908410892418,0.00011788908410892418,0.961051998420013,0.14450191557251818,0.023672405096830072,899.7990501889307,either,0.14450191557251818,0.023672405096830072
JVASP-20002,Bi,14,2,1.1042087135315626e-05,1.1042087135315626e-05,2.8624774304097507,2.8100995275170195,0.0011605380406257743,16.53639983535069,either,2.8100995275170195,0.0011605380406257743
JVASP-20002,Bi,15,2,1.1042087135315626e-05,1.1042087135315626e-05,2.8616000507993284,2.8100995275170195,0.0011605839984880212,16.53639983535069,either,2.8100995275170195,0.0011605839984880212
JVASP-20017,MnI2,24,2,0.021815376631357686,0.021815376631357686,1.5653348082887244,0.5274249728215686,7.182927476115575,93.76043408613705,single,1.5653348082887244,7.182927476115575
JVASP-20017,MnI2,25,2,0.021815376631357686,0.021815376631357686,1.5091393797352686,0.5274249728215686,5.661477809521116,93.76043408613705,single,1.5091393797352686,5.661477809521116
JVASP-20035,Rb3Mo2Cl9,0,2,0.13509194534576707,0.13509194534576707,0.29376509231867287,0.5735644773077222,24.87021075165085,5.88300533511772,single,0.29376509231867287,24.87021075165085
JVASP-20035,Rb3Mo2Cl9,1,2,0.06266848500888944,0.13509194534576707,0.279802649337903,0.5735644773077222,12.621433170401472,5.88300533511772,single,0.279802649337903,12.621433170401472
JVASP-20035,Rb3Mo2Cl9,58,2,0.035623329038134255,0.035623329038134255,0.2677853688042391,0.13616079965519537,4.587756359322149,7.591126252048065,single,0.2677853688042391,4.587756359322149
JVASP-20035,Rb3Mo2Cl9,59,2,0.035623329038134255,0.035623329038134255,0.3051553479536322,0.13616079965519537,4.348141655269164,7.591126252048065,single,0.3051553479536322,4.348141655269164
JVASP-20035,Rb3Mo2Cl9,63,2,0.006935398352448607,0.006935398352448607,0.2916378566083704,0.08693997017425237,1.1564998436878122,22.139289283043862,single,0.2916378566083704,1.1564998436878122
JVASP-20035,Rb3Mo2Cl9,64,2,0.006935398352448607,0.006935398352448607,0.2796316934463623,0.08693997017425237,1.069898046974179,22.139289283043862,single,0.2796316934463623,1.069898046974179
JVASP-20040,KrF2,2,2,2.2644345476052763e-05,2.2644345476052763e-05,1.0121689327958778,0.0041150386106163835,0.005932154575890549,15.353457422400405,either,0.0041150386106163835,0.005932154575890549
JVASP-20040,KrF2,3,2,2.2644345476052763e-05,2.2644345476052763e-05,1.0122028354726114,0.0041150386106163835,0.005933310233030728,15.353457422400405,either,0.0041150386106163835,0.005933310233030728
JVASP-20040,KrF2,4,2,0.0005684863414252561,0.0005684863414252561,0.2827445368047494,0.0372367804539903,0.17277267008722302,9.450176798670826,either,0.0372367804539903,0.17277267008722302
JVASP-20040,KrF2,5,2,0.0005684863414252561,0.0005684863414252561,0.2832908735195844,0.0372367804539903,0.17259999511991542,9.450176798670826,either,0.0372367804539903,0.17259999511991542
JVASP-20040,KrF2,6,2,0.00028408524238798805,0.00028408524238798805,0.7815003002141178,0.02849033440024511,0.0774561872625001,7.230450480761635,either,0.02849033440024511,0.0774561872625001
JVASP-20040,KrF2,7,2,0.00028408524238798805,0.00028408524238798805,0.7810623669561765,0.02849033440024511,0.07785888492138346,7.230450480761635,either,0.02849033440024511,0.07785888492138346
JVASP-20040,KrF2,18,2,3.0428997730425067e-05,3.0428997730425067e-05,0.11204269855017629,0.0016788210396003356,0.007289663681378995,10.784526893241548,either,0.0016788210396003356,0.007289663681378995
JVASP-20040,KrF2,19,2,3.0428997730425067e-05,3.0428997730425067e-05,0.11198819416700585,0.0016788210396003356,0.0072861175455967014,10.784526893241548,either,0.0016788210396003356,0.0072861175455967014
JVASP-20042,W6CCl8,0,2,0.0006815475054686715,0.0006815475054686715,3.583107805354265,0.040070204559131364,0.29182698777144334,424.4666716918164,either,0.040070204559131364,0.29182698777144334
JVASP-20042,W6CCl8,1,2,0.0006815475054686715,0.0006815475054686715,3.584488555230958,0.040070204559131364,0.2922383644448801,424.4666716918164,either,0.040070204559131364,0.2922383644448801
JVASP-20042,W6CCl8,128,2,1.2132933073782937e-05,1.2132933073782937e-05,1.6436761173757333,0.21236074247711512,0.00020508700747867543,2.1367200483666635,either,0.21236074247711512,0.00020508700747867543
JVASP-20042,W6CCl8,129,2,1.2132933073782937e-05,1.2132933073782937e-05,1.640792401692555,0.21236074247711512,0.00020265289920128212,2.1367200483666635,either,0.21236074247711512,0.00020265289920128212
JVASP-20042,W6CCl8,140,2,6.454844859726805e-06,6.454844859726805e-06,1.584081412306932,0.13091166317440245,0.0001300546298825368,4.342352524935163,either,0.13091166317440245,0.0001300546298825368
JVASP-20042,W6CCl8,141,2,6.454844859726805e-06,6.454844859726805e-06,1.582737452119759,0.13091166317440245,0.00013025037778391252,4.342352524935163,either,0.13091166317440245,0.00013025037778391252
JVASP-20042,W6CCl8,142,2,4.418939941963629e-06,4.418939941963629e-06,2.685731556869226,0.16888143581158382,0.000167689781942843,4.329991414406185,either,0.16888143581158382,0.000167689781942843
JVASP-20042,W6CCl8,143,2,4.418939941963629e-06,4.418939941963629e-06,2.6910894807531456,0.16888143581158382,0.0001698260626644378,4.329991414406185,either,0.16888143581158382,0.0001698260626644378
JVASP-20042,W6CCl8,168,2,0.00025389865304831227,0.00025389865304831227,1.6600878216842045,0.24557124609652814,0.005408662824877188,4.861863178212728,either,0.24557124609652814,0.005408662824877188
JVASP-20042,W6CCl8,169,2,0.00025389865304831227,0.00025389865304831227,1.6627758343398416,0.24557124609652814,0.005281622450231361,4.861863178212728,either,0.24557124609652814,0.005281622450231361
JVASP-20042,W6CCl8,174,2,7.72806764086642e-05,7.72806764086642e-05,1.7829534023280598,0.3006621328220719,0.0027408178806391814,2.216078411754343,either,0.3006621328220719,0.0027408178806391814
JVASP-20042,W6CCl8,175,2,7.72806764086642e-05,7.72806764086642e-05,1.6935453423153746,0.3006621328220719,0.0028302986223147065,2.216078411754343,either,0.3006621328220719,0.0028302986223147065
JVASP-21389,Sr3CuPtO6,102,2,0.030681708531759888,0.030681708531759888,0.4644890313327107,0.24362732159538494,2.760941244565872,22.925983790917556,single,0.4644890313327107,2.760941244565872
JVASP-21389,Sr3CuPtO6,103,2,0.030681708531759888,0.030681708531759888,0.4513742627922367,0.24362732159538494,2.481688727350837,22.925983790917556,single,0.4513742627922367,2.481688727350837
JVASP-21502,Li2RhF6,82,2,5.793642805462795e-05,5.793642805462795e-05,0.7371268878357692,0.5654319401118671,0.008560658504620148,14.985908809005743,either,0.5654319401118671,0.008560658504620148
JVASP-21502,Li2RhF6,83,2,5.793642805462795e-05,5.793642805462795e-05,0.7781605930579247,0.5654319401118671,0.009835779802269722,14.985908809005743,either,0.5654319401118671,0.009835779802269722
JVASP-22031,Tl6TeO12,126,2,0.027743446045480624,0.027743446045480624,0.25067561056453797,0.4812164760598807,12.791986243253499,92.67180607775485,single,0.25067561056453797,12.791986243253499
JVASP-22031,Tl6TeO12,127,2,0.027743446045480624,0.027743446045480624,0.24166693587537846,0.4812164760598807,13.017673286180969,92.67180607775485,single,0.24166693587537846,13.017673286180969
JVASP-22441,Na3Cd2IrO6,40,2,0.0012985702199164173,0.0012985702199164173,1.0824878993522447,1.2734672939794383,0.07709542798166301,11.25176037893387,single,1.0824878993522447,0.07709542798166301
JVASP-22441,Na3Cd2IrO6,41,2,0.0012985702199164173,0.0012985702199164173,1.0729157184857687,1.2734672939794383,0.07841753764626232,11.25176037893387,single,1.0729157184857687,0.07841753764626232
JVASP-22600,RbS,0,2,3.413259129070312e-05,3.413259129070312e-05,4.305495499868371,1.055180261193472,0.005448202959618676,99.26030159677953,either,1.055180261193472,0.005448202959618676
JVASP-22600,RbS,1,2,3.413259129070312e-05,3.413259129070312e-05,4.306054896893524,1.055180261193472,0.005417625670410615,99.26030159677953,either,1.055180261193472,0.005417625670410615
JVASP-22653,Sr3BiN,0,2,5.327072107785824e-05,5.327072107785824e-05,2.8655283333719375,0.06611519965660123,0.03613705427015214,879.1504050853946,either,0.06611519965660123,0.03613705427015214
JVASP-22653,Sr3BiN,1,2,5.327072107785824e-05,5.327072107785824e-05,2.8655996844156104,0.06611519965660123,0.03615238096830058,879.1504050853946,either,0.06611519965660123,0.03615238096830058
JVASP-22720,Ba2SbAu,0,2,8.592938887685975e-05,8.592938887685975e-05,2.7536532324683365,0.15459495497935768,0.018164161268118165,554.4923298814905,either,0.15459495497935768,0.018164161268118165
JVASP-22720,Ba2SbAu,1,2,8.592938887685975e-05,8.592938887685975e-05,2.754649571153954,0.15459495497935768,0.01815839640439375,554.4923298814905,either,0.15459495497935768,0.01815839640439375
JVASP-23440,Sr2AsAu,0,2,9.48594663015001e-05,9.48594663015001e-05,2.5465956818231126,0.09452314387524516,0.02898133909042548,767.9696865002564,either,0.09452314387524516,0.02898133909042548
JVASP-23440,Sr2AsAu,1,2,9.48594663015001e-05,9.48594663015001e-05,2.5472389261439434,0.09452314387524516,0.035974973288176455,767.9696865002564,either,0.09452314387524516,0.035974973288176455
JVASP-26224,Na3In2Au,0,2,0.00027757779581172315,0.00027757779581172315,0.8143909994540321,1.2262331403347202,0.008723760573514632,2.3776576228748367,single,0.8143909994540321,0.008723760573514632
JVASP-26224,Na3In2Au,1,2,0.00027757779581172315,0.00027757779581172315,0.8143505674862049,1.2262331403347202,0.008392556709345363,2.3776576228748367,single,0.8143505674862049,0.008392556709345363
JVASP-26325,AgSbO3,4,2,2.9990788527056722e-05,2.9990788527056722e-05,1.4832041731943422,2.103146347388727,0.0013815213990767698,3.117409349800326,either,1.4832041731943422,0.0013815213990767698
JVASP-26325,AgSbO3,5,2,2.9990788527056722e-05,2.9990788527056722e-05,1.4836264440647038,2.103146347388727,0.0013806259206815485,3.117409349800326,either,1.4836264440647038,0.0013806259206815485
JVASP-26528,Rb2IrF6,4,2,0.014410769814312552,0.014410769814312552,0.5726415241525791,1.0911396315149442,1.2992916455296546,5.5809233255151245,single,0.5726415241525791,1.2992916455296546
JVASP-26528,Rb2IrF6,5,2,0.014410769814312552,0.014410769814312552,0.5858659839347778,1.0911396315149442,1.297913048377834,5.5809233255151245,single,0.5858659839347778,1.297913048377834
JVASP-27330,Rb2Na4Co2O5,0,2,0.00016910308380602146,0.00016910308380602146,0.5257160750026048,0.29482161982821453,0.02392383497941592,24.064224540147855,either,0.29482161982821453,0.02392383497941592
JVASP-27330,Rb2Na4Co2O5,1,2,0.00016910308380602146,0.00016910308380602146,0.4863938161358504,0.29482161982821453,0.024219210207337426,24.064224540147855,either,0.29482161982821453,0.024219210207337426
JVASP-27330,Rb2Na4Co2O5,84,2,0.00646023668753104,0.00646023668753104,0.5783742433798809,0.5442052201711002,0.40207999970204883,11.820025496556076,single,0.5783742433798809,0.40207999970204883
JVASP-27330,Rb2Na4Co2O5,85,2,0.00646023668753104,0.00646023668753104,0.5648520917312605,0.5442052201711002,0.4114213545931942,11.820025496556076,single,0.5648520917312605,0.4114213545931942
JVASP-27330,Rb2Na4Co2O5,86,2,0.0020922658136885985,0.0020922658136885985,0.5087443659565007,0.44120213265725733,0.4587093364364427,45.46084092825574,either,0.44120213265725733,0.4587093364364427
JVASP-27330,Rb2Na4Co2O5,87,2,0.0020922658136885985,0.0020922658136885985,0.5355536798015494,0.44120213265725733,0.46596755584857324,45.46084092825574,either,0.44120213265725733,0.46596755584857324
JVASP-27766,CrAgP2S6,148,2,0.0064899456434628355,0.0064899456434628355,0.6014596057816869,0.08772442125280837,3.818553769907403,41.13661527741283,single,0.6014596057816869,3.818553769907403
JVASP-27766,CrAgP2S6,149,2,0.0064899456434628355,0.0064899456434628355,0.5974396246635651,0.08772442125280837,3.7214476474252756,41.13661527741283,single,0.5974396246635651,3.7214476474252756
JVASP-27889,AgClO4,0,2,6.754403607800441e-05,6.754403607800441e-05,0.922759314014636,0.03477126620678995,0.007854961153139392,18.14196550182522,either,0.03477126620678995,0.007854961153139392
JVASP-27889,AgClO4,1,2,6.754403607800441e-05,6.754403607800441e-05,0.9225997556408192,0.03477126620678995,0.007909431333755504,18.14196550182522,either,0.03477126620678995,0.007909431333755504
JVASP-27906,CrClO,44,2,0.00024244754231528276,0.00024244754231528276,1.8174151911623313,0.06707669459304706,0.15682608438266932,226.19122461676264,either,0.06707669459304706,0.15682608438266932
JVASP-27906,CrClO,45,2,0.00024244754231528276,0.00024244754231528276,1.8188032691192242,0.06707669459304706,0.1524549261685709,226.19122461676264,either,0.06707669459304706,0.1524549261685709
JVASP-27940,FePSe3,0,2,0.07731422607753657,0.07731422607753657,0.2706947429725561,0.5375052985063172,7.545730248683651,40.52204485414262,single,0.2706947429725561,7.545730248683651
JVASP-27940,FePSe3,1,2,0.07731422607753657,0.07731422607753657,0.2668395804571271,0.5375052985063172,7.670885440503399,40.52204485414262,single,0.2668395804571271,7.670885440503399
JVASP-27940,FePSe3,2,2,0.10284828593234252,0.10284828593234252,0.35328055298999805,0.7049225759524792,7.39804366413229,17.254750522299656,single,0.35328055298999805,7.39804366413229
JVASP-27940,FePSe3,3,2,0.10284828593234252,0.10284828593234252,0.3516959907729642,0.7049225759524792,7.416002398582571,17.254750522299656,single,0.3516959907729642,7.416002398582571
JVASP-27940,FePSe3,14,2,0.06710001019731315,0.06710001019731315,0.28553251494960574,0.5710113318502354,6.941995496266303,64.65700286352016,single,0.28553251494960574,6.941995496266303
JVASP-27940,FePSe3,15,2,0.06710001019731315,0.06710001019731315,0.28553435181785625,0.5710113318502354,6.9006393662520615,64.65700286352016,single,0.28553435181785625,6.9006393662520615
JVASP-27971,CoCl2O8,47,2,0.014011280971702789,0.014011280971702789,0.8414633056279953,0.6446190577134612,1.7042771196855282,44.11510976343938,single,0.8414633056279953,1.7042771196855282
JVASP-27971,CoCl2O8,48,2,0.014011280971702789,0.014011280971702789,0.7961243968981612,0.6446190577134612,1.6807546001254585,44.11510976343938,single,0.7961243968981612,1.6807546001254585
JVASP-27971,CoCl2O8,49,2,0.012151832012001762,0.012151832012001762,0.5866099703929571,0.14759804191830941,3.647657046227832,152.88853331880316,either,0.14759804191830941,3.647657046227832
JVASP-27971,CoCl2O8,50,2,0.012151832012001762,0.012151832012001762,0.5765762468034297,0.14759804191830941,3.687935822702717,152.88853331880316,either,0.14759804191830941,3.687935822702717
JVASP-27971,CoCl2O8,52,2,0.027087652878595492,0.027087652878595492,0.5097397469292654,0.22248016461014292,7.100522686512079,232.0724635570271,single,0.5097397469292654,7.100522686512079
JVASP-27971,CoCl2O8,53,2,0.027087652878595492,0.027087652878595492,0.5076647069709854,0.22248016461014292,6.997594602195246,232.0724635570271,single,0.5076647069709854,6.997594602195246
JVASP-27971,CoCl2O8,54,2,0.18853972420710083,0.18853972420710083,0.559395175544472,1.1625592148859518,26.638220774696084,17.853021793532523,single,0.559395175544472,26.638220774696084
JVASP-27971,CoCl2O8,55,2,0.18853972420710083,0.18853972420710083,0.6032419998680627,1.1625592148859518,21.874254738089856,17.853021793532523,single,0.6032419998680627,21.874254738089856
JVASP-27971,CoCl2O8,70,2,0.3204195472917828,0.3204195472917828,0.19800761731046235,0.3668114735234175,135.65543058707757,671.3164082953978,single,0.19800761731046235,135.65543058707757
JVASP-27971,CoCl2O8,71,2,0.3204195472917828,0.3204195472917828,0.16880665390116,0.3668114735234175,115.64978980086778,671.3164082953978,single,0.16880665390116,115.64978980086778
JVASP-27982,ZnC2S2O6F6,82,2,0.00016928137884875127,0.00016928137884875127,4.226824532261518,0.8985276898721206,0.025455079122326963,110.23836414603943,either,0.8985276898721206,0.025455079122326963
JVASP-27982,ZnC2S2O6F6,83,2,0.00016928137884875127,0.00016928137884875127,4.230792065652272,0.8985276898721206,0.024739929116826546,110.23836414603943,either,0.8985276898721206,0.024739929116826546
JVASP-28027,Bi4Te3S8,52,2,4.4708849276986484e-05,4.4708849276986484e-05,1.704134141804514,0.7306427546783802,0.0012603916507174578,3.1389594860326397,either,0.7306427546783802,0.0012603916507174578
JVASP-28027,Bi4Te3S8,53,2,4.4708849276986484e-05,4.4708849276986484e-05,1.705094173819167,0.7306427546783802,0.0012590434152428623,3.1389594860326397,either,0.7306427546783802,0.0012590434152428623
JVASP-28065,AgBiP2Se6,0,2,1.2682933476781955e-05,1.2682933476781955e-05,1.310608292518112,0.3295603959139869,0.0005535419383556033,32.35095198005149,either,0.3295603959139869,0.0005535419383556033
JVASP-28065,AgBiP2Se6,1,2,1.2682933476781955e-05,1.2682933476781955e-05,1.3107320747629396,0.3295603959139869,0.0005533818125365537,32.35095198005149,either,0.3295603959139869,0.0005533818125365537
JVASP-28065,AgBiP2Se6,2,2,5.546515347987224e-05,5.546515347987224e-05,1.086935199949785,0.4123334464864672,0.0025505956252112423,35.15702910880184,either,0.4123334464864672,0.0025505956252112423
JVASP-28065,AgBiP2Se6,3,2,5.546515347987224e-05,5.546515347987224e-05,1.0872904785068704,0.4123334464864672,0.0025515597158650813,35.15702910880184,either,0.4123334464864672,0.0025515597158650813
JVASP-28065,AgBiP2Se6,14,2,4.632765002199335e-05,4.632765002199335e-05,1.6972266823639537,0.9230430567991552,0.0016985368473492358,5.257204520544438,either,0.9230430567991552,0.0016985368473492358
JVASP-28065,AgBiP2Se6,15,2,4.632765002199335e-05,4.632765002199335e-05,1.6936498255234147,0.9230430567991552,0.00169360569370517,5.257204520544438,either,0.9230430567991552,0.00169360569370517
JVASP-28065,AgBiP2Se6,16,2,0.0006968112747802735,0.0006968112747802735,0.8039312115320482,0.3731061725292645,0.031087377160142912,35.55253277916381,either,0.3731061725292645,0.031087377160142912
JVASP-28065,AgBiP2Se6,17,2,0.0006968112747802735,0.0006968112747802735,0.8035847323239742,0.3731061725292645,0.031208163902512187,35.55253277916381,either,0.3731061725292645,0.031208163902512187
JVASP-28153,HgF,0,2,9.731856839145792e-05,9.731856839145792e-05,1.4593853756945014,0.001120729407695083,0.021360817165299643,1.1734204946581734,either,0.001120729407695083,0.021360817165299643
JVASP-28153,HgF,1,2,9.731856839145792e-05,9.731856839145792e-05,1.4594390980617686,0.001120729407695083,0.02190355127083115,1.1734204946581734,either,0.001120729407695083,0.02190355127083115
JVASP-28153,HgF,2,2,0.0002297653118521481,0.0002297653118521481,0.661280479906392,0.008178011280551121,0.027466338631255565,3.8079148008745762,either,0.008178011280551121,0.027466338631255565
JVASP-28153,HgF,3,2,0.0002297653118521481,0.0002297653118521481,0.6613821841476548,0.008178011280551121,0.027431363613357202,3.8079148008745762,either,0.008178011280551121,0.027431363613357202
JVASP-28153,HgF,4,2,6.961510536029891e-06,6.961510536029891e-06,0.6064529879635892,0.021059547148522786,0.0010172871442018945,2.759510903476108,either,0.021059547148522786,0.0010172871442018945
JVASP-28153,HgF,5,2,6.961510536029891e-06,6.961510536029891e-06,0.6066159524816949,0.021059547148522786,0.0010156369435754397,2.759510903476108,either,0.021059547148522786,0.0010156369435754397
JVASP-28153,HgF,6,2,8.370021506109993e-06,8.370021506109993e-06,1.4318260214138618,0.02550614850081857,0.0012967661273605728,3.342165640946687,either,0.02550614850081857,0.0012967661273605728
JVASP-28153,HgF,7,2,8.370021506109993e-06,8.370021506109993e-06,1.4311060917362286,0.02550614850081857,0.0012966311070878138,3.342165640946687,either,0.02550614850081857,0.0012966311070878138
JVASP-28153,HgF,12,2,1.9503712428203812e-05,1.9503712428203812e-05,1.1247592303851701,0.051076823005972154,0.002555477430649725,12.832776270550912,either,0.051076823005972154,0.002555477430649725
JVASP-28153,HgF,13,2,1.9503712428203812e-05,1.9503712428203812e-05,1.1250582857286018,0.051076823005972154,0.002544656621929107,12.832776270550912,either,0.051076823005972154,0.002544656621929107
JVASP-28153,HgF,14,2,8.590617644799181e-06,8.590617644799181e-06,1.0360811969582855,0.12774521034642056,0.0016349954411734053,9.545922787627477,either,0.12774521034642056,0.0016349954411734053
JVASP-28153,HgF,15,2,8.590617644799181e-06,8.590617644799181e-06,1.0352832208647236,0.12774521034642056,0.0016441644991635656,9.545922787627477,either,0.12774521034642056,0.0016441644991635656
JVASP-2817,K4IrO4,25,1,0.3829920971182619,0.0,0.7249269020574729,1.3324783552158173,52.626435425537856,4.797084517892119,single,0.7249269020574729,52.626435425537856
JVASP-2817,K4IrO4,26,1,0.12949792211111788,0.0,0.6081831731020036,1.1203981741347087,10.38491205304903,7.2941209741601245,single,0.6081831731020036,10.38491205304903
JVASP-2817,K4IrO4,27,1,0.12949792211111788,0.0,0.6069415979814163,1.1565014322454314,10.428352271353159,5.822459483886906,single,0.6069415979814163,10.428352271353159
JVASP-2817,K4IrO4,28,2,0.15814833629043723,0.3670838614904992,0.5720624118586557,1.1232262703850977,16.75230138408513,6.06224989666065,single,0.5720624118586557,16.75230138408513
JVASP-2817,K4IrO4,29,2,0.2869918734628225,0.3670838614904992,0.5540174019915403,1.1232262703850977,24.861403376017044,6.06224989666065,single,0.5540174019915403,24.861403376017044
JVASP-2817,K4IrO4,30,2,0.05506776063736796,0.05506776063736796,0.5706155437110139,0.9966636663578856,4.718382303830014,20.75767401386911,single,0.5706155437110139,4.718382303830014
JVASP-2817,K4IrO4,31,2,0.05506776063736796,0.05506776063736796,0.5459040374957023,0.9966636663578856,6.148135474358467,20.75767401386911,single,0.5459040374957023,6.148135474358467
JVASP-28223,FeC2O6,42,2,0.004294823203715659,0.004294823203715659,0.9583617742429453,0.49391455314836286,0.5991224616647904,61.28163887064423,either,0.49391455314836286,0.5991224616647904
JVASP-28223,FeC2O6,43,2,0.004294823203715659,0.004294823203715659,0.9596084843058461,0.49391455314836286,0.6169028278942505,61.28163887064423,either,0.49391455314836286,0.6169028278942505
JVASP-28223,FeC2O6,44,2,0.01565651057562789,0.01565651057562789,0.856011451046319,0.4224047176334193,2.9072017152739282,120.11176829479096,single,0.856011451046319,2.9072017152739282
JVASP-28223,FeC2O6,45,2,0.01565651057562789,0.01565651057562789,0.8557425205040841,0.4224047176334193,3.1073474821595064,120.11176829479096,single,0.8557425205040841,3.1073474821595064
JVASP-31361,PdSe6Cl2,0,2,0.00018245387247617373,0.00018245387247617373,2.3337584328656344,0.8235114979689631,0.014297905325413572,18.79986988742979,either,0.8235114979689631,0.014297905325413572
JVASP-31361,PdSe6Cl2,1,2,0.00018245387247617373,0.00018245387247617373,2.322600783270054,0.8235114979689631,0.014463027789812911,18.79986988742979,either,0.8235114979689631,0.014463027789812911
JVASP-31361,PdSe6Cl2,6,2,0.00022107284866201837,0.00022107284866201837,0.4175516281994621,0.5997370632990529,0.01689441355294905,19.20390268352178,either,0.4175516281994621,0.01689441355294905
JVASP-31361,PdSe6Cl2,7,2,0.00022107284866201837,0.00022107284866201837,0.4158504315811925,0.5997370632990529,0.016968604121511886,19.20390268352178,either,0.4158504315811925,0.016968604121511886
JVASP-31377,NbBr2O,44,2,3.2931127559532314e-05,3.2931127559532314e-05,1.2195090691695176,0.5366423610582466,0.0034758868818541913,81.48862853432938,either,0.5366423610582466,0.0034758868818541913
JVASP-31377,NbBr2O,45,2,3.2931127559532314e-05,3.2931127559532314e-05,1.2202835927003999,0.5366423610582466,0.003485043293327977,81.48862853432938,either,0.5366423610582466,0.003485043293327977
JVASP-34485,ZrCoF6,41,2,0.0010809286786448435,0.0010809286786448435,0.7252976717427241,0.21483935357795247,0.6030348379447534,80.00871146645204,either,0.21483935357795247,0.6030348379447534
JVASP-34485,ZrCoF6,42,2,0.0010809286786448435,0.0010809286786448435,0.7256507784104907,0.21483935357795247,0.43200970301802555,80.00871146645204,either,0.21483935357795247,0.43200970301802555
JVASP-34485,ZrCoF6,44,2,0.0025544202459251153,0.0025544202459251153,0.3699918393445883,0.2895383329263034,1.2444334403872495,220.01049241695242,either,0.2895383329263034,1.2444334403872495
JVASP-34485,ZrCoF6,45,2,0.0025544202459251153,0.0025544202459251153,0.36856957382066236,0.2895383329263034,1.5562014232697479,220.01049241695242,either,0.2895383329263034,1.5562014232697479
JVASP-34818,NiPb2N6O12,134,2,0.0017161972216985788,0.0017161972216985788,0.35283176975858527,0.45233844461874784,1.2947060027537067,2719.472909856592,either,0.35283176975858527,1.2947060027537067
JVASP-34818,NiPb2N6O12,135,2,0.0017161972216985788,0.0017161972216985788,0.35260927905514594,0.45233844461874784,1.293889579534514,2719.472909856592,either,0.35260927905514594,1.293889579534514
JVASP-35289,TbInPt4,70,2,0.0007292680269337382,0.0007292680269337382,0.8305551961771451,0.10743626341789142,0.567739074698509,11.80763973395672,either,0.10743626341789142,0.567739074698509
JVASP-35289,TbInPt4,71,2,0.0007292680269337382,0.0007292680269337382,0.8367869135180508,0.10743626341789142,0.5610580216667487,11.80763973395672,either,0.10743626341789142,0.5610580216667487
JVASP-35414,ZnPd5Se,0,2,5.061356606539391e-05,5.061356606539391e-05,0.38495901349958717,0.05111339236976019,0.04165985116180147,715.565372926077,either,0.05111339236976019,0.04165985116180147
JVASP-35414,ZnPd5Se,1,2,5.061356606539391e-05,5.061356606539391e-05,0.3840778843866746,0.05111339236976019,0.04156449631515283,715.565372926077,either,0.05111339236976019,0.04156449631515283
JVASP-35528,CdAg2I4,8,2,0.0002965921055340104,0.0002965921055340104,2.846633292860905,1.6356934874859683,0.013466551338538075,6.561813720931148,either,1.6356934874859683,0.013466551338538075
JVASP-35528,CdAg2I4,9,2,0.0002965921055340104,0.0002965921055340104,2.86152046001858,1.6356934874859683,0.013637060851875072,6.561813720931148,either,1.6356934874859683,0.013637060851875072
JVASP-35707,HfPt3,46,2,0.0021777275118459727,0.0021777275118459727,0.3510626004154359,0.09326217321722835,1.5597013535743438,748.9059740670699,either,0.09326217321722835,1.5597013535743438
JVASP-35707,HfPt3,47,2,0.0021777275118459727,0.0021777275118459727,0.3407033979468049,0.09326217321722835,1.574123493646925,748.9059740670699,either,0.09326217321722835,1.574123493646925
JVASP-35832,Ca2H3Br,0,2,0.000164423202226871,0.000164423202226871,0.11252762367980805,0.03719863721618645,0.03956020502185532,735.2813897731783,either,0.03719863721618645,0.03956020502185532
JVASP-35832,Ca2H3Br,1,2,0.000164423202226871,0.000164423202226871,0.11257980783485565,0.03719863721618645,0.03957855088045489,735.2813897731783,either,0.03719863721618645,0.03957855088045489
JVASP-36449,Sr3BiP,2,2,0.0048432130037712184,0.0048432130037712184,0.009242157725521625,0.012071674930313126,0.09570689560284039,36.36349289929348,single,0.009242157725521625,0.09570689560284039
JVASP-36449,Sr3BiP,3,2,0.0048432130037712184,0.0048432130037712184,0.009244050839661557,0.012071674930313126,0.09572649969127253,36.36349289929348,single,0.009244050839661557,0.09572649969127253
JVASP-36451,Sr3AsP,2,2,0.00419505484909255,0.00419505484909255,0.021113474235781117,0.03584821022560434,0.18937978973501302,50.57209542520194,either,0.021113474235781117,0.18937978973501302
JVASP-36451,Sr3AsP,3,2,0.00419505484909255,0.00419505484909255,0.021007176957412495,0.03584821022560434,0.18842634379797538,50.57209542520194,either,0.021007176957412495,0.18842634379797538
JVASP-36462,Ca3BiAs,2,2,7.789508025446423e-05,7.789508025446423e-05,2.23932979092226,0.12104655283501267,0.05277285522195801,29.10290883968934,either,0.12104655283501267,0.05277285522195801
JVASP-36462,Ca3BiAs,3,2,7.789508025446423e-05,7.789508025446423e-05,2.2394446618682573,0.12104655283501267,0.05282823378999611,29.10290883968934,either,0.12104655283501267,0.05282823378999611
JVASP-36463,Ca3Sb2,2,2,3.722982979148526e-05,3.722982979148526e-05,1.445513360484986,0.05672098376575674,0.03386756319744043,98.94959436642193,either,0.05672098376575674,0.03386756319744043
JVASP-36463,Ca3Sb2,3,2,3.722982979148526e-05,3.722982979148526e-05,1.4453907613030075,0.05672098376575674,0.033875097916715266,98.94959436642193,either,0.05672098376575674,0.033875097916715266
JVASP-36464,Ca3P2,2,2,6.0999912658843414e-05,6.0999912658843414e-05,2.850766083748242,0.08744734262073789,0.04186851492727652,109.7612684021591,either,0.08744734262073789,0.04186851492727652
JVASP-36464,Ca3P2,3,2,6.0999912658843414e-05,6.0999912658843414e-05,2.8510164959954007,0.08744734262073789,0.04188721366890284,109.7612684021591,either,0.08744734262073789,0.04188721366890284
JVASP-36466,Ba3BiN,0,2,3.651603879983867e-05,3.651603879983867e-05,2.1785950896759863,0.03855821612675632,0.010486616090179687,508.2117192028663,either,0.03855821612675632,0.010486616090179687
JVASP-36466,Ba3BiN,1,2,3.651603879983867e-05,3.651603879983867e-05,2.1787435880188877,0.03855821612675632,0.012682426816343179,508.2117192028663,either,0.03855821612675632,0.012682426816343179
JVASP-36473,Ba3SbN,0,2,1.3693831649064236e-05,1.3693831649064236e-05,2.265409173105787,0.05382752255901517,0.009771583040835358,634.1991835534303,either,0.05382752255901517,0.009771583040835358
JVASP-36473,Ba3SbN,1,2,1.3693831649064236e-05,1.3693831649064236e-05,2.26541111081579,0.05382752255901517,0.009711356658107894,634.1991835534303,either,0.05382752255901517,0.009711356658107894
JVASP-36486,Sr3BiSb,0,2,4.19718571498251e-05,4.19718571498251e-05,2.234745822738544,0.08582615757909019,0.030190216824345327,25.72117914553882,either,0.08582615757909019,0.030190216824345327
JVASP-36486,Sr3BiSb,1,2,4.19718571498251e-05,4.19718571498251e-05,2.2325487709795064,0.08582615757909019,0.03020150397213818,25.72117914553882,either,0.08582615757909019,0.03020150397213818
JVASP-36493,Ba3BiP,0,2,7.721303645880084e-05,7.721303645880084e-05,1.3365581661732298,0.0384002925541259,0.07899674934554336,4.1127206714102815,either,0.0384002925541259,0.07899674934554336
JVASP-36493,Ba3BiP,1,2,7.721303645880084e-05,7.721303645880084e-05,1.3365445520504131,0.0384002925541259,0.07899997181805986,4.1127206714102815,either,0.0384002925541259,0.07899997181805986
JVASP-36495,Ca3BiSb,2,2,3.0057619056833573e-05,3.0057619056833573e-05,2.7083964700205883,0.07349090299497575,0.0206208359900092,384.21989556147196,either,0.07349090299497575,0.0206208359900092
JVASP-36495,Ca3BiSb,3,2,3.0057619056833573e-05,3.0057619056833573e-05,2.708486196875434,0.07349090299497575,0.020623020737143248,384.21989556147196,either,0.07349090299497575,0.020623020737143248
JVASP-36496,Sr3BiAs,2,2,0.0003320547814871233,0.0003320547814871233,0.0789258312429903,0.009139501985202041,0.05603574971249256,10.050472271216787,either,0.009139501985202041,0.05603574971249256
JVASP-36496,Sr3BiAs,3,2,0.0003320547814871233,0.0003320547814871233,0.07891395249403638,0.009139501985202041,0.05602731604010932,10.050472271216787,either,0.009139501985202041,0.05602731604010932
JVASP-36497,Sr3BiSb,2,2,4.46317862872192e-05,4.46317862872192e-05,2.537557396569321,0.04103207861360393,0.03383646359734266,186.11475403226578,either,0.04103207861360393,0.03383646359734266
JVASP-36497,Sr3BiSb,3,2,4.46317862872192e-05,4.46317862872192e-05,2.537134730558152,0.04103207861360393,0.033850573873383714,186.11475403226578,either,0.04103207861360393,0.033850573873383714
JVASP-36504,Ba3BiP,2,2,0.0016819605246540803,0.0016819605246540803,0.008302498438735172,0.006359067712041413,0.029858011796840687,14.543139350113961,single,0.008302498438735172,0.029858011796840687
JVASP-36504,Ba3BiP,3,2,0.0016819605246540803,0.0016819605246540803,0.008311458190986136,0.006359067712041413,0.029890233469675686,14.543139350113961,single,0.008311458190986136,0.029890233469675686
JVASP-36506,Ba3BiAs,2,2,0.0020621035946941646,0.0020621035946941646,0.017744486396295,0.009604128113986862,0.07823664108381337,6.2210096529353525,single,0.017744486396295,0.07823664108381337
JVASP-36506,Ba3BiAs,3,2,0.0020621035946941646,0.0020621035946941646,0.017780134534259806,0.009604128113986862,0.07839381613599415,6.2210096529353525,single,0.017780134534259806,0.07839381613599415
JVASP-36507,Ba3BiSb,2,2,1.2535857520035165e-05,1.2535857520035165e-05,0.8422446252558389,0.01625841653274892,0.014696370665522871,43.34076609449754,either,0.01625841653274892,0.014696370665522871
JVASP-36507,Ba3BiSb,3,2,1.2535857520035165e-05,1.2535857520035165e-05,0.8422125237982392,0.01625841653274892,0.014697170746281357,43.34076609449754,either,0.01625841653274892,0.014697170746281357
JVASP-36510,Ca3BiSb,0,2,2.1228295652875318e-05,2.1228295652875318e-05,2.395880922575139,0.2845654693173314,0.012747683528271108,67.58298320636719,either,0.2845654693173314,0.012747683528271108
JVASP-36510,Ca3BiSb,1,2,2.1228295652875318e-05,2.1228295652875318e-05,2.3946850385347505,0.2845654693173314,0.012795688147319424,67.58298320636719,either,0.2845654693173314,0.012795688147319424
JVASP-36511,Ba3AsN,0,2,8.615461101602051e-05,8.615461101602051e-05,2.9841375550064875,0.04862345850443118,0.062143997920080934,700.8455902460676,either,0.04862345850443118,0.062143997920080934
JVASP-36511,Ba3AsN,1,2,8.615461101602051e-05,8.615461101602051e-05,2.984303842810181,0.04862345850443118,0.06215991557502244,700.8455902460676,either,0.04862345850443118,0.06215991557502244
JVASP-36512,Ca3Bi2,2,2,2.5701495988350587e-05,2.5701495988350587e-05,2.6687080134936783,0.04136056103660874,0.018420492805637845,78.74252615765955,either,0.04136056103660874,0.018420492805637845
JVASP-36512,Ca3Bi2,3,2,2.5701495988350587e-05,2.5701495988350587e-05,2.6685366572168996,0.04136056103660874,0.018428383474959887,78.74252615765955,either,0.04136056103660874,0.018428383474959887
JVASP-36598,HfHgO3,46,2,9.399418956945738e-06,9.399418956945738e-06,2.7265799712017875,0.0581904098669111,0.00641257674619903,60.33591122806448,either,0.0581904098669111,0.00641257674619903
JVASP-36598,HfHgO3,47,2,9.399418956945738e-06,9.399418956945738e-06,2.726352244063584,0.0581904098669111,0.006411977077100277,60.33591122806448,either,0.0581904098669111,0.006411977077100277
JVASP-36680,CaWN3,0,2,1.4883541556987012e-05,1.4883541556987012e-05,2.5343584723093766,1.4697373457213847,0.0024079711385722076,70.89571438682741,either,1.4697373457213847,0.0024079711385722076
JVASP-36680,CaWN3,1,2,1.4883541556987012e-05,1.4883541556987012e-05,2.534422945002061,1.4697373457213847,0.0024075941869045408,70.89571438682741,either,1.4697373457213847,0.0024075941869045408
JVASP-36689,SrWN3,0,2,0.0027460531710534752,0.0027460531710534752,0.6747326678888252,0.3529797606330369,0.3988687524840273,77.2090419830654,either,0.3529797606330369,0.3988687524840273
JVASP-36689,SrWN3,1,2,0.0027460531710534752,0.0027460531710534752,0.6811835312303729,0.3529797606330369,0.40674217990238204,77.2090419830654,either,0.3529797606330369,0.40674217990238204
JVASP-36700,BaWN3,0,2,4.10002030615253e-05,4.10002030615253e-05,2.3649647729597048,1.4395436376554216,0.006567915414359034,153.0646571970083,either,1.4395436376554216,0.006567915414359034
JVASP-36700,BaWN3,1,2,4.10002030615253e-05,4.10002030615253e-05,2.3649930509543444,1.4395436376554216,0.00656681824100947,153.0646571970083,either,1.4395436376554216,0.00656681824100947
JVASP-37907,Ba2AgSb,0,2,0.00017138396557037083,0.00017138396557037083,2.743141846018589,0.15035732749211322,0.02952981686713344,548.9317632372905,either,0.15035732749211322,0.02952981686713344
JVASP-37907,Ba2AgSb,1,2,0.00017138396557037083,0.00017138396557037083,2.7430584529127993,0.15035732749211322,0.02967439804731308,548.9317632372905,either,0.15035732749211322,0.02967439804731308
JVASP-38100,Rb2NaTlCl6,0,2,4.178643671082227e-06,4.178643671082227e-06,2.524948042762192,0.9847190824429187,0.0010307688061174983,525.2297663877572,either,0.9847190824429187,0.0010307688061174983
JVASP-38100,Rb2NaTlCl6,1,2,4.178643671082227e-06,4.178643671082227e-06,2.5249145916640625,0.9847190824429187,0.001030785203002035,525.2297663877572,either,0.9847190824429187,0.001030785203002035
JVASP-38116,Rb2LiTlCl6,0,2,7.360452620730484e-07,7.360452620730484e-07,2.4868026969663477,0.039841860678313606,0.00018349265039337747,165.55761323274766,either,0.039841860678313606,0.00018349265039337747
JVASP-38116,Rb2LiTlCl6,1,2,7.360452620730484e-07,7.360452620730484e-07,2.4868003526991265,0.039841860678313606,0.000183496418694559,165.55761323274766,either,0.039841860678313606,0.000183496418694559
JVASP-38303,RbNa2Sb,0,2,0.0007296282696369616,0.0007296282696369616,3.0086371181065017,0.2786522838700425,0.43191780445512273,3043.6095691393857,either,0.2786522838700425,0.43191780445512273
JVASP-38303,RbNa2Sb,1,2,0.0007296282696369616,0.0007296282696369616,3.00972852038148,0.2786522838700425,0.4331510282375806,3043.6095691393857,either,0.2786522838700425,0.4331510282375806
JVASP-38635,KF2,0,2,0.004161603167265326,0.004161603167265326,1.2928153807815947,0.5090204944793592,0.724134714674626,214.12491005942732,either,0.5090204944793592,0.724134714674626
JVASP-38635,KF2,1,2,0.004161603167265326,0.004161603167265326,1.3250401377900511,0.5090204944793592,0.7368596739552616,214.12491005942732,either,0.5090204944793592,0.7368596739552616
JVASP-38635,KF2,22,2,0.004854941558364523,0.004854941558364523,1.4321316449247699,0.5152763021461957,0.8284893547704026,229.63223617832824,either,0.5152763021461957,0.8284893547704026
JVASP-38635,KF2,23,2,0.004854941558364523,0.004854941558364523,1.4027667805346695,0.5152763021461957,0.8587617889444189,229.63223617832824,either,0.5152763021461957,0.8587617889444189
JVASP-38655,K2PtC2,0,2,4.507704730549733e-05,4.507704730549733e-05,3.176569898864037,0.03883139163928973,0.021628229892945227,391.81457694935256,either,0.03883139163928973,0.021628229892945227
JVASP-38655,K2PtC2,1,2,4.507704730549733e-05,4.507704730549733e-05,3.1764716945351767,0.03883139163928973,0.021943518064995338,391.81457694935256,either,0.03883139163928973,0.021943518064995338
JVASP-39092,Si2OsRu,38,2,3.5187717791984596e-05,3.5187717791984596e-05,1.2657162643925834,0.04637804305588128,0.041124305098660906,107.30208630989418,either,0.04637804305588128,0.041124305098660906
JVASP-39092,Si2OsRu,39,2,3.5187717791984596e-05,3.5187717791984596e-05,1.2682646247298304,0.04637804305588128,0.04098362865491086,107.30208630989418,either,0.04637804305588128,0.04098362865491086
JVASP-39996,Ba2HgPb,12,2,5.685200240912458e-05,5.685200240912458e-05,3.744272589157374,0.23617513494385434,0.00865566420727262,101.29386651869571,either,0.23617513494385434,0.00865566420727262
JVASP-39996,Ba2HgPb,13,2,5.685200240912458e-05,5.685200240912458e-05,3.744059655518048,0.23617513494385434,0.008653296343001148,101.29386651869571,either,0.23617513494385434,0.008653296343001148
JVASP-40117,AgBr,0,2,2.4186709570273024e-05,2.4186709570273024e-05,1.3738193666415515,0.013561632141949585,0.018202263830024906,293.4102675277618,either,0.013561632141949585,0.018202263830024906
JVASP-40117,AgBr,1,2,2.4186709570273024e-05,2.4186709570273024e-05,1.3738529463029392,0.013561632141949585,0.018198673271407555,293.4102675277618,either,0.013561632141949585,0.018198673271407555
JVASP-40227,Ca2AsAu,0,2,3.942432071202262e-05,3.942432071202262e-05,2.7872816758453274,0.1239211896235638,0.0073060596858378225,661.6705091302395,either,0.1239211896235638,0.0073060596858378225
JVASP-40227,Ca2AsAu,1,2,3.942432071202262e-05,3.942432071202262e-05,2.7881732719603516,0.1239211896235638,0.007322467568832746,661.6705091302395,either,0.1239211896235638,0.007322467568832746
JVASP-40299,Sr2BiAu,0,2,4.887372795359113e-05,4.887372795359113e-05,2.6968213583376768,0.08917655888950955,0.011732050882289532,848.1140997755622,either,0.08917655888950955,0.011732050882289532
JVASP-40299,Sr2BiAu,1,2,4.887372795359113e-05,4.887372795359113e-05,2.6958839403116555,0.08917655888950955,0.011725177544791259,848.1140997755622,either,0.08917655888950955,0.011725177544791259
JVASP-40348,TaAlFe2,42,2,0.0002466739779478644,0.0002466739779478644,0.9161358038152279,0.14340116924465993,0.177207320179806,115.48665520875657,either,0.14340116924465993,0.177207320179806
JVASP-40348,TaAlFe2,43,2,0.0002466739779478644,0.0002466739779478644,0.9105247067670867,0.14340116924465993,0.17765106946882578,115.48665520875657,either,0.14340116924465993,0.17765106946882578
JVASP-40398,Rb2Hf2O5,0,2,2.3911628926676087e-05,2.3911628926676087e-05,1.9255164800921303,0.2003047236828916,0.012427289064372453,38.545055692469965,either,0.2003047236828916,0.012427289064372453
JVASP-40398,Rb2Hf2O5,1,2,2.3911628926676087e-05,2.3911628926676087e-05,1.9248514669966923,0.2003047236828916,0.012433986274177336,38.545055692469965,either,0.2003047236828916,0.012433986274177336
JVASP-40403,Be2RuAu,38,2,0.08176983701728702,0.08176983701728702,0.019118555566166227,0.03647880657656043,3.342600652884462,93.70437709815947,single,0.019118555566166227,3.342600652884462
JVASP-40403,Be2RuAu,39,2,0.08176983701728702,0.08176983701728702,0.017423928257884854,0.03647880657656043,3.046319779182818,93.70437709815947,single,0.017423928257884854,3.046319779182818
JVASP-40522,Ca2BiAu,0,2,5.1665126669320216e-05,5.1665126669320216e-05,2.662112000422316,0.12420393894628973,0.008684129892499032,771.4374677552082,either,0.12420393894628973,0.008684129892499032
JVASP-40522,Ca2BiAu,1,2,5.1665126669320216e-05,5.1665126669320216e-05,2.661201671977432,0.12420393894628973,0.008694414880021192,771.4374677552082,either,0.12420393894628973,0.008694414880021192
JVASP-40763,KBaP,0,2,0.00018348767556908285,0.00018348767556908285,1.24551297384797,0.14951322989043248,0.03966562975420457,1300.7066679952914,either,0.14951322989043248,0.03966562975420457
JVASP-40763,KBaP,1,2,0.00018348767556908285,0.00018348767556908285,1.2410543996132208,0.14951322989043248,0.0395172347894691,1300.7066679952914,either,0.14951322989043248,0.0395172347894691
JVASP-40858,Ba2BiAu,0,2,0.00017661148027769968,0.00017661148027769968,2.7039217527641015,0.09050594017033764,0.039429395482323604,814.3964644066657,either,0.09050594017033764,0.039429395482323604
JVASP-40858,Ba2BiAu,1,2,0.00017661148027769968,0.00017661148027769968,2.703548429112061,0.09050594017033764,0.03947438662852673,814.3964644066657,either,0.09050594017033764,0.03947438662852673
JVASP-41249,HfGaRu2,42,2,0.004851309555462535,0.004851309555462535,0.11687651657079212,0.11360044320892942,1.2123346846905547,264.2619010704557,either,0.11360044320892942,1.2123346846905547
JVASP-41249,HfGaRu2,43,2,0.004851309555462535,0.004851309555462535,0.11336926543602252,0.11360044320892942,1.1759547315283974,264.2619010704557,either,0.11336926543602252,1.1759547315283974
JVASP-41780,Ba2AsAu,0,2,5.339760432043761e-05,5.339760432043761e-05,2.1466601491732216,0.0704013139722951,0.01745589335519523,524.6701814911639,either,0.0704013139722951,0.01745589335519523
JVASP-41780,Ba2AsAu,1,2,5.339760432043761e-05,5.339760432043761e-05,2.1481989461277022,0.0704013139722951,0.026237176491746596,524.6701814911639,either,0.0704013139722951,0.026237176491746596
JVASP-41892,TaAlOs2,42,2,0.0002048753046963725,0.0002048753046963725,0.14028978023760702,0.0917753873023026,0.06145425120060688,146.08981686006808,either,0.0917753873023026,0.06145425120060688
JVASP-41892,TaAlOs2,43,2,0.0002048753046963725,0.0002048753046963725,0.1368260374862211,0.0917753873023026,0.05993695096122074,146.08981686006808,either,0.0917753873023026,0.05993695096122074
JVASP-41948,Rb2Zr2O5,0,2,1.52911156428015e-05,1.52911156428015e-05,1.7062971316177125,0.039619508800736426,0.008691437945326211,9.592360246621823,either,0.039619508800736426,0.008691437945326211
JVASP-41948,Rb2Zr2O5,1,2,1.52911156428015e-05,1.52911156428015e-05,1.706059099401003,0.039619508800736426,0.008703204944953915,9.592360246621823,either,0.039619508800736426,0.008703204944953915
JVASP-4438,CrSiTe3,14,2,0.045829784748832925,0.045829784748832925,0.24979540779101483,0.4970842888143475,4.438193964467231,53.96185381992221,single,0.24979540779101483,4.438193964467231
JVASP-4438,CrSiTe3,15,2,0.045829784748832925,0.045829784748832925,0.24746320254653092,0.4970842888143475,4.529193436533643,53.96185381992221,single,0.24746320254653092,4.529193436533643
JVASP-4456,Nb2CS2,0,2,0.003343195934924381,0.003343195934924381,0.17383118447481416,0.3260589895703737,1.2425841323662166,2394.3051326248137,either,0.17383118447481416,1.2425841323662166
JVASP-4456,Nb2CS2,1,2,0.003343195934924381,0.003343195934924381,0.17644586629766085,0.3260589895703737,1.2612744620333103,2394.3051326248137,either,0.17644586629766085,1.2612744620333103
JVASP-44705,MnSb4O12,114,2,0.15738175540394295,0.15738175540394295,0.1062726188130342,0.20624940975507577,35.76119738266296,547.2495755552121,single,0.1062726188130342,35.76119738266296
JVASP-44705,MnSb4O12,115,2,0.15738175540394295,0.15738175540394295,0.10062574264022779,0.20624940975507577,33.86099904684836,547.2495755552121,single,0.10062574264022779,33.86099904684836
JVASP-4501,VAgP2Se6,0,2,9.784395869694151e-05,9.784395869694151e-05,1.170920542343305,1.2015843024546693,0.005278120774545751,27.163395025788827,either,1.170920542343305,0.005278120774545751
JVASP-4501,VAgP2Se6,1,2,9.784395869694151e-05,9.784395869694151e-05,1.1729643026983723,1.2015843024546693,0.005421607888754942,27.163395025788827,either,1.1729643026983723,0.005421607888754942
JVASP-4501,VAgP2Se6,2,2,0.01128166418479637,0.01128166418479637,0.6467284731860508,1.2921980682078182,0.6076815577383602,17.362444422001907,single,0.6467284731860508,0.6076815577383602
JVASP-4501,VAgP2Se6,3,2,0.01128166418479637,0.01128166418479637,0.6460319221156577,1.2921980682078182,0.6397235973225273,17.362444422001907,single,0.6460319221156577,0.6397235973225273
JVASP-4501,VAgP2Se6,14,2,0.00013552337139088877,0.00013552337139088877,0.7870671504939336,1.2250067106069498,0.010845977342395821,56.8304453658159,either,0.7870671504939336,0.010845977342395821
JVASP-4501,VAgP2Se6,15,2,0.00013552337139088877,0.00013552337139088877,0.7869606493758282,1.2250067106069498,0.010534558259484978,56.8304453658159,either,0.7869606493758282,0.010534558259484978
JVASP-51203,ReRuBr,0,2,0.00029201126340261396,0.00029201126340261396,1.0802355528949217,0.07958300564361565,0.10505556580572348,1609.1398745928361,either,0.07958300564361565,0.10505556580572348
JVASP-51203,ReRuBr,1,2,0.00029201126340261396,0.00029201126340261396,1.081525718403573,0.07958300564361565,0.14087511751146709,1609.1398745928361,either,0.07958300564361565,0.14087511751146709
JVASP-51208,LiTaBe,20,2,0.004171913793495463,0.004171913793495463,0.21940987615036678,0.16859241128834268,1.9571665382486505,164.1189933027173,either,0.16859241128834268,1.9571665382486505
JVASP-51208,LiTaBe,21,2,0.004171913793495463,0.004171913793495463,0.2014350480063492,0.16859241128834268,1.7968285772074994,164.1189933027173,either,0.16859241128834268,1.7968285772074994
JVASP-5311,HgPS3,2,2,0.00041252002825054035,0.00041252002825054035,0.19220774391082632,0.33675458432363253,0.026915346345891416,20.86313813775832,either,0.19220774391082632,0.026915346345891416
JVASP-5311,HgPS3,3,2,0.00041252002825054035,0.00041252002825054035,0.19206693699309557,0.33675458432363253,0.026961782592197277,20.86313813775832,either,0.19206693699309557,0.026961782592197277
JVASP-5314,UCl5,60,2,0.0005485749579439148,0.0005485749579439148,0.6816623437865348,0.203041037861469,0.04144918558041075,25.288216999779333,either,0.203041037861469,0.04144918558041075
JVASP-5314,UCl5,61,2,0.0005485749579439148,0.0005485749579439148,0.6790112140018763,0.203041037861469,0.03817964229489075,25.288216999779333,either,0.203041037861469,0.03817964229489075
JVASP-5335,NbSe2Cl2,4,2,3.976433113450639e-06,3.976433113450639e-06,1.9527560034568208,1.878465847605312,0.0003823548749486252,14.336504098654896,either,1.878465847605312,0.0003823548749486252
JVASP-5335,NbSe2Cl2,5,2,3.976433113450639e-06,3.976433113450639e-06,1.952973162991381,1.878465847605312,0.0003791577541104445,14.336504098654896,either,1.878465847605312,0.0003791577541104445
JVASP-5335,NbSe2Cl2,6,2,2.8756698799980995e-06,2.8756698799980995e-06,2.076749785473165,1.8381060530261648,0.00025104351243213666,13.311120934823798,either,1.8381060530261648,0.00025104351243213666
JVASP-5335,NbSe2Cl2,7,2,2.8756698799980995e-06,2.8756698799980995e-06,2.0769075865785593,1.8381060530261648,0.0002491987567661077,13.311120934823798,either,1.8381060530261648,0.0002491987567661077
JVASP-5335,NbSe2Cl2,52,2,6.0302576101456395e-06,6.0302576101456395e-06,2.3169575610736093,1.55778915544793,0.000528612151212542,22.786290200217117,either,1.55778915544793,0.000528612151212542
JVASP-5335,NbSe2Cl2,53,2,6.0302576101456395e-06,6.0302576101456395e-06,2.317008156429078,1.55778915544793,0.0005274365532494273,22.786290200217117,either,1.55778915544793,0.0005274365532494273
JVASP-5335,NbSe2Cl2,54,2,7.979387143031147e-06,7.979387143031147e-06,2.6323313243465667,2.126212023115448,0.0005397753747175779,8.15232234496364,either,2.126212023115448,0.0005397753747175779
JVASP-5335,NbSe2Cl2,55,2,7.979387143031147e-06,7.979387143031147e-06,2.63252926668799,2.126212023115448,0.0005409077397754288,8.15232234496364,either,2.126212023115448,0.0005409077397754288
JVASP-5365,CrCl3,56,2,0.0010328240066534988,0.0010328240066534988,0.9636199642225053,0.147372670639994,0.6555299058552133,768.7530895265205,either,0.147372670639994,0.6555299058552133
JVASP-5365,CrCl3,57,2,0.0010328240066534988,0.0010328240066534988,0.9617513450945725,0.147372670639994,0.6517595084639373,768.7530895265205,either,0.147372670639994,0.6517595084639373
JVASP-5365,CrCl3,58,2,0.0006333481554268161,0.0006333481554268161,0.9754512287828181,0.10314524171703668,0.42002005855513924,538.045642354079,either,0.10314524171703668,0.42002005855513924
JVASP-5365,CrCl3,59,2,0.0006333481554268161,0.0006333481554268161,0.9747538946709867,0.10314524171703668,0.41644446605296187,538.045642354079,either,0.10314524171703668,0.41644446605296187
JVASP-54664,ScIr3C,0,2,0.013098819328801525,0.013098819328801525,0.06467644845763361,0.11387219723104211,1.811400985256516,937.0045221225975,either,0.06467644845763361,1.811400985256516
JVASP-54664,ScIr3C,1,2,0.013098819328801525,0.013098819328801525,0.05273691213212261,0.11387219723104211,1.4770089711726944,937.0045221225975,either,0.05273691213212261,1.4770089711726944
JVASP-54890,RbW3Cl9,158,2,0.2080137797893844,0.2080137797893844,0.6266615092421943,1.2560590872601978,11.734971536923437,6.377678992807773,single,0.6266615092421943,11.734971536923437
JVASP-54890,RbW3Cl9,159,2,0.2080137797893844,0.2080137797893844,0.6309108349994619,1.2560590872601978,12.965452833479182,6.377678992807773,single,0.6309108349994619,12.965452833479182
JVASP-56172,Mg3Si8Ir3,0,2,0.00012504428333670603,0.00012504428333670603,0.4614479611279345,0.3278473710908191,0.003794291499209788,12.538834322407913,either,0.3278473710908191,0.003794291499209788
JVASP-56172,Mg3Si8Ir3,1,2,0.00012504428333670603,0.00012504428333670603,0.4604907548807128,0.3278473710908191,0.003842604353414417,12.538834322407913,either,0.3278473710908191,0.003842604353414417
JVASP-5668,TaCl4,48,2,0.001048510976928263,0.001048510976928263,0.1787533446232617,0.3552261578722701,0.18392138382411183,92.08664984133499,either,0.1787533446232617,0.18392138382411183
JVASP-5668,TaCl4,49,2,0.001048510976928263,0.001048510976928263,0.17849396082709504,0.3552261578722701,0.1837807105287027,92.08664984133499,either,0.17849396082709504,0.1837807105287027
JVASP-5668,TaCl4,50,2,0.000472794555335998,0.000472794555335998,0.26563364756468366,0.5270753292191327,0.046256013475582725,3.00464638764867,single,0.26563364756468366,0.046256013475582725
JVASP-5668,TaCl4,51,2,0.000472794555335998,0.000472794555335998,0.2658379346656797,0.5270753292191327,0.04622312318116145,3.00464638764867,single,0.2658379346656797,0.04622312318116145
JVASP-5668,TaCl4,56,2,0.00025217358750673213,0.00025217358750673213,0.42074676007676026,0.39897433012544875,0.021115581254694638,5.864090898810226,either,0.39897433012544875,0.021115581254694638
JVASP-5668,TaCl4,57,2,0.00025217358750673213,0.00025217358750673213,0.42060041639912,0.39897433012544875,0.021108248048723986,5.864090898810226,either,0.39897433012544875,0.021108248048723986
JVASP-5668,TaCl4,58,2,0.013588478415803351,0.013588478415803351,0.21791672165314782,0.3540823031654673,1.7910846754755947,14.526175638068215,single,0.21791672165314782,1.7910846754755947
JVASP-5668,TaCl4,59,2,0.013588478415803351,0.013588478415803351,0.21865450095435207,0.3540823031654673,1.770866462794151,14.526175638068215,single,0.21865450095435207,1.770866462794151
JVASP-5668,TaCl4,60,2,0.0005741928778864036,0.0005741928778864036,0.5483779953877393,0.4572619027543126,0.06680799117498408,12.704326059979918,either,0.4572619027543126,0.06680799117498408
JVASP-5668,TaCl4,61,2,0.0005741928778864036,0.0005741928778864036,0.5479316510909182,0.4572619027543126,0.06695220533934523,12.704326059979918,either,0.4572619027543126,0.06695220533934523
JVASP-5743,Nb3Cl8,108,2,0.006096267978686676,0.006096267978686676,0.42595687566853563,0.16964333554712163,0.3514796043100567,6.577010182883246,single,0.42595687566853563,0.3514796043100567
JVASP-5743,Nb3Cl8,109,2,0.006096267978686676,0.006096267978686676,0.43164972589300665,0.16964333554712163,0.3720232876329783,6.577010182883246,single,0.43164972589300665,0.3720232876329783
JVASP-5743,Nb3Cl8,110,2,0.005179354058483909,0.005179354058483909,0.42143241194925907,0.1579470733135179,0.31069028698738177,6.2743348812886435,single,0.42143241194925907,0.31069028698738177
JVASP-5743,Nb3Cl8,111,2,0.005179354058483909,0.005179354058483909,0.42786323964690914,0.1579470733135179,0.32922172569025515,6.2743348812886435,single,0.42786323964690914,0.32922172569025515
JVASP-5839,AlSiTe3,14,2,4.162576839750187e-05,4.162576839750187e-05,1.9916885222748002,0.7355751339010728,0.0029714506353111705,19.47034123033802,either,0.7355751339010728,0.0029714506353111705
JVASP-5839,AlSiTe3,15,2,4.162576839750187e-05,4.162576839750187e-05,1.9918654401711704,0.7355751339010728,0.002971749760455259,19.47034123033802,either,0.7355751339010728,0.002971749760455259
JVASP-5887,CdBr2,4,2,0.00013872248366197937,0.00013872248366197937,11.175710153283354,1.0120478031764244,0.011609492045580103,40.13679727372767,either,1.0120478031764244,0.011609492045580103
JVASP-5887,CdBr2,5,2,0.00013872248366197937,0.00013872248366197937,11.1717330863963,1.0120478031764244,0.0114689217120633,40.13679727372767,either,1.0120478031764244,0.0114689217120633
JVASP-5905,BCl3,0,2,0.0011436362378596243,0.0011436362378596243,0.010553485237125269,0.012620767762675861,0.025805964712503227,43.109225427170266,either,0.010553485237125269,0.025805964712503227
JVASP-5905,BCl3,1,2,0.0011436362378596243,0.0011436362378596243,0.01099756545907819,0.012620767762675861,0.026891854186903943,43.109225427170266,either,0.01099756545907819,0.026891854186903943
JVASP-5905,BCl3,6,2,0.0008715773054621678,0.0008715773054621678,0.0008521116158924315,0.0008426153300894758,0.0015879567982421449,1.9870930551611035,single,0.0008521116158924315,0.0015879567982421449
JVASP-5905,BCl3,7,2,0.0008715773054621678,0.0008715773054621678,0.0007343410523766773,0.0008426153300894758,0.0013684848846105175,1.9870930551611035,single,0.0007343410523766773,0.0013684848846105175
JVASP-5905,BCl3,18,2,1.759211952223616e-05,1.759211952223616e-05,0.850865487126377,0.0006526416501797072,0.009189831283288203,2.1641945939508043,either,0.0006526416501797072,0.009189831283288203
JVASP-5905,BCl3,19,2,1.759211952223616e-05,1.759211952223616e-05,0.8508619606869683,0.0006526416501797072,0.009191307516543526,2.1641945939508043,either,0.0006526416501797072,0.009191307516543526
JVASP-5968,SbI3,26,2,8.999385670449556e-06,8.999385670449556e-06,6.451865720768138,1.8819307725114722,0.00025800829308207055,2.4153907033531707,either,1.8819307725114722,0.00025800829308207055
JVASP-5968,SbI3,27,2,8.999385670449556e-06,8.999385670449556e-06,6.44982274706462,1.8819307725114722,0.00025799926927965784,2.4153907033531707,either,1.8819307725114722,0.00025799926927965784
JVASP-5968,SbI3,28,2,8.043290006476411e-06,8.043290006476411e-06,4.652631220954061,2.079847720540009,0.0002604285635610817,2.1351675707564213,either,2.079847720540009,0.0002604285635610817
JVASP-5968,SbI3,29,2,8.043290006476411e-06,8.043290006476411e-06,4.662009768008783,2.079847720540009,0.00026037534574085633,2.1351675707564213,either,2.079847720540009,0.00026037534574085633
JVASP-5968,SbI3,52,2,1.600783822830465e-05,1.600783822830465e-05,4.694549573684011,1.3778982217435645,0.0007027661025847885,3.224947836493817,either,1.3778982217435645,0.0007027661025847885
JVASP-5968,SbI3,53,2,1.600783822830465e-05,1.600783822830465e-05,4.693464735448252,1.3778982217435645,0.0007028345530428595,3.224947836493817,either,1.3778982217435645,0.0007028345530428595
JVASP-6004,BBr3,6,2,6.645844299768555e-06,6.645844299768555e-06,1.4835585978336743,0.00688040539502696,0.0011251118691255856,29.403637514478763,either,0.00688040539502696,0.0011251118691255856
JVASP-6004,BBr3,7,2,6.645844299768555e-06,6.645844299768555e-06,1.4835731831466155,0.00688040539502696,0.0011205535791881432,29.403637514478763,either,0.00688040539502696,0.0011205535791881432
JVASP-6004,BBr3,8,2,4.322678809920433e-05,4.322678809920433e-05,2.23074914379626,0.40273610825392697,0.004213638730291227,5.1236906162033256,either,0.40273610825392697,0.004213638730291227
JVASP-6004,BBr3,9,2,4.322678809920433e-05,4.322678809920433e-05,2.227466682702297,0.40273610825392697,0.004221542907039412,5.1236906162033256,either,0.40273610825392697,0.004221542907039412
JVASP-6004,BBr3,10,2,3.064135927388634e-05,3.064135927388634e-05,2.475848777222089,0.40410055008365886,0.0033622407367652303,5.8106546343894285,either,0.40410055008365886,0.0033622407367652303
JVASP-6004,BBr3,11,2,3.064135927388634e-05,3.064135927388634e-05,2.4825804347472484,0.40410055008365886,0.0033669380251345827,5.8106546343894285,either,0.40410055008365886,0.0033669380251345827
JVASP-6004,BBr3,12,2,0.0006845188871533736,0.0006845188871533736,0.011589069565244286,0.008958199775322064,0.01696173560869636,17.457347673299004,either,0.008958199775322064,0.01696173560869636
JVASP-6004,BBr3,13,2,0.0006845188871533736,0.0006845188871533736,0.011468472685462517,0.008958199775322064,0.0167852302923225,17.457347673299004,either,0.008958199775322064,0.0167852302923225
JVASP-6004,BBr3,22,2,7.0707458368346465e-06,7.0707458368346465e-06,3.8126587972034423,0.5638382040340593,0.0012709907236194164,36.75049246105101,either,0.5638382040340593,0.0012709907236194164
JVASP-6004,BBr3,23,2,7.0707458368346465e-06,7.0707458368346465e-06,3.7630285330891526,0.5638382040340593,0.0012780174704722425,36.75049246105101,either,0.5638382040340593,0.0012780174704722425
JVASP-6004,BBr3,24,2,1.1195534282304465e-05,1.1195534282304465e-05,0.5118517694431997,0.0013210921671673072,0.00551839672167333,4.431745242588426,either,0.0013210921671673072,0.00551839672167333
JVASP-6004,BBr3,25,2,1.1195534282304465e-05,1.1195534282304465e-05,0.5118348996220445,0.0013210921671673072,0.005522914054153613,4.431745242588426,either,0.0013210921671673072,0.005522914054153613
JVASP-6004,BBr3,26,2,0.00011197360706302617,0.00011197360706302617,1.4444767002029049,0.15225339736148957,0.010976788879845526,64.71287936041035,either,0.15225339736148957,0.010976788879845526
JVASP-6004,BBr3,27,2,0.00011197360706302617,0.00011197360706302617,1.4454935716699844,0.15225339736148957,0.010961495413374616,64.71287936041035,either,0.15225339736148957,0.010961495413374616
JVASP-60236,Nb2O5,28,2,5.67694148223552e-06,5.67694148223552e-06,3.1987007876222826,0.9639149599106047,0.0009590623918949657,25.84500451866315,either,0.9639149599106047,0.0009590623918949657
JVASP-60236,Nb2O5,29,2,5.67694148223552e-06,5.67694148223552e-06,3.195791616987501,0.9639149599106047,0.0009578648223866264,25.84500451866315,either,0.9639149599106047,0.0009578648223866264
JVASP-60236,Nb2O5,30,2,2.870924258324692e-06,2.870924258324692e-06,3.200039425044404,1.1560006166499401,0.0007075230493600053,206.66482630795264,either,1.1560006166499401,0.0007075230493600053
JVASP-60236,Nb2O5,31,2,2.870924258324692e-06,2.870924258324692e-06,3.2003915424906593,1.1560006166499401,0.0007079225235315216,206.66482630795264,either,1.1560006166499401,0.0007079225235315216
JVASP-60236,Nb2O5,32,2,2.1738662152159804e-05,2.1738662152159804e-05,2.7360852256718373,1.53512376060857,0.00326611898899266,38.93134109807821,either,1.53512376060857,0.00326611898899266
JVASP-60236,Nb2O5,33,2,2.1738662152159804e-05,2.1738662152159804e-05,2.7346995615683323,1.53512376060857,0.0032644660635976477,38.93134109807821,either,1.53512376060857,0.0032644660635976477
JVASP-60237,Te2Au,8,2,0.0002995063052519953,0.0002995063052519953,2.991788113588906,3.6538256824349666,0.023976707543526043,9.26556962303665,either,2.991788113588906,0.023976707543526043
JVASP-60237,Te2Au,9,2,0.0002995063052519953,0.0002995063052519953,2.990813494447446,3.6538256824349666,0.024028855889575325,9.26556962303665,either,2.990813494447446,0.024028855889575325
JVASP-60237,Te2Au,10,2,0.0002516902826803502,0.0002516902826803502,3.8828175343172644,4.783290719307247,0.023765299631939733,6.045374164021996,either,3.8828175343172644,0.023765299631939733
JVASP-60237,Te2Au,11,2,0.0002516902826803502,0.0002516902826803502,3.891904323273893,4.783290719307247,0.023791716001396682,6.045374164021996,either,3.891904323273893,0.023791716001396682
JVASP-60241,Ge3Sb2O9,16,2,0.00022521518889284664,0.00022521518889284664,2.554898796211477,1.2593064368960025,0.00929277526731153,2.607541687816025,single,2.554898796211477,0.00929277526731153
JVASP-60241,Ge3Sb2O9,17,2,0.00022521518889284664,0.00022521518889284664,2.52963991544176,1.2593064368960025,0.009438791122955394,2.607541687816025,single,2.52963991544176,0.009438791122955394
JVASP-60241,Ge3Sb2O9,18,2,0.00010348389243830525,0.00010348389243830525,2.4759980000017343,1.0693129670473667,0.011758444717294734,16.58976432615628,either,1.0693129670473667,0.011758444717294734
JVASP-60241,Ge3Sb2O9,19,2,0.00010348389243830525,0.00010348389243830525,2.470714995298551,1.0693129670473667,0.011677401517220777,16.58976432615628,either,1.0693129670473667,0.011677401517220777
JVASP-60241,Ge3Sb2O9,20,2,0.00046137781339350425,0.00046137781339350425,3.2596028618181423,0.49515842319878767,0.015441236802151639,10.887635536017141,either,0.49515842319878767,0.015441236802151639
JVASP-60241,Ge3Sb2O9,21,2,0.00046137781339350425,0.00046137781339350425,3.258277195336939,0.49515842319878767,0.01546517524291103,10.887635536017141,either,0.49515842319878767,0.01546517524291103
JVASP-60241,Ge3Sb2O9,56,2,2.2546998476258295e-05,2.2546998476258295e-05,4.334540029567212,0.08002443857389675,0.0009289458936948633,10.625333967784078,either,0.08002443857389675,0.0009289458936948633
JVASP-60241,Ge3Sb2O9,57,2,2.2546998476258295e-05,2.2546998476258295e-05,4.3355896722301885,0.08002443857389675,0.0009320695149896887,10.625333967784078,either,0.08002443857389675,0.0009320695149896887
JVASP-60241,Ge3Sb2O9,58,2,0.00045824171352559784,0.00045824171352559784,2.1580106438837037,0.9876333306929623,0.03703401083302193,11.479248502502195,either,0.9876333306929623,0.03703401083302193
JVASP-60241,Ge3Sb2O9,59,2,0.00045824171352559784,0.00045824171352559784,2.34750768329408,0.9876333306929623,0.037346113661256265,11.479248502502195,either,0.9876333306929623,0.037346113661256265
JVASP-60261,CuBr,0,2,0.0044901811981432616,0.0044901811981432616,0.07183757639360078,0.02309244123401414,0.6896866552722123,475.0909775669484,either,0.02309244123401414,0.6896866552722123
JVASP-60261,CuBr,1,2,0.0044901811981432616,0.0044901811981432616,0.07184309069161104,0.02309244123401414,0.6897395960581046,475.0909775669484,either,0.02309244123401414,0.6897395960581046
JVASP-60261,CuBr,6,2,1.295503227360939e-05,1.295503227360939e-05,1.8474124999724593,0.2977419979096729,0.006581490715017408,350.86613553856176,either,0.2977419979096729,0.006581490715017408
JVASP-60261,CuBr,7,2,1.295503227360939e-05,1.295503227360939e-05,1.8453758684622081,0.2977419979096729,0.006572160173112548,350.86613553856176,either,0.2977419979096729,0.006572160173112548
JVASP-60280,UBr4,14,2,0.004554296104252842,0.004554296104252842,0.4889615201529786,0.10584518260739986,0.8741246535794533,76.00213723791353,either,0.10584518260739986,0.8741246535794533
JVASP-60280,UBr4,15,2,0.004554296104252842,0.004554296104252842,0.49032308792434354,0.10584518260739986,0.8562580406049193,76.00213723791353,either,0.10584518260739986,0.8562580406049193
JVASP-60280,UBr4,64,2,0.001882725941977359,0.001882725941977359,0.9411458242249797,0.3678048678923006,0.16777813734253813,4.31625179172571,single,0.9411458242249797,0.16777813734253813
JVASP-60280,UBr4,65,2,0.001882725941977359,0.001882725941977359,1.1319198489739042,0.3678048678923006,0.1872046314980343,4.31625179172571,single,1.1319198489739042,0.1872046314980343
JVASP-6031,MnI2,24,2,0.02155718086907199,0.02155718086907199,1.5666119579413924,0.5280594001038073,7.105995304381315,93.6913153231141,single,1.5666119579413924,7.105995304381315
JVASP-6031,MnI2,25,2,0.02155718086907199,0.02155718086907199,1.5096056318707562,0.5280594001038073,5.598468171146148,93.6913153231141,single,1.5096056318707562,5.598468171146148
JVASP-6034,CoBr2,24,2,0.03198744566738476,0.03198744566738476,1.8547584123123317,0.4792038936934821,6.907176042348859,163.60170501929284,single,1.8547584123123317,6.907176042348859
JVASP-6034,CoBr2,25,2,0.03198744566738476,0.03198744566738476,1.7891215056934504,0.4792038936934821,6.438447790606408,163.60170501929284,single,1.7891215056934504,6.438447790606408
JVASP-60349,Ta3SBr7,4,2,0.0002474717940224025,0.0002474717940224025,1.3339769440955087,0.37864313279730677,0.08081946616509038,58.10549569535741,either,0.37864313279730677,0.08081946616509038
JVASP-60349,Ta3SBr7,5,2,0.0002474717940224025,0.0002474717940224025,1.309060227995598,0.37864313279730677,0.07773075380755921,58.10549569535741,either,0.37864313279730677,0.07773075380755921
JVASP-60349,Ta3SBr7,6,2,0.00037014524722067677,0.00037014524722067677,0.8884355298839974,0.6765774559908471,0.046578177579396945,9.582205615750594,either,0.6765774559908471,0.046578177579396945
JVASP-60349,Ta3SBr7,7,2,0.00037014524722067677,0.00037014524722067677,0.9382322913629243,0.6765774559908471,0.04704370003365634,9.582205615750594,either,0.6765774559908471,0.04704370003365634
JVASP-60349,Ta3SBr7,12,2,0.06032939400964743,0.06032939400964743,0.1406431191523244,0.34787310020815926,16.40959313079273,464.1427126050083,single,0.1406431191523244,16.40959313079273
JVASP-60349,Ta3SBr7,13,2,0.06032939400964743,0.06032939400964743,0.2388622530204898,0.34787310020815926,17.7713076580317,464.1427126050083,single,0.2388622530204898,17.7713076580317
JVASP-60349,Ta3SBr7,62,2,0.0014650553835768854,0.0014650553835768854,0.9725845355896056,0.5754431992802795,0.06462145252983545,15.460424458973263,single,0.9725845355896056,0.06462145252983545
JVASP-60349,Ta3SBr7,63,2,0.0014650553835768854,0.0014650553835768854,0.9777607464683513,0.5754431992802795,0.06287736285518009,15.460424458973263,single,0.9777607464683513,0.06287736285518009
JVASP-60349,Ta3SBr7,68,2,0.0012782189108806463,0.0012782189108806463,1.18002775531997,0.5395153647336113,0.09848850732725253,51.354513434071514,either,0.5395153647336113,0.09848850732725253
JVASP-60349,Ta3SBr7,69,2,0.0012782189108806463,0.0012782189108806463,1.1918355972517287,0.5395153647336113,0.09805994712809754,51.354513434071514,either,0.5395153647336113,0.09805994712809754
JVASP-60389,CrGeTe3,14,2,0.04267565411680252,0.04267565411680252,0.31559474156217104,0.6253925828379556,5.304943609655204,86.27407851330244,single,0.31559474156217104,5.304943609655204
JVASP-60389,CrGeTe3,15,2,0.04267565411680252,0.04267565411680252,0.310255884071959,0.6253925828379556,5.43146304712248,86.27407851330244,single,0.310255884071959,5.43146304712248
JVASP-60391,CoH2SeO4,82,2,0.049540205163448814,0.049540205163448814,0.3473495313548906,0.6854394032557419,10.858475295291651,21.280598242873385,single,0.3473495313548906,10.858475295291651
JVASP-60391,CoH2SeO4,83,2,0.049540205163448814,0.049540205163448814,0.3422689083192456,0.6854394032557419,10.9094547341839,21.280598242873385,single,0.3422689083192456,10.9094547341839
JVASP-60443,CrCl3,37,2,0.0027300996126431443,0.0027300996126431443,2.506281573896481,1.291917620158109,0.27361498360730896,6.838606707439364,single,2.506281573896481,0.27361498360730896
JVASP-60443,CrCl3,38,2,0.0027300996126431443,0.0027300996126431443,2.414809327379376,1.291917620158109,0.3638503911404832,6.838606707439364,single,2.414809327379376,0.3638503911404832
JVASP-60443,CrCl3,56,2,0.002164090682034381,0.002164090682034381,1.0604326276135272,0.042213554694488925,1.3910585107441773,93.96056926291678,either,0.042213554694488925,1.3910585107441773
JVASP-60443,CrCl3,57,2,0.002164090682034381,0.002164090682034381,1.0604778650256863,0.042213554694488925,1.3805660026679614,93.96056926291678,either,0.042213554694488925,1.3805660026679614
JVASP-60525,VAgP2Se6,0,2,2.766897941697266e-05,2.766897941697266e-05,1.8084995305394085,0.5461604028728055,0.0016623064871348363,30.43483940870125,either,0.5461604028728055,0.0016623064871348363
JVASP-60525,VAgP2Se6,1,2,2.766897941697266e-05,2.766897941697266e-05,1.8102773041880966,0.5461604028728055,0.0016654788290925702,30.43483940870125,either,0.5461604028728055,0.0016654788290925702
JVASP-60525,VAgP2Se6,2,2,0.013028050270598612,0.013028050270598612,0.3589033544654936,0.714348201255252,0.8992421465251305,24.827027839486217,single,0.3589033544654936,0.8992421465251305
JVASP-60525,VAgP2Se6,3,2,0.013028050270598612,0.013028050270598612,0.3569822075036695,0.714348201255252,0.8835722685652695,24.827027839486217,single,0.3569822075036695,0.8835722685652695
JVASP-60525,VAgP2Se6,14,2,0.01052784866547718,0.01052784866547718,0.28790322330851975,0.572128525615577,0.9351846911844705,58.57148068074975,single,0.28790322330851975,0.9351846911844705
JVASP-60525,VAgP2Se6,15,2,0.01052784866547718,0.01052784866547718,0.2866421879570429,0.572128525615577,0.9356416342559462,58.57148068074975,single,0.2866421879570429,0.9356416342559462
JVASP-60525,VAgP2Se6,61,2,0.0059974874766264286,0.0059974874766264286,0.9961504977493691,0.771473900237521,2.0823469277614945,15.069213604619723,single,0.9961504977493691,2.0823469277614945
JVASP-60525,VAgP2Se6,62,2,0.0059974874766264286,0.0059974874766264286,0.9123441094973083,0.771473900237521,1.0637723506966688,15.069213604619723,single,0.9123441094973083,1.0637723506966688
JVASP-60529,Li2UBr6,53,2,0.0008600583807170104,0.0008600583807170104,1.9473424905717183,1.7355442206473959,0.31761183550790983,11.376784596111383,either,1.7355442206473959,0.31761183550790983
JVASP-60529,Li2UBr6,54,2,0.0008600583807170104,0.0008600583807170104,1.481704378085096,1.7355442206473959,0.4006954765788221,11.376784596111383,either,1.481704378085096,0.4006954765788221
JVASP-60543,GaAgP2Se6,16,2,0.00027662824596674795,0.00027662824596674795,4.367828341180553,0.8364417397691506,0.037485522131084435,136.8219825518341,either,0.8364417397691506,0.037485522131084435
JVASP-60543,GaAgP2Se6,17,2,0.00027662824596674795,0.00027662824596674795,4.359075408109173,0.8364417397691506,0.0372267560869399,136.8219825518341,either,0.8364417397691506,0.0372267560869399
JVASP-6055,FeCl2,20,2,0.00831448450531136,0.00831448450531136,1.8319128748390487,0.3281018360962297,2.367171126684993,188.107792159913,either,0.3281018360962297,2.367171126684993
JVASP-6055,FeCl2,21,2,0.00831448450531136,0.00831448450531136,1.7974887133338133,0.3281018360962297,2.1844327507985577,188.107792159913,either,0.3281018360962297,2.1844327507985577
JVASP-60558,YBr3,16,2,0.00010382319548085661,0.00010382319548085661,4.221437417105413,1.7429204640093814,0.0032385922077978234,1.5398191800087293,either,1.7429204640093814,0.0032385922077978234
JVASP-60558,YBr3,17,2,0.00010382319548085661,0.00010382319548085661,4.193919883071043,1.7429204640093814,0.0032436956318464345,1.5398191800087293,either,1.7429204640093814,0.0032436956318464345
JVASP-60578,CrP2S7,4,2,0.01328294631918503,0.01328294631918503,0.3877837299547652,0.7675369442770174,1.4569417928346458,8.467704998747498,single,0.3877837299547652,1.4569417928346458
JVASP-60578,CrP2S7,5,2,0.01328294631918503,0.01328294631918503,0.3836263990403802,0.7675369442770174,1.4657242069013867,8.467704998747498,single,0.3836263990403802,1.4657242069013867
JVASP-60578,CrP2S7,54,2,0.002014394673828551,0.002014394673828551,0.7576052205399106,1.2375735273028574,0.2126676544331957,5.044591257964613,single,0.7576052205399106,0.2126676544331957
JVASP-60578,CrP2S7,55,2,0.002014394673828551,0.002014394673828551,0.756534283551247,1.2375735273028574,0.22072424272996072,5.044591257964613,single,0.756534283551247,0.22072424272996072
JVASP-6079,InSe,4,2,1.0789007040656884e-05,1.0789007040656884e-05,1.888200677304263,0.38755311133236797,0.0009264478691572034,32.25845256293673,either,0.38755311133236797,0.0009264478691572034
JVASP-6079,InSe,5,2,1.0789007040656884e-05,1.0789007040656884e-05,1.8912211766260758,0.38755311133236797,0.0009355465296873167,32.25845256293673,either,0.38755311133236797,0.0009355465296873167
JVASP-6088,CrBr3,52,2,0.05175071153682609,0.05175071153682609,1.3368212806154718,1.368169314611512,4.729836503029221,4.562239178515247,single,1.3368212806154718,4.729836503029221
JVASP-6088,CrBr3,53,2,0.05175071153682609,0.05175071153682609,0.9598697860415681,1.368169314611512,4.345249966508397,4.562239178515247,single,0.9598697860415681,4.345249966508397
JVASP-6088,CrBr3,68,2,0.004481317747702773,0.004481317747702773,1.1612419516413328,0.06373356497946878,2.8625407270412064,78.4139327827226,either,0.06373356497946878,2.8625407270412064
JVASP-6088,CrBr3,69,2,0.004481317747702773,0.004481317747702773,1.1611356524575387,0.06373356497946878,2.847240988725621,78.4139327827226,either,0.06373356497946878,2.847240988725621
JVASP-6094,BiI3,24,2,1.2743870814624358e-05,1.2743870814624358e-05,5.906160537124707,2.0310521662796237,0.0003460464988221204,1.7048603153070898,either,2.0310521662796237,0.0003460464988221204
JVASP-6094,BiI3,25,2,1.2743870814624358e-05,1.2743870814624358e-05,5.895647906855265,2.0310521662796237,0.00034606877442727415,1.7048603153070898,either,2.0310521662796237,0.00034606877442727415
JVASP-6094,BiI3,26,2,6.418997996249232e-06,6.418997996249232e-06,4.397014813827941,1.8260719851665943,0.00018159074984526902,4.227445673467823,either,1.8260719851665943,0.00018159074984526902
JVASP-6094,BiI3,27,2,6.418997996249232e-06,6.418997996249232e-06,4.400409099865383,1.8260719851665943,0.00018158726171070308,4.227445673467823,either,1.8260719851665943,0.00018158726171070308
JVASP-6094,BiI3,28,2,3.4286775812297776e-05,3.4286775812297776e-05,3.1396689571216143,2.302959495680912,0.001107420133632494,2.36337408835696,either,2.302959495680912,0.001107420133632494
JVASP-6094,BiI3,29,2,3.4286775812297776e-05,3.4286775812297776e-05,3.1468682839624913,2.302959495680912,0.0011073569304682709,2.36337408835696,either,2.302959495680912,0.0011073569304682709
JVASP-6106,BI3,0,2,0.0056964171632110094,0.0056964171632110094,0.0010500990724022297,0.001268743470595638,0.012789935227390437,1.9818624974608714,single,0.0010500990724022297,0.012789935227390437
JVASP-6106,BI3,1,2,0.0056964171632110094,0.0056964171632110094,0.0011147435611900598,0.001268743470595638,0.013577288388757117,1.9818624974608714,single,0.0011147435611900598,0.013577288388757117
JVASP-6106,BI3,6,2,1.1694554178376393e-05,1.1694554178376393e-05,2.204721651474154,0.0099923179929101,0.0024009515465256673,42.786791423138915,either,0.0099923179929101,0.0024009515465256673
JVASP-6106,BI3,7,2,1.1694554178376393e-05,1.1694554178376393e-05,2.2047560465651657,0.0099923179929101,0.0024043803512173224,42.786791423138915,either,0.0099923179929101,0.0024043803512173224
JVASP-6106,BI3,8,2,1.3940723551542078e-05,1.3940723551542078e-05,3.623595760366398,0.20137281663758652,0.0012611802752730832,23.56931234788984,either,0.20137281663758652,0.0012611802752730832
JVASP-6106,BI3,9,2,1.3940723551542078e-05,1.3940723551542078e-05,3.6204719242028194,0.20137281663758652,0.0012644364618507376,23.56931234788984,either,0.20137281663758652,0.0012644364618507376
JVASP-6106,BI3,10,2,1.5279603156059807e-05,1.5279603156059807e-05,3.4997988496263526,0.21769531138219378,0.0016774183806880125,28.34517971366155,either,0.21769531138219378,0.0016774183806880125
JVASP-6106,BI3,11,2,1.5279603156059807e-05,1.5279603156059807e-05,3.513273455680971,0.21769531138219378,0.0016787895645672636,28.34517971366155,either,0.21769531138219378,0.0016787895645672636
JVASP-6106,BI3,12,2,2.414436784015095e-05,2.414436784015095e-05,3.1106115463097876,0.04294716155395356,0.0035480240948585406,62.94215143511988,either,0.04294716155395356,0.0035480240948585406
JVASP-6106,BI3,13,2,2.414436784015095e-05,2.414436784015095e-05,3.1094900541693407,0.04294716155395356,0.003543897665924381,62.94215143511988,either,0.04294716155395356,0.003543897665924381
JVASP-6106,BI3,14,2,6.492116942702353e-06,6.492116942702353e-06,4.041084945171323,1.1031424408370647,0.0007050360666141824,5.986356886256759,either,1.1031424408370647,0.0007050360666141824
JVASP-6106,BI3,15,2,6.492116942702353e-06,6.492116942702353e-06,4.214958811303616,1.1031424408370647,0.0006943738485427524,5.986356886256759,either,1.1031424408370647,0.0006943738485427524
JVASP-6106,BI3,22,2,7.026842021140567e-06,7.026842021140567e-06,4.0477248858596875,0.6510409970848641,0.0010907117271474302,47.02648667618481,either,0.6510409970848641,0.0010907117271474302
JVASP-6106,BI3,23,2,7.026842021140567e-06,7.026842021140567e-06,3.9724784391731705,0.6510409970848641,0.0011115770854044466,47.02648667618481,either,0.6510409970848641,0.0011115770854044466
JVASP-6106,BI3,24,2,0.00013035029050501024,0.00013035029050501024,1.327204506073688,0.004044289946989086,0.04844393937349514,7.209421422381962,either,0.004044289946989086,0.04844393937349514
JVASP-6106,BI3,25,2,0.00013035029050501024,0.00013035029050501024,1.327450789922343,0.004044289946989086,0.0484557501043601,7.209421422381962,either,0.004044289946989086,0.0484557501043601
JVASP-6109,MoBr3,10,2,0.003409256155002538,0.003409256155002538,0.10502799043473957,0.22404383156638744,0.7655983223602646,12.768384098595932,single,0.10502799043473957,0.7655983223602646
JVASP-6109,MoBr3,11,2,0.003409256155002538,0.003409256155002538,0.12044078682172181,0.22404383156638744,0.877949429983199,12.768384098595932,single,0.12044078682172181,0.877949429983199
JVASP-6115,AlI3,0,2,0.0004144844415563398,0.0004144844415563398,0.838763048545323,0.5101188455542248,0.11886177150560613,68.38490271411075,either,0.5101188455542248,0.11886177150560613
JVASP-6115,AlI3,1,2,0.0004144844415563398,0.0004144844415563398,0.8385978011411126,0.5101188455542248,0.11888280883244541,68.38490271411075,either,0.5101188455542248,0.11888280883244541
JVASP-6115,AlI3,2,2,0.00012131700863093897,0.00012131700863093897,2.1995489413067264,0.51216990195367,0.04636327641323601,82.6914782133971,either,0.51216990195367,0.04636327641323601
JVASP-6115,AlI3,3,2,0.00012131700863093897,0.00012131700863093897,2.199417314134352,0.51216990195367,0.046306915474454355,82.6914782133971,either,0.51216990195367,0.046306915474454355
JVASP-6115,AlI3,48,2,4.94893832412302e-05,4.94893832412302e-05,4.51203572195732,0.5435388043285847,0.004055145900073917,21.815559146121945,either,0.5435388043285847,0.004055145900073917
JVASP-6115,AlI3,49,2,4.94893832412302e-05,4.94893832412302e-05,4.511881675715809,0.5435388043285847,0.004048210411933895,21.815559146121945,either,0.5435388043285847,0.004048210411933895
JVASP-6115,AlI3,50,2,0.00012754492864974765,0.00012754492864974765,2.0946379942424453,0.5563748980299288,0.009100475726533452,14.899274637490036,either,0.5563748980299288,0.009100475726533452
JVASP-6115,AlI3,51,2,0.00012754492864974765,0.00012754492864974765,2.0945113360939045,0.5563748980299288,0.009093903864342402,14.899274637490036,either,0.5563748980299288,0.009093903864342402
JVASP-6118,TiI3,0,2,0.0005996022143293089,0.0005996022143293089,0.8100328915027042,0.702049117626695,0.10343555795355383,8.931532156292786,either,0.702049117626695,0.10343555795355383
JVASP-6118,TiI3,1,2,0.0005996022143293089,0.0005996022143293089,0.8121733273656047,0.702049117626695,0.10220619097586144,8.931532156292786,either,0.702049117626695,0.10220619097586144
JVASP-6307,MgPSe3,0,2,2.6995931715845245e-05,2.6995931715845245e-05,6.083473807059454,0.030146448298272878,0.0025820589871400606,57.25972427089935,either,0.030146448298272878,0.0025820589871400606
JVASP-6307,MgPSe3,1,2,2.6995931715845245e-05,2.6995931715845245e-05,6.0835674129290656,0.030146448298272878,0.002582517130027132,57.25972427089935,either,0.030146448298272878,0.002582517130027132
JVASP-6307,MgPSe3,2,2,1.2360013169399053e-05,1.2360013169399053e-05,2.5307101851073925,0.01542432946942307,0.0009617299714991644,29.29674646061942,either,0.01542432946942307,0.0009617299714991644
JVASP-6307,MgPSe3,3,2,1.2360013169399053e-05,1.2360013169399053e-05,2.53056962334348,0.01542432946942307,0.0009619283670425396,29.29674646061942,either,0.01542432946942307,0.0009619283670425396
JVASP-6307,MgPSe3,14,2,1.0153333294127265e-05,1.0153333294127265e-05,4.928413137487613,0.032641964084804645,0.0005916262571289076,77.87149837343563,either,0.032641964084804645,0.0005916262571289076
JVASP-6307,MgPSe3,15,2,1.0153333294127265e-05,1.0153333294127265e-05,4.928694485908741,0.032641964084804645,0.0005917603021063127,77.87149837343563,either,0.032641964084804645,0.0005917603021063127
JVASP-6313,AlSiTe3,14,2,0.00010741417314186208,0.00010741417314186208,6.0271972921504915,0.6752125947740402,0.00868604078168484,33.22103134701904,either,0.6752125947740402,0.00868604078168484
JVASP-6313,AlSiTe3,15,2,0.00010741417314186208,0.00010741417314186208,6.027581878645914,0.6752125947740402,0.008689037528402917,33.22103134701904,either,0.6752125947740402,0.008689037528402917
JVASP-6319,CrSiTe3,14,2,0.03803975384496816,0.03803975384496816,0.2785790461871265,0.5514056706385886,4.352197626213291,78.73006218369342,single,0.2785790461871265,4.352197626213291
JVASP-6319,CrSiTe3,15,2,0.03803975384496816,0.03803975384496816,0.27474027191912775,0.5514056706385886,4.387292760303662,78.73006218369342,single,0.27474027191912775,4.387292760303662
JVASP-6352,ScAgP2Se6,0,2,0.00037886301848288895,0.00037886301848288895,6.247150858294686,0.028303023817193705,0.042420261451346544,46.14283208747869,either,0.028303023817193705,0.042420261451346544
JVASP-6352,ScAgP2Se6,1,2,0.00037886301848288895,0.00037886301848288895,6.248390114210973,0.028303023817193705,0.0426333707974313,46.14283208747869,either,0.028303023817193705,0.0426333707974313
JVASP-6352,ScAgP2Se6,2,2,5.056691666283086e-06,5.056691666283086e-06,5.806391305074802,0.015084529098720725,0.00040673561320168195,24.59252756230661,either,0.015084529098720725,0.00040673561320168195
JVASP-6352,ScAgP2Se6,3,2,5.056691666283086e-06,5.056691666283086e-06,5.8064537555123525,0.015084529098720725,0.00040675958903645706,24.59252756230661,either,0.015084529098720725,0.00040675958903645706
JVASP-6352,ScAgP2Se6,14,2,6.847130423892622e-05,6.847130423892622e-05,3.4892218895726943,0.04683099030329883,0.005298900727352121,104.82223088536351,either,0.04683099030329883,0.005298900727352121
JVASP-6352,ScAgP2Se6,15,2,6.847130423892622e-05,6.847130423892622e-05,3.4893911146397874,0.04683099030329883,0.005302332829392788,104.82223088536351,either,0.04683099030329883,0.005302332829392788
JVASP-6370,ScAgP2S6,2,2,1.2105370638337831e-05,1.2105370638337831e-05,5.981007666367434,0.058589019352178306,0.0012186495383659135,114.87956241818982,either,0.058589019352178306,0.0012186495383659135
JVASP-6370,ScAgP2S6,3,2,1.2105370638337831e-05,1.2105370638337831e-05,5.981352541747052,0.058589019352178306,0.0012194054778030994,114.87956241818982,either,0.058589019352178306,0.0012194054778030994
JVASP-6382,Nb3TeCl7,0,2,0.0003196689983173684,0.0003196689983173684,4.633712543044826,0.03705515056476169,0.1681152076373352,339.3141059982055,either,0.03705515056476169,0.1681152076373352
JVASP-6382,Nb3TeCl7,1,2,0.0003196689983173684,0.0003196689983173684,4.634283684138785,0.03705515056476169,0.16826698529816317,339.3141059982055,either,0.03705515056476169,0.16826698529816317
JVASP-6382,Nb3TeCl7,50,2,0.0009677036351396495,0.0009677036351396495,3.171854539492477,0.20054707004773892,0.04773494031133168,15.665374958479003,either,0.20054707004773892,0.04773494031133168
JVASP-6382,Nb3TeCl7,51,2,0.0009677036351396495,0.0009677036351396495,3.1797285153522674,0.20054707004773892,0.047088834994839804,15.665374958479003,either,0.20054707004773892,0.047088834994839804
JVASP-6382,Nb3TeCl7,56,2,0.0007409260195436751,0.0007409260195436751,0.8919622385169281,0.23866599322021775,0.04206267788547157,21.354612268218002,either,0.23866599322021775,0.04206267788547157
JVASP-6382,Nb3TeCl7,57,2,0.0007409260195436751,0.0007409260195436751,0.8961504645300677,0.23866599322021775,0.04196689371257946,21.354612268218002,either,0.23866599322021775,0.04196689371257946
JVASP-6394,TaI2Cl2,0,2,7.09375684593283e-06,7.09375684593283e-06,2.737925158485417,0.12188652041628957,0.0022059651067831932,25.864699439833952,either,0.12188652041628957,0.0022059651067831932
JVASP-6394,TaI2Cl2,1,2,7.09375684593283e-06,7.09375684593283e-06,2.738709362213017,0.12188652041628957,0.0022093182451434447,25.864699439833952,either,0.12188652041628957,0.0022093182451434447
JVASP-6394,TaI2Cl2,2,2,0.0005070097518533601,0.0005070097518533601,0.08861908466973784,0.030060009459255955,0.096068244909207,6.750491924721016,either,0.030060009459255955,0.096068244909207
JVASP-6394,TaI2Cl2,3,2,0.0005070097518533601,0.0005070097518533601,0.088371399384617,0.030060009459255955,0.09579973964625972,6.750491924721016,either,0.030060009459255955,0.09579973964625972
JVASP-6394,TaI2Cl2,4,2,5.703058963746344e-06,5.703058963746344e-06,1.1270130207867173,0.09804293625825676,0.0024926047057325486,19.667857243055597,either,0.09804293625825676,0.0024926047057325486
JVASP-6394,TaI2Cl2,5,2,5.703058963746344e-06,5.703058963746344e-06,1.126920052462561,0.09804293625825676,0.002491434811807722,19.667857243055597,either,0.09804293625825676,0.002491434811807722
JVASP-6394,TaI2Cl2,6,2,0.000615512651918948,0.000615512651918948,0.14153310821402687,0.011246692678928274,0.18626502394698874,2.2561375098254612,single,0.14153310821402687,0.18626502394698874
JVASP-6394,TaI2Cl2,7,2,0.000615512651918948,0.000615512651918948,0.14137164622874243,0.011246692678928274,0.18605253147130554,2.2561375098254612,single,0.14137164622874243,0.18605253147130554
JVASP-6394,TaI2Cl2,56,2,5.91764948154605e-06,5.91764948154605e-06,1.9786775300635546,0.5418618410800832,0.001216454695191378,61.73010509045251,either,0.5418618410800832,0.001216454695191378
JVASP-6394,TaI2Cl2,57,2,5.91764948154605e-06,5.91764948154605e-06,1.9786933180179558,0.5418618410800832,0.0012147321763876647,61.73010509045251,either,0.5418618410800832,0.0012147321763876647
JVASP-6394,TaI2Cl2,58,2,6.877405487326627e-06,6.877405487326627e-06,1.9127608597060535,0.5009831275024981,0.0013479013823626958,39.88589683429353,either,0.5009831275024981,0.0013479013823626958
JVASP-6394,TaI2Cl2,59,2,6.877405487326627e-06,6.877405487326627e-06,1.9127226833764048,0.5009831275024981,0.0013477080223629546,39.88589683429353,either,0.5009831275024981,0.0013477080223629546
JVASP-6397,CrI2,38,2,0.0004467247040000899,0.0004467247040000899,3.3206136079503064,0.5170330493769699,0.07762348260294372,27.34817618239761,either,0.5170330493769699,0.07762348260294372
JVASP-6397,CrI2,39,2,0.0004467247040000899,0.0004467247040000899,3.294486955544447,0.5170330493769699,0.07418024001486401,27.34817618239761,either,0.5170330493769699,0.07418024001486401
JVASP-6418,AlBr3,0,2,0.0028622465227527982,0.0028622465227527982,0.0019221869422071458,0.0010787722634318948,0.011763564634431772,0.8047126636205978,single,0.0019221869422071458,0.011763564634431772
JVASP-6418,AlBr3,1,2,0.0028622465227527982,0.0028622465227527982,0.0019018225128949568,0.0010787722634318948,0.011638936652003497,0.8047126636205978,single,0.0019018225128949568,0.011638936652003497
JVASP-6418,AlBr3,2,2,0.0014555852969984073,0.0014555852969984073,0.0028503953778948724,0.0019606653116907933,0.00887113215620597,1.462562821572596,single,0.0028503953778948724,0.00887113215620597
JVASP-6418,AlBr3,3,2,0.0014555852969984073,0.0014555852969984073,0.0028165259328462424,0.0019606653116907933,0.00876572210487981,1.462562821572596,single,0.0028165259328462424,0.00876572210487981
JVASP-6418,AlBr3,16,2,0.0002677261939876274,0.0002677261939876274,0.09991506284848536,0.07980519226990526,0.031800894842125345,27.562099563428113,either,0.07980519226990526,0.031800894842125345
JVASP-6418,AlBr3,17,2,0.0002677261939876274,0.0002677261939876274,0.09993352660670607,0.07980519226990526,0.03179257458998528,27.562099563428113,either,0.07980519226990526,0.03179257458998528
JVASP-6418,AlBr3,52,2,3.6782773386645484e-05,3.6782773386645484e-05,0.3667953122437248,0.09999391542852071,0.005167426310533011,35.06940484494424,either,0.09999391542852071,0.005167426310533011
JVASP-6418,AlBr3,53,2,3.6782773386645484e-05,3.6782773386645484e-05,0.3666425775270171,0.09999391542852071,0.005170145519506038,35.06940484494424,either,0.09999391542852071,0.005170145519506038
JVASP-6448,S5N6,0,2,0.00013909248712273836,0.00013909248712273836,1.163014109112566,0.022458246262485024,0.013692762379292832,41.601731330269956,either,0.022458246262485024,0.013692762379292832
JVASP-6448,S5N6,1,2,0.00013909248712273836,0.00013909248712273836,1.1637394111957504,0.022458246262485024,0.013709211968697715,41.601731330269956,either,0.022458246262485024,0.013709211968697715
JVASP-6448,S5N6,2,2,7.89157633054316e-05,7.89157633054316e-05,5.164501340230384,0.21841637703381248,0.006065050248612884,37.37505298367305,either,0.21841637703381248,0.006065050248612884
JVASP-6448,S5N6,3,2,7.89157633054316e-05,7.89157633054316e-05,5.156406147194056,0.21841637703381248,0.006305527551296435,37.37505298367305,either,0.21841637703381248,0.006305527551296435
JVASP-6448,S5N6,4,2,0.00015427397489098382,0.00015427397489098382,0.8821461734476321,0.3971661444534085,0.006838925517334237,21.42318668531918,either,0.3971661444534085,0.006838925517334237
JVASP-6448,S5N6,5,2,0.00015427397489098382,0.00015427397489098382,0.8822230662254015,0.3971661444534085,0.006831832820865967,21.42318668531918,either,0.3971661444534085,0.006831832820865967
JVASP-6448,S5N6,6,2,8.834154817982665e-05,8.834154817982665e-05,1.8710113341674894,1.4179555943990212,0.007132202789152478,6.824466255791364,either,1.4179555943990212,0.007132202789152478
JVASP-6448,S5N6,7,2,8.834154817982665e-05,8.834154817982665e-05,1.891090584883914,1.4179555943990212,0.007118039581791987,6.824466255791364,either,1.4179555943990212,0.007118039581791987
JVASP-6448,S5N6,12,2,0.0003168289111652456,0.0003168289111652456,1.0062004278214949,0.4463003441760842,0.01678213818167575,2.78880733544303,single,1.0062004278214949,0.01678213818167575
JVASP-6448,S5N6,13,2,0.0003168289111652456,0.0003168289111652456,1.0144244442564774,0.4463003441760842,0.016543930859880256,2.78880733544303,single,1.0144244442564774,0.016543930859880256
JVASP-6448,S5N6,14,2,5.125796106320024e-05,5.125796106320024e-05,0.7349715905484768,0.13392032255772224,0.002828514252424977,16.082429877295024,either,0.13392032255772224,0.002828514252424977
JVASP-6448,S5N6,15,2,5.125796106320024e-05,5.125796106320024e-05,0.7350802282206486,0.13392032255772224,0.002808926532245744,16.082429877295024,either,0.13392032255772224,0.002808926532245744
JVASP-6448,S5N6,16,2,3.701358924423914e-05,3.701358924423914e-05,1.115606249683597,0.12148523748343723,0.0031810420219329544,35.27457318864499,either,0.12148523748343723,0.0031810420219329544
JVASP-6448,S5N6,17,2,3.701358924423914e-05,3.701358924423914e-05,1.1187773639288017,0.12148523748343723,0.003196922072437618,35.27457318864499,either,0.12148523748343723,0.003196922072437618
JVASP-6448,S5N6,18,2,0.00016537862325538555,0.00016537862325538555,2.360932963729016,0.5662487043942254,0.010631435889008228,10.97714079518906,either,0.5662487043942254,0.010631435889008228
JVASP-6448,S5N6,19,2,0.00016537862325538555,0.00016537862325538555,2.3420341416835653,0.5662487043942254,0.01029224087715964,10.97714079518906,either,0.5662487043942254,0.01029224087715964
JVASP-6448,S5N6,36,2,6.543896986155318e-05,6.543896986155318e-05,0.9952002566723449,0.22959896638336874,0.006424305217199067,14.125929749472347,either,0.22959896638336874,0.006424305217199067
JVASP-6448,S5N6,37,2,6.543896986155318e-05,6.543896986155318e-05,0.9893311828946793,0.22959896638336874,0.00640569600611666,14.125929749472347,either,0.22959896638336874,0.00640569600611666
JVASP-6448,S5N6,38,2,0.00010333989143740396,0.00010333989143740396,1.079472246724016,1.028202315497249,0.00899034933632005,53.54176569081006,either,1.028202315497249,0.00899034933632005
JVASP-6448,S5N6,39,2,0.00010333989143740396,0.00010333989143740396,1.0814234482220109,1.028202315497249,0.00899795086831313,53.54176569081006,either,1.028202315497249,0.00899795086831313
JVASP-6448,S5N6,40,2,0.00010728296403716975,0.00010728296403716975,0.8090494159491118,0.32923468011994933,0.009965595750685606,56.84641825132929,either,0.32923468011994933,0.009965595750685606
JVASP-6448,S5N6,41,2,0.00010728296403716975,0.00010728296403716975,0.8095783377096322,0.32923468011994933,0.009884483859374602,56.84641825132929,either,0.32923468011994933,0.009884483859374602
JVASP-6478,S3N2Cl2,0,2,0.0002482852370331301,0.0002482852370331301,0.8059181129345243,0.21153248273937716,0.017550133822307724,10.830598422134786,either,0.21153248273937716,0.017550133822307724
JVASP-6478,S3N2Cl2,1,2,0.0002482852370331301,0.0002482852370331301,0.8153586363989656,0.21153248273937716,0.017825438003877245,10.830598422134786,either,0.21153248273937716,0.017825438003877245
JVASP-6478,S3N2Cl2,2,2,0.00012823989720089912,0.00012823989720089912,1.2697832841304084,0.21973321365139195,0.01092461458645296,12.920412551185342,either,0.21973321365139195,0.01092461458645296
JVASP-6478,S3N2Cl2,3,2,0.00012823989720089912,0.00012823989720089912,1.262157603310787,0.21973321365139195,0.010876653041075462,12.920412551185342,either,0.21973321365139195,0.010876653041075462
JVASP-6478,S3N2Cl2,4,2,0.00032406514477578696,0.00032406514477578696,0.7765652369606414,0.14530404709877193,0.029458125815371817,29.374389111578495,either,0.14530404709877193,0.029458125815371817
JVASP-6478,S3N2Cl2,5,2,0.00032406514477578696,0.00032406514477578696,0.7745925084932751,0.14530404709877193,0.029176239079342876,29.374389111578495,either,0.14530404709877193,0.029176239079342876
JVASP-6478,S3N2Cl2,6,2,9.492462094051746e-05,9.492462094051746e-05,1.163301845324363,0.35968071952689384,0.006324771448684042,18.970225686218953,either,0.35968071952689384,0.006324771448684042
JVASP-6478,S3N2Cl2,7,2,9.492462094051746e-05,9.492462094051746e-05,1.1673945999062039,0.35968071952689384,0.006324025316969828,18.970225686218953,either,0.35968071952689384,0.006324025316969828
JVASP-6478,S3N2Cl2,8,2,6.0482999083788513e-05,6.0482999083788513e-05,1.004803203015624,0.4135071851737249,0.004194548148456106,19.760226791429396,either,0.4135071851737249,0.004194548148456106
JVASP-6478,S3N2Cl2,9,2,6.0482999083788513e-05,6.0482999083788513e-05,1.0001337028925188,0.4135071851737249,0.004200506835375345,19.760226791429396,either,0.4135071851737249,0.004200506835375345
JVASP-6478,S3N2Cl2,14,2,0.00011928375880643216,0.00011928375880643216,0.6513531463933515,0.10535770562896063,0.03301170090794842,37.756599324084725,either,0.10535770562896063,0.03301170090794842
JVASP-6478,S3N2Cl2,15,2,0.00011928375880643216,0.00011928375880643216,0.6516313406987496,0.10535770562896063,0.03276642864719172,37.756599324084725,either,0.10535770562896063,0.03276642864719172
JVASP-6478,S3N2Cl2,34,2,0.0002759146452958605,0.0002759146452958605,0.6354509196867888,0.10480597561964627,0.11653325451089318,99.52761542692976,either,0.10480597561964627,0.11653325451089318
JVASP-6478,S3N2Cl2,35,2,0.0002759146452958605,0.0002759146452958605,0.6359852298961202,0.10480597561964627,0.11667291335153228,99.52761542692976,either,0.10480597561964627,0.11667291335153228
JVASP-6478,S3N2Cl2,36,2,3.785263271198318e-05,3.785263271198318e-05,0.9569104373454925,0.35912719921577063,0.007154069506060302,83.60772757125329,either,0.35912719921577063,0.007154069506060302
JVASP-6478,S3N2Cl2,37,2,3.785263271198318e-05,3.785263271198318e-05,0.957046214078727,0.35912719921577063,0.007141597300339261,83.60772757125329,either,0.35912719921577063,0.007141597300339261
JVASP-6484,SNCl,0,2,0.054920720578424564,0.054920720578424564,0.4621596079186257,0.9628855499903377,4.649745253567419,51.673761309376076,single,0.4621596079186257,4.649745253567419
JVASP-6484,SNCl,1,2,0.054920720578424564,0.054920720578424564,0.5065246836445317,0.9628855499903377,4.430360446582873,51.673761309376076,single,0.5065246836445317,4.430360446582873
JVASP-6484,SNCl,2,2,0.0033328736554327776,0.0033328736554327776,1.001138429142535,1.1469441607974042,0.15906483270960858,7.035897811255502,single,1.001138429142535,0.15906483270960858
JVASP-6484,SNCl,3,2,0.0033328736554327776,0.0033328736554327776,1.0098975609955798,1.1469441607974042,0.1553138685046281,7.035897811255502,single,1.0098975609955798,0.1553138685046281
JVASP-6484,SNCl,8,2,0.0032430861656997934,0.0032430861656997934,0.9291076898926691,1.0603226856516987,0.38759575454203804,73.8699661772234,either,0.9291076898926691,0.38759575454203804
JVASP-6484,SNCl,9,2,0.0032430861656997934,0.0032430861656997934,0.9320033249127491,1.0603226856516987,0.38730606135325907,73.8699661772234,either,0.9320033249127491,0.38730606135325907
JVASP-6508,PdSCl,0,2,0.00020116312562912242,0.00020116312562912242,1.086521161837612,0.42859591231706917,0.009051935704534667,21.016458757923818,either,0.42859591231706917,0.009051935704534667
JVASP-6508,PdSCl,1,2,0.00020116312562912242,0.00020116312562912242,1.0893140511484314,0.42859591231706917,0.009124117168827542,21.016458757923818,either,0.42859591231706917,0.009124117168827542
JVASP-6508,PdSCl,106,2,9.388043064717522e-05,9.388043064717522e-05,1.8455459806276227,0.43943104392539073,0.002634033985811154,1.4607630087773933,either,0.43943104392539073,0.002634033985811154
JVASP-6508,PdSCl,107,2,9.388043064717522e-05,9.388043064717522e-05,1.8348715902687343,0.43943104392539073,0.0027573343694768542,1.4607630087773933,either,0.43943104392539073,0.0027573343694768542
JVASP-6508,PdSCl,124,2,2.9125970902210696e-05,2.9125970902210696e-05,1.148669127289606,0.5155472231683719,0.000787269133925502,3.294089794218137,either,0.5155472231683719,0.000787269133925502
JVASP-6508,PdSCl,125,2,2.9125970902210696e-05,2.9125970902210696e-05,1.1455067859747645,0.5155472231683719,0.0007868841075601629,3.294089794218137,either,0.5155472231683719,0.0007868841075601629
JVASP-6508,PdSCl,126,2,0.0005374208179291795,0.0005374208179291795,0.6384732822083518,0.333167034949889,0.0681341455719851,13.527691771090694,either,0.333167034949889,0.0681341455719851
JVASP-6508,PdSCl,127,2,0.0005374208179291795,0.0005374208179291795,0.6372782757857564,0.333167034949889,0.06820660635198914,13.527691771090694,either,0.333167034949889,0.06820660635198914
JVASP-6508,PdSCl,128,2,0.0003081127227155811,0.0003081127227155811,0.5428374035591076,0.5035650794983055,0.02255196915754312,7.3510401373012835,either,0.5035650794983055,0.02255196915754312
JVASP-6508,PdSCl,129,2,0.0003081127227155811,0.0003081127227155811,0.5425686010633997,0.5035650794983055,0.02251786753037361,7.3510401373012835,either,0.5035650794983055,0.02251786753037361
JVASP-6508,PdSCl,130,2,6.0071585209486855e-06,6.0071585209486855e-06,0.6724201482694916,0.4515065563252888,0.0004737415071270882,39.510582974288276,either,0.4515065563252888,0.0004737415071270882
JVASP-6508,PdSCl,131,2,6.0071585209486855e-06,6.0071585209486855e-06,0.67292440474692,0.4515065563252888,0.00047331031402654593,39.510582974288276,either,0.4515065563252888,0.00047331031402654593
JVASP-6766,HfFeCl6,39,2,0.0017172609322484433,0.0017172609322484433,1.5740165886745348,0.7170229743505859,0.2136152982447667,98.58064950354297,either,0.7170229743505859,0.2136152982447667
JVASP-6766,HfFeCl6,40,2,0.0017172609322484433,0.0017172609322484433,1.539123120314874,0.7170229743505859,0.2024901270020783,98.58064950354297,either,0.7170229743505859,0.2024901270020783
JVASP-6766,HfFeCl6,41,2,0.024064849801702426,0.024064849801702426,0.4965269150483491,0.19202782286493558,7.182172179138851,45.56708300137701,single,0.4965269150483491,7.182172179138851
JVASP-6766,HfFeCl6,42,2,0.024064849801702426,0.024064849801702426,0.49303102849658587,0.19202782286493558,7.375606300622352,45.56708300137701,single,0.49303102849658587,7.375606300622352
JVASP-6766,HfFeCl6,44,2,0.0014561637771386415,0.0014561637771386415,0.6065860607380089,0.45678519431686077,0.31936963216312253,42.1325692829152,either,0.45678519431686077,0.31936963216312253
JVASP-6766,HfFeCl6,45,2,0.0014561637771386415,0.0014561637771386415,0.6182285321863443,0.45678519431686077,0.32497430790075826,42.1325692829152,either,0.45678519431686077,0.32497430790075826
JVASP-6766,HfFeCl6,58,2,0.014327807071951248,0.014327807071951248,0.04394864643925926,0.15254298674343014,1.3463609685951854,199.611416464577,either,0.04394864643925926,1.3463609685951854
JVASP-6766,HfFeCl6,59,2,0.014327807071951248,0.014327807071951248,0.11224729831423057,0.15254298674343014,3.438681131838912,199.611416464577,either,0.11224729831423057,3.438681131838912
JVASP-6775,P3Se4I2,14,2,0.05765955320718241,0.05765955320718241,0.020145029629346427,0.0357187164586358,2.483564636049339,2.969431293607841,single,0.020145029629346427,2.483564636049339
JVASP-6775,P3Se4I2,15,2,0.05765955320718241,0.05765955320718241,0.015587221507605224,0.0357187164586358,1.9216587328400934,2.969431293607841,single,0.015587221507605224,1.9216587328400934
JVASP-6775,P3Se4I2,20,2,0.0005110924824851537,0.0005110924824851537,0.6516101103388134,0.011566656555588483,0.13062696184024838,3.2591757939343937,single,0.6516101103388134,0.13062696184024838
JVASP-6775,P3Se4I2,21,2,0.0005110924824851537,0.0005110924824851537,0.6513275453369574,0.011566656555588483,0.12949555505556415,3.2591757939343937,single,0.6513275453369574,0.12949555505556415
JVASP-6775,P3Se4I2,22,2,0.0005945094752668467,0.0005945094752668467,0.687406873770557,0.011755434463251432,0.14667381360947332,3.31236838110319,single,0.687406873770557,0.14667381360947332
JVASP-6775,P3Se4I2,23,2,0.0005945094752668467,0.0005945094752668467,0.6871730237378145,0.011755434463251432,0.14643936235574587,3.31236838110319,single,0.6871730237378145,0.14643936235574587
JVASP-6775,P3Se4I2,104,2,0.09463366991374489,0.09463366991374489,0.11165493936573581,0.15834467289784987,7.364619805099109,9.69477763661322,single,0.11165493936573581,7.364619805099109
JVASP-6775,P3Se4I2,105,2,0.09463366991374489,0.09463366991374489,0.09663803913789526,0.15834467289784987,6.893802815579081,9.69477763661322,single,0.09663803913789526,6.893802815579081
JVASP-6775,P3Se4I2,106,2,0.0244905101116637,0.0244905101116637,0.18817237050567004,0.09585704108009449,2.166162641750326,11.19015488395271,single,0.18817237050567004,2.166162641750326
JVASP-6775,P3Se4I2,107,2,0.0244905101116637,0.0244905101116637,0.1899390244322529,0.09585704108009449,2.0331693704738196,11.19015488395271,single,0.1899390244322529,2.0331693704738196
JVASP-6796,Ta3SeI7,6,2,0.0009397019723902389,0.0009397019723902389,1.3728587934187777,1.0190366312388344,0.054198092133649615,3.065190503994831,single,1.3728587934187777,0.054198092133649615
JVASP-6796,Ta3SeI7,7,2,0.0009397019723902389,0.0009397019723902389,1.2639331622826016,1.0190366312388344,0.05476155721928769,3.065190503994831,single,1.2639331622826016,0.05476155721928769
JVASP-6796,Ta3SeI7,70,2,0.0011501622677216883,0.0011501622677216883,1.6360923211456422,1.0919097040606291,0.07868638442048233,41.69941099443733,either,1.0919097040606291,0.07868638442048233
JVASP-6796,Ta3SeI7,71,2,0.0011501622677216883,0.0011501622677216883,1.6782520265416918,1.0919097040606291,0.07891625145186304,41.69941099443733,either,1.0919097040606291,0.07891625145186304
JVASP-6799,Ta3TeI7,6,2,0.00014885547619059025,0.00014885547619059025,1.8224299956653085,0.9316619777331103,0.010409055836518797,6.879508703618528,either,0.9316619777331103,0.010409055836518797
JVASP-6799,Ta3TeI7,7,2,0.00014885547619059025,0.00014885547619059025,1.7386632870573506,0.9316619777331103,0.01017627731130042,6.879508703618528,either,0.9316619777331103,0.01017627731130042
JVASP-6799,Ta3TeI7,8,2,0.0002921158578956806,0.0002921158578956806,0.8221130072588956,0.4243084650557417,0.033958296962619844,16.861596544272658,either,0.4243084650557417,0.033958296962619844
JVASP-6799,Ta3TeI7,9,2,0.0002921158578956806,0.0002921158578956806,0.8348587304556279,0.4243084650557417,0.03416199635670722,16.861596544272658,either,0.4243084650557417,0.03416199635670722
JVASP-6799,Ta3TeI7,14,2,0.00047081735292131555,0.00047081735292131555,0.6322715634540946,0.10209393476807728,0.17871153256853026,376.4288763212027,either,0.10209393476807728,0.17871153256853026
JVASP-6799,Ta3TeI7,15,2,0.00047081735292131555,0.00047081735292131555,0.6323490823620467,0.10209393476807728,0.17829610024972936,376.4288763212027,either,0.10209393476807728,0.17829610024972936
JVASP-6799,Ta3TeI7,70,2,0.0027586733549591624,0.0027586733549591624,1.2794718070960647,1.1007691793442818,0.1699393168386644,35.22479747829249,either,1.1007691793442818,0.1699393168386644
JVASP-6799,Ta3TeI7,71,2,0.0027586733549591624,0.0027586733549591624,1.3110837108843487,1.1007691793442818,0.16866982826396001,35.22479747829249,either,1.1007691793442818,0.16866982826396001
JVASP-6829,CrBrO,48,2,0.00019998988977798504,0.00019998988977798504,1.6268345464773317,0.0472052953511971,0.13461675934834708,118.25663467912585,either,0.0472052953511971,0.13461675934834708
JVASP-6829,CrBrO,49,2,0.00019998988977798504,0.00019998988977798504,1.6300238109522263,0.0472052953511971,0.1302252016679371,118.25663467912585,either,0.0472052953511971,0.1302252016679371
JVASP-6943,CrCl3,72,2,7.51574887818407e-05,7.51574887818407e-05,3.1596104902253765,1.0065523982984925,0.00538624870606395,9.085369559062414,either,1.0065523982984925,0.00538624870606395
JVASP-6943,CrCl3,73,2,7.51574887818407e-05,7.51574887818407e-05,3.175785405502383,1.0065523982984925,0.0053344974519295,9.085369559062414,either,1.0065523982984925,0.0053344974519295
JVASP-76869,Y2TlCu,0,2,0.3646265076160624,0.3646265076160624,0.010151081136021829,0.018669721220996974,7.914014119692897,89.72880548480674,single,0.010151081136021829,7.914014119692897
JVASP-76869,Y2TlCu,1,2,0.3646265076160624,0.3646265076160624,0.008546504229423484,0.018669721220996974,6.66304940718652,89.72880548480674,single,0.008546504229423484,6.66304940718652
JVASP-76869,Y2TlCu,2,2,0.048081868771864045,0.048081868771864045,0.21228714347323693,0.24410162344635108,12.503530046407464,51.16063187951724,single,0.21228714347323693,12.503530046407464
JVASP-76869,Y2TlCu,3,2,0.048081868771864045,0.048081868771864045,0.04000667081469522,0.24410162344635108,4.112917853138619,51.16063187951724,single,0.04000667081469522,4.112917853138619
JVASP-76869,Y2TlCu,4,2,0.011709946896242052,0.011709946896242052,0.046055981624066836,0.1000560653783685,1.1531272962997525,9.579233947643251,single,0.046055981624066836,1.1531272962997525
JVASP-76869,Y2TlCu,5,2,0.011709946896242052,0.011709946896242052,0.06185308052527563,0.1000560653783685,1.5486473851781049,9.579233947643251,single,0.06185308052527563,1.5486473851781049
JVASP-76891,Y2InCu,0,2,0.43150212267279553,0.43150212267279553,0.18631502204016492,0.3858275274054258,171.89652317045307,361.17308348017445,single,0.18631502204016492,171.89652317045307
JVASP-76891,Y2InCu,1,2,0.43150212267279553,0.43150212267279553,0.20557337660721323,0.3858275274054258,189.6645171615429,361.17308348017445,single,0.20557337660721323,189.6645171615429
JVASP-76891,Y2InCu,2,2,0.0940730800924694,0.0940730800924694,0.23627553915459332,0.4060803515045125,26.821542711241698,35.41713050554921,single,0.23627553915459332,26.821542711241698
JVASP-76891,Y2InCu,3,2,0.0940730800924694,0.0940730800924694,0.17727022527919342,0.4060803515045125,27.677509106938416,35.41713050554921,single,0.17727022527919342,27.677509106938416
JVASP-76930,Li2MgGa,0,1,0.10706562957616406,0.0,0.0004244127870228336,0.0006608888493426716,0.0971571617354755,4.665718630854337,single,0.0004244127870228336,0.0971571617354755
JVASP-76930,Li2MgGa,1,1,0.10706562957616406,0.0,0.000556046472031114,0.010395691085830872,0.12729092682276086,2.025231497877164,single,0.000556046472031114,0.12729092682276086
JVASP-76930,Li2MgGa,2,2,0.3576422624194189,0.3576422624194189,0.00998622364450888,0.028010706812458805,7.636360199575586,68.31089071136145,single,0.00998622364450888,7.636360199575586
JVASP-76930,Li2MgGa,3,2,0.3576422624194189,0.3576422624194189,0.018102232757621073,0.028010706812458805,13.842587015339108,68.31089071136145,single,0.018102232757621073,13.842587015339108
JVASP-76930,Li2MgGa,4,2,0.00781622328251208,0.00781622328251208,0.5562609097644604,0.15312062666110898,2.0430581931551997,57.672131331360994,single,0.5562609097644604,2.0430581931551997
JVASP-76930,Li2MgGa,5,2,0.00781622328251208,0.00781622328251208,0.5773447674366888,0.15312062666110898,2.842448118763396,57.672131331360994,single,0.5773447674366888,2.842448118763396
JVASP-77062,Li2InSb,0,1,0.8462546350544464,0.0,0.006266181695951551,0.011485100588026426,11.338101172244928,66.29005159532767,single,0.006266181695951551,11.338101172244928
JVASP-77062,Li2InSb,1,1,0.8462546350544464,0.0,0.0052194017778535665,0.0451026722289122,9.444045558738349,18.144268288843847,single,0.0052194017778535665,9.444045558738349
JVASP-77062,Li2InSb,2,1,0.19866496301003167,0.0,0.04002037058493275,0.07029427932318741,16.999598745206804,405.7266514538381,single,0.04002037058493275,16.999598745206804
JVASP-77062,Li2InSb,3,1,0.19866496301003167,0.0,0.030290609726213967,0.1553878256165952,12.866652746268198,62.51067303724557,single,0.030290609726213967,12.866652746268198
JVASP-77062,Li2InSb,4,1,0.27821678297515806,0.0,0.12869714260798615,0.21304799267479302,76.55763574709721,74.66044649756958,single,0.12869714260798615,76.55763574709721
JVASP-77062,Li2InSb,5,1,0.27821678297515806,0.0,0.08465810299289937,0.1702722699794314,50.360280583016184,20.375388664407662,single,0.08465810299289937,50.360280583016184
JVASP-77062,Li2InSb,6,1,0.07745472595027003,0.0,0.09325524681877571,0.10880455777388784,15.443917801152184,62.00801004254487,single,0.09325524681877571,15.443917801152184
JVASP-77062,Li2InSb,7,1,0.07745472595027003,0.0,0.017223427466029624,0.3310162523384915,2.852356377935331,12.664291018149886,single,0.017223427466029624,2.852356377935331
JVASP-77062,Li2InSb,8,2,0.1174232669615618,0.1174232669615618,0.31457660082809813,0.6141111905520298,34.487095558695344,33.202725809835094,single,0.31457660082809813,34.487095558695344
JVASP-77062,Li2InSb,9,2,0.1174232669615618,0.1174232669615618,0.30061712596032175,0.6141111905520298,22.609462498546087,33.202725809835094,single,0.30061712596032175,22.609462498546087
JVASP-77062,Li2InSb,10,2,0.03147540822894834,0.03147540822894834,0.15626913597207437,0.19687256171228662,10.516733440873532,66.15962595795268,single,0.15626913597207437,10.516733440873532
JVASP-77062,Li2InSb,11,2,0.03147540822894834,0.03147540822894834,0.04743730368156878,0.19687256171228662,3.1924760757746773,66.15962595795268,single,0.04743730368156878,3.1924760757746773
JVASP-79710,Na2HgBi,0,2,0.523550275723009,0.523550275723009,0.003964173633765227,0.008470583715541527,4.437591747537276,17.02875834487132,single,0.003964173633765227,4.437591747537276
JVASP-79710,Na2HgBi,1,2,0.523550275723009,0.523550275723009,0.004507055983417179,0.008470583715541527,5.0453073667976165,17.02875834487132,single,0.004507055983417179,5.0453073667976165
JVASP-79710,Na2HgBi,12,1,0.172192019826916,0.0,0.03335002315272354,0.058746396144164804,12.278503661045706,251.11133240171176,single,0.03335002315272354,12.278503661045706
JVASP-79710,Na2HgBi,13,1,0.172192019826916,0.0,0.02541216117556813,0.16171872334144982,9.356014914904648,34.927925616614466,single,0.02541216117556813,9.356014914904648
JVASP-79710,Na2HgBi,14,1,0.17883912481929443,0.0,0.13746603761407092,0.2598299265669217,52.56470535517766,195.03382737252164,single,0.13746603761407092,52.56470535517766
JVASP-79710,Na2HgBi,15,1,0.17883912481929443,0.0,0.12474484104391223,0.32310252780271465,47.700333317678535,23.870386495832033,single,0.12474484104391223,47.700333317678535
JVASP-79710,Na2HgBi,16,1,0.18695733348513865,0.0,0.20364382042921875,0.42761713498628984,48.21294433912888,49.58769569004514,single,0.20364382042921875,48.21294433912888
JVASP-79710,Na2HgBi,17,2,0.18695733348513865,0.23910560320736662,0.22443468377904652,0.6022882280576547,48.56968572999216,12.720747760952774,single,0.22443468377904652,48.56968572999216
JVASP-79710,Na2HgBi,18,2,0.20832638623751354,0.23910560320736662,0.474721890941082,0.6022882280576547,24.313110885981633,12.720747760952774,single,0.474721890941082,24.313110885981633
JVASP-79710,Na2HgBi,22,2,0.12698464530274922,0.12698464530274922,0.41364323716478835,0.7347065363867994,28.38841837130809,16.00930945541487,single,0.41364323716478835,28.38841837130809
JVASP-79710,Na2HgBi,23,2,0.12698464530274922,0.12698464530274922,0.32513358119153246,0.7347065363867994,27.124147415571645,16.00930945541487,single,0.32513358119153246,27.124147415571645
JVASP-80997,ZnNiPd2,0,2,0.011131428051665893,0.011131428051665893,0.0014659823018496978,0.002071528275230643,0.034891199081518796,0.8272100789290522,single,0.0014659823018496978,0.034891199081518796
JVASP-80997,ZnNiPd2,1,2,0.011131428051665893,0.011131428051665893,0.0006617596549482718,0.002071528275230643,0.01575025007858835,0.8272100789290522,single,0.0006617596549482718,0.01575025007858835
JVASP-80997,ZnNiPd2,2,2,0.0014989124016775435,0.0014989124016775435,0.003544538977642596,9.054880092747026e-05,0.011359842059722342,0.030616678823875497,single,0.003544538977642596,0.011359842059722342
JVASP-80997,ZnNiPd2,3,2,0.0014989124016775435,0.0014989124016775435,0.0035493781480665054,9.054880092747026e-05,0.011375351047509592,0.030616678823875497,single,0.0035493781480665054,0.011375351047509592
JVASP-80997,ZnNiPd2,4,2,0.019105414027940526,0.019105414027940526,0.0005833911830350517,0.0015538187204299648,0.02383156695804739,0.42074400999951583,single,0.0005833911830350517,0.02383156695804739
JVASP-80997,ZnNiPd2,5,2,0.019105414027940526,0.019105414027940526,0.0011962359882708312,0.0015538187204299648,0.04886631625762754,0.42074400999951583,single,0.0011962359882708312,0.04886631625762754
JVASP-81240,Li2MgGa,0,1,0.10705763194528295,0.0,0.00043436161062188484,0.0006968453966268014,0.09942723257314938,4.918965537669103,single,0.00043436161062188484,0.09942723257314938
JVASP-81240,Li2MgGa,1,1,0.10705763194528295,0.0,0.0005920475963605194,0.012712699885421654,0.13552222990754687,2.4766559260200625,single,0.0005920475963605194,0.13552222990754687
JVASP-81240,Li2MgGa,2,2,0.35621470700298374,0.35621470700298374,0.01225187925967073,0.03042829711720056,9.331486634416532,74.18216622931217,single,0.01225187925967073,9.331486634416532
JVASP-81240,Li2MgGa,3,2,0.35621470700298374,0.35621470700298374,0.018263421569714985,0.03042829711720056,13.910100700836498,74.18216622931217,single,0.018263421569714985,13.910100700836498
JVASP-81240,Li2MgGa,4,2,0.00787108617833221,0.00787108617833221,0.5566384966074329,0.15357455788787147,2.0698300632136113,57.64040010508283,single,0.5566384966074329,2.0698300632136113
JVASP-81240,Li2MgGa,5,2,0.00787108617833221,0.00787108617833221,0.5773445094437268,0.15357455788787147,2.855652897073331,57.64040010508283,single,0.5773445094437268,2.855652897073331
JVASP-81597,LiPbAu2,0,2,0.012084715360728637,0.012084715360728637,0.04443007337548818,0.0610367844773015,1.1480207558536581,497.889174016656,either,0.04443007337548818,1.1480207558536581
JVASP-81597,LiPbAu2,1,2,0.012084715360728637,0.012084715360728637,0.045259227567874,0.0610367844773015,1.1694451234124823,497.889174016656,either,0.045259227567874,1.1694451234124823
JVASP-81597,LiPbAu2,2,2,0.012198846031821198,0.012198846031821198,0.46035603765481203,0.8939840490480098,1.3618179341345138,58.65500468297265,single,0.46035603765481203,1.3618179341345138
JVASP-81597,LiPbAu2,3,2,0.012198846031821198,0.012198846031821198,0.45866454001914236,0.8939840490480098,1.5039584248275006,58.65500468297265,single,0.45866454001914236,1.5039584248275006
JVASP-81597,LiPbAu2,8,2,0.00024957275709525106,0.00024957275709525106,0.5379096586122907,0.9780831062320836,0.026541779967689052,4.99883875461465,either,0.5379096586122907,0.026541779967689052
JVASP-81597,LiPbAu2,9,2,0.00024957275709525106,0.00024957275709525106,0.5378642880286943,0.9780831062320836,0.027555428967934618,4.99883875461465,either,0.5378642880286943,0.027555428967934618
JVASP-81597,LiPbAu2,10,2,0.07218154369903118,0.09040262997697379,0.46386606842374,0.9319842555262146,7.07817730503785,4.130046306518058,single,0.46386606842374,7.07817730503785
JVASP-81597,LiPbAu2,11,2,0.09040262997697379,0.09040262997697379,0.46839172194964923,0.9319842555262146,9.255205979383033,4.130046306518058,single,0.46839172194964923,9.255205979383033
JVASP-81597,LiPbAu2,24,2,0.01940940696906246,0.01940940696906246,0.547242972482492,1.053096409134458,9.247765118053692,109.17905382254479,single,0.547242972482492,9.247765118053692
JVASP-81597,LiPbAu2,25,2,0.01940940696906246,0.01940940696906246,0.5396623862333458,1.053096409134458,9.495047543556593,109.17905382254479,single,0.5396623862333458,9.495047543556593
JVASP-81597,LiPbAu2,26,2,0.5381194463045631,0.5381194463045631,0.15460390374274016,0.3257464405937724,177.88340181061383,77.81619555356484,single,0.15460390374274016,177.88340181061383
JVASP-81597,LiPbAu2,27,2,0.4279180706422636,0.5381194463045631,0.17115755374353178,0.3257464405937724,142.66330881389095,77.81619555356484,single,0.17115755374353178,142.66330881389095
JVASP-81634,Si2TcIr,0,2,0.0861543955520272,0.0861543955520272,0.0691658437311555,0.10138682578840741,12.741055364366469,43.739205301602745,single,0.0691658437311555,12.741055364366469
JVASP-81634,Si2TcIr,1,2,0.0861543955520272,0.0861543955520272,0.03569228794638123,0.10138682578840741,6.574884253178125,43.739205301602745,single,0.03569228794638123,6.574884253178125
JVASP-8367,Ca3BiN,0,2,0.00011552265248138127,0.00011552265248138127,2.699733524314942,0.19186234726563256,0.06732982396439811,2503.6377057422756,either,0.19186234726563256,0.06732982396439811
JVASP-8367,Ca3BiN,1,2,0.00011552265248138127,0.00011552265248138127,2.6996473229860802,0.19186234726563256,0.0673804733804339,2503.6377057422756,either,0.19186234726563256,0.0673804733804339
JVASP-8385,YCoF5,35,2,0.4257288486487837,0.6061872753690125,0.03628855774546749,0.16868063482868323,33.03231961946244,87.54930740665837,single,0.03628855774546749,33.03231961946244
JVASP-8385,YCoF5,36,2,0.3352228220463568,0.6061872753690125,0.13266311582503842,0.16868063482868323,95.08676121975778,87.54930740665837,single,0.13266311582503842,95.08676121975778
JVASP-8385,YCoF5,37,2,0.05351140013140654,0.05351140013140654,0.12973052834401788,0.1945364818531708,14.84310587381621,95.93401334717126,single,0.12973052834401788,14.84310587381621
JVASP-8385,YCoF5,38,2,0.05351140013140654,0.05351140013140654,0.0997678857947408,0.1945364818531708,11.414933019706826,95.93401334717126,single,0.0997678857947408,11.414933019706826
JVASP-8659,Rb2SnI6,12,2,7.91284170986728e-05,7.91284170986728e-05,1.4762973064026492,0.6869234427196929,0.030166760771039067,965.5017607113676,either,0.6869234427196929,0.030166760771039067
JVASP-8659,Rb2SnI6,13,2,7.91284170986728e-05,7.91284170986728e-05,1.4765873486680081,0.6869234427196929,0.03031287868851489,965.5017607113676,either,0.6869234427196929,0.03031287868851489
JVASP-949,O,46,2,7.311360385742205e-05,7.311360385742205e-05,0.9998957499869889,1.5083121606324061,0.009565567954096391,8.209055530716778,either,0.9998957499869889,0.009565567954096391
JVASP-949,O,47,2,7.311360385742205e-05,7.311360385742205e-05,0.9997999599019043,1.5083121606324061,0.009578938242262029,8.209055530716778,either,0.9997999599019043,0.009578938242262029
