icsd,material_id,formula,space_group_number,curated,best,atomic,pass_sites,shells,doublet_kinds,chem_flag,lone_pair,jt_ions
16,16,Cu1 N6 O12 Pb1 Tl2,202,1,0,0,Cu1|Pb1,-|3d,"e_g{z2,x2-y2}",1,Pb|Tl,Cu2+
31,31,Cl10 Cs3 O1 Re2,139,0,0,1,Cs2|O1,-,"p{x,y}|{xz,yz}",0,,
179,179,K2 N6 Ni1 O12 Sr1,202,1,0,0,Ni1|Sr1,-|3d,"e_g{z2,x2-y2}",0,,
406,406,Ca1 Co2 Ge2,139,1,0,0,Ca1,-,"p{x,y}|{xz,yz}",0,,
604,604,Cl6 K2 Sn1,225,1,1,0,Sn1,-,"e_g{z2,x2-y2}",1,Sn,
605,605,H8 Cl6 N2 Sn1,225,1,1,0,Sn1,-,"e_g{z2,x2-y2}",1,Sn,
805,805,C6 H18 Co1 Cr1 N12,148,0,0,1,Cr1|Co1,3d,"p{x,y}|{xy,x2-y2}|{xz,yz}",0,,
806,805,C6 H18 Co1 Cr1 N12,148,0,0,1,Cr1|Co1,3d,"p{x,y}|{xy,x2-y2}|{xz,yz}",0,,
849,849,Cs2 O13 V5,107,0,0,1,V2|O4,-|3d,"p{x,y}|{xz,yz}",0,,
1000,1000,C6 Cs2 Fe1 Li1 N6,225,0,0,1,Fe1|Li1,-|3d,"e_g{z2,x2-y2}",0,,
1001,1000,C6 Cs2 Fe1 Li1 N6,225,0,0,1,Fe1|Li1,-|3d,"e_g{z2,x2-y2}",0,,
1140,1140,H12 Ca1 Cl2 O6,150,0,0,1,Ca1,-,"p{x,y}|{xy,x2-y2}|{xz,yz}",0,,
1141,1141,H12 Br2 Ca1 O6,150,0,0,1,Ca1,-,"p{x,y}|{xy,x2-y2}|{xz,yz}",0,,
1144,1144,N3 Na1,166,1,0,0,Na1|N1,-,"p{x,y}|{xy,x2-y2}|{xz,yz}",0,,
1303,1303,Ca1 Cu3 Ge4 O12,204,0,0,1,Ca1,-,"e_g{z2,x2-y2}",1,,Cu2+
1322,1322,Be4 O7 Te1,216,1,0,0,Te1|O2,-,"e_g{z2,x2-y2}",1,Te,
1372,1372,H1 Cr1 O2,160,1,0,0,Cr1|O1|O2|H1,-|3d,"p{x,y}|{xy,x2-y2}|{xz,yz}",0,,
1528,1528,F6 K2 Re1,164,0,0,1,Re1,5d,"p{x,y}|{xy,x2-y2}|{xz,yz}",0,,
1610,1610,O3 Pb1 Ti1,99,1,0,0,Pb1|Ti1|O1,-|3d,"p{x,y}|{xz,yz}",1,Pb,
1611,1610,O3 Pb1 Ti1,99,1,0,0,Pb1|Ti1|O1,-|3d,"p{x,y}|{xz,yz}",1,Pb,
1612,1610,O3 Pb1 Ti1,99,1,0,0,Pb1|Ti1|O1,-|3d,"p{x,y}|{xz,yz}",1,Pb,
1626,1626,Na1 O6 S2 Tl3,164,1,0,0,Tl1|Na1,-,"p{x,y}|{xy,x2-y2}|{xz,yz}",1,Tl,
1640,1640,H12 Cl2 Hg1 O14,164,0,0,1,Hg1,5d,"p{x,y}|{xy,x2-y2}|{xz,yz}",0,,
1668,604,Cl6 K2 Sn1,225,1,1,0,Sn1,-,"e_g{z2,x2-y2}",1,Sn,
1845,1845,Cl8 Mn1 Na6,225,0,0,1,Mn1,3d,"e_g{z2,x2-y2}",0,,
1879,1879,F6 Mo1,229,1,0,0,Mo1,4d,"e_g{z2,x2-y2}",0,,
1904,1904,F2 K3 Na1 O6 P2,164,0,0,1,Na1|K1,-,"p{x,y}|{xy,x2-y2}|{xz,yz}",0,,
1937,1937,K2 N6 Ni1 O12 Pb1,202,0,0,1,Ni1|Pb1,-|3d,"e_g{z2,x2-y2}",1,Pb,
1982,1982,Br4 K2 Pd1,123,1,0,0,Pd1,4d,"p{x,y}|{xz,yz}",0,,
2174,2174,F30 O6 Te7,148,0,0,1,Te1,-,"p{x,y}|{xy,x2-y2}|{xz,yz}",1,Te,
2379,2379,H18 Cr1 F3 O9,146,0,0,1,Cr1,3d,"p{x,y}|{xy,x2-y2}|{xz,yz}",0,,
2381,2381,Cs2 Cu1 N6 O12 Pb1,202,0,0,1,Pb1|Cu1,-|3d,"e_g{z2,x2-y2}",1,Pb,Cu2+
2582,2582,Cl6 K2 Pt1,225,1,0,0,Pt1,5d,"e_g{z2,x2-y2}",0,,
2583,2582,Cl6 K2 Pt1,225,1,0,0,Pt1,5d,"e_g{z2,x2-y2}",0,,
2723,2723,Cl4 K2 Pd1,123,1,0,0,Pd1,4d,"p{x,y}|{xz,yz}",0,,
2738,2738,Bi1 Cl6 Cs2 Na1,225,1,0,0,Bi1|Na1,-,"e_g{z2,x2-y2}",1,Bi,
2900,2900,H12 Co1 F6 O6 Si1,148,0,0,1,Co1|Si1,-|3d,"p{x,y}|{xy,x2-y2}|{xz,yz}",0,,
4030,4030,F6 Fe1 Na1 Rb2,225,0,0,1,Na1|Fe1,-|3d,"e_g{z2,x2-y2}",0,,
4053,4053,Cs2 F6 K1 Mo1,225,0,0,1,K1|Mo1,-|4d,"e_g{z2,x2-y2}",0,,
4056,4056,Cs2 F6 K1 Rh1,225,0,0,1,K1|Rh1,-|4d,"e_g{z2,x2-y2}",0,,
4057,4057,F6 Pb1 Pt1,166,0,0,1,Pt1|Pb1,-|5d,"p{x,y}|{xy,x2-y2}|{xz,yz}",1,Pb,
4138,4138,K3 O4 V1,121,0,0,1,K1|V1,-|3d,"p{x,y}|{xz,yz}",0,,
4169,4169,Ba2 Mn1 O6 Re1,225,1,1,0,Mn1|Re1,3d|5d,"e_g{z2,x2-y2}",0,,
4403,4403,F6 K3 Mo1,225,0,0,1,K1|Mo1,-|4d,"e_g{z2,x2-y2}",0,,
4432,4432,Na2 O3 S1,147,1,0,0,Na1|Na2,-,"p{x,y}|{xy,x2-y2}|{xz,yz}",0,,
5007,5007,Al1 F6 Li1 Mg1,150,1,0,0,Al1,-,"p{x,y}|{xy,x2-y2}|{xz,yz}",0,,
5257,5257,Fe1 Si2,123,1,0,0,Fe1,3d,"p{x,y}|{xz,yz}",0,,
5258,5258,Fe1 Si2,123,1,0,0,Fe1,3d,"p{x,y}|{xz,yz}",0,,
5270,5270,F2 Pb1,225,1,0,0,Pb1,-,"e_g{z2,x2-y2}",1,Pb,
5271,5270,F2 Pb1,225,1,0,0,Pb1,-,"e_g{z2,x2-y2}",1,Pb,
5391,5391,C2 H30 Mg1 O18 S2,148,0,0,1,Mg1,-,"p{x,y}|{xy,x2-y2}|{xz,yz}",0,,
5435,5435,Co3 S2 Sn2,166,1,1,0,Sn1|Sn2,-,"p{x,y}|{xy,x2-y2}|{xz,yz}",1,Sn,
5436,5436,Co3 In2 S2,166,1,0,0,In1|In2,-,"p{x,y}|{xy,x2-y2}|{xz,yz}",0,,
5437,5437,Co3 In1 S2 Sn1,166,1,1,0,In1|Sn2,-,"p{x,y}|{xy,x2-y2}|{xz,yz}",1,Sn,
5439,5439,In2 Rh3 S2,166,1,0,0,In1|In2,-,"p{x,y}|{xy,x2-y2}|{xz,yz}",0,,
5440,5440,In1 Pb1 Rh3 S2,166,1,1,0,Pb1|In2,-,"p{x,y}|{xy,x2-y2}|{xz,yz}",1,Pb,
5441,5441,Pb2 Rh3 Se2,166,1,0,0,Pb1|Pb2,-,"p{x,y}|{xy,x2-y2}|{xz,yz}",1,Pb,
6027,6027,Al1 F6 K2 Na1,225,1,1,0,Na1|Al1,-,"e_g{z2,x2-y2}",0,,
6035,6035,Cs2 F6 K1 Ti1,225,0,0,1,K1|Ti1,-|3d,"e_g{z2,x2-y2}",0,,
6036,6036,Cs2 F6 Fe1 Tl1,225,0,0,1,Tl1|Fe1,-|3d,"e_g{z2,x2-y2}",1,Tl,
6037,6037,Co1 Cs2 F6 K1,225,0,0,1,K1|Co1,-|3d,"e_g{z2,x2-y2}",0,,
6038,6038,Ba1 F6 Rh1,166,0,0,1,Ba1|Rh1,-|4d,"p{x,y}|{xy,x2-y2}|{xz,yz}",0,,
6039,6039,Cs2 F6 K1 Ni1,225,0,0,1,K1|Ni1,-|3d,"e_g{z2,x2-y2}",1,,Ni3+
6058,604,Cl6 K2 Sn1,225,1,1,0,Sn1,-,"e_g{z2,x2-y2}",1,Sn,
6063,6063,Br4 K2 Pt1,123,1,0,0,Pt1,5d,"p{x,y}|{xz,yz}",0,,
6085,6085,C6 Cr1 Cs2 Li1 N6,225,0,0,1,Li1|Cr1,-|3d,"e_g{z2,x2-y2}",0,,
6086,6086,C6 Cs2 Fe1 Mg1 N6,225,0,0,1,Mg1|Fe1,-|3d,"e_g{z2,x2-y2}",0,,
8044,8044,H8 Cl6 N2 Re1,225,1,0,0,Re1,5d,"e_g{z2,x2-y2}",0,,
8054,8054,Cl10 K4 O1 Ru2,139,1,0,0,O1,-,"p{x,y}|{xz,yz}",0,,
8212,8212,O4 Tl2 W1,164,1,0,0,Tl1|Tl2,-,"p{x,y}|{xy,x2-y2}|{xz,yz}",1,Tl,
9001,9001,F6 Fe1 K1 Rb2,225,0,0,1,K1|Fe1,-|3d,"e_g{z2,x2-y2}",0,,
9003,9003,Cs2 F6 Fe1 Na1,166,0,0,1,Fe1|Fe2,3d,"p{x,y}|{xy,x2-y2}|{xz,yz}",0,,
9021,605,H8 Cl6 N2 Sn1,225,1,1,0,Sn1,-,"e_g{z2,x2-y2}",1,Sn,
9022,9022,Cl6 Rb2 Sn1,225,1,1,0,Sn1,-,"e_g{z2,x2-y2}",1,Sn,
9023,9023,Cl6 Cs2 Sn1,225,1,1,0,Sn1,-,"e_g{z2,x2-y2}",1,Sn,
9032,9032,C6 Cs2 Ir1 Li1 N6,225,0,0,1,Li1|Ir1,-|5d,"e_g{z2,x2-y2}",0,,
9315,9315,Cl6 Rb2 Te1,225,1,0,0,Te1,-,"e_g{z2,x2-y2}",1,Te,
9347,9347,Cl6 Mn1 Rb2,225,1,1,0,Mn1,3d,"e_g{z2,x2-y2}",0,,
9356,9356,Cr1 K3 O8,121,0,0,1,K1|Cr1,-|3d,"p{x,y}|{xz,yz}",0,,
9382,9382,Bi1 Cs2 F6 Na1,225,0,0,1,Na1|Bi1,-,"e_g{z2,x2-y2}",1,Bi,
9386,9386,Bi1 F6 Na1 Rb2,225,0,0,1,Na1|Bi1,-,"e_g{z2,x2-y2}",1,Bi,
9518,9518,C2 Mg1 Na2 O6,148,0,0,1,Mg1,-,"p{x,y}|{xy,x2-y2}|{xz,yz}",0,,
9532,9532,K1 Nb1 O3,99,1,0,0,K1|Nb1|O1,-|4d,"p{x,y}|{xz,yz}",0,,
9535,9532,K1 Nb1 O3,99,1,0,0,K1|Nb1|O1,-|4d,"p{x,y}|{xz,yz}",0,,
9676,9356,Cr1 K3 O8,121,0,0,1,K1|Cr1,-|3d,"p{x,y}|{xz,yz}",0,,
9679,9679,Cl6 K2 Mn1,225,1,0,0,Mn1,3d,"e_g{z2,x2-y2}",0,,
9701,9701,Co1 F6 Rb2,225,0,0,1,Co1,3d,"e_g{z2,x2-y2}",0,,
9702,9702,Co1 Cs2 F6,225,0,0,1,Co1,3d,"e_g{z2,x2-y2}",0,,
9705,9705,Cr1 Cs2 F6 K1,225,0,0,1,K1|Cr1,-|3d,"e_g{z2,x2-y2}",0,,
9706,9706,Cr1 F6 Na1 Rb2,225,0,0,1,Na1|Cr1,-|3d,"e_g{z2,x2-y2}",0,,
9707,9707,Cr1 F6 K1 Rb2,225,0,0,1,K1|Cr1,-|3d,"e_g{z2,x2-y2}",0,,
9708,9708,F6 Mn1 Na1 Rb2,139,0,0,1,Na1|Mn1,-|3d,"p{x,y}|{xz,yz}",1,,Mn3+
9865,9865,Co1 O1,225,1,0,0,Co1|O1,-|3d,"e_g{z2,x2-y2}",0,,
9866,9866,Ni1 O1,225,1,0,0,Ni1|O1,-|3d,"e_g{z2,x2-y2}",0,,
9925,9925,F7 K3 Zn2,139,1,0,0,K1|F1,-,"p{x,y}|{xz,yz}",0,,
10051,10051,In2 Li3,166,1,0,0,Li1,-,"p{x,y}|{xy,x2-y2}|{xz,yz}",0,,
10179,1000,C6 Cs2 Fe1 Li1 N6,225,0,0,1,Li1|Fe1,-|3d,"e_g{z2,x2-y2}",0,,
10180,10180,C6 Cs2 Li1 Mn1 N6,225,0,0,1,Li1|Mn1,-|3d,"e_g{z2,x2-y2}",1,,Mn3+
10181,10181,C6 Co1 Cs2 Li1 N6,225,0,0,1,Li1|Co1,-|3d,"e_g{z2,x2-y2}",0,,
10341,10341,Ba1 Cr1 F6,166,0,0,1,Ba1|Cr1,-|3d,"p{x,y}|{xy,x2-y2}|{xz,yz}",0,,
10342,10342,Cr1 F6 Sr1,166,0,0,1,Sr1|Cr1,-|3d,"p{x,y}|{xy,x2-y2}|{xz,yz}",0,,
10346,10346,Cd1 Cr1 F6,148,0,0,1,Cd1|Cr1,3d|4d,"p{x,y}|{xy,x2-y2}|{xz,yz}",0,,
10354,10354,H2 Li1 N1,82,0,0,1,Li1|Li2,-,"p{x,y}|{xz,yz}",0,,
10462,10462,Ca1 Co2 P2,139,1,0,0,Ca1,-,"p{x,y}|{xz,yz}",0,,
15108,15108,F6 Ni1 Pb1,148,1,0,0,Ni1|Pb1,-|3d,"p{x,y}|{xy,x2-y2}|{xz,yz}",1,Pb,
15169,15169,F3 Hg1 Rb1,221,1,0,0,Rb1|Hg1,-|5d,"e_g{z2,x2-y2}",0,,
15246,15246,Co1 F3 K1,221,1,0,0,Co1|K1,-|3d,"e_g{z2,x2-y2}",0,,
15372,15372,Cu1 F4 K2,139,1,0,0,Cu1,3d,"p{x,y}|{xz,yz}",1,,Cu2+
15373,15373,Cu2 F7 K3,139,1,0,0,K2|F2,-,"p{x,y}|{xz,yz}",1,,Cu2+
15423,15423,F3 K1 Mn1,221,1,1,0,K1|Mn1,-|3d,"e_g{z2,x2-y2}",0,,
15424,15424,F3 Fe1 K1,221,1,1,0,K1|Fe1,-|3d,"e_g{z2,x2-y2}",0,,
15425,15246,Co1 F3 K1,221,1,0,0,K1|Co1,-|3d,"e_g{z2,x2-y2}",0,,
15453,15453,Ba1 O3 Ti1,99,1,0,0,Ba1|Ti1|O1,-|3d,"p{x,y}|{xz,yz}",0,,
15454,15454,Cl4 K2 O2 Os1,139,0,0,1,Os1,5d,"p{x,y}|{xz,yz}",0,,
15497,15497,C6 I6 O6 Re3,148,0,0,1,Re1,5d,"p{x,y}|{xy,x2-y2}|{xz,yz}",0,,
15674,15674,Ba1 Ge4 O9,143,1,0,0,Ge1|Ge2|Ge3,-,"p{x,y}|{xy,x2-y2}|{xz,yz}",0,,
15772,15772,Cs2 F6 Mo1 Tl1,225,0,0,1,Tl1|Mo1,-|4d,"e_g{z2,x2-y2}",1,Tl,
15773,15773,F6 K1 Mo1 Rb2,225,0,0,1,K1|Mo1,-|4d,"e_g{z2,x2-y2}",0,,
15775,15775,F6 K1 Mo1 Tl2,225,1,1,0,K1|Mo1,-|4d,"e_g{z2,x2-y2}",1,Tl,
15776,15776,F6 Mo1 Na1 Tl2,225,1,1,0,Na1|Mo1,-|4d,"e_g{z2,x2-y2}",1,Tl,
15777,15777,F6 K2 Mo1 Na1,225,0,0,1,Na1|Mo1,-|4d,"e_g{z2,x2-y2}",0,,
15800,15800,B6 O13 Zn4,217,1,0,0,O1,-,"e_g{z2,x2-y2}",0,,
15961,15961,F3 Y1,221,0,0,1,F1,-,"e_g{z2,x2-y2}",0,,
16127,16127,Cu1 K2 N6 O12 Pb1,202,0,0,1,Pb1|Cu1,-|3d,"e_g{z2,x2-y2}",1,Pb,Cu2+
16254,16254,Ag1 Cs2 F4,139,1,1,0,Ag1,4d,"p{x,y}|{xz,yz}",0,,
16255,9003,Cs2 F6 Fe1 Na1,166,0,0,1,Fe1|Fe2,3d,"p{x,y}|{xy,x2-y2}|{xz,yz}",0,,
16458,16458,C8 K5 N8 Nb1,82,0,0,1,Nb1|K1,-|4d,"p{x,y}|{xz,yz}",0,,
16576,16576,Cd1 Cl4 Cs2,139,1,0,0,Cd1,4d,"p{x,y}|{xz,yz}",0,,
16621,1610,O3 Pb1 Ti1,99,1,0,0,Pb1|Ti1|O1,-|3d,"p{x,y}|{xz,yz}",1,Pb,
16640,16640,F6 Na1 Sb1,225,1,0,0,Sb1|Na1,-,"e_g{z2,x2-y2}",1,Sb,
16783,16783,Ag1 Cs2 F6 K1,225,0,0,1,K1|Ag1,-|4d,"e_g{z2,x2-y2}",0,,
16795,16795,F4 Pb1,139,1,0,0,Pb1,-,"p{x,y}|{xz,yz}",1,Pb,
16810,16810,O3 Re1,221,1,0,0,Re1,5d,"e_g{z2,x2-y2}",0,,
16826,15800,B6 O13 Zn4,217,1,0,0,O1,-,"e_g{z2,x2-y2}",0,,
16892,16892,F6 K2 Pt1,164,0,0,1,Pt1,5d,"p{x,y}|{xy,x2-y2}|{xz,yz}",0,,
16899,16899,Na2 O11 Si4 Ti1,87,0,0,1,O1|O2,-,"p{x,y}|{xz,yz}",0,,
16959,16959,C6 Ag3 Co1 N6,162,1,0,0,Co1,3d,"p{x,y}|{xy,x2-y2}|{xz,yz}",0,,
17007,17007,In2 Se3,166,1,0,0,Se1,-,"p{x,y}|{xy,x2-y2}|{xz,yz}",0,,
17046,17046,H4 Mg3 O9 Si2,157,1,0,0,O4|H2,-,"p{x,y}|{xy,x2-y2}|{xz,yz}",0,,
18007,18007,Mn1 S1,225,1,0,0,Mn1|S1,-|3d,"e_g{z2,x2-y2}",0,,
19075,19075,F6 Rb3 Tl1,139,1,0,0,Tl1|Rb1,-,"p{x,y}|{xz,yz}",1,Tl,
19076,19076,Cs3 F6 Tl1,139,1,0,0,Tl1|Cs1,-,"p{x,y}|{xz,yz}",1,Tl,
19077,19077,F6 Rb3 Y1,139,1,1,0,Y1|Rb1,-|4d,"p{x,y}|{xz,yz}",0,,
19078,19078,Cs3 F6 Y1,139,1,0,0,Y1|Cs1,-|4d,"p{x,y}|{xz,yz}",0,,
20191,20191,B1 Cd1 Li1 O3,174,1,0,0,B1|B2|B3,-,"p{x,y}|{xy,x2-y2}|{xz,yz}",0,,
20223,20223,Al3 B4 O12 Y1,155,1,0,0,Y1|B1,-|4d,"p{x,y}|{xy,x2-y2}|{xz,yz}",0,,
20275,20275,Ca1 O2,139,1,0,0,Ca1,-,"p{x,y}|{xz,yz}",0,,
20293,20293,O4 Sr2 Ti1,139,1,0,0,Ti1,3d,"p{x,y}|{xz,yz}",0,,
20294,20294,O7 Sr3 Ti2,139,1,1,0,Sr1|O1,-,"p{x,y}|{xz,yz}",0,,
20321,20321,N1 O1 Ta1,191,1,0,0,Ta1|O1,-|5d,"p{x,y}|{xy,x2-y2}|{xz,yz}",0,,
20572,20572,Al1 F4 Na1,123,1,0,0,Na1|Al1,-,"p{x,y}|{xz,yz}",0,,
20597,5270,F2 Pb1,225,1,0,0,Pb1,-,"e_g{z2,x2-y2}",1,Pb,
20748,20748,C2 Cd1 N2,215,1,0,0,Cd1|Cd2,4d,"e_g{z2,x2-y2}",0,,
20805,20805,Cs1 Li1 Mo1 O4,216,1,1,0,Cs1|Mo1|Li1,-|4d,"e_g{z2,x2-y2}",0,,
20835,20191,B1 Cd1 Li1 O3,174,1,0,0,B1|B2|B3,-,"p{x,y}|{xy,x2-y2}|{xz,yz}",0,,
21054,21054,Ba2 F6 Zn1,139,1,0,0,Zn1,3d,"p{x,y}|{xz,yz}",0,,
21069,21069,K2 Ni1 O2,139,1,0,0,Ni1,3d,"p{x,y}|{xz,yz}",0,,
21072,21072,F4 Fe1 Rb1,123,1,0,0,Rb1|Fe1,-|3d,"p{x,y}|{xz,yz}",0,,
22096,22096,Cl6 K2 Tc1,225,1,0,0,Tc1,4d,"e_g{z2,x2-y2}",0,,
22109,6027,Al1 F6 K2 Na1,225,1,1,0,Na1|Al1,-,"e_g{z2,x2-y2}",0,,
22110,22110,Cs2 F6 K1 Mn1,139,0,0,1,K1|Mn1,-|3d,"p{x,y}|{xz,yz}",1,,Mn3+
22111,22111,Cu1 F6 K2 Na1,225,1,0,0,Na1|Cu1,-|3d,"e_g{z2,x2-y2}",0,,
22112,22112,F6 K2 Na1 Sc1,225,1,0,0,Na1|Sc1,-|3d,"e_g{z2,x2-y2}",0,,
22113,22113,F6 In1 K2 Na1,225,1,0,0,Na1|In1,-,"e_g{z2,x2-y2}",0,,
22114,22114,F6 K2 Na1 Tl1,225,1,1,0,Na1|Tl1,-,"e_g{z2,x2-y2}",1,Tl,
22118,22118,Cs2 F6 Na1 Tl1,225,1,1,0,Na1|Tl1,-,"e_g{z2,x2-y2}",1,Tl,
22199,22199,Cr1 F6 K2 Na1,225,0,0,1,Na1|Cr1,-|3d,"e_g{z2,x2-y2}",0,,
22200,22200,F6 Fe1 K2 Na1,225,0,0,1,Na1|Fe1,-|3d,"e_g{z2,x2-y2}",0,,
22392,22392,C2 N2 Zn1,215,1,0,0,Zn1|Zn2,3d,"e_g{z2,x2-y2}",0,,
22501,22501,Ca3 O5 Si1,160,0,0,1,Si1|Si2|Si3|O1|O2|O3|O4|O5|O6,-,"p{x,y}|{xy,x2-y2}|{xz,yz}",0,,
23076,23076,O3 Sr1 Ti1,221,1,0,0,Sr1|Ti1,-|3d,"e_g{z2,x2-y2}",0,,
23081,23081,Ba1 Fe2 S4,87,1,0,0,Ba1,-,"p{x,y}|{xz,yz}",0,,
23167,23167,Cl3 Mn1 Tl1,221,1,0,0,Tl1|Mn1,-|3d,"e_g{z2,x2-y2}",1,Tl,
23183,23183,F4 K2 Mn1,139,1,0,0,Mn1,3d,"p{x,y}|{xz,yz}",0,,
23184,23183,F4 K2 Mn1,139,1,0,0,Mn1,3d,"p{x,y}|{xz,yz}",0,,
23204,10181,C6 Co1 Cs2 Li1 N6,225,0,0,1,Li1|Co1,-|3d,"e_g{z2,x2-y2}",0,,
23336,23336,Cu4 K1 S3,123,1,0,0,K1|S1,-,"p{x,y}|{xz,yz}",0,,
23430,22113,F6 In1 K2 Na1,225,1,0,0,Na1|In1,-,"e_g{z2,x2-y2}",0,,
23536,9356,Cr1 K3 O8,121,0,0,1,Cr1|K1,-|3d,"p{x,y}|{xz,yz}",0,,
23586,23586,C1 Ga1 Mn3,221,1,0,0,Ga1|C1,-,"e_g{z2,x2-y2}",0,,
23591,23591,H2 Mn1 O2,164,1,0,0,Mn1,3d,"p{x,y}|{xy,x2-y2}|{xz,yz}",0,,
23653,23653,B2 Co2 Y1,139,1,0,0,Y1,4d,"p{x,y}|{xz,yz}",0,,
23743,23743,Ba1 O4 S1,216,0,0,1,Ba1|S1,-,"e_g{z2,x2-y2}",0,,
23744,23744,O4 S1 Sr1,216,0,0,1,Sr1|S1,-,"e_g{z2,x2-y2}",0,,
23758,15453,Ba1 O3 Ti1,99,1,0,0,Ba1|Ti1|O1,-|3d,"p{x,y}|{xz,yz}",0,,
23759,15453,Ba1 O3 Ti1,99,1,0,0,Ba1|Ti1|O1,-|3d,"p{x,y}|{xz,yz}",0,,
23769,23769,Cl6 K2 Re1,225,1,0,0,Re1,5d,"e_g{z2,x2-y2}",0,,
23770,23770,Br6 K2 Re1,225,1,0,0,Re1,5d,"e_g{z2,x2-y2}",0,,
23771,23771,Br6 K2 Pt1,225,1,0,0,Pt1,5d,"e_g{z2,x2-y2}",0,,
23929,23929,Co9 S8,225,1,0,0,Co1,3d,"e_g{z2,x2-y2}",0,,
23991,604,Cl6 K2 Sn1,225,1,1,0,Sn1,-,"e_g{z2,x2-y2}",1,Sn,
23997,2723,Cl4 K2 Pd1,123,1,0,0,Pd1,4d,"p{x,y}|{xz,yz}",0,,
23998,2722,Cl4 K2 Pt1,123,1,0,0,Pt1,5d,"p{x,y}|{xz,yz}",0,,
24014,9866,Ni1 O1,225,1,0,0,Ni1|O1,-|3d,"e_g{z2,x2-y2}",0,,
24018,9866,Ni1 O1,225,1,0,0,Ni1|O1,-|3d,"e_g{z2,x2-y2}",0,,
24151,24151,Br6 Cs2 Te1,225,1,0,0,Te1,-,"e_g{z2,x2-y2}",1,Te,
24185,24185,Mn1 Nb1 Si1,189,1,0,0,Si2,-,"p{x,y}|{xy,x2-y2}|{xz,yz}",0,,
24252,24252,Mn1 Se1,216,1,0,0,Mn1|Se1,-|3d,"e_g{z2,x2-y2}",0,,
24360,5257,Fe1 Si2,123,1,0,0,Fe1,3d,"p{x,y}|{xz,yz}",0,,
24479,24479,Br3 Cs1 Hg1,221,1,1,0,Cs1|Hg1,-|5d,"e_g{z2,x2-y2}",0,,
24482,24482,Cl3 Cs1 Hg1,221,1,0,0,Cs1|Hg1,-|5d,"e_g{z2,x2-y2}",0,,
24523,5270,F2 Pb1,225,1,0,0,Pb1,-,"e_g{z2,x2-y2}",1,Pb,
24594,24594,Li1 O2 V1,166,1,0,0,Li1|V1,-|3d,"p{x,y}|{xy,x2-y2}|{xz,yz}",0,,
24625,22501,Ca3 O5 Si1,160,0,0,1,Si1|Si2|Si3|O1|O2|O3|O4|O5|O6,-,"p{x,y}|{xy,x2-y2}|{xz,yz}",0,,
24710,24710,Mg6 Mn1 O8,225,1,0,0,Mn1,3d,"e_g{z2,x2-y2}",0,,
24740,24740,F13 K1 Sb4,87,0,0,1,K1|F1,-,"p{x,y}|{xz,yz}",1,Sb,
24859,24859,In1 O8 Rb1 W2,164,1,1,0,Rb1|In1,-,"p{x,y}|{xy,x2-y2}|{xz,yz}",0,,
24982,24982,Ba2 Mg1 O6 W1,225,1,0,0,Mg1|W1,-|5d,"e_g{z2,x2-y2}",0,,
24983,24983,Ba2 O6 W1 Zn1,225,1,0,0,Zn1|W1,3d|5d,"e_g{z2,x2-y2}",0,,
24984,24984,Ba2 Ni1 O6 W1,225,1,0,0,Ni1|W1,3d|5d,"e_g{z2,x2-y2}",0,,
24985,24985,Ba2 Ca1 O6 W1,225,1,0,0,Ca1|W1,-|5d,"e_g{z2,x2-y2}",0,,
25005,25005,Ba2 Ni1 O6 Te1,166,1,1,0,Te1|Te2,-,"p{x,y}|{xy,x2-y2}|{xz,yz}",1,Te,
25015,25015,F6 Ni1 Sn1,148,0,0,1,Ni1|Sn1,-|3d,"p{x,y}|{xy,x2-y2}|{xz,yz}",1,Sn,
25016,25016,Cu1 F6 Sn1,148,0,0,1,Cu1|Sn1,-|3d,"p{x,y}|{xy,x2-y2}|{xz,yz}",1,Sn,Cu2+
25324,25324,Co2 Ge1 Li1,225,1,1,0,Ge1|Li1,-,"e_g{z2,x2-y2}",0,,
25392,25392,Ba2 La1 O6 Re1,225,1,0,0,La1|Re1,-|5d,"e_g{z2,x2-y2}",0,,
25404,25404,O6 Re1 Sr2 Y1,225,1,0,0,Y1|Re1,4d|5d,"e_g{z2,x2-y2}",0,,
25511,25511,Hg1 Na2 O2,139,1,0,0,Hg1,5d,"p{x,y}|{xz,yz}",0,,
25519,25519,Cl4 O1 W1,79,1,0,0,W1|O1,-|5d,"p{x,y}|{xz,yz}",0,,
25522,25522,Ca1 F6 Pb1,225,1,0,0,Pb1|Ca1,-,"e_g{z2,x2-y2}",1,Pb,
25579,25579,F6 Mn1 Rb2,225,0,0,1,Mn1,3d,"e_g{z2,x2-y2}",0,,
25596,25596,F3 Nb1,221,1,0,0,Nb1,4d,"e_g{z2,x2-y2}",0,,
25615,25615,Al1 F4 Tl1,123,1,0,0,Tl1|Al1,-,"p{x,y}|{xz,yz}",1,Tl,
25723,25723,Cr1 K1 S2,166,1,0,0,Cr1|K1,-|3d,"p{x,y}|{xy,x2-y2}|{xz,yz}",0,,
26111,604,Cl6 K2 Sn1,225,1,1,0,Sn1,-,"e_g{z2,x2-y2}",1,Sn,
26228,16127,Cu1 K2 N6 O12 Pb1,202,0,0,1,Pb1|Cu1,-|3d,"e_g{z2,x2-y2}",1,Pb,Cu2+
26305,26305,Na1 S2 Ti1,166,1,0,0,Ti1|Na1,-|3d,"p{x,y}|{xy,x2-y2}|{xz,yz}",0,,
26560,26560,Mn1 O4 Sr2,139,1,0,0,Mn1,3d,"p{x,y}|{xz,yz}",0,,
26561,26560,Mn1 O4 Sr2,139,1,0,0,Mn1,3d,"p{x,y}|{xz,yz}",0,,
26623,23770,Br6 K2 Re1,225,1,0,0,Re1,5d,"e_g{z2,x2-y2}",0,,
26643,26643,Cl6 K2 Mo1,225,1,0,0,Mo1,4d,"e_g{z2,x2-y2}",0,,
26676,26676,Cr1 Cu1 O2,166,1,0,0,Cu1|Cr1,3d,"p{x,y}|{xy,x2-y2}|{xz,yz}",1,,Cr2+|Cu2+
26689,26689,Cl6 Rb2 Ti1,225,1,0,0,Ti1,3d,"e_g{z2,x2-y2}",0,,
26690,26690,Cl6 Cs2 Ti1,225,1,0,0,Ti1,3d,"e_g{z2,x2-y2}",0,,
26692,26692,Cl6 Rb2 Se1,225,1,0,0,Se1,-,"e_g{z2,x2-y2}",0,,
26693,26693,Cl6 Cs2 Se1,225,1,0,0,Se1,-,"e_g{z2,x2-y2}",0,,
26694,26694,Cl6 Rb2 Zr1,225,1,0,0,Zr1,4d,"e_g{z2,x2-y2}",0,,
26695,26695,Cl6 Cs2 Zr1,225,1,0,0,Zr1,4d,"e_g{z2,x2-y2}",0,,
26698,9022,Cl6 Rb2 Sn1,225,1,1,0,Sn1,-,"e_g{z2,x2-y2}",1,Sn,
26699,9023,Cl6 Cs2 Sn1,225,1,1,0,Sn1,-,"e_g{z2,x2-y2}",1,Sn,
26700,26700,Cl6 Sn1 Tl2,225,1,0,0,Sn1,-,"e_g{z2,x2-y2}",1,Sn|Tl,
26703,9315,Cl6 Rb2 Te1,225,1,0,0,Te1,-,"e_g{z2,x2-y2}",1,Te,
26704,26704,Cl6 Cs2 Te1,225,1,0,0,Te1,-,"e_g{z2,x2-y2}",1,Te,
26705,26705,Cl6 Te1 Tl2,225,1,0,0,Te1,-,"e_g{z2,x2-y2}",1,Te|Tl,
26708,26708,Cl6 Pt1 Rb2,225,1,0,0,Pt1,5d,"e_g{z2,x2-y2}",0,,
26710,26710,Cl6 Pt1 Tl2,225,1,0,0,Pt1,5d,"e_g{z2,x2-y2}",1,Tl,
26712,26712,Cl6 Pb1 Rb2,225,1,0,0,Pb1,-,"e_g{z2,x2-y2}",1,Pb,
26713,26713,Cl6 Cs2 Pb1,225,1,0,0,Pb1,-,"e_g{z2,x2-y2}",1,Pb,
26735,26735,K2 S1,225,1,1,0,S1,-,"e_g{z2,x2-y2}",0,,
26748,26748,Ca1 K2 N6 Ni1 O12,202,0,0,1,Ca1|Ni1,-|3d,"e_g{z2,x2-y2}",0,,
26749,16127,Cu1 K2 N6 O12 Pb1,202,0,0,1,Pb1|Cu1,-|3d,"e_g{z2,x2-y2}",1,Pb,Cu2+
26755,23769,Cl6 K2 Re1,225,1,0,0,Re1,5d,"e_g{z2,x2-y2}",0,,
26803,26803,Cr1 K3 Mn1 O8,160,1,0,0,Mn1|Cr1|K1|K2|K3|O1|O3,-|3d,"p{x,y}|{xy,x2-y2}|{xz,yz}",0,,
26861,26861,S2 Ti1,164,1,0,0,Ti1,3d,"p{x,y}|{xy,x2-y2}|{xz,yz}",0,,
26871,26871,Cs2 F6 Si1,225,0,0,1,Si1,-,"e_g{z2,x2-y2}",0,,
26914,26914,Cl1 F1 Na6 O8 S2,225,1,0,0,F1|Cl1,-,"e_g{z2,x2-y2}",0,,
26934,26934,Cl6 K2 Ti1,225,1,0,0,Ti1,3d,"e_g{z2,x2-y2}",0,,
27045,23076,O3 Sr1 Ti1,221,1,0,0,Sr1|Ti1,-|3d,"e_g{z2,x2-y2}",0,,
27046,27046,O3 Sr1 Zr1,221,1,0,0,Sr1|Zr1,-|4d,"e_g{z2,x2-y2}",0,,
27047,27047,O3 Sn1 Sr1,221,1,0,0,Sr1|Sn1,-,"e_g{z2,x2-y2}",1,Sn,
27048,27048,Ba1 O3 Zr1,221,1,0,0,Ba1|Zr1,-|4d,"e_g{z2,x2-y2}",0,,
27049,27049,Ba1 O3 Sn1,221,1,0,0,Ba1|Sn1,-,"e_g{z2,x2-y2}",1,Sn,
27114,27114,O4 Sn1 Sr2,139,1,0,0,Sn1,-,"p{x,y}|{xz,yz}",1,Sn,
27339,27339,F6 K1 Rb2 Rh1,225,0,0,1,K1|Rh1,-|4d,"e_g{z2,x2-y2}",0,,
27341,27341,F6 Na1 Rb2 Rh1,225,0,0,1,Na1|Rh1,-|4d,"e_g{z2,x2-y2}",0,,
27342,27342,F6 K2 Na1 Rh1,225,0,0,1,Na1|Rh1,-|4d,"e_g{z2,x2-y2}",0,,
27343,27343,Cs2 F6 Tl1 V1,225,0,0,1,Tl1|V1,-|3d,"e_g{z2,x2-y2}",1,Tl,
27344,27344,Cs2 F6 K1 V1,225,0,0,1,K1|V1,-|3d,"e_g{z2,x2-y2}",0,,
27345,27345,F6 K1 Rb2 V1,225,0,0,1,K1|V1,-|3d,"e_g{z2,x2-y2}",0,,
27357,15800,B6 O13 Zn4,217,1,0,0,O1,-,"e_g{z2,x2-y2}",0,,
27409,25511,Hg1 Na2 O2,139,1,0,0,Hg1,5d,"p{x,y}|{xz,yz}",0,,
27425,27425,Ba2 Co1 O6 W1,225,1,1,0,Co1|W1,3d|5d,"e_g{z2,x2-y2}",0,,
27426,24984,Ba2 Ni1 O6 W1,225,1,0,0,Ni1|W1,3d|5d,"e_g{z2,x2-y2}",0,,
27484,27484,F6 Mo1 Na1,225,0,0,1,Mo1|Na1,-|4d,"e_g{z2,x2-y2}",0,,
27522,2723,Cl4 K2 Pd1,123,1,0,0,Pd1,4d,"p{x,y}|{xz,yz}",0,,
27689,27689,Cu1 F3 K1,123,1,0,0,K1|Cu1|F1,-|3d,"p{x,y}|{xz,yz}",1,,Cu2+
27690,27690,Cr1 F3 K1,123,1,0,0,K1|Cr1|F1,-|3d,"p{x,y}|{xz,yz}",1,,Cr2+
27694,27694,Br6 Cs2 Po1,225,1,0,0,Po1,-,"e_g{z2,x2-y2}",0,,
27695,24151,Br6 Cs2 Te1,225,1,0,0,Te1,-,"e_g{z2,x2-y2}",1,Te,
27777,27777,Ca1 O3 Sn1,221,1,0,0,Sn1|Ca1,-,"e_g{z2,x2-y2}",1,Sn,
27856,27856,Fe1 O1,225,1,0,0,Fe1|O1,-|3d,"e_g{z2,x2-y2}",0,,
27874,24710,Mg6 Mn1 O8,225,1,0,0,Mn1,3d,"e_g{z2,x2-y2}",0,,
27955,27955,Na2 O4 S1,164,1,1,0,Na1|Na2,-,"p{x,y}|{xy,x2-y2}|{xz,yz}",0,,
27965,27965,Ba1 O3 Ti1,123,1,0,0,Ba1|Ti1|O1,-|3d,"p{x,y}|{xz,yz}",0,,
27966,27965,Ba1 O3 Ti1,123,1,0,0,Ba1|Ti1|O1,-|3d,"p{x,y}|{xz,yz}",0,,
27967,27965,Ba1 O3 Ti1,123,1,0,0,Ba1|Ti1|O1,-|3d,"p{x,y}|{xz,yz}",0,,
27968,27965,Ba1 O3 Ti1,123,1,0,0,Ba1|Ti1|O1,-|3d,"p{x,y}|{xz,yz}",0,,
27969,27965,Ba1 O3 Ti1,123,1,0,0,Ba1|Ti1|O1,-|3d,"p{x,y}|{xz,yz}",0,,
27970,27970,Ba1 O3 Ti1,221,1,0,0,Ba1|Ti1,-|3d,"e_g{z2,x2-y2}",0,,
27971,27970,Ba1 O3 Ti1,221,1,0,0,Ba1|Ti1,-|3d,"e_g{z2,x2-y2}",0,,
27972,27970,Ba1 O3 Ti1,221,1,0,0,Ba1|Ti1,-|3d,"e_g{z2,x2-y2}",0,,
27973,27970,Ba1 O3 Ti1,221,1,0,0,Ba1|Ti1,-|3d,"e_g{z2,x2-y2}",0,,
27974,27965,Ba1 O3 Ti1,123,1,0,0,Ba1|Ti1|O2,-|3d,"p{x,y}|{xz,yz}",0,,
27975,27970,Ba1 O3 Ti1,221,1,0,0,Ba1|Ti1,-|3d,"p{x,y}|{xz,yz}",0,,
27976,27970,Ba1 O3 Ti1,221,1,0,0,Ba1|Ti1,-|3d,"p{x,y}|{xz,yz}",0,,
27977,27970,Ba1 O3 Ti1,221,1,0,0,Ba1|Ti1,-|3d,"e_g{z2,x2-y2}",0,,
28018,28018,Al1 K1 Mo2 O8,164,1,0,0,K1|Al1,-,"p{x,y}|{xy,x2-y2}|{xz,yz}",0,,
28019,28019,K1 Mo2 O8 Sc1,164,1,0,0,K1|Sc1,-|3d,"p{x,y}|{xy,x2-y2}|{xz,yz}",0,,
28134,28134,Ba2 Cl1 P1,166,1,0,0,P1|Cl1,-,"p{x,y}|{xy,x2-y2}|{xz,yz}",0,,
28145,28145,F3 K1 V1,221,1,1,0,K1|V1,-|3d,"e_g{z2,x2-y2}",0,,
28146,28146,F3 Rb1 V1,221,1,1,0,Rb1|V1,-|3d,"e_g{z2,x2-y2}",0,,
28342,24984,Ba2 Ni1 O6 W1,225,1,0,0,Ni1|W1,3d|5d,"e_g{z2,x2-y2}",0,,
28388,28388,Ga1 Li1 O2,166,1,0,0,Li1|Ga1,-,"p{x,y}|{xy,x2-y2}|{xz,yz}",0,,
28501,16959,C6 Ag3 Co1 N6,162,1,0,0,Co1,3d,"p{x,y}|{xy,x2-y2}|{xz,yz}",0,,
28505,9865,Co1 O1,225,1,0,0,Co1|O1,-|3d,"e_g{z2,x2-y2}",0,,
28506,9865,Co1 O1,225,1,0,0,Co1|O1,-|3d,"e_g{z2,x2-y2}",0,,
28584,28584,Na1 Nb1 O3,123,1,0,0,Na1|Nb1|O2,-|4d,"p{x,y}|{xz,yz}",0,,
28585,28584,Na1 Nb1 O3,123,1,0,0,Na1|Nb1|O2,-|4d,"p{x,y}|{xz,yz}",0,,
28586,28584,Na1 Nb1 O3,123,1,0,0,Na1|Nb1|O2,-|4d,"p{x,y}|{xz,yz}",0,,
28587,28584,Na1 Nb1 O3,123,1,0,0,Na1|Nb1|O2,-|4d,"p{x,y}|{xz,yz}",0,,
28588,28588,Na1 Nb1 O3,221,1,0,0,Na1|Nb1,-|4d,"e_g{z2,x2-y2}",0,,
28589,28588,Na1 Nb1 O3,221,1,0,0,Na1|Nb1,-|4d,"e_g{z2,x2-y2}",0,,
28590,28588,Na1 Nb1 O3,221,1,0,0,Na1|Nb1,-|4d,"e_g{z2,x2-y2}",0,,
28597,28597,Ni1 O6 Sr2 W1,225,1,0,0,Ni1|W1,3d|5d,"e_g{z2,x2-y2}",0,,
28598,28598,Co1 O6 Sr2 W1,225,1,1,0,Co1|W1,3d|5d,"e_g{z2,x2-y2}",0,,
28600,28600,Mo1 Ni1 O6 Sr2,225,1,0,0,Ni1|Mo1,3d|4d,"e_g{z2,x2-y2}",0,,
28601,28601,Co1 Mo1 O6 Sr2,225,1,1,0,Co1|Mo1,3d|4d,"e_g{z2,x2-y2}",0,,
28617,28617,Na1 O3 Ta1,221,1,0,0,Na1|Ta1,-|5d,"e_g{z2,x2-y2}",0,,
28618,28617,Na1 O3 Ta1,221,1,0,0,Na1|Ta1,-|5d,"e_g{z2,x2-y2}",0,,
28619,28617,Na1 O3 Ta1,221,1,0,0,Na1|Ta1,-|5d,"e_g{z2,x2-y2}",0,,
28620,27965,Ba1 O3 Ti1,123,1,0,0,Ba1|Ti1|O2,-|3d,"p{x,y}|{xz,yz}",0,,
28624,28624,O3 Pb1 Ti1,123,1,0,0,Pb1|Ti1|O2,-|3d,"p{x,y}|{xz,yz}",1,Pb,
28675,28675,F6 Pd1 Rb2,225,0,0,1,Pd1,4d,"e_g{z2,x2-y2}",0,,
28779,28779,F6 K2 Rh1,164,1,0,0,Rh1,4d,"p{x,y}|{xy,x2-y2}|{xz,yz}",0,,
28780,28780,F6 Rb2 Rh1,164,1,0,0,Rh1,4d,"p{x,y}|{xy,x2-y2}|{xz,yz}",0,,
28834,9866,Ni1 O1,225,1,0,0,Ni1|O1,-|3d,"e_g{z2,x2-y2}",0,,
28837,28837,O1 Pd1,123,1,0,0,Pd1|O1,-|4d,"p{x,y}|{xz,yz}",0,,
28848,27970,Ba1 O3 Ti1,221,1,0,0,Ba1|Ti1,-|3d,"e_g{z2,x2-y2}",0,,
28849,27970,Ba1 O3 Ti1,221,1,0,0,Ba1|Ti1,-|3d,"e_g{z2,x2-y2}",0,,
28850,27970,Ba1 O3 Ti1,221,1,0,0,Ba1|Ti1,-|3d,"e_g{z2,x2-y2}",0,,
28851,27970,Ba1 O3 Ti1,221,1,0,0,Ba1|Ti1,-|3d,"e_g{z2,x2-y2}",0,,
28852,27970,Ba1 O3 Ti1,221,1,0,0,Ba1|Ti1,-|3d,"e_g{z2,x2-y2}",0,,
28853,27970,Ba1 O3 Ti1,221,1,0,0,Ba1|Ti1,-|3d,"e_g{z2,x2-y2}",0,,
28854,27970,Ba1 O3 Ti1,221,1,0,0,Ba1|Ti1,-|3d,"e_g{z2,x2-y2}",0,,
28892,28892,Cl6 Cs2 Ge1,225,1,0,0,Ge1,-,"e_g{z2,x2-y2}",0,,
28910,9866,Ni1 O1,225,1,0,0,Ni1|O1,-|3d,"e_g{z2,x2-y2}",0,,
28930,28930,Cr1 La1 O3,221,1,1,0,La1|Cr1,-|3d,"e_g{z2,x2-y2}",0,,
28949,28949,F3 K1 Mg1,221,1,0,0,K1|Mg1,-,"e_g{z2,x2-y2}",0,,
28950,28950,Ag1 F3 Zn1,221,1,0,0,Ag1|Zn1,3d|4d,"e_g{z2,x2-y2}",0,,
29003,29003,Ca1 O3 Zr1,221,1,0,0,Ca1|Zr1,-|4d,"e_g{z2,x2-y2}",0,,
29006,29006,Cr1 F6 Rb2,225,0,0,1,Cr1,3d,"e_g{z2,x2-y2}",0,,
29007,29007,Cr1 Cs2 F6,225,0,0,1,Cr1,3d,"e_g{z2,x2-y2}",0,,
29026,9022,Cl6 Rb2 Sn1,225,1,1,0,Sn1,-,"e_g{z2,x2-y2}",1,Sn,
29027,9315,Cl6 Rb2 Te1,225,1,0,0,Te1,-,"e_g{z2,x2-y2}",1,Te,
29028,26708,Cl6 Pt1 Rb2,225,1,0,0,Pt1,5d,"e_g{z2,x2-y2}",0,,
29029,26712,Cl6 Pb1 Rb2,225,1,0,0,Pb1,-,"e_g{z2,x2-y2}",1,Pb,
29030,9023,Cl6 Cs2 Sn1,225,1,1,0,Sn1,-,"e_g{z2,x2-y2}",1,Sn,
29031,26704,Cl6 Cs2 Te1,225,1,0,0,Te1,-,"e_g{z2,x2-y2}",1,Te,
29033,26713,Cl6 Cs2 Pb1,225,1,0,0,Pb1,-,"e_g{z2,x2-y2}",1,Pb,
29049,9865,Co1 O1,225,1,0,0,Co1|O1,-|3d,"e_g{z2,x2-y2}",0,,
29081,9865,Co1 O1,225,1,0,0,Co1|O1,-|3d,"e_g{z2,x2-y2}",0,,
29096,29096,Ba1 Fe1 O3,221,1,0,0,Ba1|Fe1,-|3d,"e_g{z2,x2-y2}",0,,
29117,28624,O3 Pb1 Ti1,123,1,0,0,Pb1|Ti1|O1,-|3d,"p{x,y}|{xz,yz}",1,Pb,
29118,29118,Fe1 La1 O3,221,1,0,0,La1|Fe1,-|3d,"e_g{z2,x2-y2}",0,,
29119,29119,La1 Mn1 O3,221,1,1,0,La1|Mn1,-|3d,"e_g{z2,x2-y2}",1,,Mn3+
29120,28930,Cr1 La1 O3,221,1,1,0,La1|Cr1,-|3d,"e_g{z2,x2-y2}",0,,
29131,29131,Al1 F3,150,1,0,0,Al1,-,"p{x,y}|{xy,x2-y2}|{xz,yz}",0,,
29146,27965,Ba1 O3 Ti1,123,1,0,0,Ba1|Ti1|O1,-|3d,"p{x,y}|{xz,yz}",0,,
29147,27970,Ba1 O3 Ti1,221,1,0,0,Ba1|Ti1,-|3d,"e_g{z2,x2-y2}",0,,
29148,27965,Ba1 O3 Ti1,123,1,0,0,Ba1|Ti1|O1,-|3d,"p{x,y}|{xz,yz}",0,,
29153,27046,O3 Sr1 Zr1,221,1,0,0,Sr1|Zr1,-|4d,"e_g{z2,x2-y2}",0,,
29154,29154,Hf1 O3 Sr1,221,1,0,0,Sr1|Hf1,-|5d,"e_g{z2,x2-y2}",0,,
29226,9865,Co1 O1,225,1,0,0,Co1|O1,-|3d,"e_g{z2,x2-y2}",0,,
29280,27965,Ba1 O3 Ti1,123,1,0,0,Ba1|Ti1|O1,-|3d,"p{x,y}|{xz,yz}",0,,
29330,26914,Cl1 F1 Na6 O8 S2,225,1,0,0,F1|Cl1,-,"e_g{z2,x2-y2}",0,,
29407,29407,F6 K2 Si1,225,0,0,1,Si1,-,"e_g{z2,x2-y2}",0,,
30247,30247,Ge2 K2 O7 Pb2,147,1,0,0,O1,-,"p{x,y}|{xy,x2-y2}|{xz,yz}",1,Pb,
30404,9356,Cr1 K3 O8,121,0,0,1,Cr1|K1,-|3d,"p{x,y}|{xz,yz}",0,,
30579,30579,In1 Li1 Mo3 O8,156,1,0,0,Li1|In1|O1|O2,-,"p{x,y}|{xy,x2-y2}|{xz,yz}",0,,
30612,30612,F3 Mo1,221,1,1,0,Mo1,4d,"e_g{z2,x2-y2}",0,,
30617,15453,Ba1 O3 Ti1,99,1,0,0,Ba1|Ti1|O1,-|3d,"p{x,y}|{xz,yz}",0,,
30854,30854,C4 Co1 Li1 O4,215,0,0,1,Li1|Co1,-|3d,"e_g{z2,x2-y2}",0,,
31033,27484,F6 Mo1 Na1,225,0,0,1,Mo1|Na1,-|4d,"e_g{z2,x2-y2}",0,,
31081,27856,Fe1 O1,225,1,0,0,Fe1|O1,-|3d,"e_g{z2,x2-y2}",0,,
31114,2582,Cl6 K2 Pt1,225,1,0,0,Pt1,5d,"e_g{z2,x2-y2}",0,,
31152,1610,O3 Pb1 Ti1,99,1,0,0,Pb1|Ti1|O1,-|3d,"p{x,y}|{xz,yz}",1,Pb,
31153,15453,Ba1 O3 Ti1,99,1,0,0,Ba1|Ti1|O1,-|3d,"p{x,y}|{xz,yz}",0,,
31232,31232,Cl1 K1,221,1,0,0,K1|Cl1,-,"e_g{z2,x2-y2}",0,,
31295,31295,C2 K2 Mg1 O6,166,0,0,1,Mg1,-,"p{x,y}|{xy,x2-y2}|{xz,yz}",0,,
31359,31359,C4 Co1 Cs1 O4,82,0,0,1,Cs1|Co1,-|3d,"p{x,y}|{xz,yz}",0,,
31360,31359,C4 Co1 Cs1 O4,82,0,0,1,Cs1|Co1,-|3d,"p{x,y}|{xz,yz}",0,,
31688,15372,Cu1 F4 K2,139,1,0,0,Cu1,3d,"p{x,y}|{xz,yz}",1,,Cu2+
31753,23929,Co9 S8,225,1,0,0,Co1,3d,"e_g{z2,x2-y2}",0,,
31816,4432,Na2 O3 S1,147,1,0,0,Na1|Na2,-,"p{x,y}|{xy,x2-y2}|{xz,yz}",0,,
31840,31840,Te1 Zn1,225,1,0,0,Zn1|Te1,-|3d,"e_g{z2,x2-y2}",1,Te,
31865,31865,Ca1 O3 Ti1,221,1,0,0,Ca1|Ti1,-|3d,"e_g{z2,x2-y2}",0,,
31867,28588,Na1 Nb1 O3,221,1,0,0,Na1|Nb1,-|4d,"e_g{z2,x2-y2}",0,,
31884,27965,Ba1 O3 Ti1,123,1,0,0,Ti1|Ba1|O2,-|3d,"p{x,y}|{xz,yz}",0,,
31885,27965,Ba1 O3 Ti1,123,1,0,0,Ti1|Ba1|O2,-|3d,"p{x,y}|{xz,yz}",0,,
31886,27965,Ba1 O3 Ti1,123,1,0,0,Ti1|Ba1|O2,-|3d,"p{x,y}|{xz,yz}",0,,
31887,27965,Ba1 O3 Ti1,123,1,0,0,Ti1|Ba1|O2,-|3d,"p{x,y}|{xz,yz}",0,,
31888,27965,Ba1 O3 Ti1,123,1,0,0,Ti1|Ba1|O2,-|3d,"p{x,y}|{xz,yz}",0,,
31889,27965,Ba1 O3 Ti1,123,1,0,0,Ti1|Ba1|O2,-|3d,"p{x,y}|{xz,yz}",0,,
31890,27965,Ba1 O3 Ti1,123,1,0,0,Ti1|Ba1|O2,-|3d,"p{x,y}|{xz,yz}",0,,
31959,31959,O2 Rb1 Sc1,166,1,0,0,Rb1|Sc1,-|3d,"p{x,y}|{xy,x2-y2}|{xz,yz}",0,,
32032,32032,Cu1 K5 Sb2,166,1,0,0,K1|Cu1,-|3d,"p{x,y}|{xy,x2-y2}|{xz,yz}",1,Sb,
33288,33288,Cl2 Co1 O8,148,0,0,1,Co1,3d,"p{x,y}|{xy,x2-y2}|{xz,yz}",0,,
33289,33289,Cl2 Ni1 O8,148,0,0,1,Ni1,3d,"p{x,y}|{xy,x2-y2}|{xz,yz}",0,,
33521,23183,F4 K2 Mn1,139,1,0,0,Mn1,3d,"p{x,y}|{xz,yz}",0,,
33562,33562,Cl1 K1 O4,216,0,0,1,K1|Cl1,-,"e_g{z2,x2-y2}",0,,
33564,33564,Cl1 O4 Tl1,216,0,0,1,Tl1|Cl1,-,"e_g{z2,x2-y2}",1,Tl,
33566,33566,Cl1 Cs1 O4,216,0,0,1,Cs1|Cl1,-,"e_g{z2,x2-y2}",0,,
33567,33567,Cl1 Na1 O4,216,0,0,1,Na1|Cl1,-,"e_g{z2,x2-y2}",0,,
33568,33568,Ag1 Cl1 O4,216,0,0,1,Ag1|Cl1,-|4d,"e_g{z2,x2-y2}",0,,
33569,33569,Ba2 Cu1 O6 W1,139,1,0,0,Cu1|W1,3d|5d,"p{x,y}|{xz,yz}",1,,Cu2+
33571,33571,Cu1 O6 Sr2 W1,87,1,0,0,Cu1|W1,3d|5d,"p{x,y}|{xz,yz}",1,,Cu2+
33573,33573,Cu1 O6 Sr2 Te1,87,1,0,0,Cu1|Te1,-|3d,"p{x,y}|{xz,yz}",1,Te,Cu2+
33579,33579,Ga1 O2 Tl1,166,1,1,0,O1,-,"p{x,y}|{xy,x2-y2}|{xz,yz}",1,Tl,
33624,33624,Ba2 O6 Sb1 Y1,225,1,0,0,Y1|Sb1,-|4d,"e_g{z2,x2-y2}",1,Sb,
33666,33666,O3 Sr1 Zr1,221,1,0,0,Sr1|Zr1,-|4d,"e_g{z2,x2-y2}",0,,
33673,33673,I2 Mn1,164,1,0,0,Mn1,3d,"p{x,y}|{xy,x2-y2}|{xz,yz}",0,,
33709,33709,Cl6 K2 Pd1,225,1,0,0,Pd1,4d,"e_g{z2,x2-y2}",0,,
33752,33752,Cl2 Mn1,166,1,0,0,Mn1,3d,"p{x,y}|{xy,x2-y2}|{xz,yz}",0,,
33903,33903,O1 P2 Sr4,139,1,0,0,O1,-,"p{x,y}|{xz,yz}",0,,
33920,33920,Br1 K3 O1,221,1,0,0,O1|Br1,-,"e_g{z2,x2-y2}",0,,
33994,33994,Ga1 Mo4 S8,216,1,0,0,Ga1,-,"e_g{z2,x2-y2}",0,,
34085,15800,B6 O13 Zn4,217,1,0,0,O1,-,"e_g{z2,x2-y2}",0,,
34267,1144,N3 Na1,166,1,0,0,Na1|N1,-,"p{x,y}|{xy,x2-y2}|{xz,yz}",0,,
34629,20294,O7 Sr3 Ti2,139,1,1,0,O1|Sr1,-,"p{x,y}|{xz,yz}",0,,
34637,15453,Ba1 O3 Ti1,99,1,0,0,Ba1|Ti1|O1,-|3d,"p{x,y}|{xz,yz}",0,,
34674,1144,N3 Na1,166,1,0,0,Na1|N2,-,"p{x,y}|{xy,x2-y2}|{xz,yz}",0,,
35107,35107,Cs2 F6 Pt1,164,0,0,1,Pt1,5d,"p{x,y}|{xy,x2-y2}|{xz,yz}",0,,
35108,35108,F6 Pt1 Rb2,164,0,0,1,Pt1,5d,"p{x,y}|{xy,x2-y2}|{xz,yz}",0,,
35547,35547,Cs2 F6 Ge1,225,0,0,1,Ge1,-,"e_g{z2,x2-y2}",0,,
35713,35713,Ca1 F6 Sn1,225,1,0,0,Ca1|Sn1,-,"e_g{z2,x2-y2}",1,Sn,
35716,35716,F6 Fe1 Zr1,225,1,0,0,Fe1|Zr1,3d|4d,"e_g{z2,x2-y2}",0,,
35719,35719,Cr1 F6 Zr1,225,1,0,0,Cr1|Zr1,3d|4d,"e_g{z2,x2-y2}",1,,Cr2+
36128,36128,Ba2 Br2 Cu3 O4,139,1,0,0,Cu2,3d,"p{x,y}|{xz,yz}",1,,Cu2+
36135,36135,Cu1 K2 N6 O12 Pb1,196,0,0,1,K1|K2|Pb1|Cu1,-|3d,"e_g{z2,x2-y2}",1,Pb,Cu2+
36228,36228,Br6 K2 Se1,225,1,0,0,Se1,-,"e_g{z2,x2-y2}",0,,
36231,15454,Cl4 K2 O2 Os1,139,0,0,1,Os1,5d,"p{x,y}|{xz,yz}",0,,
36304,2582,Cl6 K2 Pt1,225,1,0,0,Pt1,5d,"e_g{z2,x2-y2}",0,,
36305,36305,Br6 Pd1 Rb2,225,1,0,0,Pd1,4d,"e_g{z2,x2-y2}",0,,
36376,36376,As2 Ba1 Pd2,123,1,0,0,Ba1,-,"p{x,y}|{xz,yz}",0,,
36459,36459,Ca1 O6 Sr2 W1,225,1,0,0,Ca1|W1,-|5d,"e_g{z2,x2-y2}",0,,
36512,36512,I1 K3 O1,221,1,0,0,O1|I1,-,"e_g{z2,x2-y2}",0,,
37005,37005,Cs2 F6 Mn1 Na1,225,0,0,1,Na1|Mn1,-|3d,"e_g{z2,x2-y2}",1,,Mn3+
37006,37006,Cs2 F6 Mn1 Na1,166,0,0,1,Mn1|Mn2,3d,"p{x,y}|{xy,x2-y2}|{xz,yz}",1,,Mn3+
37014,2722,Cl4 K2 Pt1,123,1,0,0,Pt1,5d,"p{x,y}|{xz,yz}",0,,
37015,2722,Cl4 K2 Pt1,123,1,0,0,Pt1,5d,"p{x,y}|{xz,yz}",0,,
37250,37250,Al1 F6 K2 Li1,166,1,0,0,Al1|Li1,-,"p{x,y}|{xy,x2-y2}|{xz,yz}",0,,
37254,15423,F3 K1 Mn1,221,1,1,0,Mn1|K1,-|3d,"e_g{z2,x2-y2}",0,,
37262,15424,F3 Fe1 K1,221,1,1,0,Fe1|K1,-|3d,"e_g{z2,x2-y2}",0,,
37327,37327,Li2 Mn1 O2,164,1,0,0,Mn1,3d,"p{x,y}|{xy,x2-y2}|{xz,yz}",0,,
37443,37443,Ca1 F6 Pt1,148,0,0,1,Pt1|Ca1,-|5d,"p{x,y}|{xy,x2-y2}|{xz,yz}",0,,
37444,37444,F6 Pt1 Zn1,148,0,0,1,Pt1|Zn1,3d|5d,"p{x,y}|{xy,x2-y2}|{xz,yz}",0,,
37445,37445,Cd1 F6 Pt1,148,0,0,1,Pt1|Cd1,4d|5d,"p{x,y}|{xy,x2-y2}|{xz,yz}",0,,
37448,37448,F6 Ni1 Pt1,148,0,0,1,Pt1|Ni1,3d|5d,"p{x,y}|{xy,x2-y2}|{xz,yz}",0,,
38138,38138,K1 O2,139,1,0,0,K1,-,"p{x,y}|{xz,yz}",0,,
38245,38138,K1 O2,139,1,0,0,K1,-,"p{x,y}|{xz,yz}",0,,
38247,38247,Cs1 O2,139,1,0,0,Cs1,-,"p{x,y}|{xz,yz}",0,,
38346,38346,Br6 K2 Te1,225,1,0,0,Te1,-,"e_g{z2,x2-y2}",1,Te,
38546,29407,F6 K2 Si1,225,0,0,1,Si1,-,"e_g{z2,x2-y2}",0,,
38547,38547,F6 Rb2 Si1,225,0,0,1,Si1,-,"e_g{z2,x2-y2}",0,,
38548,26871,Cs2 F6 Si1,225,0,0,1,Si1,-,"e_g{z2,x2-y2}",0,,
38549,38549,F6 Si1 Tl2,225,1,0,0,Si1,-,"e_g{z2,x2-y2}",1,Tl,
39306,39306,H12 Cl3 N5 O1 Os1,107,0,0,1,Os1|Cl1|N1|O1,-|5d,"p{x,y}|{xz,yz}",0,,
39351,39351,Mn1 O6 Sb1 Sr2,107,1,0,0,Sb1|Mn1|O1|O2,-|3d,"p{x,y}|{xz,yz}",1,Sb,Mn3+
39535,39535,Cs2 Cu1 O2,139,1,0,0,Cu1,3d,"p{x,y}|{xz,yz}",1,,Cu2+
39673,39673,K1 O3 Ta1,221,1,0,0,K1|Ta1,-|5d,"e_g{z2,x2-y2}",0,,
39852,2723,Cl4 K2 Pd1,123,1,0,0,Pd1,4d,"p{x,y}|{xz,yz}",0,,
39905,39673,K1 O3 Ta1,221,1,0,0,K1|Ta1,-|5d,"e_g{z2,x2-y2}",0,,
40046,23929,Co9 S8,225,1,0,0,Co1,3d,"e_g{z2,x2-y2}",0,,
40062,40062,K2 Pt4 S6,166,1,1,0,Pt1,5d,"p{x,y}|{xy,x2-y2}|{xz,yz}",0,,
40262,40262,La2 O4 Pd1,139,1,0,0,Pd1,4d,"p{x,y}|{xz,yz}",0,,
40476,28949,F3 K1 Mg1,221,1,0,0,Mg1|K1,-,"e_g{z2,x2-y2}",0,,
40477,28949,F3 K1 Mg1,221,1,0,0,Mg1|K1,-,"e_g{z2,x2-y2}",0,,
40693,40693,Ba6 Cl2 Ir1 Nb2 O12,164,1,0,0,Ir1,5d,"p{x,y}|{xy,x2-y2}|{xz,yz}",0,,
40886,6027,Al1 F6 K2 Na1,225,1,1,0,Na1|Al1,-,"e_g{z2,x2-y2}",0,,
40908,40908,Mn1 Pd1 Te1,216,1,0,0,Pd1|Mn1|Te1,-|3d|4d,"e_g{z2,x2-y2}",1,Te,
40965,22199,Cr1 F6 K2 Na1,225,0,0,1,Na1|Cr1,-|3d,"e_g{z2,x2-y2}",0,,
40966,4030,F6 Fe1 Na1 Rb2,225,0,0,1,Na1|Fe1,-|3d,"e_g{z2,x2-y2}",0,,
40967,9001,F6 Fe1 K1 Rb2,225,0,0,1,K1|Fe1,-|3d,"e_g{z2,x2-y2}",0,,
41061,28930,Cr1 La1 O3,221,1,1,0,Cr1|La1,-|3d,"e_g{z2,x2-y2}",0,,
41258,41258,Fe1 N1,216,1,0,0,Fe1|N1,-|3d,"e_g{z2,x2-y2}",0,,
41331,18007,Mn1 S1,225,1,0,0,Mn1|S1,-|3d,"e_g{z2,x2-y2}",0,,
41526,24252,Mn1 Se1,216,1,0,0,Mn1|Se1,-|3d,"e_g{z2,x2-y2}",0,,
41549,41549,C1 B2 Ni2 Y1,139,1,0,0,Y1|C1,-|4d,"p{x,y}|{xz,yz}",0,,
41663,26861,S2 Ti1,164,1,0,0,Ti1,3d,"p{x,y}|{xy,x2-y2}|{xz,yz}",0,,
41787,41787,B2 Co2 La1,139,1,1,0,La1,-,"p{x,y}|{xz,yz}",0,,
41792,41792,As2 Ca1 Mn2,164,1,0,0,Ca1,-,"p{x,y}|{xy,x2-y2}|{xz,yz}",0,,
41935,33994,Ga1 Mo4 S8,216,1,0,0,Ga1,-,"e_g{z2,x2-y2}",0,,
42061,42061,Cr1 Ge1 Nb1,189,1,0,0,Ge2,-,"p{x,y}|{xy,x2-y2}|{xz,yz}",0,,
42130,42130,Ge1 Li1 Pd2,225,1,0,0,Ge1|Li1,-,"e_g{z2,x2-y2}",0,,
42142,42142,F6 K1 Rb2 Ti1,225,0,0,1,K1|Ti1,-|3d,"e_g{z2,x2-y2}",0,,
42143,42143,F6 Na1 Rb2 Ti1,225,0,0,1,Na1|Ti1,-|3d,"e_g{z2,x2-y2}",0,,
42144,42144,Cs2 F6 Fe1 K1,225,0,0,1,K1|Fe1,-|3d,"e_g{z2,x2-y2}",0,,
42145,9001,F6 Fe1 K1 Rb2,225,0,0,1,K1|Fe1,-|3d,"e_g{z2,x2-y2}",0,,
42146,4030,F6 Fe1 Na1 Rb2,225,0,0,1,Na1|Fe1,-|3d,"e_g{z2,x2-y2}",0,,
42147,42147,Co1 F6 K1 Rb2,225,1,0,0,K1|Co1,-|3d,"e_g{z2,x2-y2}",0,,
42148,42148,Co1 F6 Na1 Rb2,225,1,0,0,Na1|Co1,-|3d,"e_g{z2,x2-y2}",0,,
42149,42149,F6 K1 Ni1 Rb2,225,0,0,1,K1|Ni1,-|3d,"e_g{z2,x2-y2}",1,,Ni3+
42150,42150,F6 Na1 Ni1 Rb2,225,1,0,0,Na1|Ni1,-|3d,"e_g{z2,x2-y2}",1,,Ni3+
42151,42151,F6 K2 Na1 Ni1,225,1,0,0,Na1|Ni1,-|3d,"e_g{z2,x2-y2}",1,,Ni3+
42152,42152,Cs2 F6 Na1 Ni1,166,0,0,1,Ni1|Ni2,3d,"p{x,y}|{xy,x2-y2}|{xz,yz}",1,,Ni3+
42153,42153,Cs2 F6 Na1 Ti1,166,0,0,1,Ti1|Ti2,3d,"p{x,y}|{xy,x2-y2}|{xz,yz}",0,,
42154,42154,F6 Ti1 Tl3,225,0,0,1,Tl2|Ti1,-|3d,"e_g{z2,x2-y2}",1,Tl,
42158,42158,F6 Rh1 Sr1,166,0,0,1,Sr1|Rh1,-|4d,"p{x,y}|{xy,x2-y2}|{xz,yz}",0,,
42406,25723,Cr1 K1 S2,166,1,0,0,Cr1|K1,-|3d,"p{x,y}|{xy,x2-y2}|{xz,yz}",0,,
42407,25723,Cr1 K1 S2,166,1,0,0,Cr1|K1,-|3d,"p{x,y}|{xy,x2-y2}|{xz,yz}",0,,
42537,42537,Fe3 S4,166,1,0,0,Fe1,3d,"p{x,y}|{xy,x2-y2}|{xz,yz}",0,,
42600,42600,Pb1 Pd3,221,1,1,0,Pb1,-,"e_g{z2,x2-y2}",1,Pb,
42735,42735,Co1 Si1 Ti1,189,1,1,0,Si1,-,"p{x,y}|{xy,x2-y2}|{xz,yz}",0,,
42911,42911,Ge1 Mn1 Nb1,189,1,0,0,Ge2,-,"p{x,y}|{xy,x2-y2}|{xz,yz}",0,,
42978,42978,Cu1 Mn1 Sb1,216,1,0,0,Cu1|Mn1|Sb1,-|3d,"e_g{z2,x2-y2}",1,Sb,
43125,27970,Ba1 O3 Ti1,221,1,0,0,Ba1|Ti1,-|3d,"e_g{z2,x2-y2}",0,,
43136,27048,Ba1 O3 Zr1,221,1,0,0,Ba1|Zr1,-|4d,"e_g{z2,x2-y2}",0,,
43138,27049,Ba1 O3 Sn1,221,1,0,0,Ba1|Sn1,-,"e_g{z2,x2-y2}",1,Sn,
43439,43439,Na1 O2 Ti1,166,1,0,0,Na1|Ti1,-|3d,"p{x,y}|{xy,x2-y2}|{xz,yz}",0,,
43457,43457,Cu1 F3 Tl1,123,1,0,0,Tl1|Cu1|F1,-|3d,"p{x,y}|{xz,yz}",1,Tl,Cu2+
43721,15423,F3 K1 Mn1,221,1,1,0,K1|Mn1,-|3d,"e_g{z2,x2-y2}",0,,
43722,43722,F3 Mn1 Rb1,221,1,1,0,Rb1|Mn1,-|3d,"e_g{z2,x2-y2}",0,,
43847,43847,C1 Al1 Co3,221,1,0,0,Al1|C1,-,"e_g{z2,x2-y2}",0,,
43853,43853,C1 Al1 Fe3,221,1,0,0,Al1|C1,-,"e_g{z2,x2-y2}",0,,
44351,44351,C1 Ge1 Mn3,221,1,0,0,Ge1|C1,-,"e_g{z2,x2-y2}",0,,
44385,44385,Rh1 Si1,221,1,0,0,Rh1|Si1,-|4d,"e_g{z2,x2-y2}",0,,
44568,44568,B1 Rh3 Y1,221,1,1,0,Y1|B1,-|4d,"e_g{z2,x2-y2}",0,,
44619,44619,I1 Rb1,221,1,0,0,Rb1|I1,-,"e_g{z2,x2-y2}",0,,
44667,44667,Ir2 Si2 Y1,139,1,0,0,Y1,4d,"p{x,y}|{xz,yz}",0,,
44677,44677,K3 Sb1,225,1,0,0,K1|Sb1,-,"e_g{z2,x2-y2}",1,Sb,
44783,15423,F3 K1 Mn1,221,1,1,0,K1|Mn1,-|3d,"e_g{z2,x2-y2}",0,,
44784,15424,F3 Fe1 K1,221,1,1,0,K1|Fe1,-|3d,"e_g{z2,x2-y2}",0,,
44785,15246,Co1 F3 K1,221,1,0,0,K1|Co1,-|3d,"e_g{z2,x2-y2}",0,,
44788,44788,Cd1 F3 K1,221,1,0,0,K1|Cd1,-|4d,"e_g{z2,x2-y2}",0,,
44819,44819,Li1 Ni2 Si1,225,1,0,0,Li1|Si1,-,"e_g{z2,x2-y2}",0,,
44824,44824,Li1 P1 Zn1,216,1,0,0,Li1|Zn1|P1,-|3d,"e_g{z2,x2-y2}",0,,
44926,44926,Mg2 Ni3 Si1,166,1,1,0,Si1,-,"p{x,y}|{xy,x2-y2}|{xz,yz}",0,,
44996,40908,Mn1 Pd1 Te1,216,1,0,0,Mn1|Pd1|Te1,-|3d|4d,"e_g{z2,x2-y2}",1,Te,
47105,47105,Cu1 K1 Na2 O2,107,0,0,1,Cu1|K1|O1|O2,-|3d,"p{x,y}|{xz,yz}",0,,
47123,47123,La1 Ni1 O2,123,1,0,0,La1|Ni1,-|3d,"p{x,y}|{xz,yz}",0,,
47201,47201,Cs2 F6 Mn1,225,0,0,1,Mn1,3d,"e_g{z2,x2-y2}",0,,
47207,25579,F6 Mn1 Rb2,225,0,0,1,Mn1,3d,"e_g{z2,x2-y2}",0,,
47213,47213,F6 K2 Mn1,225,0,0,1,Mn1,3d,"e_g{z2,x2-y2}",0,,
47244,47244,F6 Hf1 K2,225,1,0,0,Hf1,5d,"e_g{z2,x2-y2}",0,,
47246,47246,F6 Hf1 K2,189,0,0,1,Hf1,5d,"p{x,y}|{xy,x2-y2}|{xz,yz}",0,,
48110,48110,H12 Cl2 O6 Sr1,150,0,0,1,Sr1,-,"p{x,y}|{xy,x2-y2}|{xz,yz}",0,,
48137,2582,Cl6 K2 Pt1,225,1,0,0,Pt1,5d,"e_g{z2,x2-y2}",0,,
49017,49017,Ca1 Mn2 P2,164,1,0,0,Ca1,-,"p{x,y}|{xy,x2-y2}|{xz,yz}",0,,
49019,49019,Mn2 P2 Sr1,164,1,0,0,Sr1,-,"p{x,y}|{xy,x2-y2}|{xz,yz}",0,,
49520,49520,Br6 Rb2 Te1,87,1,0,0,Te1,-,"p{x,y}|{xz,yz}",1,Te,
49521,49521,Br6 Rb2 Te1,225,1,0,0,Te1,-,"e_g{z2,x2-y2}",1,Te,
49522,49521,Br6 Rb2 Te1,225,1,0,0,Te1,-,"e_g{z2,x2-y2}",1,Te,
49566,33994,Ga1 Mo4 S8,216,1,0,0,Ga1,-,"e_g{z2,x2-y2}",0,,
49582,49582,Cd1 Cs1 F3,221,1,0,0,Cs1|Cd1,-|4d,"e_g{z2,x2-y2}",0,,
49583,49583,Cs1 F3 Fe1,221,1,0,0,Cs1|Fe1,-|3d,"e_g{z2,x2-y2}",0,,
49585,49585,F3 Mg1 Rb1,221,1,0,0,Rb1|Mg1,-,"e_g{z2,x2-y2}",0,,
49586,49586,F3 Fe1 Rb1,221,1,0,0,Rb1|Fe1,-|3d,"e_g{z2,x2-y2}",0,,
49587,49587,Cd1 F3 Rb1,221,1,0,0,Rb1|Cd1,-|4d,"e_g{z2,x2-y2}",0,,
50185,50185,Ca1 P2 Rh2,139,1,1,0,Ca1,-,"p{x,y}|{xz,yz}",0,,
50186,50186,P2 Rh2 Sr1,139,1,0,0,Sr1,-,"p{x,y}|{xz,yz}",0,,
50503,50503,Ge1 Se8 V4,216,1,0,0,Ge1,-,"e_g{z2,x2-y2}",0,,
50794,26560,Mn1 O4 Sr2,139,1,0,0,Mn1,3d,"p{x,y}|{xz,yz}",0,,
50819,50819,Mn1 Rb1 Se2,119,1,0,0,Rb1|Mn1,-|3d,"p{x,y}|{xz,yz}",1,,Mn3+
51017,51017,O8 Re2 Zn1,147,1,1,0,Zn1,3d,"p{x,y}|{xy,x2-y2}|{xz,yz}",0,,
51207,51207,Fe1 Li1 O2,166,1,0,0,Li1|Fe1,-|3d,"p{x,y}|{xy,x2-y2}|{xz,yz}",0,,
51237,51237,Ca1 F2,123,1,0,0,Ca1,-,"p{x,y}|{xz,yz}",0,,
51261,51261,Cl1 Cu1 La1 O7 Ta2,123,1,0,0,Cu1|Cl1|La1|O3,-|3d,"p{x,y}|{xz,yz}",1,,Cu2+
51264,51264,F6 K3 W1,225,1,0,0,K1|W1,-|5d,"e_g{z2,x2-y2}",0,,
51607,51607,Ba2 Mn1 O6 W1,225,1,0,0,Mn2|W1,3d|5d,"e_g{z2,x2-y2}",0,,
51608,51607,Ba2 Mn1 O6 W1,225,1,0,0,Mn2|W1,3d|5d,"e_g{z2,x2-y2}",0,,
51609,51607,Ba2 Mn1 O6 W1,225,1,0,0,Mn2|W1,3d|5d,"e_g{z2,x2-y2}",0,,
51610,51607,Ba2 Mn1 O6 W1,225,1,0,0,Mn2|W1,3d|5d,"e_g{z2,x2-y2}",0,,
51611,51607,Ba2 Mn1 O6 W1,225,1,0,0,Mn2|W1,3d|5d,"e_g{z2,x2-y2}",0,,
51612,51607,Ba2 Mn1 O6 W1,225,1,0,0,Mn2|W1,3d|5d,"e_g{z2,x2-y2}",0,,
51613,51607,Ba2 Mn1 O6 W1,225,1,0,0,Mn2|W1,3d|5d,"e_g{z2,x2-y2}",0,,
51679,10354,H2 Li1 N1,82,0,0,1,Li1|Li2,-,"p{x,y}|{xz,yz}",0,,
51759,51207,Fe1 Li1 O2,166,1,0,0,Li1|Fe1,-|3d,"p{x,y}|{xy,x2-y2}|{xz,yz}",0,,
51838,1610,O3 Pb1 Ti1,99,1,0,0,Pb1|Ti1|O1,-|3d,"p{x,y}|{xz,yz}",1,Pb,
51839,1610,O3 Pb1 Ti1,99,1,0,0,Pb1|Ti1|O1,-|3d,"p{x,y}|{xz,yz}",1,Pb,
51840,1610,O3 Pb1 Ti1,99,1,0,0,Pb1|Ti1|O1,-|3d,"p{x,y}|{xz,yz}",1,Pb,
51841,1610,O3 Pb1 Ti1,99,1,0,0,Pb1|Ti1|O1,-|3d,"p{x,y}|{xz,yz}",1,Pb,
51894,51894,Ca1 Cu3 O12 Ru4,204,1,0,0,Ca1,-,"e_g{z2,x2-y2}",1,,Cu2+
51982,51982,In1 Mg1 Ni2,225,1,0,0,In1|Mg1,-,"e_g{z2,x2-y2}",0,,
51984,51984,In1 Mn1 Ni2,225,1,0,0,In1|Mn1,-|3d,"e_g{z2,x2-y2}",0,,
51985,51984,In1 Mn1 Ni2,225,1,0,0,In1|Mn1,-|3d,"e_g{z2,x2-y2}",0,,
51988,51988,In1 Mn1 Pd2,225,1,0,0,In1|Mn1,-|3d,"e_g{z2,x2-y2}",0,,
52033,2582,Cl6 K2 Pt1,225,1,0,0,Pt1,5d,"e_g{z2,x2-y2}",0,,
52034,2582,Cl6 K2 Pt1,225,1,0,0,Pt1,5d,"e_g{z2,x2-y2}",0,,
52035,2582,Cl6 K2 Pt1,225,1,0,0,Pt1,5d,"e_g{z2,x2-y2}",0,,
52036,2582,Cl6 K2 Pt1,225,1,0,0,Pt1,5d,"e_g{z2,x2-y2}",0,,
52037,2582,Cl6 K2 Pt1,225,1,0,0,Pt1,5d,"e_g{z2,x2-y2}",0,,
52038,2582,Cl6 K2 Pt1,225,1,0,0,Pt1,5d,"e_g{z2,x2-y2}",0,,
52039,2582,Cl6 K2 Pt1,225,1,0,0,Pt1,5d,"e_g{z2,x2-y2}",0,,
52195,26861,S2 Ti1,164,1,0,0,Ti1,3d,"p{x,y}|{xy,x2-y2}|{xz,yz}",0,,
52241,52241,F1 K1,225,0,0,1,K1|F1,-,"e_g{z2,x2-y2}",0,,
52274,52274,Cl1 Cs1,225,0,0,1,Cs1|Cl1,-,"e_g{z2,x2-y2}",0,,
52291,26914,Cl1 F1 Na6 O8 S2,225,1,0,0,F1|Cl1,-,"e_g{z2,x2-y2}",0,,
52292,38549,F6 Si1 Tl2,225,1,0,0,Si1,-,"e_g{z2,x2-y2}",1,Tl,
52512,31840,Te1 Zn1,225,1,0,0,Zn1|Te1,-|3d,"e_g{z2,x2-y2}",1,Te,
52673,52673,Au1 Mn1 Sb1,216,1,0,0,Au1|Mn1|Sb1,-|3d|5d,"e_g{z2,x2-y2}",1,Sb,
52813,52813,Cd1 Li1 P1,216,1,0,0,Cd1|Li1|P1,-|4d,"e_g{z2,x2-y2}",0,,
52954,52954,Co1 Fe2 Ge1,225,1,1,0,Co1|Ge1,-|3d,"e_g{z2,x2-y2}",0,,
52958,52958,Co2 Fe1 Si1,225,1,0,0,Fe1|Si1,-|3d,"e_g{z2,x2-y2}",0,,
52971,52971,Co2 Ge1 Mn1,225,1,0,0,Mn1|Ge1,-|3d,"e_g{z2,x2-y2}",0,,
52994,52994,Co2 Ge1 Zn1,225,1,1,0,Zn1|Ge1,-|3d,"e_g{z2,x2-y2}",0,,
52999,52999,Co2 La1 Si2,139,1,1,0,La1,-,"p{x,y}|{xz,yz}",0,,
53001,53001,Co1 Mn1 Sb1,216,1,1,0,Co1|Mn1|Sb1,-|3d,"e_g{z2,x2-y2}",1,Sb,
53002,53002,Co2 Mn1 Sb1,225,1,0,0,Mn1|Sb1,-|3d,"e_g{z2,x2-y2}",1,Sb,
53007,53007,Co2 Mn1 Si1,225,1,0,0,Mn1|Si1,-|3d,"e_g{z2,x2-y2}",0,,
53057,9865,Co1 O1,225,1,0,0,Co1|O1,-|3d,"e_g{z2,x2-y2}",0,,
53058,9865,Co1 O1,225,1,0,0,Co1|O1,-|3d,"other:x+z|{xy,yz}",0,,
53059,53059,Co1 O1,139,1,0,0,Co1|O1,-|3d,"p{x,y}|{xz,yz}",0,,
53071,53071,Co1 Sb1 V1,216,1,0,0,Co1|V1|Sb1,-|3d,"e_g{z2,x2-y2}",1,Sb,
53080,53080,Co2 Si1 Ti1,225,1,1,0,Ti1|Si1,-|3d,"e_g{z2,x2-y2}",0,,
53081,53080,Co2 Si1 Ti1,225,1,1,0,Ti1|Si1,-|3d,"e_g{z2,x2-y2}",0,,
53086,53086,Co2 Si1 V1,225,1,1,0,V1|Si1,-|3d,"e_g{z2,x2-y2}",0,,
53088,53088,Co2 Si2 Y1,139,1,0,0,Y1,4d,"p{x,y}|{xz,yz}",0,,
53237,53237,Cs1 K2 Sb1,225,1,0,0,Cs1|Sb1,-,"e_g{z2,x2-y2}",1,Sb,
53311,42978,Cu1 Mn1 Sb1,216,1,0,0,Cu1|Mn1|Sb1,-|3d,"e_g{z2,x2-y2}",1,Sb,
53459,53459,Fe1 Ge1,191,1,0,0,Ge1,-,"p{x,y}|{xy,x2-y2}|{xz,yz}",0,,
53462,53462,Fe3 Ge1,225,1,0,0,Fe1|Ge1,-|3d,"e_g{z2,x2-y2}",0,,
53505,53505,Fe1 N1 Ni1,123,1,0,0,Fe1|Ni1|N1,-|3d,"p{x,y}|{xz,yz}",0,,
53519,27856,Fe1 O1,225,1,0,0,Fe1|O1,-|3d,"e_g{z2,x2-y2}",0,,
53525,53525,Fe1 Ru2 Si1,225,1,1,0,Fe1|Si1,-|3d,"e_g{z2,x2-y2}",0,,
53543,53543,Fe1 Se1,123,1,0,0,Fe1|Se1,-|3d,"p{x,y}|{xz,yz}",0,,
53545,53545,Fe3 Si1,225,1,0,0,Fe1|Si1,-|3d,"e_g{z2,x2-y2}",0,,
53555,53555,Fe2 Si1 V1,225,1,1,0,V1|Si1,-|3d,"e_g{z2,x2-y2}",0,,
53687,53687,Ge1 Mn1 Ni2,225,1,0,0,Mn1|Ge1,-|3d,"e_g{z2,x2-y2}",0,,
53705,53705,Ge1 Mn1 Pd2,225,1,0,0,Mn1|Ge1,-|3d,"e_g{z2,x2-y2}",0,,
53706,53706,Ge1 Mn1 Rh2,225,1,0,0,Mn1|Ge1,-|3d,"e_g{z2,x2-y2}",0,,
53745,53745,Ge1 Ni3,221,1,1,0,Ge1,-,"e_g{z2,x2-y2}",0,,
53824,52241,F1 K1,225,0,0,1,K1|F1,-,"e_g{z2,x2-y2}",0,,
53828,53828,F1 Rb1,225,0,0,1,Rb1|F1,-,"e_g{z2,x2-y2}",0,,
53929,9865,Co1 O1,225,1,0,0,Co1|O1,-|3d,"e_g{z2,x2-y2}",0,,
53930,9866,Ni1 O1,225,1,0,0,Ni1|O1,-|3d,"e_g{z2,x2-y2}",0,,
53931,9866,Ni1 O1,225,1,0,0,Ni1|O1,-|3d,"e_g{z2,x2-y2}",0,,
53984,5270,F2 Pb1,225,1,0,0,Pb1,-,"e_g{z2,x2-y2}",1,Pb,
54245,54245,La1 Ni5,191,1,1,0,La1,-,"p{x,y}|{xy,x2-y2}|{xz,yz}",0,,
54255,54255,Mn1 Ni1 Sb1,216,1,1,0,Mn1|Ni1|Sb1,-|3d,"e_g{z2,x2-y2}",1,Sb,
54343,54343,Mn1 Rh1 Sb1,216,1,1,0,Mn1|Rh1|Sb1,-|3d|4d,"e_g{z2,x2-y2}",1,Sb,
54422,54422,Ni5 Y1,191,1,1,0,Y1,4d,"p{x,y}|{xy,x2-y2}|{xz,yz}",0,,
54465,54465,Au1 Mn1 Sn1,216,1,0,0,Au1|Mn1|Sn1,-|3d|5d,"e_g{z2,x2-y2}",1,Sn,
54474,54474,Ca1 Ni5,191,1,1,0,Ca1,-,"p{x,y}|{xy,x2-y2}|{xz,yz}",0,,
54546,54546,In1 Ni2 Zr1,225,1,1,0,Zr1|In1,-|4d,"e_g{z2,x2-y2}",0,,
54595,54595,Hf1 In1 Ni2,225,1,1,0,Hf1|In1,-|5d,"e_g{z2,x2-y2}",0,,
54596,54596,In1 Ni2 Ti1,225,1,0,0,Ti1|In1,-|3d,"e_g{z2,x2-y2}",0,,
54985,54985,Ni5 Zr1,216,1,1,0,Zr1|Ni1,3d|4d,"e_g{z2,x2-y2}",0,,
55054,1610,O3 Pb1 Ti1,99,1,0,0,Pb1|O1|Ti1,-|3d,"p{x,y}|{xz,yz}",1,Pb,
55055,1610,O3 Pb1 Ti1,99,1,0,0,Pb1|O1|Ti1,-|3d,"p{x,y}|{xz,yz}",1,Pb,
55056,1610,O3 Pb1 Ti1,99,1,0,0,Pb1|O1|Ti1,-|3d,"p{x,y}|{xz,yz}",1,Pb,
55057,1610,O3 Pb1 Ti1,99,1,0,0,Pb1|O1|Ti1,-|3d,"p{x,y}|{xz,yz}",1,Pb,
55058,1610,O3 Pb1 Ti1,99,1,0,0,Pb1|O1|Ti1,-|3d,"p{x,y}|{xz,yz}",1,Pb,
55059,1610,O3 Pb1 Ti1,99,1,0,0,Pb1|O1|Ti1,-|3d,"p{x,y}|{xz,yz}",1,Pb,
55060,1610,O3 Pb1 Ti1,99,1,0,0,Pb1|O1|Ti1,-|3d,"p{x,y}|{xz,yz}",1,Pb,
55061,1610,O3 Pb1 Ti1,99,1,0,0,Pb1|O1|Ti1,-|3d,"p{x,y}|{xz,yz}",1,Pb,
55115,55115,Rb2 Te1,225,1,0,0,Te1,-,"e_g{z2,x2-y2}",1,Te,
55116,55115,Rb2 Te1,225,1,0,0,Te1,-,"e_g{z2,x2-y2}",1,Te,
55117,55115,Rb2 Te1,225,1,0,0,Te1,-,"e_g{z2,x2-y2}",1,Te,
55131,55115,Rb2 Te1,225,1,0,0,Te1,-,"e_g{z2,x2-y2}",1,Te,
55132,55115,Rb2 Te1,225,1,0,0,Te1,-,"e_g{z2,x2-y2}",1,Te,
55133,55115,Rb2 Te1,225,1,0,0,Te1,-,"e_g{z2,x2-y2}",1,Te,
55134,55115,Rb2 Te1,225,1,0,0,Te1,-,"e_g{z2,x2-y2}",1,Te,
55135,55115,Rb2 Te1,225,1,0,0,Te1,-,"e_g{z2,x2-y2}",1,Te,
55136,55115,Rb2 Te1,225,1,0,0,Te1,-,"e_g{z2,x2-y2}",1,Te,
55297,41787,B2 Co2 La1,139,1,1,0,La1,-,"p{x,y}|{xz,yz}",0,,
55298,23653,B2 Co2 Y1,139,1,0,0,Y1,4d,"p{x,y}|{xz,yz}",0,,
55564,55564,Co1 Sn1,191,1,0,0,Sn1,-,"p{x,y}|{xy,x2-y2}|{xz,yz}",1,Sn,
55601,55601,Al1 Fe1,221,1,0,0,Al1|Fe1,-|3d,"e_g{z2,x2-y2}",0,,
55926,55926,Ge2 La1 Rh2,139,1,1,0,La1,-,"p{x,y}|{xz,yz}",0,,
56092,23076,O3 Sr1 Ti1,221,1,0,0,Sr1|Ti1,-|3d,"e_g{z2,x2-y2}",0,,
56093,27970,Ba1 O3 Ti1,221,1,0,0,Ba1|Ti1,-|3d,"e_g{z2,x2-y2}",0,,
56094,29003,Ca1 O3 Zr1,221,1,0,0,Ca1|Zr1,-|4d,"e_g{z2,x2-y2}",0,,
56095,56095,Ca1 O3 Sn1,221,1,0,0,Ca1|Sn1,-,"e_g{z2,x2-y2}",1,Sn,
56096,28949,F3 K1 Mg1,221,1,0,0,K1|Mg1,-,"e_g{z2,x2-y2}",0,,
56160,56160,C2 Ba1,139,1,0,0,Ba1,-,"p{x,y}|{xz,yz}",0,,
56251,16640,F6 Na1 Sb1,225,1,0,0,Na1|Sb1,-,"e_g{z2,x2-y2}",1,Sb,
56254,2381,Cs2 Cu1 N6 O12 Pb1,202,0,0,1,Pb1|Cu1,-|3d,"e_g{z2,x2-y2}",1,Pb,Cu2+
56273,56273,Co1 Fe1,221,1,0,0,Co1|Fe1,3d,"e_g{z2,x2-y2}",0,,
56281,53545,Fe3 Si1,225,1,0,0,Fe1|Si1,-|3d,"e_g{z2,x2-y2}",0,,
56439,39673,K1 O3 Ta1,221,1,0,0,K1|Ta1,-|5d,"e_g{z2,x2-y2}",0,,
56440,39673,K1 O3 Ta1,221,1,0,0,K1|Ta1,-|5d,"e_g{z2,x2-y2}",0,,
56602,56602,C6 Cr1 Cs1 Mn1 N6,216,1,0,0,Cs1|Mn1|Cr1,-|3d,"e_g{z2,x2-y2}",0,,
56603,56603,C6 Cr1 Cs1 N6 Ni1,216,0,0,1,Cs1|Ni1|Cr1,-|3d,"e_g{z2,x2-y2}",0,,
56717,23076,O3 Sr1 Ti1,221,1,0,0,Sr1|Ti1,-|3d,"e_g{z2,x2-y2}",0,,
57596,57596,Al1 Co1,221,1,0,0,Al1|Co1,-|3d,"e_g{z2,x2-y2}",0,,
57600,57600,Al1 Co2 Cr1,225,1,0,0,Al1|Cr1,-|3d,"e_g{z2,x2-y2}",0,,
57611,57611,Al1 Co2 Hf1,225,1,0,0,Al1|Hf1,-|5d,"e_g{z2,x2-y2}",0,,
57618,57618,Al1 Co2 Mn1,225,1,0,0,Al1|Mn1,-|3d,"e_g{z2,x2-y2}",0,,
57620,57620,Al1 Co2 Nb1,225,1,0,0,Al1|Nb1,-|4d,"e_g{z2,x2-y2}",0,,
57634,57634,Al1 Co2 Ta1,225,1,0,0,Al1|Ta1,-|5d,"e_g{z2,x2-y2}",0,,
57643,57643,Al1 Co2 V1,225,1,0,0,Al1|V1,-|3d,"e_g{z2,x2-y2}",0,,
57648,57648,Al1 Co2 Zr1,225,1,0,0,Al1|Zr1,-|4d,"e_g{z2,x2-y2}",0,,
57654,57654,Al1 Cr1 Fe2,225,1,1,0,Al1|Cr1,-|3d,"e_g{z2,x2-y2}",0,,
57791,55601,Al1 Fe1,221,1,0,0,Al1|Fe1,-|3d,"e_g{z2,x2-y2}",0,,
57793,57793,Al1 Fe3,225,1,1,0,Al1|Fe1,-|3d,"e_g{z2,x2-y2}",0,,
57807,57807,Al1 Fe2 Mo1,225,1,1,0,Al1|Mo1,-|4d,"e_g{z2,x2-y2}",0,,
57832,57832,Al1 Fe2 V1,225,1,0,0,Al1|V1,-|3d,"e_g{z2,x2-y2}",0,,
57833,57832,Al1 Fe2 V1,225,1,0,0,Al1|V1,-|3d,"e_g{z2,x2-y2}",0,,
57842,57842,Al8 Fe4 Y1,139,1,1,0,Y1,4d,"p{x,y}|{xz,yz}",0,,
57969,57969,Al1 Mn1,123,1,0,0,Al1|Mn2,-|3d,"p{x,y}|{xz,yz}",0,,
57985,57985,Al1 Mn1 Pt2,225,1,0,0,Al1|Mn1,-|3d,"e_g{z2,x2-y2}",0,,
57986,57986,Al1 Mn1 Rh2,225,1,0,0,Al1|Mn1,-|3d,"e_g{z2,x2-y2}",0,,
58015,58015,Al3 Nb1,139,1,0,0,Al1|Nb1,-|4d,"p{x,y}|{xz,yz}",0,,
58038,58038,Al1 Ni3,221,1,1,0,Al1,-,"e_g{z2,x2-y2}",0,,
58039,58038,Al1 Ni3,221,1,1,0,Al1,-,"e_g{z2,x2-y2}",0,,
58050,58050,Al1 Ni2 Sc1,225,1,0,0,Al1|Sc1,-|3d,"e_g{z2,x2-y2}",0,,
58063,58063,Al1 Ni2 Ti1,225,1,0,0,Al1|Ti1,-|3d,"e_g{z2,x2-y2}",0,,
58080,58080,Al1 Ni1 Zr1,189,1,0,0,Ni1,3d,"p{x,y}|{xy,x2-y2}|{xz,yz}",0,,
58201,58201,Al3 V1,139,1,1,0,Al1|V1,-|3d,"p{x,y}|{xz,yz}",0,,
58672,58672,Ba1 Pd5,191,1,1,0,Ba1,-,"p{x,y}|{xy,x2-y2}|{xz,yz}",0,,
58693,58693,Be1 Co1,221,1,0,0,Be1|Co1,-|3d,"e_g{z2,x2-y2}",0,,
58726,58726,Be1 Ni1,221,1,0,0,Be1|Ni1,-|3d,"e_g{z2,x2-y2}",0,,
58793,58793,Bi1 K3,225,1,0,0,Bi1|K1,-,"e_g{z2,x2-y2}",1,Bi,
58849,58849,Bi1 Rb3,225,1,0,0,Bi1|Rb1,-,"e_g{z2,x2-y2}",1,Bi,
58874,58874,Ca1 Cd1,221,1,0,0,Ca1|Cd1,-|4d,"e_g{z2,x2-y2}",0,,
58916,54474,Ca1 Ni5,191,1,1,0,Ca1,-,"p{x,y}|{xy,x2-y2}|{xz,yz}",0,,
59102,59102,Cs2 Cu1 F6 K1,225,0,0,1,K1|Cu1,-|3d,"e_g{z2,x2-y2}",0,,
59142,1140,H12 Ca1 Cl2 O6,150,0,0,1,Ca1,-,"p{x,y}|{xy,x2-y2}|{xz,yz}",0,,
59143,48110,H12 Cl2 O6 Sr1,150,0,0,1,Sr1,-,"p{x,y}|{xy,x2-y2}|{xz,yz}",0,,
59195,2738,Bi1 Cl6 Cs2 Na1,225,1,0,0,Na1|Bi1,-,"e_g{z2,x2-y2}",1,Bi,
59196,59196,Cl6 Cs2 K1 Sc1,225,1,0,0,K1|Sc1,-|3d,"e_g{z2,x2-y2}",0,,
59435,59435,In1 Ni1,191,1,1,0,In1,-,"p{x,y}|{xy,x2-y2}|{xz,yz}",0,,
59438,59438,In1 Ni3,221,1,1,0,In1,-,"e_g{z2,x2-y2}",0,,
59439,59438,In1 Ni3,221,1,1,0,In1,-,"e_g{z2,x2-y2}",0,,
59446,59446,In1 Ni2 Sc1,225,1,0,0,In1|Sc1,-|3d,"e_g{z2,x2-y2}",0,,
59451,54596,In1 Ni2 Ti1,225,1,0,0,In1|Ti1,-|3d,"e_g{z2,x2-y2}",0,,
59452,54596,In1 Ni2 Ti1,225,1,0,0,In1|Ti1,-|3d,"e_g{z2,x2-y2}",0,,
59460,54546,In1 Ni2 Zr1,225,1,1,0,In1|Zr1,-|4d,"e_g{z2,x2-y2}",0,,
59476,59476,In1 Pd3,123,1,0,0,In1|Pd1,-|4d,"p{x,y}|{xz,yz}",0,,
59515,59515,In1 Rh1,221,1,0,0,In1|Rh2,-|4d,"e_g{z2,x2-y2}",0,,
59516,59515,In1 Rh1,221,1,0,0,In1|Rh1,-|4d,"e_g{z2,x2-y2}",0,,
59697,59697,Cl2 Co1 O2 Sr2,139,1,0,0,Co1,3d,"p{x,y}|{xz,yz}",0,,
59698,59698,Br2 Co1 O2 Sr2,139,1,0,0,Co1,3d,"p{x,y}|{xz,yz}",0,,
59878,59878,C1 Ca1 F1 K1 O3,187,1,0,0,K1|C1|Ca1|F1,-,"p{x,y}|{xy,x2-y2}|{xz,yz}",0,,
59894,59894,Cl6 K2 Ta1,225,1,1,0,Ta1,5d,"e_g{z2,x2-y2}",0,,
60013,5270,F2 Pb1,225,1,0,0,Pb1,-,"e_g{z2,x2-y2}",1,Pb,
60014,5270,F2 Pb1,225,1,0,0,Pb1,-,"e_g{z2,x2-y2}",1,Pb,
60110,2722,Cl4 K2 Pt1,123,1,0,0,Pt1,5d,"p{x,y}|{xz,yz}",0,,
60188,1610,O3 Pb1 Ti1,99,1,0,0,Pb1|Ti1|O2,-|3d,"p{x,y}|{xz,yz}",1,Pb,
60246,25596,F3 Nb1,221,1,0,0,Nb1,4d,"e_g{z2,x2-y2}",0,,
60250,60250,Br2 Mn1,164,1,0,0,Mn1,3d,"p{x,y}|{xy,x2-y2}|{xz,yz}",0,,
60372,5270,F2 Pb1,225,1,0,0,Pb1,-,"e_g{z2,x2-y2}",1,Pb,
60402,31232,Cl1 K1,221,1,0,0,K1|Cl1,-,"e_g{z2,x2-y2}",0,,
60435,60435,Na2 O1,225,1,0,0,O1,-,"e_g{z2,x2-y2}",0,,
60439,26735,K2 S1,225,1,1,0,S1,-,"e_g{z2,x2-y2}",0,,
60440,60440,K2 Se1,225,1,1,0,Se1,-,"e_g{z2,x2-y2}",0,,
60441,60441,K2 Te1,225,1,1,0,Te1,-,"e_g{z2,x2-y2}",1,Te,
60499,24985,Ba2 Ca1 O6 W1,225,1,0,0,W1|Ca1,-|5d,"e_g{z2,x2-y2}",0,,
60538,10181,C6 Co1 Cs2 Li1 N6,225,0,0,1,Li1|Co1,-|3d,"e_g{z2,x2-y2}",0,,
60539,10181,C6 Co1 Cs2 Li1 N6,225,0,0,1,Li1|Co1,-|3d,"e_g{z2,x2-y2}",0,,
60540,1000,C6 Cs2 Fe1 Li1 N6,225,0,0,1,Li1|Fe1,-|3d,"e_g{z2,x2-y2}",0,,
60541,1000,C6 Cs2 Fe1 Li1 N6,225,0,0,1,Li1|Fe1,-|3d,"e_g{z2,x2-y2}",0,,
60542,1000,C6 Cs2 Fe1 Li1 N6,225,0,0,1,Li1|Fe1,-|3d,"e_g{z2,x2-y2}",0,,
60611,60611,F3 Na1 V1,221,1,1,0,Na1|V1,-|3d,"e_g{z2,x2-y2}",0,,
60683,27856,Fe1 O1,225,1,0,0,Fe1|O1,-|3d,"e_g{z2,x2-y2}",0,,
60762,60762,K2 O3 S1,164,0,0,1,K1|K2,-,"p{x,y}|{xy,x2-y2}|{xz,yz}",0,,
61117,61117,F6 K2 Mn1 Na1,139,0,0,1,Na1|Mn1,-|3d,"p{x,y}|{xz,yz}",1,,Mn3+
61122,61122,C4 H16 Cl2 N8 Ni1 S4,79,0,0,1,Ni1|Cl1|Cl2,-|3d,"p{x,y}|{xz,yz}",0,,
61123,61122,C4 H16 Cl2 N8 Ni1 S4,79,0,0,1,Ni1|Cl1|Cl2,-|3d,"p{x,y}|{xz,yz}",0,,
61168,1610,O3 Pb1 Ti1,99,1,0,0,Pb1|Ti1|O1,-|3d,"p{x,y}|{xz,yz}",1,Pb,
61169,1610,O3 Pb1 Ti1,99,1,0,0,Pb1|Ti1|O1,-|3d,"p{x,y}|{xz,yz}",1,Pb,
61217,61217,Ir1 Li8 O6,148,0,0,1,Ir1,5d,"p{x,y}|{xy,x2-y2}|{xz,yz}",0,,
61256,61256,Ga9 O2 S13 Tl3,174,1,0,0,Tl1|Tl2|Tl3|S1,-,"p{x,y}|{xy,x2-y2}|{xz,yz}",1,Tl,
61277,22200,F6 Fe1 K2 Na1,225,0,0,1,Fe1|Na1,-|3d,"e_g{z2,x2-y2}",0,,
61318,9866,Ni1 O1,225,1,0,0,Ni1|O1,-|3d,"e_g{z2,x2-y2}",0,,
61324,9866,Ni1 O1,225,1,0,0,Ni1|O1,-|3d,"e_g{z2,x2-y2}",0,,
61326,9865,Co1 O1,225,1,0,0,Co1|O1,-|3d,"e_g{z2,x2-y2}",0,,
61515,52274,Cl1 Cs1,225,0,0,1,Cs1|Cl1,-,"e_g{z2,x2-y2}",0,,
61522,61522,Br1 Rb1,221,1,0,0,Rb1|Br1,-,"e_g{z2,x2-y2}",0,,
61523,44619,I1 Rb1,221,1,0,0,Rb1|I1,-,"e_g{z2,x2-y2}",0,,
61544,9866,Ni1 O1,225,1,0,0,Ni1|O1,-|3d,"e_g{z2,x2-y2}",0,,
61556,61556,Br1 K1,221,1,0,0,K1|Br1,-,"e_g{z2,x2-y2}",0,,
61557,31232,Cl1 K1,221,1,0,0,K1|Cl1,-,"e_g{z2,x2-y2}",0,,
61559,44619,I1 Rb1,221,1,0,0,Rb1|I1,-,"e_g{z2,x2-y2}",0,,
61560,61522,Br1 Rb1,221,1,0,0,Rb1|Br1,-,"e_g{z2,x2-y2}",0,,
62368,23743,Ba1 O4 S1,216,0,0,1,Ba1|S1,-,"e_g{z2,x2-y2}",0,,
62375,62375,H12 F6 O6 Ti1 Zn1,148,0,0,1,Zn1|Ti1,3d,"p{x,y}|{xy,x2-y2}|{xz,yz}",0,,
62555,62555,Ca2 Cl1 N1,166,1,1,0,N1|Cl1,-,"p{x,y}|{xy,x2-y2}|{xz,yz}",0,,
62556,62556,Br1 Ca2 N1,166,1,1,0,N1|Br1,-,"p{x,y}|{xy,x2-y2}|{xz,yz}",0,,
63269,63269,Ba2 Cu3 O6 Y1,123,1,0,0,Cu1|Y1,3d|4d,"p{x,y}|{xz,yz}",1,,Cu2+
63362,63362,F6 S1,229,0,0,1,S1,-,"e_g{z2,x2-y2}",0,,
63423,63423,Ba2 Cu3 O6 Y1,115,1,0,0,Y1|Cu1,3d|4d,"p{x,y}|{xz,yz}",1,,Cu2+
63424,63269,Ba2 Cu3 O6 Y1,123,1,0,0,Y1|Cu1,3d|4d,"p{x,y}|{xz,yz}",1,,Cu2+
63704,20294,O7 Sr3 Ti2,139,1,1,0,Sr1|O1,-,"p{x,y}|{xz,yz}",0,,
64613,64613,Cl6 Cs2 Re1,225,1,0,0,Re1,5d,"e_g{z2,x2-y2}",0,,
64661,64661,F6 Pd1 Pt1,148,0,0,1,Pd1|Pt1,4d|5d,"p{x,y}|{xy,x2-y2}|{xz,yz}",0,,
64686,52241,F1 K1,225,0,0,1,K1|F1,-,"e_g{z2,x2-y2}",0,,
64754,1372,H1 Cr1 O2,160,1,0,0,Cr1|O1|O2|H1,-|3d,"p{x,y}|{xy,x2-y2}|{xz,yz}",0,,
64763,29407,F6 K2 Si1,225,0,0,1,Si1,-,"e_g{z2,x2-y2}",0,,
65034,2723,Cl4 K2 Pd1,123,1,0,0,Pd1,4d,"p{x,y}|{xz,yz}",0,,
65035,2723,Cl4 K2 Pd1,123,1,0,0,Pd1,4d,"p{x,y}|{xz,yz}",0,,
65036,2723,Cl4 K2 Pd1,123,1,0,0,Pd1,4d,"p{x,y}|{xz,yz}",0,,
65037,33709,Cl6 K2 Pd1,225,1,0,0,Pd1,4d,"e_g{z2,x2-y2}",0,,
65038,33709,Cl6 K2 Pd1,225,1,0,0,Pd1,4d,"e_g{z2,x2-y2}",0,,
65039,33709,Cl6 K2 Pd1,225,1,0,0,Pd1,4d,"e_g{z2,x2-y2}",0,,
65057,24151,Br6 Cs2 Te1,225,1,0,0,Te1,-,"e_g{z2,x2-y2}",1,Te,
65058,24151,Br6 Cs2 Te1,225,1,0,0,Te1,-,"e_g{z2,x2-y2}",1,Te,
65059,9022,Cl6 Rb2 Sn1,225,1,1,0,Sn1,-,"e_g{z2,x2-y2}",1,Sn,
65060,9022,Cl6 Rb2 Sn1,225,1,1,0,Sn1,-,"e_g{z2,x2-y2}",1,Sn,
65088,23076,O3 Sr1 Ti1,221,1,0,0,Sr1|Ti1,-|3d,"e_g{z2,x2-y2}",0,,
65089,23076,O3 Sr1 Ti1,221,1,0,0,Sr1|Ti1,-|3d,"e_g{z2,x2-y2}",0,,
65090,23076,O3 Sr1 Ti1,221,1,0,0,Sr1|Ti1,-|3d,"e_g{z2,x2-y2}",0,,
65118,38346,Br6 K2 Te1,225,1,0,0,Te1,-,"e_g{z2,x2-y2}",1,Te,
65196,65196,H4 Ca1 Rb2,139,1,1,0,Ca1,-,"p{x,y}|{xz,yz}",0,,
65503,65503,Cs2 F6 Fe1 Na1,225,0,0,1,Na1|Fe1,-|3d,"e_g{z2,x2-y2}",0,,
65699,65699,C6 Ag3 K2 N6 Na1,162,1,1,0,Na1,-,"p{x,y}|{xy,x2-y2}|{xz,yz}",0,,
65730,22112,F6 K2 Na1 Sc1,225,1,0,0,Na1|Sc1,-|3d,"e_g{z2,x2-y2}",0,,
65731,65731,Cl6 Cs2 Li1 Y1,225,1,0,0,Li1|Y1,-|4d,"e_g{z2,x2-y2}",0,,
65732,65732,Cl6 Cs2 Na1 Y1,225,1,0,0,Na1|Y1,-|4d,"e_g{z2,x2-y2}",0,,
65738,65738,Al2 F1 K4 Nb11 O20,139,1,0,0,Nb1|F1,-|4d,"p{x,y}|{xz,yz}",0,,
65838,65838,Mg4 N12 P6 S1,217,1,0,0,S1,-,"e_g{z2,x2-y2}",0,,
66098,66098,Cr2 Li14 N8 O1,147,1,0,0,O1,-,"p{x,y}|{xy,x2-y2}|{xz,yz}",0,,
66277,66277,Ni1 O2 Rb2,139,1,0,0,Ni1,3d,"p{x,y}|{xz,yz}",0,,
66280,66280,Na1 O2 Rh1,166,1,0,0,Rh1|Na1,-|4d,"p{x,y}|{xy,x2-y2}|{xz,yz}",0,,
66767,66767,B2 Ca1 Rh3,191,1,0,0,Ca1,-,"p{x,y}|{xy,x2-y2}|{xz,yz}",0,,
66776,66776,C2 Ba4 Cu1 Na1 O10,121,0,0,1,Cu1|Na1,-|3d,"p{x,y}|{xz,yz}",0,,
66903,63269,Ba2 Cu3 O6 Y1,123,1,0,0,Y1|Cu1,3d|4d,"p{x,y}|{xz,yz}",0,,
66938,20748,C2 Cd1 N2,215,1,0,0,Cd1|Cd2,4d,"e_g{z2,x2-y2}",0,,
67016,63269,Ba2 Cu3 O6 Y1,123,1,0,0,Y1|Cu1,3d|4d,"p{x,y}|{xz,yz}",1,,Cu2+
67146,6035,Cs2 F6 K1 Ti1,225,0,0,1,K1|Ti1,-|3d,"e_g{z2,x2-y2}",0,,
67147,42142,F6 K1 Rb2 Ti1,225,0,0,1,K1|Ti1,-|3d,"e_g{z2,x2-y2}",0,,
67160,67160,Cs2 F6 Na1 Ti1,164,0,0,1,Ti2|Na1,-|3d,"p{x,y}|{xy,x2-y2}|{xz,yz}",0,,
67260,67260,Hg1 Na4 P2,166,1,0,0,Hg1,5d,"p{x,y}|{xy,x2-y2}|{xz,yz}",0,,
67261,67261,K4 P2 Zn1,166,1,1,0,Zn1,3d,"p{x,y}|{xy,x2-y2}|{xz,yz}",0,,
67263,67263,Hg1 K4 P2,166,1,1,0,Hg1,5d,"p{x,y}|{xy,x2-y2}|{xz,yz}",0,,
67332,17046,H4 Mg3 O9 Si2,157,1,0,0,O4|H2,-,"p{x,y}|{xy,x2-y2}|{xz,yz}",0,,
67333,17046,H4 Mg3 O9 Si2,157,1,0,0,O4|H2,-,"p{x,y}|{xy,x2-y2}|{xz,yz}",0,,
67346,67346,N2 Na1 Ta1,166,1,0,0,Ta1|Na1,-|5d,"p{x,y}|{xy,x2-y2}|{xz,yz}",0,,
67347,67346,N2 Na1 Ta1,166,1,0,0,Ta1|Na1,-|5d,"p{x,y}|{xy,x2-y2}|{xz,yz}",0,,
67362,67362,Co2 Se2 Tl1,139,1,0,0,Tl1,-,"p{x,y}|{xz,yz}",1,Tl,
67370,67370,Co2 K1 Se2,139,1,0,0,K1,-,"p{x,y}|{xz,yz}",0,,
67500,67500,Br2 Mn1,166,1,0,0,Mn1,3d,"p{x,y}|{xy,x2-y2}|{xz,yz}",0,,
67518,27970,Ba1 O3 Ti1,221,1,0,0,Ba1|Ti1,-|3d,"e_g{z2,x2-y2}",0,,
67519,27965,Ba1 O3 Ti1,123,1,0,0,Ba1|Ti1|O1,-|3d,"p{x,y}|{xz,yz}",0,,
67520,15453,Ba1 O3 Ti1,99,1,0,0,Ba1|Ti1|O1,-|3d,"p{x,y}|{xz,yz}",0,,
67589,67589,Al12 Ca8 O24 S2,217,0,0,1,S1,-,"e_g{z2,x2-y2}",0,,
67590,67590,Al12 O24 S2 Sr8,217,0,0,1,S1,-,"e_g{z2,x2-y2}",0,,
67826,67826,Ir1 Na4 O4,87,0,0,1,Ir1,5d,"p{x,y}|{xz,yz}",0,,
67880,67880,Mg1 O6 Pb2 W1,225,1,0,0,Mg1|W1,-|5d,"e_g{z2,x2-y2}",1,Pb,
67978,67978,Ba1 Cu1 Fe1 O5 Y1,99,1,0,0,Y1|Ba1|Fe1|Cu1|O1,-|3d|4d,"p{x,y}|{xz,yz}",1,,Cu2+
67982,67982,B2 K2 O6 Zr1,166,1,0,0,Zr1,4d,"p{x,y}|{xy,x2-y2}|{xz,yz}",0,,
68008,63269,Ba2 Cu3 O6 Y1,123,1,0,0,Cu1|Y1,3d|4d,"p{x,y}|{xz,yz}",1,,Cu2+
68046,63269,Ba2 Cu3 O6 Y1,123,1,0,0,Y1|Cu1,3d|4d,"p{x,y}|{xz,yz}",1,,Cu2+
68067,10180,C6 Cs2 Li1 Mn1 N6,225,0,0,1,Li1|Mn1,-|3d,"e_g{z2,x2-y2}",1,,Mn3+
68068,6085,C6 Cr1 Cs2 Li1 N6,225,0,0,1,Li1|Cr1,-|3d,"e_g{z2,x2-y2}",0,,
68290,63269,Ba2 Cu3 O6 Y1,123,1,0,0,Y1|Cu1,3d|4d,"p{x,y}|{xz,yz}",0,,
68358,68358,H4 K2 Mg1,139,1,1,0,Mg1,-,"p{x,y}|{xz,yz}",0,,
68505,68505,Br2 K4 O1,139,1,0,0,O1,-,"p{x,y}|{xz,yz}",0,,
68763,23769,Cl6 K2 Re1,225,1,0,0,Re1,5d,"e_g{z2,x2-y2}",0,,
68765,2582,Cl6 K2 Pt1,225,1,0,0,Pt1,5d,"e_g{z2,x2-y2}",0,,
68766,2582,Cl6 K2 Pt1,225,1,0,0,Pt1,5d,"e_g{z2,x2-y2}",0,,
68767,2722,Cl4 K2 Pt1,123,1,0,0,Pt1,5d,"p{x,y}|{xz,yz}",0,,
68768,2722,Cl4 K2 Pt1,123,1,0,0,Pt1,5d,"p{x,y}|{xz,yz}",0,,
68769,2723,Cl4 K2 Pd1,123,1,0,0,Pd1,4d,"p{x,y}|{xz,yz}",0,,
68982,68982,F6 Ge1 Rb2,225,0,0,1,Ge1,-,"e_g{z2,x2-y2}",0,,
69016,69016,N1 Sr2,166,1,0,0,N1,-,"p{x,y}|{xy,x2-y2}|{xz,yz}",0,,
69142,69142,Cl6 Cs2 Ir1,225,0,0,1,Ir1,5d,"e_g{z2,x2-y2}",0,,
69360,69360,O3 Ru1 Sr1,221,1,1,0,Ru1|Sr1,-|4d,"e_g{z2,x2-y2}",0,,
69438,69438,K2 Pt4 Se6,166,1,0,0,Pt1,5d,"p{x,y}|{xy,x2-y2}|{xz,yz}",0,,
69439,69439,Pt4 Rb2 Se6,166,1,0,0,Pt1,5d,"p{x,y}|{xy,x2-y2}|{xz,yz}",0,,
69441,36228,Br6 K2 Se1,225,1,0,0,Se1,-,"e_g{z2,x2-y2}",0,,
69571,69571,H6 F3 O3 V1,160,0,0,1,V1,3d,"p{x,y}|{xy,x2-y2}|{xz,yz}",0,,
69675,69675,Cs2 F5 Mn1,123,1,0,0,Mn1|F1,-|3d,"p{x,y}|{xz,yz}",1,,Mn3+
69685,69685,C4 Cl3 Co1 O4 Sn1,146,0,0,1,Sn1|Co1|C1|O1,-|3d,"p{x,y}|{xy,x2-y2}|{xz,yz}",1,Sn,
69853,69853,Ba2 S4 Zr1,139,1,0,0,Zr1,4d,"p{x,y}|{xz,yz}",0,,
71019,71019,Cd4 N12 P6 S1,217,1,0,0,S1,-,"e_g{z2,x2-y2}",0,,
71028,71028,Cd1 O6 Sb2,162,1,1,0,Cd1,4d,"p{x,y}|{xy,x2-y2}|{xz,yz}",1,Sb,
71320,71320,O7 Sr3 V2,139,1,0,0,Sr1|O1,-,"p{x,y}|{xz,yz}",0,,
71355,67978,Ba1 Cu1 Fe1 O5 Y1,99,1,0,0,Ba1|Y1|Cu1|Fe1|O1,-|3d|4d,"p{x,y}|{xz,yz}",1,,Cu2+
71451,71320,O7 Sr3 V2,139,1,0,0,Sr1|O1,-,"p{x,y}|{xz,yz}",0,,
71499,71499,Cr1 Si2,139,1,0,0,Cr1,3d,"p{x,y}|{xz,yz}",0,,
71536,71536,Co1 K2 O6 Se2,166,1,0,0,Co1,3d,"p{x,y}|{xy,x2-y2}|{xz,yz}",0,,
72254,63269,Ba2 Cu3 O6 Y1,123,1,0,0,Y1|Cu1,3d|4d,"p{x,y}|{xz,yz}",0,,
72353,72353,Cs2 F4 Hg1,139,1,0,0,Hg1,5d,"p{x,y}|{xz,yz}",0,,
72409,72409,Mg2 Ni3 P1,166,1,1,0,P1,-,"p{x,y}|{xy,x2-y2}|{xz,yz}",0,,
72557,72557,N2 Na1 Nb1,166,1,0,0,Nb1|Na1,-|4d,"p{x,y}|{xy,x2-y2}|{xz,yz}",0,,
72812,33571,Cu1 O6 Sr2 W1,87,1,0,0,W1|Cu1,3d|5d,"p{x,y}|{xz,yz}",1,,Cu2+
72813,72813,Ba2 Cu1 O6 W1,87,1,0,0,W1|Cu1,3d|5d,"p{x,y}|{xz,yz}",1,,Cu2+
72815,72815,Ca1 Mo1 O6 Sr2,225,1,0,0,Ca1|Mo1,-|4d,"e_g{z2,x2-y2}",0,,
73209,73209,Na2 Ni1 O2 Rb1,139,1,0,0,Rb1|Ni1,-|3d,"p{x,y}|{xz,yz}",0,,
73217,73217,Cl8 Fe1 Li6,225,0,0,1,Fe1,3d,"e_g{z2,x2-y2}",0,,
73354,73354,F6 V1 Zr1,225,1,0,0,Zr1|V1,3d|4d,"e_g{z2,x2-y2}",0,,
73397,73397,H12 Br2 Co1 O14,164,0,0,1,Co1,3d,"p{x,y}|{xy,x2-y2}|{xz,yz}",0,,
73505,2723,Cl4 K2 Pd1,123,1,0,0,Pd1,4d,"p{x,y}|{xz,yz}",0,,
73506,2723,Cl4 K2 Pd1,123,1,0,0,Pd1,4d,"p{x,y}|{xz,yz}",0,,
73642,15453,Ba1 O3 Ti1,99,1,0,0,Ba1|Ti1|O1,-|3d,"p{x,y}|{xz,yz}",0,,
73643,15453,Ba1 O3 Ti1,99,1,0,0,Ba1|Ti1|O1,-|3d,"p{x,y}|{xz,yz}",0,,
73644,15453,Ba1 O3 Ti1,99,1,0,0,Ba1|Ti1|O1,-|3d,"p{x,y}|{xz,yz}",0,,
73645,15453,Ba1 O3 Ti1,99,1,0,0,Ba1|Ti1|O1,-|3d,"p{x,y}|{xz,yz}",0,,
73646,15453,Ba1 O3 Ti1,99,1,0,0,Ba1|Ti1|O1,-|3d,"p{x,y}|{xz,yz}",0,,
73722,29407,F6 K2 Si1,225,0,0,1,Si1,-,"e_g{z2,x2-y2}",0,,
73723,33709,Cl6 K2 Pd1,225,1,0,0,Pd1,4d,"e_g{z2,x2-y2}",0,,
74029,74029,Ba2 Ca1 Ir1 O6,225,1,0,0,Ca1|Ir1,-|5d,"e_g{z2,x2-y2}",0,,
74163,74163,Ba2 Cu2 O7 Tl1 Y1,123,1,0,0,Tl1|Y1|O1,-|4d,"p{x,y}|{xz,yz}",1,Tl,Cu2+
74463,74463,H2 O6 P2 Zr1,147,1,0,0,Zr1,4d,"p{x,y}|{xy,x2-y2}|{xz,yz}",0,,
74520,74520,H13 Mg1 O9 P1,146,0,0,1,Mg1|P1|H1,-,"p{x,y}|{xy,x2-y2}|{xz,yz}",0,,
74521,74520,H13 Mg1 O9 P1,146,0,0,1,Mg1|P1|H1,-,"p{x,y}|{xy,x2-y2}|{xz,yz}",0,,
74539,74539,Ca1 O6 Sb2,162,1,0,0,Ca1,-,"p{x,y}|{xy,x2-y2}|{xz,yz}",1,Sb,
74540,74540,O6 Sb2 Sr1,162,1,0,0,Sr1,-,"p{x,y}|{xy,x2-y2}|{xz,yz}",1,Sb,
74633,74633,Ba1 Cu1 O6 Si2,119,1,0,0,Ba1|Ba2,-,"p{x,y}|{xz,yz}",1,,Cu2+
74680,74680,Cl12 Os1 S2,166,0,0,1,Os1,5d,"p{x,y}|{xy,x2-y2}|{xz,yz}",0,,
74702,74702,In1 Nb1 S2,187,1,0,0,Nb1|In1,-|4d,"p{x,y}|{xy,x2-y2}|{xz,yz}",0,,
74790,74790,H12 Cl2 N4 O8 Zn1,216,0,0,1,Zn1|Cl1|Cl2,-|3d,"e_g{z2,x2-y2}",0,,
74877,74877,As2 Cs1 Fe2,139,1,0,0,Cs1,-,"p{x,y}|{xz,yz}",0,,
74889,74889,Co1 Cs1 K2 O2,139,1,0,0,Cs1|Co1,-|3d,"p{x,y}|{xz,yz}",0,,
75079,75079,Bi12 Mn1 O20,197,0,0,1,Mn1,3d,"e_g{z2,x2-y2}",1,Bi,
75384,75384,Cr1 F6 Nb1,139,1,0,0,Cr1|Nb1,3d|4d,"p{x,y}|{xz,yz}",1,,Cr2+
75390,75390,Bi24 Mn2 O40,197,0,0,1,Mn1,3d,"e_g{z2,x2-y2}",1,Bi,
75409,15423,F3 K1 Mn1,221,1,1,0,Mn1|K1,-|3d,"e_g{z2,x2-y2}",0,,
75410,15423,F3 K1 Mn1,221,1,1,0,Mn1|K1,-|3d,"e_g{z2,x2-y2}",0,,
75411,15423,F3 K1 Mn1,221,1,1,0,Mn1|K1,-|3d,"e_g{z2,x2-y2}",0,,
75499,75499,Au1 O1 Rb3,221,1,0,0,Au1|O1,-|5d,"e_g{z2,x2-y2}",0,,
75576,36128,Ba2 Br2 Cu3 O4,139,1,0,0,Cu1,3d,"p{x,y}|{xz,yz}",1,,Cu2+
75588,75588,Fe1 Na1 O2,166,1,0,0,Na1|Fe1,-|3d,"p{x,y}|{xy,x2-y2}|{xz,yz}",0,,
75720,75720,Ba2 Cu1 Hg1 O4,123,1,0,0,Hg1|Cu1,3d|5d,"p{x,y}|{xz,yz}",1,,Cu2+
75721,75720,Ba2 Cu1 Hg1 O4,123,1,0,0,Hg1|Cu1,3d|5d,"p{x,y}|{xz,yz}",1,,Cu2+
75722,75720,Ba2 Cu1 Hg1 O4,123,1,0,0,Hg1|Cu1,3d|5d,"p{x,y}|{xz,yz}",1,,Cu2+
75723,75720,Ba2 Cu1 Hg1 O4,123,1,0,0,Hg1|Cu1,3d|5d,"p{x,y}|{xz,yz}",1,,Cu2+
75724,75720,Ba2 Cu1 Hg1 O4,123,1,0,0,Hg1|Cu1,3d|5d,"p{x,y}|{xz,yz}",1,,Cu2+
75725,75725,Ba2 Ca1 Cu2 Hg1 O6,123,1,0,0,Hg1|Ca1,-|5d,"p{x,y}|{xz,yz}",1,,Cu2+
75726,75725,Ba2 Ca1 Cu2 Hg1 O6,123,1,0,0,Hg1|Ca1,-|5d,"p{x,y}|{xz,yz}",1,,Cu2+
75727,75725,Ba2 Ca1 Cu2 Hg1 O6,123,1,0,0,Hg1|Ca1,-|5d,"p{x,y}|{xz,yz}",1,,Cu2+
75728,75725,Ba2 Ca1 Cu2 Hg1 O6,123,1,0,0,Hg1|Ca1,-|5d,"p{x,y}|{xz,yz}",1,,Cu2+
75729,75725,Ba2 Ca1 Cu2 Hg1 O6,123,1,0,0,Hg1|Ca1,-|5d,"p{x,y}|{xz,yz}",1,,Cu2+
75816,41549,C1 B2 Ni2 Y1,139,1,0,0,Y1|C1,-|4d,"p{x,y}|{xz,yz}",0,,
75933,17046,H4 Mg3 O9 Si2,157,1,0,0,O4|H2,-,"p{x,y}|{xy,x2-y2}|{xz,yz}",0,,
75934,17046,H4 Mg3 O9 Si2,157,1,0,0,O4|H2,-,"p{x,y}|{xy,x2-y2}|{xz,yz}",0,,
75984,75984,H12 Co1 F6 O6 Sn1,148,0,0,1,Co1|Sn1,-|3d,"p{x,y}|{xy,x2-y2}|{xz,yz}",1,Sn,
76056,76056,Mn3 N1 Ni1,221,1,0,0,Ni1|N1,-|3d,"e_g{z2,x2-y2}",0,,
76070,76070,Mn3 N1 Zn1,221,1,0,0,Zn1|N1,-|3d,"e_g{z2,x2-y2}",0,,
76078,54255,Mn1 Ni1 Sb1,216,1,1,0,Mn1|Ni1|Sb1,-|3d,"e_g{z2,x2-y2}",1,Sb,
76080,76080,Mn1 Ni2 Sb1,225,1,0,0,Mn1|Sb1,-|3d,"e_g{z2,x2-y2}",1,Sb,
76100,76100,Mn1 Pd2 Sb1,225,1,0,0,Mn1|Sb1,-|3d,"e_g{z2,x2-y2}",1,Sb,
76174,24710,Mg6 Mn1 O8,225,1,0,0,Mn1,3d,"e_g{z2,x2-y2}",0,,
76186,23076,O3 Sr1 Ti1,221,1,0,0,Sr1|Ti1,-|3d,"e_g{z2,x2-y2}",0,,
76199,54343,Mn1 Rh1 Sb1,216,1,1,0,Mn1|Rh1|Sb1,-|3d|4d,"e_g{z2,x2-y2}",1,Sb,
76201,54343,Mn1 Rh1 Sb1,216,1,1,0,Rh1|Mn1|Sb1,-|3d|4d,"e_g{z2,x2-y2}",1,Sb,
76202,76202,Mn1 Rh2 Sb1,123,1,1,0,Mn1|Sb2,-|3d,"p{x,y}|{xz,yz}",1,Sb,
76204,18007,Mn1 S1,225,1,0,0,Mn1|S1,-|3d,"e_g{z2,x2-y2}",0,,
76205,76205,Mn1 S1,216,1,0,0,Mn1|S1,-|3d,"e_g{z2,x2-y2}",0,,
76227,76227,Mn3 Si1,225,1,1,0,Mn1|Si1,-|3d,"e_g{z2,x2-y2}",0,,
76251,42978,Cu1 Mn1 Sb1,216,1,0,0,Cu1|Mn1|Sb2,-|3d,"e_g{z2,x2-y2}",1,Sb,
76272,47201,Cs2 F6 Mn1,225,0,0,1,Mn1,3d,"e_g{z2,x2-y2}",0,,
76382,67346,N2 Na1 Ta1,166,1,0,0,Na1|Ta1,-|5d,"p{x,y}|{xy,x2-y2}|{xz,yz}",0,,
76413,76413,Ni3 Si1,221,1,1,0,Si1,-,"e_g{z2,x2-y2}",0,,
76420,5270,F2 Pb1,225,1,0,0,Pb1,-,"e_g{z2,x2-y2}",1,Pb,
76436,24985,Ba2 Ca1 O6 W1,225,1,0,0,Ca1|W1,-|5d,"e_g{z2,x2-y2}",0,,
76638,9865,Co1 O1,225,1,0,0,Co1|O1,-|3d,"e_g{z2,x2-y2}",0,,
76639,27856,Fe1 O1,225,1,0,0,Fe1|O1,-|3d,"e_g{z2,x2-y2}",0,,
76669,9866,Ni1 O1,225,1,0,0,Ni1|O1,-|3d,"e_g{z2,x2-y2}",0,,
76763,76763,C1 Fe3 Zn1,221,1,1,0,Zn1|C1,-|3d,"e_g{z2,x2-y2}",0,,
76790,76790,C1 Co3 Mg1,221,1,1,0,Mg1|C1,-,"e_g{z2,x2-y2}",0,,
76793,76793,C1 Co3 Sc1,221,1,0,0,Sc1|C1,-|3d,"e_g{z2,x2-y2}",0,,
76797,76797,C1 Co3 Zn1,221,1,1,0,Zn1|C1,-|3d,"e_g{z2,x2-y2}",0,,
76842,76842,C1 Fe3 Sn1,221,1,0,0,Sn1|C1,-,"e_g{z2,x2-y2}",1,Sn,
76845,23586,C1 Ga1 Mn3,221,1,0,0,Ga1|C1,-,"e_g{z2,x2-y2}",0,,
76848,76848,C1 Ga1 Mo4 S8,216,1,1,0,Ga1|C1,-,"e_g{z2,x2-y2}",0,,
76964,76964,F2 O1 Pb2,115,1,0,0,O1|O2,-,"p{x,y}|{xz,yz}",1,Pb,
77060,31865,Ca1 O3 Ti1,221,1,0,0,Ca1|Ti1,-|3d,"e_g{z2,x2-y2}",0,,
77071,77071,F3 Sc1,221,1,1,0,Sc1,3d,"e_g{z2,x2-y2}",0,,
77142,77142,Co1 O3 Sr1,221,1,0,0,Sr1|Co1,-|3d,"e_g{z2,x2-y2}",0,,
77153,77153,C1 Mn3 Sn1,221,1,0,0,Sn1|C1,-,"e_g{z2,x2-y2}",1,Sn,
77154,77154,C1 Mn3 Zn1,221,1,0,0,Zn1|C1,-|3d,"e_g{z2,x2-y2}",0,,
77196,77196,Br1 O1 Rb3,221,1,0,0,Br1|O1,-,"e_g{z2,x2-y2}",0,,
77242,77242,Br3 Ca1 Cs1,221,1,0,0,Cs1|Ca1,-,"e_g{z2,x2-y2}",0,,
77277,77277,B1 Be2 F2 K1 O3,155,1,0,0,K1|B1,-,"p{x,y}|{xy,x2-y2}|{xz,yz}",0,,
77343,77343,K1 Na1 O4 S1,164,1,0,0,Na1|Na2,-,"p{x,y}|{xy,x2-y2}|{xz,yz}",0,,
77389,77389,C1 Rh3 Y1,221,1,1,0,Y1|C1,-|4d,"e_g{z2,x2-y2}",0,,
77597,77597,Na1 Se2 V1,166,1,0,0,Na1|V1,-|3d,"p{x,y}|{xy,x2-y2}|{xz,yz}",0,,
77669,49019,Mn2 P2 Sr1,164,1,0,0,Sr1,-,"p{x,y}|{xy,x2-y2}|{xz,yz}",0,,
77670,49019,Mn2 P2 Sr1,164,1,0,0,Sr1,-,"p{x,y}|{xy,x2-y2}|{xz,yz}",0,,
77679,16810,O3 Re1,221,1,0,0,Re1,5d,"e_g{z2,x2-y2}",0,,
77739,77739,O6 Pb2 Sc1 Ta1,225,1,0,0,Sc1|Ta1,3d|5d,"e_g{z2,x2-y2}",1,Pb,
77865,77865,Pb1 S1,221,1,0,0,Pb1|S1,-,"e_g{z2,x2-y2}",1,Pb,
77919,16640,F6 Na1 Sb1,225,1,0,0,Sb1|Na1,-,"e_g{z2,x2-y2}",1,Sb,
77960,76413,Ni3 Si1,221,1,1,0,Si1,-,"e_g{z2,x2-y2}",0,,
78677,78677,Fe1 O6 Sr2 W1,87,1,0,0,W1|Fe1,3d|5d,"p{x,y}|{xz,yz}",0,,
78712,51207,Fe1 Li1 O2,166,1,0,0,Li1|Fe1,-|3d,"p{x,y}|{xy,x2-y2}|{xz,yz}",0,,
78895,16795,F4 Pb1,139,1,0,0,Pb1,-,"p{x,y}|{xz,yz}",1,Pb,
78905,37448,F6 Ni1 Pt1,148,0,0,1,Ni1|Pt1,3d|5d,"p{x,y}|{xy,x2-y2}|{xz,yz}",0,,
78906,37445,Cd1 F6 Pt1,148,0,0,1,Cd1|Pt1,4d|5d,"p{x,y}|{xy,x2-y2}|{xz,yz}",0,,
78928,78928,Cs4 F12 Fe2 K1 Li1,166,0,0,1,K1|Li1,-,"p{x,y}|{xy,x2-y2}|{xz,yz}",0,,
78955,78955,Cs2 F6 Pt1,225,0,0,1,Pt1,5d,"e_g{z2,x2-y2}",0,,
79086,79086,Au1 K3 O1,221,1,0,0,Au1|O1,-|5d,"e_g{z2,x2-y2}",0,,
79087,75499,Au1 O1 Rb3,221,1,0,0,Au1|O1,-|5d,"e_g{z2,x2-y2}",0,,
79099,79099,H8 F6 In1 N2 Na1,225,1,0,0,In1|Na1,-,"e_g{z2,x2-y2}",0,,
79114,79114,Cs2 Cu3 F12 Zr1,166,1,0,0,Zr1,4d,"p{x,y}|{xy,x2-y2}|{xz,yz}",1,,Cu2+
79574,41549,C1 B2 Ni2 Y1,139,1,0,0,Y1|C1,-|4d,"p{x,y}|{xz,yz}",0,,
79593,79593,C6 Bi1 Cs2 N6 Na1 S6,147,0,0,1,Bi1|Na1,-,"p{x,y}|{xy,x2-y2}|{xz,yz}",1,Bi,
79595,79595,Ge1 Ru1 Sc1,189,1,0,0,Ge2,-,"p{x,y}|{xy,x2-y2}|{xz,yz}",0,,
79936,79936,Co1 N1,216,1,0,0,Co1|N1,-|3d,"e_g{z2,x2-y2}",0,,
80350,80350,As2 Co1 O6,162,1,0,0,Co1,3d,"p{x,y}|{xy,x2-y2}|{xz,yz}",0,,
80376,80376,N2 Sr2 Zn1,139,1,0,0,Zn1,3d,"p{x,y}|{xz,yz}",0,,
80459,80459,C1 Li1 Na1 O3,174,0,0,1,C1|C2|C3,-,"p{x,y}|{xy,x2-y2}|{xz,yz}",0,,
80606,66776,C2 Ba4 Cu1 Na1 O10,121,0,0,1,Cu1|Na1,-|3d,"p{x,y}|{xz,yz}",0,,
80651,69853,Ba2 S4 Zr1,139,1,0,0,Zr1,4d,"p{x,y}|{xz,yz}",0,,
80871,23076,O3 Sr1 Ti1,221,1,0,0,Sr1|Ti1,-|3d,"e_g{z2,x2-y2}",0,,
80872,23076,O3 Sr1 Ti1,221,1,0,0,Sr1|Ti1,-|3d,"e_g{z2,x2-y2}",0,,
80873,23076,O3 Sr1 Ti1,221,1,0,0,Sr1|Ti1,-|3d,"e_g{z2,x2-y2}",0,,
80874,23076,O3 Sr1 Ti1,221,1,0,0,Sr1|Ti1,-|3d,"e_g{z2,x2-y2}",0,,
81203,81203,Ca2 Fe1 O6 W1,225,1,0,0,Fe1|W1,3d|5d,"e_g{z2,x2-y2}",0,,
81589,81589,H4 Cl2 Cu1 O4 Pb2,99,0,0,1,Cu1|Cl1|Cl2,-|3d,"p{x,y}|{xz,yz}",1,Pb,Cu2+
81748,81748,Co2 Ge2 Y1,139,1,0,0,Y1,4d,"p{x,y}|{xz,yz}",0,,
81750,81750,Co2 Ge2 La1,139,1,0,0,La1,-,"p{x,y}|{xz,yz}",0,,
81751,406,Ca1 Co2 Ge2,139,1,0,0,Ca1,-,"p{x,y}|{xz,yz}",0,,
81759,55926,Ge2 La1 Rh2,139,1,1,0,La1,-,"p{x,y}|{xz,yz}",0,,
81864,81864,Al1 F5 K2,123,1,0,0,Al1|F1,-,"p{x,y}|{xz,yz}",0,,
81870,81870,La1 O7 Rb1 Ta2,123,1,0,0,Rb1|La1|O1,-,"p{x,y}|{xz,yz}",0,,
82182,24710,Mg6 Mn1 O8,225,1,0,0,Mn1,3d,"e_g{z2,x2-y2}",0,,
82218,82218,F5 Mn1 Rb2,123,1,0,0,Mn1|F2,-|3d,"p{x,y}|{xz,yz}",1,,Mn3+
82233,27856,Fe1 O1,225,1,0,0,Fe1|O1,-|3d,"e_g{z2,x2-y2}",0,,
82375,2582,Cl6 K2 Pt1,225,1,0,0,Pt1,5d,"e_g{z2,x2-y2}",0,,
82376,2582,Cl6 K2 Pt1,225,1,0,0,Pt1,5d,"e_g{z2,x2-y2}",0,,
82378,82378,Cs1 La1 Nb2 O7,123,1,0,0,La1|Cs1|O3,-,"p{x,y}|{xz,yz}",0,,
82609,82609,Al12 O24 Sr8 Te2,217,0,0,1,Te1,-,"e_g{z2,x2-y2}",1,Te,
82981,69360,O3 Ru1 Sr1,221,1,1,0,Sr1|Ru1,-|4d,"e_g{z2,x2-y2}",0,,
82982,69360,O3 Ru1 Sr1,221,1,1,0,Sr1|Ru1,-|4d,"e_g{z2,x2-y2}",0,,
82983,69360,O3 Ru1 Sr1,221,1,1,0,Sr1|Ru1,-|4d,"e_g{z2,x2-y2}",0,,
82984,69360,O3 Ru1 Sr1,221,1,1,0,Sr1|Ru1,-|4d,"e_g{z2,x2-y2}",0,,
83087,75725,Ba2 Ca1 Cu2 Hg1 O6,123,1,0,0,Hg1|Ca1,-|5d,"p{x,y}|{xz,yz}",1,,Cu2+
83231,41549,C1 B2 Ni2 Y1,139,1,0,0,Y1|C1,-|4d,"p{x,y}|{xz,yz}",0,,
83265,83265,C3 N4,187,1,0,0,N1|N2,-,"p{x,y}|{xy,x2-y2}|{xz,yz}",0,,
83455,83455,Ca2 O6 Si1 Ti1,225,1,0,0,Ti1|Si1,-|3d,"e_g{z2,x2-y2}",0,,
83690,83690,Ba1 Mn2 O5 Y1,123,1,0,0,Ba1|Y1|O2,-|4d,"p{x,y}|{xz,yz}",0,,
83724,83724,Co1 F6 Zr1,225,1,0,0,Co1|Zr1,3d|4d,"e_g{z2,x2-y2}",0,,
84245,27114,O4 Sn1 Sr2,139,1,0,0,Sn1,-,"p{x,y}|{xz,yz}",1,Sn,
84370,84370,H4 Ag1 N1 S4 W1,82,1,0,0,W1|Ag1|N1,-|4d|5d,"p{x,y}|{xz,yz}",0,,
84649,84649,Cl1 Li4 N1,166,1,0,0,N1|Cl1,-,"p{x,y}|{xy,x2-y2}|{xz,yz}",0,,
84650,84650,Ba2 O6 Sb1 Y1,225,1,0,0,Y1|Sb1,-|4d,"e_g{z2,x2-y2}",1,Sb,
84734,84734,Cu2 Mn1 O2 S2 Sr2,139,1,0,0,Mn1,3d,"p{x,y}|{xz,yz}",0,,
84739,63269,Ba2 Cu3 O6 Y1,123,1,0,0,Y1|Cu1,3d|4d,"p{x,y}|{xz,yz}",0,,
84763,84763,Cl2 Li5 N1,166,1,0,0,N1|Li3,-,"p{x,y}|{xy,x2-y2}|{xz,yz}",0,,
85597,85597,H8 Ni1 O14 P2 V2,87,1,0,0,Ni1,3d,"p{x,y}|{xz,yz}",0,,
85890,10462,Ca1 Co2 P2,139,1,0,0,Ca1,-,"p{x,y}|{xz,yz}",0,,
85891,10462,Ca1 Co2 P2,139,1,0,0,Ca1,-,"p{x,y}|{xz,yz}",0,,
85892,10462,Ca1 Co2 P2,139,1,0,0,Ca1,-,"p{x,y}|{xz,yz}",0,,
87360,16892,F6 K2 Pt1,164,0,0,1,Pt1,5d,"p{x,y}|{xy,x2-y2}|{xz,yz}",0,,
87436,17046,H4 Mg3 O9 Si2,157,1,0,0,O4|H2,-,"p{x,y}|{xy,x2-y2}|{xz,yz}",0,,
87438,17046,H4 Mg3 O9 Si2,157,1,0,0,O4|H2,-,"p{x,y}|{xy,x2-y2}|{xz,yz}",0,,
87466,67978,Ba1 Cu1 Fe1 O5 Y1,99,1,0,0,Y1|Ba1|Fe1|Cu1|O1,-|3d|4d,"p{x,y}|{xz,yz}",1,,Cu2+
87581,87581,Co2 La1 P2,139,1,0,0,La1,-,"p{x,y}|{xz,yz}",0,,
87582,87581,Co2 La1 P2,139,1,0,0,La1,-,"p{x,y}|{xz,yz}",0,,
87583,87581,Co2 La1 P2,139,1,0,0,La1,-,"p{x,y}|{xz,yz}",0,,
87619,87619,H18 Cl4 K1 N6 O8 Os1,148,0,0,1,Os1|K1,-|5d,"p{x,y}|{xy,x2-y2}|{xz,yz}",0,,
87620,87620,H18 Cl4 Cr1 K1 N6 O8,166,0,0,1,Cr1|K1,-|3d,"p{x,y}|{xy,x2-y2}|{xz,yz}",0,,
87621,87621,H18 Cl4 Cr1 K1 N6 O8,148,0,0,1,Cr1|K1,-|3d,"p{x,y}|{xy,x2-y2}|{xz,yz}",0,,
87983,87983,K1 Mn1 Te2,119,1,0,0,K1|Mn1,-|3d,"p{x,y}|{xz,yz}",1,Te,Mn3+
87984,87984,Mn1 Rb1 Te2,119,1,0,0,Rb1|Mn1,-|3d,"p{x,y}|{xz,yz}",1,Te,Mn3+
88098,56160,C2 Ba1,139,1,0,0,Ba1,-,"p{x,y}|{xz,yz}",0,,
88101,56160,C2 Ba1,139,1,0,0,Ba1,-,"p{x,y}|{xz,yz}",0,,
88378,28617,Na1 O3 Ta1,221,1,0,0,Na1|Ta1,-|5d,"e_g{z2,x2-y2}",0,,
88424,88424,Cu2 Ni1 O2 S2 Sr2,139,1,0,0,Ni1,3d,"p{x,y}|{xz,yz}",0,,
88464,88464,Li2 O7 Sr1 Ta2,139,1,0,0,Sr1|O3,-,"p{x,y}|{xz,yz}",0,,
88574,1372,H1 Cr1 O2,160,1,0,0,Cr1|H1|O1|O2,-|3d,"p{x,y}|{xy,x2-y2}|{xz,yz}",0,,
88670,88670,Ba1 Co1 O3,187,1,0,0,Ba1|Ba2,-,"p{x,y}|{xy,x2-y2}|{xz,yz}",0,,
88701,33571,Cu1 O6 Sr2 W1,87,1,0,0,Cu1|W1,3d|5d,"p{x,y}|{xz,yz}",1,,Cu2+
88702,33573,Cu1 O6 Sr2 Te1,87,1,0,0,Cu1|Te1,-|3d,"p{x,y}|{xz,yz}",1,Te,Cu2+
88703,88703,Ba2 Cu1 O6 Te1,87,1,0,0,Cu1|Te1,-|3d,"p{x,y}|{xz,yz}",1,Te,Cu2+
88982,88982,O3 Sr1 V1,221,1,1,0,Sr1|V1,-|3d,"e_g{z2,x2-y2}",0,,
89011,89011,Ca2 Cs1 O10 Ta3,123,1,0,0,Cs1|Ta1,-|5d,"p{x,y}|{xz,yz}",0,,
89142,41549,C1 B2 Ni2 Y1,139,1,0,0,Y1|C1,-|4d,"p{x,y}|{xz,yz}",0,,
89365,27046,O3 Sr1 Zr1,221,1,0,0,Sr1|Zr1,-|4d,"e_g{z2,x2-y2}",0,,
89366,27046,O3 Sr1 Zr1,221,1,0,0,Sr1|Zr1,-|4d,"e_g{z2,x2-y2}",0,,
89386,29154,Hf1 O3 Sr1,221,1,0,0,Sr1|Hf1,-|5d,"e_g{z2,x2-y2}",0,,
89423,89423,Al2 B2 O7 Sr1,155,0,0,1,Sr1,-,"p{x,y}|{xy,x2-y2}|{xz,yz}",0,,
89543,89543,Br2 Ca3 Si1,187,1,0,0,Ca1|Si1,-,"p{x,y}|{xy,x2-y2}|{xz,yz}",0,,
89575,89575,Ba1 Cu2 S2,139,1,0,0,Ba1,-,"p{x,y}|{xz,yz}",0,,
89650,80459,C1 Li1 Na1 O3,174,0,0,1,C1|C2|C3,-,"p{x,y}|{xy,x2-y2}|{xz,yz}",0,,
89651,80459,C1 Li1 Na1 O3,174,0,0,1,C1|C2|C3,-,"p{x,y}|{xy,x2-y2}|{xz,yz}",0,,
89980,89980,Ga1 S8 V4,216,1,0,0,Ga1,-,"e_g{z2,x2-y2}",0,,
90049,27048,Ba1 O3 Zr1,221,1,0,0,Ba1|Zr1,-|4d,"e_g{z2,x2-y2}",0,,
90123,90123,Cl2 Co2 O5 Sr3,139,1,1,0,Sr1|O2,-,"p{x,y}|{xz,yz}",0,,
90550,90550,Al1 La1 O3,221,1,0,0,La1|Al1,-,"e_g{z2,x2-y2}",0,,
90551,90550,Al1 La1 O3,221,1,0,0,La1|Al1,-,"e_g{z2,x2-y2}",0,,
90552,90550,Al1 La1 O3,221,1,0,0,La1|Al1,-,"e_g{z2,x2-y2}",0,,
90553,90550,Al1 La1 O3,221,1,0,0,La1|Al1,-,"e_g{z2,x2-y2}",0,,
90554,90550,Al1 La1 O3,221,1,0,0,La1|Al1,-,"e_g{z2,x2-y2}",0,,
90555,90550,Al1 La1 O3,221,1,0,0,La1|Al1,-,"e_g{z2,x2-y2}",0,,
90556,90550,Al1 La1 O3,221,1,0,0,La1|Al1,-,"e_g{z2,x2-y2}",0,,
90615,90615,F6 Na1 P1,225,0,0,1,Na1|P1,-,"e_g{z2,x2-y2}",0,,
90630,90630,Ca2 N1,166,1,0,0,N1,-,"p{x,y}|{xy,x2-y2}|{xz,yz}",0,,
90631,90630,Ca2 N1,166,1,0,0,N1,-,"p{x,y}|{xy,x2-y2}|{xz,yz}",0,,
90632,90630,Ca2 N1,166,1,0,0,N1,-,"p{x,y}|{xy,x2-y2}|{xz,yz}",0,,
90693,1610,O3 Pb1 Ti1,99,1,0,0,Pb1|Ti1|O2,-|3d,"p{x,y}|{xz,yz}",1,Pb,
90777,52999,Co2 La1 Si2,139,1,1,0,La1,-,"p{x,y}|{xz,yz}",0,,
91036,22110,Cs2 F6 K1 Mn1,139,0,0,1,Mn1|K1,-|3d,"p{x,y}|{xz,yz}",1,,Mn3+
91037,91037,Cs2 F6 K1 Mn1,225,0,0,1,Mn1|K1,-|3d,"e_g{z2,x2-y2}",1,,Mn3+
91062,91062,Fe1 O3 Sr1,221,1,0,0,Sr1|Fe1,-|3d,"e_g{z2,x2-y2}",0,,
91197,22110,Cs2 F6 K1 Mn1,139,0,0,1,Mn1|K1,-|3d,"p{x,y}|{xz,yz}",1,,Mn3+
91527,91527,K1 Ni1 O9 P3,146,0,0,1,Ni1|K1,-|3d,"p{x,y}|{xy,x2-y2}|{xz,yz}",0,,
91579,26861,S2 Ti1,164,1,0,0,Ti1,3d,"p{x,y}|{xy,x2-y2}|{xz,yz}",0,,
91749,90123,Cl2 Co2 O5 Sr3,139,1,1,0,Sr1|O2,-,"p{x,y}|{xz,yz}",0,,
91791,91791,Ni1 O6 Sr2 W1,87,1,1,0,Ni1|W1,3d|5d,"p{x,y}|{xz,yz}",0,,
91899,23076,O3 Sr1 Ti1,221,1,0,0,Sr1|Ti1,-|3d,"e_g{z2,x2-y2}",0,,
91962,20223,Al3 B4 O12 Y1,155,1,0,0,Y1|B1,-|4d,"p{x,y}|{xy,x2-y2}|{xz,yz}",0,,
92293,92293,Br2 F12 Pb7,174,1,0,0,Br1|Br2|Pb3,-,"p{x,y}|{xy,x2-y2}|{xz,yz}",1,Pb,
92308,92308,Li2 N1 Na1,191,1,0,0,Na1|N1,-,"p{x,y}|{xy,x2-y2}|{xz,yz}",0,,
92310,92310,Li1 N1 Na2,191,1,0,0,Li1|N1,-,"p{x,y}|{xy,x2-y2}|{xz,yz}",0,,
92335,91062,Fe1 O3 Sr1,221,1,0,0,Sr1|Fe1,-|3d,"e_g{z2,x2-y2}",0,,
92405,92405,Bi2 Cl1 O4 Y1,123,1,0,0,Y1|Cl1,-|4d,"p{x,y}|{xz,yz}",1,Bi,
92418,92418,Bi2 Br1 O4 Y1,123,1,0,0,Y1|Br1,-|4d,"p{x,y}|{xz,yz}",1,Bi,
92479,92479,C6 H18 Co1 N12 Os1 S6,148,0,0,1,Os1|Co1,3d|5d,"p{x,y}|{xy,x2-y2}|{xz,yz}",0,,
92561,90550,Al1 La1 O3,221,1,0,0,La1|Al1,-,"e_g{z2,x2-y2}",0,,
92562,90550,Al1 La1 O3,221,1,0,0,La1|Al1,-,"e_g{z2,x2-y2}",0,,
93016,93016,H6 Cs2 O10 S1 Te1,146,0,0,1,Te1|Cs1|Cs2|S1|O4,-,"p{x,y}|{xy,x2-y2}|{xz,yz}",1,Te,
93492,93492,K2 O7 Sr1 Ta2,139,1,0,0,Sr1|O3,-,"p{x,y}|{xz,yz}",0,,
93553,1610,O3 Pb1 Ti1,99,1,0,0,Pb1|Ti1|O2,-|3d,"p{x,y}|{xz,yz}",1,Pb,
93674,93674,Nb3 O10 Rb1 Sr2,123,1,0,0,Rb1|Nb1,-|4d,"p{x,y}|{xz,yz}",0,,
93675,93675,Cs1 Nb3 O10 Sr2,123,1,0,0,Cs1|Nb1,-|4d,"p{x,y}|{xz,yz}",0,,
93676,93676,Ba2 Cs1 Nb3 O10,123,1,0,0,Cs1|Nb1,-|4d,"p{x,y}|{xz,yz}",0,,
93677,93677,Cs1 O10 Sr2 Ta3,123,1,0,0,Cs1|Ta1,-|5d,"p{x,y}|{xz,yz}",0,,
94079,94079,Fe1 Mo1 O6 Sr2,139,1,1,0,Fe1|Mo1,3d|4d,"p{x,y}|{xz,yz}",0,,
94089,28949,F3 K1 Mg1,221,1,0,0,K1|Mg1,-,"e_g{z2,x2-y2}",0,,
94215,94215,Ba2 O6 Re1 Y1,225,1,0,0,Y1|Re1,4d|5d,"e_g{z2,x2-y2}",0,,
94216,94215,Ba2 O6 Re1 Y1,225,1,0,0,Y1|Re1,4d|5d,"e_g{z2,x2-y2}",0,,
94394,94394,C2 Pd1 Rb2,164,1,0,0,Pd1,4d,"p{x,y}|{xy,x2-y2}|{xz,yz}",0,,
94395,94395,C2 Pt1 Rb2,164,1,0,0,Pt1,5d,"p{x,y}|{xy,x2-y2}|{xz,yz}",0,,
94396,94396,C2 Cs2 Pd1,164,1,0,0,Pd1,4d,"p{x,y}|{xy,x2-y2}|{xz,yz}",0,,
94397,94397,C2 Cs2 Pt1,164,1,0,0,Pt1,5d,"p{x,y}|{xy,x2-y2}|{xz,yz}",0,,
94454,73354,F6 V1 Zr1,225,1,0,0,Zr1|V1,3d|4d,"e_g{z2,x2-y2}",0,,
94455,94455,F6 Hf1 V1,225,1,0,0,Hf1|V1,3d|5d,"e_g{z2,x2-y2}",0,,
94456,94456,F6 Ti1 Zr1,225,1,0,0,Zr1|Ti1,3d|4d,"e_g{z2,x2-y2}",0,,
94573,23076,O3 Sr1 Ti1,221,1,0,0,Sr1|Ti1,-|3d,"e_g{z2,x2-y2}",0,,
95110,95110,C1 Nb2 S2,166,1,0,0,C1,-,"p{x,y}|{xy,x2-y2}|{xz,yz}",0,,
95112,95110,C1 Nb2 S2,166,1,0,0,C1,-,"p{x,y}|{xy,x2-y2}|{xz,yz}",0,,
95138,67362,Co2 Se2 Tl1,139,1,0,0,Tl1,-,"p{x,y}|{xz,yz}",1,Tl,
95139,67362,Co2 Se2 Tl1,139,1,0,0,Tl1,-,"p{x,y}|{xz,yz}",1,Tl,
95140,67362,Co2 Se2 Tl1,139,1,0,0,Tl1,-,"p{x,y}|{xz,yz}",1,Tl,
95141,67362,Co2 Se2 Tl1,139,1,0,0,Tl1,-,"p{x,y}|{xz,yz}",1,Tl,
95192,95192,Ba5 Nb4 O15,164,1,0,0,Ba1,-,"p{x,y}|{xy,x2-y2}|{xz,yz}",0,,
95264,95264,C1 Cd1 N2,166,1,0,0,Cd1|C1,-|4d,"p{x,y}|{xy,x2-y2}|{xz,yz}",0,,
95265,95265,C1 Cd1 N2,160,1,0,0,Cd1|C1|N1|N2,-|4d,"p{x,y}|{xy,x2-y2}|{xz,yz}",0,,
95436,15453,Ba1 O3 Ti1,99,1,0,0,Ba1|Ti1|O1,-|3d,"p{x,y}|{xz,yz}",0,,
95437,27970,Ba1 O3 Ti1,221,1,0,0,Ba1|Ti1,-|3d,"e_g{z2,x2-y2}",0,,
95518,95518,Ba2 Fe1 O6 W1,87,1,1,0,Fe1|W1,3d|5d,"p{x,y}|{xz,yz}",0,,
95520,95518,Ba2 Fe1 O6 W1,87,1,1,0,Fe1|W1,3d|5d,"p{x,y}|{xz,yz}",0,,
95521,95518,Ba2 Fe1 O6 W1,87,1,1,0,Fe1|W1,3d|5d,"p{x,y}|{xz,yz}",0,,
95522,95518,Ba2 Fe1 O6 W1,87,1,1,0,Fe1|W1,3d|5d,"p{x,y}|{xz,yz}",0,,
95523,95518,Ba2 Fe1 O6 W1,87,1,1,0,Fe1|W1,3d|5d,"p{x,y}|{xz,yz}",0,,
95715,51894,Ca1 Cu3 O12 Ru4,204,1,0,0,Ca1,-,"e_g{z2,x2-y2}",1,,Cu2+
95777,95777,F6 Ir1 Li1,148,0,0,1,Ir1|Li1,-|5d,"p{x,y}|{xy,x2-y2}|{xz,yz}",0,,
95779,95779,F6 Ir1 K2,164,0,0,1,Ir1,5d,"p{x,y}|{xy,x2-y2}|{xz,yz}",0,,
95813,95813,Cl4 Cs2 Pd1,123,1,0,0,Pd1,4d,"p{x,y}|{xz,yz}",0,,
95847,95847,F12 Hf3 O1 Rb2,166,1,0,0,Rb1|Rb2,-,"p{x,y}|{xy,x2-y2}|{xz,yz}",0,,
95848,95848,F12 O1 Rb2 Zr3,166,1,0,0,Rb1|Rb2,-,"p{x,y}|{xy,x2-y2}|{xz,yz}",0,,
96133,96133,F3 La1,139,1,0,0,La1|F1,-,"p{x,y}|{xz,yz}",0,,
96134,96133,F3 La1,139,1,0,0,La1|F1,-,"p{x,y}|{xz,yz}",0,,
96139,96139,Fe1 Ti1,221,1,0,0,Ti1|Fe1,3d,"e_g{z2,x2-y2}",0,,
96291,88982,O3 Sr1 V1,221,1,1,0,Sr1|V1,-|3d,"e_g{z2,x2-y2}",0,,
96688,96688,Ba2 Fe1 Mo1 O6,225,1,1,0,Fe1|Mo1,3d|4d,"e_g{z2,x2-y2}",0,,
96739,60441,K2 Te1,225,1,1,0,Te1,-,"e_g{z2,x2-y2}",1,Te,
97028,97028,Ba2 Co1 Mo1 O6,225,1,1,0,Co1|Mo1,3d|4d,"e_g{z2,x2-y2}",0,,
97029,27425,Ba2 Co1 O6 W1,225,1,1,0,Co1|W1,3d|5d,"e_g{z2,x2-y2}",0,,
97459,27048,Ba1 O3 Zr1,221,1,0,0,Ba1|Zr1,-|4d,"e_g{z2,x2-y2}",0,,
97460,27048,Ba1 O3 Zr1,221,1,0,0,Ba1|Zr1,-|4d,"e_g{z2,x2-y2}",0,,
97461,27048,Ba1 O3 Zr1,221,1,0,0,Ba1|Zr1,-|4d,"e_g{z2,x2-y2}",0,,
97462,27048,Ba1 O3 Zr1,221,1,0,0,Ba1|Zr1,-|4d,"e_g{z2,x2-y2}",0,,
97927,97927,H8 Cl6 N2 Pt1,225,1,0,0,Pt1,5d,"e_g{z2,x2-y2}",0,,
97992,97992,Co3 Ti1,221,1,0,0,Ti1,3d,"e_g{z2,x2-y2}",0,,
97993,97992,Co3 Ti1,221,1,0,0,Ti1,3d,"e_g{z2,x2-y2}",0,,
98191,98191,Mo1 Ni1 O6 Sr2,87,1,0,0,Ni1|Mo1,3d|4d,"p{x,y}|{xz,yz}",0,,
98192,98192,Ba2 Mo1 Ni1 O6,225,1,0,0,Ni1|Mo1,3d|4d,"e_g{z2,x2-y2}",0,,
98739,98739,Ba2 Mn1 Mo1 O6,225,1,0,0,Mn1|Mo1,3d|4d,"e_g{z2,x2-y2}",0,,
99061,99061,Ba2 Fe1 O6 W1,225,1,1,0,W1|Fe1,3d|5d,"e_g{z2,x2-y2}",0,,
99063,96688,Ba2 Fe1 Mo1 O6,225,1,1,0,Fe1|Mo1,3d|4d,"e_g{z2,x2-y2}",0,,
99090,98739,Ba2 Mn1 Mo1 O6,225,1,0,0,Mo1|Mn1,3d|4d,"e_g{z2,x2-y2}",0,,
99303,33571,Cu1 O6 Sr2 W1,87,1,0,0,W1|Cu1,3d|5d,"p{x,y}|{xz,yz}",1,,Cu2+
99698,99698,Ba2 In1 Nb1 O6,225,1,0,0,In1|Nb1,-|4d,"e_g{z2,x2-y2}",0,,
99736,27970,Ba1 O3 Ti1,221,1,0,0,Ba1|Ti1,-|3d,"e_g{z2,x2-y2}",0,,
99737,15453,Ba1 O3 Ti1,99,1,0,0,Ba1|Ti1|O1,-|3d,"p{x,y}|{xz,yz}",0,,
100290,15800,B6 O13 Zn4,217,1,0,0,O1,-,"e_g{z2,x2-y2}",0,,
100299,9925,F7 K3 Zn2,139,1,0,0,K2|F3,-,"p{x,y}|{xz,yz}",0,,
100301,35716,F6 Fe1 Zr1,225,1,0,0,Fe1|Zr1,3d|4d,"e_g{z2,x2-y2}",0,,
100355,100355,Al4 Cu2 O7,216,1,1,0,Cu1|Cu2|O2,-|3d,"e_g{z2,x2-y2}",0,,
100438,100438,Co2 S2 Tl1,139,1,0,0,Tl1,-,"p{x,y}|{xz,yz}",1,Tl,
100482,9518,C2 Mg1 Na2 O6,148,0,0,1,Mg1,-,"p{x,y}|{xy,x2-y2}|{xz,yz}",0,,
100533,100533,Fe1 Ti1,221,1,0,0,Fe1|Ti1,3d,"e_g{z2,x2-y2}",0,,
100706,100706,Fe1 Ga2 S4,164,1,0,0,Fe1,3d,"p{x,y}|{xy,x2-y2}|{xz,yz}",0,,
100782,100782,K3 O8 V3,164,1,0,0,K1|V1,-|3d,"p{x,y}|{xy,x2-y2}|{xz,yz}",0,,
100799,15453,Ba1 O3 Ti1,99,1,0,0,Ba1|Ti1|O1,-|3d,"p{x,y}|{xz,yz}",0,,
100800,15453,Ba1 O3 Ti1,99,1,0,0,Ba1|Ti1|O1,-|3d,"p{x,y}|{xz,yz}",0,,
100801,15453,Ba1 O3 Ti1,99,1,0,0,Ba1|Ti1|O1,-|3d,"p{x,y}|{xz,yz}",0,,
100802,15453,Ba1 O3 Ti1,99,1,0,0,Ba1|Ti1|O1,-|3d,"p{x,y}|{xz,yz}",0,,
100803,15453,Ba1 O3 Ti1,99,1,0,0,Ba1|Ti1|O1,-|3d,"p{x,y}|{xz,yz}",0,,
100804,15453,Ba1 O3 Ti1,99,1,0,0,Ba1|Ti1|O1,-|3d,"p{x,y}|{xz,yz}",0,,
100834,100834,Cl8 Li6 V1,225,0,0,1,V1,3d,"e_g{z2,x2-y2}",0,,
102052,102052,Cd1 Pt1,123,1,0,0,Cd1|Pt1,4d|5d,"p{x,y}|{xz,yz}",0,,
102053,102052,Cd1 Pt1,123,1,0,0,Cd1|Pt1,4d|5d,"p{x,y}|{xz,yz}",0,,
102061,102061,Cd1 Sc1,221,1,0,0,Cd1|Sc1,3d|4d,"e_g{z2,x2-y2}",0,,
102318,102318,Co2 Cr1 Ga1,225,1,0,0,Cr1|Ga1,-|3d,"e_g{z2,x2-y2}",0,,
102385,102385,Co1 Fe2 Ga1,225,1,1,0,Co1|Ga1,-|3d,"e_g{z2,x2-y2}",0,,
102386,102386,Co2 Fe1 Ga1,225,1,0,0,Fe1|Ga1,-|3d,"e_g{z2,x2-y2}",0,,
102423,102423,Co1 Ga1,221,1,0,0,Co1|Ga1,-|3d,"e_g{z2,x2-y2}",0,,
102433,102433,Co2 Ga1 Hf1,225,1,1,0,Ga1|Hf1,-|5d,"e_g{z2,x2-y2}",0,,
102438,102438,Co2 Ga1 Mn1,225,1,0,0,Ga1|Mn1,-|3d,"e_g{z2,x2-y2}",0,,
102441,102441,Co2 Ga1 Nb1,225,1,0,0,Ga1|Nb1,-|4d,"e_g{z2,x2-y2}",0,,
102451,102451,Co2 Ga1 Ta1,225,1,0,0,Ga1|Ta1,-|5d,"e_g{z2,x2-y2}",0,,
102453,102453,Co2 Ga1 Ti1,225,1,0,0,Ga1|Ti1,-|3d,"e_g{z2,x2-y2}",0,,
102454,102453,Co2 Ga1 Ti1,225,1,0,0,Ga1|Ti1,-|3d,"e_g{z2,x2-y2}",0,,
102456,102456,Co2 Ga1 V1,225,1,0,0,Ga1|V1,-|3d,"e_g{z2,x2-y2}",0,,
102483,102483,Co2 Hf1 Sn1,225,1,1,0,Hf1|Sn1,-|5d,"e_g{z2,x2-y2}",1,Sn,
102531,102531,Co2 Mn1 Sn1,225,1,0,0,Mn1|Sn1,-|3d,"e_g{z2,x2-y2}",1,Sn,
102532,102531,Co2 Mn1 Sn1,225,1,0,0,Mn1|Sn1,-|3d,"e_g{z2,x2-y2}",1,Sn,
102552,102552,Co1 Nb1 Sn1,216,1,1,0,Co1|Nb1|Sn1,-|3d|4d,"e_g{z2,x2-y2}",1,Sn,
102553,102552,Co1 Nb1 Sn1,216,1,1,0,Co1|Nb1|Sn1,-|3d|4d,"e_g{z2,x2-y2}",1,Sn,
102554,102554,Co2 Nb1 Sn1,225,1,0,0,Nb1|Sn1,-|4d,"e_g{z2,x2-y2}",1,Sn,
102555,102554,Co2 Nb1 Sn1,225,1,0,0,Nb1|Sn1,-|4d,"e_g{z2,x2-y2}",1,Sn,
102642,102642,Co1 Sc1,221,1,0,0,Co1|Sc1,3d,"e_g{z2,x2-y2}",0,,
102646,102646,Co2 Sc1 Sn1,225,1,0,0,Sc1|Sn1,-|3d,"e_g{z2,x2-y2}",1,Sn,
102671,55564,Co1 Sn1,191,1,0,0,Sn1,-,"p{x,y}|{xy,x2-y2}|{xz,yz}",1,Sn,
102682,102682,Co2 Sn1 Ti1,225,1,1,0,Sn1|Ti1,-|3d,"e_g{z2,x2-y2}",1,Sn,
102683,102682,Co2 Sn1 Ti1,225,1,1,0,Sn1|Ti1,-|3d,"e_g{z2,x2-y2}",1,Sn,
102684,102684,Co2 Sn1 V1,225,1,0,0,Sn1|V1,-|3d,"e_g{z2,x2-y2}",1,Sn,
102685,102684,Co2 Sn1 V1,225,1,0,0,Sn1|V1,-|3d,"e_g{z2,x2-y2}",1,Sn,
102687,102687,Co2 Sn1 Zr1,225,1,1,0,Sn1|Zr1,-|4d,"e_g{z2,x2-y2}",1,Sn,
102689,102689,Co3 Ta1,221,1,0,0,Ta1,5d,"e_g{z2,x2-y2}",0,,
102705,102705,Co1 Ti1,221,1,0,0,Co1|Ti1,3d,"e_g{z2,x2-y2}",0,,
102708,97992,Co3 Ti1,221,1,0,0,Ti1,3d,"e_g{z2,x2-y2}",0,,
102731,102731,Co5 Y1,191,1,0,0,Y1,4d,"p{x,y}|{xy,x2-y2}|{xz,yz}",0,,
102732,102731,Co5 Y1,191,1,0,0,Y1,4d,"p{x,y}|{xy,x2-y2}|{xz,yz}",0,,
102737,102737,Co1 Zr1,221,1,0,0,Co1|Zr1,3d|4d,"e_g{z2,x2-y2}",0,,
102738,102737,Co1 Zr1,221,1,0,0,Co1|Zr1,3d|4d,"e_g{z2,x2-y2}",0,,
102755,102755,Cr1 Fe2 Ga1,225,1,1,0,Cr1|Ga1,-|3d,"e_g{z2,x2-y2}",0,,
102996,102996,Cu2 In1 Mn1,225,1,1,0,Mn1|In1,-|3d,"e_g{z2,x2-y2}",0,,
102997,102996,Cu2 In1 Mn1,225,1,1,0,In1|Mn1,-|3d,"e_g{z2,x2-y2}",0,,
103079,103079,Cu2 Ni1 Zn1,123,1,0,0,Ni1|Zn1,3d,"p{x,y}|{xz,yz}",0,,
103092,103092,Cu1 Rh2 Sn1,225,1,0,0,Cu1|Sn1,-|3d,"e_g{z2,x2-y2}",1,Sn,
103132,103132,Cu3 Ti2,139,1,0,0,Cu1,3d,"p{x,y}|{xz,yz}",0,,
103142,103142,Cu1 Y1,221,1,0,0,Cu1|Y1,3d|4d,"e_g{z2,x2-y2}",0,,
103473,103473,Fe2 Ga1 V1,225,1,1,0,Ga1|V1,-|3d,"e_g{z2,x2-y2}",0,,
103474,103473,Fe2 Ga1 V1,225,1,1,0,Ga1|V1,-|3d,"e_g{z2,x2-y2}",0,,
103582,103582,Fe1 Pd3,221,1,0,0,Fe1,3d,"e_g{z2,x2-y2}",0,,
103583,103582,Fe1 Pd3,221,1,0,0,Fe1,3d,"e_g{z2,x2-y2}",0,,
103634,103634,Fe1 Sn1,191,1,0,0,Sn1,-,"p{x,y}|{xy,x2-y2}|{xz,yz}",1,Sn,
103635,103634,Fe1 Sn1,191,1,0,0,Sn1,-,"p{x,y}|{xy,x2-y2}|{xz,yz}",1,Sn,
103641,103641,Fe2 Sn1 Ti1,225,1,1,0,Sn1|Ti1,-|3d,"e_g{z2,x2-y2}",1,Sn,
103642,103641,Fe2 Sn1 Ti1,225,1,1,0,Sn1|Ti1,-|3d,"e_g{z2,x2-y2}",1,Sn,
103644,103644,Fe2 Sn1 V1,225,1,1,0,Sn1|V1,-|3d,"e_g{z2,x2-y2}",1,Sn,
103660,100533,Fe1 Ti1,221,1,0,0,Fe1|Ti1,3d,"e_g{z2,x2-y2}",0,,
103661,100533,Fe1 Ti1,221,1,0,0,Fe1|Ti1,3d,"e_g{z2,x2-y2}",0,,
103681,103681,Fe1 V1,221,1,0,0,Fe1|V1,3d,"e_g{z2,x2-y2}",0,,
103682,103681,Fe1 V1,221,1,0,0,Fe1|V1,3d,"e_g{z2,x2-y2}",0,,
103699,103699,Fe5 Y1,191,1,0,0,Y1,4d,"p{x,y}|{xy,x2-y2}|{xz,yz}",0,,
103734,103734,Ga1 Hf1 Ni2,225,1,0,0,Ga1|Hf1,-|5d,"e_g{z2,x2-y2}",0,,
103856,103856,Ga1 Ni3,221,1,1,0,Ga1,-,"e_g{z2,x2-y2}",0,,
103857,103856,Ga1 Ni3,221,1,1,0,Ga1,-,"e_g{z2,x2-y2}",0,,
103874,103874,Ga1 Ni2 Sc1,225,1,0,0,Ga1|Sc1,-|3d,"e_g{z2,x2-y2}",0,,
103885,103885,Ga1 Ni1 Ti1,189,1,0,0,Ni1,3d,"p{x,y}|{xy,x2-y2}|{xz,yz}",0,,
103886,103886,Ga1 Ni2 Ti1,225,1,0,0,Ga1|Ti1,-|3d,"e_g{z2,x2-y2}",0,,
103948,103948,Ga1 Rh1,221,1,0,0,Ga1|Rh1,-|4d,"e_g{z2,x2-y2}",0,,
103950,103950,Ga1 Ru1,221,1,0,0,Ga1|Ru1,-|4d,"e_g{z2,x2-y2}",0,,
104162,53745,Ge1 Ni3,221,1,1,0,Ge1,-,"e_g{z2,x2-y2}",0,,
104305,104305,Hg1 La1,221,1,0,0,Hg1|La1,-|5d,"e_g{z2,x2-y2}",0,,
104323,104323,Hg1 Mn1,123,1,0,0,Hg1|Mn1,3d|5d,"p{x,y}|{xz,yz}",0,,
104332,104332,Hg1 Ni1,123,1,0,0,Hg1|Ni1,3d|5d,"p{x,y}|{xz,yz}",0,,
104337,104337,Hg1 Pt1,123,1,0,0,Hg1|Pt1,5d,"p{x,y}|{xz,yz}",0,,
104487,104487,Ir1 Li1,187,1,0,0,Ir1|Li1,-|5d,"p{x,y}|{xy,x2-y2}|{xz,yz}",0,,
104498,104498,Ir1 Mn1 Sn1,216,1,0,0,Ir1|Mn1|Sn1,-|3d|5d,"e_g{z2,x2-y2}",1,Sn,
104557,104557,Ir1 Sc1,221,1,0,0,Ir1|Sc1,3d|5d,"e_g{z2,x2-y2}",0,,
104675,54245,La1 Ni5,191,1,1,0,La1,-,"p{x,y}|{xy,x2-y2}|{xz,yz}",0,,
104676,54245,La1 Ni5,191,1,1,0,La1,-,"p{x,y}|{xy,x2-y2}|{xz,yz}",0,,
104750,54245,La1 Ni5,191,1,1,0,La1,-,"p{x,y}|{xy,x2-y2}|{xz,yz}",0,,
104769,104769,Li1 Pd1,221,1,0,0,Li1|Pd1,-|4d,"e_g{z2,x2-y2}",0,,
104770,104770,Li1 Pd1,187,1,0,0,Li1|Pd1,-|4d,"p{x,y}|{xy,x2-y2}|{xz,yz}",0,,
104771,104770,Li1 Pd1,187,1,0,0,Li1|Pd1,-|4d,"p{x,y}|{xy,x2-y2}|{xz,yz}",0,,
104847,104847,Mg1 Pd1,221,1,0,0,Mg1|Pd1,-|4d,"e_g{z2,x2-y2}",0,,
104848,104847,Mg1 Pd1,221,1,0,0,Mg1|Pd1,-|4d,"e_g{z2,x2-y2}",0,,
104859,104859,Mg1 Rh1,221,1,1,0,Mg1|Rh1,-|4d,"e_g{z2,x2-y2}",0,,
104920,104920,Mn1 Ni3,221,1,0,0,Mn1,3d,"e_g{z2,x2-y2}",0,,
104926,104926,Mn1 Ni2 Sn1,225,1,1,0,Mn1|Sn2,-|3d,"e_g{z2,x2-y2}",1,Sn,
104927,104926,Mn1 Ni2 Sn1,225,1,1,0,Mn1|Sn2,-|3d,"e_g{z2,x2-y2}",1,Sn,
104936,104936,Mn1 Pb1 Rh2,225,1,0,0,Mn1|Pb1,-|3d,"e_g{z2,x2-y2}",1,Pb,
104937,104936,Mn1 Pb1 Rh2,225,1,0,0,Mn1|Pb1,-|3d,"e_g{z2,x2-y2}",1,Pb,
104945,104945,Mn1 Pd2 Sn1,225,1,0,0,Mn1|Sn1,-|3d,"e_g{z2,x2-y2}",1,Sn,
104946,104945,Mn1 Pd2 Sn1,225,1,0,0,Mn1|Sn1,-|3d,"e_g{z2,x2-y2}",1,Sn,
104955,104955,Mn1 Pt1 Sn1,216,1,1,0,Mn1|Pt1|Sn1,-|3d|5d,"e_g{z2,x2-y2}",1,Sn,
104956,104955,Mn1 Pt1 Sn1,216,1,1,0,Mn1|Pt1|Sn1,-|3d|5d,"e_g{z2,x2-y2}",1,Sn,
104960,104960,Mn1 Rh1,221,1,0,0,Mn1|Rh1,3d|4d,"e_g{z2,x2-y2}",0,,
104964,104964,Mn1 Rh2 Sn1,225,1,0,0,Mn1|Sn1,-|3d,"e_g{z2,x2-y2}",1,Sn,
104965,104964,Mn1 Rh2 Sn1,225,1,0,0,Mn1|Sn1,-|3d,"e_g{z2,x2-y2}",1,Sn,
104980,104980,Mn2 Sn1 W1,225,1,0,0,Sn1|W1,-|5d,"e_g{z2,x2-y2}",1,Sn,
105017,105017,Mn1 Zn1,221,1,0,0,Mn1|Zn1,3d,"e_g{z2,x2-y2}",0,,
105020,105020,Mn1 Zn3,221,1,1,0,Mn1,3d,"e_g{z2,x2-y2}",0,,
105222,105222,Nb1 Ru1,123,1,0,0,Nb1|Ru1,4d,"p{x,y}|{xz,yz}",0,,
105327,105327,Ni1 Rh2 Sn1,225,1,1,0,Ni1|Sn1,-|3d,"e_g{z2,x2-y2}",1,Sn,
105336,105336,Ni5 Sc1,191,1,1,0,Sc1,3d,"p{x,y}|{xy,x2-y2}|{xz,yz}",0,,
105339,105339,Ni2 Sc1 Sn1,225,1,1,0,Sc1|Sn1,-|3d,"e_g{z2,x2-y2}",1,Sn,
105343,76413,Ni3 Si1,221,1,1,0,Si1,-,"e_g{z2,x2-y2}",0,,
105344,76413,Ni3 Si1,221,1,1,0,Si1,-,"e_g{z2,x2-y2}",0,,
105353,105353,Ni3 Sn1,221,1,1,0,Sn1,-,"e_g{z2,x2-y2}",1,Sn,
105354,105354,Ni3 Sn1,225,1,0,0,Ni1|Sn1,-|3d,"e_g{z2,x2-y2}",1,Sn,
105376,105376,Ni2 Sn1 V1,225,1,0,0,Sn1|V1,-|3d,"e_g{z2,x2-y2}",1,Sn,
105377,105376,Ni2 Sn1 V1,225,1,0,0,Sn1|V1,-|3d,"e_g{z2,x2-y2}",1,Sn,
105462,54422,Ni5 Y1,191,1,1,0,Y1,4d,"p{x,y}|{xy,x2-y2}|{xz,yz}",0,,
105463,54422,Ni5 Y1,191,1,1,0,Y1,4d,"p{x,y}|{xy,x2-y2}|{xz,yz}",0,,
105469,105469,Ni1 Zn1,123,1,0,0,Ni1|Zn1,3d,"p{x,y}|{xz,yz}",0,,
105470,105470,Ni1 Zn1,221,1,0,0,Ni1|Zn1,3d,"e_g{z2,x2-y2}",0,,
105477,105477,Ni4 Zn1 Zr1,216,1,1,0,Zn1|Zr1,3d|4d,"e_g{z2,x2-y2}",0,,
105529,58038,Al1 Ni3,221,1,1,0,Al1,-,"e_g{z2,x2-y2}",0,,
105546,16810,O3 Re1,221,1,0,0,Re1,5d,"e_g{z2,x2-y2}",0,,
105673,105673,Pd3 Sc1,221,1,0,0,Sc1,3d,"e_g{z2,x2-y2}",0,,
105674,105673,Pd3 Sc1,221,1,0,0,Sc1,3d,"e_g{z2,x2-y2}",0,,
105689,105689,Pd3 Sn1,221,1,1,0,Sn1,-,"e_g{z2,x2-y2}",1,Sn,
105690,105689,Pd3 Sn1,221,1,1,0,Sn1,-,"e_g{z2,x2-y2}",1,Sn,
105707,105707,Pd5 Sr1,191,1,1,0,Sr1,-,"p{x,y}|{xy,x2-y2}|{xz,yz}",0,,
105724,105724,Pd3 Ti1,221,1,0,0,Ti1,3d,"e_g{z2,x2-y2}",0,,
105729,105729,Pd3 Tl1,139,1,1,0,Pd1|Tl1,-|4d,"p{x,y}|{xz,yz}",1,Tl,
105819,105819,Pt1 Tl1,191,1,0,0,Pt1,5d,"p{x,y}|{xy,x2-y2}|{xz,yz}",1,Tl,
105933,105933,Rh2 Sn1 V1,225,1,0,0,Sn1|V1,-|3d,"e_g{z2,x2-y2}",1,Sn,
105972,105972,Rh1 Y1,221,1,0,0,Rh1|Y1,4d,"e_g{z2,x2-y2}",0,,
105973,105972,Rh1 Y1,221,1,0,0,Rh1|Y1,4d,"e_g{z2,x2-y2}",0,,
105995,105995,Ru1 Ta1,123,1,0,0,Ru1|Ta1,4d|5d,"p{x,y}|{xz,yz}",0,,
105996,105995,Ru1 Ta1,123,1,0,0,Ru1|Ta1,4d|5d,"p{x,y}|{xz,yz}",0,,
106004,106004,Ru1 Ti1,221,1,0,0,Ru1|Ti1,3d|4d,"e_g{z2,x2-y2}",0,,
106005,106004,Ru1 Ti1,221,1,0,0,Ru1|Ti1,3d|4d,"e_g{z2,x2-y2}",0,,
106022,106022,Ru1 Zr1,221,1,0,0,Ru1|Zr1,4d,"e_g{z2,x2-y2}",0,,
106195,106195,Tl1 Y1,221,1,0,0,Tl1|Y1,-|4d,"e_g{z2,x2-y2}",1,Tl,
106213,106213,V4 Zn5,139,1,0,0,Zn1,3d,"p{x,y}|{xz,yz}",0,,
106225,106225,Y1 Zn1,221,1,0,0,Y1|Zn1,3d|4d,"e_g{z2,x2-y2}",0,,
106226,106225,Y1 Zn1,221,1,0,0,Y1|Zn1,3d|4d,"e_g{z2,x2-y2}",0,,
106357,106357,Ca1 Pd5,191,1,1,0,Ca1,-,"p{x,y}|{xy,x2-y2}|{xz,yz}",0,,
106506,102731,Co5 Y1,191,1,0,0,Y1,4d,"p{x,y}|{xy,x2-y2}|{xz,yz}",0,,
106786,106786,Hg2 Rh1,123,1,0,0,Rh1,4d,"p{x,y}|{xz,yz}",0,,
106932,106932,Mn1 N1,139,1,0,0,Mn1|N1,-|3d,"p{x,y}|{xz,yz}",1,,Mn3+
107033,107033,Mg1 Ni4 Y1,216,1,1,0,Mg1|Y1,-|4d,"e_g{z2,x2-y2}",0,,
107085,107085,Ga1 Ir1 Li2,216,1,0,0,Li1|Li2|Ir1|Ga1,-|5d,"e_g{z2,x2-y2}",0,,
107089,107089,In1 Ir1 Li2,216,1,0,0,Li1|Li2|Ir1|In1,-|5d,"e_g{z2,x2-y2}",0,,
107117,53071,Co1 Sb1 V1,216,1,0,0,V1|Co1|Sb1,-|3d,"e_g{z2,x2-y2}",1,Sb,
107253,102731,Co5 Y1,191,1,0,0,Y1,4d,"p{x,y}|{xy,x2-y2}|{xz,yz}",0,,
107256,103699,Fe5 Y1,191,1,0,0,Y1,4d,"p{x,y}|{xy,x2-y2}|{xz,yz}",0,,
107419,107419,Ca1 Mg1 Ni4,216,1,1,0,Ca1|Mg1,-,"e_g{z2,x2-y2}",0,,
107420,107420,La1 Mg1 Ni4,216,1,1,0,La1|Mg1,-,"e_g{z2,x2-y2}",0,,
107424,107033,Mg1 Ni4 Y1,216,1,1,0,Y1|Mg1,-|4d,"e_g{z2,x2-y2}",0,,
107500,107500,H6 Fe1 Mg2,225,1,0,0,Fe1,3d,"e_g{z2,x2-y2}",0,,
107514,15424,F3 Fe1 K1,221,1,1,0,Fe1|K1,-|3d,"e_g{z2,x2-y2}",0,,
107574,107574,Rh1 Zn1,221,1,0,0,Rh1|Zn1,3d|4d,"e_g{z2,x2-y2}",0,,
107665,107665,C14 H24 K1 Mn1 N8,87,0,0,1,K1|Mn1,-|3d,"p{x,y}|{xz,yz}",1,,Mn3+
107666,107666,C14 H24 Co1 N8 Rb1,87,0,0,1,Rb1|Co1,-|3d,"p{x,y}|{xz,yz}",0,,
107814,57832,Al1 Fe2 V1,225,1,0,0,Al1|V1,-|3d,"e_g{z2,x2-y2}",0,,
107857,58015,Al3 Nb1,139,1,0,0,Al1|Nb1,-|4d,"p{x,y}|{xz,yz}",0,,
107862,107862,Al1 Ni3,123,1,0,0,Al1|Ni1,-|3d,"p{x,y}|{xz,yz}",0,,
107955,107955,As1 Mn1 Pd2,225,1,0,0,As1|Mn1,-|3d,"e_g{z2,x2-y2}",0,,
108128,108128,C1 Ca1 Pd3,221,1,0,0,C1|Ca1,-,"e_g{z2,x2-y2}",0,,
108129,108129,C1 Co3 Sn1,221,1,0,0,C1|Sn1,-,"e_g{z2,x2-y2}",1,Sn,
108294,108294,Co1 Hf1 Sb1,216,1,0,0,Co1|Hf1|Sb1,-|3d|5d,"e_g{z2,x2-y2}",1,Sb,
108295,102483,Co2 Hf1 Sn1,225,1,1,0,Sn1|Hf1,-|5d,"e_g{z2,x2-y2}",1,Sn,
108321,102687,Co2 Sn1 Zr1,225,1,1,0,Zr1|Sn1,-|4d,"e_g{z2,x2-y2}",1,Sn,
108322,102705,Co1 Ti1,221,1,0,0,Co1|Ti1,3d,"e_g{z2,x2-y2}",0,,
108436,108436,Fe3 Ga1,225,1,1,0,Fe1|Ga1,-|3d,"e_g{z2,x2-y2}",0,,
108482,108482,Ga1 Mn1 Pt1,216,1,0,0,Mn1|Pt1|Ga1,-|3d|5d,"e_g{z2,x2-y2}",0,,
108521,108521,Ge1 Nb3,221,1,0,0,Ge1,-,"e_g{z2,x2-y2}",0,,
108583,108583,Mg1 Sc1,221,1,0,0,Mg1|Sc1,-|3d,"e_g{z2,x2-y2}",0,,
108629,108629,Nb3 Si1,221,1,0,0,Si1,-,"e_g{z2,x2-y2}",0,,
108650,108650,Ni7 Y2,166,1,0,0,Ni1,3d,"p{x,y}|{xy,x2-y2}|{xz,yz}",0,,
108651,108651,O3 W1,221,1,1,0,W1,5d,"e_g{z2,x2-y2}",0,,
108675,108675,Pd3 Tl1,123,1,0,0,Tl1|Pd1,-|4d,"p{x,y}|{xz,yz}",1,Tl,
108677,108677,Pd3 V1,123,1,0,0,V1|Pd1,3d|4d,"p{x,y}|{xz,yz}",0,,
108826,88982,O3 Sr1 V1,221,1,1,0,Sr1|V1,-|3d,"e_g{z2,x2-y2}",0,,
108903,108903,Cr1 O3 Sr1,221,1,0,0,Sr1|Cr1,-|3d,"e_g{z2,x2-y2}",0,,
108935,108935,K3 Mn1 O4,121,0,0,1,K1|Mn1,-|3d,"p{x,y}|{xz,yz}",0,,
109076,109076,O3 Sr1 Tc1,221,1,1,0,Sr1|Tc1,-|4d,"e_g{z2,x2-y2}",0,,
109162,99698,Ba2 In1 Nb1 O6,225,1,0,0,In1|Nb1,-|4d,"e_g{z2,x2-y2}",0,,
109165,28597,Ni1 O6 Sr2 W1,225,1,0,0,Ni1|W1,3d|5d,"e_g{z2,x2-y2}",0,,
109235,109235,Al1 Pt3,123,1,0,0,Al1|Pt1,-|5d,"p{x,y}|{xz,yz}",0,,
109236,109236,In1 Pt3,123,1,0,0,In1|Pt1,-|5d,"p{x,y}|{xz,yz}",0,,
109251,109251,Ba2 Ni1 O6 Re1,225,1,0,0,Ni1|Re1,3d|5d,"e_g{z2,x2-y2}",0,,
109252,109252,Ba2 Fe1 O6 Re1,225,1,1,0,Fe1|Re1,3d|5d,"e_g{z2,x2-y2}",0,,
109254,109254,Ba2 Co1 O6 Re1,225,1,0,0,Co1|Re1,3d|5d,"e_g{z2,x2-y2}",0,,
109255,109255,Ba2 O6 Re1 Zn1,225,1,0,0,Zn1|Re1,3d|5d,"e_g{z2,x2-y2}",0,,
109256,4169,Ba2 Mn1 O6 Re1,225,1,1,0,Mn1|Re1,3d|5d,"e_g{z2,x2-y2}",0,,
109259,109259,Ba2 Li1 O6 Re1,225,1,0,0,Li1|Re1,-|5d,"e_g{z2,x2-y2}",0,,
109260,109260,Ba2 Na1 O6 Re1,225,1,0,0,Na1|Re1,-|5d,"e_g{z2,x2-y2}",0,,
109293,109293,Cu1 F3 Rb1,123,1,0,0,Rb1|Cu1|F1,-|3d,"p{x,y}|{xz,yz}",1,,Cu2+
109314,109314,Be12 Pd1,139,1,0,0,Pd1,4d,"p{x,y}|{xz,yz}",0,,
109327,109327,Ba1 O3 Ti1,123,1,0,0,Ba1|Ti1|O1,-|3d,"p{x,y}|{xz,yz}",0,,
109348,109348,Au1 Mn1,221,1,0,0,Au1|Mn1,3d|5d,"e_g{z2,x2-y2}",0,,
109349,109349,Au1 Mn1,123,1,0,0,Au1|Mn1,3d|5d,"p{x,y}|{xz,yz}",0,,
109739,109739,C3 H3 O6 Y1,160,1,0,0,Y1,4d,"p{x,y}|{xy,x2-y2}|{xz,yz}",0,,
110809,57611,Al1 Co2 Hf1,225,1,0,0,Al1|Hf1,-|5d,"e_g{z2,x2-y2}",0,,
130003,130003,Mo1 Zn7,225,1,0,0,Mo1|Zn2,3d|4d,"e_g{z2,x2-y2}",0,,
130020,15453,Ba1 O3 Ti1,99,1,0,0,Ba1|Ti1|O2,-|3d,"p{x,y}|{xz,yz}",0,,
130021,130021,Al1 F3,221,1,0,0,Al1,-,"e_g{z2,x2-y2}",0,,
150387,27114,O4 Sn1 Sr2,139,1,0,0,Sn1,-,"p{x,y}|{xz,yz}",1,Sn,
150388,27114,O4 Sn1 Sr2,139,1,0,0,Sn1,-,"p{x,y}|{xz,yz}",1,Sn,
150389,27114,O4 Sn1 Sr2,139,1,0,0,Sn1,-,"p{x,y}|{xz,yz}",1,Sn,
150390,27114,O4 Sn1 Sr2,139,1,0,0,Sn1,-,"p{x,y}|{xz,yz}",1,Sn,
150619,58693,Be1 Co1,221,1,0,0,Be1|Co1,-|3d,"e_g{z2,x2-y2}",0,,
150648,54985,Ni5 Zr1,216,1,1,0,Ni1|Zr1,3d|4d,"e_g{z2,x2-y2}",0,,
150674,150674,Cr1 Li1 S2,164,1,0,0,Cr1|Li1,-|3d,"p{x,y}|{xy,x2-y2}|{xz,yz}",0,,
150701,150701,Fe1 Mo1 O6 Sr2,87,1,1,0,Fe1|Mo1,3d|4d,"p{x,y}|{xz,yz}",0,,
150702,150702,Fe1 O6 Re1 Sr2,87,1,1,0,Fe1|Re1,3d|5d,"p{x,y}|{xz,yz}",0,,
150703,150703,Ba1 La1 Mn2 O6,123,1,0,0,La1|Ba1|O1|O3,-,"p{x,y}|{xz,yz}",1,,Mn3+
150829,77154,C1 Mn3 Zn1,221,1,0,0,Zn1|C1,-|3d,"e_g{z2,x2-y2}",0,,
150936,150936,Ru1 Ti1,221,1,0,0,Ti1|Ru1,3d|4d,"e_g{z2,x2-y2}",0,,
150937,102705,Co1 Ti1,221,1,0,0,Ti1|Co1,3d,"e_g{z2,x2-y2}",0,,
150938,96139,Fe1 Ti1,221,1,0,0,Ti1|Fe1,3d,"e_g{z2,x2-y2}",0,,
150939,54985,Ni5 Zr1,216,1,1,0,Ni1|Zr1,3d|4d,"e_g{z2,x2-y2}",0,,
151104,58201,Al3 V1,139,1,1,0,Al1|V1,-|3d,"p{x,y}|{xz,yz}",0,,
151176,151176,C8 H24 F6 N2 Pt1,87,0,0,1,Pt1,5d,"p{x,y}|{xz,yz}",0,,
151185,151185,C8 H24 F6 N2 Os1,148,0,0,1,Os1,5d,"p{x,y}|{xy,x2-y2}|{xz,yz}",0,,
151207,151207,Co1 Cu2 Sn1,225,1,0,0,Co1|Sn1,-|3d,"e_g{z2,x2-y2}",1,Sn,
151385,58038,Al1 Ni3,221,1,1,0,Al1,-,"e_g{z2,x2-y2}",0,,
151390,55564,Co1 Sn1,191,1,0,0,Sn1,-,"p{x,y}|{xy,x2-y2}|{xz,yz}",1,Sn,
151435,66098,Cr2 Li14 N8 O1,147,1,0,0,O1,-,"p{x,y}|{xy,x2-y2}|{xz,yz}",0,,
151617,94079,Fe1 Mo1 O6 Sr2,139,1,1,0,Fe1|Mo1,3d|4d,"p{x,y}|{xz,yz}",0,,
151695,151695,C6 Cs2 Fe1 Mn1 N6,225,0,0,1,Mn1|Fe1,3d,"e_g{z2,x2-y2}",0,,
151696,151696,C6 Cd1 Cs2 Fe1 N6,225,0,0,1,Cd1|Fe1,3d|4d,"e_g{z2,x2-y2}",0,,
151703,151703,Mg1 O6 Sr2 W1,87,1,1,0,Mg1|W1,-|5d,"p{x,y}|{xz,yz}",0,,
151706,151706,C6 Cs2 Fe1 N6 Ni1,225,0,0,1,Ni1|Fe1,3d,"e_g{z2,x2-y2}",0,,
151787,59697,Cl2 Co1 O2 Sr2,139,1,0,0,Co1,3d,"p{x,y}|{xz,yz}",0,,
151788,59697,Cl2 Co1 O2 Sr2,139,1,0,0,Co1,3d,"p{x,y}|{xz,yz}",0,,
151789,59698,Br2 Co1 O2 Sr2,139,1,0,0,Co1,3d,"p{x,y}|{xz,yz}",0,,
151790,59698,Br2 Co1 O2 Sr2,139,1,0,0,Co1,3d,"p{x,y}|{xz,yz}",0,,
152131,58080,Al1 Ni1 Zr1,189,1,0,0,Ni1,3d,"p{x,y}|{xy,x2-y2}|{xz,yz}",0,,
152339,103634,Fe1 Sn1,191,1,0,0,Sn1,-,"p{x,y}|{xy,x2-y2}|{xz,yz}",1,Sn,
152440,152440,Ni1 O6 Os1 Sr2,87,1,0,0,Ni1|Os1,3d|5d,"p{x,y}|{xz,yz}",0,,
152441,152440,Ni1 O6 Os1 Sr2,87,1,0,0,Ni1|Os1,3d|5d,"p{x,y}|{xz,yz}",0,,
152442,152440,Ni1 O6 Os1 Sr2,87,1,0,0,Ni1|Os1,3d|5d,"p{x,y}|{xz,yz}",0,,
152443,152440,Ni1 O6 Os1 Sr2,87,1,0,0,Ni1|Os1,3d|5d,"p{x,y}|{xz,yz}",0,,
152572,24982,Ba2 Mg1 O6 W1,225,1,0,0,Mg1|W1,-|5d,"e_g{z2,x2-y2}",0,,
152573,24982,Ba2 Mg1 O6 W1,225,1,0,0,Mg1|W1,-|5d,"e_g{z2,x2-y2}",0,,
152574,151703,Mg1 O6 Sr2 W1,87,1,1,0,Mg1|W1,-|5d,"p{x,y}|{xz,yz}",0,,
152575,152575,Mg1 O6 Sr2 W1,225,1,0,0,Mg1|W1,-|5d,"e_g{z2,x2-y2}",0,,
152576,152575,Mg1 O6 Sr2 W1,225,1,0,0,Mg1|W1,-|5d,"e_g{z2,x2-y2}",0,,
152679,152679,Ba2 Ir1 O6 Y1,225,1,0,0,Y1|Ir1,4d|5d,"e_g{z2,x2-y2}",0,,
153055,153055,Mg1 Pd3,221,1,0,0,Mg1,-,"e_g{z2,x2-y2}",0,,
153058,47123,La1 Ni1 O2,123,1,0,0,La1|Ni1,-|3d,"p{x,y}|{xz,yz}",0,,
153101,62555,Ca2 Cl1 N1,166,1,1,0,N1|Cl1,-,"p{x,y}|{xy,x2-y2}|{xz,yz}",0,,
153105,62556,Br1 Ca2 N1,166,1,1,0,N1|Br1,-,"p{x,y}|{xy,x2-y2}|{xz,yz}",0,,
153174,31865,Ca1 O3 Ti1,221,1,0,0,Ca1|Ti1,-|3d,"e_g{z2,x2-y2}",0,,
153327,91791,Ni1 O6 Sr2 W1,87,1,1,0,Ni1|W1,3d|5d,"p{x,y}|{xz,yz}",0,,
153406,153406,O3 Pb1 Ti1,221,1,0,0,Pb1|Ti1,-|3d,"e_g{z2,x2-y2}",1,Pb,
153426,150701,Fe1 Mo1 O6 Sr2,87,1,1,0,Fe1|Mo1,3d|4d,"p{x,y}|{xz,yz}",0,,
153543,28601,Co1 Mo1 O6 Sr2,225,1,1,0,Co1|Mo1,3d|4d,"e_g{z2,x2-y2}",0,,
153544,153544,Co1 Mo1 O6 Sr2,87,1,1,0,Co1|Mo1,3d|4d,"p{x,y}|{xz,yz}",0,,
153545,153544,Co1 Mo1 O6 Sr2,87,1,1,0,Co1|Mo1,3d|4d,"p{x,y}|{xz,yz}",0,,
153546,153544,Co1 Mo1 O6 Sr2,87,1,1,0,Co1|Mo1,3d|4d,"p{x,y}|{xz,yz}",0,,
153831,90550,Al1 La1 O3,221,1,0,0,La1|Al1,-,"e_g{z2,x2-y2}",0,,
153832,90550,Al1 La1 O3,221,1,0,0,La1|Al1,-,"e_g{z2,x2-y2}",0,,
153833,90550,Al1 La1 O3,221,1,0,0,La1|Al1,-,"e_g{z2,x2-y2}",0,,
153834,90550,Al1 La1 O3,221,1,0,0,La1|Al1,-,"e_g{z2,x2-y2}",0,,
153835,90550,Al1 La1 O3,221,1,0,0,La1|Al1,-,"e_g{z2,x2-y2}",0,,
153836,90550,Al1 La1 O3,221,1,0,0,La1|Al1,-,"e_g{z2,x2-y2}",0,,
153864,153864,Fe1 K1 Mo2 O8,164,1,1,0,Fe1|K1,-|3d,"p{x,y}|{xy,x2-y2}|{xz,yz}",0,,
154073,154073,Ca1 F3 K1,221,1,0,0,Ca1|K1,-,"e_g{z2,x2-y2}",0,,
154074,154073,Ca1 F3 K1,221,1,0,0,Ca1|K1,-,"e_g{z2,x2-y2}",0,,
154175,88464,Li2 O7 Sr1 Ta2,139,1,0,0,Sr1|O3,-,"p{x,y}|{xz,yz}",0,,
154343,15453,Ba1 O3 Ti1,99,1,0,0,Ba1|Ti1|O1,-|3d,"p{x,y}|{xz,yz}",0,,
154344,27970,Ba1 O3 Ti1,221,1,0,0,Ba1|Ti1,-|3d,"e_g{z2,x2-y2}",0,,
154345,15453,Ba1 O3 Ti1,99,1,0,0,Ba1|Ti1|O1,-|3d,"p{x,y}|{xz,yz}",0,,
154360,154360,Al2 O7 Rb2 Sb2,164,1,0,0,O1,-,"p{x,y}|{xy,x2-y2}|{xz,yz}",1,Sb,
154681,59878,C1 Ca1 F1 K1 O3,187,1,0,0,K1|C1|F1|Ca1,-,"p{x,y}|{xy,x2-y2}|{xz,yz}",0,,
154682,59878,C1 Ca1 F1 K1 O3,187,1,0,0,K1|C1|F1|Ca1,-,"p{x,y}|{xy,x2-y2}|{xz,yz}",0,,
154683,59878,C1 Ca1 F1 K1 O3,187,1,0,0,K1|C1|F1|Ca1,-,"p{x,y}|{xy,x2-y2}|{xz,yz}",0,,
154685,59878,C1 Ca1 F1 K1 O3,187,1,0,0,K1|C1|F1|Ca1,-,"p{x,y}|{xy,x2-y2}|{xz,yz}",0,,
155045,54245,La1 Ni5,191,1,1,0,La1,-,"p{x,y}|{xy,x2-y2}|{xz,yz}",0,,
155156,77277,B1 Be2 F2 K1 O3,155,1,0,0,K1,-,"p{x,y}|{xy,x2-y2}|{xz,yz}",0,,
155174,155174,Ba2 Fe1 O6 Re1,139,1,1,0,Fe1|Re1,3d|5d,"p{x,y}|{xz,yz}",0,,
155175,109252,Ba2 Fe1 O6 Re1,225,1,1,0,Fe1|Re1,3d|5d,"e_g{z2,x2-y2}",0,,
155253,84650,Ba2 O6 Sb1 Y1,225,1,0,0,Y1|Sb1,-|4d,"e_g{z2,x2-y2}",1,Sb,
155273,98191,Mo1 Ni1 O6 Sr2,87,1,0,0,Ni1|Mo1,3d|4d,"p{x,y}|{xz,yz}",0,,
155274,98191,Mo1 Ni1 O6 Sr2,87,1,0,0,Ni1|Mo1,3d|4d,"p{x,y}|{xz,yz}",0,,
155306,151703,Mg1 O6 Sr2 W1,87,1,1,0,Mg1|W1,-|5d,"p{x,y}|{xz,yz}",0,,
155307,151703,Mg1 O6 Sr2 W1,87,1,1,0,Mg1|W1,-|5d,"p{x,y}|{xz,yz}",0,,
155308,151703,Mg1 O6 Sr2 W1,87,1,1,0,Mg1|W1,-|5d,"p{x,y}|{xz,yz}",0,,
155309,151703,Mg1 O6 Sr2 W1,87,1,1,0,Mg1|W1,-|5d,"p{x,y}|{xz,yz}",0,,
155310,151703,Mg1 O6 Sr2 W1,87,1,1,0,Mg1|W1,-|5d,"p{x,y}|{xz,yz}",0,,
155346,84650,Ba2 O6 Sb1 Y1,225,1,0,0,Y1|Sb1,-|4d,"e_g{z2,x2-y2}",1,Sb,
155482,150701,Fe1 Mo1 O6 Sr2,87,1,1,0,Fe1|Mo1,3d|4d,"p{x,y}|{xz,yz}",0,,
155554,96133,F3 La1,139,1,0,0,La1|F1,-,"p{x,y}|{xz,yz}",0,,
155732,98191,Mo1 Ni1 O6 Sr2,87,1,0,0,Ni1|Mo1,3d|4d,"p{x,y}|{xz,yz}",0,,
155733,28600,Mo1 Ni1 O6 Sr2,225,1,0,0,Ni1|Mo1,3d|4d,"e_g{z2,x2-y2}",0,,
155839,56273,Co1 Fe1,221,1,0,0,Fe1|Co1,3d,"e_g{z2,x2-y2}",0,,
155913,54245,La1 Ni5,191,1,1,0,La1,-,"p{x,y}|{xy,x2-y2}|{xz,yz}",0,,
155928,155928,Co1 Si1,221,1,0,0,Co1|Si1,-|3d,"e_g{z2,x2-y2}",0,,
157016,157016,Ga1 O6 Sb1 Sr2,225,1,1,0,Ga1|Sb1,-,"e_g{z2,x2-y2}",1,Sb,
157017,157016,Ga1 O6 Sb1 Sr2,225,1,1,0,Ga1|Sb1,-,"e_g{z2,x2-y2}",1,Sb,
157018,157016,Ga1 O6 Sb1 Sr2,225,1,1,0,Ga1|Sb1,-,"e_g{z2,x2-y2}",1,Sb,
157019,157016,Ga1 O6 Sb1 Sr2,225,1,1,0,Ga1|Sb1,-,"e_g{z2,x2-y2}",1,Sb,
157020,98191,Mo1 Ni1 O6 Sr2,87,1,0,0,Mo1|Ni1,3d|4d,"p{x,y}|{xz,yz}",0,,
157021,98191,Mo1 Ni1 O6 Sr2,87,1,0,0,Mo1|Ni1,3d|4d,"p{x,y}|{xz,yz}",0,,
157022,98191,Mo1 Ni1 O6 Sr2,87,1,0,0,Mo1|Ni1,3d|4d,"p{x,y}|{xz,yz}",0,,
157023,98191,Mo1 Ni1 O6 Sr2,87,1,0,0,Mo1|Ni1,3d|4d,"p{x,y}|{xz,yz}",0,,
157024,157024,Mo1 Ni1 O6 Sr2,87,1,0,0,Mo1|Ni1,3d|4d,"p{x,y}|{xz,yz}",0,,
157025,98191,Mo1 Ni1 O6 Sr2,87,1,0,0,Mo1|Ni1,3d|4d,"p{x,y}|{xz,yz}",0,,
157026,157024,Mo1 Ni1 O6 Sr2,87,1,0,0,Mo1|Ni1,3d|4d,"p{x,y}|{xz,yz}",0,,
157027,28600,Mo1 Ni1 O6 Sr2,225,1,0,0,Mo1|Ni1,3d|4d,"e_g{z2,x2-y2}",0,,
157402,20293,O4 Sr2 Ti1,139,1,0,0,Ti1,3d,"p{x,y}|{xz,yz}",0,,
157477,95192,Ba5 Nb4 O15,164,1,0,0,Ba1,-,"p{x,y}|{xy,x2-y2}|{xz,yz}",0,,
157549,157549,Al1 Bi1 O3,221,1,0,0,Bi1|Al1,-,"e_g{z2,x2-y2}",1,Bi,
157550,157550,Bi1 Ga1 O3,221,1,0,0,Bi1|Ga1,-,"e_g{z2,x2-y2}",1,Bi,
157600,150701,Fe1 Mo1 O6 Sr2,87,1,1,0,Fe1|Mo1,3d|4d,"p{x,y}|{xz,yz}",0,,
157601,150701,Fe1 Mo1 O6 Sr2,87,1,1,0,Fe1|Mo1,3d|4d,"p{x,y}|{xz,yz}",0,,
157602,150701,Fe1 Mo1 O6 Sr2,87,1,1,0,Fe1|Mo1,3d|4d,"p{x,y}|{xz,yz}",0,,
157603,157603,Fe1 Mo1 O6 Sr2,225,1,1,0,Fe1|Mo1,3d|4d,"e_g{z2,x2-y2}",0,,
157800,26676,Cr1 Cu1 O2,166,1,0,0,Cu1|Cr1,3d,"p{x,y}|{xy,x2-y2}|{xz,yz}",0,,
157806,15453,Ba1 O3 Ti1,99,1,0,0,Ba1|Ti1|O1,-|3d,"p{x,y}|{xz,yz}",0,,
157886,157886,O6 Sb1 Sr2 Y1,225,1,1,0,Y1|Sb1,-|4d,"e_g{z2,x2-y2}",1,Sb,
157887,157886,O6 Sb1 Sr2 Y1,225,1,1,0,Y1|Sb1,-|4d,"e_g{z2,x2-y2}",1,Sb,
157941,53545,Fe3 Si1,225,1,0,0,Fe1|Si1,-|3d,"e_g{z2,x2-y2}",0,,
158194,89980,Ga1 S8 V4,216,1,0,0,Ga1,-,"e_g{z2,x2-y2}",0,,
158198,33994,Ga1 Mo4 S8,216,1,0,0,Ga1,-,"e_g{z2,x2-y2}",0,,
158389,158389,C1 Ba1 O3,160,0,0,1,Ba1|C1,-,"p{x,y}|{xy,x2-y2}|{xz,yz}",0,,
158390,158389,C1 Ba1 O3,160,0,0,1,Ba1|C1,-,"p{x,y}|{xy,x2-y2}|{xz,yz}",0,,
158647,18007,Mn1 S1,225,1,0,0,Mn1|S1,-|3d,"e_g{z2,x2-y2}",0,,
158648,18007,Mn1 S1,225,1,0,0,Mn1|S1,-|3d,"e_g{z2,x2-y2}",0,,
158649,18007,Mn1 S1,225,1,0,0,Mn1|S1,-|3d,"e_g{z2,x2-y2}",0,,
158650,18007,Mn1 S1,225,1,0,0,Mn1|S1,-|3d,"e_g{z2,x2-y2}",0,,
158651,18007,Mn1 S1,225,1,0,0,Mn1|S1,-|3d,"e_g{z2,x2-y2}",0,,
158652,18007,Mn1 S1,225,1,0,0,Mn1|S1,-|3d,"e_g{z2,x2-y2}",0,,
158756,157549,Al1 Bi1 O3,221,1,0,0,Al1|Bi1,-,"e_g{z2,x2-y2}",1,Bi,
158757,157550,Bi1 Ga1 O3,221,1,0,0,Ga1|Bi1,-,"e_g{z2,x2-y2}",1,Bi,
158758,158758,Bi1 In1 O3,221,1,0,0,In1|Bi1,-,"e_g{z2,x2-y2}",1,Bi,
158759,158759,Bi1 O3 Sc1,221,1,0,0,Sc1|Bi1,-|3d,"e_g{z2,x2-y2}",1,Bi,
158955,158955,Br6 K2 Sn1,225,1,0,0,Sn1,-,"e_g{z2,x2-y2}",1,Sn,
159117,54245,La1 Ni5,191,1,1,0,La1,-,"p{x,y}|{xy,x2-y2}|{xz,yz}",0,,
160108,160108,Si1 Sr1,123,1,0,0,Sr1|Si1,-,"p{x,y}|{xz,yz}",0,,
160172,160172,Ba2 O6 Ta1 Y1,225,1,0,0,Y1|Ta1,4d|5d,"e_g{z2,x2-y2}",0,,
160196,160196,Cr1 O3 Pb1,221,1,0,0,Pb1|Cr1,-|3d,"e_g{z2,x2-y2}",1,Pb,
160691,160691,C1 Cr2 La1 Si2,123,1,0,0,La1|C1,-,"p{x,y}|{xz,yz}",0,,
160705,160705,Co1 In1 Mn2,216,1,0,0,Mn1|Mn2|Co1|In1,-|3d,"e_g{z2,x2-y2}",0,,
160706,160706,Co1 Mn2 Si1,216,1,0,0,Mn1|Mn2|Co1|Si1,-|3d,"e_g{z2,x2-y2}",0,,
160707,160707,Co1 Ge1 Mn2,216,1,0,0,Mn1|Mn2|Co1|Ge1,-|3d,"e_g{z2,x2-y2}",0,,
160708,160708,Co1 Mn2 Sn1,216,1,0,0,Mn1|Mn2|Co1|Sn1,-|3d,"e_g{z2,x2-y2}",1,Sn,
160709,160709,Co1 Mn2 Sb1,216,1,0,0,Mn1|Mn2|Co1|Sb1,-|3d,"e_g{z2,x2-y2}",1,Sb,
160914,160914,H12 Fe5 La1,191,1,0,0,La1,-,"p{x,y}|{xy,x2-y2}|{xz,yz}",0,,
161017,10354,H2 Li1 N1,82,0,0,1,Li1|Li3,-,"p{x,y}|{xz,yz}",0,,
161077,161077,N1 Y1,216,1,0,0,Y1|N1,-|4d,"e_g{z2,x2-y2}",0,,
161109,103634,Fe1 Sn1,191,1,0,0,Sn1,-,"p{x,y}|{xy,x2-y2}|{xz,yz}",1,Sn,
161110,55564,Co1 Sn1,191,1,0,0,Sn1,-,"p{x,y}|{xy,x2-y2}|{xz,yz}",1,Sn,
161111,59435,In1 Ni1,191,1,1,0,In1,-,"p{x,y}|{xy,x2-y2}|{xz,yz}",0,,
161112,103634,Fe1 Sn1,191,1,0,0,Sn1,-,"p{x,y}|{xy,x2-y2}|{xz,yz}",1,Sn,
161113,55564,Co1 Sn1,191,1,0,0,Sn1,-,"p{x,y}|{xy,x2-y2}|{xz,yz}",1,Sn,
161114,59435,In1 Ni1,191,1,1,0,In1,-,"p{x,y}|{xy,x2-y2}|{xz,yz}",0,,
161115,55564,Co1 Sn1,191,1,0,0,Sn1,-,"p{x,y}|{xy,x2-y2}|{xz,yz}",1,Sn,
161116,55564,Co1 Sn1,191,1,0,0,Sn1,-,"p{x,y}|{xy,x2-y2}|{xz,yz}",1,Sn,
161117,55564,Co1 Sn1,191,1,0,0,Sn1,-,"p{x,y}|{xy,x2-y2}|{xz,yz}",1,Sn,
161118,55564,Co1 Sn1,191,1,0,0,Sn1,-,"p{x,y}|{xy,x2-y2}|{xz,yz}",1,Sn,
161119,103634,Fe1 Sn1,191,1,0,0,Sn1,-,"p{x,y}|{xy,x2-y2}|{xz,yz}",1,Sn,
161120,103634,Fe1 Sn1,191,1,0,0,Sn1,-,"p{x,y}|{xy,x2-y2}|{xz,yz}",1,Sn,
161121,103634,Fe1 Sn1,191,1,0,0,Sn1,-,"p{x,y}|{xy,x2-y2}|{xz,yz}",1,Sn,
161122,103634,Fe1 Sn1,191,1,0,0,Sn1,-,"p{x,y}|{xy,x2-y2}|{xz,yz}",1,Sn,
161123,59435,In1 Ni1,191,1,1,0,In1,-,"p{x,y}|{xy,x2-y2}|{xz,yz}",0,,
161124,59435,In1 Ni1,191,1,1,0,In1,-,"p{x,y}|{xy,x2-y2}|{xz,yz}",0,,
161125,59435,In1 Ni1,191,1,1,0,In1,-,"p{x,y}|{xy,x2-y2}|{xz,yz}",0,,
161126,59435,In1 Ni1,191,1,1,0,In1,-,"p{x,y}|{xy,x2-y2}|{xz,yz}",0,,
161133,161133,Fe2 Si1,164,1,0,0,Fe1|Fe2,3d,"p{x,y}|{xy,x2-y2}|{xz,yz}",0,,
161340,15453,Ba1 O3 Ti1,99,1,0,0,Ba1|Ti1|O1,-|3d,"p{x,y}|{xz,yz}",0,,
161418,15453,Ba1 O3 Ti1,99,1,0,0,Ba1|Ti1|O1,-|3d,"p{x,y}|{xz,yz}",0,,
161593,29154,Hf1 O3 Sr1,221,1,0,0,Sr1|Hf1,-|5d,"e_g{z2,x2-y2}",0,,
161594,161594,Hf1 O3 Sr1,99,1,0,0,Sr1|Hf1|O1,-|5d,"p{x,y}|{xz,yz}",0,,
161600,54245,La1 Ni5,191,1,1,0,La1,-,"p{x,y}|{xy,x2-y2}|{xz,yz}",0,,
161702,161702,Hf1 O3 Pb1,221,1,0,0,Pb1|Hf1,-|5d,"e_g{z2,x2-y2}",1,Pb,
161709,1610,O3 Pb1 Ti1,99,1,0,0,Pb1|Ti1|O1,-|3d,"p{x,y}|{xz,yz}",1,Pb,
161737,108583,Mg1 Sc1,221,1,0,0,Mg1|Sc1,-|3d,"e_g{z2,x2-y2}",0,,
161754,79936,Co1 N1,216,1,0,0,Co1|N1,-|3d,"e_g{z2,x2-y2}",0,,
162043,153406,O3 Pb1 Ti1,221,1,0,0,Pb1|Ti1,-|3d,"e_g{z2,x2-y2}",1,Pb,
162044,1610,O3 Pb1 Ti1,99,1,0,0,Pb1|Ti1|O2,-|3d,"p{x,y}|{xz,yz}",1,Pb,
162045,1610,O3 Pb1 Ti1,99,1,0,0,Pb1|Ti1|O1,-|3d,"p{x,y}|{xz,yz}",1,Pb,
162046,1610,O3 Pb1 Ti1,99,1,0,0,Pb1|Ti1|O1,-|3d,"p{x,y}|{xz,yz}",1,Pb,
162047,153406,O3 Pb1 Ti1,221,1,0,0,Pb1|Ti1,-|3d,"e_g{z2,x2-y2}",1,Pb,
162048,1610,O3 Pb1 Ti1,99,1,0,0,Pb1|Ti1|O1,-|3d,"p{x,y}|{xz,yz}",1,Pb,
162099,162099,H6 Cl2 Cu3 O6 Zn1,164,1,0,0,Zn1,3d,"p{x,y}|{xy,x2-y2}|{xz,yz}",1,,Cu2+
162100,162100,Ca1 Cu3 O12 Sn4,204,0,0,1,Ca1,-,"e_g{z2,x2-y2}",1,Sn,Cu2+
162101,162101,Cu3 O12 Sn4 Sr1,204,0,0,1,Sr1,-,"e_g{z2,x2-y2}",1,Sn,Cu2+
162102,162102,Cu3 O12 Pb1 Sn4,204,0,0,1,Pb1,-,"e_g{z2,x2-y2}",1,Pb|Sn,Cu2+
162119,107420,La1 Mg1 Ni4,216,1,1,0,La1|Mg1,-,"e_g{z2,x2-y2}",0,,
162124,54245,La1 Ni5,191,1,1,0,La1,-,"p{x,y}|{xy,x2-y2}|{xz,yz}",0,,
162261,162261,H4 Cs2 Mg1,139,1,1,0,Mg1,-,"p{x,y}|{xz,yz}",0,,
162384,162384,H12 Mn2 N4 O8 Zn1,216,0,0,1,Zn1|Mn1|Mn2,3d,"e_g{z2,x2-y2}",0,,
162766,162766,Bi2 O6 Ti1 Zn1,99,1,0,0,Bi1|Bi2|Zn1|Ti1|O3|O4,-|3d,"p{x,y}|{xz,yz}",1,Bi,
162767,162766,Bi2 O6 Ti1 Zn1,99,1,0,0,Zn1|Ti1|O2|O3,-|3d,"p{x,y}|{xz,yz}",1,Bi,
162768,162766,Bi2 O6 Ti1 Zn1,99,1,0,0,Zn1|Ti1|O2|O3|Zn2|Ti2|O5|O6,-|3d,"p{x,y}|{xz,yz}",1,Bi,
162777,69360,O3 Ru1 Sr1,221,1,1,0,Sr1|Ru1,-|4d,"e_g{z2,x2-y2}",0,,
162924,31865,Ca1 O3 Ti1,221,1,0,0,Ca1|Ti1,-|3d,"e_g{z2,x2-y2}",0,,
162925,31865,Ca1 O3 Ti1,221,1,0,0,Ca1|Ti1,-|3d,"e_g{z2,x2-y2}",0,,
162926,31865,Ca1 O3 Ti1,221,1,0,0,Ca1|Ti1,-|3d,"e_g{z2,x2-y2}",0,,
163195,104847,Mg1 Pd1,221,1,0,0,Mg1|Pd1,-|4d,"e_g{z2,x2-y2}",0,,
163228,91062,Fe1 O3 Sr1,221,1,0,0,Fe1|Sr1,-|3d,"e_g{z2,x2-y2}",0,,
163253,26676,Cr1 Cu1 O2,166,1,0,0,Cu1|Cr1,3d,"p{x,y}|{xy,x2-y2}|{xz,yz}",0,,
163254,26676,Cr1 Cu1 O2,166,1,0,0,Cu1|Cr1,3d,"p{x,y}|{xy,x2-y2}|{xz,yz}",0,,
163255,26676,Cr1 Cu1 O2,166,1,0,0,Cu1|Cr1,3d,"p{x,y}|{xy,x2-y2}|{xz,yz}",0,,
163353,76413,Ni3 Si1,221,1,1,0,Si1,-,"e_g{z2,x2-y2}",0,,
163373,84650,Ba2 O6 Sb1 Y1,225,1,0,0,Y1|Sb1,-|4d,"e_g{z2,x2-y2}",1,Sb,
163376,163376,H8 B2 K1 Na1,156,1,0,0,H1|H4|B1|B2|Na1|K1,-,"p{x,y}|{xy,x2-y2}|{xz,yz}",0,,
163382,163382,O1 Zn1,221,1,0,0,Zn1|O1,-|3d,"e_g{z2,x2-y2}",0,,
163660,605,H8 Cl6 N2 Sn1,225,1,1,0,Sn1,-,"e_g{z2,x2-y2}",1,Sn,
163697,103142,Cu1 Y1,221,1,0,0,Y1|Cu1,3d|4d,"e_g{z2,x2-y2}",0,,
163889,17046,H4 Mg3 O9 Si2,157,1,0,0,O4|H2,-,"p{x,y}|{xy,x2-y2}|{xz,yz}",0,,
163890,17046,H4 Mg3 O9 Si2,157,1,0,0,O4|H2,-,"p{x,y}|{xy,x2-y2}|{xz,yz}",0,,
164054,164054,F3 La1,225,0,0,1,La1|F2,-,"e_g{z2,x2-y2}",0,,
164056,96133,F3 La1,139,1,0,0,La1|F1,-,"p{x,y}|{xz,yz}",0,,
164620,29154,Hf1 O3 Sr1,221,1,0,0,Sr1|Hf1,-|5d,"e_g{z2,x2-y2}",0,,
165076,31865,Ca1 O3 Ti1,221,1,0,0,Ca1|Ti1,-|3d,"e_g{z2,x2-y2}",0,,
165120,165120,As2 Rh2 Sr1,139,1,0,0,Sr1,-,"p{x,y}|{xz,yz}",0,,
165164,55601,Al1 Fe1,221,1,0,0,Fe1|Al1,-|3d,"e_g{z2,x2-y2}",0,,
165165,55601,Al1 Fe1,221,1,0,0,Fe1|Al1,-|3d,"e_g{z2,x2-y2}",0,,
165206,165206,F6 Li1 Os1,148,0,0,1,Li1|Os1,-|5d,"p{x,y}|{xy,x2-y2}|{xz,yz}",0,,
165207,95777,F6 Ir1 Li1,148,0,0,1,Li1|Ir1,-|5d,"p{x,y}|{xy,x2-y2}|{xz,yz}",0,,
165208,165208,F6 Li1 Pt1,148,0,0,1,Li1|Pt1,-|5d,"p{x,y}|{xy,x2-y2}|{xz,yz}",0,,
165213,165206,F6 Li1 Os1,148,0,0,1,Li1|Os1,-|5d,"p{x,y}|{xy,x2-y2}|{xz,yz}",0,,
165214,165206,F6 Li1 Os1,148,0,0,1,Li1|Os1,-|5d,"p{x,y}|{xy,x2-y2}|{xz,yz}",0,,
165262,165262,I1 La2 Ni2,187,1,0,0,I1|Ni1|Ni2,-|3d,"p{x,y}|{xy,x2-y2}|{xz,yz}",0,,
165467,10354,H2 Li1 N1,82,0,0,1,Li1|Li2,-,"p{x,y}|{xz,yz}",0,,
165498,1610,O3 Pb1 Ti1,99,1,0,0,Pb1|Ti1|O1,-|3d,"p{x,y}|{xz,yz}",1,Pb,
165902,58063,Al1 Ni2 Ti1,225,1,0,0,Al1|Ti1,-|3d,"e_g{z2,x2-y2}",0,,
165988,165988,N1 Na3,221,1,1,0,N1,-,"e_g{z2,x2-y2}",0,,
165989,165989,N1 Na3,191,1,0,0,N1|Na1,-,"p{x,y}|{xy,x2-y2}|{xz,yz}",0,,
166016,166016,As2 Ca1 Fe2,139,1,0,0,Ca1,-,"p{x,y}|{xz,yz}",0,,
166225,27970,Ba1 O3 Ti1,221,1,0,0,Ba1|Ti1,-|3d,"e_g{z2,x2-y2}",0,,
166816,150701,Fe1 Mo1 O6 Sr2,87,1,1,0,Fe1|Mo1,3d|4d,"p{x,y}|{xz,yz}",0,,
166912,166912,C12 H36 Br2 P4 Tc1,121,0,0,1,Tc1,4d,"p{x,y}|{xz,yz}",0,,
167376,75588,Fe1 Na1 O2,166,1,0,0,Fe1|Na1,-|3d,"p{x,y}|{xy,x2-y2}|{xz,yz}",0,,
167377,75588,Fe1 Na1 O2,166,1,0,0,Fe1|Na1,-|3d,"p{x,y}|{xy,x2-y2}|{xz,yz}",0,,
167555,96133,F3 La1,139,1,0,0,La1|F2,-,"p{x,y}|{xz,yz}",0,,
167556,164054,F3 La1,225,0,0,1,La1|F2,-,"e_g{z2,x2-y2}",0,,
167655,105724,Pd3 Ti1,221,1,0,0,Ti1,3d,"e_g{z2,x2-y2}",0,,
167811,58201,Al3 V1,139,1,1,0,V1|Al1,-|3d,"p{x,y}|{xz,yz}",0,,
167834,167834,Ca1 Se1,216,1,0,0,Ca1|Se1,-,"e_g{z2,x2-y2}",0,,
167858,167858,Ag1 N1,225,1,0,0,Ag1|N1,-|4d,"e_g{z2,x2-y2}",0,,
168215,94215,Ba2 O6 Re1 Y1,225,1,0,0,Y1|Re1,4d|5d,"e_g{z2,x2-y2}",0,,
168216,94215,Ba2 O6 Re1 Y1,225,1,0,0,Y1|Re1,4d|5d,"e_g{z2,x2-y2}",0,,
168410,56160,C2 Ba1,139,1,0,0,Ba1,-,"p{x,y}|{xz,yz}",0,,
168448,60440,K2 Se1,225,1,1,0,Se1,-,"e_g{z2,x2-y2}",0,,
168463,151703,Mg1 O6 Sr2 W1,87,1,1,0,Mg1|W1,-|5d,"p{x,y}|{xz,yz}",0,,
168763,15453,Ba1 O3 Ti1,99,1,0,0,Ba1|Ti1|O1,-|3d,"p{x,y}|{xz,yz}",0,,
168792,10354,H2 Li1 N1,82,0,0,1,Li1|Li2,-,"p{x,y}|{xz,yz}",0,,
168793,10354,H2 Li1 N1,82,0,0,1,Li1|Li2,-,"p{x,y}|{xz,yz}",0,,
168810,168810,Bi2 O3,160,1,0,0,Bi2,-,"e_g{z2,x2-y2}|other:z+y|{xz,yz}",1,Bi,
168902,168902,Ca1 Mn1 O3,221,1,1,0,Ca1|Mn1,-|3d,"e_g{z2,x2-y2}",0,,
168903,168902,Ca1 Mn1 O3,221,1,1,0,Ca1|Mn1,-|3d,"e_g{z2,x2-y2}",0,,
168905,168902,Ca1 Mn1 O3,221,1,1,0,Ca1|Mn1,-|3d,"e_g{z2,x2-y2}",0,,
168953,168953,Re1 Ti2,164,1,0,0,Re1,5d,"p{x,y}|{xy,x2-y2}|{xz,yz}",0,,
169051,169051,H16 Mg7 V1,225,1,0,0,V1|Mg2,-|3d,"e_g{z2,x2-y2}",0,,
169052,169052,H16 Mg7 Nb1,225,1,0,0,Nb1|Mg2,-|4d,"e_g{z2,x2-y2}",0,,
169171,5391,C2 H30 Mg1 O18 S2,148,0,0,1,Mg1,-,"p{x,y}|{xy,x2-y2}|{xz,yz}",0,,
169377,94079,Fe1 Mo1 O6 Sr2,139,1,1,0,Mo1|Fe1,3d|4d,"p{x,y}|{xz,yz}",0,,
169396,169396,N1 Pd1,221,1,0,0,Pd1|N1,-|4d,"e_g{z2,x2-y2}",0,,
169407,169407,C1 Sc1,216,1,0,0,Sc1|C1,-|3d,"e_g{z2,x2-y2}",0,,
169468,169468,Co2 Ge1 Ti1,225,1,1,0,Ti1|Ge1,-|3d,"e_g{z2,x2-y2}",0,,
169469,169468,Co2 Ge1 Ti1,225,1,1,0,Ti1|Ge1,-|3d,"e_g{z2,x2-y2}",0,,
169548,55601,Al1 Fe1,221,1,0,0,Fe1|Al1,-|3d,"e_g{z2,x2-y2}",0,,
169549,55601,Al1 Fe1,221,1,0,0,Fe1|Al1,-|3d,"e_g{z2,x2-y2}",0,,
169731,169731,Co2 Ga1 Ni1,225,1,0,0,Ni1|Ga1,-|3d,"e_g{z2,x2-y2}",0,,
169766,169766,Cr1 Te1,216,1,0,0,Cr1|Te1,-|3d,"e_g{z2,x2-y2}",1,Te,Cr2+
169767,169767,Cr1 Te1,225,1,0,0,Cr1|Te1,-|3d,"e_g{z2,x2-y2}",1,Te,Cr2+
169980,169980,H1 Ni1 O2,156,1,0,0,Ni1|O1|O2|H1,-|3d,"p{x,y}|{xy,x2-y2}|{xz,yz}",1,,Ni3+
170772,90550,Al1 La1 O3,221,1,0,0,La1|Al1,-,"e_g{z2,x2-y2}",0,,
171172,160172,Ba2 O6 Ta1 Y1,225,1,0,0,Y1|Ta1,4d|5d,"e_g{z2,x2-y2}",0,,
171173,160172,Ba2 O6 Ta1 Y1,225,1,0,0,Y1|Ta1,4d|5d,"e_g{z2,x2-y2}",0,,
171174,160172,Ba2 O6 Ta1 Y1,225,1,0,0,Y1|Ta1,4d|5d,"e_g{z2,x2-y2}",0,,
171175,160172,Ba2 O6 Ta1 Y1,225,1,0,0,Y1|Ta1,4d|5d,"e_g{z2,x2-y2}",0,,
171236,171236,Br8 S9 Ta4,107,0,0,1,S1,-,"p{x,y}|{xz,yz}",0,,
171479,171479,Ba3 Mn1 Nb2 O9,164,1,0,0,Mn1|Ba2,-|3d,"p{x,y}|{xy,x2-y2}|{xz,yz}",0,,
171813,171813,F3 Mg1 Na1,221,1,0,0,Na1|Mg1,-,"e_g{z2,x2-y2}",0,,
171988,171988,Ba2 Ca1 O6 Os1,225,1,0,0,Ca1|Os1,-|5d,"e_g{z2,x2-y2}",0,,
171989,171988,Ba2 Ca1 O6 Os1,225,1,0,0,Ca1|Os1,-|5d,"e_g{z2,x2-y2}",0,,
172166,99698,Ba2 In1 Nb1 O6,225,1,0,0,In1|Nb1,-|4d,"e_g{z2,x2-y2}",0,,
172212,150701,Fe1 Mo1 O6 Sr2,87,1,1,0,Fe1|Mo1,3d|4d,"p{x,y}|{xz,yz}",0,,
172330,172330,Ga1 O6 Sr2 Ta1,87,1,0,0,Ga1|Ta1,-|5d,"p{x,y}|{xz,yz}",0,,
172377,172377,H12 Cs1 Fe1 O10 P1,216,0,0,1,Fe1|Cs1|P1,-|3d,"e_g{z2,x2-y2}",0,,
172595,172595,Cl1 N1 Sr2,166,1,0,0,N1|Cl1,-,"p{x,y}|{xy,x2-y2}|{xz,yz}",0,,
172596,172595,Cl1 N1 Sr2,166,1,0,0,N1|Cl1,-,"p{x,y}|{xy,x2-y2}|{xz,yz}",0,,
172600,172600,Br1 N1 Sr2,166,1,0,0,N1|Br1,-,"p{x,y}|{xy,x2-y2}|{xz,yz}",0,,
172601,172600,Br1 N1 Sr2,166,1,0,0,N1|Br1,-,"p{x,y}|{xy,x2-y2}|{xz,yz}",0,,
173179,10354,H2 Li1 N1,82,0,0,1,Li1|Li2,-,"p{x,y}|{xz,yz}",0,,
173434,173434,Fe1 O2 Sr1,123,1,0,0,Sr1|Fe1,-|3d,"p{x,y}|{xz,yz}",0,,
173438,173438,Ca1 Fe1 O2,123,1,0,0,Ca1|Fe1,-|3d,"p{x,y}|{xz,yz}",0,,
173487,173487,Ni1 O6 Re1 Sr2,87,1,0,0,Ni1|Re1,3d|5d,"p{x,y}|{xz,yz}",0,,
173488,173488,Co1 O6 Re1 Sr2,87,1,1,0,Co1|Re1,3d|5d,"p{x,y}|{xz,yz}",0,,
173490,173487,Ni1 O6 Re1 Sr2,87,1,0,0,Ni1|Re1,3d|5d,"p{x,y}|{xz,yz}",0,,
173552,173552,C6 Ag3 Fe1 N6,162,1,0,0,Fe1,3d,"p{x,y}|{xy,x2-y2}|{xz,yz}",0,,
173553,173552,C6 Ag3 Fe1 N6,162,1,0,0,Fe1,3d,"p{x,y}|{xy,x2-y2}|{xz,yz}",0,,
173760,5435,Co3 S2 Sn2,166,1,1,0,Sn1|Sn2,-,"p{x,y}|{xy,x2-y2}|{xz,yz}",1,Sn,
173761,5435,Co3 S2 Sn2,166,1,1,0,Sn1|Sn2,-,"p{x,y}|{xy,x2-y2}|{xz,yz}",1,Sn,
173762,5435,Co3 S2 Sn2,166,1,1,0,Sn1|Sn2,-,"p{x,y}|{xy,x2-y2}|{xz,yz}",1,Sn,
173763,5435,Co3 S2 Sn2,166,1,1,0,Sn1|Sn2,-,"p{x,y}|{xy,x2-y2}|{xz,yz}",1,Sn,
173764,5435,Co3 S2 Sn2,166,1,1,0,Sn1|Sn2,-,"p{x,y}|{xy,x2-y2}|{xz,yz}",1,Sn,
173842,173842,Ba1 O8 P2 Zr1,164,1,0,0,Ba1|Zr1,-|4d,"p{x,y}|{xy,x2-y2}|{xz,yz}",0,,
174027,53059,Co1 O1,139,1,0,0,Co1|O1,-|3d,"p{x,y}|{xz,yz}",0,,
174238,174238,H12 Li3 O10 V1,146,0,0,1,V1|O2,-|3d,"p{x,y}|{xy,x2-y2}|{xz,yz}",0,,
174289,174289,Ba2 Bi1 Ir1 O6,225,1,0,0,Bi1|Ir1,-|5d,"e_g{z2,x2-y2}",1,Bi,
174342,174342,Al2 B1 La1 Ru2,123,1,0,0,La1|B1,-,"p{x,y}|{xz,yz}",0,,
174489,26861,S2 Ti1,164,1,0,0,Ti1,3d,"p{x,y}|{xy,x2-y2}|{xz,yz}",0,,
180138,27049,Ba1 O3 Sn1,221,1,0,0,Ba1|Sn1,-,"e_g{z2,x2-y2}",1,Sn,
180457,180457,C1 Ni1,225,1,0,0,Ni1|C1,-|3d,"e_g{z2,x2-y2}",0,,
180563,38138,K1 O2,139,1,0,0,K1,-,"p{x,y}|{xz,yz}",0,,
180564,180564,O2 Rb1,139,1,0,0,Rb1,-,"p{x,y}|{xz,yz}",0,,
180570,60435,Na2 O1,225,1,0,0,O1,-,"e_g{z2,x2-y2}",0,,
180950,5270,F2 Pb1,225,1,0,0,Pb1,-,"e_g{z2,x2-y2}",1,Pb,
180951,5270,F2 Pb1,225,1,0,0,Pb1,-,"e_g{z2,x2-y2}",1,Pb,
180952,5270,F2 Pb1,225,1,0,0,Pb1,-,"e_g{z2,x2-y2}",1,Pb,
180953,5270,F2 Pb1,225,1,0,0,Pb1,-,"e_g{z2,x2-y2}",1,Pb,
180972,27856,Fe1 O1,225,1,0,0,Fe1|O1,-|3d,"e_g{z2,x2-y2}",0,,
180973,27856,Fe1 O1,225,1,0,0,Fe1|O1,-|3d,"e_g{z2,x2-y2}",0,,
180974,27856,Fe1 O1,225,1,0,0,Fe1|O1,-|3d,"e_g{z2,x2-y2}",0,,
181056,169766,Cr1 Te1,216,1,0,0,Cr1|Te1,-|3d,"e_g{z2,x2-y2}",1,Te,Cr2+
181086,56095,Ca1 O3 Sn1,221,1,0,0,Ca1|Sn1,-,"e_g{z2,x2-y2}",1,Sn,
181087,56095,Ca1 O3 Sn1,221,1,0,0,Ca1|Sn1,-,"e_g{z2,x2-y2}",1,Sn,
181089,27047,O3 Sn1 Sr1,221,1,0,0,Sr1|Sn1,-,"e_g{z2,x2-y2}",1,Sn,
181091,27049,Ba1 O3 Sn1,221,1,0,0,Ba1|Sn1,-,"e_g{z2,x2-y2}",1,Sn,
181115,158759,Bi1 O3 Sc1,221,1,0,0,Bi1|Sc1,-|3d,"e_g{z2,x2-y2}",1,Bi,
181116,158759,Bi1 O3 Sc1,221,1,0,0,Bi1|Sc1,-|3d,"e_g{z2,x2-y2}",1,Bi,
181117,158759,Bi1 O3 Sc1,221,1,0,0,Bi1|Sc1,-|3d,"e_g{z2,x2-y2}",1,Bi,
181118,158759,Bi1 O3 Sc1,221,1,0,0,Bi1|Sc1,-|3d,"e_g{z2,x2-y2}",1,Bi,
181119,158759,Bi1 O3 Sc1,221,1,0,0,Bi1|Sc1,-|3d,"e_g{z2,x2-y2}",1,Bi,
181120,158759,Bi1 O3 Sc1,221,1,0,0,Bi1|Sc1,-|3d,"e_g{z2,x2-y2}",1,Bi,
181185,41787,B2 Co2 La1,139,1,1,0,La1,-,"p{x,y}|{xz,yz}",0,,
181289,181289,Ru1 Zr1,221,1,0,0,Zr1|Ru1,4d,"e_g{z2,x2-y2}",0,,
181324,181324,Mn1 Te1,216,1,0,0,Mn1|Te1,-|3d,"e_g{z2,x2-y2}",1,Te,
181500,26861,S2 Ti1,164,1,0,0,Ti1,3d,"p{x,y}|{xy,x2-y2}|{xz,yz}",0,,
181557,5270,F2 Pb1,225,1,0,0,Pb1,-,"e_g{z2,x2-y2}",1,Pb,
181650,181650,Ga3 Nb1 O14 Si2 Sr3,150,1,0,0,Nb1,4d,"p{x,y}|{xy,x2-y2}|{xz,yz}",0,,
181720,103582,Fe1 Pd3,221,1,0,0,Fe1,3d,"e_g{z2,x2-y2}",0,,
181750,181750,Cr1 O6 Sr2 Zr1,225,1,0,0,Cr1|Zr1,3d|4d,"e_g{z2,x2-y2}",0,,
181751,181751,Mn1 Nb1 O6 Sr2,225,1,0,0,Mn1|Nb1,3d|4d,"e_g{z2,x2-y2}",1,,Mn3+
181752,157603,Fe1 Mo1 O6 Sr2,225,1,1,0,Fe1|Mo1,3d|4d,"e_g{z2,x2-y2}",0,,
181768,44667,Ir2 Si2 Y1,139,1,0,0,Y1,4d,"p{x,y}|{xz,yz}",0,,
181769,44667,Ir2 Si2 Y1,139,1,0,0,Y1,4d,"p{x,y}|{xz,yz}",0,,
181782,168902,Ca1 Mn1 O3,221,1,1,0,Ca1|Mn1,-|3d,"e_g{z2,x2-y2}",0,,
182001,182001,Mn1 O6 Pb2 Re1,225,1,0,0,Mn1|Re1,3d|5d,"e_g{z2,x2-y2}",1,Pb,
182051,182051,Ca2 Ge1 O4,164,1,1,0,Ca2|Ca3,-,"p{x,y}|{xy,x2-y2}|{xz,yz}",0,,
182052,182052,Ca2 O4 Si1,164,1,1,0,Ca2|Ca3,-,"p{x,y}|{xy,x2-y2}|{xz,yz}",0,,
182276,182276,As2 Ca1 Fe2,139,1,0,0,Ca1,-,"p{x,y}|{xz,yz}",0,,
182277,166016,As2 Ca1 Fe2,139,1,0,0,Ca1,-,"p{x,y}|{xz,yz}",0,,
182278,166016,As2 Ca1 Fe2,139,1,0,0,Ca1,-,"p{x,y}|{xz,yz}",0,,
182279,166016,As2 Ca1 Fe2,139,1,0,0,Ca1,-,"p{x,y}|{xz,yz}",0,,
182352,182352,N3 O1 Ta2,191,1,0,0,O1,-,"p{x,y}|{xy,x2-y2}|{xz,yz}",0,,
182353,182353,F1 N3 Ta2,191,1,0,0,F1,-,"p{x,y}|{xy,x2-y2}|{xz,yz}",0,,
182360,163382,O1 Zn1,221,1,0,0,Zn1|O1,-|3d,"e_g{z2,x2-y2}",0,,
182470,10354,H2 Li1 N1,82,0,0,1,Li1|Li3,-,"p{x,y}|{xz,yz}",0,,
182471,10354,H2 Li1 N1,82,0,0,1,Li1|Li3,-,"p{x,y}|{xz,yz}",0,,
182484,182484,Cr1 Ni1 Sb1,216,1,0,0,Ni1|Cr1|Sb1,-|3d,"e_g{z2,x2-y2}",1,Sb,
182485,54255,Mn1 Ni1 Sb1,216,1,1,0,Ni1|Mn1|Sb1,-|3d,"e_g{z2,x2-y2}",1,Sb,
182507,44385,Rh1 Si1,221,1,0,0,Rh1|Si1,-|4d,"e_g{z2,x2-y2}",0,,
182513,54245,La1 Ni5,191,1,1,0,La1,-,"p{x,y}|{xy,x2-y2}|{xz,yz}",0,,
182572,41787,B2 Co2 La1,139,1,1,0,La1,-,"p{x,y}|{xz,yz}",0,,
182573,41787,B2 Co2 La1,139,1,1,0,La1,-,"p{x,y}|{xz,yz}",0,,
182734,182734,H4 B1 Na1,215,1,0,0,Na1|B1,-,"e_g{z2,x2-y2}",0,,
182742,60441,K2 Te1,225,1,1,0,Te1,-,"e_g{z2,x2-y2}",1,Te,
182743,55115,Rb2 Te1,225,1,0,0,Te1,-,"e_g{z2,x2-y2}",1,Te,
182829,182829,Mn2 Ru1 Sn1,216,1,0,0,Mn1|Mn2|Ru1|Sn1,-|3d|4d,"e_g{z2,x2-y2}",1,Sn,
182830,182830,Mn2 Ru1 Si1,216,1,0,0,Mn1|Mn2|Ru1|Si1,-|3d|4d,"e_g{z2,x2-y2}",0,,
182837,67370,Co2 K1 Se2,139,1,0,0,K1,-,"p{x,y}|{xz,yz}",0,,
182838,67370,Co2 K1 Se2,139,1,0,0,K1,-,"p{x,y}|{xz,yz}",0,,
182948,9866,Ni1 O1,225,1,0,0,Ni1|O1,-|3d,"e_g{z2,x2-y2}",0,,
183043,160708,Co1 Mn2 Sn1,216,1,0,0,Mn1|Mn2|Co1|Sn1,-|3d,"e_g{z2,x2-y2}",1,Sn,
183095,107033,Mg1 Ni4 Y1,216,1,1,0,Y1|Mg1,-|4d,"e_g{z2,x2-y2}",0,,
183110,51894,Ca1 Cu3 O12 Ru4,204,1,0,0,Ca1,-,"e_g{z2,x2-y2}",1,,Cu2+
183160,183160,C1 Y1,216,1,0,0,Y1|C1,-|4d,"e_g{z2,x2-y2}",0,,
183162,183162,C1 Zr1,216,1,0,0,Zr1|C1,-|4d,"e_g{z2,x2-y2}",0,,
183180,161077,N1 Y1,216,1,0,0,Y1|N1,-|4d,"e_g{z2,x2-y2}",0,,
183195,167858,Ag1 N1,225,1,0,0,Ag1|N1,-|4d,"e_g{z2,x2-y2}",0,,
183242,183242,Pb1 S1,221,1,0,0,Pb1|S1,-,"e_g{z2,x2-y2}",1,Pb,
183383,54245,La1 Ni5,191,1,1,0,La1,-,"p{x,y}|{xy,x2-y2}|{xz,yz}",0,,
183385,183385,La1 Ni3 Rh2,191,1,0,0,La1,-,"p{x,y}|{xy,x2-y2}|{xz,yz}",0,,
183408,108651,O3 W1,221,1,1,0,W1,5d,"e_g{z2,x2-y2}",0,,
183453,109076,O3 Sr1 Tc1,221,1,1,0,Sr1|Tc1,-|4d,"e_g{z2,x2-y2}",0,,
183771,24982,Ba2 Mg1 O6 W1,225,1,0,0,Mg1|W1,-|5d,"e_g{z2,x2-y2}",0,,
183837,26735,K2 S1,225,1,1,0,S1,-,"e_g{z2,x2-y2}",0,,
183914,183914,Ca1 F6 Si1,148,0,0,1,Ca1|Si1,-,"p{x,y}|{xy,x2-y2}|{xz,yz}",0,,
183932,15453,Ba1 O3 Ti1,99,1,0,0,Ba1|Ti1|O1,-|3d,"p{x,y}|{xz,yz}",0,,
184078,77142,Co1 O3 Sr1,221,1,0,0,Sr1|Co1,-|3d,"e_g{z2,x2-y2}",0,,
184164,107420,La1 Mg1 Ni4,216,1,1,0,La1|Mg1,-,"e_g{z2,x2-y2}",0,,
184279,1303,Ca1 Cu3 Ge4 O12,204,0,0,1,Ca1,-,"e_g{z2,x2-y2}",1,,Cu2+
184281,162100,Ca1 Cu3 O12 Sn4,204,0,0,1,Ca1,-,"e_g{z2,x2-y2}",1,Sn,Cu2+
184338,27049,Ba1 O3 Sn1,221,1,0,0,Ba1|Sn1,-,"e_g{z2,x2-y2}",1,Sn,
184375,184375,Fe1 N1,225,1,0,0,Fe1|N1,-|3d,"e_g{z2,x2-y2}",0,,
184376,41258,Fe1 N1,216,1,0,0,Fe1|N1,-|3d,"e_g{z2,x2-y2}",0,,
184378,79936,Co1 N1,216,1,0,0,Co1|N1,-|3d,"e_g{z2,x2-y2}",0,,
184446,57654,Al1 Cr1 Fe2,225,1,1,0,Al1|Cr1,-|3d,"e_g{z2,x2-y2}",0,,
184448,102755,Cr1 Fe2 Ga1,225,1,1,0,Ga1|Cr1,-|3d,"e_g{z2,x2-y2}",0,,
184455,23076,O3 Sr1 Ti1,221,1,0,0,Sr1|Ti1,-|3d,"e_g{z2,x2-y2}",0,,
184467,26676,Cr1 Cu1 O2,166,1,0,0,Cu1|Cr1,3d,"p{x,y}|{xy,x2-y2}|{xz,yz}",0,,
184497,184497,Te1 Zn1,225,1,0,0,Zn1|Te1,-|3d,"e_g{z2,x2-y2}",1,Te,
184562,184562,As1 F6 Na1,148,0,0,1,As1|Na1,-,"p{x,y}|{xy,x2-y2}|{xz,yz}",0,,
184563,184562,As1 F6 Na1,148,0,0,1,As1|Na1,-,"p{x,y}|{xy,x2-y2}|{xz,yz}",0,,
184564,184564,As1 F6 Na1,225,0,0,1,As1|Na1,-,"e_g{z2,x2-y2}",0,,
184565,184564,As1 F6 Na1,225,0,0,1,As1|Na1,-,"e_g{z2,x2-y2}",0,,
184626,9866,Ni1 O1,225,1,0,0,Ni1|O1,-|3d,"e_g{z2,x2-y2}",0,,
184791,29154,Hf1 O3 Sr1,221,1,0,0,Sr1|Hf1,-|5d,"e_g{z2,x2-y2}",0,,
184905,103699,Fe5 Y1,191,1,0,0,Y1,4d,"p{x,y}|{xy,x2-y2}|{xz,yz}",0,,
184909,96688,Ba2 Fe1 Mo1 O6,225,1,1,0,Fe1|Mo1,3d|4d,"e_g{z2,x2-y2}",0,,
184910,97028,Ba2 Co1 Mo1 O6,225,1,1,0,Co1|Mo1,3d|4d,"e_g{z2,x2-y2}",0,,
184911,94079,Fe1 Mo1 O6 Sr2,139,1,1,0,Fe1|Mo1,3d|4d,"p{x,y}|{xz,yz}",0,,
184918,9866,Ni1 O1,225,1,0,0,Ni1|O1,-|3d,"e_g{z2,x2-y2}",0,,
184921,23076,O3 Sr1 Ti1,221,1,0,0,Sr1|Ti1,-|3d,"e_g{z2,x2-y2}",0,,
184922,39673,K1 O3 Ta1,221,1,0,0,K1|Ta1,-|5d,"e_g{z2,x2-y2}",0,,
184925,184925,As1 Mn1,216,1,0,0,Mn1|As1,-|3d,"e_g{z2,x2-y2}",1,,Mn3+
185106,185106,Cd1 Ni4 Sc1,216,1,1,0,Sc1|Cd1,3d|4d,"e_g{z2,x2-y2}",0,,
185374,27970,Ba1 O3 Ti1,221,1,0,0,Ba1|Ti1,-|3d,"e_g{z2,x2-y2}",0,,
185407,15453,Ba1 O3 Ti1,99,1,0,0,Ba1|Ti1|O1,-|3d,"p{x,y}|{xz,yz}",0,,
185488,185488,C12 H36 Cl2 P4 W1,121,0,0,1,W1,5d,"p{x,y}|{xz,yz}",0,,
185489,185489,C12 H36 Cl2 Mo1 P4,121,0,0,1,Mo1,4d,"p{x,y}|{xz,yz}",0,,
185555,167858,Ag1 N1,225,1,0,0,Ag1|N1,-|4d,"e_g{z2,x2-y2}",0,,
185615,27049,Ba1 O3 Sn1,221,1,0,0,Ba1|Sn1,-,"e_g{z2,x2-y2}",1,Sn,
185625,59435,In1 Ni1,191,1,1,0,In1,-,"p{x,y}|{xy,x2-y2}|{xz,yz}",0,,
185637,105724,Pd3 Ti1,221,1,0,0,Ti1,3d,"e_g{z2,x2-y2}",0,,
185664,185664,Co1 In1 Ti2,216,1,0,0,Ti1|Ti2|Co1|In1,-|3d,"e_g{z2,x2-y2}",0,,
185693,185693,Ge1 O3 Pb1,221,1,0,0,Pb1|Ge1,-,"e_g{z2,x2-y2}",1,Pb,
185694,185693,Ge1 O3 Pb1,221,1,0,0,Pb1|Ge1,-,"e_g{z2,x2-y2}",1,Pb,
185695,185693,Ge1 O3 Pb1,221,1,0,0,Pb1|Ge1,-,"e_g{z2,x2-y2}",1,Pb,
185696,185693,Ge1 O3 Pb1,221,1,0,0,Pb1|Ge1,-,"e_g{z2,x2-y2}",1,Pb,
185697,185693,Ge1 O3 Pb1,221,1,0,0,Pb1|Ge1,-,"e_g{z2,x2-y2}",1,Pb,
185698,185693,Ge1 O3 Pb1,221,1,0,0,Pb1|Ge1,-,"e_g{z2,x2-y2}",1,Pb,
185699,185693,Ge1 O3 Pb1,221,1,0,0,Pb1|Ge1,-,"e_g{z2,x2-y2}",1,Pb,
185700,185693,Ge1 O3 Pb1,221,1,0,0,Pb1|Ge1,-,"e_g{z2,x2-y2}",1,Pb,
185701,185693,Ge1 O3 Pb1,221,1,0,0,Pb1|Ge1,-,"e_g{z2,x2-y2}",1,Pb,
185847,24983,Ba2 O6 W1 Zn1,225,1,0,0,W1|Zn1,3d|5d,"e_g{z2,x2-y2}",0,,
185882,185882,Al1 Ti2 Zn1,216,1,0,0,Ti1|Ti2|Zn1|Al1,-|3d,"e_g{z2,x2-y2}",0,,
185893,58038,Al1 Ni3,221,1,1,0,Al1,-,"e_g{z2,x2-y2}",0,,
185936,185936,Co2 Fe1 Ge1,225,1,0,0,Fe1|Ge1,-|3d,"e_g{z2,x2-y2}",0,,
185944,103142,Cu1 Y1,221,1,0,0,Y1|Cu1,3d|4d,"e_g{z2,x2-y2}",0,,
185966,185966,Al1 Co2 Ti1,225,1,1,0,Ti1|Al1,-|3d,"e_g{z2,x2-y2}",0,,
185969,53080,Co2 Si1 Ti1,225,1,1,0,Ti1|Si1,-|3d,"e_g{z2,x2-y2}",0,,
185999,185999,Cr1 Fe2 Sn1,225,1,1,0,Cr1|Sn1,-|3d,"e_g{z2,x2-y2}",1,Sn,
186000,58015,Al3 Nb1,139,1,0,0,Al1|Nb1,-|4d,"p{x,y}|{xz,yz}",0,,
186027,33571,Cu1 O6 Sr2 W1,87,1,0,0,Cu1|W1,3d|5d,"p{x,y}|{xz,yz}",1,,Cu2+
186038,186038,Cu1 Mo1 O6 Sr2,87,1,0,0,Cu1|Mo1,3d|4d,"p{x,y}|{xz,yz}",1,,Cu2+
186056,186056,Fe2 In1 Ti1,225,1,0,0,Ti1|In1,-|3d,"e_g{z2,x2-y2}",0,,
186057,186057,Fe2 Ge1 Ti1,225,1,1,0,Ti1|Ge1,-|3d,"e_g{z2,x2-y2}",0,,
186058,103641,Fe2 Sn1 Ti1,225,1,1,0,Ti1|Sn1,-|3d,"e_g{z2,x2-y2}",1,Sn,
186059,186059,As1 Fe2 Ti1,225,1,1,0,Ti1|As1,-|3d,"e_g{z2,x2-y2}",0,,
186060,186060,Fe2 Sb1 Ti1,225,1,1,0,Ti1|Sb1,-|3d,"e_g{z2,x2-y2}",1,Sb,
186404,58080,Al1 Ni1 Zr1,189,1,0,0,Ni1,3d,"p{x,y}|{xy,x2-y2}|{xz,yz}",0,,
186437,27970,Ba1 O3 Ti1,221,1,0,0,Ba1|Ti1,-|3d,"e_g{z2,x2-y2}",0,,
186457,15453,Ba1 O3 Ti1,99,1,0,0,Ba1|Ti1|O1,-|3d,"p{x,y}|{xz,yz}",0,,
186458,15453,Ba1 O3 Ti1,99,1,0,0,Ba1|Ti1|O1,-|3d,"p{x,y}|{xz,yz}",0,,
186459,15453,Ba1 O3 Ti1,99,1,0,0,Ba1|Ti1|O1,-|3d,"p{x,y}|{xz,yz}",0,,
186572,186572,Fe2 K1 S2,139,1,0,0,K1,-,"p{x,y}|{xz,yz}",0,,
186575,56160,C2 Ba1,139,1,0,0,Ba1,-,"p{x,y}|{xz,yz}",0,,
186725,23076,O3 Sr1 Ti1,221,1,0,0,Sr1|Ti1,-|3d,"e_g{z2,x2-y2}",0,,
186727,1610,O3 Pb1 Ti1,99,1,0,0,Pb1|Ti1|O1,-|3d,"p{x,y}|{xz,yz}",1,Pb,
186801,162766,Bi2 O6 Ti1 Zn1,99,1,0,0,Bi1|Bi2|Zn1|Ti1|O3|O4,-|3d,"p{x,y}|{xz,yz}",1,Bi,
186830,186830,Co1 Fe1 Ga1 Mn1,216,1,0,0,Ga1|Fe1|Mn1|Co1,-|3d,"e_g{z2,x2-y2}",0,,
186831,186831,Co1 Fe1 Ge1 Mn1,216,1,0,0,Ge1|Fe1|Mn1|Co1,-|3d,"e_g{z2,x2-y2}",0,,
186838,186838,Cr1 O2,225,1,0,0,Cr1,3d,"e_g{z2,x2-y2}",0,,
186883,186883,F6 K2 Na1 V1,225,0,0,1,V1|Na1,-|3d,"e_g{z2,x2-y2}",0,,
186895,23076,O3 Sr1 Ti1,221,1,0,0,Sr1|Ti1,-|3d,"e_g{z2,x2-y2}",0,,
186899,27049,Ba1 O3 Sn1,221,1,0,0,Ba1|Sn1,-,"e_g{z2,x2-y2}",1,Sn,
187082,20223,Al3 B4 O12 Y1,155,1,0,0,Y1|B1,-|4d,"p{x,y}|{xy,x2-y2}|{xz,yz}",0,,
187255,187255,Mg1 Ni1,123,1,0,0,Mg1|Ni1,-|3d,"p{x,y}|{xz,yz}",0,,
187256,187256,Mg1 Ni1,221,1,0,0,Mg1|Ni1,-|3d,"e_g{z2,x2-y2}",0,,
187257,187257,H1 Mg1 Ni1,123,1,0,0,Mg1|Ni1|H1,-|3d,"p{x,y}|{xz,yz}",0,,
187291,27970,Ba1 O3 Ti1,221,1,0,0,Ba1|Ti1,-|3d,"e_g{z2,x2-y2}",0,,
187292,27965,Ba1 O3 Ti1,123,1,0,0,Ba1|Ti1|O1,-|3d,"p{x,y}|{xz,yz}",0,,
187293,31865,Ca1 O3 Ti1,221,1,0,0,Ca1|Ti1,-|3d,"e_g{z2,x2-y2}",0,,
187295,153406,O3 Pb1 Ti1,221,1,0,0,Pb1|Ti1,-|3d,"e_g{z2,x2-y2}",1,Pb,
187296,23076,O3 Sr1 Ti1,221,1,0,0,Sr1|Ti1,-|3d,"e_g{z2,x2-y2}",0,,
187480,23076,O3 Sr1 Ti1,221,1,0,0,Sr1|Ti1,-|3d,"e_g{z2,x2-y2}",0,,
187481,27046,O3 Sr1 Zr1,221,1,0,0,Sr1|Zr1,-|4d,"e_g{z2,x2-y2}",0,,
187484,69360,O3 Ru1 Sr1,221,1,1,0,Sr1|Ru1,-|4d,"e_g{z2,x2-y2}",0,,
187492,187492,Fe1 Ga1 Ni2,225,1,0,0,Ga1|Fe1,-|3d,"e_g{z2,x2-y2}",0,,
187505,153406,O3 Pb1 Ti1,221,1,0,0,Pb1|Ti1,-|3d,"e_g{z2,x2-y2}",1,Pb,
187619,23076,O3 Sr1 Ti1,221,1,0,0,Sr1|Ti1,-|3d,"e_g{z2,x2-y2}",0,,
187637,187637,O3 Pb1 V1,221,1,1,0,Pb1|V1,-|3d,"e_g{z2,x2-y2}",1,Pb,
187662,187662,Mg1 Mo1 O6 Sr2,87,1,1,0,Mg1|Mo1,-|4d,"p{x,y}|{xz,yz}",0,,
187669,187669,Mn1 Mo1 O6 Sr2,87,1,1,0,Mn1|Mo1,3d|4d,"p{x,y}|{xz,yz}",0,,
187705,75588,Fe1 Na1 O2,166,1,0,0,Fe1|Na1,-|3d,"p{x,y}|{xy,x2-y2}|{xz,yz}",0,,
187963,187963,Co3 W1,221,1,1,0,W1,5d,"e_g{z2,x2-y2}",0,,
187964,97992,Co3 Ti1,221,1,0,0,Ti1,3d,"e_g{z2,x2-y2}",0,,
187965,187965,Co3 V1,221,1,0,0,V1,3d,"e_g{z2,x2-y2}",0,,
187966,187966,Co3 Nb1,221,1,0,0,Nb1,4d,"e_g{z2,x2-y2}",0,,
187967,102689,Co3 Ta1,221,1,0,0,Ta1,5d,"e_g{z2,x2-y2}",0,,
187969,187969,Co3 Mo1,221,1,1,0,Mo1,4d,"e_g{z2,x2-y2}",0,,
187973,57596,Al1 Co1,221,1,0,0,Co1|Al1,-|3d,"e_g{z2,x2-y2}",0,,
187975,102705,Co1 Ti1,221,1,0,0,Co1|Ti1,3d,"e_g{z2,x2-y2}",0,,
187981,187981,Co1 Mn1,221,1,0,0,Co1|Mn1,3d,"e_g{z2,x2-y2}",0,,
187982,56273,Co1 Fe1,221,1,0,0,Co1|Fe1,3d,"e_g{z2,x2-y2}",0,,
187983,187983,Co1 Ni1,221,1,0,0,Co1|Ni1,3d,"e_g{z2,x2-y2}",0,,
187984,97992,Co3 Ti1,221,1,0,0,Ti1,3d,"e_g{z2,x2-y2}",0,,
187985,102689,Co3 Ta1,221,1,0,0,Ta1,5d,"e_g{z2,x2-y2}",0,,
187987,187963,Co3 W1,221,1,1,0,W1,5d,"e_g{z2,x2-y2}",0,,
187988,187965,Co3 V1,221,1,0,0,V1,3d,"e_g{z2,x2-y2}",0,,
187989,58038,Al1 Ni3,221,1,1,0,Al1,-,"e_g{z2,x2-y2}",0,,
188056,188056,Al2 Ba1 O8 Si2,147,1,0,0,Ba1,-,"p{x,y}|{xy,x2-y2}|{xz,yz}",0,,
188149,27049,Ba1 O3 Sn1,221,1,0,0,Ba1|Sn1,-,"e_g{z2,x2-y2}",1,Sn,
188326,44667,Ir2 Si2 Y1,139,1,0,0,Y1,4d,"p{x,y}|{xz,yz}",0,,
188397,57643,Al1 Co2 V1,225,1,0,0,V1|Al1,-|3d,"e_g{z2,x2-y2}",0,,
188401,29119,La1 Mn1 O3,221,1,1,0,La1|Mn1,-|3d,"e_g{z2,x2-y2}",1,,Mn3+
188415,188415,Mn1 O3 Sr1,221,1,1,0,Sr1|Mn1,-|3d,"e_g{z2,x2-y2}",0,,
188448,27046,O3 Sr1 Zr1,221,1,0,0,Zr1|Sr1,-|4d,"e_g{z2,x2-y2}",0,,
188449,188449,O3 Sr1 Zr1,99,1,0,0,Zr1|Sr1|O1,-|4d,"p{x,y}|{xz,yz}",0,,
188466,188466,Bi1 Fe1 O3,99,1,0,0,Bi1|Fe1|O2,-|3d,"p{x,y}|{xz,yz}",1,Bi,
188467,188466,Bi1 Fe1 O3,99,1,0,0,Bi1|Fe1|O2,-|3d,"p{x,y}|{xz,yz}",1,Bi,
188644,15453,Ba1 O3 Ti1,99,1,0,0,Ba1|Ti1|O1,-|3d,"p{x,y}|{xz,yz}",0,,
189047,26676,Cr1 Cu1 O2,166,1,0,0,Cu1|Cr1,3d,"p{x,y}|{xy,x2-y2}|{xz,yz}",0,,
189086,169407,C1 Sc1,216,1,0,0,Sc1|C1,-|3d,"e_g{z2,x2-y2}",0,,
189111,96139,Fe1 Ti1,221,1,0,0,Ti1|Fe1,3d,"e_g{z2,x2-y2}",0,,
189112,96139,Fe1 Ti1,221,1,0,0,Ti1|Fe1,3d,"e_g{z2,x2-y2}",0,,
189201,54985,Ni5 Zr1,216,1,1,0,Zr1|Ni1,3d|4d,"e_g{z2,x2-y2}",0,,
189222,53080,Co2 Si1 Ti1,225,1,1,0,Ti1|Si1,-|3d,"e_g{z2,x2-y2}",0,,
189225,102705,Co1 Ti1,221,1,0,0,Co1|Ti1,3d,"e_g{z2,x2-y2}",0,,
189352,54245,La1 Ni5,191,1,1,0,La1,-,"p{x,y}|{xy,x2-y2}|{xz,yz}",0,,
189367,15423,F3 K1 Mn1,221,1,1,0,K1|Mn1,-|3d,"e_g{z2,x2-y2}",0,,
189368,15246,Co1 F3 K1,221,1,0,0,K1|Co1,-|3d,"e_g{z2,x2-y2}",0,,
189381,15453,Ba1 O3 Ti1,99,1,0,0,Ba1|Ti1|O1,-|3d,"p{x,y}|{xz,yz}",0,,
189825,189825,Li1 S2 Ti1,166,1,0,0,Ti1|Li1,-|3d,"p{x,y}|{xy,x2-y2}|{xz,yz}",0,,
189826,189825,Li1 S2 Ti1,166,1,0,0,Ti1|Li1,-|3d,"p{x,y}|{xy,x2-y2}|{xz,yz}",0,,
189944,102737,Co1 Zr1,221,1,0,0,Zr1|Co1,3d|4d,"e_g{z2,x2-y2}",0,,
190131,102687,Co2 Sn1 Zr1,225,1,1,0,Zr1|Sn1,-|4d,"e_g{z2,x2-y2}",1,Sn,
190591,91791,Ni1 O6 Sr2 W1,87,1,1,0,W1|Ni1,3d|5d,"p{x,y}|{xz,yz}",0,,
190593,190593,Co1 O6 Sr2 W1,87,1,1,0,W1|Co1,3d|5d,"p{x,y}|{xz,yz}",0,,
190594,33571,Cu1 O6 Sr2 W1,87,1,0,0,W1|Cu1,3d|5d,"p{x,y}|{xz,yz}",1,,Cu2+
190601,27049,Ba1 O3 Sn1,221,1,0,0,Ba1|Sn1,-,"e_g{z2,x2-y2}",1,Sn,
190613,96688,Ba2 Fe1 Mo1 O6,225,1,1,0,Fe1|Mo1,3d|4d,"e_g{z2,x2-y2}",0,,
190614,96688,Ba2 Fe1 Mo1 O6,225,1,1,0,Fe1|Mo1,3d|4d,"e_g{z2,x2-y2}",0,,
190615,102554,Co2 Nb1 Sn1,225,1,0,0,Nb1|Sn1,-|4d,"e_g{z2,x2-y2}",1,Sn,
190624,161077,N1 Y1,216,1,0,0,Y1|N1,-|4d,"e_g{z2,x2-y2}",0,,
190647,39351,Mn1 O6 Sb1 Sr2,107,1,0,0,Sb1|Mn1|O1|O2,-|3d,"p{x,y}|{xz,yz}",1,Sb,Mn3+
190705,36376,As2 Ba1 Pd2,123,1,0,0,Ba1,-,"p{x,y}|{xz,yz}",0,,
190835,15453,Ba1 O3 Ti1,99,1,0,0,Ba1|Ti1|O1,-|3d,"p{x,y}|{xz,yz}",0,,
190920,190920,K1 Nb1 O3,221,1,0,0,K1|Nb1,-|4d,"e_g{z2,x2-y2}",0,,
190921,9532,K1 Nb1 O3,99,1,0,0,K1|Nb1|O1,-|4d,"p{x,y}|{xz,yz}",0,,
190924,27970,Ba1 O3 Ti1,221,1,0,0,Ba1|Ti1,-|3d,"e_g{z2,x2-y2}",0,,
190937,67346,N2 Na1 Ta1,166,1,0,0,Na1|Ta1,-|5d,"p{x,y}|{xy,x2-y2}|{xz,yz}",0,,
190972,100533,Fe1 Ti1,221,1,0,0,Fe1|Ti1,3d,"e_g{z2,x2-y2}",0,,
190996,190996,Mn1 Sc2 Si1,225,1,0,0,Mn1|Si1,-|3d,"e_g{z2,x2-y2}",0,,
190998,190998,Ge1 Mn1 Sc2,225,1,0,0,Mn1|Ge1,-|3d,"e_g{z2,x2-y2}",0,,
191170,191170,Mn1 Sn1,221,1,1,0,Mn1|Sn1,-|3d,"e_g{z2,x2-y2}",1,Sn,
191171,191171,Mn1 Sn1,216,1,1,0,Mn1|Sn1,-|3d,"e_g{z2,x2-y2}",1,Sn,
191173,191173,Mn1 Sb1,225,1,0,0,Mn1|Sb1,-|3d,"e_g{z2,x2-y2}",1,Sb,
191175,191175,Mn1 Sb1,216,1,0,0,Mn1|Sb1,-|3d,"e_g{z2,x2-y2}",1,Sb,
191186,109235,Al1 Pt3,123,1,0,0,Pt1|Al1,-|5d,"p{x,y}|{xz,yz}",0,,
191203,191203,Ba1 O3 V1,221,1,1,0,Ba1|V1,-|3d,"e_g{z2,x2-y2}",0,,
191232,191232,N1 Pd3,225,1,0,0,Pd1|N1,-|4d,"e_g{z2,x2-y2}",0,,
191243,169396,N1 Pd1,221,1,0,0,Pd1|N1,-|4d,"e_g{z2,x2-y2}",0,,
191252,188056,Al2 Ba1 O8 Si2,147,1,0,0,Ba1,-,"p{x,y}|{xy,x2-y2}|{xz,yz}",0,,
191359,191359,O6 Sr2 V1 Zr1,139,1,1,0,V1|Zr1,3d|4d,"p{x,y}|{xz,yz}",0,,
191360,191360,Hf1 O6 Sr2 V1,139,1,1,0,V1|Hf1,3d|5d,"p{x,y}|{xz,yz}",0,,
191364,191364,Co1 Hf1 O6 Sr2,139,1,0,0,Co1|Hf1,3d|5d,"p{x,y}|{xz,yz}",0,,
191365,191365,Fe1 O6 Sr2 Zr1,139,1,0,0,Fe1|Zr1,3d|4d,"p{x,y}|{xz,yz}",0,,
191366,191366,Fe1 Hf1 O6 Sr2,139,1,0,0,Fe1|Hf1,3d|5d,"p{x,y}|{xz,yz}",0,,
191414,90550,Al1 La1 O3,221,1,0,0,La1|Al1,-,"e_g{z2,x2-y2}",0,,
191415,90550,Al1 La1 O3,221,1,0,0,La1|Al1,-,"e_g{z2,x2-y2}",0,,
191416,90550,Al1 La1 O3,221,1,0,0,La1|Al1,-,"e_g{z2,x2-y2}",0,,
191417,90550,Al1 La1 O3,221,1,0,0,La1|Al1,-,"e_g{z2,x2-y2}",0,,
191424,90550,Al1 La1 O3,221,1,0,0,La1|Al1,-,"e_g{z2,x2-y2}",0,,
191425,90550,Al1 La1 O3,221,1,0,0,La1|Al1,-,"e_g{z2,x2-y2}",0,,
191426,90550,Al1 La1 O3,221,1,0,0,La1|Al1,-,"e_g{z2,x2-y2}",0,,
191427,90550,Al1 La1 O3,221,1,0,0,La1|Al1,-,"e_g{z2,x2-y2}",0,,
191428,90550,Al1 La1 O3,221,1,0,0,La1|Al1,-,"e_g{z2,x2-y2}",0,,
191429,90550,Al1 La1 O3,221,1,0,0,La1|Al1,-,"e_g{z2,x2-y2}",0,,
191464,90550,Al1 La1 O3,221,1,0,0,La1|Al1,-,"e_g{z2,x2-y2}",0,,
191491,191491,Rb1 Sb1,216,1,0,0,Rb1|Sb1,-,"e_g{z2,x2-y2}",1,Sb,
191493,191493,Rb1 Te1,216,1,0,0,Rb1|Te1,-,"e_g{z2,x2-y2}",1,Te,
191556,107033,Mg1 Ni4 Y1,216,1,1,0,Y1|Mg1,-|4d,"e_g{z2,x2-y2}",0,,
191563,191563,Ba2 Mg1 O6 Te1,225,1,0,0,Mg1|Te1,-,"e_g{z2,x2-y2}",1,Te,
191592,191592,Cs1 Fe1 Mo2 O8,147,1,1,0,Cs1|Fe1,-|3d,"p{x,y}|{xy,x2-y2}|{xz,yz}",0,,
191631,104926,Mn1 Ni2 Sn1,225,1,1,0,Mn1|Sn1,-|3d,"e_g{z2,x2-y2}",1,Sn,
191639,191639,Cs1 N1 Rb1,216,1,0,0,N1|Rb1|Cs1,-,"e_g{z2,x2-y2}",0,,
191640,191640,Cs1 P1 Rb1,216,1,0,0,P1|Rb1|Cs1,-,"e_g{z2,x2-y2}",0,,
191641,191641,As1 Cs1 Rb1,216,1,0,0,As1|Rb1|Cs1,-,"e_g{z2,x2-y2}",0,,
191648,191648,As1 Co1 Mn2,216,1,1,0,Mn1|Mn2|Co1|As1,-|3d,"e_g{z2,x2-y2}",0,,
191657,191657,Al1 Co1 Fe1 Ti1,216,1,1,0,Co1|Fe1|Ti1|Al1,-|3d,"e_g{z2,x2-y2}",0,,
191658,191658,Co1 Fe1 Ga1 Ti1,216,1,1,0,Co1|Fe1|Ti1|Ga1,-|3d,"e_g{z2,x2-y2}",0,,
191659,191659,Co1 Fe1 Si1 Ti1,216,1,1,0,Co1|Fe1|Ti1|Si1,-|3d,"e_g{z2,x2-y2}",0,,
191660,191660,Co1 Fe1 Ge1 Ti1,216,1,1,0,Co1|Fe1|Ti1|Ge1,-|3d,"e_g{z2,x2-y2}",0,,
191661,191661,As1 Co1 Fe1 Ti1,216,1,1,0,Co1|Fe1|Ti1|As1,-|3d,"e_g{z2,x2-y2}",0,,
191662,191662,Co1 Fe1 Sb1 Ti1,216,1,1,0,Co1|Fe1|Ti1|Sb1,-|3d,"e_g{z2,x2-y2}",1,Sb,
191664,191664,Co1 Fe1 Ga1 V1,216,1,1,0,Co1|Fe1|V1|Ga1,-|3d,"e_g{z2,x2-y2}",0,,
191667,191667,As1 Co1 Fe1 V1,216,1,0,0,Co1|Fe1|V1|As1,-|3d,"e_g{z2,x2-y2}",0,,
191668,191668,Co1 Fe1 Sb1 V1,216,1,0,0,Co1|Fe1|V1|Sb1,-|3d,"e_g{z2,x2-y2}",1,Sb,
191681,96688,Ba2 Fe1 Mo1 O6,225,1,1,0,Mo1|Fe1,3d|4d,"e_g{z2,x2-y2}",0,,
191683,191683,Fe1 Te1 V1,216,1,0,0,Fe1|V1|Te1,-|3d,"e_g{z2,x2-y2}",1,Te,
191684,191684,Co1 Cr1 Te1,216,1,0,0,Co1|Cr1|Te1,-|3d,"e_g{z2,x2-y2}",1,Te,
191749,191749,Ca2 Pb1,225,1,0,0,Pb1,-,"e_g{z2,x2-y2}",1,Pb,
191776,9865,Co1 O1,225,1,0,0,Co1|O1,-|3d,"e_g{z2,x2-y2}",0,,
191786,191175,Mn1 Sb1,216,1,0,0,Mn1|Sb1,-|3d,"e_g{z2,x2-y2}",1,Sb,Mn3+
191787,184925,As1 Mn1,216,1,0,0,Mn1|As1,-|3d,"e_g{z2,x2-y2}",1,,Mn3+
191788,191788,Mn1 P1,216,1,0,0,Mn1|P1,-|3d,"e_g{z2,x2-y2}",1,,Mn3+
191828,23076,O3 Sr1 Ti1,221,1,0,0,Sr1|Ti1,-|3d,"e_g{z2,x2-y2}",0,,
191829,27046,O3 Sr1 Zr1,221,1,0,0,Sr1|Zr1,-|4d,"e_g{z2,x2-y2}",0,,
192309,182276,As2 Ca1 Fe2,139,1,0,0,Ca1,-,"p{x,y}|{xz,yz}",0,,
192310,182276,As2 Ca1 Fe2,139,1,0,0,Ca1,-,"p{x,y}|{xz,yz}",0,,
192311,182276,As2 Ca1 Fe2,139,1,0,0,Ca1,-,"p{x,y}|{xz,yz}",0,,
192314,23076,O3 Sr1 Ti1,221,1,0,0,Sr1|Ti1,-|3d,"e_g{z2,x2-y2}",0,,
192327,192327,Co1 Nb1 O6 Sr2,87,1,1,0,Co1|Nb1,3d|4d,"p{x,y}|{xz,yz}",0,,
192407,28588,Na1 Nb1 O3,221,1,0,0,Na1|Nb1,-|4d,"e_g{z2,x2-y2}",0,,
192408,28588,Na1 Nb1 O3,221,1,0,0,Na1|Nb1,-|4d,"e_g{z2,x2-y2}",0,,
192409,28949,F3 K1 Mg1,221,1,0,0,K1|Mg1,-,"e_g{z2,x2-y2}",0,,
192470,192470,Ag1 Fe2 Ga1 Te4,121,1,0,0,Ag1|Ga1,-|4d,"p{x,y}|{xz,yz}",1,Te,
192566,53687,Ge1 Mn1 Ni2,225,1,0,0,Mn1|Ge1,-|3d,"e_g{z2,x2-y2}",0,,
192816,192816,As1 Li1 Mn1,216,1,0,0,Li1|Mn1|As1,-|3d,"e_g{z2,x2-y2}",0,,
192844,171988,Ba2 Ca1 O6 Os1,225,1,0,0,Ca1|Os1,-|5d,"e_g{z2,x2-y2}",0,,
192845,171988,Ba2 Ca1 O6 Os1,225,1,0,0,Ca1|Os1,-|5d,"e_g{z2,x2-y2}",0,,
192889,15453,Ba1 O3 Ti1,99,1,0,0,Ba1|Ti1|O1,-|3d,"p{x,y}|{xz,yz}",0,,
193089,171813,F3 Mg1 Na1,221,1,0,0,Na1|Mg1,-,"e_g{z2,x2-y2}",0,,
193569,193569,Mg1 Ni3,221,1,1,0,Mg1,-,"e_g{z2,x2-y2}",0,,
193614,33571,Cu1 O6 Sr2 W1,87,1,0,0,Cu1|W1,3d|5d,"p{x,y}|{xz,yz}",1,,Cu2+
193690,150701,Fe1 Mo1 O6 Sr2,87,1,1,0,Fe1|Mo1,3d|4d,"p{x,y}|{xz,yz}",0,,
193881,54245,La1 Ni5,191,1,1,0,La1,-,"p{x,y}|{xy,x2-y2}|{xz,yz}",0,,
194052,77153,C1 Mn3 Sn1,221,1,0,0,Sn1|C1,-,"e_g{z2,x2-y2}",1,Sn,
194151,26676,Cr1 Cu1 O2,166,1,0,0,Cu1|Cr1,3d,"p{x,y}|{xy,x2-y2}|{xz,yz}",0,,
194152,26676,Cr1 Cu1 O2,166,1,0,0,Cu1|Cr1,3d,"p{x,y}|{xy,x2-y2}|{xz,yz}",0,,
194155,160196,Cr1 O3 Pb1,221,1,0,0,Pb1|Cr1,-|3d,"e_g{z2,x2-y2}",1,Pb,
194248,77071,F3 Sc1,221,1,1,0,Sc1,3d,"e_g{z2,x2-y2}",0,,
194249,77071,F3 Sc1,221,1,1,0,Sc1,3d,"e_g{z2,x2-y2}",0,,
194250,77071,F3 Sc1,221,1,1,0,Sc1,3d,"e_g{z2,x2-y2}",0,,
194273,77071,F3 Sc1,221,1,1,0,Sc1,3d,"e_g{z2,x2-y2}",0,,
194588,194588,Ag2 Fe1 O8 Rb1 V2,147,1,1,0,Rb1|Fe1,-|3d,"p{x,y}|{xy,x2-y2}|{xz,yz}",0,,
194589,194588,Ag2 Fe1 O8 Rb1 V2,147,1,1,0,Rb1|Fe1,-|3d,"p{x,y}|{xy,x2-y2}|{xz,yz}",0,,
194713,20293,O4 Sr2 Ti1,139,1,0,0,Ti1,3d,"p{x,y}|{xz,yz}",0,,
194714,20293,O4 Sr2 Ti1,139,1,0,0,Ti1,3d,"p{x,y}|{xz,yz}",0,,
194715,20293,O4 Sr2 Ti1,139,1,0,0,Ti1,3d,"p{x,y}|{xz,yz}",0,,
194716,20293,O4 Sr2 Ti1,139,1,0,0,Ti1,3d,"p{x,y}|{xz,yz}",0,,
194717,20293,O4 Sr2 Ti1,139,1,0,0,Ti1,3d,"p{x,y}|{xz,yz}",0,,
194718,20293,O4 Sr2 Ti1,139,1,0,0,Ti1,3d,"p{x,y}|{xz,yz}",0,,
194719,20293,O4 Sr2 Ti1,139,1,0,0,Ti1,3d,"p{x,y}|{xz,yz}",0,,
194992,194992,Mg1 O9 Sr3 Ta2,164,1,0,0,Sr1|Mg1,-,"p{x,y}|{xy,x2-y2}|{xz,yz}",0,,
195084,195084,Ge1 O3 Sr1,221,1,0,0,Sr1|Ge1,-,"e_g{z2,x2-y2}",0,,
195130,27425,Ba2 Co1 O6 W1,225,1,1,0,Co1|W1,3d|5d,"e_g{z2,x2-y2}",0,,
195251,195251,Al1 S8 V4,216,1,0,0,Al1,-,"e_g{z2,x2-y2}",0,,
195256,50503,Ge1 Se8 V4,216,1,0,0,Ge1,-,"e_g{z2,x2-y2}",0,,
195422,5435,Co3 S2 Sn2,166,1,1,0,Sn1|Sn2,-,"p{x,y}|{xy,x2-y2}|{xz,yz}",1,Sn,
195432,5436,Co3 In2 S2,166,1,0,0,In1|In2,-,"p{x,y}|{xy,x2-y2}|{xz,yz}",0,,
195954,24985,Ba2 Ca1 O6 W1,225,1,0,0,Ca1|W1,-|5d,"e_g{z2,x2-y2}",0,,
196310,5435,Co3 S2 Sn2,166,1,1,0,Sn1|Sn2,-,"p{x,y}|{xy,x2-y2}|{xz,yz}",1,Sn,
196567,58038,Al1 Ni3,221,1,1,0,Al1,-,"e_g{z2,x2-y2}",0,,
196568,58038,Al1 Ni3,221,1,1,0,Al1,-,"e_g{z2,x2-y2}",0,,
196601,54245,La1 Ni5,191,1,1,0,La1,-,"p{x,y}|{xy,x2-y2}|{xz,yz}",0,,
196755,38138,K1 O2,139,1,0,0,K1,-,"p{x,y}|{xz,yz}",0,,
196756,180564,O2 Rb1,139,1,0,0,Rb1,-,"p{x,y}|{xz,yz}",0,,
196758,60440,K2 Se1,225,1,1,0,Se1,-,"e_g{z2,x2-y2}",0,,
196872,102731,Co5 Y1,191,1,0,0,Y1,4d,"p{x,y}|{xy,x2-y2}|{xz,yz}",0,,
196875,102731,Co5 Y1,191,1,0,0,Y1,4d,"p{x,y}|{xy,x2-y2}|{xz,yz}",0,,
200009,200009,Fe2 Na1 O3,164,1,0,0,Na1|O1,-,"p{x,y}|{xy,x2-y2}|{xz,yz}",0,,
200240,54245,La1 Ni5,191,1,1,0,La1,-,"p{x,y}|{xy,x2-y2}|{xz,yz}",0,,
200637,25615,Al1 F4 Tl1,123,1,0,0,Tl1|Al1,-,"p{x,y}|{xz,yz}",1,Tl,
200709,200709,Li1 S2 Ti1,164,1,0,0,Ti1|Li1,-|3d,"p{x,y}|{xy,x2-y2}|{xz,yz}",0,,
200876,109260,Ba2 Na1 O6 Re1,225,1,0,0,Na1|Re1,-|5d,"e_g{z2,x2-y2}",0,,
201056,201056,C6 Au3 Co1 K1 N6,149,0,0,1,K1|Co1,-|3d,"p{x,y}|{xy,x2-y2}|{xz,yz}",0,,
201113,5270,F2 Pb1,225,1,0,0,Pb1,-,"e_g{z2,x2-y2}",1,Pb,
201114,5270,F2 Pb1,225,1,0,0,Pb1,-,"e_g{z2,x2-y2}",1,Pb,
201115,5270,F2 Pb1,225,1,0,0,Pb1,-,"e_g{z2,x2-y2}",1,Pb,
201147,201147,H8 Li3 N4 Na1,82,0,0,1,Na1|Li1,-,"p{x,y}|{xz,yz}",0,,
201148,201147,H8 Li3 N4 Na1,82,0,0,1,Na1|Li1,-,"p{x,y}|{xz,yz}",0,,
201252,201252,Ca1 F3 Rb1,221,1,0,0,Rb1|Ca1,-,"e_g{z2,x2-y2}",0,,
201253,201252,Ca1 F3 Rb1,221,1,0,0,Rb1|Ca1,-,"e_g{z2,x2-y2}",0,,
201254,15423,F3 K1 Mn1,221,1,1,0,K1|Mn1,-|3d,"e_g{z2,x2-y2}",0,,
201255,15423,F3 K1 Mn1,221,1,1,0,K1|Mn1,-|3d,"e_g{z2,x2-y2}",0,,
201256,23076,O3 Sr1 Ti1,221,1,0,0,Sr1|Ti1,-|3d,"e_g{z2,x2-y2}",0,,
201511,201511,Cs1 F6 Re1,148,0,0,1,Cs1|Re1,-|5d,"p{x,y}|{xy,x2-y2}|{xz,yz}",0,,
201729,201729,C4 Ca1 Mg3 O12,155,0,0,1,Ca1|C1,-,"p{x,y}|{xy,x2-y2}|{xz,yz}",0,,
201891,21069,K2 Ni1 O2,139,1,0,0,Ni1,3d,"p{x,y}|{xz,yz}",0,,
202358,17046,H4 Mg3 O9 Si2,157,1,0,0,O4|H2,-,"p{x,y}|{xy,x2-y2}|{xz,yz}",0,,
202453,25615,Al1 F4 Tl1,123,1,0,0,Tl1|Al1,-,"p{x,y}|{xz,yz}",1,Tl,
202454,25615,Al1 F4 Tl1,123,1,0,0,Tl1|Al1,-,"p{x,y}|{xz,yz}",1,Tl,
202536,25579,F6 Mn1 Rb2,225,0,0,1,Mn1,3d,"e_g{z2,x2-y2}",0,,
202540,24594,Li1 O2 V1,166,1,0,0,Li1|V1,-|3d,"p{x,y}|{xy,x2-y2}|{xz,yz}",0,,
202541,24594,Li1 O2 V1,166,1,0,0,Li1|V1,-|3d,"p{x,y}|{xy,x2-y2}|{xz,yz}",0,,
202786,202786,H12 F6 Mn1 O6 Ti1,148,0,0,1,Mn1|Ti1,3d,"p{x,y}|{xy,x2-y2}|{xz,yz}",0,,
202787,62375,H12 F6 O6 Ti1 Zn1,148,0,0,1,Zn1|Ti1,3d,"p{x,y}|{xy,x2-y2}|{xz,yz}",0,,
202907,202907,Cs1 Mo2 O8 V1,164,1,0,0,Cs1|V1,-|3d,"p{x,y}|{xy,x2-y2}|{xz,yz}",0,,
203088,89575,Ba1 Cu2 S2,139,1,0,0,Ba1,-,"p{x,y}|{xz,yz}",0,,
203116,63269,Ba2 Cu3 O6 Y1,123,1,0,0,Y1|Cu1,3d|4d,"p{x,y}|{xz,yz}",0,,
203141,203141,B1 Ba2 Cl17 Zr6,87,0,0,1,Cl4|B1,-,"p{x,y}|{xz,yz}",0,,
236435,236435,Co1 O6 Os1 Sr2,87,1,0,0,Co1|Os1,3d|5d,"p{x,y}|{xz,yz}",0,,
236436,236435,Co1 O6 Os1 Sr2,87,1,0,0,Co1|Os1,3d|5d,"p{x,y}|{xz,yz}",0,,
236756,236756,Ca1 F3 Li1,221,1,0,0,Ca1|Li1,-,"e_g{z2,x2-y2}",0,,
236757,236756,Ca1 F3 Li1,221,1,0,0,Ca1|Li1,-,"e_g{z2,x2-y2}",0,,
236779,236779,N1 Sc1,216,1,0,0,Sc1|N2,-|3d,"e_g{z2,x2-y2}",0,,
236780,236779,N1 Sc1,216,1,0,0,Sc1|N2,-|3d,"e_g{z2,x2-y2}",0,,
236789,41258,Fe1 N1,216,1,0,0,Fe1|N2,-|3d,"e_g{z2,x2-y2}",0,,
236790,41258,Fe1 N1,216,1,0,0,Fe1|N2,-|3d,"e_g{z2,x2-y2}",0,,
236791,79936,Co1 N1,216,1,0,0,Co1|N2,-|3d,"e_g{z2,x2-y2}",0,,
236792,79936,Co1 N1,216,1,0,0,Co1|N2,-|3d,"e_g{z2,x2-y2}",0,,
236810,184375,Fe1 N1,225,1,0,0,Fe1|N2,-|3d,"e_g{z2,x2-y2}",0,,
236815,236815,Cu1 N1,225,1,0,0,Cu1|N2,-|3d,"e_g{z2,x2-y2}",0,,
236816,236815,Cu1 N1,225,1,0,0,Cu1|N2,-|3d,"e_g{z2,x2-y2}",0,,
236829,236829,Fe1 N1,221,1,0,0,Fe1|N2,-|3d,"e_g{z2,x2-y2}",0,,
236830,236829,Fe1 N1,221,1,0,0,Fe1|N2,-|3d,"e_g{z2,x2-y2}",0,,
236831,236831,Co1 N1,221,1,0,0,Co1|N2,-|3d,"e_g{z2,x2-y2}",0,,
236832,236831,Co1 N1,221,1,0,0,Co1|N2,-|3d,"e_g{z2,x2-y2}",0,,
236835,236835,Cu1 N1,221,1,0,0,Cu1|N2,-|3d,"e_g{z2,x2-y2}",0,,
236836,236835,Cu1 N1,221,1,0,0,Cu1|N2,-|3d,"e_g{z2,x2-y2}",0,,
236837,236837,N1 Zn1,221,1,0,0,Zn1|N1,-|3d,"e_g{z2,x2-y2}",0,,
236838,236837,N1 Zn1,221,1,0,0,Zn1|N1,-|3d,"e_g{z2,x2-y2}",0,,
236890,28588,Na1 Nb1 O3,221,1,0,0,Na1|Nb1,-|4d,"e_g{z2,x2-y2}",0,,
236933,1610,O3 Pb1 Ti1,99,1,0,0,Pb1|O2|Ti1,-|3d,"p{x,y}|{xz,yz}",1,Pb,
236949,188415,Mn1 O3 Sr1,221,1,1,0,Sr1|Mn1,-|3d,"e_g{z2,x2-y2}",0,,
237032,237032,Nb1 S2,164,1,0,0,Nb1,4d,"p{x,y}|{xy,x2-y2}|{xz,yz}",0,,
237105,15453,Ba1 O3 Ti1,99,1,0,0,Ba1|Ti1|O1,-|3d,"p{x,y}|{xz,yz}",0,,
237107,15453,Ba1 O3 Ti1,99,1,0,0,Ba1|Ti1|O1,-|3d,"p{x,y}|{xz,yz}",0,,
237108,15453,Ba1 O3 Ti1,99,1,0,0,Ba1|Ti1|O1,-|3d,"p{x,y}|{xz,yz}",0,,
237203,10354,H2 Li1 N1,82,0,0,1,Li1|Li2,-,"p{x,y}|{xz,yz}",0,,
237710,76070,Mn3 N1 Zn1,221,1,0,0,N1|Zn1,-|3d,"e_g{z2,x2-y2}",0,,
237787,237787,H8 Cr1 Cs1 N2 O8,121,0,0,1,Cr1|Cs1,-|3d,"p{x,y}|{xz,yz}",0,,
238611,238611,C1 F1 Mg1 O3 Rb1,189,0,0,1,C2,-,"p{x,y}|{xy,x2-y2}|{xz,yz}",0,,
238723,107500,H6 Fe1 Mg2,225,1,0,0,Fe1,3d,"e_g{z2,x2-y2}",0,,
239110,239110,C1 Cd1 F1 K1 O3,187,1,0,0,K1|Cd1|C1|F1,-|4d,"p{x,y}|{xy,x2-y2}|{xz,yz}",0,,
239245,239245,C14 H24 Fe1 K1 N8,87,0,0,1,Fe1|K1,-|3d,"p{x,y}|{xz,yz}",0,,
239438,239438,Mn1 O6 Pb2 W1,225,1,0,0,Mn1|W1,3d|5d,"e_g{z2,x2-y2}",1,Pb,
239582,27049,Ba1 O3 Sn1,221,1,0,0,Ba1|Sn1,-,"e_g{z2,x2-y2}",1,Sn,
239693,28617,Na1 O3 Ta1,221,1,0,0,Na1|Ta1,-|5d,"e_g{z2,x2-y2}",0,,
239731,171479,Ba3 Mn1 Nb2 O9,164,1,0,0,Ba2|Mn1,-|3d,"p{x,y}|{xy,x2-y2}|{xz,yz}",0,,
240138,240138,Al8 Fe4 Sc1,139,1,0,0,Sc1,3d,"p{x,y}|{xz,yz}",0,,
240139,240138,Al8 Fe4 Sc1,139,1,0,0,Sc1,3d,"p{x,y}|{xz,yz}",0,,
240140,57842,Al8 Fe4 Y1,139,1,1,0,Y1,4d,"p{x,y}|{xz,yz}",0,,
240141,57842,Al8 Fe4 Y1,139,1,1,0,Y1,4d,"p{x,y}|{xz,yz}",0,,
240484,240484,Cl4 Cs2 I2 Pd1,139,1,0,0,Pd1,4d,"p{x,y}|{xz,yz}",0,,
240663,240663,H6 Cl2 Cu3 Mg1 O6,164,1,0,0,Mg1,-,"p{x,y}|{xy,x2-y2}|{xz,yz}",1,,Cu2+
240860,54465,Au1 Mn1 Sn1,216,1,0,0,Mn1|Au1|Sn1,-|3d|5d,"e_g{z2,x2-y2}",1,Sn,Mn3+
240899,240899,I1 N1 Sr2,166,1,0,0,I1|N1,-,"p{x,y}|{xy,x2-y2}|{xz,yz}",0,,
240955,240955,F6 Ir1 Rb2,164,0,0,1,Ir1,5d,"p{x,y}|{xy,x2-y2}|{xz,yz}",0,,
240956,240956,Cs2 F6 Ir1,164,0,0,1,Ir1,5d,"p{x,y}|{xy,x2-y2}|{xz,yz}",0,,
240981,240981,Ba1 F6 Ir1,148,0,0,1,Ir1,5d,"p{x,y}|{xy,x2-y2}|{xz,yz}",0,,
241398,67978,Ba1 Cu1 Fe1 O5 Y1,99,1,0,0,Ba1|Y1|Cu1|Fe1|O1,-|3d|4d,"p{x,y}|{xz,yz}",1,,Cu2+
241420,9866,Ni1 O1,225,1,0,0,Ni1|O1,-|3d,"e_g{z2,x2-y2}",0,,
242011,107420,La1 Mg1 Ni4,216,1,1,0,La1|Mg1,-,"e_g{z2,x2-y2}",0,,
242012,107420,La1 Mg1 Ni4,216,1,1,0,La1|Mg1,-,"e_g{z2,x2-y2}",0,,
242013,107420,La1 Mg1 Ni4,216,1,1,0,La1|Mg1,-,"e_g{z2,x2-y2}",0,,
242014,107420,La1 Mg1 Ni4,216,1,1,0,La1|Mg1,-,"e_g{z2,x2-y2}",0,,
242015,107420,La1 Mg1 Ni4,216,1,1,0,La1|Mg1,-,"e_g{z2,x2-y2}",0,,
242016,54245,La1 Ni5,191,1,1,0,La1,-,"p{x,y}|{xy,x2-y2}|{xz,yz}",0,,
242017,54245,La1 Ni5,191,1,1,0,La1,-,"p{x,y}|{xy,x2-y2}|{xz,yz}",0,,
242018,54245,La1 Ni5,191,1,1,0,La1,-,"p{x,y}|{xy,x2-y2}|{xz,yz}",0,,
242019,54245,La1 Ni5,191,1,1,0,La1,-,"p{x,y}|{xy,x2-y2}|{xz,yz}",0,,
242020,54245,La1 Ni5,191,1,1,0,La1,-,"p{x,y}|{xy,x2-y2}|{xz,yz}",0,,
242021,107420,La1 Mg1 Ni4,216,1,1,0,La1|Mg1,-,"e_g{z2,x2-y2}",0,,
242022,107420,La1 Mg1 Ni4,216,1,1,0,La1|Mg1,-,"e_g{z2,x2-y2}",0,,
242023,107420,La1 Mg1 Ni4,216,1,1,0,La1|Mg1,-,"e_g{z2,x2-y2}",0,,
242024,107420,La1 Mg1 Ni4,216,1,1,0,La1|Mg1,-,"e_g{z2,x2-y2}",0,,
242025,107420,La1 Mg1 Ni4,216,1,1,0,La1|Mg1,-,"e_g{z2,x2-y2}",0,,
242026,54245,La1 Ni5,191,1,1,0,La1,-,"p{x,y}|{xy,x2-y2}|{xz,yz}",0,,
242027,54245,La1 Ni5,191,1,1,0,La1,-,"p{x,y}|{xy,x2-y2}|{xz,yz}",0,,
242028,54245,La1 Ni5,191,1,1,0,La1,-,"p{x,y}|{xy,x2-y2}|{xz,yz}",0,,
242029,54245,La1 Ni5,191,1,1,0,La1,-,"p{x,y}|{xy,x2-y2}|{xz,yz}",0,,
242030,54245,La1 Ni5,191,1,1,0,La1,-,"p{x,y}|{xy,x2-y2}|{xz,yz}",0,,
243749,243749,Br6 Cs2 Pd1,225,1,0,0,Pd1,4d,"e_g{z2,x2-y2}",0,,
243794,24983,Ba2 O6 W1 Zn1,225,1,0,0,Zn1|W1,3d|5d,"e_g{z2,x2-y2}",0,,
243798,24984,Ba2 Ni1 O6 W1,225,1,0,0,Ni1|W1,3d|5d,"e_g{z2,x2-y2}",0,,
245319,9865,Co1 O1,225,1,0,0,Co1|O1,-|3d,"e_g{z2,x2-y2}",0,,
245320,9865,Co1 O1,225,1,0,0,Co1|O1,-|3d,"e_g{z2,x2-y2}",0,,
245321,9865,Co1 O1,225,1,0,0,Co1|O1,-|3d,"e_g{z2,x2-y2}",0,,
245322,9865,Co1 O1,225,1,0,0,Co1|O1,-|3d,"e_g{z2,x2-y2}",0,,
245323,9865,Co1 O1,225,1,0,0,Co1|O1,-|3d,"e_g{z2,x2-y2}",0,,
245324,9865,Co1 O1,225,1,0,0,Co1|O1,-|3d,"e_g{z2,x2-y2}",0,,
245353,65732,Cl6 Cs2 Na1 Y1,225,1,0,0,Na1|Y1,-|4d,"e_g{z2,x2-y2}",0,,
245354,65732,Cl6 Cs2 Na1 Y1,225,1,0,0,Na1|Y1,-|4d,"e_g{z2,x2-y2}",0,,
245417,245417,C1 K4 O4,215,0,0,1,C1,-,"e_g{z2,x2-y2}",0,,
245419,245419,C1 K4 O4,121,0,0,1,C1,-,"p{x,y}|{xz,yz}",0,,
245420,245419,C1 K4 O4,121,0,0,1,C1,-,"p{x,y}|{xz,yz}",0,,
245429,245429,C1 O4 Rb4,215,0,0,1,C1,-,"e_g{z2,x2-y2}",0,,
245430,245430,C1 O4 Rb4,160,0,0,1,C1|O2|Rb1,-,"e_g{z2,x2-y2}|other:z+y|{xz,yz}",0,,
245445,245445,C1 Cs4 O4,215,1,0,0,C1,-,"e_g{z2,x2-y2}",0,,
245470,190593,Co1 O6 Sr2 W1,87,1,1,0,Co1|W1,3d|5d,"p{x,y}|{xz,yz}",0,,
245595,245595,Cr1 O4 Sr2,139,1,0,0,Cr1,3d,"p{x,y}|{xz,yz}",0,,
245599,24985,Ba2 Ca1 O6 W1,225,1,0,0,Ca1|W1,-|5d,"e_g{z2,x2-y2}",0,,
245665,245665,Fe1 Mo2 O8 Rb1,164,1,1,0,Rb1|Fe1,-|3d,"p{x,y}|{xy,x2-y2}|{xz,yz}",0,,
245667,245667,Cs1 Fe1 O8 S2,147,1,0,0,Cs1|Fe1,-|3d,"p{x,y}|{xy,x2-y2}|{xz,yz}",0,,
245747,245747,Cl6 Nb1 Rb2,225,1,1,0,Nb1,4d,"e_g{z2,x2-y2}",0,,
245834,108903,Cr1 O3 Sr1,221,1,0,0,Sr1|Cr1,-|3d,"e_g{z2,x2-y2}",0,,
245887,17046,H4 Mg3 O9 Si2,157,1,0,0,O4|H2,-,"p{x,y}|{xy,x2-y2}|{xz,yz}",0,,
245944,15453,Ba1 O3 Ti1,99,1,0,0,Ba1|Ti1|O1,-|3d,"p{x,y}|{xz,yz}",0,,
245945,15453,Ba1 O3 Ti1,99,1,0,0,Ba1|Ti1|O1,-|3d,"p{x,y}|{xz,yz}",0,,
245946,15453,Ba1 O3 Ti1,99,1,0,0,Ba1|Ti1|O1,-|3d,"p{x,y}|{xz,yz}",0,,
245988,245988,Cs1 I3 Li2,115,0,0,1,Cs1|I1,-,"p{x,y}|{xz,yz}",0,,
246111,24985,Ba2 Ca1 O6 W1,225,1,0,0,Ca1|W1,-|5d,"e_g{z2,x2-y2}",0,,
246112,246112,Ba2 Ca1 O6 Te1,225,1,1,0,Ca1|Te1,-,"e_g{z2,x2-y2}",1,Te,
246278,88464,Li2 O7 Sr1 Ta2,139,1,0,0,Sr1|O3,-,"p{x,y}|{xz,yz}",0,,
246483,246483,Co1 O4 Sr2,139,1,0,0,Co1,3d,"p{x,y}|{xz,yz}",0,,
246541,246541,Ba2 Fe1 Mo1 O6,139,1,1,0,Fe1|Mo1,3d|4d,"p{x,y}|{xz,yz}",0,,
246542,246541,Ba2 Fe1 Mo1 O6,139,1,1,0,Fe1|Mo1,3d|4d,"p{x,y}|{xz,yz}",0,,
246543,246541,Ba2 Fe1 Mo1 O6,139,1,1,0,Fe1|Mo1,3d|4d,"p{x,y}|{xz,yz}",0,,
246544,246541,Ba2 Fe1 Mo1 O6,139,1,1,0,Fe1|Mo1,3d|4d,"p{x,y}|{xz,yz}",0,,
246545,96688,Ba2 Fe1 Mo1 O6,225,1,1,0,Fe1|Mo1,3d|4d,"e_g{z2,x2-y2}",0,,
246546,96688,Ba2 Fe1 Mo1 O6,225,1,1,0,Fe1|Mo1,3d|4d,"e_g{z2,x2-y2}",0,,
246648,44677,K3 Sb1,225,1,0,0,K1|Sb1,-,"e_g{z2,x2-y2}",1,Sb,
246660,246660,C3 N4,160,1,0,0,N2,-,"e_g{z2,x2-y2}|other:z+y|{xz,yz}",0,,
246730,246730,Li1 O6 Re1 Sr2,87,1,0,0,Li1|Re1,-|5d,"p{x,y}|{xz,yz}",0,,
246731,246731,Li1 O6 Re1 Sr2,225,1,0,0,Li1|Re1,-|5d,"e_g{z2,x2-y2}",0,,
247066,247066,Co3 In1 N1,221,1,1,0,In1|N1,-,"e_g{z2,x2-y2}",0,,
247193,247193,In1 Pd3,221,1,1,0,In1,-,"e_g{z2,x2-y2}",0,,
247194,247194,In1 Pd3,139,1,1,0,In1|Pd1,-|4d,"p{x,y}|{xz,yz}",0,,
247195,247194,In1 Pd3,139,1,1,0,In1|Pd1,-|4d,"p{x,y}|{xz,yz}",0,,
247197,247193,In1 Pd3,221,1,1,0,In1,-,"e_g{z2,x2-y2}",0,,
247273,247273,H1 Pd3 Tl1,221,1,0,0,Tl1|H2,-,"e_g{z2,x2-y2}",1,Tl,
247539,150701,Fe1 Mo1 O6 Sr2,87,1,1,0,Fe1|Mo1,3d|4d,"p{x,y}|{xz,yz}",0,,
247622,247622,B1 Be2 Cs1 F2 O3,155,1,0,0,Cs1|B1,-,"p{x,y}|{xy,x2-y2}|{xz,yz}",0,,
247649,52958,Co2 Fe1 Si1,225,1,0,0,Fe1|Si1,-|3d,"e_g{z2,x2-y2}",0,,
247653,102386,Co2 Fe1 Ga1,225,1,0,0,Fe1|Ga1,-|3d,"e_g{z2,x2-y2}",0,,
248042,248042,B1 Ba1 F1 O3 Zn1,174,1,1,0,Ba1|Zn1|F1|B1,-|3d,"p{x,y}|{xy,x2-y2}|{xz,yz}",0,,
248046,248046,C6 Cs2 Mn2 N6,225,1,0,0,Mn1|Mn2,3d,"e_g{z2,x2-y2}",0,,
248051,248051,K1 O3 Pd2,166,1,0,0,Pd2,4d,"p{x,y}|{xy,x2-y2}|{xz,yz}",0,,
248351,248351,O6 Ru2 Sr1,162,1,0,0,Sr1,-,"p{x,y}|{xy,x2-y2}|{xz,yz}",0,,
248379,23076,O3 Sr1 Ti1,221,1,0,0,Sr1|Ti1,-|3d,"e_g{z2,x2-y2}",0,,
248395,15453,Ba1 O3 Ti1,99,1,0,0,Ba1|Ti1|O1,-|3d,"p{x,y}|{xz,yz}",0,,
248454,184497,Te1 Zn1,225,1,0,0,Zn1|Te1,-|3d,"e_g{z2,x2-y2}",1,Te,
248459,157603,Fe1 Mo1 O6 Sr2,225,1,1,0,Fe1|Mo1,3d|4d,"e_g{z2,x2-y2}",0,,
248460,150701,Fe1 Mo1 O6 Sr2,87,1,1,0,Fe1|Mo1,3d|4d,"p{x,y}|{xz,yz}",0,,
248461,150701,Fe1 Mo1 O6 Sr2,87,1,1,0,Fe1|Mo1,3d|4d,"p{x,y}|{xz,yz}",0,,
248462,150701,Fe1 Mo1 O6 Sr2,87,1,1,0,Fe1|Mo1,3d|4d,"p{x,y}|{xz,yz}",0,,
248463,150701,Fe1 Mo1 O6 Sr2,87,1,1,0,Fe1|Mo1,3d|4d,"p{x,y}|{xz,yz}",0,,
248464,150701,Fe1 Mo1 O6 Sr2,87,1,1,0,Fe1|Mo1,3d|4d,"p{x,y}|{xz,yz}",0,,
249157,249157,H8 Al1 F6 N2 Na1,225,1,0,0,Al1|Na1,-,"e_g{z2,x2-y2}",0,,
249566,165988,N1 Na3,221,1,1,0,N1,-,"e_g{z2,x2-y2}",0,,
249656,249656,Cu1 F20 Sb2 Xe4,82,0,0,1,Sb1|Sb2|Cu1,-|3d,"p{x,y}|{xz,yz}",1,Sb,Cu2+
249724,249724,C6 Au3 K1 N6 Ni1,149,0,0,1,Ni1|K1,-|3d,"p{x,y}|{xy,x2-y2}|{xz,yz}",0,,
250123,250123,Ga2 Ge4 O14 Pb3,150,1,1,0,Ge1,-,"p{x,y}|{xy,x2-y2}|{xz,yz}",1,Pb,
250124,250124,Ba3 Ga2 Ge4 O14,150,1,0,0,Ge1,-,"p{x,y}|{xy,x2-y2}|{xz,yz}",0,,
250409,245665,Fe1 Mo2 O8 Rb1,164,1,1,0,Fe1|Rb1,-|3d,"p{x,y}|{xy,x2-y2}|{xz,yz}",0,,
250594,237032,Nb1 S2,164,1,0,0,Nb1,4d,"p{x,y}|{xy,x2-y2}|{xz,yz}",0,,
250709,250709,Ba1 Co2 O8 P2,147,1,0,0,Ba1,-,"p{x,y}|{xy,x2-y2}|{xz,yz}",0,,
251041,251041,H6 Li2 O6 Pt1,147,0,0,1,Pt1,5d,"p{x,y}|{xy,x2-y2}|{xz,yz}",0,,
251042,251042,H6 Na2 O6 Pt1,147,0,0,1,Pt1,5d,"p{x,y}|{xy,x2-y2}|{xz,yz}",0,,
251064,251064,Ag2 S6 Te1 V3,189,1,0,0,Te1,-,"p{x,y}|{xy,x2-y2}|{xz,yz}",1,Te,
251068,251068,Fe1 O6 Os1 Sr2,225,1,1,0,Fe1|Os1,3d|5d,"e_g{z2,x2-y2}",0,,
251076,251076,F12 Hf3 K2 O1,166,1,0,0,K2,-,"p{x,y}|{xy,x2-y2}|{xz,yz}",0,,
251657,251657,Cu3 Ir4 La1 O12,204,1,0,0,La1,-,"e_g{z2,x2-y2}",1,,Cu2+
252309,252309,O14 P2 Sr3 Te1 Zn3,150,1,0,0,Te1,-,"p{x,y}|{xy,x2-y2}|{xz,yz}",1,Te,
252310,252310,Ba3 O14 P2 Te1 Zn3,150,1,0,0,Te1,-,"p{x,y}|{xy,x2-y2}|{xz,yz}",1,Te,
252485,28588,Na1 Nb1 O3,221,1,0,0,Na1|Nb1,-|4d,"e_g{z2,x2-y2}",0,,
252558,15453,Ba1 O3 Ti1,99,1,0,0,Ba1|Ti1|O1,-|3d,"p{x,y}|{xz,yz}",0,,
252562,27970,Ba1 O3 Ti1,221,1,0,0,Ba1|Ti1,-|3d,"e_g{z2,x2-y2}",0,,
252619,63362,F6 S1,229,0,0,1,S1,-,"e_g{z2,x2-y2}",0,,
252620,63362,F6 S1,229,0,0,1,S1,-,"e_g{z2,x2-y2}",0,,
252879,252879,Cr1 Li1 Se2,164,1,0,0,Li1|Cr1,-|3d,"p{x,y}|{xy,x2-y2}|{xz,yz}",0,,
253030,15453,Ba1 O3 Ti1,99,1,0,0,Ba1|Ti1|O1,-|3d,"p{x,y}|{xz,yz}",0,,
253245,15453,Ba1 O3 Ti1,99,1,0,0,Ba1|Ti1|O1,-|3d,"p{x,y}|{xz,yz}",0,,
257115,257115,Ag1 Cl6 Cs2 In1,225,1,1,0,In1|Ag1,-|4d,"e_g{z2,x2-y2}",0,,
260055,260055,C6 H18 Co1 Mn1 N12,148,0,0,1,Co1,3d,"p{x,y}|{xy,x2-y2}|{xz,yz}",1,,Mn3+
260150,260150,H12 As1 Cs1 Mg1 O10,216,0,0,1,Cs1|Mg1|As1,-,"e_g{z2,x2-y2}",0,,
260289,260289,Ca2 Nb3 O10 Rb1,123,1,0,0,Rb1|Nb1,-|4d,"p{x,y}|{xz,yz}",0,,
260440,247622,B1 Be2 Cs1 F2 O3,155,1,0,0,Cs1,-,"p{x,y}|{xy,x2-y2}|{xz,yz}",0,,
260686,260686,Mo1 Zn6,225,1,0,0,Mo1,4d,"e_g{z2,x2-y2}",0,,
260828,260828,H6 Cs2 O12 Sn1,147,0,0,1,Sn1,-,"p{x,y}|{xy,x2-y2}|{xz,yz}",1,Sn,
260887,260887,Cs1 Fe1 Mo2 O8,164,1,1,0,Fe1|Cs1,-|3d,"p{x,y}|{xy,x2-y2}|{xz,yz}",0,,
261067,77071,F3 Sc1,221,1,1,0,Sc1,3d,"e_g{z2,x2-y2}",0,,
261068,77071,F3 Sc1,221,1,1,0,Sc1,3d,"e_g{z2,x2-y2}",0,,
261069,77071,F3 Sc1,221,1,1,0,Sc1,3d,"e_g{z2,x2-y2}",0,,
261070,77071,F3 Sc1,221,1,1,0,Sc1,3d,"e_g{z2,x2-y2}",0,,
261071,77071,F3 Sc1,221,1,1,0,Sc1,3d,"e_g{z2,x2-y2}",0,,
261072,77071,F3 Sc1,221,1,1,0,Sc1,3d,"e_g{z2,x2-y2}",0,,
261073,77071,F3 Sc1,221,1,1,0,Sc1,3d,"e_g{z2,x2-y2}",0,,
261074,77071,F3 Sc1,221,1,1,0,Sc1,3d,"e_g{z2,x2-y2}",0,,
261075,77071,F3 Sc1,221,1,1,0,Sc1,3d,"e_g{z2,x2-y2}",0,,
261076,77071,F3 Sc1,221,1,1,0,Sc1,3d,"e_g{z2,x2-y2}",0,,
261077,77071,F3 Sc1,221,1,1,0,Sc1,3d,"e_g{z2,x2-y2}",0,,
261078,77071,F3 Sc1,221,1,1,0,Sc1,3d,"e_g{z2,x2-y2}",0,,
261079,77071,F3 Sc1,221,1,1,0,Sc1,3d,"e_g{z2,x2-y2}",0,,
261080,77071,F3 Sc1,221,1,1,0,Sc1,3d,"e_g{z2,x2-y2}",0,,
261081,77071,F3 Sc1,221,1,1,0,Sc1,3d,"e_g{z2,x2-y2}",0,,
261082,77071,F3 Sc1,221,1,1,0,Sc1,3d,"e_g{z2,x2-y2}",0,,
261083,77071,F3 Sc1,221,1,1,0,Sc1,3d,"e_g{z2,x2-y2}",0,,
261084,77071,F3 Sc1,221,1,1,0,Sc1,3d,"e_g{z2,x2-y2}",0,,
261085,77071,F3 Sc1,221,1,1,0,Sc1,3d,"e_g{z2,x2-y2}",0,,
261086,77071,F3 Sc1,221,1,1,0,Sc1,3d,"e_g{z2,x2-y2}",0,,
261087,77071,F3 Sc1,221,1,1,0,Sc1,3d,"e_g{z2,x2-y2}",0,,
261088,77071,F3 Sc1,221,1,1,0,Sc1,3d,"e_g{z2,x2-y2}",0,,
261089,77071,F3 Sc1,221,1,1,0,Sc1,3d,"e_g{z2,x2-y2}",0,,
261090,77071,F3 Sc1,221,1,1,0,Sc1,3d,"e_g{z2,x2-y2}",0,,
261091,77071,F3 Sc1,221,1,1,0,Sc1,3d,"e_g{z2,x2-y2}",0,,
261092,77071,F3 Sc1,221,1,1,0,Sc1,3d,"e_g{z2,x2-y2}",0,,
261093,77071,F3 Sc1,221,1,1,0,Sc1,3d,"e_g{z2,x2-y2}",0,,
261094,77071,F3 Sc1,221,1,1,0,Sc1,3d,"e_g{z2,x2-y2}",0,,
261095,77071,F3 Sc1,221,1,1,0,Sc1,3d,"e_g{z2,x2-y2}",0,,
261393,237787,H8 Cr1 Cs1 N2 O8,121,0,0,1,Cr1|Cs1,-|3d,"p{x,y}|{xz,yz}",0,,
261453,160172,Ba2 O6 Ta1 Y1,225,1,0,0,Y1|Ta1,4d|5d,"e_g{z2,x2-y2}",0,,
261810,15800,B6 O13 Zn4,217,1,0,0,O1,-,"e_g{z2,x2-y2}",0,,
262078,262078,Al1 F6 K3,225,1,0,0,K2|Al1,-,"e_g{z2,x2-y2}",0,,
262090,153406,O3 Pb1 Ti1,221,1,0,0,Pb1|Ti1,-|3d,"e_g{z2,x2-y2}",1,Pb,
262104,262104,O3 Pb1 Zr1,221,1,0,0,Pb1|Zr1,-|4d,"e_g{z2,x2-y2}",1,Pb,
262105,262104,O3 Pb1 Zr1,221,1,0,0,Pb1|Zr1,-|4d,"e_g{z2,x2-y2}",1,Pb,
262131,29096,Ba1 Fe1 O3,221,1,0,0,Ba1|Fe1,-|3d,"e_g{z2,x2-y2}",0,,
262132,29096,Ba1 Fe1 O3,221,1,0,0,Ba1|Fe1,-|3d,"e_g{z2,x2-y2}",0,,
262230,59878,C1 Ca1 F1 K1 O3,187,1,0,0,Ca1|F1,-,"p{x,y}|{xy,x2-y2}|{xz,yz}",0,,
262231,262231,C1 F1 K1 O3 Sr1,187,0,0,1,Sr1|K1|F1|C1,-,"p{x,y}|{xy,x2-y2}|{xz,yz}",0,,
262232,262232,C1 Ca1 F1 O3 Rb1,189,0,0,1,C2,-,"p{x,y}|{xy,x2-y2}|{xz,yz}",0,,
262233,262233,C1 F1 O3 Rb1 Sr1,187,0,0,1,Sr1|Rb1|F1|C1,-,"p{x,y}|{xy,x2-y2}|{xz,yz}",0,,
262234,262234,C1 Ca1 Cs1 F1 O3,189,0,0,1,C2,-,"p{x,y}|{xy,x2-y2}|{xz,yz}",0,,
262269,23076,O3 Sr1 Ti1,221,1,0,0,Sr1|Ti1,-|3d,"e_g{z2,x2-y2}",0,,
262318,24982,Ba2 Mg1 O6 W1,225,1,0,0,Mg1|W1,-|5d,"e_g{z2,x2-y2}",0,,
262503,262503,C6 Ag3 K1 Mn1 N6,149,0,0,1,Mn1|K1,-|3d,"p{x,y}|{xy,x2-y2}|{xz,yz}",0,,
262504,262503,C6 Ag3 K1 Mn1 N6,149,0,0,1,Mn1|K1,-|3d,"p{x,y}|{xy,x2-y2}|{xz,yz}",0,,
262505,262503,C6 Ag3 K1 Mn1 N6,149,0,0,1,Mn1|K1,-|3d,"p{x,y}|{xy,x2-y2}|{xz,yz}",0,,
262506,262503,C6 Ag3 K1 Mn1 N6,149,0,0,1,Mn1|K1,-|3d,"p{x,y}|{xy,x2-y2}|{xz,yz}",0,,
262507,262503,C6 Ag3 K1 Mn1 N6,149,0,0,1,Mn1|K1,-|3d,"p{x,y}|{xy,x2-y2}|{xz,yz}",0,,
262716,262716,Ba1 Mg1 Na2 O8 P2,147,1,0,0,Ba1|Mg1,-,"p{x,y}|{xy,x2-y2}|{xz,yz}",0,,
279623,279623,F2 Kr1,139,0,0,1,Kr1,-,"p{x,y}|{xz,yz}",0,,
280045,280045,Ba3 Mn2 O8,166,1,0,0,Ba1,-,"p{x,y}|{xy,x2-y2}|{xz,yz}",0,,
280056,280056,Mo1 O4 Tl2,164,1,0,0,Tl1|Tl2,-,"p{x,y}|{xy,x2-y2}|{xz,yz}",1,Tl,
280154,280154,Ca3 Na2 O9 Ta2,155,1,0,0,Ca2,-,"p{x,y}|{xy,x2-y2}|{xz,yz}",0,,
280253,9356,Cr1 K3 O8,121,0,0,1,Cr1|K1,-|3d,"p{x,y}|{xz,yz}",0,,
280424,39673,K1 O3 Ta1,221,1,0,0,K1|Ta1,-|5d,"e_g{z2,x2-y2}",0,,
280458,2582,Cl6 K2 Pt1,225,1,0,0,Pt1,5d,"e_g{z2,x2-y2}",0,,
280459,2582,Cl6 K2 Pt1,225,1,0,0,Pt1,5d,"e_g{z2,x2-y2}",0,,
280460,2582,Cl6 K2 Pt1,225,1,0,0,Pt1,5d,"e_g{z2,x2-y2}",0,,
280461,2582,Cl6 K2 Pt1,225,1,0,0,Pt1,5d,"e_g{z2,x2-y2}",0,,
280462,2582,Cl6 K2 Pt1,225,1,0,0,Pt1,5d,"e_g{z2,x2-y2}",0,,
280463,2582,Cl6 K2 Pt1,225,1,0,0,Pt1,5d,"e_g{z2,x2-y2}",0,,
280464,2582,Cl6 K2 Pt1,225,1,0,0,Pt1,5d,"e_g{z2,x2-y2}",0,,
280465,2582,Cl6 K2 Pt1,225,1,0,0,Pt1,5d,"e_g{z2,x2-y2}",0,,
280466,2582,Cl6 K2 Pt1,225,1,0,0,Pt1,5d,"e_g{z2,x2-y2}",0,,
280467,2582,Cl6 K2 Pt1,225,1,0,0,Pt1,5d,"e_g{z2,x2-y2}",0,,
280468,2582,Cl6 K2 Pt1,225,1,0,0,Pt1,5d,"e_g{z2,x2-y2}",0,,
280489,280489,H18 Cl4 K1 N6 O8 Ru1,166,0,0,1,Ru1|K1,-|4d,"p{x,y}|{xy,x2-y2}|{xz,yz}",0,,
280490,280489,H18 Cl4 K1 N6 O8 Ru1,166,0,0,1,Ru1|K1,-|4d,"p{x,y}|{xy,x2-y2}|{xz,yz}",0,,
280492,280492,H18 Cl4 N6 O8 Rb1 Ru1,148,0,0,1,Ru1|Rb1,-|4d,"p{x,y}|{xy,x2-y2}|{xz,yz}",0,,
280493,280492,H18 Cl4 N6 O8 Rb1 Ru1,148,0,0,1,Ru1|Rb1,-|4d,"p{x,y}|{xy,x2-y2}|{xz,yz}",0,,
280495,280495,H18 Cl4 Cs1 N6 O8 Ru1,148,0,0,1,Ru1|Cs1,-|4d,"p{x,y}|{xy,x2-y2}|{xz,yz}",0,,
280497,280497,H18 Cl4 Cr1 Cs1 N6 O8,148,0,0,1,Cr1|Cs1,-|3d,"p{x,y}|{xy,x2-y2}|{xz,yz}",0,,
280499,280499,H18 Br2 Cl2 Cr1 Cs1 N6 O8,148,0,0,1,Cr1|Cs1,-|3d,"p{x,y}|{xy,x2-y2}|{xz,yz}",0,,
280576,280576,As2 Cd1 O6,162,1,0,0,Cd1,4d,"p{x,y}|{xy,x2-y2}|{xz,yz}",0,,
281280,262503,C6 Ag3 K1 Mn1 N6,149,0,0,1,Mn1|K1,-|3d,"p{x,y}|{xy,x2-y2}|{xz,yz}",0,,
281336,281336,H8 Co1 O14 P2 V2,87,1,0,0,Co1,3d,"p{x,y}|{xz,yz}",0,,
281563,281563,H12 Cs1 Mg1 O10 P1,216,0,0,1,Cs1|Mg1|P1,-,"e_g{z2,x2-y2}",0,,
281641,281641,As4 Cs1 F13,82,1,0,0,Cs1|F1,-,"p{x,y}|{xz,yz}",0,,
290002,27048,Ba1 O3 Zr1,221,1,0,0,Ba1|Zr1,-|4d,"e_g{z2,x2-y2}",0,,
290019,27970,Ba1 O3 Ti1,221,1,0,0,Ba1|Ti1,-|3d,"e_g{z2,x2-y2}",0,,
290023,15453,Ba1 O3 Ti1,99,1,0,0,Ba1|O2|Ti1,-|3d,"p{x,y}|{xz,yz}",0,,
290318,290318,Al1 F6 Na1 Rb2,225,1,0,0,Na1|Al1,-,"e_g{z2,x2-y2}",0,,
290343,49582,Cd1 Cs1 F3,221,1,0,0,Cs1|Cd1,-|4d,"e_g{z2,x2-y2}",0,,
290344,49582,Cd1 Cs1 F3,221,1,0,0,Cs1|Cd1,-|4d,"e_g{z2,x2-y2}",0,,
290345,49582,Cd1 Cs1 F3,221,1,0,0,Cs1|Cd1,-|4d,"e_g{z2,x2-y2}",0,,
290370,23076,O3 Sr1 Ti1,221,1,0,0,Sr1|Ti1,-|3d,"e_g{z2,x2-y2}",0,,
290513,31232,Cl1 K1,221,1,0,0,K1|Cl1,-,"e_g{z2,x2-y2}",0,,
290514,31232,Cl1 K1,221,1,0,0,K1|Cl1,-,"e_g{z2,x2-y2}",0,,
290515,31232,Cl1 K1,221,1,0,0,K1|Cl1,-,"e_g{z2,x2-y2}",0,,
290516,31232,Cl1 K1,221,1,0,0,K1|Cl1,-,"e_g{z2,x2-y2}",0,,
290517,31232,Cl1 K1,221,1,0,0,K1|Cl1,-,"e_g{z2,x2-y2}",0,,
290518,31232,Cl1 K1,221,1,0,0,K1|Cl1,-,"e_g{z2,x2-y2}",0,,
290519,31232,Cl1 K1,221,1,0,0,K1|Cl1,-,"e_g{z2,x2-y2}",0,,
290520,31232,Cl1 K1,221,1,0,0,K1|Cl1,-,"e_g{z2,x2-y2}",0,,
290521,31232,Cl1 K1,221,1,0,0,K1|Cl1,-,"e_g{z2,x2-y2}",0,,
290522,31232,Cl1 K1,221,1,0,0,K1|Cl1,-,"e_g{z2,x2-y2}",0,,
290523,31232,Cl1 K1,221,1,0,0,K1|Cl1,-,"e_g{z2,x2-y2}",0,,
290524,31232,Cl1 K1,221,1,0,0,K1|Cl1,-,"e_g{z2,x2-y2}",0,,
290525,31232,Cl1 K1,221,1,0,0,K1|Cl1,-,"e_g{z2,x2-y2}",0,,
290526,31232,Cl1 K1,221,1,0,0,K1|Cl1,-,"e_g{z2,x2-y2}",0,,
290527,31232,Cl1 K1,221,1,0,0,K1|Cl1,-,"e_g{z2,x2-y2}",0,,
290528,31232,Cl1 K1,221,1,0,0,K1|Cl1,-,"e_g{z2,x2-y2}",0,,
290529,31232,Cl1 K1,221,1,0,0,K1|Cl1,-,"e_g{z2,x2-y2}",0,,
290530,31232,Cl1 K1,221,1,0,0,K1|Cl1,-,"e_g{z2,x2-y2}",0,,
290531,31232,Cl1 K1,221,1,0,0,K1|Cl1,-,"e_g{z2,x2-y2}",0,,
290532,31232,Cl1 K1,221,1,0,0,K1|Cl1,-,"e_g{z2,x2-y2}",0,,
290533,31232,Cl1 K1,221,1,0,0,K1|Cl1,-,"e_g{z2,x2-y2}",0,,
290534,31232,Cl1 K1,221,1,0,0,K1|Cl1,-,"e_g{z2,x2-y2}",0,,
290535,31232,Cl1 K1,221,1,0,0,K1|Cl1,-,"e_g{z2,x2-y2}",0,,
290536,31232,Cl1 K1,221,1,0,0,K1|Cl1,-,"e_g{z2,x2-y2}",0,,
290537,31232,Cl1 K1,221,1,0,0,K1|Cl1,-,"e_g{z2,x2-y2}",0,,
290538,31232,Cl1 K1,221,1,0,0,K1|Cl1,-,"e_g{z2,x2-y2}",0,,
290539,31232,Cl1 K1,221,1,0,0,K1|Cl1,-,"e_g{z2,x2-y2}",0,,
290540,31232,Cl1 K1,221,1,0,0,K1|Cl1,-,"e_g{z2,x2-y2}",0,,
290541,31232,Cl1 K1,221,1,0,0,K1|Cl1,-,"e_g{z2,x2-y2}",0,,
290542,31232,Cl1 K1,221,1,0,0,K1|Cl1,-,"e_g{z2,x2-y2}",0,,
290543,31232,Cl1 K1,221,1,0,0,K1|Cl1,-,"e_g{z2,x2-y2}",0,,
290544,31232,Cl1 K1,221,1,0,0,K1|Cl1,-,"e_g{z2,x2-y2}",0,,
290545,31232,Cl1 K1,221,1,0,0,K1|Cl1,-,"e_g{z2,x2-y2}",0,,
290546,31232,Cl1 K1,221,1,0,0,K1|Cl1,-,"e_g{z2,x2-y2}",0,,
290547,31232,Cl1 K1,221,1,0,0,K1|Cl1,-,"e_g{z2,x2-y2}",0,,
290548,31232,Cl1 K1,221,1,0,0,K1|Cl1,-,"e_g{z2,x2-y2}",0,,
290554,61556,Br1 K1,221,1,0,0,K1|Br1,-,"e_g{z2,x2-y2}",0,,
290555,61556,Br1 K1,221,1,0,0,K1|Br1,-,"e_g{z2,x2-y2}",0,,
290556,61556,Br1 K1,221,1,0,0,K1|Br1,-,"e_g{z2,x2-y2}",0,,
290557,61556,Br1 K1,221,1,0,0,K1|Br1,-,"e_g{z2,x2-y2}",0,,
290558,61556,Br1 K1,221,1,0,0,K1|Br1,-,"e_g{z2,x2-y2}",0,,
290559,61556,Br1 K1,221,1,0,0,K1|Br1,-,"e_g{z2,x2-y2}",0,,
290560,61556,Br1 K1,221,1,0,0,K1|Br1,-,"e_g{z2,x2-y2}",0,,
290561,61556,Br1 K1,221,1,0,0,K1|Br1,-,"e_g{z2,x2-y2}",0,,
290562,61556,Br1 K1,221,1,0,0,K1|Br1,-,"e_g{z2,x2-y2}",0,,
290563,61556,Br1 K1,221,1,0,0,K1|Br1,-,"e_g{z2,x2-y2}",0,,
290564,61556,Br1 K1,221,1,0,0,K1|Br1,-,"e_g{z2,x2-y2}",0,,
290565,61556,Br1 K1,221,1,0,0,K1|Br1,-,"e_g{z2,x2-y2}",0,,
290566,61556,Br1 K1,221,1,0,0,K1|Br1,-,"e_g{z2,x2-y2}",0,,
290567,61556,Br1 K1,221,1,0,0,K1|Br1,-,"e_g{z2,x2-y2}",0,,
290568,61556,Br1 K1,221,1,0,0,K1|Br1,-,"e_g{z2,x2-y2}",0,,
290569,61556,Br1 K1,221,1,0,0,K1|Br1,-,"e_g{z2,x2-y2}",0,,
290570,61556,Br1 K1,221,1,0,0,K1|Br1,-,"e_g{z2,x2-y2}",0,,
290571,61556,Br1 K1,221,1,0,0,K1|Br1,-,"e_g{z2,x2-y2}",0,,
290572,61556,Br1 K1,221,1,0,0,K1|Br1,-,"e_g{z2,x2-y2}",0,,
290573,61556,Br1 K1,221,1,0,0,K1|Br1,-,"e_g{z2,x2-y2}",0,,
290574,61556,Br1 K1,221,1,0,0,K1|Br1,-,"e_g{z2,x2-y2}",0,,
290575,61556,Br1 K1,221,1,0,0,K1|Br1,-,"e_g{z2,x2-y2}",0,,
290576,61556,Br1 K1,221,1,0,0,K1|Br1,-,"e_g{z2,x2-y2}",0,,
290577,61556,Br1 K1,221,1,0,0,K1|Br1,-,"e_g{z2,x2-y2}",0,,
290578,61556,Br1 K1,221,1,0,0,K1|Br1,-,"e_g{z2,x2-y2}",0,,
290579,61556,Br1 K1,221,1,0,0,K1|Br1,-,"e_g{z2,x2-y2}",0,,
290580,61556,Br1 K1,221,1,0,0,K1|Br1,-,"e_g{z2,x2-y2}",0,,
290581,61556,Br1 K1,221,1,0,0,K1|Br1,-,"e_g{z2,x2-y2}",0,,
290582,61556,Br1 K1,221,1,0,0,K1|Br1,-,"e_g{z2,x2-y2}",0,,
290617,23076,O3 Sr1 Ti1,221,1,0,0,Sr1|Ti1,-|3d,"e_g{z2,x2-y2}",0,,
290618,27046,O3 Sr1 Zr1,221,1,0,0,Sr1|Zr1,-|4d,"e_g{z2,x2-y2}",0,,
290872,262104,O3 Pb1 Zr1,221,1,0,0,Pb1|Zr1,-|4d,"e_g{z2,x2-y2}",1,Pb,
290873,262104,O3 Pb1 Zr1,221,1,0,0,Pb1|Zr1,-|4d,"e_g{z2,x2-y2}",1,Pb,
290874,262104,O3 Pb1 Zr1,221,1,0,0,Pb1|Zr1,-|4d,"e_g{z2,x2-y2}",1,Pb,
290875,262104,O3 Pb1 Zr1,221,1,0,0,Pb1|Zr1,-|4d,"e_g{z2,x2-y2}",1,Pb,
290876,262104,O3 Pb1 Zr1,221,1,0,0,Pb1|Zr1,-|4d,"e_g{z2,x2-y2}",1,Pb,
290877,262104,O3 Pb1 Zr1,221,1,0,0,Pb1|Zr1,-|4d,"e_g{z2,x2-y2}",1,Pb,
290878,262104,O3 Pb1 Zr1,221,1,0,0,Pb1|Zr1,-|4d,"e_g{z2,x2-y2}",1,Pb,
290879,262104,O3 Pb1 Zr1,221,1,0,0,Pb1|Zr1,-|4d,"e_g{z2,x2-y2}",1,Pb,
290889,290889,Fe1 P1 Ti1,189,1,0,0,P1,-,"p{x,y}|{xy,x2-y2}|{xz,yz}",0,,
291133,33571,Cu1 O6 Sr2 W1,87,1,0,0,Cu1|W1,3d|5d,"p{x,y}|{xz,yz}",1,,Cu2+
291134,33571,Cu1 O6 Sr2 W1,87,1,0,0,Cu1|W1,3d|5d,"p{x,y}|{xz,yz}",1,,Cu2+
291135,33571,Cu1 O6 Sr2 W1,87,1,0,0,Cu1|W1,3d|5d,"p{x,y}|{xz,yz}",1,,Cu2+
291377,81750,Co2 Ge2 La1,139,1,0,0,La1,-,"p{x,y}|{xz,yz}",0,,
291388,291388,Cs2 Cu3 F12 Sn1,166,1,0,0,Sn1,-,"p{x,y}|{xy,x2-y2}|{xz,yz}",1,Sn,Cu2+
291391,291388,Cs2 Cu3 F12 Sn1,166,1,0,0,Sn1,-,"p{x,y}|{xy,x2-y2}|{xz,yz}",1,Sn,Cu2+
291434,291434,Al1 B1 Ba1 F2 O3,174,1,0,0,Al1|Al2|B1|B2,-,"p{x,y}|{xy,x2-y2}|{xz,yz}",0,,
291907,291907,Na1 O2 Y1,166,1,0,0,Na1|Y1,-|4d,"p{x,y}|{xy,x2-y2}|{xz,yz}",0,,
291933,103644,Fe2 Sn1 V1,225,1,1,0,Sn1|V1,-|3d,"e_g{z2,x2-y2}",1,Sn,
291934,102483,Co2 Hf1 Sn1,225,1,1,0,Sn1|Hf1,-|5d,"e_g{z2,x2-y2}",1,Sn,
291935,104926,Mn1 Ni2 Sn1,225,1,1,0,Sn1|Mn1,-|3d,"e_g{z2,x2-y2}",1,Sn,
291940,57600,Al1 Co2 Cr1,225,1,0,0,Al1|Cr1,-|3d,"e_g{z2,x2-y2}",0,,
300110,300110,Be1 K4 P2,166,1,1,0,Be1,-,"p{x,y}|{xy,x2-y2}|{xz,yz}",0,,
300111,300111,As2 Be1 K4,166,1,1,0,Be1,-,"p{x,y}|{xy,x2-y2}|{xz,yz}",0,,
300190,300190,As2 Cd1 K4,166,1,1,0,Cd1,4d,"p{x,y}|{xy,x2-y2}|{xz,yz}",0,,
380468,380468,C2 Br1 Cs1 N2 Ni1,139,0,0,1,Ni1|Ni2,3d,"p{x,y}|{xz,yz}",0,,
380469,380469,C2 Cl1 Cs1 N2 Ni1,139,0,0,1,Ni1|Ni2,3d,"p{x,y}|{xz,yz}",0,,
380470,380470,C2 Br1 N2 Ni1 Rb1,139,0,0,1,Ni1|Ni2,3d,"p{x,y}|{xz,yz}",0,,
380471,380471,C2 Cl1 N2 Ni1 Rb1,139,0,0,1,Ni1|Ni2,3d,"p{x,y}|{xz,yz}",0,,
391014,391014,B6 Ba2 Co1 O12,148,0,0,1,Co1,3d,"p{x,y}|{xy,x2-y2}|{xz,yz}",0,,
401042,401042,Cl1 Cu1 K4 O15 V5,75,1,0,0,Cu1|V2|Cl1|O5,-|3d,"p{x,y}|{xz,yz}",1,,Cu2+
402290,26676,Cr1 Cu1 O2,166,1,0,0,Cu1|Cr1,3d,"p{x,y}|{xy,x2-y2}|{xz,yz}",0,,
402439,402439,Br6 Rb2 W1,225,1,0,0,W1,5d,"e_g{z2,x2-y2}",0,,
402441,402441,Br6 Cs2 W1,225,1,0,0,W1,5d,"e_g{z2,x2-y2}",0,,
402458,402458,Ni3 S2 Sn2,166,1,0,0,Sn1|Sn2,-,"p{x,y}|{xy,x2-y2}|{xz,yz}",1,Sn,
402573,402573,As2 Hg1 K4,166,1,1,0,Hg1,5d,"p{x,y}|{xy,x2-y2}|{xz,yz}",0,,
405782,405782,Co1 O6 Pb2 Te1,139,1,0,0,Co1|Te1,-|3d,"p{x,y}|{xz,yz}",1,Pb|Te,
408552,37250,Al1 F6 K2 Li1,166,1,0,0,Al1|Al2,-,"p{x,y}|{xy,x2-y2}|{xz,yz}",0,,
408553,408553,Al1 F6 K2 Li1,225,1,0,0,Al1|Li1,-,"e_g{z2,x2-y2}",0,,
409539,409539,H36 As1 Li3 N12 Se4,217,0,0,1,As1,-,"e_g{z2,x2-y2}",0,,
409544,409544,Cl18 Cs2 Nb6 Pb1,148,0,0,1,Pb1,-,"p{x,y}|{xy,x2-y2}|{xz,yz}",1,Pb,
409632,409632,Cl6 Rb2 W1,225,1,0,0,W1,5d,"e_g{z2,x2-y2}",0,,
409663,291434,Al1 B1 Ba1 F2 O3,174,1,0,0,Al1|Al2|B1|B2,-,"p{x,y}|{xy,x2-y2}|{xz,yz}",0,,
409674,409674,Cl6 Cs2 W1,225,1,0,0,W1,5d,"e_g{z2,x2-y2}",0,,
409808,409808,Cl6 Cs2 Mo1,225,1,0,0,Mo1,4d,"e_g{z2,x2-y2}",0,,
409840,409840,Cl6 K2 W1,225,1,0,0,W1,5d,"e_g{z2,x2-y2}",0,,
409919,409919,As2 K4 Zn1,166,1,1,0,Zn1,3d,"p{x,y}|{xy,x2-y2}|{xz,yz}",0,,
410312,90630,Ca2 N1,166,1,0,0,N1,-,"p{x,y}|{xy,x2-y2}|{xz,yz}",0,,
410315,69016,N1 Sr2,166,1,0,0,N1,-,"p{x,y}|{xy,x2-y2}|{xz,yz}",0,,
410384,410384,H12 N16 Pd2,87,1,0,0,Pd1|Pd2,4d,"p{x,y}|{xz,yz}",0,,
410393,410393,Cs9 F27 Ni9,166,1,1,0,Ni1|Cs1,-|3d,"p{x,y}|{xy,x2-y2}|{xz,yz}",0,,
410399,58080,Al1 Ni1 Zr1,189,1,0,0,Ni1,3d,"p{x,y}|{xy,x2-y2}|{xz,yz}",0,,
410769,172595,Cl1 N1 Sr2,166,1,0,0,Cl1|N1,-,"p{x,y}|{xy,x2-y2}|{xz,yz}",0,,
410781,410781,Ca10 O24 P6 Se1,147,0,0,1,Se1,-,"p{x,y}|{xy,x2-y2}|{xz,yz}",0,,
410785,410785,Ba10 O24 P6 S1,147,0,0,1,S1,-,"p{x,y}|{xy,x2-y2}|{xz,yz}",0,,
410801,410801,F6 Sn1 Tl2,164,1,0,0,Sn1,-,"p{x,y}|{xy,x2-y2}|{xz,yz}",1,Sn|Tl,
411179,411179,C4 Ag1 B1 N4,215,0,0,1,Ag1|B1,-|4d,"e_g{z2,x2-y2}",0,,
411253,411253,C2 Au1 Li1,187,1,0,0,Li1|Au1,-|5d,"p{x,y}|{xy,x2-y2}|{xz,yz}",0,,
411417,90630,Ca2 N1,166,1,0,0,N1,-,"p{x,y}|{xy,x2-y2}|{xz,yz}",0,,
411442,411442,Na6 O9 S2,225,0,0,1,O2,-,"e_g{z2,x2-y2}",0,,
411505,411505,Ga2 In6 O8 Pt1,225,1,0,0,Pt1,5d,"e_g{z2,x2-y2}",0,,
411612,69016,N1 Sr2,166,1,0,0,N1,-,"p{x,y}|{xy,x2-y2}|{xz,yz}",0,,
411630,411630,C6 H18 Co1 Fe1 N12,148,0,0,1,Fe1|Co1,3d,"p{x,y}|{xy,x2-y2}|{xz,yz}",0,,
411856,411856,Cs8 O19 Ta6,87,0,0,1,O5,-,"p{x,y}|{xz,yz}",0,,
411954,411954,Br2 O1 Rb4,139,1,0,0,O1,-,"p{x,y}|{xz,yz}",0,,
412142,412142,Ba2 Li1 O6 Os1,225,1,0,0,Li1|Os1,-|5d,"e_g{z2,x2-y2}",0,,
412143,412143,Ba2 Na1 O6 Os1,225,1,0,0,Na1|Os1,-|5d,"e_g{z2,x2-y2}",0,,
412159,412159,H8 Br6 N2 Re1,225,1,0,0,Re1,5d,"e_g{z2,x2-y2}",0,,
412297,412297,C8 B2 Hg1 N8,164,0,0,1,Hg1,5d,"p{x,y}|{xy,x2-y2}|{xz,yz}",0,,
412313,165988,N1 Na3,221,1,1,0,N1,-,"e_g{z2,x2-y2}",0,,
412838,53545,Fe3 Si1,225,1,0,0,Fe1|Si1,-|3d,"e_g{z2,x2-y2}",0,,
412972,412972,Na5 Ni1 O2 S1,123,0,0,1,Ni1|S1|Na2,-|3d,"p{x,y}|{xz,yz}",0,,
412977,412977,Cu1 Na5 O2 S1,123,0,0,1,Cu1|S1|Na2,-|3d,"p{x,y}|{xz,yz}",0,,
413342,413342,Cs1 Cu3 O2,164,1,0,0,Cs1,-,"p{x,y}|{xy,x2-y2}|{xz,yz}",0,,
414021,414021,C5 Cu1 Fe1 N6 O1,107,0,0,1,Fe1|Cu1|C2|N2|N3|O1,-|3d,"p{x,y}|{xz,yz}",1,,Cu2+
414329,90630,Ca2 N1,166,1,0,0,N1,-,"p{x,y}|{xy,x2-y2}|{xz,yz}",0,,
414330,69016,N1 Sr2,166,1,0,0,N1,-,"p{x,y}|{xy,x2-y2}|{xz,yz}",0,,
415258,415258,In2 Ni3 S2,166,1,0,0,In1|In2,-,"p{x,y}|{xy,x2-y2}|{xz,yz}",0,,
415547,415547,C8 B2 N8 Zn1,164,1,0,0,Zn1,3d,"p{x,y}|{xy,x2-y2}|{xz,yz}",0,,
415874,415874,Au1 F6 K1,166,0,0,1,Au1,5d,"p{x,y}|{xy,x2-y2}|{xz,yz}",0,,
415918,415918,Ba3 N4 O9 Si6,143,1,0,0,Ba1|Ba2|Ba3|N2,-,"p{x,y}|{xy,x2-y2}|{xz,yz}",0,,
416260,416260,Co2 Cr1 In1,225,1,0,0,In1|Cr1,-|3d,"e_g{z2,x2-y2}",0,,
416443,416443,C6 Co1 Cs2 Fe1 N6,225,0,0,1,Co1|Fe1,3d,"e_g{z2,x2-y2}",0,,
416605,416605,F6 Ga1 K1 Rb2,225,1,0,0,Ga1|K1,-,"e_g{z2,x2-y2}",0,,
417002,417002,As2 Rh2 Sr1,139,1,0,0,Sr1,-,"p{x,y}|{xz,yz}",0,,
417324,417324,N24 O2 P12 Zn8,217,1,0,0,O1,-,"e_g{z2,x2-y2}",0,,
417373,417373,Au1 Cl3 Cs1,123,1,0,0,Au1|Cs1|Cl2,-|5d,"p{x,y}|{xz,yz}",0,,
417604,417604,B3 Cl1 La2,174,1,0,0,Cl2,-,"p{x,y}|{xy,x2-y2}|{xz,yz}",0,,
417821,417821,C6 Cd2 N6 Os1,147,0,0,1,Os1,5d,"p{x,y}|{xy,x2-y2}|{xz,yz}",0,,
417822,417822,C6 Cd2 N6 Ru1,147,0,0,1,Ru1,4d,"p{x,y}|{xy,x2-y2}|{xz,yz}",0,,
417829,417829,Ge1 In7 Ir1 O8,216,1,0,0,Ir1|Ge1|In2,-|5d,"e_g{z2,x2-y2}",0,,
418603,173434,Fe1 O2 Sr1,123,1,0,0,Sr1|Fe1,-|3d,"p{x,y}|{xz,yz}",0,,
418605,173434,Fe1 O2 Sr1,123,1,0,0,Sr1|Fe1,-|3d,"p{x,y}|{xz,yz}",0,,
418606,173434,Fe1 O2 Sr1,123,1,0,0,Sr1|Fe1,-|3d,"p{x,y}|{xz,yz}",0,,
418735,418735,H8 Cr1 F6 N2 Na1,225,0,0,1,Cr1|Na1,-|3d,"e_g{z2,x2-y2}",0,,
418736,418736,H8 F6 Fe1 N2 Na1,225,0,0,1,Fe1|Na1,-|3d,"e_g{z2,x2-y2}",0,,
418737,418737,H8 F6 Ga1 N2 Na1,225,1,0,0,Ga1|Na1,-,"e_g{z2,x2-y2}",0,,
418991,246730,Li1 O6 Re1 Sr2,87,1,0,0,Re1|Li1,-|5d,"p{x,y}|{xz,yz}",0,,
418992,246731,Li1 O6 Re1 Sr2,225,1,0,0,Re1|Li1,-|5d,"e_g{z2,x2-y2}",0,,
418993,109260,Ba2 Na1 O6 Re1,225,1,0,0,Re1|Na1,-|5d,"e_g{z2,x2-y2}",0,,
418994,109259,Ba2 Li1 O6 Re1,225,1,0,0,Re1|Li1,-|5d,"e_g{z2,x2-y2}",0,,
419337,419337,C4 La1 N8 Rb1 Si1,82,1,0,0,La1|Rb1|Si1,-,"p{x,y}|{xz,yz}",0,,
419683,419683,C1 Al1 O1 Sc1,166,1,0,0,Sc1|Sc2,3d,"p{x,y}|{xy,x2-y2}|{xz,yz}",0,,
420137,420137,Na1 O2 V1,166,1,0,0,Na1|V1,-|3d,"p{x,y}|{xy,x2-y2}|{xz,yz}",0,,
420250,247194,In1 Pd3,139,1,1,0,In1|Pd1,-|4d,"p{x,y}|{xz,yz}",0,,
420726,5439,In2 Rh3 S2,166,1,0,0,In1|In2,-,"p{x,y}|{xy,x2-y2}|{xz,yz}",0,,
420728,420728,Rh3 S2 Sn2,166,1,1,0,Sn1|Sn2,-,"p{x,y}|{xy,x2-y2}|{xz,yz}",1,Sn,
420927,420927,H12 Ca7 Cl2,174,1,0,0,Cl1|Cl2|Ca1,-,"p{x,y}|{xy,x2-y2}|{xz,yz}",0,,
420974,420974,Ca1 Co2 Si2,139,1,0,0,Ca1,-,"p{x,y}|{xz,yz}",0,,
421109,165988,N1 Na3,221,1,1,0,N1,-,"e_g{z2,x2-y2}",0,,
421110,165988,N1 Na3,221,1,1,0,N1,-,"e_g{z2,x2-y2}",0,,
421111,165988,N1 Na3,221,1,1,0,N1,-,"e_g{z2,x2-y2}",0,,
421112,165988,N1 Na3,221,1,1,0,N1,-,"e_g{z2,x2-y2}",0,,
421113,165988,N1 Na3,221,1,1,0,N1,-,"e_g{z2,x2-y2}",0,,
421115,165988,N1 Na3,221,1,1,0,N1,-,"e_g{z2,x2-y2}",0,,
421116,165988,N1 Na3,221,1,1,0,N1,-,"e_g{z2,x2-y2}",0,,
421117,165988,N1 Na3,221,1,1,0,N1,-,"e_g{z2,x2-y2}",0,,
421118,165988,N1 Na3,221,1,1,0,N1,-,"e_g{z2,x2-y2}",0,,
421479,421479,Cl1 Li6 O5 P1,216,1,0,0,P1|O2|Cl1,-,"e_g{z2,x2-y2}",0,,
421480,421480,Br1 Li6 O5 P1,216,1,0,0,P1|O2|Br1,-,"e_g{z2,x2-y2}",0,,
421481,421480,Br1 Li6 O5 P1,216,1,0,0,P1|O2|Br1,-,"e_g{z2,x2-y2}",0,,
421489,421489,C2 K2 Pd1,164,1,0,0,Pd1,4d,"p{x,y}|{xy,x2-y2}|{xz,yz}",0,,
421490,421489,C2 K2 Pd1,164,1,0,0,Pd1,4d,"p{x,y}|{xy,x2-y2}|{xz,yz}",0,,
421491,421491,C2 K2 Pt1,164,1,0,0,Pt1,5d,"p{x,y}|{xy,x2-y2}|{xz,yz}",0,,
421492,421491,C2 K2 Pt1,164,1,0,0,Pt1,5d,"p{x,y}|{xy,x2-y2}|{xz,yz}",0,,
421493,94394,C2 Pd1 Rb2,164,1,0,0,Pd1,4d,"p{x,y}|{xy,x2-y2}|{xz,yz}",0,,
421494,94394,C2 Pd1 Rb2,164,1,0,0,Pd1,4d,"p{x,y}|{xy,x2-y2}|{xz,yz}",0,,
421507,411630,C6 H18 Co1 Fe1 N12,148,0,0,1,Co1|Fe1,3d,"p{x,y}|{xy,x2-y2}|{xz,yz}",0,,
422328,422328,Ni3 S2 Tl2,166,1,0,0,Tl1|Tl2,-,"p{x,y}|{xy,x2-y2}|{xz,yz}",1,Tl,
422858,422858,Cd1 Co3 N1,221,1,1,0,Cd1|N1,-|4d,"e_g{z2,x2-y2}",0,,
423033,24982,Ba2 Mg1 O6 W1,225,1,0,0,Mg1|W1,-|5d,"e_g{z2,x2-y2}",0,,
423034,24983,Ba2 O6 W1 Zn1,225,1,0,0,W1|Zn1,3d|5d,"e_g{z2,x2-y2}",0,,
423045,41787,B2 Co2 La1,139,1,1,0,La1,-,"p{x,y}|{xz,yz}",0,,
423459,5436,Co3 In2 S2,166,1,0,0,In1|In2,-,"p{x,y}|{xy,x2-y2}|{xz,yz}",0,,
423923,423923,Cs2 Ni1 O2,139,0,0,1,Ni1,3d,"p{x,y}|{xz,yz}",0,,
423939,423939,Cd1 Ni4 Y1,216,1,1,0,Y1|Cd1,4d,"e_g{z2,x2-y2}",0,,
424349,200009,Fe2 Na1 O3,164,1,0,0,Na1|O1,-,"p{x,y}|{xy,x2-y2}|{xz,yz}",0,,
424686,424686,K1 Ni2 Se2,139,1,0,0,K1,-,"p{x,y}|{xz,yz}",0,,
424820,27049,Ba1 O3 Sn1,221,1,0,0,Ba1|Sn1,-,"e_g{z2,x2-y2}",1,Sn,
425136,5437,Co3 In1 S2 Sn1,166,1,1,0,In1|Sn1,-,"p{x,y}|{xy,x2-y2}|{xz,yz}",1,Sn,
425137,425137,Co3 In1 S2 Sn1,166,1,1,0,Sn1|In1,-,"p{x,y}|{xy,x2-y2}|{xz,yz}",1,Sn,
425467,425467,Ca1 Fe2 Si2,139,1,0,0,Ca1,-,"p{x,y}|{xz,yz}",0,,
425834,425834,H6 Cl2 Cu3 O6 Zn1,166,1,1,0,Zn1,3d,"p{x,y}|{xy,x2-y2}|{xz,yz}",1,,Cu2+
425869,425869,Ag1 Ge2 O12 P3,148,0,0,1,Ag2,4d,"p{x,y}|{xy,x2-y2}|{xz,yz}",0,,
425912,425912,Cs2 F6 Tc1,164,0,0,1,Tc1,4d,"p{x,y}|{xy,x2-y2}|{xz,yz}",0,,
425914,425914,F6 K2 Tc1,164,0,0,1,Tc1,4d,"p{x,y}|{xy,x2-y2}|{xz,yz}",0,,
425915,425915,F6 Na2 Tc1,164,0,0,1,Tc1,4d,"p{x,y}|{xy,x2-y2}|{xz,yz}",0,,
425918,425918,F6 Rb2 Tc1,164,0,0,1,Tc1,4d,"p{x,y}|{xy,x2-y2}|{xz,yz}",0,,
426524,25519,Cl4 O1 W1,79,1,0,0,W1|O1,-|5d,"p{x,y}|{xz,yz}",0,,
426752,5435,Co3 S2 Sn2,166,1,1,0,Sn1|Sn2,-,"p{x,y}|{xy,x2-y2}|{xz,yz}",1,Sn,
426753,5435,Co3 S2 Sn2,166,1,1,0,Sn1|Sn2,-,"p{x,y}|{xy,x2-y2}|{xz,yz}",1,Sn,
427064,152679,Ba2 Ir1 O6 Y1,225,1,0,0,Y1|Ir1,4d|5d,"e_g{z2,x2-y2}",0,,
427109,53088,Co2 Si2 Y1,139,1,0,0,Y1,4d,"p{x,y}|{xz,yz}",0,,
427115,427115,I1 Na1 O6 Pb2,225,1,1,0,I1|Na1,-,"e_g{z2,x2-y2}",1,Pb,
428737,428737,Li14 N6 O3 P2,147,1,0,0,O2,-,"p{x,y}|{xy,x2-y2}|{xz,yz}",0,,
429814,248042,B1 Ba1 F1 O3 Zn1,174,1,1,0,Ba1|Zn1|F1|B1,-|3d,"p{x,y}|{xy,x2-y2}|{xz,yz}",0,,
429826,429826,Ba1 Co1 Na2 O8 V2,164,0,0,1,Ba1|Co1,-|3d,"p{x,y}|{xy,x2-y2}|{xz,yz}",0,,
430299,430299,Cs1 O1 S2 V2,123,1,0,0,Cs1|O1,-,"p{x,y}|{xz,yz}",0,,
431754,431754,K1 Ni2 S2,139,1,0,0,K1,-,"p{x,y}|{xz,yz}",0,,
600112,53745,Ge1 Ni3,221,1,1,0,Ge1,-,"e_g{z2,x2-y2}",0,,
600224,76413,Ni3 Si1,221,1,1,0,Si1,-,"e_g{z2,x2-y2}",0,,
600299,44667,Ir2 Si2 Y1,139,1,0,0,Y1,4d,"p{x,y}|{xz,yz}",0,,
600409,54245,La1 Ni5,191,1,1,0,La1,-,"p{x,y}|{xy,x2-y2}|{xz,yz}",0,,
600442,102731,Co5 Y1,191,1,0,0,Y1,4d,"p{x,y}|{xy,x2-y2}|{xz,yz}",0,,
600519,53545,Fe3 Si1,225,1,0,0,Fe1|Si1,-|3d,"e_g{z2,x2-y2}",0,,
600664,23929,Co9 S8,225,1,0,0,Co1,3d,"e_g{z2,x2-y2}",0,,
601018,601018,Ni5 Zr1,216,1,1,0,Zr1|Ni1,3d|4d,"e_g{z2,x2-y2}",0,,
601182,26861,S2 Ti1,164,1,0,0,Ti1,3d,"p{x,y}|{xy,x2-y2}|{xz,yz}",0,,
601315,26861,S2 Ti1,164,1,0,0,Ti1,3d,"p{x,y}|{xy,x2-y2}|{xz,yz}",0,,
601417,601417,La1 Rh2 Si2,139,1,0,0,La1,-,"p{x,y}|{xz,yz}",0,,
601614,601417,La1 Rh2 Si2,139,1,0,0,La1,-,"p{x,y}|{xz,yz}",0,,
601621,54245,La1 Ni5,191,1,1,0,La1,-,"p{x,y}|{xy,x2-y2}|{xz,yz}",0,,
602015,54245,La1 Ni5,191,1,1,0,La1,-,"p{x,y}|{xy,x2-y2}|{xz,yz}",0,,
602041,100706,Fe1 Ga2 S4,164,1,0,0,Fe1,3d,"p{x,y}|{xy,x2-y2}|{xz,yz}",0,,
602345,23653,B2 Co2 Y1,139,1,0,0,Y1,4d,"p{x,y}|{xz,yz}",0,,
602356,23336,Cu4 K1 S3,123,1,0,0,K1|S1,-,"p{x,y}|{xz,yz}",0,,
602358,23336,Cu4 K1 S3,123,1,0,0,K1|S1,-,"p{x,y}|{xz,yz}",0,,
603022,102423,Co1 Ga1,221,1,0,0,Co1|Ga1,-|3d,"e_g{z2,x2-y2}",0,,
603118,18007,Mn1 S1,225,1,0,0,Mn1|S1,-|3d,"e_g{z2,x2-y2}",0,,
603133,89980,Ga1 S8 V4,216,1,0,0,Ga1,-,"e_g{z2,x2-y2}",0,,
603788,26861,S2 Ti1,164,1,0,0,Ti1,3d,"p{x,y}|{xy,x2-y2}|{xz,yz}",0,,
603845,54245,La1 Ni5,191,1,1,0,La1,-,"p{x,y}|{xy,x2-y2}|{xz,yz}",0,,
603868,54422,Ni5 Y1,191,1,1,0,Y1,4d,"p{x,y}|{xy,x2-y2}|{xz,yz}",0,,
603880,601417,La1 Rh2 Si2,139,1,0,0,La1,-,"p{x,y}|{xz,yz}",0,,
604410,58038,Al1 Ni3,221,1,1,0,Al1,-,"e_g{z2,x2-y2}",0,,
604416,26861,S2 Ti1,164,1,0,0,Ti1,3d,"p{x,y}|{xy,x2-y2}|{xz,yz}",0,,
604623,601417,La1 Rh2 Si2,139,1,0,0,La1,-,"p{x,y}|{xz,yz}",0,,
605791,605791,Ag2 Sc1,139,1,0,0,Sc1,3d,"p{x,y}|{xz,yz}",0,,
605793,605791,Ag2 Sc1,139,1,0,0,Sc1,3d,"p{x,y}|{xz,yz}",0,,
606532,57596,Al1 Co1,221,1,0,0,Al1|Co1,-|3d,"e_g{z2,x2-y2}",0,,
606533,57596,Al1 Co1,221,1,0,0,Al1|Co1,-|3d,"e_g{z2,x2-y2}",0,,
606535,57596,Al1 Co1,221,1,0,0,Al1|Co1,-|3d,"e_g{z2,x2-y2}",0,,
606590,57611,Al1 Co2 Hf1,225,1,0,0,Al1|Hf1,-|5d,"e_g{z2,x2-y2}",0,,
606611,57618,Al1 Co2 Mn1,225,1,0,0,Al1|Mn1,-|3d,"e_g{z2,x2-y2}",0,,
606614,57618,Al1 Co2 Mn1,225,1,0,0,Al1|Mn1,-|3d,"e_g{z2,x2-y2}",0,,
606622,57620,Al1 Co2 Nb1,225,1,0,0,Al1|Nb1,-|4d,"e_g{z2,x2-y2}",0,,
606667,57634,Al1 Co2 Ta1,225,1,0,0,Al1|Ta1,-|5d,"e_g{z2,x2-y2}",0,,
606679,185966,Al1 Co2 Ti1,225,1,1,0,Al1|Ti1,-|3d,"e_g{z2,x2-y2}",0,,
606680,185966,Al1 Co2 Ti1,225,1,1,0,Al1|Ti1,-|3d,"e_g{z2,x2-y2}",0,,
606682,185966,Al1 Co2 Ti1,225,1,1,0,Al1|Ti1,-|3d,"e_g{z2,x2-y2}",0,,
606685,185966,Al1 Co2 Ti1,225,1,1,0,Al1|Ti1,-|3d,"e_g{z2,x2-y2}",0,,
606704,57643,Al1 Co2 V1,225,1,0,0,Al1|V1,-|3d,"e_g{z2,x2-y2}",0,,
606705,57643,Al1 Co2 V1,225,1,0,0,Al1|V1,-|3d,"e_g{z2,x2-y2}",0,,
606733,57648,Al1 Co2 Zr1,225,1,0,0,Al1|Zr1,-|4d,"e_g{z2,x2-y2}",0,,
606737,57648,Al1 Co2 Zr1,225,1,0,0,Al1|Zr1,-|4d,"e_g{z2,x2-y2}",0,,
606738,57648,Al1 Co2 Zr1,225,1,0,0,Al1|Zr1,-|4d,"e_g{z2,x2-y2}",0,,
607481,55601,Al1 Fe1,221,1,0,0,Al1|Fe1,-|3d,"e_g{z2,x2-y2}",0,,
607482,57793,Al1 Fe3,225,1,1,0,Al1|Fe1,-|3d,"e_g{z2,x2-y2}",0,,
607484,57793,Al1 Fe3,225,1,1,0,Al1|Fe1,-|3d,"e_g{z2,x2-y2}",0,,
607485,57793,Al1 Fe3,225,1,1,0,Al1|Fe1,-|3d,"e_g{z2,x2-y2}",0,,
607487,55601,Al1 Fe1,221,1,0,0,Al1|Fe1,-|3d,"e_g{z2,x2-y2}",0,,
607535,607535,Al8 Fe4 Hf1,139,1,1,0,Hf1,5d,"p{x,y}|{xz,yz}",0,,
607619,607619,Al2 Fe1 S4,160,1,0,0,Fe1|Al1|Al2|S1|S2|S3|S4,-|3d,"p{x,y}|{xy,x2-y2}|{xz,yz}",0,,
607626,240138,Al8 Fe4 Sc1,139,1,0,0,Sc1,3d,"p{x,y}|{xz,yz}",0,,
607728,57842,Al8 Fe4 Y1,139,1,1,0,Y1,4d,"p{x,y}|{xz,yz}",0,,
607735,57842,Al8 Fe4 Y1,139,1,1,0,Y1,4d,"p{x,y}|{xz,yz}",0,,
607756,607756,Al8 Fe4 Zr1,139,1,1,0,Zr1,4d,"p{x,y}|{xz,yz}",0,,
608456,57969,Al1 Mn1,123,1,0,0,Al1|Mn1,-|3d,"p{x,y}|{xz,yz}",0,,
608658,58015,Al3 Nb1,139,1,0,0,Al1|Nb1,-|4d,"p{x,y}|{xz,yz}",0,,
608663,58015,Al3 Nb1,139,1,0,0,Al1|Nb1,-|4d,"p{x,y}|{xz,yz}",0,,
608670,58015,Al3 Nb1,139,1,0,0,Al1|Nb1,-|4d,"p{x,y}|{xz,yz}",0,,
608672,58015,Al3 Nb1,139,1,0,0,Al1|Nb1,-|4d,"p{x,y}|{xz,yz}",0,,
608682,58015,Al3 Nb1,139,1,0,0,Al1|Nb1,-|4d,"p{x,y}|{xz,yz}",0,,
608686,58015,Al3 Nb1,139,1,0,0,Al1|Nb1,-|4d,"p{x,y}|{xz,yz}",0,,
608690,58015,Al3 Nb1,139,1,0,0,Al1|Nb1,-|4d,"p{x,y}|{xz,yz}",0,,
608781,58038,Al1 Ni3,221,1,1,0,Al1,-,"e_g{z2,x2-y2}",0,,
608782,58038,Al1 Ni3,221,1,1,0,Al1,-,"e_g{z2,x2-y2}",0,,
608790,58038,Al1 Ni3,221,1,1,0,Al1,-,"e_g{z2,x2-y2}",0,,
608797,58038,Al1 Ni3,221,1,1,0,Al1,-,"e_g{z2,x2-y2}",0,,
608799,58038,Al1 Ni3,221,1,1,0,Al1,-,"e_g{z2,x2-y2}",0,,
608811,58038,Al1 Ni3,221,1,1,0,Al1,-,"e_g{z2,x2-y2}",0,,
608814,58038,Al1 Ni3,221,1,1,0,Al1,-,"e_g{z2,x2-y2}",0,,
608967,58080,Al1 Ni1 Zr1,189,1,0,0,Ni2,3d,"p{x,y}|{xy,x2-y2}|{xz,yz}",0,,
608978,58080,Al1 Ni1 Zr1,189,1,0,0,Ni2,3d,"p{x,y}|{xy,x2-y2}|{xz,yz}",0,,
609613,58201,Al3 V1,139,1,1,0,Al1|V1,-|3d,"p{x,y}|{xz,yz}",0,,
609617,58201,Al3 V1,139,1,1,0,Al1|V1,-|3d,"p{x,y}|{xz,yz}",0,,
609899,609899,As2 Ca1 Co2,139,1,0,0,Ca1,-,"p{x,y}|{xz,yz}",0,,
609906,41792,As2 Ca1 Mn2,164,1,0,0,Ca1,-,"p{x,y}|{xy,x2-y2}|{xz,yz}",0,,
609965,609965,As1 Cd1 Li1,216,1,0,0,As1|Cd1|Li1,-|4d,"e_g{z2,x2-y2}",0,,
609966,609965,As1 Cd1 Li1,216,1,0,0,Li1|Cd1|As1,-|4d,"e_g{z2,x2-y2}",0,,
610073,610073,As2 Co2 La1,139,1,0,0,La1,-,"p{x,y}|{xz,yz}",0,,
610275,610275,As1 Cr1 Ti1,189,1,0,0,As2,-,"p{x,y}|{xy,x2-y2}|{xz,yz}",0,,
610530,610530,As1 Fe1 Ti1,189,1,0,0,As2,-,"p{x,y}|{xy,x2-y2}|{xz,yz}",0,,
611956,611956,Au2 Hf1,139,1,0,0,Hf1,5d,"p{x,y}|{xz,yz}",0,,
612166,52673,Au1 Mn1 Sb1,216,1,0,0,Au1|Mn1|Sb1,-|3d|5d,"e_g{z2,x2-y2}",1,Sb,
612167,52673,Au1 Mn1 Sb1,216,1,0,0,Au1|Mn1|Sb1,-|3d|5d,"e_g{z2,x2-y2}",1,Sb,
612171,52673,Au1 Mn1 Sb1,216,1,0,0,Au1|Mn1|Sb1,-|3d|5d,"e_g{z2,x2-y2}",1,Sb,
612227,612227,Au1 Ni4 Sc1,216,1,1,0,Sc1|Au1,3d|5d,"e_g{z2,x2-y2}",0,,
612233,612233,Au1 Ni4 Y1,216,1,1,0,Y1|Au1,4d|5d,"e_g{z2,x2-y2}",0,,
612460,612460,Au4 V1,87,1,0,0,V1,3d,"p{x,y}|{xz,yz}",0,,
612562,612562,C3 B12,166,1,0,0,C1,-,"p{x,y}|{xy,x2-y2}|{xz,yz}",0,,
613135,41787,B2 Co2 La1,139,1,1,0,La1,-,"p{x,y}|{xz,yz}",0,,
613409,23653,B2 Co2 Y1,139,1,0,0,Y1,4d,"p{x,y}|{xz,yz}",0,,
613423,23653,B2 Co2 Y1,139,1,0,0,Y1,4d,"p{x,y}|{xz,yz}",0,,
614046,614046,B1 Fe1 Nb1,189,1,0,0,B2,-,"p{x,y}|{xy,x2-y2}|{xz,yz}",0,,
614205,614205,B1 Fe1 Ta1,189,1,0,0,B2,-,"p{x,y}|{xy,x2-y2}|{xz,yz}",0,,
615341,44568,B1 Rh3 Y1,221,1,1,0,Y1|B1,-|4d,"e_g{z2,x2-y2}",0,,
615792,56160,C2 Ba1,139,1,0,0,Ba1,-,"p{x,y}|{xz,yz}",0,,
615794,56160,C2 Ba1,139,1,0,0,Ba1,-,"p{x,y}|{xz,yz}",0,,
615832,89575,Ba1 Cu2 S2,139,1,0,0,Ba1,-,"p{x,y}|{xz,yz}",0,,
615834,89575,Ba1 Cu2 S2,139,1,0,0,Ba1,-,"p{x,y}|{xz,yz}",0,,
615837,89575,Ba1 Cu2 S2,139,1,0,0,Ba1,-,"p{x,y}|{xz,yz}",0,,
616030,58672,Ba1 Pd5,191,1,1,0,Ba1,-,"p{x,y}|{xy,x2-y2}|{xz,yz}",0,,
616204,58693,Be1 Co1,221,1,0,0,Be1|Co1,-|3d,"e_g{z2,x2-y2}",0,,
616206,58693,Be1 Co1,221,1,0,0,Be1|Co1,-|3d,"e_g{z2,x2-y2}",0,,
616267,616267,Be5 Fe1,216,1,0,0,Fe1|Be1,-|3d,"e_g{z2,x2-y2}",0,,
616363,58726,Be1 Ni1,221,1,0,0,Be1|Ni1,-|3d,"e_g{z2,x2-y2}",0,,
616367,58726,Be1 Ni1,221,1,0,0,Be1|Ni1,-|3d,"e_g{z2,x2-y2}",0,,
617912,23586,C1 Ga1 Mn3,221,1,0,0,C1|Ga1,-,"e_g{z2,x2-y2}",0,,
617913,23586,C1 Ga1 Mn3,221,1,0,0,C1|Ga1,-,"e_g{z2,x2-y2}",0,,
617914,23586,C1 Ga1 Mn3,221,1,0,0,C1|Ga1,-,"e_g{z2,x2-y2}",0,,
618271,77153,C1 Mn3 Sn1,221,1,0,0,C1|Sn1,-,"e_g{z2,x2-y2}",1,Sn,
618272,77153,C1 Mn3 Sn1,221,1,0,0,C1|Sn1,-,"e_g{z2,x2-y2}",1,Sn,
618284,77154,C1 Mn3 Zn1,221,1,0,0,C1|Zn1,-|3d,"e_g{z2,x2-y2}",0,,
619188,58874,Ca1 Cd1,221,1,0,0,Ca1|Cd1,-|4d,"e_g{z2,x2-y2}",0,,
619210,10462,Ca1 Co2 P2,139,1,0,0,Ca1,-,"p{x,y}|{xz,yz}",0,,
619438,54474,Ca1 Ni5,191,1,1,0,Ca1,-,"p{x,y}|{xy,x2-y2}|{xz,yz}",0,,
619442,54474,Ca1 Ni5,191,1,1,0,Ca1,-,"p{x,y}|{xy,x2-y2}|{xz,yz}",0,,
619446,54474,Ca1 Ni5,191,1,1,0,Ca1,-,"p{x,y}|{xy,x2-y2}|{xz,yz}",0,,
619447,54474,Ca1 Ni5,191,1,1,0,Ca1,-,"p{x,y}|{xy,x2-y2}|{xz,yz}",0,,
619449,54474,Ca1 Ni5,191,1,1,0,Ca1,-,"p{x,y}|{xy,x2-y2}|{xz,yz}",0,,
619452,54474,Ca1 Ni5,191,1,1,0,Ca1,-,"p{x,y}|{xy,x2-y2}|{xz,yz}",0,,
619462,20275,Ca1 O2,139,1,0,0,Ca1,-,"p{x,y}|{xz,yz}",0,,
620293,102052,Cd1 Pt1,123,1,0,0,Cd1|Pt1,4d|5d,"p{x,y}|{xz,yz}",0,,
620295,102052,Cd1 Pt1,123,1,0,0,Cd1|Pt1,4d|5d,"p{x,y}|{xz,yz}",0,,
620296,102052,Cd1 Pt1,123,1,0,0,Cd1|Pt1,4d|5d,"p{x,y}|{xz,yz}",0,,
620407,102061,Cd1 Sc1,221,1,0,0,Cd1|Sc1,3d|4d,"e_g{z2,x2-y2}",0,,
622529,622529,Co2 Cs1 S2,139,1,0,0,Cs1,-,"p{x,y}|{xz,yz}",0,,
622533,622533,Co2 Cs1 Se2,139,1,0,0,Cs1,-,"p{x,y}|{xz,yz}",0,,
622884,56273,Co1 Fe1,221,1,0,0,Co1|Fe1,3d,"e_g{z2,x2-y2}",0,,
622905,185936,Co2 Fe1 Ge1,225,1,0,0,Fe1|Ge1,-|3d,"e_g{z2,x2-y2}",0,,
622985,52958,Co2 Fe1 Si1,225,1,0,0,Fe1|Si1,-|3d,"e_g{z2,x2-y2}",0,,
623049,102423,Co1 Ga1,221,1,0,0,Co1|Ga1,-|3d,"e_g{z2,x2-y2}",0,,
623050,102423,Co1 Ga1,221,1,0,0,Co1|Ga1,-|3d,"e_g{z2,x2-y2}",0,,
623053,102423,Co1 Ga1,221,1,0,0,Co1|Ga1,-|3d,"e_g{z2,x2-y2}",0,,
623057,102423,Co1 Ga1,221,1,0,0,Co1|Ga1,-|3d,"e_g{z2,x2-y2}",0,,
623080,102433,Co2 Ga1 Hf1,225,1,1,0,Ga1|Hf1,-|5d,"e_g{z2,x2-y2}",0,,
623116,102438,Co2 Ga1 Mn1,225,1,0,0,Ga1|Mn1,-|3d,"e_g{z2,x2-y2}",0,,
623118,102438,Co2 Ga1 Mn1,225,1,0,0,Ga1|Mn1,-|3d,"e_g{z2,x2-y2}",0,,
623121,102438,Co2 Ga1 Mn1,225,1,0,0,Ga1|Mn1,-|3d,"e_g{z2,x2-y2}",0,,
623126,102441,Co2 Ga1 Nb1,225,1,0,0,Ga1|Nb1,-|4d,"e_g{z2,x2-y2}",0,,
623206,102453,Co2 Ga1 Ti1,225,1,0,0,Ga1|Ti1,-|3d,"e_g{z2,x2-y2}",0,,
623207,102453,Co2 Ga1 Ti1,225,1,0,0,Ga1|Ti1,-|3d,"e_g{z2,x2-y2}",0,,
623209,102453,Co2 Ga1 Ti1,225,1,0,0,Ga1|Ti1,-|3d,"e_g{z2,x2-y2}",0,,
623211,102453,Co2 Ga1 Ti1,225,1,0,0,Ga1|Ti1,-|3d,"e_g{z2,x2-y2}",0,,
623228,102456,Co2 Ga1 V1,225,1,0,0,Ga1|V1,-|3d,"e_g{z2,x2-y2}",0,,
623230,102456,Co2 Ga1 V1,225,1,0,0,Ga1|V1,-|3d,"e_g{z2,x2-y2}",0,,
623460,81750,Co2 Ge2 La1,139,1,0,0,La1,-,"p{x,y}|{xz,yz}",0,,
623489,52971,Co2 Ge1 Mn1,225,1,0,0,Ge1|Mn1,-|3d,"e_g{z2,x2-y2}",0,,
623490,52971,Co2 Ge1 Mn1,225,1,0,0,Ge1|Mn1,-|3d,"e_g{z2,x2-y2}",0,,
623496,52971,Co2 Ge1 Mn1,225,1,0,0,Ge1|Mn1,-|3d,"e_g{z2,x2-y2}",0,,
623633,169468,Co2 Ge1 Ti1,225,1,1,0,Ge1|Ti1,-|3d,"e_g{z2,x2-y2}",0,,
623637,169468,Co2 Ge1 Ti1,225,1,1,0,Ge1|Ti1,-|3d,"e_g{z2,x2-y2}",0,,
623662,81748,Co2 Ge2 Y1,139,1,0,0,Y1,4d,"p{x,y}|{xz,yz}",0,,
623806,102483,Co2 Hf1 Sn1,225,1,1,0,Hf1|Sn1,-|5d,"e_g{z2,x2-y2}",1,Sn,
623956,623956,Co2 K1 S2,139,1,1,0,K1,-,"p{x,y}|{xz,yz}",0,,
623961,67370,Co2 K1 Se2,139,1,0,0,K1,-,"p{x,y}|{xz,yz}",0,,
624010,87581,Co2 La1 P2,139,1,0,0,La1,-,"p{x,y}|{xz,yz}",0,,
624126,53001,Co1 Mn1 Sb1,216,1,1,0,Co1|Mn1|Sb1,-|3d,"e_g{z2,x2-y2}",1,Sb,
624129,53002,Co2 Mn1 Sb1,225,1,0,0,Mn1|Sb1,-|3d,"e_g{z2,x2-y2}",1,Sb,
624133,53001,Co1 Mn1 Sb1,216,1,1,0,Co1|Mn1|Sb1,-|3d,"e_g{z2,x2-y2}",1,Sb,
624141,53007,Co2 Mn1 Si1,225,1,0,0,Mn1|Si1,-|3d,"e_g{z2,x2-y2}",0,,
624143,53007,Co2 Mn1 Si1,225,1,0,0,Mn1|Si1,-|3d,"e_g{z2,x2-y2}",0,,
624144,53007,Co2 Mn1 Si1,225,1,0,0,Mn1|Si1,-|3d,"e_g{z2,x2-y2}",0,,
624157,53007,Co2 Mn1 Si1,225,1,0,0,Mn1|Si1,-|3d,"e_g{z2,x2-y2}",0,,
624165,102531,Co2 Mn1 Sn1,225,1,0,0,Mn1|Sn1,-|3d,"e_g{z2,x2-y2}",1,Sn,
624166,102531,Co2 Mn1 Sn1,225,1,0,0,Mn1|Sn1,-|3d,"e_g{z2,x2-y2}",1,Sn,
624169,102531,Co2 Mn1 Sn1,225,1,0,0,Mn1|Sn1,-|3d,"e_g{z2,x2-y2}",1,Sn,
624171,102531,Co2 Mn1 Sn1,225,1,0,0,Mn1|Sn1,-|3d,"e_g{z2,x2-y2}",1,Sn,
624172,102531,Co2 Mn1 Sn1,225,1,0,0,Mn1|Sn1,-|3d,"e_g{z2,x2-y2}",1,Sn,
624173,102531,Co2 Mn1 Sn1,225,1,0,0,Mn1|Sn1,-|3d,"e_g{z2,x2-y2}",1,Sn,
624177,102531,Co2 Mn1 Sn1,225,1,0,0,Mn1|Sn1,-|3d,"e_g{z2,x2-y2}",1,Sn,
624326,102554,Co2 Nb1 Sn1,225,1,0,0,Nb1|Sn1,-|4d,"e_g{z2,x2-y2}",1,Sn,
624333,102554,Co2 Nb1 Sn1,225,1,0,0,Nb1|Sn1,-|4d,"e_g{z2,x2-y2}",1,Sn,
624575,9865,Co1 O1,225,1,0,0,Co1|O1,-|3d,"e_g{z2,x2-y2}",0,,
624580,9865,Co1 O1,225,1,0,0,Co1|O1,-|3d,"e_g{z2,x2-y2}",0,,
624795,624795,Co2 Rb1 S2,139,1,0,0,Rb1,-,"p{x,y}|{xz,yz}",0,,
624798,624798,Co2 Rb1 Se2,139,1,0,0,Rb1,-,"p{x,y}|{xz,yz}",0,,
624834,23929,Co9 S8,225,1,0,0,Co1,3d,"e_g{z2,x2-y2}",0,,
624867,5435,Co3 S2 Sn2,166,1,1,0,Sn1|Sn2,-,"p{x,y}|{xy,x2-y2}|{xz,yz}",1,Sn,
624879,100438,Co2 S2 Tl1,139,1,0,0,Tl1,-,"p{x,y}|{xz,yz}",1,Tl,
624925,53071,Co1 Sb1 V1,216,1,0,0,Co1|Sb1|V1,-|3d,"e_g{z2,x2-y2}",1,Sb,
624932,102642,Co1 Sc1,221,1,0,0,Sc1|Co1,3d,"e_g{z2,x2-y2}",0,,
624957,624957,Co2 Sc1 Si2,139,1,0,0,Sc1,3d,"p{x,y}|{xz,yz}",0,,
624959,624957,Co2 Sc1 Si2,139,1,0,0,Sc1,3d,"p{x,y}|{xz,yz}",0,,
625007,67362,Co2 Se2 Tl1,139,1,0,0,Tl1,-,"p{x,y}|{xz,yz}",1,Tl,
625083,53080,Co2 Si1 Ti1,225,1,1,0,Si1|Ti1,-|3d,"e_g{z2,x2-y2}",0,,
625128,53088,Co2 Si2 Y1,139,1,0,0,Y1,4d,"p{x,y}|{xz,yz}",0,,
625264,55564,Co1 Sn1,191,1,0,0,Sn1,-,"p{x,y}|{xy,x2-y2}|{xz,yz}",1,Sn,
625282,102682,Co2 Sn1 Ti1,225,1,1,0,Sn1|Ti1,-|3d,"e_g{z2,x2-y2}",1,Sn,
625285,102682,Co2 Sn1 Ti1,225,1,1,0,Sn1|Ti1,-|3d,"e_g{z2,x2-y2}",1,Sn,
625286,102682,Co2 Sn1 Ti1,225,1,1,0,Sn1|Ti1,-|3d,"e_g{z2,x2-y2}",1,Sn,
625289,102682,Co2 Sn1 Ti1,225,1,1,0,Sn1|Ti1,-|3d,"e_g{z2,x2-y2}",1,Sn,
625291,102682,Co2 Sn1 Ti1,225,1,1,0,Sn1|Ti1,-|3d,"e_g{z2,x2-y2}",1,Sn,
625292,102682,Co2 Sn1 Ti1,225,1,1,0,Sn1|Ti1,-|3d,"e_g{z2,x2-y2}",1,Sn,
625303,102684,Co2 Sn1 V1,225,1,0,0,Sn1|V1,-|3d,"e_g{z2,x2-y2}",1,Sn,
625306,102684,Co2 Sn1 V1,225,1,0,0,Sn1|V1,-|3d,"e_g{z2,x2-y2}",1,Sn,
625312,102687,Co2 Sn1 Zr1,225,1,1,0,Sn1|Zr1,-|4d,"e_g{z2,x2-y2}",1,Sn,
625314,102687,Co2 Sn1 Zr1,225,1,1,0,Sn1|Zr1,-|4d,"e_g{z2,x2-y2}",1,Sn,
625318,102687,Co2 Sn1 Zr1,225,1,1,0,Sn1|Zr1,-|4d,"e_g{z2,x2-y2}",1,Sn,
625462,97992,Co3 Ti1,221,1,0,0,Ti1,3d,"e_g{z2,x2-y2}",0,,
625468,97992,Co3 Ti1,221,1,0,0,Ti1,3d,"e_g{z2,x2-y2}",0,,
625473,102705,Co1 Ti1,221,1,0,0,Co1|Ti1,3d,"e_g{z2,x2-y2}",0,,
625477,102705,Co1 Ti1,221,1,0,0,Co1|Ti1,3d,"e_g{z2,x2-y2}",0,,
625481,97992,Co3 Ti1,221,1,0,0,Ti1,3d,"e_g{z2,x2-y2}",0,,
625484,97992,Co3 Ti1,221,1,0,0,Ti1,3d,"e_g{z2,x2-y2}",0,,
625488,102705,Co1 Ti1,221,1,0,0,Co1|Ti1,3d,"e_g{z2,x2-y2}",0,,
625573,102731,Co5 Y1,191,1,0,0,Y1,4d,"p{x,y}|{xy,x2-y2}|{xz,yz}",0,,
625577,102731,Co5 Y1,191,1,0,0,Y1,4d,"p{x,y}|{xy,x2-y2}|{xz,yz}",0,,
625579,102731,Co5 Y1,191,1,0,0,Y1,4d,"p{x,y}|{xy,x2-y2}|{xz,yz}",0,,
625587,102731,Co5 Y1,191,1,0,0,Y1,4d,"p{x,y}|{xy,x2-y2}|{xz,yz}",0,,
625591,102731,Co5 Y1,191,1,0,0,Y1,4d,"p{x,y}|{xy,x2-y2}|{xz,yz}",0,,
625597,102731,Co5 Y1,191,1,0,0,Y1,4d,"p{x,y}|{xy,x2-y2}|{xz,yz}",0,,
625603,102731,Co5 Y1,191,1,0,0,Y1,4d,"p{x,y}|{xy,x2-y2}|{xz,yz}",0,,
625616,102731,Co5 Y1,191,1,0,0,Y1,4d,"p{x,y}|{xy,x2-y2}|{xz,yz}",0,,
625623,102731,Co5 Y1,191,1,0,0,Y1,4d,"p{x,y}|{xy,x2-y2}|{xz,yz}",0,,
625630,102731,Co5 Y1,191,1,0,0,Y1,4d,"p{x,y}|{xy,x2-y2}|{xz,yz}",0,,
625634,102731,Co5 Y1,191,1,0,0,Y1,4d,"p{x,y}|{xy,x2-y2}|{xz,yz}",0,,
625642,102731,Co5 Y1,191,1,0,0,Y1,4d,"p{x,y}|{xy,x2-y2}|{xz,yz}",0,,
625667,102737,Co1 Zr1,221,1,0,0,Co1|Zr1,3d|4d,"e_g{z2,x2-y2}",0,,
625675,102737,Co1 Zr1,221,1,0,0,Co1|Zr1,3d|4d,"e_g{z2,x2-y2}",0,,
625704,102737,Co1 Zr1,221,1,0,0,Co1|Zr1,3d|4d,"e_g{z2,x2-y2}",0,,
626107,626107,Cr6 Ge6 Sc1,191,1,0,0,Sc1,3d,"p{x,y}|{xy,x2-y2}|{xz,yz}",0,,
626718,626718,Cr1 Se2,164,1,0,0,Cr1,3d,"p{x,y}|{xy,x2-y2}|{xz,yz}",0,,
627060,38247,Cs1 O2,139,1,0,0,Cs1,-,"p{x,y}|{xz,yz}",0,,
627062,38247,Cs1 O2,139,1,0,0,Cs1,-,"p{x,y}|{xz,yz}",0,,
628019,102996,Cu2 In1 Mn1,225,1,1,0,In1|Mn1,-|3d,"e_g{z2,x2-y2}",0,,
628385,42978,Cu1 Mn1 Sb1,216,1,0,0,Cu1|Mn1|Sb1,-|3d,"e_g{z2,x2-y2}",1,Sb,
628386,42978,Cu1 Mn1 Sb1,216,1,0,0,Cu1|Mn1|Sb1,-|3d,"e_g{z2,x2-y2}",1,Sb,
628393,42978,Cu1 Mn1 Sb1,216,1,0,0,Cu1|Mn1|Sb1,-|3d,"e_g{z2,x2-y2}",1,Sb,
629380,103132,Cu3 Ti2,139,1,0,0,Cu1,3d,"p{x,y}|{xz,yz}",0,,
629398,103132,Cu3 Ti2,139,1,0,0,Cu1,3d,"p{x,y}|{xz,yz}",0,,
629426,103142,Cu1 Y1,221,1,0,0,Cu1|Y1,3d|4d,"e_g{z2,x2-y2}",0,,
629433,103142,Cu1 Y1,221,1,0,0,Cu1|Y1,3d|4d,"e_g{z2,x2-y2}",0,,
629435,103142,Cu1 Y1,221,1,0,0,Cu1|Y1,3d|4d,"e_g{z2,x2-y2}",0,,
631721,60441,K2 Te1,225,1,1,0,Te1,-,"e_g{z2,x2-y2}",1,Te,
631850,103473,Fe2 Ga1 V1,225,1,1,0,Ga1|V1,-|3d,"e_g{z2,x2-y2}",0,,
631998,53459,Fe1 Ge1,191,1,0,0,Ge1,-,"p{x,y}|{xy,x2-y2}|{xz,yz}",0,,
632006,53459,Fe1 Ge1,191,1,0,0,Ge1,-,"p{x,y}|{xy,x2-y2}|{xz,yz}",0,,
632016,53459,Fe1 Ge1,191,1,0,0,Ge1,-,"p{x,y}|{xy,x2-y2}|{xz,yz}",0,,
632022,53459,Fe1 Ge1,191,1,0,0,Ge1,-,"p{x,y}|{xy,x2-y2}|{xz,yz}",0,,
632211,632211,H6 Fe1 Sr2,225,1,0,0,Fe1,3d,"e_g{z2,x2-y2}",0,,
633029,27856,Fe1 O1,225,1,0,0,Fe1|O1,-|3d,"e_g{z2,x2-y2}",0,,
633036,27856,Fe1 O1,225,1,0,0,Fe1|O1,-|3d,"e_g{z2,x2-y2}",0,,
633038,27856,Fe1 O1,225,1,0,0,Fe1|O1,-|3d,"e_g{z2,x2-y2}",0,,
633132,103582,Fe1 Pd3,221,1,0,0,Fe1,3d,"e_g{z2,x2-y2}",0,,
633134,103582,Fe1 Pd3,221,1,0,0,Fe1,3d,"e_g{z2,x2-y2}",0,,
633135,103582,Fe1 Pd3,221,1,0,0,Fe1,3d,"e_g{z2,x2-y2}",0,,
633140,103582,Fe1 Pd3,221,1,0,0,Fe1,3d,"e_g{z2,x2-y2}",0,,
633141,103582,Fe1 Pd3,221,1,0,0,Fe1,3d,"e_g{z2,x2-y2}",0,,
633245,53525,Fe1 Ru2 Si1,225,1,1,0,Fe1|Si1,-|3d,"e_g{z2,x2-y2}",0,,
633246,53525,Fe1 Ru2 Si1,225,1,1,0,Fe1|Si1,-|3d,"e_g{z2,x2-y2}",0,,
633467,53543,Fe1 Se1,123,1,0,0,Fe1|Se1,-|3d,"p{x,y}|{xz,yz}",0,,
633528,53545,Fe3 Si1,225,1,0,0,Fe1|Si1,-|3d,"e_g{z2,x2-y2}",0,,
633531,53545,Fe3 Si1,225,1,0,0,Fe1|Si1,-|3d,"e_g{z2,x2-y2}",0,,
633533,5257,Fe1 Si2,123,1,0,0,Fe1,3d,"p{x,y}|{xz,yz}",0,,
633534,53545,Fe3 Si1,225,1,0,0,Fe1|Si1,-|3d,"e_g{z2,x2-y2}",0,,
633535,53545,Fe3 Si1,225,1,0,0,Fe1|Si1,-|3d,"e_g{z2,x2-y2}",0,,
633537,53545,Fe3 Si1,225,1,0,0,Fe1|Si1,-|3d,"e_g{z2,x2-y2}",0,,
633544,5257,Fe1 Si2,123,1,0,0,Fe1,3d,"p{x,y}|{xz,yz}",0,,
633545,53545,Fe3 Si1,225,1,0,0,Fe1|Si1,-|3d,"e_g{z2,x2-y2}",0,,
633550,5257,Fe1 Si2,123,1,0,0,Fe1,3d,"p{x,y}|{xz,yz}",0,,
633552,53545,Fe3 Si1,225,1,0,0,Fe1|Si1,-|3d,"e_g{z2,x2-y2}",0,,
633623,53555,Fe2 Si1 V1,225,1,1,0,Si1|V1,-|3d,"e_g{z2,x2-y2}",0,,
633740,103634,Fe1 Sn1,191,1,0,0,Sn1,-,"p{x,y}|{xy,x2-y2}|{xz,yz}",1,Sn,
633747,103634,Fe1 Sn1,191,1,0,0,Sn1,-,"p{x,y}|{xy,x2-y2}|{xz,yz}",1,Sn,
633766,103641,Fe2 Sn1 Ti1,225,1,1,0,Sn1|Ti1,-|3d,"e_g{z2,x2-y2}",1,Sn,
633925,100533,Fe1 Ti1,221,1,0,0,Fe1|Ti1,3d,"e_g{z2,x2-y2}",0,,
633930,100533,Fe1 Ti1,221,1,0,0,Fe1|Ti1,3d,"e_g{z2,x2-y2}",0,,
633937,100533,Fe1 Ti1,221,1,0,0,Fe1|Ti1,3d,"e_g{z2,x2-y2}",0,,
633946,100533,Fe1 Ti1,221,1,0,0,Fe1|Ti1,3d,"e_g{z2,x2-y2}",0,,
633950,100533,Fe1 Ti1,221,1,0,0,Fe1|Ti1,3d,"e_g{z2,x2-y2}",0,,
634034,103681,Fe1 V1,221,1,0,0,Fe1|V1,3d,"e_g{z2,x2-y2}",0,,
634320,103734,Ga1 Hf1 Ni2,225,1,0,0,Ga1|Hf1,-|5d,"e_g{z2,x2-y2}",0,,
634707,33994,Ga1 Mo4 S8,216,1,0,0,Ga1,-,"e_g{z2,x2-y2}",0,,
634857,103856,Ga1 Ni3,221,1,1,0,Ga1,-,"e_g{z2,x2-y2}",0,,
634864,103856,Ga1 Ni3,221,1,1,0,Ga1,-,"e_g{z2,x2-y2}",0,,
635300,635300,Ga2 S4 Zn1,111,1,0,0,Zn1,3d,"p{x,y}|{xz,yz}",0,,
636847,55926,Ge2 La1 Rh2,139,1,1,0,La1,-,"p{x,y}|{xz,yz}",0,,
637001,42911,Ge1 Mn1 Nb1,189,1,0,0,Ge2,-,"p{x,y}|{xy,x2-y2}|{xz,yz}",0,,
637070,53706,Ge1 Mn1 Rh2,225,1,0,0,Ge1|Mn1,-|3d,"e_g{z2,x2-y2}",0,,
637071,53706,Ge1 Mn1 Rh2,225,1,0,0,Ge1|Mn1,-|3d,"e_g{z2,x2-y2}",0,,
637098,637098,Ge1 Mn1 Ta1,189,1,0,0,Ge2,-,"p{x,y}|{xy,x2-y2}|{xz,yz}",0,,
637356,53745,Ge1 Ni3,221,1,1,0,Ge1,-,"e_g{z2,x2-y2}",0,,
637358,53745,Ge1 Ni3,221,1,1,0,Ge1,-,"e_g{z2,x2-y2}",0,,
637362,53745,Ge1 Ni3,221,1,1,0,Ge1,-,"e_g{z2,x2-y2}",0,,
637364,53745,Ge1 Ni3,221,1,1,0,Ge1,-,"e_g{z2,x2-y2}",0,,
638409,638409,H6 Os1 Sr2,225,0,0,1,Os1,5d,"e_g{z2,x2-y2}",0,,
639065,104305,Hg1 La1,221,1,0,0,Hg1|La1,-|5d,"e_g{z2,x2-y2}",0,,
639119,104332,Hg1 Ni1,123,1,0,0,Hg1|Ni1,3d|5d,"p{x,y}|{xz,yz}",0,,
639954,51984,In1 Mn1 Ni2,225,1,0,0,In1|Mn1,-|3d,"e_g{z2,x2-y2}",0,,
639955,51984,In1 Mn1 Ni2,225,1,0,0,In1|Mn1,-|3d,"e_g{z2,x2-y2}",0,,
639956,51984,In1 Mn1 Ni2,225,1,0,0,Mn1|In1,-|3d,"e_g{z2,x2-y2}",0,,
639958,51984,In1 Mn1 Ni2,225,1,0,0,In1|Mn1,-|3d,"e_g{z2,x2-y2}",0,,
640117,59435,In1 Ni1,191,1,1,0,In1,-,"p{x,y}|{xy,x2-y2}|{xz,yz}",0,,
640134,640134,In2 Ni3 S2,166,1,0,0,In1|In2,-,"p{x,y}|{xy,x2-y2}|{xz,yz}",0,,
640213,5440,In1 Pb1 Rh3 S2,166,1,1,0,In1|Pb1,-,"p{x,y}|{xy,x2-y2}|{xz,yz}",1,Pb,
640339,5439,In2 Rh3 S2,166,1,0,0,In1|In2,-,"p{x,y}|{xy,x2-y2}|{xz,yz}",0,,
640489,17007,In2 Se3,166,1,0,0,Se1,-,"p{x,y}|{xy,x2-y2}|{xz,yz}",0,,
640492,17007,In2 Se3,166,1,0,0,Se2,-,"p{x,y}|{xy,x2-y2}|{xz,yz}",0,,
640498,17007,In2 Se3,166,1,0,0,Se2,-,"p{x,y}|{xy,x2-y2}|{xz,yz}",0,,
640512,17007,In2 Se3,166,1,0,0,Se2,-,"p{x,y}|{xy,x2-y2}|{xz,yz}",0,,
640974,104557,Ir1 Sc1,221,1,0,0,Ir1|Sc1,3d|5d,"e_g{z2,x2-y2}",0,,
641030,44667,Ir2 Si2 Y1,139,1,0,0,Y1,4d,"p{x,y}|{xz,yz}",0,,
641273,431754,K1 Ni2 S2,139,1,0,0,K1,-,"p{x,y}|{xz,yz}",0,,
641276,424686,K1 Ni2 Se2,139,1,0,0,K1,-,"p{x,y}|{xz,yz}",0,,
641321,26735,K2 S1,225,1,1,0,S1,-,"e_g{z2,x2-y2}",0,,
641350,641350,K1 S2 Zr1,166,1,0,0,K1|Zr1,-|4d,"p{x,y}|{xy,x2-y2}|{xz,yz}",0,,
641376,60441,K2 Te1,225,1,1,0,Te1,-,"e_g{z2,x2-y2}",1,Te,
641488,54245,La1 Ni5,191,1,1,0,La1,-,"p{x,y}|{xy,x2-y2}|{xz,yz}",0,,
641507,54245,La1 Ni5,191,1,1,0,La1,-,"p{x,y}|{xy,x2-y2}|{xz,yz}",0,,
641513,54245,La1 Ni5,191,1,1,0,La1,-,"p{x,y}|{xy,x2-y2}|{xz,yz}",0,,
641518,54245,La1 Ni5,191,1,1,0,La1,-,"p{x,y}|{xy,x2-y2}|{xz,yz}",0,,
641519,54245,La1 Ni5,191,1,1,0,La1,-,"p{x,y}|{xy,x2-y2}|{xz,yz}",0,,
641520,54245,La1 Ni5,191,1,1,0,La1,-,"p{x,y}|{xy,x2-y2}|{xz,yz}",0,,
641521,54245,La1 Ni5,191,1,1,0,La1,-,"p{x,y}|{xy,x2-y2}|{xz,yz}",0,,
641522,54245,La1 Ni5,191,1,1,0,La1,-,"p{x,y}|{xy,x2-y2}|{xz,yz}",0,,
641523,54245,La1 Ni5,191,1,1,0,La1,-,"p{x,y}|{xy,x2-y2}|{xz,yz}",0,,
641524,54245,La1 Ni5,191,1,1,0,La1,-,"p{x,y}|{xy,x2-y2}|{xz,yz}",0,,
641526,54245,La1 Ni5,191,1,1,0,La1,-,"p{x,y}|{xy,x2-y2}|{xz,yz}",0,,
641529,54245,La1 Ni5,191,1,1,0,La1,-,"p{x,y}|{xy,x2-y2}|{xz,yz}",0,,
641532,54245,La1 Ni5,191,1,1,0,La1,-,"p{x,y}|{xy,x2-y2}|{xz,yz}",0,,
641535,54245,La1 Ni5,191,1,1,0,La1,-,"p{x,y}|{xy,x2-y2}|{xz,yz}",0,,
641540,54245,La1 Ni5,191,1,1,0,La1,-,"p{x,y}|{xy,x2-y2}|{xz,yz}",0,,
641542,54245,La1 Ni5,191,1,1,0,La1,-,"p{x,y}|{xy,x2-y2}|{xz,yz}",0,,
641543,54245,La1 Ni5,191,1,1,0,La1,-,"p{x,y}|{xy,x2-y2}|{xz,yz}",0,,
641545,54245,La1 Ni5,191,1,1,0,La1,-,"p{x,y}|{xy,x2-y2}|{xz,yz}",0,,
641549,54245,La1 Ni5,191,1,1,0,La1,-,"p{x,y}|{xy,x2-y2}|{xz,yz}",0,,
641747,601417,La1 Rh2 Si2,139,1,0,0,La1,-,"p{x,y}|{xz,yz}",0,,
641750,601417,La1 Rh2 Si2,139,1,0,0,La1,-,"p{x,y}|{xz,yz}",0,,
641752,601417,La1 Rh2 Si2,139,1,0,0,La1,-,"p{x,y}|{xz,yz}",0,,
642242,44824,Li1 P1 Zn1,216,1,0,0,Li1|P1|Zn1,-|3d,"e_g{z2,x2-y2}",0,,
642255,104769,Li1 Pd1,221,1,0,0,Li1|Pd1,-|4d,"e_g{z2,x2-y2}",0,,
642257,104769,Li1 Pd1,221,1,0,0,Li1|Pd1,-|4d,"e_g{z2,x2-y2}",0,,
642266,642266,Li1 Pd7,225,1,0,0,Pd1|Li1,-|4d,"e_g{z2,x2-y2}",0,,
642322,200709,Li1 S2 Ti1,164,1,0,0,Li1|Ti1,-|3d,"p{x,y}|{xy,x2-y2}|{xz,yz}",0,,
642665,65838,Mg4 N12 P6 S1,217,1,0,0,S1,-,"e_g{z2,x2-y2}",0,,
642749,104847,Mg1 Pd1,221,1,0,0,Mg1|Pd1,-|4d,"e_g{z2,x2-y2}",0,,
643105,54255,Mn1 Ni1 Sb1,216,1,1,0,Mn1|Ni1|Sb1,-|3d,"e_g{z2,x2-y2}",1,Sb,
643107,76080,Mn1 Ni2 Sb1,225,1,0,0,Mn1|Sb1,-|3d,"e_g{z2,x2-y2}",1,Sb,
643108,54255,Mn1 Ni1 Sb1,216,1,1,0,Mn1|Ni1|Sb1,-|3d,"e_g{z2,x2-y2}",1,Sb,
643109,643109,Mn1 Ni1 Sb1,216,1,0,0,Mn1|Ni1|Sb1,-|3d,"e_g{z2,x2-y2}",1,Sb,
643111,54255,Mn1 Ni1 Sb1,216,1,1,0,Mn1|Ni1|Sb1,-|3d,"e_g{z2,x2-y2}",1,Sb,
643114,76080,Mn1 Ni2 Sb1,225,1,0,0,Mn1|Sb1,-|3d,"e_g{z2,x2-y2}",1,Sb,
643120,643109,Mn1 Ni1 Sb1,216,1,0,0,Mn1|Ni1|Sb1,-|3d,"e_g{z2,x2-y2}",1,Sb,
643121,54255,Mn1 Ni1 Sb1,216,1,1,0,Mn1|Ni1|Sb1,-|3d,"e_g{z2,x2-y2}",1,Sb,
643152,104926,Mn1 Ni2 Sn1,225,1,1,0,Mn1|Sn1,-|3d,"e_g{z2,x2-y2}",1,Sn,
643153,104926,Mn1 Ni2 Sn1,225,1,1,0,Mn1|Sn1,-|3d,"e_g{z2,x2-y2}",1,Sn,
643156,104926,Mn1 Ni2 Sn1,225,1,1,0,Mn1|Sn1,-|3d,"e_g{z2,x2-y2}",1,Sn,
643157,104926,Mn1 Ni2 Sn1,225,1,1,0,Mn1|Sn1,-|3d,"e_g{z2,x2-y2}",1,Sn,
643158,104926,Mn1 Ni2 Sn1,225,1,1,0,Mn1|Sn1,-|3d,"e_g{z2,x2-y2}",1,Sn,
643159,104926,Mn1 Ni2 Sn1,225,1,1,0,Mn1|Sn1,-|3d,"e_g{z2,x2-y2}",1,Sn,
643161,104926,Mn1 Ni2 Sn1,225,1,1,0,Mn1|Sn1,-|3d,"e_g{z2,x2-y2}",1,Sn,
643173,643173,Mn1 Ni4 Y1,216,1,0,0,Y1|Mn1,3d|4d,"e_g{z2,x2-y2}",0,,
643290,104936,Mn1 Pb1 Rh2,225,1,0,0,Mn1|Pb1,-|3d,"e_g{z2,x2-y2}",1,Pb,
643311,76100,Mn1 Pd2 Sb1,225,1,0,0,Mn1|Sb1,-|3d,"e_g{z2,x2-y2}",1,Sb,
643312,76100,Mn1 Pd2 Sb1,225,1,0,0,Mn1|Sb1,-|3d,"e_g{z2,x2-y2}",1,Sb,
643318,76100,Mn1 Pd2 Sb1,225,1,0,0,Mn1|Sb1,-|3d,"e_g{z2,x2-y2}",1,Sb,
643324,104945,Mn1 Pd2 Sn1,225,1,0,0,Mn1|Sn1,-|3d,"e_g{z2,x2-y2}",1,Sn,
643325,104945,Mn1 Pd2 Sn1,225,1,0,0,Mn1|Sn1,-|3d,"e_g{z2,x2-y2}",1,Sn,
643327,104945,Mn1 Pd2 Sn1,225,1,0,0,Mn1|Sn1,-|3d,"e_g{z2,x2-y2}",1,Sn,
643377,643377,Mn1 Pt1 Sb1,216,1,0,0,Mn1|Pt1|Sb1,-|3d|5d,"e_g{z2,x2-y2}",1,Sb,
643383,104955,Mn1 Pt1 Sn1,216,1,1,0,Mn1|Pt1|Sn1,-|3d|5d,"e_g{z2,x2-y2}",1,Sn,
643387,104955,Mn1 Pt1 Sn1,216,1,1,0,Mn1|Pt1|Sn1,-|3d|5d,"e_g{z2,x2-y2}",1,Sn,
643391,104960,Mn1 Rh1,221,1,0,0,Mn1|Rh1,3d|4d,"e_g{z2,x2-y2}",0,,
643415,54343,Mn1 Rh1 Sb1,216,1,1,0,Mn1|Rh1|Sb1,-|3d|4d,"e_g{z2,x2-y2}",1,Sb,
643424,104964,Mn1 Rh2 Sn1,225,1,0,0,Mn1|Sn1,-|3d,"e_g{z2,x2-y2}",1,Sn,
643427,104964,Mn1 Rh2 Sn1,225,1,0,0,Mn1|Sn1,-|3d,"e_g{z2,x2-y2}",1,Sn,
643428,104964,Mn1 Rh2 Sn1,225,1,0,0,Mn1|Sn1,-|3d,"e_g{z2,x2-y2}",1,Sn,
643434,18007,Mn1 S1,225,1,0,0,Mn1|S1,-|3d,"e_g{z2,x2-y2}",0,,
643435,18007,Mn1 S1,225,1,0,0,Mn1|S1,-|3d,"e_g{z2,x2-y2}",0,,
643436,18007,Mn1 S1,225,1,0,0,Mn1|S1,-|3d,"e_g{z2,x2-y2}",0,,
643437,18007,Mn1 S1,225,1,0,0,Mn1|S1,-|3d,"e_g{z2,x2-y2}",0,,
643438,18007,Mn1 S1,225,1,0,0,Mn1|S1,-|3d,"e_g{z2,x2-y2}",0,,
643439,18007,Mn1 S1,225,1,0,0,Mn1|S1,-|3d,"e_g{z2,x2-y2}",0,,
643443,18007,Mn1 S1,225,1,0,0,Mn1|S1,-|3d,"e_g{z2,x2-y2}",0,,
643444,18007,Mn1 S1,225,1,0,0,Mn1|S1,-|3d,"e_g{z2,x2-y2}",0,,
643445,18007,Mn1 S1,225,1,0,0,Mn1|S1,-|3d,"e_g{z2,x2-y2}",0,,
643450,18007,Mn1 S1,225,1,0,0,Mn1|S1,-|3d,"e_g{z2,x2-y2}",0,,
643451,18007,Mn1 S1,225,1,0,0,Mn1|S1,-|3d,"e_g{z2,x2-y2}",0,,
643453,18007,Mn1 S1,225,1,0,0,Mn1|S1,-|3d,"e_g{z2,x2-y2}",0,,
643456,18007,Mn1 S1,225,1,0,0,Mn1|S1,-|3d,"e_g{z2,x2-y2}",0,,
643616,76227,Mn3 Si1,225,1,1,0,Mn1|Si1,-|3d,"e_g{z2,x2-y2}",0,,
643621,76227,Mn3 Si1,225,1,1,0,Mn1|Si1,-|3d,"e_g{z2,x2-y2}",0,,
643647,76227,Mn3 Si1,225,1,1,0,Mn1|Si1,-|3d,"e_g{z2,x2-y2}",0,,
643653,643653,Mn1 Si1 Ta1,189,1,0,0,Si2,-,"p{x,y}|{xy,x2-y2}|{xz,yz}",0,,
644500,130003,Mo1 Zn7,225,1,0,0,Zn1|Mo1,3d|4d,"e_g{z2,x2-y2}",0,,
644701,69016,N1 Sr2,166,1,0,0,N1,-,"p{x,y}|{xy,x2-y2}|{xz,yz}",0,,
644917,60435,Na2 O1,225,1,0,0,O1,-,"e_g{z2,x2-y2}",0,,
644994,644994,Na1 S2 V1,160,1,0,0,Na1|S1|S2|V1,-|3d,"p{x,y}|{xy,x2-y2}|{xz,yz}",0,,
645037,645037,Na1 Se2 Y1,166,1,0,0,Y1|Na1,-|4d,"p{x,y}|{xy,x2-y2}|{xz,yz}",0,,
645257,645257,Nb1 Re1 Si1,189,1,0,0,Si2,-,"p{x,y}|{xy,x2-y2}|{xz,yz}",0,,
645296,105222,Nb1 Ru1,123,1,0,0,Nb1|Ru1,4d,"p{x,y}|{xz,yz}",0,,
645435,108629,Nb3 Si1,221,1,0,0,Si1,-,"e_g{z2,x2-y2}",0,,
646096,9866,Ni1 O1,225,1,0,0,Ni1|O1,-|3d,"e_g{z2,x2-y2}",0,,
646098,9866,Ni1 O1,225,1,0,0,Ni1|O1,-|3d,"e_g{z2,x2-y2}",0,,
646099,9866,Ni1 O1,225,1,0,0,Ni1|O1,-|3d,"e_g{z2,x2-y2}",0,,
646379,646379,Ni3 S2 Sn2,166,1,0,0,Sn1|Sn2,-,"p{x,y}|{xy,x2-y2}|{xz,yz}",1,Sn,
646398,646398,Ni3 S2 Tl2,166,1,0,0,Tl1|Tl2,-,"p{x,y}|{xy,x2-y2}|{xz,yz}",1,Tl,
646468,105336,Ni5 Sc1,191,1,1,0,Sc1,3d,"p{x,y}|{xy,x2-y2}|{xz,yz}",0,,
646572,76413,Ni3 Si1,221,1,1,0,Si1,-,"e_g{z2,x2-y2}",0,,
646573,76413,Ni3 Si1,221,1,1,0,Si1,-,"e_g{z2,x2-y2}",0,,
646579,76413,Ni3 Si1,221,1,1,0,Si1,-,"e_g{z2,x2-y2}",0,,
646584,76413,Ni3 Si1,221,1,1,0,Si1,-,"e_g{z2,x2-y2}",0,,
646810,105376,Ni2 Sn1 V1,225,1,0,0,Sn1|V1,-|3d,"e_g{z2,x2-y2}",1,Sn,
647051,108650,Ni7 Y2,166,1,0,0,Ni1,3d,"p{x,y}|{xy,x2-y2}|{xz,yz}",0,,
647059,54422,Ni5 Y1,191,1,1,0,Y1,4d,"p{x,y}|{xy,x2-y2}|{xz,yz}",0,,
647060,108650,Ni7 Y2,166,1,0,0,Ni1,3d,"p{x,y}|{xy,x2-y2}|{xz,yz}",0,,
647075,54422,Ni5 Y1,191,1,1,0,Y1,4d,"p{x,y}|{xy,x2-y2}|{xz,yz}",0,,
647076,108650,Ni7 Y2,166,1,0,0,Ni1,3d,"p{x,y}|{xy,x2-y2}|{xz,yz}",0,,
647084,54422,Ni5 Y1,191,1,1,0,Y1,4d,"p{x,y}|{xy,x2-y2}|{xz,yz}",0,,
647089,54422,Ni5 Y1,191,1,1,0,Y1,4d,"p{x,y}|{xy,x2-y2}|{xz,yz}",0,,
647093,54422,Ni5 Y1,191,1,1,0,Y1,4d,"p{x,y}|{xy,x2-y2}|{xz,yz}",0,,
647101,54422,Ni5 Y1,191,1,1,0,Y1,4d,"p{x,y}|{xy,x2-y2}|{xz,yz}",0,,
647134,105469,Ni1 Zn1,123,1,0,0,Ni1|Zn1,3d,"p{x,y}|{xz,yz}",0,,
647135,105470,Ni1 Zn1,221,1,0,0,Ni1|Zn1,3d,"e_g{z2,x2-y2}",0,,
647137,105469,Ni1 Zn1,123,1,0,0,Ni1|Zn1,3d,"p{x,y}|{xz,yz}",0,,
647156,54985,Ni5 Zr1,216,1,1,0,Ni1|Zr1,3d|4d,"e_g{z2,x2-y2}",0,,
647338,180564,O2 Rb1,139,1,0,0,Rb1,-,"p{x,y}|{xz,yz}",0,,
647350,16810,O3 Re1,221,1,0,0,Re1,5d,"e_g{z2,x2-y2}",0,,
647352,16810,O3 Re1,221,1,0,0,Re1,5d,"e_g{z2,x2-y2}",0,,
648357,42600,Pb1 Pd3,221,1,1,0,Pb1,-,"e_g{z2,x2-y2}",1,Pb,
648427,5441,Pb2 Rh3 Se2,166,1,0,0,Pb1|Pb2,-,"p{x,y}|{xy,x2-y2}|{xz,yz}",1,Pb,
648807,105673,Pd3 Sc1,221,1,0,0,Sc1,3d,"e_g{z2,x2-y2}",0,,
648912,105689,Pd3 Sn1,221,1,1,0,Sn1,-,"e_g{z2,x2-y2}",1,Sn,
648916,105689,Pd3 Sn1,221,1,1,0,Sn1,-,"e_g{z2,x2-y2}",1,Sn,
648921,105689,Pd3 Sn1,221,1,1,0,Sn1,-,"e_g{z2,x2-y2}",1,Sn,
648964,105707,Pd5 Sr1,191,1,1,0,Sr1,-,"p{x,y}|{xy,x2-y2}|{xz,yz}",0,,
650119,650119,Re1 Si1 Ta1,189,1,0,0,Si2,-,"p{x,y}|{xy,x2-y2}|{xz,yz}",0,,
650236,650236,Rh3 S2 Tl2,166,1,0,0,Tl1|Tl2,-,"p{x,y}|{xy,x2-y2}|{xz,yz}",1,Tl,
650527,105972,Rh1 Y1,221,1,0,0,Rh1|Y1,4d,"e_g{z2,x2-y2}",0,,
650530,105972,Rh1 Y1,221,1,0,0,Rh1|Y1,4d,"e_g{z2,x2-y2}",0,,
650535,105972,Rh1 Y1,221,1,0,0,Rh1|Y1,4d,"e_g{z2,x2-y2}",0,,
650536,105972,Rh1 Y1,221,1,0,0,Rh1|Y1,4d,"e_g{z2,x2-y2}",0,,
650541,105972,Rh1 Y1,221,1,0,0,Rh1|Y1,4d,"e_g{z2,x2-y2}",0,,
650690,650690,Ru1 Ta1,221,1,0,0,Ru1|Ta1,4d|5d,"e_g{z2,x2-y2}",0,,
650691,105995,Ru1 Ta1,123,1,0,0,Ru1|Ta1,4d|5d,"p{x,y}|{xz,yz}",0,,
650692,105995,Ru1 Ta1,123,1,0,0,Ru1|Ta1,4d|5d,"p{x,y}|{xz,yz}",0,,
650737,106004,Ru1 Ti1,221,1,0,0,Ru1|Ti1,3d|4d,"e_g{z2,x2-y2}",0,,
650738,106004,Ru1 Ti1,221,1,0,0,Ru1|Ti1,3d|4d,"e_g{z2,x2-y2}",0,,
650789,106022,Ru1 Zr1,221,1,0,0,Ru1|Zr1,4d,"e_g{z2,x2-y2}",0,,
651178,26861,S2 Ti1,164,1,0,0,Ti1,3d,"p{x,y}|{xy,x2-y2}|{xz,yz}",0,,
651186,26861,S2 Ti1,164,1,0,0,Ti1,3d,"p{x,y}|{xy,x2-y2}|{xz,yz}",0,,
651201,26861,S2 Ti1,164,1,0,0,Ti1,3d,"p{x,y}|{xy,x2-y2}|{xz,yz}",0,,
651203,26861,S2 Ti1,164,1,0,0,Ti1,3d,"p{x,y}|{xy,x2-y2}|{xz,yz}",0,,
651207,26861,S2 Ti1,164,1,0,0,Ti1,3d,"p{x,y}|{xy,x2-y2}|{xz,yz}",0,,
651212,26861,S2 Ti1,164,1,0,0,Ti1,3d,"p{x,y}|{xy,x2-y2}|{xz,yz}",0,,
651214,26861,S2 Ti1,164,1,0,0,Ti1,3d,"p{x,y}|{xy,x2-y2}|{xz,yz}",0,,
651217,26861,S2 Ti1,164,1,0,0,Ti1,3d,"p{x,y}|{xy,x2-y2}|{xz,yz}",0,,
653197,31840,Te1 Zn1,225,1,0,0,Te1|Zn1,-|3d,"e_g{z2,x2-y2}",1,Te,
653404,106213,V4 Zn5,139,1,0,0,Zn1,3d,"p{x,y}|{xz,yz}",0,,
653454,106225,Y1 Zn1,221,1,0,0,Y1|Zn1,3d|4d,"e_g{z2,x2-y2}",0,,
653455,106225,Y1 Zn1,221,1,0,0,Y1|Zn1,3d|4d,"e_g{z2,x2-y2}",0,,
653460,106225,Y1 Zn1,221,1,0,0,Y1|Zn1,3d|4d,"e_g{z2,x2-y2}",0,,
653464,106225,Y1 Zn1,221,1,0,0,Y1|Zn1,3d|4d,"e_g{z2,x2-y2}",0,,
653468,106225,Y1 Zn1,221,1,0,0,Y1|Zn1,3d|4d,"e_g{z2,x2-y2}",0,,
654948,646379,Ni3 S2 Sn2,166,1,0,0,Sn1|Sn2,-,"p{x,y}|{xy,x2-y2}|{xz,yz}",1,Sn,
656541,43853,C1 Al1 Fe3,221,1,0,0,Al1|C1,-,"e_g{z2,x2-y2}",0,,
656818,104859,Mg1 Rh1,221,1,1,0,Mg1|Rh1,-|4d,"e_g{z2,x2-y2}",0,,
656885,102731,Co5 Y1,191,1,0,0,Y1,4d,"p{x,y}|{xy,x2-y2}|{xz,yz}",0,,
657254,105339,Ni2 Sc1 Sn1,225,1,1,0,Sc1|Sn1,-|3d,"e_g{z2,x2-y2}",1,Sn,
657338,103948,Ga1 Rh1,221,1,0,0,Ga1|Rh1,-|4d,"e_g{z2,x2-y2}",0,,
657406,67346,N2 Na1 Ta1,166,1,0,0,Ta1|Na1,-|5d,"p{x,y}|{xy,x2-y2}|{xz,yz}",0,,
657407,72557,N2 Na1 Nb1,166,1,0,0,Nb1|Na1,-|4d,"p{x,y}|{xy,x2-y2}|{xz,yz}",0,,
657415,23929,Co9 S8,225,1,0,0,Co1,3d,"e_g{z2,x2-y2}",0,,
657493,57596,Al1 Co1,221,1,0,0,Al1|Co1,-|3d,"e_g{z2,x2-y2}",0,,
657494,102423,Co1 Ga1,221,1,0,0,Co1|Ga1,-|3d,"e_g{z2,x2-y2}",0,,
657601,54245,La1 Ni5,191,1,1,0,La1,-,"p{x,y}|{xy,x2-y2}|{xz,yz}",0,,
657998,104557,Ir1 Sc1,221,1,0,0,Ir1|Sc1,3d|5d,"e_g{z2,x2-y2}",0,,
658018,658018,Cr6 Ge6 Y1,191,1,1,0,Y1,4d,"p{x,y}|{xy,x2-y2}|{xz,yz}",0,,
658150,54245,La1 Ni5,191,1,1,0,La1,-,"p{x,y}|{xy,x2-y2}|{xz,yz}",0,,
658488,55601,Al1 Fe1,221,1,0,0,Al1|Fe1,-|3d,"e_g{z2,x2-y2}",0,,
658523,53545,Fe3 Si1,225,1,0,0,Fe1|Si1,-|3d,"e_g{z2,x2-y2}",0,,
659019,53555,Fe2 Si1 V1,225,1,1,0,Si1|V1,-|3d,"e_g{z2,x2-y2}",0,,
659021,53007,Co2 Mn1 Si1,225,1,0,0,Mn1|Si1,-|3d,"e_g{z2,x2-y2}",0,,
659022,53086,Co2 Si1 V1,225,1,1,0,Si1|V1,-|3d,"e_g{z2,x2-y2}",0,,
659057,102731,Co5 Y1,191,1,0,0,Y1,4d,"p{x,y}|{xy,x2-y2}|{xz,yz}",0,,
659656,102483,Co2 Hf1 Sn1,225,1,1,0,Hf1|Sn1,-|5d,"e_g{z2,x2-y2}",1,Sn,
659669,102731,Co5 Y1,191,1,0,0,Y1,4d,"p{x,y}|{xy,x2-y2}|{xz,yz}",0,,
659829,10051,In2 Li3,166,1,0,0,Li1,-,"p{x,y}|{xy,x2-y2}|{xz,yz}",0,,
659856,104487,Ir1 Li1,187,1,0,0,Ir1|Li1,-|5d,"p{x,y}|{xy,x2-y2}|{xz,yz}",0,,
659883,104770,Li1 Pd1,187,1,0,0,Li1|Pd1,-|4d,"p{x,y}|{xy,x2-y2}|{xz,yz}",0,,
659941,54422,Ni5 Y1,191,1,1,0,Y1,4d,"p{x,y}|{xy,x2-y2}|{xz,yz}",0,,
659956,105673,Pd3 Sc1,221,1,0,0,Sc1,3d,"e_g{z2,x2-y2}",0,,
660368,23929,Co9 S8,225,1,0,0,Co1,3d,"e_g{z2,x2-y2}",0,,
670038,22392,C2 N2 Zn1,215,1,0,0,Zn1|Zn2,3d,"e_g{z2,x2-y2}",0,,
670110,26676,Cr1 Cu1 O2,166,1,0,0,Cu1|Cr1,3d,"p{x,y}|{xy,x2-y2}|{xz,yz}",0,,
670138,670138,Cu1 Ga5 Mo2,115,1,0,0,Ga1|Ga2|Ga4|Cu1,-|3d,"p{x,y}|{xz,yz}",0,,
670156,58015,Al3 Nb1,139,1,0,0,Nb1|Al1,-|4d,"p{x,y}|{xz,yz}",0,,
670158,55564,Co1 Sn1,191,1,0,0,Sn1,-,"p{x,y}|{xy,x2-y2}|{xz,yz}",1,Sn,
670160,670160,Al1 Co1,221,1,0,0,Co1|Al1,-|3d,"e_g{z2,x2-y2}",0,,
670252,104305,Hg1 La1,221,1,0,0,La1|Hg1,-|5d,"e_g{z2,x2-y2}",0,,
670253,102061,Cd1 Sc1,221,1,0,0,Sc1|Cd1,3d|4d,"e_g{z2,x2-y2}",0,,
670271,104557,Ir1 Sc1,221,1,0,0,Sc1|Ir1,3d|5d,"e_g{z2,x2-y2}",0,,
670280,670280,Ca1 O1,216,1,0,0,Ca1|O1,-,"e_g{z2,x2-y2}",0,,
670287,670287,O1 Sr1,216,1,0,0,Sr1|O1,-,"e_g{z2,x2-y2}",0,,
670338,238611,C1 F1 Mg1 O3 Rb1,189,0,0,1,C2,-,"p{x,y}|{xy,x2-y2}|{xz,yz}",0,,
670357,163382,O1 Zn1,221,1,0,0,Zn1|O1,-|3d,"e_g{z2,x2-y2}",0,,
670402,80376,N2 Sr2 Zn1,139,1,0,0,Zn1,3d,"p{x,y}|{xz,yz}",0,,
670413,154073,Ca1 F3 K1,221,1,0,0,K1|Ca1,-,"e_g{z2,x2-y2}",0,,
670414,201252,Ca1 F3 Rb1,221,1,0,0,Rb1|Ca1,-,"e_g{z2,x2-y2}",0,,
670475,79936,Co1 N1,216,1,0,0,N1|Co1,-|3d,"e_g{z2,x2-y2}",0,,
670482,76205,Mn1 S1,216,1,0,0,S1|Mn1,-|3d,"e_g{z2,x2-y2}",0,,
670485,167834,Ca1 Se1,216,1,0,0,Se1|Ca1,-,"e_g{z2,x2-y2}",0,,
670497,169407,C1 Sc1,216,1,0,0,C1|Sc1,-|3d,"e_g{z2,x2-y2}",0,,
670501,169766,Cr1 Te1,216,1,0,0,Te1|Cr1,-|3d,"e_g{z2,x2-y2}",1,Te,
670502,161077,N1 Y1,216,1,0,0,N1|Y1,-|4d,"e_g{z2,x2-y2}",0,,
670505,24252,Mn1 Se1,216,1,0,0,Se1|Mn1,-|3d,"e_g{z2,x2-y2}",0,,
670506,41258,Fe1 N1,216,1,0,0,N1|Fe1,-|3d,"e_g{z2,x2-y2}",0,,
670561,44824,Li1 P1 Zn1,216,1,0,0,Li1|Zn1|P1,-|3d,"e_g{z2,x2-y2}",0,,
670566,52813,Cd1 Li1 P1,216,1,0,0,Li1|Cd1|P1,-|4d,"e_g{z2,x2-y2}",0,,
670567,609965,As1 Cd1 Li1,216,1,0,0,Li1|Cd1|As1,-|4d,"e_g{z2,x2-y2}",0,,
670583,670583,Cs1 Se1,225,1,0,0,Se1|Cs1,-,"e_g{z2,x2-y2}",0,,
670591,670591,Al1 Co1 Mn1 Rh1,216,1,0,0,Co1|Rh1|Mn1|Al1,-|3d|4d,"e_g{z2,x2-y2}",0,,
670592,670592,Co1 Ga1 Mn1 Rh1,216,1,0,0,Co1|Rh1|Mn1|Ga1,-|3d|4d,"e_g{z2,x2-y2}",0,,
670593,670593,Co1 Ge1 Mn1 Rh1,216,1,0,0,Co1|Rh1|Mn1|Ge1,-|3d|4d,"e_g{z2,x2-y2}",0,,
670594,670594,Co1 Mn1 Rh1 Si1,216,1,0,0,Co1|Rh1|Mn1|Si1,-|3d|4d,"e_g{z2,x2-y2}",0,,
670598,103681,Fe1 V1,221,1,0,0,Fe1|V1,3d,"e_g{z2,x2-y2}",0,,
670599,103681,Fe1 V1,221,1,0,0,Fe1|V1,3d,"e_g{z2,x2-y2}",0,,
670600,103681,Fe1 V1,221,1,0,0,Fe1|V1,3d,"e_g{z2,x2-y2}",0,,
670601,103681,Fe1 V1,221,1,0,0,Fe1|V1,3d,"e_g{z2,x2-y2}",0,,
670602,103681,Fe1 V1,221,1,0,0,Fe1|V1,3d,"e_g{z2,x2-y2}",0,,
670610,155928,Co1 Si1,221,1,0,0,Si1|Co1,-|3d,"e_g{z2,x2-y2}",0,,
670613,102737,Co1 Zr1,221,1,0,0,Zr1|Co1,3d|4d,"e_g{z2,x2-y2}",0,,
670618,670618,Cu1 Pd1,221,1,0,0,Pd1|Cu1,3d|4d,"e_g{z2,x2-y2}",0,,
670621,670618,Cu1 Pd1,221,1,0,0,Pd1|Cu1,3d|4d,"e_g{z2,x2-y2}",0,,
670622,670622,Cu3 Ni1,221,1,1,0,Ni1,3d,"e_g{z2,x2-y2}",0,,
670623,670623,Cu1 Ni3,221,1,1,0,Cu1,3d,"e_g{z2,x2-y2}",0,,
670625,670625,Ni3 Pd1,221,1,0,0,Pd1,4d,"e_g{z2,x2-y2}",0,,
670626,670626,Cu1 Pd3,221,1,1,0,Cu1,3d,"e_g{z2,x2-y2}",0,,
670633,54245,La1 Ni5,191,1,1,0,La1,-,"p{x,y}|{xy,x2-y2}|{xz,yz}",0,,
670659,27049,Ba1 O3 Sn1,221,1,0,0,Ba1|Sn1,-,"e_g{z2,x2-y2}",1,Sn,
670706,670706,Co1 Fe1 Si1 Zr1,216,1,0,0,Zr1|Co1|Fe1|Si1,-|3d|4d,"e_g{z2,x2-y2}",0,,
670707,670707,Co1 Fe1 Ge1 Zr1,216,1,0,0,Zr1|Co1|Fe1|Ge1,-|3d|4d,"e_g{z2,x2-y2}",0,,
670709,236837,N1 Zn1,221,1,0,0,N1|Zn1,-|3d,"e_g{z2,x2-y2}",0,,
670727,102705,Co1 Ti1,221,1,0,0,Ti1|Co1,3d,"e_g{z2,x2-y2}",0,,
670728,102737,Co1 Zr1,221,1,0,0,Zr1|Co1,3d|4d,"e_g{z2,x2-y2}",0,,
670743,89575,Ba1 Cu2 S2,139,1,0,0,Ba1,-,"p{x,y}|{xz,yz}",0,,
670759,58015,Al3 Nb1,139,1,0,0,Al1|Nb1,-|4d,"p{x,y}|{xz,yz}",0,,
670792,670792,Cr1 Sc1 Si1 V1,216,1,0,0,Cr1|Sc1|V1|Si1,-|3d,"e_g{z2,x2-y2}",0,,
670888,27970,Ba1 O3 Ti1,221,1,0,0,Ba1|Ti1,-|3d,"e_g{z2,x2-y2}",0,,
670891,27856,Fe1 O1,225,1,0,0,Fe1|O1,-|3d,"e_g{z2,x2-y2}",0,,
670895,27970,Ba1 O3 Ti1,221,1,0,0,Ba1|Ti1,-|3d,"e_g{z2,x2-y2}",0,,
670902,670902,H1 Pd3 Y1,221,1,0,0,Y1|H1,-|4d,"e_g{z2,x2-y2}",0,,
670904,27970,Ba1 O3 Ti1,221,1,0,0,Ba1|Ti1,-|3d,"e_g{z2,x2-y2}",0,,
670920,670920,C1 Li6,166,1,0,0,C1,-,"p{x,y}|{xy,x2-y2}|{xz,yz}",0,,
670975,58201,Al3 V1,139,1,1,0,Al1|V1,-|3d,"p{x,y}|{xz,yz}",0,,
671035,671035,Co1,139,1,0,0,Co1,3d,"p{x,y}|{xz,yz}",0,,
671082,671082,Ca1 O3 Tc1,221,1,1,0,Ca1|Tc1,-|4d,"e_g{z2,x2-y2}",0,,
671083,671082,Ca1 O3 Tc1,221,1,1,0,Ca1|Tc1,-|4d,"e_g{z2,x2-y2}",0,,
671084,109076,O3 Sr1 Tc1,221,1,1,0,Sr1|Tc1,-|4d,"e_g{z2,x2-y2}",0,,
671085,109076,O3 Sr1 Tc1,221,1,1,0,Sr1|Tc1,-|4d,"e_g{z2,x2-y2}",0,,
671086,671086,Ba1 O3 Tc1,221,1,1,0,Ba1|Tc1,-|4d,"e_g{z2,x2-y2}",0,,
671087,671086,Ba1 O3 Tc1,221,1,1,0,Ba1|Tc1,-|4d,"e_g{z2,x2-y2}",0,,
671088,27970,Ba1 O3 Ti1,221,1,0,0,Ba1|Ti1,-|3d,"e_g{z2,x2-y2}",0,,
671093,105354,Ni3 Sn1,225,1,0,0,Ni1|Sn1,-|3d,"e_g{z2,x2-y2}",1,Sn,
671094,105353,Ni3 Sn1,221,1,1,0,Sn1,-,"e_g{z2,x2-y2}",1,Sn,
671099,55601,Al1 Fe1,221,1,0,0,Al1|Fe1,-|3d,"e_g{z2,x2-y2}",0,,
671107,16810,O3 Re1,221,1,0,0,Re1,5d,"e_g{z2,x2-y2}",0,,
671108,77071,F3 Sc1,221,1,1,0,Sc1,3d,"e_g{z2,x2-y2}",0,,
671171,670160,Al1 Co1,221,1,0,0,Co1|Al1,-|3d,"e_g{z2,x2-y2}",0,,
671173,187969,Co3 Mo1,221,1,1,0,Mo1,4d,"e_g{z2,x2-y2}",0,,
671175,187963,Co3 W1,221,1,1,0,W1,5d,"e_g{z2,x2-y2}",0,,
671177,187966,Co3 Nb1,221,1,0,0,Nb1,4d,"e_g{z2,x2-y2}",0,,
671179,102689,Co3 Ta1,221,1,0,0,Ta1,5d,"e_g{z2,x2-y2}",0,,
671284,93676,Ba2 Cs1 Nb3 O10,123,1,0,0,Cs1|Nb1,-|4d,"p{x,y}|{xz,yz}",0,,
671285,671285,Ba2 Cs1 O10 Ta3,123,1,0,0,Cs1|Ta1,-|5d,"p{x,y}|{xz,yz}",0,,
671324,20275,Ca1 O2,139,1,0,0,Ca1,-,"p{x,y}|{xz,yz}",0,,
671334,105354,Ni3 Sn1,225,1,0,0,Ni1|Sn1,-|3d,"e_g{z2,x2-y2}",1,Sn,
671340,671340,Ge1 Ru2 V1,225,1,1,0,Ge1|V1,-|3d,"e_g{z2,x2-y2}",0,,
671343,671343,Cr1 Se1,216,1,0,0,Cr1|Se1,-|3d,"e_g{z2,x2-y2}",0,,
671345,169766,Cr1 Te1,216,1,0,0,Cr1|Te1,-|3d,"e_g{z2,x2-y2}",1,Te,
671364,671364,Bi1 Mn1 Pt1,216,1,0,0,Pt1|Mn1|Bi1,-|3d|5d,"e_g{z2,x2-y2}",1,Bi,
671365,671365,Bi1 Fe1 Pt1,216,1,0,0,Pt1|Fe1|Bi1,-|3d|5d,"e_g{z2,x2-y2}",1,Bi,
671366,671366,Bi1 Co1 Pt1,216,1,0,0,Pt1|Co1|Bi1,-|3d|5d,"e_g{z2,x2-y2}",1,Bi,
671368,671364,Bi1 Mn1 Pt1,216,1,0,0,Pt1|Mn1|Bi1,-|3d|5d,"e_g{z2,x2-y2}",1,Bi,
671369,671365,Bi1 Fe1 Pt1,216,1,0,0,Pt1|Fe1|Bi1,-|3d|5d,"e_g{z2,x2-y2}",1,Bi,
671370,671370,Bi1 Co1 Pt1,216,1,0,0,Pt1|Co1|Bi1,-|3d|5d,"e_g{z2,x2-y2}",1,Bi,
671372,671364,Bi1 Mn1 Pt1,216,1,0,0,Pt1|Mn1|Bi1,-|3d|5d,"e_g{z2,x2-y2}",1,Bi,
671373,671365,Bi1 Fe1 Pt1,216,1,0,0,Pt1|Fe1|Bi1,-|3d|5d,"e_g{z2,x2-y2}",1,Bi,
671374,671366,Bi1 Co1 Pt1,216,1,0,0,Pt1|Co1|Bi1,-|3d|5d,"e_g{z2,x2-y2}",1,Bi,
671396,49586,F3 Fe1 Rb1,221,1,0,0,Rb1|Fe1,-|3d,"e_g{z2,x2-y2}",0,,
671414,671414,Ni3 Zr1,221,1,0,0,Zr1,4d,"e_g{z2,x2-y2}",0,,
671425,9866,Ni1 O1,225,1,0,0,Ni1|O1,-|3d,"e_g{z2,x2-y2}",0,,
671476,31232,Cl1 K1,221,1,0,0,Cl1|K1,-,"e_g{z2,x2-y2}",0,,
671502,27048,Ba1 O3 Zr1,221,1,0,0,Ba1|Zr1,-|4d,"e_g{z2,x2-y2}",0,,
671563,58038,Al1 Ni3,221,1,1,0,Al1,-,"e_g{z2,x2-y2}",0,,
671564,58038,Al1 Ni3,221,1,1,0,Al1,-,"e_g{z2,x2-y2}",0,,
671604,27970,Ba1 O3 Ti1,221,1,0,0,Ti1|Ba1,-|3d,"e_g{z2,x2-y2}",0,,
671606,15453,Ba1 O3 Ti1,99,1,0,0,Ti1|O1|Ba1,-|3d,"p{x,y}|{xz,yz}",0,,
671654,671654,Al1 Co1 Zr2,216,1,0,0,Zr1|Zr2|Co1|Al1,-|3d|4d,"e_g{z2,x2-y2}",0,,
671667,24252,Mn1 Se1,216,1,0,0,Mn1|Se1,-|3d,"e_g{z2,x2-y2}",0,,
671729,671729,N2 Rh1,191,1,0,0,Rh1,4d,"p{x,y}|{xy,x2-y2}|{xz,yz}",0,,
671734,9865,Co1 O1,225,1,0,0,Co1|O1,-|3d,"e_g{z2,x2-y2}",0,,
671735,23076,O3 Sr1 Ti1,221,1,0,0,Sr1|Ti1,-|3d,"e_g{z2,x2-y2}",0,,
671925,52241,F1 K1,225,0,0,1,K1|F1,-,"e_g{z2,x2-y2}",0,,
671943,9866,Ni1 O1,225,1,0,0,Ni1|O1,-|3d,"e_g{z2,x2-y2}",0,,
671952,27046,O3 Sr1 Zr1,221,1,0,0,Zr1|Sr1,-|4d,"e_g{z2,x2-y2}",0,,
671981,671981,Mn1 Te1 Ti1,216,1,0,0,Mn1|Ti1|Te1,-|3d,"e_g{z2,x2-y2}",1,Te,
671982,671982,Fe2 Ge1 Mn1,216,1,1,0,Fe1|Fe2|Mn1|Ge1,-|3d,"e_g{z2,x2-y2}",0,,
672030,672030,C1 Ca1 Li1,216,1,1,0,Li1|Ca1|C1,-,"e_g{z2,x2-y2}",0,,
672032,672032,C1 Ca1 Na1,216,1,0,0,Na1|Ca1|C1,-,"e_g{z2,x2-y2}",0,,
672047,262104,O3 Pb1 Zr1,221,1,0,0,Pb1|Zr1,-|4d,"e_g{z2,x2-y2}",1,Pb,
672101,103142,Cu1 Y1,221,1,0,0,Cu1|Y1,3d|4d,"e_g{z2,x2-y2}",0,,
672104,58038,Al1 Ni3,221,1,1,0,Al1,-,"e_g{z2,x2-y2}",0,,
672131,155928,Co1 Si1,221,1,0,0,Co1|Si1,-|3d,"e_g{z2,x2-y2}",0,,
672133,105689,Pd3 Sn1,221,1,1,0,Sn1,-,"e_g{z2,x2-y2}",1,Sn,
672135,108521,Ge1 Nb3,221,1,0,0,Ge1,-,"e_g{z2,x2-y2}",0,,
672159,99061,Ba2 Fe1 O6 W1,225,1,1,0,W1|Fe1,3d|5d,"e_g{z2,x2-y2}",0,,
672160,672160,Co1 Pt1 Sb1,216,1,0,0,Pt1|Co1|Sb1,-|3d|5d,"e_g{z2,x2-y2}",1,Sb,
672161,672161,Cr1 Pt1 Sb1,216,1,0,0,Pt1|Cr1|Sb1,-|3d|5d,"e_g{z2,x2-y2}",1,Sb,
672162,672162,Mn1 Pt1 Sb1,216,1,0,0,Pt1|Mn1|Sb1,-|3d|5d,"e_g{z2,x2-y2}",1,Sb,
672199,27049,Ba1 O3 Sn1,221,1,0,0,Ba1|Sn1,-,"e_g{z2,x2-y2}",1,Sn,
672200,90550,Al1 La1 O3,221,1,0,0,La1|Al1,-,"e_g{z2,x2-y2}",0,,
672202,195084,Ge1 O3 Sr1,221,1,0,0,Sr1|Ge1,-,"e_g{z2,x2-y2}",0,,
672205,672205,Ca1 N1,216,1,0,0,Ca1|N1,-,"e_g{z2,x2-y2}",0,,
672206,672205,Ca1 N1,216,1,0,0,Ca1|N1,-,"e_g{z2,x2-y2}",0,,
672228,53007,Co2 Mn1 Si1,225,1,0,0,Mn1|Si1,-|3d,"e_g{z2,x2-y2}",0,,
672229,52971,Co2 Ge1 Mn1,225,1,0,0,Mn1|Ge1,-|3d,"e_g{z2,x2-y2}",0,,
672230,102438,Co2 Ga1 Mn1,225,1,0,0,Mn1|Ga1,-|3d,"e_g{z2,x2-y2}",0,,
672231,57618,Al1 Co2 Mn1,225,1,0,0,Mn1|Al1,-|3d,"e_g{z2,x2-y2}",0,,
672243,58038,Al1 Ni3,221,1,1,0,Al1,-,"e_g{z2,x2-y2}",0,,
672261,672261,Al1 Fe2 Mn1,216,1,1,0,Fe1|Fe2|Mn1|Al1,-|3d,"e_g{z2,x2-y2}",0,,
672264,672264,K1 Mn1 S2,119,1,0,0,K1|Mn1,-|3d,"p{x,y}|{xz,yz}",0,,
672265,672265,K1 Mn1 Se2,119,1,0,0,K1|Mn1,-|3d,"p{x,y}|{xz,yz}",0,,
672266,87983,K1 Mn1 Te2,119,1,0,0,K1|Mn1,-|3d,"p{x,y}|{xz,yz}",1,Te,
672402,43853,C1 Al1 Fe3,221,1,0,0,Al1|C1,-,"e_g{z2,x2-y2}",0,,
672407,102531,Co2 Mn1 Sn1,225,1,0,0,Mn1|Sn1,-|3d,"e_g{z2,x2-y2}",1,Sn,
672408,102682,Co2 Sn1 Ti1,225,1,1,0,Ti1|Sn1,-|3d,"e_g{z2,x2-y2}",1,Sn,
672424,187492,Fe1 Ga1 Ni2,225,1,0,0,Ga1|Fe1,-|3d,"e_g{z2,x2-y2}",0,,
672484,29096,Ba1 Fe1 O3,221,1,0,0,Ba1|Fe1,-|3d,"e_g{z2,x2-y2}",0,,
672519,181289,Ru1 Zr1,221,1,0,0,Zr1|Ru1,4d,"e_g{z2,x2-y2}",0,,
672550,97028,Ba2 Co1 Mo1 O6,225,1,1,0,Co1|Mo1,3d|4d,"e_g{z2,x2-y2}",0,,
672551,27425,Ba2 Co1 O6 W1,225,1,1,0,Co1|W1,3d|5d,"e_g{z2,x2-y2}",0,,
672552,109254,Ba2 Co1 O6 Re1,225,1,0,0,Co1|Re1,3d|5d,"e_g{z2,x2-y2}",0,,
672571,23076,O3 Sr1 Ti1,221,1,0,0,Sr1|Ti1,-|3d,"e_g{z2,x2-y2}",0,,
672655,153406,O3 Pb1 Ti1,221,1,0,0,Pb1|Ti1,-|3d,"e_g{z2,x2-y2}",1,Pb,
672665,672665,Hf1 Ni5,216,1,1,0,Hf1|Ni1,3d|5d,"e_g{z2,x2-y2}",0,,
672709,27048,Ba1 O3 Zr1,221,1,0,0,Ba1|Zr1,-|4d,"e_g{z2,x2-y2}",0,,
672730,88982,O3 Sr1 V1,221,1,1,0,Sr1|V1,-|3d,"e_g{z2,x2-y2}",0,,
672744,27970,Ba1 O3 Ti1,221,1,0,0,Ba1|Ti1,-|3d,"e_g{z2,x2-y2}",0,,
672763,108436,Fe3 Ga1,225,1,1,0,Ga1|Fe1,-|3d,"e_g{z2,x2-y2}",0,,
672764,57793,Al1 Fe3,225,1,1,0,Al1|Fe1,-|3d,"e_g{z2,x2-y2}",0,,
672765,53462,Fe3 Ge1,225,1,0,0,Ge1|Fe1,-|3d,"e_g{z2,x2-y2}",0,,
672766,53545,Fe3 Si1,225,1,0,0,Si1|Fe1,-|3d,"e_g{z2,x2-y2}",0,,
672893,672893,Co1 Fe1 Ru1 Si1,216,1,0,0,Co1|Ru1|Fe1|Si1,-|3d|4d,"e_g{z2,x2-y2}",0,,
672894,672893,Co1 Fe1 Ru1 Si1,216,1,0,0,Co1|Ru1|Fe1|Si1,-|3d|4d,"e_g{z2,x2-y2}",0,,
672895,672893,Co1 Fe1 Ru1 Si1,216,1,0,0,Co1|Ru1|Fe1|Si1,-|3d|4d,"e_g{z2,x2-y2}",0,,
672896,672896,Co1 Fe1 Ge1 Ru1,216,1,0,0,Co1|Ru1|Fe1|Ge1,-|3d|4d,"e_g{z2,x2-y2}",0,,
672897,672896,Co1 Fe1 Ge1 Ru1,216,1,0,0,Co1|Ru1|Fe1|Ge1,-|3d|4d,"e_g{z2,x2-y2}",0,,
672898,672896,Co1 Fe1 Ge1 Ru1,216,1,0,0,Co1|Ru1|Fe1|Ge1,-|3d|4d,"e_g{z2,x2-y2}",0,,
672899,672899,Co1 Fe1 Ru1 Sn1,216,1,0,0,Co1|Ru1|Fe1|Sn1,-|3d|4d,"e_g{z2,x2-y2}",1,Sn,
672900,672899,Co1 Fe1 Ru1 Sn1,216,1,0,0,Co1|Ru1|Fe1|Sn1,-|3d|4d,"e_g{z2,x2-y2}",1,Sn,
672901,672899,Co1 Fe1 Ru1 Sn1,216,1,0,0,Co1|Ru1|Fe1|Sn1,-|3d|4d,"e_g{z2,x2-y2}",1,Sn,
672915,57600,Al1 Co2 Cr1,225,1,0,0,Cr1|Al1,-|3d,"e_g{z2,x2-y2}",0,,
672916,672916,Co2 Cr1 Si1,225,1,0,0,Cr1|Si1,-|3d,"e_g{z2,x2-y2}",0,,
672918,52958,Co2 Fe1 Si1,225,1,0,0,Fe1|Si1,-|3d,"e_g{z2,x2-y2}",0,,
672940,53007,Co2 Mn1 Si1,225,1,0,0,Mn1|Si1,-|3d,"e_g{z2,x2-y2}",0,,
672941,672941,Co2 Mn1 Si1,216,1,0,0,Co1|Co2|Mn1|Si1,-|3d,"e_g{z2,x2-y2}",0,,
672942,672941,Co2 Mn1 Si1,216,1,0,0,Co1|Co2|Mn1|Si1,-|3d,"e_g{z2,x2-y2}",0,,
672990,672990,Bi1 O3 Y1,221,1,0,0,Y1|Bi1,-|4d,"e_g{z2,x2-y2}",1,Bi,
672997,27048,Ba1 O3 Zr1,221,1,0,0,Ba1|Zr1,-|4d,"e_g{z2,x2-y2}",0,,
673003,153406,O3 Pb1 Ti1,221,1,0,0,Pb1|Ti1,-|3d,"e_g{z2,x2-y2}",1,Pb,
673004,262104,O3 Pb1 Zr1,221,1,0,0,Pb1|Zr1,-|4d,"e_g{z2,x2-y2}",1,Pb,
673044,53007,Co2 Mn1 Si1,225,1,0,0,Mn1|Si1,-|3d,"e_g{z2,x2-y2}",0,,
673072,9865,Co1 O1,225,1,0,0,Co1|O1,-|3d,"e_g{z2,x2-y2}",0,,
673080,190920,K1 Nb1 O3,221,1,0,0,K1|Nb1,-|4d,"e_g{z2,x2-y2}",0,,
673108,58038,Al1 Ni3,221,1,1,0,Al1,-,"e_g{z2,x2-y2}",0,,
673133,90550,Al1 La1 O3,221,1,0,0,La1|Al1,-,"e_g{z2,x2-y2}",0,,
673178,27970,Ba1 O3 Ti1,221,1,0,0,Ba1|Ti1,-|3d,"e_g{z2,x2-y2}",0,,
673179,23076,O3 Sr1 Ti1,221,1,0,0,Sr1|Ti1,-|3d,"e_g{z2,x2-y2}",0,,
673191,673191,Co1 La1 O3,99,1,0,0,La1|Co1|O1,-|3d,"p{x,y}|{xz,yz}",0,,
673194,28930,Cr1 La1 O3,221,1,1,0,La1|Cr1,-|3d,"e_g{z2,x2-y2}",0,,
673196,673196,Fe1 La1 O3,99,1,0,0,La1|Fe1|O1,-|3d,"p{x,y}|{xz,yz}",0,,
673197,29118,Fe1 La1 O3,221,1,0,0,La1|Fe1,-|3d,"e_g{z2,x2-y2}",0,,
673198,673198,La1 Mn1 O3,99,1,1,0,La1|Mn1|O1,-|3d,"p{x,y}|{xz,yz}",0,,
673199,29119,La1 Mn1 O3,221,1,1,0,La1|Mn1,-|3d,"e_g{z2,x2-y2}",0,,
673236,191657,Al1 Co1 Fe1 Ti1,216,1,1,0,Co1|Fe1|Ti1|Al1,-|3d,"e_g{z2,x2-y2}",0,,
673278,28950,Ag1 F3 Zn1,221,1,0,0,Ag1|Zn1,3d|4d,"e_g{z2,x2-y2}",0,,
673312,88982,O3 Sr1 V1,221,1,1,0,Sr1|V1,-|3d,"e_g{z2,x2-y2}",0,,
673325,52241,F1 K1,225,0,0,1,K1|F1,-,"e_g{z2,x2-y2}",0,,
673334,15453,Ba1 O3 Ti1,99,1,0,0,Ba1|Ti1|O1,-|3d,"p{x,y}|{xz,yz}",0,,
673339,90550,Al1 La1 O3,221,1,0,0,La1|Al1,-,"e_g{z2,x2-y2}",0,,
673390,23076,O3 Sr1 Ti1,221,1,0,0,Sr1|Ti1,-|3d,"e_g{z2,x2-y2}",0,,
673418,23076,O3 Sr1 Ti1,221,1,0,0,Sr1|Ti1,-|3d,"e_g{z2,x2-y2}",0,,
673419,23076,O3 Sr1 Ti1,221,1,0,0,Sr1|Ti1,-|3d,"e_g{z2,x2-y2}",0,,
673424,77071,F3 Sc1,221,1,1,0,Sc1,3d,"e_g{z2,x2-y2}",0,,
673425,77071,F3 Sc1,221,1,1,0,Sc1,3d,"e_g{z2,x2-y2}",0,,
673426,77071,F3 Sc1,221,1,1,0,Sc1,3d,"e_g{z2,x2-y2}",0,,
673427,77071,F3 Sc1,221,1,1,0,Sc1,3d,"e_g{z2,x2-y2}",0,,
673428,77071,F3 Sc1,221,1,1,0,Sc1,3d,"e_g{z2,x2-y2}",0,,
673429,77071,F3 Sc1,221,1,1,0,Sc1,3d,"e_g{z2,x2-y2}",0,,
673430,77071,F3 Sc1,221,1,1,0,Sc1,3d,"e_g{z2,x2-y2}",0,,
673431,77071,F3 Sc1,221,1,1,0,Sc1,3d,"e_g{z2,x2-y2}",0,,
673432,77071,F3 Sc1,221,1,1,0,Sc1,3d,"e_g{z2,x2-y2}",0,,
673433,77071,F3 Sc1,221,1,1,0,Sc1,3d,"e_g{z2,x2-y2}",0,,
673434,77071,F3 Sc1,221,1,1,0,Sc1,3d,"e_g{z2,x2-y2}",0,,
673435,77071,F3 Sc1,221,1,1,0,Sc1,3d,"e_g{z2,x2-y2}",0,,
673436,77071,F3 Sc1,221,1,1,0,Sc1,3d,"e_g{z2,x2-y2}",0,,
673449,168902,Ca1 Mn1 O3,221,1,1,0,Ca1|Mn1,-|3d,"e_g{z2,x2-y2}",0,,
673462,673462,Al1 Bi1 O3,99,1,0,0,Bi1|Al1|O1,-,"p{x,y}|{xz,yz}",1,Bi,
673477,191203,Ba1 O3 V1,221,1,1,0,Ba1|V1,-|3d,"e_g{z2,x2-y2}",0,,
673486,29154,Hf1 O3 Sr1,221,1,0,0,Sr1|Hf1,-|5d,"e_g{z2,x2-y2}",0,,
673496,673496,O3 Sn1 Zn1,221,1,1,0,Zn1|Sn1,-|3d,"e_g{z2,x2-y2}",1,Sn,
673580,54422,Ni5 Y1,191,1,1,0,Y1,4d,"p{x,y}|{xy,x2-y2}|{xz,yz}",0,,
673582,673582,C1 Ni6 Y2,225,1,1,0,C1,-,"e_g{z2,x2-y2}",0,,
673866,27048,Ba1 O3 Zr1,221,1,0,0,Ba1|Zr1,-|4d,"e_g{z2,x2-y2}",0,,
673892,23076,O3 Sr1 Ti1,221,1,0,0,Sr1|Ti1,-|3d,"e_g{z2,x2-y2}",0,,
673893,673893,Ba1 O3 Ru1,221,1,0,0,Ba1|Ru1,-|4d,"e_g{z2,x2-y2}",0,,
673898,246660,C3 N4,160,1,0,0,N2,-,"p{x,y}|{xy,x2-y2}|{xz,yz}",0,,
673956,106357,Ca1 Pd5,191,1,1,0,Ca1,-,"p{x,y}|{xy,x2-y2}|{xz,yz}",0,,
673985,52241,F1 K1,225,0,0,1,K1|F1,-,"e_g{z2,x2-y2}",0,,
673989,53828,F1 Rb1,225,0,0,1,Rb1|F1,-,"e_g{z2,x2-y2}",0,,
674027,27856,Fe1 O1,225,1,0,0,Fe1|O1,-|3d,"e_g{z2,x2-y2}",0,,
674028,9865,Co1 O1,225,1,0,0,Co1|O1,-|3d,"e_g{z2,x2-y2}",0,,
674029,9866,Ni1 O1,225,1,0,0,Ni1|O1,-|3d,"e_g{z2,x2-y2}",0,,
674059,674059,Ba1 Hf1 O3,221,1,0,0,Ba1|Hf1,-|5d,"e_g{z2,x2-y2}",0,,
674060,674060,K1 O3 Sb1,221,1,1,0,K1|Sb1,-,"e_g{z2,x2-y2}",1,Sb,
674065,27048,Ba1 O3 Zr1,221,1,0,0,Ba1|Zr1,-|4d,"e_g{z2,x2-y2}",0,,
674068,674068,Ca1 Hf1 O3,99,1,0,0,Ca1|Hf1|O1,-|5d,"p{x,y}|{xz,yz}",0,,
674074,27049,Ba1 O3 Sn1,221,1,0,0,Ba1|Sn1,-,"e_g{z2,x2-y2}",1,Sn,
674084,27047,O3 Sn1 Sr1,221,1,0,0,Sr1|Sn1,-,"e_g{z2,x2-y2}",1,Sn,
674088,195084,Ge1 O3 Sr1,221,1,0,0,Sr1|Ge1,-,"e_g{z2,x2-y2}",0,,
674089,674089,Ba1 O3 Si1,99,1,0,0,Ba1|Si1|O1,-,"p{x,y}|{xz,yz}",0,,
674095,90550,Al1 La1 O3,221,1,0,0,La1|Al1,-,"e_g{z2,x2-y2}",0,,
674096,674096,Ca1 O3 Ti1,99,1,0,0,Ca1|Ti1|O1,-|3d,"p{x,y}|{xz,yz}",0,,
674105,673462,Al1 Bi1 O3,99,1,0,0,Bi1|Al1|O1,-,"p{x,y}|{xz,yz}",1,Bi,
674127,674127,K1 N1 O2 W1,99,1,0,0,K1|W1|N1,-|5d,"p{x,y}|{xz,yz}",0,,
674128,674128,N1 O2 Rb1 W1,99,1,0,0,Rb1|W1|N1,-|5d,"p{x,y}|{xz,yz}",0,,
674157,674157,N2 O1 Sb2,99,1,0,0,Sb1|Sb2|O1,-,"p{x,y}|{xz,yz}",1,Sb,
674170,674170,O2 S1 Tl1 Y1,99,1,0,0,Y1|Tl1|S1,-|4d,"p{x,y}|{xz,yz}",1,Tl,
674175,674175,Ca1 O2 S1 Sn1,99,1,0,0,Ca1|Sn1|S1,-,"p{x,y}|{xz,yz}",1,Sn,
674184,674184,Hf1 Mg1 O2 S1,99,1,0,0,Hf1|Mg1|S1,-|5d,"p{x,y}|{xz,yz}",0,,
674195,674195,Al1 O2 S1 Y1,99,1,0,0,Y1|Al1|S1,-|4d,"p{x,y}|{xz,yz}",0,,
674205,674205,Al1 F1 Ge1 O2,99,1,0,0,Ge1|Al1|F1,-,"p{x,y}|{xz,yz}",0,,
674207,674207,Al1 F1 O2 Zn1,99,1,0,0,Zn1|Al1|F1,-|3d,"p{x,y}|{xz,yz}",0,,
674208,674208,F1 Ga1 O2 Sr1,123,1,0,0,Sr1|Ga1|F1,-,"p{x,y}|{xz,yz}",0,,
674211,674211,Al1 Ba1 F1 O2,123,1,0,0,Ba1|Al1|F1,-,"p{x,y}|{xz,yz}",0,,
674212,674212,F1 K1 O2 Si1,99,1,0,0,K1|Si1|F1,-,"p{x,y}|{xz,yz}",0,,
674215,674215,F1 K1 O2 Sn1,99,1,0,0,K1|Sn1|F1,-,"p{x,y}|{xz,yz}",1,Sn,
674219,674219,F1 Hf1 O2 Rb1,123,1,0,0,Rb1|Hf1|F1,-|5d,"p{x,y}|{xz,yz}",0,,
674223,674223,F1 Ga1 Ge1 O2,99,1,0,0,Ge1|Ga1|F1,-,"p{x,y}|{xz,yz}",0,,
674238,674238,F1 O2 Rb1 Si1,99,1,0,0,Rb1|Si1|F1,-,"p{x,y}|{xz,yz}",0,,
674277,246660,C3 N4,160,1,0,0,N2,-,"p{x,y}|{xy,x2-y2}|{xz,yz}",0,,
674292,246660,C3 N4,160,1,0,0,N2,-,"p{x,y}|{xy,x2-y2}|{xz,yz}",0,,
674344,104926,Mn1 Ni2 Sn1,225,1,1,0,Sn1|Mn1,-|3d,"e_g{z2,x2-y2}",1,Sn,
674385,27970,Ba1 O3 Ti1,221,1,0,0,Ba1|Ti1,-|3d,"e_g{z2,x2-y2}",0,,
674386,27965,Ba1 O3 Ti1,123,1,0,0,Ba1|Ti1|O1,-|3d,"p{x,y}|{xz,yz}",0,,
674419,402458,Ni3 S2 Sn2,166,1,0,0,Sn1|Sn2,-,"p{x,y}|{xy,x2-y2}|{xz,yz}",1,Sn,
674434,9866,Ni1 O1,225,1,0,0,Ni1|O1,-|3d,"e_g{z2,x2-y2}",0,,
674449,57643,Al1 Co2 V1,225,1,0,0,V1|Al1,-|3d,"e_g{z2,x2-y2}",0,,
674450,102456,Co2 Ga1 V1,225,1,0,0,V1|Ga1,-|3d,"e_g{z2,x2-y2}",0,,
674451,95192,Ba5 Nb4 O15,164,1,0,0,Ba1,-,"p{x,y}|{xy,x2-y2}|{xz,yz}",0,,
674457,23076,O3 Sr1 Ti1,221,1,0,0,Sr1|Ti1,-|3d,"e_g{z2,x2-y2}",0,,
674500,29118,Fe1 La1 O3,221,1,0,0,La1|Fe1,-|3d,"e_g{z2,x2-y2}",0,,
674501,29119,La1 Mn1 O3,221,1,1,0,La1|Mn1,-|3d,"e_g{z2,x2-y2}",0,,
674509,67362,Co2 Se2 Tl1,139,1,0,0,Tl1,-,"p{x,y}|{xz,yz}",1,Tl,
674515,39673,K1 O3 Ta1,221,1,0,0,K1|Ta1,-|5d,"e_g{z2,x2-y2}",0,,
674527,674527,F3 Li1 Sr1,221,1,0,0,Sr1|Li1,-,"e_g{z2,x2-y2}",0,,
674545,28949,F3 K1 Mg1,221,1,0,0,K1|Mg1,-,"e_g{z2,x2-y2}",0,,
674623,29119,La1 Mn1 O3,221,1,1,0,La1|Mn1,-|3d,"e_g{z2,x2-y2}",0,,
674638,9866,Ni1 O1,225,1,0,0,Ni1|O1,-|3d,"e_g{z2,x2-y2}",0,,
674681,49582,Cd1 Cs1 F3,221,1,0,0,Cs1|Cd1,-|4d,"e_g{z2,x2-y2}",0,,
674693,674693,Mg1 O4 V2,216,1,1,0,Mg1|Mg2,-,"e_g{z2,x2-y2}",0,,
674762,52971,Co2 Ge1 Mn1,225,1,0,0,Mn1|Ge1,-|3d,"e_g{z2,x2-y2}",0,,
674767,674767,Al1 Co1 Ti2,225,1,0,0,Co1|Al1,-|3d,"e_g{z2,x2-y2}",0,,
674771,27048,Ba1 O3 Zr1,221,1,0,0,Ba1|Zr1,-|4d,"e_g{z2,x2-y2}",0,,
674772,27049,Ba1 O3 Sn1,221,1,0,0,Ba1|Sn1,-,"e_g{z2,x2-y2}",1,Sn,
674779,29119,La1 Mn1 O3,221,1,1,0,La1|Mn1,-|3d,"e_g{z2,x2-y2}",0,,
674788,20223,Al3 B4 O12 Y1,155,1,0,0,B1,-,"p{x,y}|{xy,x2-y2}|{xz,yz}",0,,
674822,674822,Co1 Ga1 Hf1 V1,216,1,0,0,V1|Co1|Hf1|Ga1,-|3d|5d,"e_g{z2,x2-y2}",0,,
674843,108651,O3 W1,221,1,1,0,W1,5d,"e_g{z2,x2-y2}",0,,
674881,173438,Ca1 Fe1 O2,123,1,0,0,Fe1|Fe2,3d,"p{x,y}|{xz,yz}",0,,
674898,674898,Bi1 Ti1,216,1,0,0,Ti1|Bi1,-|3d,"e_g{z2,x2-y2}",1,Bi,
674903,109254,Ba2 Co1 O6 Re1,225,1,0,0,Co1|Re1,3d|5d,"e_g{z2,x2-y2}",0,,
674926,188449,O3 Sr1 Zr1,99,1,0,0,Sr1|Zr1|O1,-|4d,"p{x,y}|{xz,yz}",0,,
674956,61556,Br1 K1,221,1,0,0,K1|Br1,-,"e_g{z2,x2-y2}",0,,
674957,31232,Cl1 K1,221,1,0,0,K1|Cl1,-,"e_g{z2,x2-y2}",0,,
674964,61522,Br1 Rb1,221,1,0,0,Rb1|Br1,-,"e_g{z2,x2-y2}",0,,
674967,44619,I1 Rb1,221,1,0,0,Rb1|I1,-,"e_g{z2,x2-y2}",0,,
674969,52274,Cl1 Cs1,225,0,0,1,Cs1|Cl1,-,"e_g{z2,x2-y2}",0,,
674974,52241,F1 K1,225,0,0,1,K1|F1,-,"e_g{z2,x2-y2}",0,,
674982,53828,F1 Rb1,225,0,0,1,Rb1|F1,-,"e_g{z2,x2-y2}",0,,
674991,674991,I1 K1,216,0,0,1,K1|I1,-,"e_g{z2,x2-y2}",0,,
674994,674994,F1 Na1,216,0,0,1,Na1|F1,-,"e_g{z2,x2-y2}",0,,
674999,674999,I1 Rb1,216,0,0,1,Rb1|I1,-,"e_g{z2,x2-y2}",0,,
675002,9865,Co1 O1,225,1,0,0,Co1|O1,-|3d,"e_g{z2,x2-y2}",0,,
675004,9866,Ni1 O1,225,1,0,0,Ni1|O1,-|3d,"e_g{z2,x2-y2}",0,,
675010,23076,O3 Sr1 Ti1,221,1,0,0,Sr1|Ti1,-|3d,"e_g{z2,x2-y2}",0,,
675018,670626,Cu1 Pd3,221,1,1,0,Cu1,3d,"e_g{z2,x2-y2}",0,,
675019,103582,Fe1 Pd3,221,1,0,0,Fe1,3d,"e_g{z2,x2-y2}",0,,
675033,675033,K1 Se1,221,1,0,0,K1|Se1,-,"e_g{z2,x2-y2}",0,,
675036,675036,K1 Se1,216,1,0,0,K1|Se1,-,"e_g{z2,x2-y2}",0,,
675040,675040,K1 Te1,216,1,0,0,K1|Te1,-,"e_g{z2,x2-y2}",1,Te,
675041,57600,Al1 Co2 Cr1,225,1,0,0,Cr1|Al1,-|3d,"e_g{z2,x2-y2}",0,,
675042,102318,Co2 Cr1 Ga1,225,1,0,0,Cr1|Ga1,-|3d,"e_g{z2,x2-y2}",0,,
675044,672916,Co2 Cr1 Si1,225,1,0,0,Cr1|Si1,-|3d,"e_g{z2,x2-y2}",0,,
675045,52958,Co2 Fe1 Si1,225,1,0,0,Fe1|Si1,-|3d,"e_g{z2,x2-y2}",0,,
675047,53007,Co2 Mn1 Si1,225,1,0,0,Mn1|Si1,-|3d,"e_g{z2,x2-y2}",0,,
675061,675061,Ru2 Sb1 Zr1,225,1,0,0,Zr1|Sb1,-|4d,"e_g{z2,x2-y2}",1,Sb,
675063,57618,Al1 Co2 Mn1,225,1,0,0,Mn1|Al1,-|3d,"e_g{z2,x2-y2}",0,,
675064,57618,Al1 Co2 Mn1,225,1,0,0,Mn1|Al1,-|3d,"e_g{z2,x2-y2}",0,,
675065,57618,Al1 Co2 Mn1,225,1,0,0,Mn1|Al1,-|3d,"e_g{z2,x2-y2}",0,,
675066,675066,Al1 Co2 Mn1,216,1,0,0,Co1|Co2|Mn1|Al1,-|3d,"e_g{z2,x2-y2}",0,,
675067,102438,Co2 Ga1 Mn1,225,1,0,0,Mn1|Ga1,-|3d,"e_g{z2,x2-y2}",0,,
675068,102438,Co2 Ga1 Mn1,225,1,0,0,Mn1|Ga1,-|3d,"e_g{z2,x2-y2}",0,,
675069,102438,Co2 Ga1 Mn1,225,1,0,0,Mn1|Ga1,-|3d,"e_g{z2,x2-y2}",0,,
675070,675070,Co2 Ga1 Mn1,216,1,0,0,Co1|Co2|Mn1|Ga1,-|3d,"e_g{z2,x2-y2}",0,,
675071,52971,Co2 Ge1 Mn1,225,1,0,0,Mn1|Ge1,-|3d,"e_g{z2,x2-y2}",0,,
675072,52971,Co2 Ge1 Mn1,225,1,0,0,Mn1|Ge1,-|3d,"e_g{z2,x2-y2}",0,,
675073,52971,Co2 Ge1 Mn1,225,1,0,0,Mn1|Ge1,-|3d,"e_g{z2,x2-y2}",0,,
675074,675074,Co2 Ge1 Mn1,216,1,0,0,Co1|Co2|Mn1|Ge1,-|3d,"e_g{z2,x2-y2}",0,,
675075,53007,Co2 Mn1 Si1,225,1,0,0,Mn1|Si1,-|3d,"e_g{z2,x2-y2}",0,,
675076,53007,Co2 Mn1 Si1,225,1,0,0,Mn1|Si1,-|3d,"e_g{z2,x2-y2}",0,,
675077,53007,Co2 Mn1 Si1,225,1,0,0,Mn1|Si1,-|3d,"e_g{z2,x2-y2}",0,,
675078,672941,Co2 Mn1 Si1,216,1,0,0,Co1|Co2|Mn1|Si1,-|3d,"e_g{z2,x2-y2}",0,,
675079,675079,Cr1 Ge1 Ti1,216,1,0,0,Cr1|Ti1|Ge1,-|3d,"e_g{z2,x2-y2}",0,,
675081,675081,Cr1 Si1 Ti1,216,1,0,0,Cr1|Ti1|Si1,-|3d,"e_g{z2,x2-y2}",0,,
675083,675083,Co1 Cr1 Mn1 Sb1,216,1,0,0,Sb1|Cr1|Mn1|Co1,-|3d,"e_g{z2,x2-y2}",1,Sb,
675084,675083,Co1 Cr1 Mn1 Sb1,216,1,0,0,Sb1|Cr1|Mn1|Co1,-|3d,"e_g{z2,x2-y2}",1,Sb,
675085,675083,Co1 Cr1 Mn1 Sb1,216,1,0,0,Sb1|Mn1|Cr1|Co1,-|3d,"e_g{z2,x2-y2}",1,Sb,
675086,675083,Co1 Cr1 Mn1 Sb1,216,1,0,0,Sb1|Mn1|Cr1|Co1,-|3d,"e_g{z2,x2-y2}",1,Sb,
675087,675083,Co1 Cr1 Mn1 Sb1,216,1,0,0,Mn1|Sb1|Cr1|Co1,-|3d,"e_g{z2,x2-y2}",1,Sb,
675088,675083,Co1 Cr1 Mn1 Sb1,216,1,0,0,Mn1|Sb1|Cr1|Co1,-|3d,"e_g{z2,x2-y2}",1,Sb,
675102,675102,Fe2 P1 Zr1,225,1,1,0,Zr1|P1,-|4d,"e_g{z2,x2-y2}",0,,
675103,675103,Co2 In1 Ti1,225,1,0,0,Ti1|In1,-|3d,"e_g{z2,x2-y2}",0,,
675104,675104,Co2 In1 V1,225,1,0,0,V1|In1,-|3d,"e_g{z2,x2-y2}",0,,
675105,675105,Mn2 Te1,216,1,0,0,Mn1|Mn2|Te1,-|3d,"e_g{z2,x2-y2}",1,Te,
