jid,formula,spg_number,spg_symbol,dimensionality,icsd,mp_id,num_wann,num_bands,optb88vdw_bandgap,zip,zip_bytes,n_files_in_zip,has_hr_dat,hr_dat_name,hr_dat_bytes,has_win,has_wout,has_eig,has_poscar,figshare_article,error,metadata_source
JVASP-5,TiO2,136,P4_2/mnm,3D,"202240,202241,167953,167954,167955,167956,167957,167958,167959,167960,167961,167962,167963,167964,31322,165920,165921,165922,165923,165924,165925,33837,33838,88623,88624,88625,33842,33843,33844,33845,33846,36412,36413,36414,36415,34372,31321,66650,31323,31324,31325,31326,31327,31328,31329,31330,161909,23697,169622,169623,169624,169625,169626,169627,169628,169629,169630,169631,169632,169633,169634,169635,169636,169637,169638,169639,169640,169641,159915,167965,200391,168140,168138,24780,69331,62677,62678,62679,51930,51931,51932,51933,51934,51935,82656,51937,51938,51939,51940,51941,24294,53997,16636,39166,24277,39168,39169,39170,39171,39172,33839,33840,74532,33841,88626,88627,63710,51936,82657,44881,53601,53602,51050,76172,109469,93097,9161,64987,85492,85493,85494,85495,39167,97277",mp-2657,48,76,1.769,JVASP-5.zip,6782014,12,True,wannier90_hr.dat,50805496,True,True,True,True,JARVIS-DFT Wannier 3D materials (JVASP-5 to JVASP-28500),,JARVIS-DFT dft_3d/dft_2d
JVASP-8,Te2Mo,31,Pmn2_1,3D,,,112,168,0.0,JVASP-8.zip,19047702,12,True,wannier90_hr.dat,118541819,True,True,True,True,JARVIS-DFT Wannier 3D materials (JVASP-5 to JVASP-28500),,JARVIS-DFT dft_3d/dft_2d
JVASP-21,PbSe,225,Fm-3m,3D,"38294,600599,657561,600730,53933,600252,648512,648513,648515,648516,648517,648518,648519,648520,648521,648522,648524,648525,648527,648528,76644,603893,63096,63097",mp-2201,16,38,0.513,JVASP-21.zip,1259770,12,True,wannier90_hr.dat,4392199,True,True,True,True,JARVIS-DFT Wannier 3D materials (JVASP-5 to JVASP-28500),,JARVIS-DFT dft_3d/dft_2d
JVASP-23,CdTe,216,F-43m,3D,"620529,659206,659219,161692,161693,658983,604599,43712,602945,180935,620535,108238,93944,620537,620516,165086,620511,620512,620513,620514,620515,31844,620517,620519,52840,603115,181732,620527,620520,620530,620531,620533,93942,93943,620536,93945,620538,620540,620542",mp-406,20,38,0.498,JVASP-23.zip,2728630,12,True,wannier90_hr.dat,10662762,True,True,True,True,JARVIS-DFT Wannier 3D materials (JVASP-5 to JVASP-28500),,JARVIS-DFT dft_3d/dft_2d
JVASP-44,FeSe,129,P4/nmm,3D,,mp-20311,40,68,,JVASP-44.zip,5520762,12,True,wannier90_hr.dat,32402113,True,True,True,True,JARVIS-DFT Wannier 3D materials (JVASP-5 to JVASP-28500),,POSCAR+spglib
JVASP-48,C,194,P6_3/mmc,3D,"31170,617290,53781,52230,76767",mp-48,32,48,0.0,JVASP-48.zip,2103160,12,True,wannier90_hr.dat,10599510,True,True,True,True,JARVIS-DFT Wannier 3D materials (JVASP-5 to JVASP-28500),,JARVIS-DFT dft_3d/dft_2d
JVASP-51,MoS2,160,R3m,3D,"38401,644257,43560,43695,40081,76370",mp-1434,24,54,0.955,JVASP-51.zip,3887334,12,True,wannier90_hr.dat,14949891,True,True,True,True,JARVIS-DFT Wannier 3D materials (JVASP-5 to JVASP-28500),,JARVIS-DFT dft_3d/dft_2d
JVASP-54,MoS2,194,P6_3/mmc,3D,"24000,105091,49801,601647,95569,95570,84180,644245,31067",mp-2815,48,76,0.922,JVASP-54.zip,4765398,12,True,wannier90_hr.dat,28686123,True,True,True,True,JARVIS-DFT Wannier 3D materials (JVASP-5 to JVASP-28500),,JARVIS-DFT dft_3d/dft_2d
JVASP-57,MoSe2,194,P6_3/mmc,3D,"49800,601045,644334,167357",mp-1634,56,84,0.906,JVASP-57.zip,6451544,12,True,wannier90_hr.dat,39044523,True,True,True,True,JARVIS-DFT Wannier 3D materials (JVASP-5 to JVASP-28500),,JARVIS-DFT dft_3d/dft_2d
JVASP-72,WS2,194,P6_3/mmc,3D,"56014,84181,202366",mp-224,48,72,0.718,JVASP-72.zip,5116257,12,True,wannier90_hr.dat,29377353,True,True,True,True,JARVIS-DFT Wannier 3D materials (JVASP-5 to JVASP-28500),,JARVIS-DFT dft_3d/dft_2d
JVASP-81,GaSe,194,P6_3/mmc,3D,"63122,43540,41978",mp-1943,64,104,0.725,JVASP-81.zip,6912896,12,True,wannier90_hr.dat,42394710,True,True,True,True,JARVIS-DFT Wannier 3D materials (JVASP-5 to JVASP-28500),,JARVIS-DFT dft_3d/dft_2d
JVASP-82,ZrS2,164,P-3m1,3D,"76037,651465,56012,601166,604434,182675,651478,651482,602309",mp-1186,24,52,0.911,JVASP-82.zip,2544002,12,True,wannier90_hr.dat,13912909,True,True,True,True,JARVIS-DFT Wannier 3D materials (JVASP-5 to JVASP-28500),,JARVIS-DFT dft_3d/dft_2d
JVASP-89,Bi2Te3,166,R-3m,3D,,mp-34202,40,72,,JVASP-89.zip,2377111,12,True,wannier90_hr.dat,10000695,True,True,True,True,JARVIS-DFT Wannier 3D materials (JVASP-5 to JVASP-28500),,POSCAR+spglib
JVASP-128,PtSe2,164,P-3m1,3D,"41389,649589,649593,649594,603677,41374",mp-1115,28,48,0.0,JVASP-128.zip,3639851,12,True,wannier90_hr.dat,18936109,True,True,True,True,JARVIS-DFT Wannier 3D materials (JVASP-5 to JVASP-28500),,JARVIS-DFT dft_3d/dft_2d
JVASP-131,SnS2,164,P-3m1,3D,"100610,100611,100612,651013,42566,659217,602283,651010,651022,650992,650993,29012,650999,650996,656779,43004",mp-1170,20,50,1.224,JVASP-131.zip,1995632,12,True,wannier90_hr.dat,9662509,True,True,True,True,JARVIS-DFT Wannier 3D materials (JVASP-5 to JVASP-28500),,JARVIS-DFT dft_3d/dft_2d
JVASP-143,GaS,194,P6_3/mmc,3D,"201344,201345,167394,53586,53587,53588,53589,53590,173940,59,25660,654685,173941",mp-2507,56,96,1.5,JVASP-143.zip,5304081,12,True,wannier90_hr.dat,32458710,True,True,True,True,JARVIS-DFT Wannier 3D materials (JVASP-5 to JVASP-28500),,JARVIS-DFT dft_3d/dft_2d
JVASP-207,GeS,63,Cmcm,3D,155418,mp-12910,28,56,0.825,JVASP-207.zip,3402262,12,True,wannier90_hr.dat,17995187,True,True,True,True,JARVIS-DFT Wannier 3D materials (JVASP-5 to JVASP-28500),,JARVIS-DFT dft_3d/dft_2d
JVASP-210,HfS2,164,P-3m1,3D,,mp-985829,24,38,1.078,JVASP-210.zip,2647213,12,True,wannier90_hr.dat,13912909,True,True,True,True,JARVIS-DFT Wannier 3D materials (JVASP-5 to JVASP-28500),,JARVIS-DFT dft_3d/dft_2d
JVASP-216,HfSe2,164,P-3m1,3D,,mp-985831,28,42,0.534,JVASP-216.zip,3461546,12,True,wannier90_hr.dat,18936109,True,True,True,True,JARVIS-DFT Wannier 3D materials (JVASP-5 to JVASP-28500),,JARVIS-DFT dft_3d/dft_2d
JVASP-234,NiO2,5,C2,3D,,,48,92,0.821,JVASP-234.zip,3649059,12,True,wannier90_hr.dat,22465049,True,True,True,True,JARVIS-DFT Wannier 3D materials (JVASP-5 to JVASP-28500),,JARVIS-DFT dft_3d/dft_2d
JVASP-252,PbO,129,P4/nmm,3D,"62848,62849,26596,53927,600296,647260,64778,94333,62847,99776,15466,62840,62841,62842,62843,62844,62845,62846,64799",mp-19921,28,56,1.472,JVASP-252.zip,4035584,12,True,wannier90_hr.dat,22229334,True,True,True,True,JARVIS-DFT Wannier 3D materials (JVASP-5 to JVASP-28500),,JARVIS-DFT dft_3d/dft_2d
JVASP-260,PbS,139,I4/mmm,3D,68701,mp-20526,28,56,1.293,JVASP-260.zip,3711191,12,True,wannier90_hr.dat,18387238,True,True,True,True,JARVIS-DFT Wannier 3D materials (JVASP-5 to JVASP-28500),,JARVIS-DFT dft_3d/dft_2d
JVASP-281,SnO,129,P4/nmm,3D,"16481,41954,15516,26597,53926",mp-2097,28,56,0.505,JVASP-281.zip,3862788,12,True,wannier90_hr.dat,22229334,True,True,True,True,JARVIS-DFT Wannier 3D materials (JVASP-5 to JVASP-28500),,JARVIS-DFT dft_3d/dft_2d
JVASP-290,SnS2,186,P6_3mc,3D,43003,mp-9984,40,84,1.101,JVASP-290.zip,4460699,12,True,wannier90_hr.dat,27601809,True,True,True,True,JARVIS-DFT Wannier 3D materials (JVASP-5 to JVASP-28500),,JARVIS-DFT dft_3d/dft_2d
JVASP-296,SnSe,63,Cmcm,3D,"50560,50561,50562,50563,50564,100673,651925,50559",mp-2168,32,60,0.395,JVASP-296.zip,4310054,12,True,wannier90_hr.dat,23503187,True,True,True,True,JARVIS-DFT Wannier 3D materials (JVASP-5 to JVASP-28500),,JARVIS-DFT dft_3d/dft_2d
JVASP-362,ZrSe3,11,P2_1/m,3D,"652241,25621,652229",mp-1683,72,112,0.297,JVASP-362.zip,9567471,12,True,wannier90_hr.dat,62986893,True,True,True,True,JARVIS-DFT Wannier 3D materials (JVASP-5 to JVASP-28500),,JARVIS-DFT dft_3d/dft_2d
JVASP-365,ZrSe2,164,P-3m1,3D,"601542,109291,652236,56013,652240,182676,652247,652244,652251",mp-2076,28,56,0.337,JVASP-365.zip,3445494,12,True,wannier90_hr.dat,18936109,True,True,True,True,JARVIS-DFT Wannier 3D materials (JVASP-5 to JVASP-28500),,JARVIS-DFT dft_3d/dft_2d
JVASP-368,ZrS3,11,P2_1/m,3D,"42073,604573",mp-9921,60,100,1.206,JVASP-368.zip,6579242,12,True,wannier90_hr.dat,43741293,True,True,True,True,JARVIS-DFT Wannier 3D materials (JVASP-5 to JVASP-28500),,JARVIS-DFT dft_3d/dft_2d
JVASP-581,NbSe2,164,P-3m1,3D,76576,mp-10228,28,42,0.0,JVASP-581.zip,3690406,12,True,wannier90_hr.dat,18936109,True,True,True,True,JARVIS-DFT Wannier 3D materials (JVASP-5 to JVASP-28500),,JARVIS-DFT dft_3d/dft_2d
JVASP-593,TaS2,164,P-3m1,3D,"651089,85323,52115,24756,651098",mp-1690,24,38,0.0,JVASP-593.zip,2328614,12,True,wannier90_hr.dat,9937809,True,True,True,True,JARVIS-DFT Wannier 3D materials (JVASP-5 to JVASP-28500),,JARVIS-DFT dft_3d/dft_2d
JVASP-648,MoSe2,187,P-6m2,2D,,mp-1634,28,42,,JVASP-648.zip,2141173,12,True,wannier90_hr.dat,8978022,True,True,True,True,JARVIS-DFT Wannier tight binding Hamiltonians for 2D materials,,POSCAR+spglib
JVASP-649,MoSe2,187,P-6m2,2D,,mp-1634,28,42,1.446,JVASP-649.zip,2143506,12,True,wannier90_hr.dat,8978022,True,True,True,True,JARVIS-DFT Wannier tight binding Hamiltonians for 2D materials,,JARVIS-DFT dft_3d/dft_2d
JVASP-650,MoSe2,187,P-6m2,2D,,mp-1634,28,42,,JVASP-650.zip,2144404,12,True,wannier90_hr.dat,8978022,True,True,True,True,JARVIS-DFT Wannier tight binding Hamiltonians for 2D materials,,POSCAR+spglib
JVASP-651,WSe2,187,P-6m2,2D,,mp-1821,28,32,,JVASP-651.zip,2147728,12,True,wannier90_hr.dat,8978022,True,True,True,True,JARVIS-DFT Wannier tight binding Hamiltonians for 2D materials,,POSCAR+spglib
JVASP-652,WSe2,187,P-6m2,2D,,mp-1821,28,32,1.334,JVASP-652.zip,2159369,12,True,wannier90_hr.dat,8978022,True,True,True,True,JARVIS-DFT Wannier tight binding Hamiltonians for 2D materials,,JARVIS-DFT dft_3d/dft_2d
JVASP-653,WSe2,187,P-6m2,2D,,mp-1821,28,32,,JVASP-653.zip,2285114,12,True,wannier90_hr.dat,8978022,True,True,True,True,JARVIS-DFT Wannier tight binding Hamiltonians for 2D materials,,POSCAR+spglib
JVASP-667,C,191,P6/mmm,2D,,mp-48,16,32,0.0,JVASP-667.zip,2670145,12,True,wannier90_hr.dat,11665477,True,True,True,True,JARVIS-DFT Wannier tight binding Hamiltonians for 2D materials,,JARVIS-DFT dft_3d/dft_2d
JVASP-687,GaSe,187,P-6m2,2D,,mp-1943,32,44,1.84,JVASP-687.zip,2575702,12,True,wannier90_hr.dat,11726022,True,True,True,True,JARVIS-DFT Wannier tight binding Hamiltonians for 2D materials,,JARVIS-DFT dft_3d/dft_2d
JVASP-696,CrS2,12,C2/m,2D,,mp-28910,24,54,0.0,JVASP-696.zip,1803742,12,True,wannier90_hr.dat,6481201,True,True,True,True,JARVIS-DFT Wannier tight binding Hamiltonians for 2D materials,,JARVIS-DFT dft_3d/dft_2d
JVASP-726,CrS2,164,P-3m1,2D,,mp-755263,24,54,0.0,JVASP-726.zip,1852137,12,True,wannier90_hr.dat,6596422,True,True,True,True,JARVIS-DFT Wannier tight binding Hamiltonians for 2D materials,,JARVIS-DFT dft_3d/dft_2d
JVASP-768,Ti2O,164,P-3m1,2D,,mp-1215,30,50,0.0,JVASP-768.zip,2165015,12,True,wannier90_hr.dat,10396232,True,True,True,True,JARVIS-DFT Wannier tight binding Hamiltonians for 2D materials,,JARVIS-DFT dft_3d/dft_2d
JVASP-802,Hf,194,P6_3/mmc,3D,"638561,76142,53786,76411,181757,53022,638559",mp-103,24,36,0.0,JVASP-802.zip,2758642,12,True,wannier90_hr.dat,12242215,True,True,True,True,JARVIS-DFT Wannier 3D materials (JVASP-5 to JVASP-28500),,JARVIS-DFT dft_3d/dft_2d
JVASP-816,Al,225,Fm-3m,3D,"240129,52611,53772,53773,53774,53775,52255,44321,150692,44713,606000,606001,606003,606004,606006,606007,43423,64700,182727,166867,43492,77363",mp-134,8,24,0.0,JVASP-816.zip,1113717,12,True,wannier90_hr.dat,3336536,True,True,True,True,JARVIS-DFT Wannier 3D materials (JVASP-5 to JVASP-28500),,JARVIS-DFT dft_3d/dft_2d
JVASP-819,Ar,225,Fm-3m,3D,"24788,53814,29279",mp-23155,8,24,8.718,JVASP-819.zip,766157,12,True,wannier90_hr.dat,3342946,True,True,True,True,JARVIS-DFT Wannier 3D materials (JVASP-5 to JVASP-28500),,JARVIS-DFT dft_3d/dft_2d
JVASP-825,Au,225,Fm-3m,3D,"53763,53764,180869,611623,611624,611625,44362,163723,611628,180868,52249,52700,64701",mp-81,12,24,0.0,JVASP-825.zip,2042618,12,True,wannier90_hr.dat,7399665,True,True,True,True,JARVIS-DFT Wannier 3D materials (JVASP-5 to JVASP-28500),,JARVIS-DFT dft_3d/dft_2d
JVASP-828,B,166,R-3m,3D,"56992,26487,108026,62747,94429,181823",mp-160,96,144,1.687,JVASP-828.zip,5521810,12,True,wannier90_hr.dat,32717221,True,True,True,True,JARVIS-DFT Wannier 3D materials (JVASP-5 to JVASP-28500),,JARVIS-DFT dft_3d/dft_2d
JVASP-834,Be,194,P6_3/mmc,3D,"43363,52229,53766,76743,52263,600013,20686,1425,52707,616181,616179,150617,150618",mp-87,16,44,0.0,JVASP-834.zip,1131771,12,True,wannier90_hr.dat,5186113,True,True,True,True,JARVIS-DFT Wannier 3D materials (JVASP-5 to JVASP-28500),,JARVIS-DFT dft_3d/dft_2d
JVASP-837,Bi,166,R-3m,3D,"64704,64705,53797,246663,616519,616526,616527,64703",mp-23152,16,48,0.0,JVASP-837.zip,1450352,12,True,wannier90_hr.dat,4392199,True,True,True,True,JARVIS-DFT Wannier 3D materials (JVASP-5 to JVASP-28500),,JARVIS-DFT dft_3d/dft_2d
JVASP-840,Br,64,Cmce,3D,,mp-23154,32,72,1.308,JVASP-840.zip,1966429,12,True,wannier90_hr.dat,9063358,True,True,True,True,JARVIS-DFT Wannier 3D materials (JVASP-5 to JVASP-28500),,JARVIS-DFT dft_3d/dft_2d
JVASP-858,Co,194,P6_3/mmc,3D,"622436,622438,52935,53806,76942,76633,44990",mp-54,24,48,0.0,JVASP-858.zip,2988150,12,True,wannier90_hr.dat,11666113,True,True,True,True,JARVIS-DFT Wannier 3D materials (JVASP-5 to JVASP-28500),,JARVIS-DFT dft_3d/dft_2d
JVASP-867,Cu,225,Fm-3m,3D,"52256,53755,43493,627113,627114,627115,627117,180109,629460,53758,655129,64699,53756,53757,53246,53247",mp-30,12,42,0.0,JVASP-867.zip,2198906,12,True,wannier90_hr.dat,7385255,True,True,True,True,JARVIS-DFT Wannier 3D materials (JVASP-5 to JVASP-28500),,JARVIS-DFT dft_3d/dft_2d
JVASP-870,Dy,166,R-3m,3D,"629537,629540,52518",mp-10658,48,63,0.0,JVASP-870.zip,6239593,12,True,wannier90_hr.dat,25690791,True,True,True,True,JARVIS-DFT Wannier 3D materials (JVASP-5 to JVASP-28500),,JARVIS-DFT dft_3d/dft_2d
JVASP-890,Ge,227,Fd-3m,3D,"44610,600774,44841,53642,76267,636527,636528,76146,636535,53788,181071,41980,54237,43422",mp-32,16,28,0.0,JVASP-890.zip,1156918,12,True,wannier90_hr.dat,4494640,True,True,True,True,JARVIS-DFT Wannier 3D materials (JVASP-5 to JVASP-28500),,JARVIS-DFT dft_3d/dft_2d
JVASP-895,I,64,Cmce,3D,,mp-23153,32,72,0.915,JVASP-895.zip,1970943,12,True,wannier90_hr.dat,9063358,True,True,True,True,JARVIS-DFT Wannier 3D materials (JVASP-5 to JVASP-28500),,JARVIS-DFT dft_3d/dft_2d
JVASP-901,Ir,225,Fm-3m,3D,"64992,659854,41524,53813,640729,640730",mp-101,12,24,0.0,JVASP-901.zip,2085174,12,True,wannier90_hr.dat,7385255,True,True,True,True,JARVIS-DFT Wannier 3D materials (JVASP-5 to JVASP-28500),,JARVIS-DFT dft_3d/dft_2d
JVASP-919,Mg,194,P6_3/mmc,3D,"181728,76259,52260,181254,53767,76748,162414,168829,76145,77908,170902,654648,166868,642651,642653,642655",mp-153,16,36,0.0,JVASP-919.zip,1231141,12,True,wannier90_hr.dat,5186113,True,True,True,True,JARVIS-DFT Wannier 3D materials (JVASP-5 to JVASP-28500),,JARVIS-DFT dft_3d/dft_2d
JVASP-922,Mn,217,I-43m,3D,"655106,44932,56133,246889,246890,642935,618255,43058,642933,42774,42743,44761,164349,174037",mp-35,348,474,0.0,JVASP-922.zip,28352396,12,True,wannier90_hr.dat,163490598,True,True,True,True,JARVIS-DFT Wannier 3D materials (JVASP-5 to JVASP-28500),,JARVIS-DFT dft_3d/dft_2d
JVASP-931,Na,194,P6_3/mmc,3D,44758,mp-10172,16,36,0.0,JVASP-931.zip,1208290,12,True,wannier90_hr.dat,5186113,True,True,True,True,JARVIS-DFT Wannier 3D materials (JVASP-5 to JVASP-28500),,JARVIS-DFT dft_3d/dft_2d
JVASP-934,Nb,229,Im-3m,3D,"76416,645057,645058,645059,645063,76264,645065,76554,76011,151406,170906",mp-75,12,18,0.0,JVASP-934.zip,1873520,12,True,wannier90_hr.dat,7284384,True,True,True,True,JARVIS-DFT Wannier 3D materials (JVASP-5 to JVASP-28500),,JARVIS-DFT dft_3d/dft_2d
JVASP-937,Nd,194,P6_3/mmc,3D,"102657,164281,150953,645579,645581,76592,645585,645584,645577,43577",mp-123,64,76,0.0,JVASP-937.zip,11308593,12,True,wannier90_hr.dat,50996523,True,True,True,True,JARVIS-DFT Wannier 3D materials (JVASP-5 to JVASP-28500),,JARVIS-DFT dft_3d/dft_2d
JVASP-943,Ni,225,Fm-3m,3D,"43397,52231,163354,41508,52265,53807,53808,53809,646089,646085,646087,646088,260169,646090,646091,260172,181716,64989,162279,162415,646092,76667",mp-23,12,42,0.0,JVASP-943.zip,2385160,12,True,wannier90_hr.dat,7500536,True,True,True,True,JARVIS-DFT Wannier 3D materials (JVASP-5 to JVASP-28500),,JARVIS-DFT dft_3d/dft_2d
JVASP-949,O,12,C2/m,3D,156481,mp-12957,48,104,1.128,JVASP-949.zip,1662681,12,True,wannier90_hr.dat,9562082,True,True,True,True,JARVIS-DFT Wannier 3D materials (JVASP-5 to JVASP-28500),,JARVIS-DFT dft_3d/dft_2d
JVASP-961,Pb,225,Fm-3m,3D,"648341,77863,54312,64940,64808,151378,105588,96501,648343,648344,57460,52253,53791",mp-20483,8,38,0.0,JVASP-961.zip,1366368,12,True,wannier90_hr.dat,3362176,True,True,True,True,JARVIS-DFT Wannier 3D materials (JVASP-5 to JVASP-28500),,JARVIS-DFT dft_3d/dft_2d
JVASP-963,Pd,225,Fm-3m,3D,"648673,648674,648675,648677,180870,648679,648680,180871,41517,64914,64915,64916,64918,64920,76148,64922,52251,77885",mp-2,12,24,0.0,JVASP-963.zip,2046155,12,True,wannier90_hr.dat,7471716,True,True,True,True,JARVIS-DFT Wannier 3D materials (JVASP-5 to JVASP-28500),,JARVIS-DFT dft_3d/dft_2d
JVASP-972,Pt,225,Fm-3m,3D,"180880,649493,76153,181717,76951,64912,180881,649490,180981,180980,64917,649494,64919,77944,64921,52250,64923,64924,76414,41525",mp-126,12,24,0.0,JVASP-972.zip,2054971,12,True,wannier90_hr.dat,7486126,True,True,True,True,JARVIS-DFT Wannier 3D materials (JVASP-5 to JVASP-28500),,JARVIS-DFT dft_3d/dft_2d
JVASP-984,Rh,225,Fm-3m,3D,"52064,650218,41516,650221,650222,53811,76952,52252,171677,64991",mp-74,12,42,0.0,JVASP-984.zip,2277774,12,True,wannier90_hr.dat,7385255,True,True,True,True,JARVIS-DFT Wannier 3D materials (JVASP-5 to JVASP-28500),,JARVIS-DFT dft_3d/dft_2d
JVASP-987,Ru,194,P6_3/mmc,3D,"40354,650571,52004,52261,44615,650568,650569,650570,602251,650572,650573,650574,53810,76155,54236,43710",mp-33,24,36,0.0,JVASP-987.zip,2587666,12,True,wannier90_hr.dat,11666113,True,True,True,True,JARVIS-DFT Wannier 3D materials (JVASP-5 to JVASP-28500),,JARVIS-DFT dft_3d/dft_2d
JVASP-993,Sb,166,R-3m,3D,"651488,651489,651490,9859,651492,651491,651497,55402,53795,161493,64695,64696,64697,409754,651498",mp-104,16,48,0.0,JVASP-993.zip,1421520,12,True,wannier90_hr.dat,4392199,True,True,True,True,JARVIS-DFT Wannier 3D materials (JVASP-5 to JVASP-28500),,JARVIS-DFT dft_3d/dft_2d
JVASP-1002,Si,227,Fd-3m,3D,"150530,181356,43403,181907,53782,53783,52266,94261,652257,182730,67788,652258,659044,43610,652255,60385,60386,60387,60388,60389,29287,29288,52457,181355,76268,51688,652265,41979",mp-149,16,48,0.731,JVASP-1002.zip,1670211,12,True,wannier90_hr.dat,6799552,True,True,True,True,JARVIS-DFT Wannier 3D materials (JVASP-5 to JVASP-28500),,JARVIS-DFT dft_3d/dft_2d
JVASP-1007,Sn,227,Fd-3m,3D,,mp-117,16,28,,JVASP-1007.zip,1601275,12,True,wannier90_hr.dat,6825162,True,True,True,True,JARVIS-DFT Wannier 3D materials (JVASP-5 to JVASP-28500),,POSCAR+spglib
JVASP-1008,Sn,227,Fd-3m,3D,"70128,76040,53789,40039",mp-117,16,28,0.0,JVASP-1008.zip,1607122,12,True,wannier90_hr.dat,6825162,True,True,True,True,JARVIS-DFT Wannier 3D materials (JVASP-5 to JVASP-28500),,JARVIS-DFT dft_3d/dft_2d
JVASP-1009,Sn,227,Fd-3m,3D,,mp-117,16,28,,JVASP-1009.zip,1653275,12,True,wannier90_hr.dat,6825162,True,True,True,True,JARVIS-DFT Wannier 3D materials (JVASP-5 to JVASP-28500),,POSCAR+spglib
JVASP-1014,Ta,229,Im-3m,3D,"76417,652900,652902,53793,652903,76014,151407,76152,167903",mp-50,12,18,0.0,JVASP-1014.zip,1920884,12,True,wannier90_hr.dat,7284384,True,True,True,True,JARVIS-DFT Wannier 3D materials (JVASP-5 to JVASP-28500),,JARVIS-DFT dft_3d/dft_2d
JVASP-1017,Tb,166,R-3m,3D,52497,mp-11698,48,72,0.0,JVASP-1017.zip,6011385,12,True,wannier90_hr.dat,25690791,True,True,True,True,JARVIS-DFT Wannier 3D materials (JVASP-5 to JVASP-28500),,JARVIS-DFT dft_3d/dft_2d
JVASP-1020,Tc,194,P6_3/mmc,3D,"52498,653011,653012,653014,182009,76953",mp-113,24,36,0.0,JVASP-1020.zip,2840534,12,True,wannier90_hr.dat,11666113,True,True,True,True,JARVIS-DFT Wannier 3D materials (JVASP-5 to JVASP-28500),,JARVIS-DFT dft_3d/dft_2d
JVASP-1026,Th,225,Fm-3m,3D,,mp-37,12,40,,JVASP-1026.zip,2591064,12,True,wannier90_hr.dat,7255564,True,True,True,True,JARVIS-DFT Wannier 3D materials (JVASP-5 to JVASP-28500),,POSCAR+spglib
JVASP-1029,Ti,191,P6/mmm,3D,"52521,653277",mp-72,36,54,0.0,JVASP-1029.zip,3375790,12,True,wannier90_hr.dat,15747693,True,True,True,True,JARVIS-DFT Wannier 3D materials (JVASP-5 to JVASP-28500),,JARVIS-DFT dft_3d/dft_2d
JVASP-1044,W,229,Im-3m,3D,"44323,53800,44393,653431,52268,45200,43667,653430,76151,653432,653433,52538,43421",mp-91,12,48,0.0,JVASP-1044.zip,2249775,12,True,wannier90_hr.dat,7428485,True,True,True,True,JARVIS-DFT Wannier 3D materials (JVASP-5 to JVASP-28500),,JARVIS-DFT dft_3d/dft_2d
JVASP-1049,Y,194,P6_3/mmc,3D,,mp-112,24,32,,JVASP-1049.zip,3444504,12,True,wannier90_hr.dat,16735805,True,True,True,True,JARVIS-DFT Wannier 3D materials (JVASP-5 to JVASP-28500),,POSCAR+spglib
JVASP-1050,Y,194,P6_3/mmc,3D,"660002,43588,43719,95176,653450,52539",mp-112,24,32,0.0,JVASP-1050.zip,2781726,12,True,wannier90_hr.dat,11666113,True,True,True,True,JARVIS-DFT Wannier 3D materials (JVASP-5 to JVASP-28500),,JARVIS-DFT dft_3d/dft_2d
JVASP-1056,Zn,194,P6_3/mmc,3D,"53769,421013,421014,421015,52259,653501,653502,52543,653504,653505,64990,181734,247147,247148,247149,247150,247151,247152,247153,247154,247155,247156,247157,247158,247159,247160,247161,247162",mp-79,36,48,0.0,JVASP-1056.zip,5604248,12,True,wannier90_hr.dat,33374671,True,True,True,True,JARVIS-DFT Wannier 3D materials (JVASP-5 to JVASP-28500),,JARVIS-DFT dft_3d/dft_2d
JVASP-1065,Tl4Te3Pb,140,I4/mcm,3D,"73088,648621,604389",mp-20740,128,204,0.247,JVASP-1065.zip,10256071,12,True,wannier90_hr.dat,58163621,True,True,True,True,JARVIS-DFT Wannier 3D materials (JVASP-5 to JVASP-28500),,JARVIS-DFT dft_3d/dft_2d
JVASP-1067,Bi2Se3,166,R-3m,3D,"42545,165226,617083,20385",mp-541837,40,80,0.319,JVASP-1067.zip,3658312,12,True,wannier90_hr.dat,17841191,True,True,True,True,JARVIS-DFT Wannier 3D materials (JVASP-5 to JVASP-28500),,JARVIS-DFT dft_3d/dft_2d
JVASP-1071,Sb2Te3,166,R-3m,3D,,mp-1201,40,72,,JVASP-1071.zip,2381143,12,True,wannier90_hr.dat,10000695,True,True,True,True,JARVIS-DFT Wannier 3D materials (JVASP-5 to JVASP-28500),,POSCAR+spglib
JVASP-1082,Mg2Sn,225,Fm-3m,3D,"151362,104869,104870,642855,151368,181765,150957,642850,151388,158181",mp-2343,24,42,0.0,JVASP-1082.zip,3141686,12,True,wannier90_hr.dat,15353162,True,True,True,True,JARVIS-DFT Wannier 3D materials (JVASP-5 to JVASP-28500),,JARVIS-DFT dft_3d/dft_2d
JVASP-1083,Mg2Sn,225,Fm-3m,3D,,mp-2343,24,42,,JVASP-1083.zip,3154425,12,True,wannier90_hr.dat,15353162,True,True,True,True,JARVIS-DFT Wannier 3D materials (JVASP-5 to JVASP-28500),,POSCAR+spglib
JVASP-1084,LaTe,225,Fm-3m,3D,,mp-1560,34,40,,JVASP-1084.zip,6937957,12,True,wannier90_hr.dat,31041382,True,True,True,True,JARVIS-DFT Wannier 3D materials (JVASP-5 to JVASP-28500),,POSCAR+spglib
JVASP-1106,Ag2Te,14,P2_1/c,3D,"73402,24267,73230",mp-1592,128,208,0.0,JVASP-1106.zip,20976328,12,True,wannier90_hr.dat,140084128,True,True,True,True,JARVIS-DFT Wannier 3D materials (JVASP-5 to JVASP-28500),,JARVIS-DFT dft_3d/dft_2d
JVASP-1107,Ag2Te,14,P2_1/c,3D,,mp-1592,128,208,,JVASP-1107.zip,21458899,12,True,wannier90_hr.dat,140084128,True,True,True,True,JARVIS-DFT Wannier 3D materials (JVASP-5 to JVASP-28500),,POSCAR+spglib
JVASP-1116,PbSe,225,Fm-3m,3D,,mp-2201,16,38,,JVASP-1116.zip,1741341,12,True,wannier90_hr.dat,6901992,True,True,True,True,JARVIS-DFT Wannier 3D materials (JVASP-5 to JVASP-28500),,POSCAR+spglib
JVASP-1118,CuBiSeO,129,P4/nmm,3D,"75128,74475",mp-23116,68,112,0.374,JVASP-1118.zip,14653443,12,True,wannier90_hr.dat,93638113,True,True,True,True,JARVIS-DFT Wannier 3D materials (JVASP-5 to JVASP-28500),,JARVIS-DFT dft_3d/dft_2d
JVASP-1123,Cu2Se,225,Fm-3m,3D,,mp-16366,32,68,,JVASP-1123.zip,5366786,12,True,wannier90_hr.dat,27189952,True,True,True,True,JARVIS-DFT Wannier 3D materials (JVASP-5 to JVASP-28500),,POSCAR+spglib
JVASP-1124,Cu2Se,225,Fm-3m,3D,56025,mp-16366,32,68,0.0,JVASP-1124.zip,5451446,12,True,wannier90_hr.dat,27804413,True,True,True,True,JARVIS-DFT Wannier 3D materials (JVASP-5 to JVASP-28500),,JARVIS-DFT dft_3d/dft_2d
JVASP-1125,Cu2Se,225,Fm-3m,3D,,mp-16366,32,68,,JVASP-1125.zip,5466847,12,True,wannier90_hr.dat,27189952,True,True,True,True,JARVIS-DFT Wannier 3D materials (JVASP-5 to JVASP-28500),,POSCAR+spglib
JVASP-1384,LiPb,221,Pm-3m,3D,"642249,104762,104763,601174",mp-2314,10,36,0.0,JVASP-1384.zip,1096677,12,True,wannier90_hr.dat,3648755,True,True,True,True,JARVIS-DFT Wannier 3D materials (JVASP-5 to JVASP-28500),,JARVIS-DFT dft_3d/dft_2d
JVASP-1492,YSbPt,216,F-43m,3D,"44970,649578",mp-4964,32,64,0.033,JVASP-1492.zip,3057069,12,True,wannier90_hr.dat,11828432,True,True,True,True,JARVIS-DFT Wannier 3D materials (JVASP-5 to JVASP-28500),,JARVIS-DFT dft_3d/dft_2d
JVASP-1849,Li2AgSb,216,F-43m,3D,52589,mp-16238,24,68,0.097,JVASP-1849.zip,2088002,12,True,wannier90_hr.dat,6654032,True,True,True,True,JARVIS-DFT Wannier 3D materials (JVASP-5 to JVASP-28500),,JARVIS-DFT dft_3d/dft_2d
JVASP-2062,TlBiSe2,166,R-3m,3D,43314,mp-29662,32,62,0.253,JVASP-2062.zip,2694611,12,True,wannier90_hr.dat,11418791,True,True,True,True,JARVIS-DFT Wannier 3D materials (JVASP-5 to JVASP-28500),,JARVIS-DFT dft_3d/dft_2d
JVASP-2268,ThTeO,129,P4/nmm,3D,"33587,65950,150471",mp-3718,52,76,0.447,JVASP-2268.zip,9798735,12,True,wannier90_hr.dat,54758113,True,True,True,True,JARVIS-DFT Wannier 3D materials (JVASP-5 to JVASP-28500),,JARVIS-DFT dft_3d/dft_2d
JVASP-2817,K4IrO4,12,C2/m,3D,47223,mp-8429,84,104,0.308,JVASP-2817.zip,4750865,12,True,wannier90_hr.dat,25049221,True,True,True,True,JARVIS-DFT Wannier 3D materials (JVASP-5 to JVASP-28500),,JARVIS-DFT dft_3d/dft_2d
JVASP-3477,Nd3InN,221,Pm-3m,3D,98496,mp-21022,62,69,0.0,JVASP-3477.zip,13915316,12,True,wannier90_hr.dat,65926399,True,True,True,True,JARVIS-DFT Wannier 3D materials (JVASP-5 to JVASP-28500),,JARVIS-DFT dft_3d/dft_2d
JVASP-3909,SnSb2Te4,166,R-3m,3D,30392,mp-27947,56,110,0.201,JVASP-3909.zip,3904726,12,True,wannier90_hr.dat,19600695,True,True,True,True,JARVIS-DFT Wannier 3D materials (JVASP-5 to JVASP-28500),,JARVIS-DFT dft_3d/dft_2d
JVASP-4053,BaMg2Bi2,164,P-3m1,3D,100049,mp-29209,44,76,0.596,JVASP-4053.zip,3820930,12,True,wannier90_hr.dat,18877049,True,True,True,True,JARVIS-DFT Wannier 3D materials (JVASP-5 to JVASP-28500),,JARVIS-DFT dft_3d/dft_2d
JVASP-4101,Bi2Te2Se,166,R-3m,3D,43512,mp-29666,40,72,0.23,JVASP-4101.zip,2346196,12,True,wannier90_hr.dat,10000695,True,True,True,True,JARVIS-DFT Wannier 3D materials (JVASP-5 to JVASP-28500),,JARVIS-DFT dft_3d/dft_2d
JVASP-4349,HgTe,225,Fm-3m,3D,"56658,162604",mp-1507,52,80,0.0,JVASP-4349.zip,10158441,12,True,wannier90_hr.dat,63411238,True,True,True,True,JARVIS-DFT Wannier 3D materials (JVASP-5 to JVASP-28500),,JARVIS-DFT dft_3d/dft_2d
JVASP-4358,GaSe,187,P-6m2,3D,"71082,73387,660262,601159",mp-1572,64,104,0.678,JVASP-4358.zip,7167348,12,True,wannier90_hr.dat,42394710,True,True,True,True,JARVIS-DFT Wannier 3D materials (JVASP-5 to JVASP-28500),,JARVIS-DFT dft_3d/dft_2d
JVASP-4438,CrSiTe3,148,R-3,3D,"626809,626810,62379,71020",mp-3779,88,132,0.553,JVASP-4438.zip,13824189,12,True,wannier90_hr.dat,86346791,True,True,True,True,JARVIS-DFT Wannier 3D materials (JVASP-5 to JVASP-28500),,JARVIS-DFT dft_3d/dft_2d
JVASP-4456,Nb2CS2,166,R-3m,3D,"95112,95110",mp-4384,44,64,0.0,JVASP-4456.zip,4085903,12,True,wannier90_hr.dat,21587591,True,True,True,True,JARVIS-DFT Wannier 3D materials (JVASP-5 to JVASP-28500),,JARVIS-DFT dft_3d/dft_2d
JVASP-4501,VAgP2Se6,5,C2,3D,"655585,68143",mp-6543,88,138,0.0,JVASP-4501.zip,5548175,12,True,wannier90_hr.dat,27491621,True,True,True,True,JARVIS-DFT Wannier 3D materials (JVASP-5 to JVASP-28500),,JARVIS-DFT dft_3d/dft_2d
JVASP-4558,Ta2CS2,166,R-3m,3D,23791,mp-7814,44,80,0.0,JVASP-4558.zip,2771067,12,True,wannier90_hr.dat,12100695,True,True,True,True,JARVIS-DFT Wannier 3D materials (JVASP-5 to JVASP-28500),,JARVIS-DFT dft_3d/dft_2d
JVASP-4615,CuAgS,63,Cmcm,3D,"30233,66580",mp-8911,60,112,0.457,JVASP-4615.zip,10026879,12,True,wannier90_hr.dat,60301759,True,True,True,True,JARVIS-DFT Wannier 3D materials (JVASP-5 to JVASP-28500),,JARVIS-DFT dft_3d/dft_2d
JVASP-4636,MgAl2Se4,166,R-3m,3D,83363,mp-9479,56,90,1.223,JVASP-4636.zip,5850612,12,True,wannier90_hr.dat,34967591,True,True,True,True,JARVIS-DFT Wannier 3D materials (JVASP-5 to JVASP-28500),,JARVIS-DFT dft_3d/dft_2d
JVASP-4657,GaS,166,R-3m,3D,40824,mp-9889,28,56,1.346,JVASP-4657.zip,1982569,12,True,wannier90_hr.dat,8742791,True,True,True,True,JARVIS-DFT Wannier 3D materials (JVASP-5 to JVASP-28500),,JARVIS-DFT dft_3d/dft_2d
JVASP-4696,SrLiP,187,P-6m2,3D,56443,mp-10614,22,38,0.899,JVASP-4696.zip,2833605,12,True,wannier90_hr.dat,15031408,True,True,True,True,JARVIS-DFT Wannier 3D materials (JVASP-5 to JVASP-28500),,JARVIS-DFT dft_3d/dft_2d
JVASP-4708,B2Au,191,P6/mmm,3D,52699,mp-10681,28,48,0.0,JVASP-4708.zip,3743626,12,True,wannier90_hr.dat,18936109,True,True,True,True,JARVIS-DFT Wannier 3D materials (JVASP-5 to JVASP-28500),,JARVIS-DFT dft_3d/dft_2d
JVASP-4837,Ga2O3,63,Cmcm,3D,162252,mp-13134,68,124,1.476,JVASP-4837.zip,6654493,12,True,wannier90_hr.dat,40460948,True,True,True,True,JARVIS-DFT Wannier 3D materials (JVASP-5 to JVASP-28500),,JARVIS-DFT dft_3d/dft_2d
JVASP-4846,PtN,194,P6_3/mmc,3D,163863,mp-13173,36,60,0.0,JVASP-4846.zip,4178520,12,True,wannier90_hr.dat,22357809,True,True,True,True,JARVIS-DFT Wannier 3D materials (JVASP-5 to JVASP-28500),,JARVIS-DFT dft_3d/dft_2d
JVASP-4894,TaTe4Ir,31,Pmn2_1,3D,73322,mp-17287,224,344,0.0,JVASP-4894.zip,33385259,12,True,wannier90_hr.dat,203213272,True,True,True,True,JARVIS-DFT Wannier 3D materials (JVASP-5 to JVASP-28500),,JARVIS-DFT dft_3d/dft_2d
JVASP-4957,TiPbO3,221,Pm-3m,3D,"262090,27949,1613,28624,162043,153406,162047",mp-19845,38,58,1.67,JVASP-4957.zip,4139388,12,True,wannier90_hr.dat,24766399,True,True,True,True,JARVIS-DFT Wannier 3D materials (JVASP-5 to JVASP-28500),,JARVIS-DFT dft_3d/dft_2d
JVASP-5098,PtPb,194,P6_3/mmc,3D,648398,mp-21380,40,60,0.0,JVASP-5098.zip,5271394,12,True,wannier90_hr.dat,27601809,True,True,True,True,JARVIS-DFT Wannier 3D materials (JVASP-5 to JVASP-28500),,JARVIS-DFT dft_3d/dft_2d
JVASP-5164,CuI,129,P4/nmm,3D,"246688,78268,78269,246687",mp-22863,40,68,1.571,JVASP-5164.zip,6893834,12,True,wannier90_hr.dat,45362934,True,True,True,True,JARVIS-DFT Wannier 3D materials (JVASP-5 to JVASP-28500),,JARVIS-DFT dft_3d/dft_2d
JVASP-5176,CuBr,129,P4/nmm,3D,"78276,78277",mp-22917,40,68,1.012,JVASP-5176.zip,6587876,12,True,wannier90_hr.dat,45362934,True,True,True,True,JARVIS-DFT Wannier 3D materials (JVASP-5 to JVASP-28500),,JARVIS-DFT dft_3d/dft_2d
JVASP-5260,Bi2TeI,166,R-3m,3D,"153858,250330",mp-23435,64,120,0.011,JVASP-5260.zip,7072031,12,True,wannier90_hr.dat,39937049,True,True,True,True,JARVIS-DFT Wannier 3D materials (JVASP-5 to JVASP-28500),,JARVIS-DFT dft_3d/dft_2d
JVASP-5284,SrH2,194,P6_3/mmc,3D,"163570,163571,163572,163573,163574,163575,163576",mp-23759,32,64,1.678,JVASP-5284.zip,2065044,12,True,wannier90_hr.dat,10497100,True,True,True,True,JARVIS-DFT Wannier 3D materials (JVASP-5 to JVASP-28500),,JARVIS-DFT dft_3d/dft_2d
JVASP-5296,CaH2,194,P6_3/mmc,3D,157943,mp-24809,32,64,1.055,JVASP-5296.zip,1992138,12,True,wannier90_hr.dat,9985049,True,True,True,True,JARVIS-DFT Wannier 3D materials (JVASP-5 to JVASP-28500),,JARVIS-DFT dft_3d/dft_2d
JVASP-5308,MnO2,164,P-3m1,3D,"56152,24105,53991",mp-25558,24,54,0.676,JVASP-5308.zip,2708658,12,True,wannier90_hr.dat,13912909,True,True,True,True,JARVIS-DFT Wannier 3D materials (JVASP-5 to JVASP-28500),,JARVIS-DFT dft_3d/dft_2d
JVASP-5311,HgPS3,2,P-1,3D,2564,mp-27178,88,132,1.679,JVASP-5311.zip,8930369,12,True,wannier90_hr.dat,58468027,True,True,True,True,JARVIS-DFT Wannier 3D materials (JVASP-5 to JVASP-28500),,JARVIS-DFT dft_3d/dft_2d
JVASP-5314,UCl5,2,P-1,3D,6057,mp-27240,92,162,0.376,JVASP-5314.zip,5525298,12,True,wannier90_hr.dat,31740441,True,True,True,True,JARVIS-DFT Wannier 3D materials (JVASP-5 to JVASP-28500),,JARVIS-DFT dft_3d/dft_2d
JVASP-5329,XeO2F2,63,Cmcm,3D,10203,mp-27337,64,128,1.759,JVASP-5329.zip,5798675,12,True,wannier90_hr.dat,39937049,True,True,True,True,JARVIS-DFT Wannier 3D materials (JVASP-5 to JVASP-28500),,JARVIS-DFT dft_3d/dft_2d
JVASP-5335,NbSe2Cl2,2,P-1,3D,10483,mp-27361,80,140,0.967,JVASP-5335.zip,7491032,12,True,wannier90_hr.dat,48320827,True,True,True,True,JARVIS-DFT Wannier 3D materials (JVASP-5 to JVASP-28500),,JARVIS-DFT dft_3d/dft_2d
JVASP-5365,CrCl3,12,C2/m,3D,22080,mp-27630,60,104,1.493,JVASP-5365.zip,5186267,12,True,wannier90_hr.dat,40141191,True,True,True,True,JARVIS-DFT Wannier 3D materials (JVASP-5 to JVASP-28500),,JARVIS-DFT dft_3d/dft_2d
JVASP-5374,BiI,12,C2/m,3D,1558,mp-27708,128,216,0.557,JVASP-5374.zip,12539528,12,True,wannier90_hr.dat,74547723,True,True,True,True,JARVIS-DFT Wannier 3D materials (JVASP-5 to JVASP-28500),,JARVIS-DFT dft_3d/dft_2d
JVASP-5410,BiSe,164,P-3m1,3D,"617073,20458",mp-27902,96,168,0.0,JVASP-5410.zip,11652785,12,True,wannier90_hr.dat,70503237,True,True,True,True,JARVIS-DFT Wannier 3D materials (JVASP-5 to JVASP-28500),,JARVIS-DFT dft_3d/dft_2d
JVASP-5428,GeBi2Te4,166,R-3m,3D,30394,mp-27948,56,110,0.61,JVASP-5428.zip,3962486,12,True,wannier90_hr.dat,19600695,True,True,True,True,JARVIS-DFT Wannier 3D materials (JVASP-5 to JVASP-28500),,JARVIS-DFT dft_3d/dft_2d
JVASP-5575,Nb2Te6I,14,P2_1/c,3D,71516,mp-28745,320,480,0.5,JVASP-5575.zip,22767416,12,True,wannier90_hr.dat,138240198,True,True,True,True,JARVIS-DFT Wannier 3D materials (JVASP-5 to JVASP-28500),,JARVIS-DFT dft_3d/dft_2d
JVASP-5668,TaCl4,12,C2/m,3D,402406,mp-29465,72,132,1.101,JVASP-5668.zip,7784371,12,True,wannier90_hr.dat,57802791,True,True,True,True,JARVIS-DFT Wannier 3D materials (JVASP-5 to JVASP-28500),,JARVIS-DFT dft_3d/dft_2d
JVASP-5701,CuAsSe2,160,R3m,3D,42884,mp-29643,36,74,0.576,JVASP-5701.zip,3170899,12,True,wannier90_hr.dat,14451591,True,True,True,True,JARVIS-DFT Wannier 3D materials (JVASP-5 to JVASP-28500),,JARVIS-DFT dft_3d/dft_2d
JVASP-5743,Nb3Cl8,164,P-3m1,3D,408645,mp-29950,168,292,0.0,JVASP-5743.zip,12867306,12,True,wannier90_hr.dat,80438750,True,True,True,True,JARVIS-DFT Wannier 3D materials (JVASP-5 to JVASP-28500),,JARVIS-DFT dft_3d/dft_2d
JVASP-5779,HfBrN,166,R-3m,3D,51773,mp-30302,52,80,1.865,JVASP-5779.zip,5632203,12,True,wannier90_hr.dat,30150791,True,True,True,True,JARVIS-DFT Wannier 3D materials (JVASP-5 to JVASP-28500),,JARVIS-DFT dft_3d/dft_2d
JVASP-5839,AlSiTe3,162,P-31m,3D,75001,mp-31220,80,128,1.206,JVASP-5839.zip,14288206,12,True,wannier90_hr.dat,91841516,True,True,True,True,JARVIS-DFT Wannier 3D materials (JVASP-5 to JVASP-28500),,JARVIS-DFT dft_3d/dft_2d
JVASP-5851,CrBrO,59,Pmmn,3D,27092,mp-31725,52,80,0.352,JVASP-5851.zip,8102826,12,True,wannier90_hr.dat,54758113,True,True,True,True,JARVIS-DFT Wannier 3D materials (JVASP-5 to JVASP-28500),,JARVIS-DFT dft_3d/dft_2d
JVASP-5863,WBr4O,79,I4,3D,49547,mp-32536,50,94,0.401,JVASP-5863.zip,6781950,12,True,wannier90_hr.dat,36876556,True,True,True,True,JARVIS-DFT Wannier 3D materials (JVASP-5 to JVASP-28500),,JARVIS-DFT dft_3d/dft_2d
JVASP-5872,TaS2,164,P-3m1,2D,,mp-1690,24,38,0.0,JVASP-5872.zip,1548791,12,True,wannier90_hr.dat,6481201,True,True,True,True,JARVIS-DFT Wannier tight binding Hamiltonians for 2D materials,,JARVIS-DFT dft_3d/dft_2d
JVASP-5874,PtO2,164,P-3m1,2D,,mp-7868,24,44,1.788,JVASP-5874.zip,1272146,12,True,wannier90_hr.dat,6481201,True,True,True,True,JARVIS-DFT Wannier tight binding Hamiltonians for 2D materials,,JARVIS-DFT dft_3d/dft_2d
JVASP-5887,CdBr2,164,P-3m1,2D,,mp-27934,28,38,2.564,JVASP-5887.zip,2054218,12,True,wannier90_hr.dat,8978022,True,True,True,True,JARVIS-DFT Wannier tight binding Hamiltonians for 2D materials,,JARVIS-DFT dft_3d/dft_2d
JVASP-5888,SnO,129,P4/nmm,2D,,mp-2097,28,40,3.025,JVASP-5888.zip,1403045,12,True,wannier90_hr.dat,6625718,True,True,True,True,JARVIS-DFT Wannier tight binding Hamiltonians for 2D materials,,JARVIS-DFT dft_3d/dft_2d
JVASP-5902,TiO2,164,P-3m1,2D,,mp-25433,24,38,2.625,JVASP-5902.zip,1470688,12,True,wannier90_hr.dat,6481201,True,True,True,True,JARVIS-DFT Wannier tight binding Hamiltonians for 2D materials,,JARVIS-DFT dft_3d/dft_2d
JVASP-5905,BCl3,189,P-62m,2D,,mp-23184,26,42,4.76,JVASP-5905.zip,866171,12,True,wannier90_hr.dat,4090475,True,True,True,True,JARVIS-DFT Wannier tight binding Hamiltonians for 2D materials,,JARVIS-DFT dft_3d/dft_2d
JVASP-5911,SiTe2,164,P-3m1,2D,,mp-2755,24,32,0.0,JVASP-5911.zip,1204784,12,True,wannier90_hr.dat,4983338,True,True,True,True,JARVIS-DFT Wannier tight binding Hamiltonians for 2D materials,,JARVIS-DFT dft_3d/dft_2d
JVASP-5914,ReSe2,2,P-1,2D,,mp-541582,112,120,1.247,JVASP-5914.zip,7636016,12,True,wannier90_hr.dat,42022801,True,True,True,True,JARVIS-DFT Wannier tight binding Hamiltonians for 2D materials,,JARVIS-DFT dft_3d/dft_2d
JVASP-5917,PbS,129,P4/nmm,2D,,mp-557719,56,64,1.802,JVASP-5917.zip,2813762,12,True,wannier90_hr.dat,12701272,True,True,True,True,JARVIS-DFT Wannier tight binding Hamiltonians for 2D materials,,JARVIS-DFT dft_3d/dft_2d
JVASP-5920,TaSe2,187,P-6m2,2D,,mp-500,28,42,0.0,JVASP-5920.zip,2085543,12,True,wannier90_hr.dat,9056432,True,True,True,True,JARVIS-DFT Wannier tight binding Hamiltonians for 2D materials,,JARVIS-DFT dft_3d/dft_2d
JVASP-5929,SnSe,31,Pmn2_1,2D,,mp-691,32,44,1.289,JVASP-5929.zip,1837098,12,True,wannier90_hr.dat,7322386,True,True,True,True,JARVIS-DFT Wannier tight binding Hamiltonians for 2D materials,,JARVIS-DFT dft_3d/dft_2d
JVASP-5935,NiO2,164,P-3m1,2D,,mp-715324,24,38,1.253,JVASP-5935.zip,1353309,12,True,wannier90_hr.dat,6654032,True,True,True,True,JARVIS-DFT Wannier tight binding Hamiltonians for 2D materials,,JARVIS-DFT dft_3d/dft_2d
JVASP-5938,Te2Rh,164,P-3m1,2D,,mp-228,28,42,0.0,JVASP-5938.zip,1543577,12,True,wannier90_hr.dat,6625718,True,True,True,True,JARVIS-DFT Wannier tight binding Hamiltonians for 2D materials,,JARVIS-DFT dft_3d/dft_2d
JVASP-5944,GaS,187,P-6m2,2D,,mp-2507,28,40,2.45,JVASP-5944.zip,1623000,12,True,wannier90_hr.dat,6625718,True,True,True,True,JARVIS-DFT Wannier tight binding Hamiltonians for 2D materials,,JARVIS-DFT dft_3d/dft_2d
JVASP-5947,NbS2,164,P-3m1,2D,,mp-995122,24,38,0.0,JVASP-5947.zip,1535987,12,True,wannier90_hr.dat,6596422,True,True,True,True,JARVIS-DFT Wannier tight binding Hamiltonians for 2D materials,,JARVIS-DFT dft_3d/dft_2d
JVASP-5950,Sc2C,164,P-3m1,2D,,mp-29941,32,48,0.0,JVASP-5950.zip,2312958,12,True,wannier90_hr.dat,11726022,True,True,True,True,JARVIS-DFT Wannier tight binding Hamiltonians for 2D materials,,JARVIS-DFT dft_3d/dft_2d
JVASP-5953,Te2Ir,164,P-3m1,2D,,mp-2285,28,32,0.0,JVASP-5953.zip,1562860,12,True,wannier90_hr.dat,6782538,True,True,True,True,JARVIS-DFT Wannier tight binding Hamiltonians for 2D materials,,JARVIS-DFT dft_3d/dft_2d
JVASP-5956,TaSe2,164,P-3m1,2D,,mp-11324,28,42,0.0,JVASP-5956.zip,1890116,12,True,wannier90_hr.dat,8978022,True,True,True,True,JARVIS-DFT Wannier tight binding Hamiltonians for 2D materials,,JARVIS-DFT dft_3d/dft_2d
JVASP-5962,SiP2,26,Pmc2_1,2D,,mp-9996,96,96,1.557,JVASP-5962.zip,8721859,12,True,wannier90_hr.dat,48384593,True,True,True,True,JARVIS-DFT Wannier tight binding Hamiltonians for 2D materials,,JARVIS-DFT dft_3d/dft_2d
JVASP-5965,MgI2,164,P-3m1,2D,,mp-23205,24,42,3.795,JVASP-5965.zip,1100895,12,True,wannier90_hr.dat,4868118,True,True,True,True,JARVIS-DFT Wannier tight binding Hamiltonians for 2D materials,,JARVIS-DFT dft_3d/dft_2d
JVASP-5968,SbI3,162,P-31m,2D,,mp-23281,64,80,2.202,JVASP-5968.zip,2369702,12,True,wannier90_hr.dat,14131611,True,True,True,True,JARVIS-DFT Wannier tight binding Hamiltonians for 2D materials,,JARVIS-DFT dft_3d/dft_2d
JVASP-5977,NiTe2,164,P-3m1,2D,,mp-2578,28,42,0.0,JVASP-5977.zip,1575262,12,True,wannier90_hr.dat,6782538,True,True,True,True,JARVIS-DFT Wannier tight binding Hamiltonians for 2D materials,,JARVIS-DFT dft_3d/dft_2d
JVASP-5980,TaSe2,187,P-6m2,2D,,mp-7926,28,42,0.0,JVASP-5980.zip,2075114,12,True,wannier90_hr.dat,8821201,True,True,True,True,JARVIS-DFT Wannier tight binding Hamiltonians for 2D materials,,JARVIS-DFT dft_3d/dft_2d
JVASP-5995,PbI2,164,P-3m1,2D,,mp-22883,24,38,2.653,JVASP-5995.zip,1093287,12,True,wannier90_hr.dat,4983338,True,True,True,True,JARVIS-DFT Wannier tight binding Hamiltonians for 2D materials,,JARVIS-DFT dft_3d/dft_2d
JVASP-6004,BBr3,189,P-62m,2D,,mp-23225,32,48,3.808,JVASP-6004.zip,1169139,12,True,wannier90_hr.dat,6195875,True,True,True,True,JARVIS-DFT Wannier tight binding Hamiltonians for 2D materials,,JARVIS-DFT dft_3d/dft_2d
JVASP-6007,PbO,129,P4/nmm,2D,,mp-19921,28,40,2.592,JVASP-6007.zip,1496731,12,True,wannier90_hr.dat,6625718,True,True,True,True,JARVIS-DFT Wannier tight binding Hamiltonians for 2D materials,,JARVIS-DFT dft_3d/dft_2d
JVASP-6016,SiS2,49,Pccm,2D,,mp-1602,40,40,2.702,JVASP-6016.zip,1771089,12,True,wannier90_hr.dat,7920563,True,True,True,True,JARVIS-DFT Wannier tight binding Hamiltonians for 2D materials,,JARVIS-DFT dft_3d/dft_2d
JVASP-6022,ReS2,2,P-1,2D,,mp-572758,96,104,1.43,JVASP-6022.zip,5725997,12,True,wannier90_hr.dat,30874001,True,True,True,True,JARVIS-DFT Wannier tight binding Hamiltonians for 2D materials,,JARVIS-DFT dft_3d/dft_2d
JVASP-6025,SnSe,129,P4/nmm,2D,,mp-8936,32,44,1.106,JVASP-6025.zip,1450986,12,True,wannier90_hr.dat,6195875,True,True,True,True,JARVIS-DFT Wannier tight binding Hamiltonians for 2D materials,,JARVIS-DFT dft_3d/dft_2d
JVASP-6028,SnSe,129,P4/nmm,2D,,mp-2168,32,44,1.193,JVASP-6028.zip,1398086,12,True,wannier90_hr.dat,6195875,True,True,True,True,JARVIS-DFT Wannier tight binding Hamiltonians for 2D materials,,JARVIS-DFT dft_3d/dft_2d
JVASP-6031,MnI2,164,P-3m1,2D,,mp-28013,28,58,1.044,JVASP-6031.zip,1563223,12,True,wannier90_hr.dat,6782538,True,True,True,True,JARVIS-DFT Wannier tight binding Hamiltonians for 2D materials,,JARVIS-DFT dft_3d/dft_2d
JVASP-6034,CoBr2,164,P-3m1,2D,,mp-30033,28,48,0.0,JVASP-6034.zip,1474527,12,True,wannier90_hr.dat,6625718,True,True,True,True,JARVIS-DFT Wannier tight binding Hamiltonians for 2D materials,,JARVIS-DFT dft_3d/dft_2d
JVASP-6049,TcS2,2,P-1,2D,,mp-9481,96,104,1.259,JVASP-6049.zip,5352259,12,True,wannier90_hr.dat,30874001,True,True,True,True,JARVIS-DFT Wannier tight binding Hamiltonians for 2D materials,,JARVIS-DFT dft_3d/dft_2d
JVASP-6052,CaI2,164,P-3m1,2D,,mp-30031,28,40,1.237,JVASP-6052.zip,1278346,12,True,wannier90_hr.dat,6625718,True,True,True,True,JARVIS-DFT Wannier tight binding Hamiltonians for 2D materials,,JARVIS-DFT dft_3d/dft_2d
JVASP-6055,FeCl2,164,P-3m1,2D,,mp-23229,24,54,0.0,JVASP-6055.zip,1375331,12,True,wannier90_hr.dat,6481201,True,True,True,True,JARVIS-DFT Wannier tight binding Hamiltonians for 2D materials,,JARVIS-DFT dft_3d/dft_2d
JVASP-6058,Te2Br,31,Pmn2_1,2D,,mp-27648,96,112,0.881,JVASP-6058.zip,4989713,12,True,wannier90_hr.dat,29952391,True,True,True,True,JARVIS-DFT Wannier tight binding Hamiltonians for 2D materials,,JARVIS-DFT dft_3d/dft_2d
JVASP-6070,TaS2,187,P-6m2,2D,,mp-1984,24,38,0.0,JVASP-6070.zip,1672379,12,True,wannier90_hr.dat,6481201,True,True,True,True,JARVIS-DFT Wannier tight binding Hamiltonians for 2D materials,,JARVIS-DFT dft_3d/dft_2d
JVASP-6076,TlF,57,Pbcm,2D,,mp-720,56,64,1.939,JVASP-6076.zip,2529015,12,True,wannier90_hr.dat,12701272,True,True,True,True,JARVIS-DFT Wannier tight binding Hamiltonians for 2D materials,,JARVIS-DFT dft_3d/dft_2d
JVASP-6079,InSe,187,P-6m2,2D,,mp-22691,32,44,1.469,JVASP-6079.zip,1825351,12,True,wannier90_hr.dat,8653718,True,True,True,True,JARVIS-DFT Wannier tight binding Hamiltonians for 2D materials,,JARVIS-DFT dft_3d/dft_2d
JVASP-6082,Te2I,31,Pmn2_1,2D,,mp-27655,96,112,0.923,JVASP-6082.zip,4988988,12,True,wannier90_hr.dat,29952391,True,True,True,True,JARVIS-DFT Wannier tight binding Hamiltonians for 2D materials,,JARVIS-DFT dft_3d/dft_2d
JVASP-6085,RhBr3,12,C2/m,2D,,mp-27871,144,168,1.487,JVASP-6085.zip,7627512,12,True,wannier90_hr.dat,46656289,True,True,True,True,JARVIS-DFT Wannier tight binding Hamiltonians for 2D materials,,JARVIS-DFT dft_3d/dft_2d
JVASP-6088,CrBr3,162,P-31m,2D,,mp-27734,72,116,1.47,JVASP-6088.zip,3105118,12,True,wannier90_hr.dat,17366801,True,True,True,True,JARVIS-DFT Wannier tight binding Hamiltonians for 2D materials,,JARVIS-DFT dft_3d/dft_2d
JVASP-6091,PBr3,26,Pmc2_1,2D,,mp-27257,64,80,3.332,JVASP-6091.zip,2538348,12,True,wannier90_hr.dat,16589272,True,True,True,True,JARVIS-DFT Wannier tight binding Hamiltonians for 2D materials,,JARVIS-DFT dft_3d/dft_2d
JVASP-6094,BiI3,162,P-31m,2D,,mp-22849,64,80,2.548,JVASP-6094.zip,2371062,12,True,wannier90_hr.dat,13722001,True,True,True,True,JARVIS-DFT Wannier tight binding Hamiltonians for 2D materials,,JARVIS-DFT dft_3d/dft_2d
JVASP-6097,VCl3,162,P-31m,2D,,mp-28117,60,104,0.0,JVASP-6097.zip,2153537,12,True,wannier90_hr.dat,12060401,True,True,True,True,JARVIS-DFT Wannier tight binding Hamiltonians for 2D materials,,JARVIS-DFT dft_3d/dft_2d
JVASP-6100,AlCl3,12,C2/m,2D,,mp-25469,104,120,5.653,JVASP-6100.zip,6173157,12,True,wannier90_hr.dat,34070781,True,True,True,True,JARVIS-DFT Wannier tight binding Hamiltonians for 2D materials,,JARVIS-DFT dft_3d/dft_2d
JVASP-6106,BI3,189,P-62m,2D,,mp-23189,32,48,2.681,JVASP-6106.zip,826754,12,True,wannier90_hr.dat,4147672,True,True,True,True,JARVIS-DFT Wannier tight binding Hamiltonians for 2D materials,,JARVIS-DFT dft_3d/dft_2d
JVASP-6109,MoBr3,25,Pmm2,2D,,mp-23312,72,116,0.562,JVASP-6109.zip,3809697,12,True,wannier90_hr.dat,20995672,True,True,True,True,JARVIS-DFT Wannier tight binding Hamiltonians for 2D materials,,JARVIS-DFT dft_3d/dft_2d
JVASP-6115,AlI3,2,P-1,2D,,mp-30930,64,80,2.945,JVASP-6115.zip,2300097,12,True,wannier90_hr.dat,13722001,True,True,True,True,JARVIS-DFT Wannier tight binding Hamiltonians for 2D materials,,JARVIS-DFT dft_3d/dft_2d
JVASP-6118,TiI3,25,Pmm2,2D,,mp-23264,72,84,0.192,JVASP-6118.zip,3624928,12,True,wannier90_hr.dat,20995672,True,True,True,True,JARVIS-DFT Wannier tight binding Hamiltonians for 2D materials,,JARVIS-DFT dft_3d/dft_2d
JVASP-6127,RuBr3,51,Pmma,2D,,mp-23294,72,84,0.0,JVASP-6127.zip,3717902,12,True,wannier90_hr.dat,20995672,True,True,True,True,JARVIS-DFT Wannier tight binding Hamiltonians for 2D materials,,JARVIS-DFT dft_3d/dft_2d
JVASP-6130,USe3,11,P2_1/m,2D,,mp-9429,80,118,0.0,JVASP-6130.zip,5467944,12,True,wannier90_hr.dat,31680563,True,True,True,True,JARVIS-DFT Wannier tight binding Hamiltonians for 2D materials,,JARVIS-DFT dft_3d/dft_2d
JVASP-6136,IrCl3,12,C2/m,2D,,mp-27666,120,136,2.098,JVASP-6136.zip,5959693,12,True,wannier90_hr.dat,45360381,True,True,True,True,JARVIS-DFT Wannier tight binding Hamiltonians for 2D materials,,JARVIS-DFT dft_3d/dft_2d
JVASP-6139,PCl3,26,Pmc2_1,2D,,mp-23230,52,68,1.888,JVASP-6139.zip,1962098,12,True,wannier90_hr.dat,13385363,True,True,True,True,JARVIS-DFT Wannier tight binding Hamiltonians for 2D materials,,JARVIS-DFT dft_3d/dft_2d
JVASP-6142,ScCl3,162,P-31m,2D,,mp-23309,60,68,3.784,JVASP-6142.zip,2127777,12,True,wannier90_hr.dat,12420411,True,True,True,True,JARVIS-DFT Wannier tight binding Hamiltonians for 2D materials,,JARVIS-DFT dft_3d/dft_2d
JVASP-6145,US3,11,P2_1/m,2D,,mp-12406,68,106,0.0,JVASP-6145.zip,4118030,8,True,wannier90_hr.dat,22889363,True,False,True,False,JARVIS-DFT Wannier tight binding Hamiltonians for 2D materials,,JARVIS-DFT dft_3d/dft_2d
JVASP-6148,RhCl3,12,C2/m,2D,,mp-27770,120,144,1.728,JVASP-6148.zip,6634549,12,True,wannier90_hr.dat,45360381,True,True,True,True,JARVIS-DFT Wannier tight binding Hamiltonians for 2D materials,,JARVIS-DFT dft_3d/dft_2d
JVASP-6154,ClF,4,P2_1,2D,,mp-29504,24,40,2.624,JVASP-6154.zip,964258,12,True,wannier90_hr.dat,4868118,True,True,True,True,JARVIS-DFT Wannier tight binding Hamiltonians for 2D materials,,JARVIS-DFT dft_3d/dft_2d
JVASP-6160,TaI2O,10,P2/m,2D,,mp-29027,68,80,0.96,JVASP-6160.zip,3875385,12,True,wannier90_hr.dat,21039723,True,True,True,True,JARVIS-DFT Wannier tight binding Hamiltonians for 2D materials,,JARVIS-DFT dft_3d/dft_2d
JVASP-6163,BiTeCl,156,P3m1,2D,,mp-28944,22,30,1.817,JVASP-6163.zip,1225117,12,True,wannier90_hr.dat,4090718,True,True,True,True,JARVIS-DFT Wannier tight binding Hamiltonians for 2D materials,,JARVIS-DFT dft_3d/dft_2d
JVASP-6172,Sc2CCl2,164,P-3m1,2D,,mp-28479,44,44,0.916,JVASP-6172.zip,3584349,12,True,wannier90_hr.dat,16360118,True,True,True,True,JARVIS-DFT Wannier tight binding Hamiltonians for 2D materials,,JARVIS-DFT dft_3d/dft_2d
JVASP-6187,AuI,67,Cmme,2D,,mp-27725,40,48,1.747,JVASP-6187.zip,2489479,12,True,wannier90_hr.dat,13520918,True,True,True,True,JARVIS-DFT Wannier tight binding Hamiltonians for 2D materials,,JARVIS-DFT dft_3d/dft_2d
JVASP-6190,BPS4,16,P222,2D,,mp-27724,40,40,2.104,JVASP-6190.zip,1880277,12,True,wannier90_hr.dat,7920563,True,True,True,True,JARVIS-DFT Wannier tight binding Hamiltonians for 2D materials,,JARVIS-DFT dft_3d/dft_2d
JVASP-6193,InClO,59,Pmmn,2D,,mp-27702,40,52,2.704,JVASP-6193.zip,2378561,12,True,wannier90_hr.dat,11440786,True,True,True,True,JARVIS-DFT Wannier tight binding Hamiltonians for 2D materials,,JARVIS-DFT dft_3d/dft_2d
JVASP-6202,IrBr3,12,C2/m,2D,,mp-27397,144,160,1.797,JVASP-6202.zip,6788703,12,True,wannier90_hr.dat,46656289,True,True,True,True,JARVIS-DFT Wannier tight binding Hamiltonians for 2D materials,,JARVIS-DFT dft_3d/dft_2d
JVASP-6208,SrHI,129,P4/nmm,2D,,mp-24205,44,48,4.05,JVASP-6208.zip,2457469,12,True,wannier90_hr.dat,11713475,True,True,True,True,JARVIS-DFT Wannier tight binding Hamiltonians for 2D materials,,JARVIS-DFT dft_3d/dft_2d
JVASP-6214,BiIO,129,P4/nmm,2D,,mp-22987,44,60,1.424,JVASP-6214.zip,2206295,12,True,wannier90_hr.dat,11713475,True,True,True,True,JARVIS-DFT Wannier tight binding Hamiltonians for 2D materials,,JARVIS-DFT dft_3d/dft_2d
JVASP-6217,BiBrO,129,P4/nmm,2D,,mp-23072,44,60,2.54,JVASP-6217.zip,2213847,12,True,wannier90_hr.dat,11713475,True,True,True,True,JARVIS-DFT Wannier tight binding Hamiltonians for 2D materials,,JARVIS-DFT dft_3d/dft_2d
JVASP-6220,BiClO,129,P4/nmm,2D,,mp-22939,40,56,2.898,JVASP-6220.zip,1781016,12,True,wannier90_hr.dat,9680675,True,True,True,True,JARVIS-DFT Wannier tight binding Hamiltonians for 2D materials,,JARVIS-DFT dft_3d/dft_2d
JVASP-6223,OsCl2O,47,Pmmm,2D,,mp-29133,30,36,0.0,JVASP-6223.zip,1722945,12,True,wannier90_hr.dat,7605918,True,True,True,True,JARVIS-DFT Wannier tight binding Hamiltonians for 2D materials,,JARVIS-DFT dft_3d/dft_2d
JVASP-6226,RuCl2O,47,Pmmm,2D,,mp-29132,30,36,0.0,JVASP-6226.zip,1711886,12,True,wannier90_hr.dat,7605918,True,True,True,True,JARVIS-DFT Wannier tight binding Hamiltonians for 2D materials,,JARVIS-DFT dft_3d/dft_2d
JVASP-6229,BiTeI,156,P3m1,2D,,mp-22965,24,32,1.617,JVASP-6229.zip,1352929,12,True,wannier90_hr.dat,4868118,True,True,True,True,JARVIS-DFT Wannier tight binding Hamiltonians for 2D materials,,JARVIS-DFT dft_3d/dft_2d
JVASP-6232,CdCl2,164,P-3m1,2D,,mp-22881,24,34,3.894,JVASP-6232.zip,1210697,12,True,wannier90_hr.dat,4983338,True,True,True,True,JARVIS-DFT Wannier tight binding Hamiltonians for 2D materials,,JARVIS-DFT dft_3d/dft_2d
JVASP-6238,TaTe4Ir,11,P2_1/m,2D,,mp-17287,112,,0.01,JVASP-6238.zip,7097289,12,True,wannier90_hr.dat,40768391,True,True,True,True,JARVIS-DFT Wannier tight binding Hamiltonians for 2D materials,,JARVIS-DFT dft_3d/dft_2d
JVASP-6241,KMnP,129,P4/nmm,2D,,mp-20422,64,84,0.0,JVASP-6241.zip,5111205,12,True,wannier90_hr.dat,24781475,True,True,True,True,JARVIS-DFT Wannier tight binding Hamiltonians for 2D materials,,JARVIS-DFT dft_3d/dft_2d
JVASP-6244,TiPbO3,99,P4mm,2D,,mp-20459,38,42,2.484,JVASP-6244.zip,1970156,12,True,wannier90_hr.dat,8736875,True,True,True,True,JARVIS-DFT Wannier tight binding Hamiltonians for 2D materials,,JARVIS-DFT dft_3d/dft_2d
JVASP-6256,NbS2Cl2,12,C2/m,2D,,mp-27362,144,152,1.665,JVASP-6256.zip,7472698,12,True,wannier90_hr.dat,46656289,True,True,True,True,JARVIS-DFT Wannier tight binding Hamiltonians for 2D materials,,JARVIS-DFT dft_3d/dft_2d
JVASP-6262,GaTeCl,31,Pmn2_1,2D,,mp-27449,44,56,2.264,JVASP-6262.zip,2274182,12,True,wannier90_hr.dat,11326254,True,True,True,True,JARVIS-DFT Wannier tight binding Hamiltonians for 2D materials,,JARVIS-DFT dft_3d/dft_2d
JVASP-6265,AlPS4,16,P222,2D,,mp-27462,40,40,1.695,JVASP-6265.zip,1858396,12,True,wannier90_hr.dat,7920563,True,True,True,True,JARVIS-DFT Wannier tight binding Hamiltonians for 2D materials,,JARVIS-DFT dft_3d/dft_2d
JVASP-6271,AlClO,59,Pmmn,2D,,mp-27863,40,40,4.712,JVASP-6271.zip,2633546,12,True,wannier90_hr.dat,11440786,True,True,True,True,JARVIS-DFT Wannier tight binding Hamiltonians for 2D materials,,JARVIS-DFT dft_3d/dft_2d
JVASP-6274,Bi2Te2S,164,P-3m1,2D,,mp-27910,38,46,0.968,JVASP-6274.zip,1862991,12,True,wannier90_hr.dat,9025695,True,True,True,True,JARVIS-DFT Wannier tight binding Hamiltonians for 2D materials,,JARVIS-DFT dft_3d/dft_2d
JVASP-6277,UO2F2,191,P6/mmm,2D,,mp-27980,40,51,2.396,JVASP-6277.zip,2026569,12,True,wannier90_hr.dat,9680675,True,True,True,True,JARVIS-DFT Wannier tight binding Hamiltonians for 2D materials,,JARVIS-DFT dft_3d/dft_2d
JVASP-6286,Sc2NCl2,164,P-3m1,2D,,mp-28480,42,42,0.0,JVASP-6286.zip,3184541,12,True,wannier90_hr.dat,14906718,True,True,True,True,JARVIS-DFT Wannier tight binding Hamiltonians for 2D materials,,JARVIS-DFT dft_3d/dft_2d
JVASP-6292,PPdSe,13,P2/c,2D,,mp-29249,112,112,1.079,JVASP-6292.zip,8323924,12,True,wannier90_hr.dat,50803672,True,True,True,True,JARVIS-DFT Wannier tight binding Hamiltonians for 2D materials,,JARVIS-DFT dft_3d/dft_2d
JVASP-6295,HfCl4,13,P2/c,2D,,mp-29422,72,84,2.916,JVASP-6295.zip,3212784,12,True,wannier90_hr.dat,20995672,True,True,True,True,JARVIS-DFT Wannier tight binding Hamiltonians for 2D materials,,JARVIS-DFT dft_3d/dft_2d
JVASP-6298,Bi2Te2Se,164,P-3m1,2D,,mp-29666,40,48,0.909,JVASP-6298.zip,1939014,12,True,wannier90_hr.dat,9680675,True,True,True,True,JARVIS-DFT Wannier tight binding Hamiltonians for 2D materials,,JARVIS-DFT dft_3d/dft_2d
JVASP-6307,MgPSe3,147,P-3,2D,,mp-30943,80,84,2.09,JVASP-6307.zip,3912645,12,True,wannier90_hr.dat,21440401,True,True,True,True,JARVIS-DFT Wannier tight binding Hamiltonians for 2D materials,,JARVIS-DFT dft_3d/dft_2d
JVASP-6313,AlSiTe3,162,P-31m,2D,,mp-31220,80,80,1.522,JVASP-6313.zip,4081426,12,True,wannier90_hr.dat,21440401,True,True,True,True,JARVIS-DFT Wannier tight binding Hamiltonians for 2D materials,,JARVIS-DFT dft_3d/dft_2d
JVASP-6316,PPdSe,13,P2/c,2D,,mp-3123,112,112,1.079,JVASP-6316.zip,8374548,12,True,wannier90_hr.dat,50803672,True,True,True,True,JARVIS-DFT Wannier tight binding Hamiltonians for 2D materials,,JARVIS-DFT dft_3d/dft_2d
JVASP-6319,CrSiTe3,162,P-31m,2D,,mp-3779,88,132,0.558,JVASP-6319.zip,4921887,12,True,wannier90_hr.dat,25942801,True,True,True,True,JARVIS-DFT Wannier tight binding Hamiltonians for 2D materials,,JARVIS-DFT dft_3d/dft_2d
JVASP-6328,KAuS,51,Pmma,2D,,mp-7077,60,60,1.9,JVASP-6328.zip,3405295,12,True,wannier90_hr.dat,17820563,True,True,True,True,JARVIS-DFT Wannier tight binding Hamiltonians for 2D materials,,JARVIS-DFT dft_3d/dft_2d
JVASP-6331,PPdS,13,P2/c,2D,,mp-7280,104,104,1.242,JVASP-6331.zip,7484131,12,True,wannier90_hr.dat,43805272,True,True,True,True,JARVIS-DFT Wannier tight binding Hamiltonians for 2D materials,,JARVIS-DFT dft_3d/dft_2d
JVASP-6334,Ta2CS2,164,P-3m1,2D,,mp-7814,44,48,0.0,JVASP-6334.zip,3672232,12,True,wannier90_hr.dat,16747338,True,True,True,True,JARVIS-DFT Wannier tight binding Hamiltonians for 2D materials,,JARVIS-DFT dft_3d/dft_2d
JVASP-6340,RbAuS,51,Pmma,2D,,mp-9010,60,60,1.324,JVASP-6340.zip,3438008,12,True,wannier90_hr.dat,17820563,True,True,True,True,JARVIS-DFT Wannier tight binding Hamiltonians for 2D materials,,JARVIS-DFT dft_3d/dft_2d
JVASP-6343,KAuSe,51,Pmma,2D,,mp-9881,64,64,1.895,JVASP-6343.zip,3222884,12,True,wannier90_hr.dat,16589272,True,True,True,True,JARVIS-DFT Wannier tight binding Hamiltonians for 2D materials,,JARVIS-DFT dft_3d/dft_2d
JVASP-6349,ZrCl,164,P-3m1,2D,,mp-27440,36,44,0.0,JVASP-6349.zip,2425180,12,True,wannier90_hr.dat,10952118,True,True,True,True,JARVIS-DFT Wannier tight binding Hamiltonians for 2D materials,,JARVIS-DFT dft_3d/dft_2d
JVASP-6352,ScAgP2Se6,149,P312,2D,,mp-13383,88,88,1.651,JVASP-6352.zip,4891595,12,True,wannier90_hr.dat,25942801,True,True,True,True,JARVIS-DFT Wannier tight binding Hamiltonians for 2D materials,,JARVIS-DFT dft_3d/dft_2d
JVASP-6358,TlPt2S3,164,P-3m1,2D,,mp-9272,100,112,1.648,JVASP-6358.zip,5514448,12,True,wannier90_hr.dat,34500411,True,True,True,True,JARVIS-DFT Wannier tight binding Hamiltonians for 2D materials,,JARVIS-DFT dft_3d/dft_2d
JVASP-6361,SbSeI,31,Pmn2_1,2D,,mp-22996,48,64,1.189,JVASP-6361.zip,2647549,12,True,wannier90_hr.dat,13479054,True,True,True,True,JARVIS-DFT Wannier tight binding Hamiltonians for 2D materials,,JARVIS-DFT dft_3d/dft_2d
JVASP-6364,AsCl3,11,P2_1/m,2D,,mp-23280,52,68,2.482,JVASP-6364.zip,2009221,12,True,wannier90_hr.dat,12303723,True,True,True,True,JARVIS-DFT Wannier tight binding Hamiltonians for 2D materials,,JARVIS-DFT dft_3d/dft_2d
JVASP-6367,RbAuSe,51,Pmma,2D,,mp-9731,64,64,1.823,JVASP-6367.zip,3385575,12,True,wannier90_hr.dat,16589272,True,True,True,True,JARVIS-DFT Wannier tight binding Hamiltonians for 2D materials,,JARVIS-DFT dft_3d/dft_2d
JVASP-6370,ScAgP2S6,149,P312,2D,,mp-8616,76,76,2.012,JVASP-6370.zip,3835660,12,True,wannier90_hr.dat,19927611,True,True,True,True,JARVIS-DFT Wannier tight binding Hamiltonians for 2D materials,,JARVIS-DFT dft_3d/dft_2d
JVASP-6376,TlTe3Pt2,164,P-3m1,2D,,mp-9251,112,124,1.118,JVASP-6376.zip,4443078,12,True,wannier90_hr.dat,24461059,True,True,True,True,JARVIS-DFT Wannier tight binding Hamiltonians for 2D materials,,JARVIS-DFT dft_3d/dft_2d
JVASP-6382,Nb3TeCl7,156,P3m1,2D,,mp-28938,86,96,0.754,JVASP-6382.zip,4657279,12,True,wannier90_hr.dat,24777001,True,True,True,True,JARVIS-DFT Wannier tight binding Hamiltonians for 2D materials,,JARVIS-DFT dft_3d/dft_2d
JVASP-6385,InAgP2S6,149,P312,2D,,mp-22661,72,74,1.029,JVASP-6385.zip,3291187,12,True,wannier90_hr.dat,17366801,True,True,True,True,JARVIS-DFT Wannier tight binding Hamiltonians for 2D materials,,JARVIS-DFT dft_3d/dft_2d
JVASP-6391,Al3Te3I,11,P2_1/m,2D,,mp-28693,112,112,1.998,JVASP-6391.zip,6503432,12,True,wannier90_hr.dat,34496340,True,True,True,True,JARVIS-DFT Wannier tight binding Hamiltonians for 2D materials,,JARVIS-DFT dft_3d/dft_2d
JVASP-6394,TaI2Cl2,47,Pmmm,2D,,mp-28683,80,92,1.302,JVASP-6394.zip,4021352,12,True,wannier90_hr.dat,25920472,True,True,True,True,JARVIS-DFT Wannier tight binding Hamiltonians for 2D materials,,JARVIS-DFT dft_3d/dft_2d
JVASP-6397,CrI2,12,C2/m,2D,,mp-27215,56,100,0.144,JVASP-6397.zip,3373421,12,True,wannier90_hr.dat,18346254,True,True,True,True,JARVIS-DFT Wannier tight binding Hamiltonians for 2D materials,,JARVIS-DFT dft_3d/dft_2d
JVASP-6403,AsBr3,4,P2_1,2D,,mp-23317,64,80,3.085,JVASP-6403.zip,3007940,12,True,wannier90_hr.dat,18637323,True,True,True,True,JARVIS-DFT Wannier tight binding Hamiltonians for 2D materials,,JARVIS-DFT dft_3d/dft_2d
JVASP-6409,SbSBr,11,P2_1/m,2D,,mp-22971,44,60,1.589,JVASP-6409.zip,2234900,12,True,wannier90_hr.dat,11326254,True,True,True,True,JARVIS-DFT Wannier tight binding Hamiltonians for 2D materials,,JARVIS-DFT dft_3d/dft_2d
JVASP-6418,AlBr3,2,P-1,2D,,mp-23288,64,80,1.217,JVASP-6418.zip,2286279,12,True,wannier90_hr.dat,13722001,True,True,True,True,JARVIS-DFT Wannier tight binding Hamiltonians for 2D materials,,JARVIS-DFT dft_3d/dft_2d
JVASP-6424,NdI2,123,P4/mmm,2D,,mp-28753,32,43,0.0,JVASP-6424.zip,2433620,12,True,wannier90_hr.dat,8653718,True,True,True,True,JARVIS-DFT Wannier tight binding Hamiltonians for 2D materials,,JARVIS-DFT dft_3d/dft_2d
JVASP-6427,TlPd2Se3,164,P-3m1,2D,,mp-7038,112,124,1.135,JVASP-6427.zip,7707740,12,True,wannier90_hr.dat,43277211,True,True,True,True,JARVIS-DFT Wannier tight binding Hamiltonians for 2D materials,,JARVIS-DFT dft_3d/dft_2d
JVASP-6430,HgCl2,55,Pbam,2D,,mp-22855,60,72,3.29,JVASP-6430.zip,3054073,12,True,wannier90_hr.dat,18900593,True,True,True,True,JARVIS-DFT Wannier tight binding Hamiltonians for 2D materials,,JARVIS-DFT dft_3d/dft_2d
JVASP-6436,Al2Te3,14,P2_1/c,2D,,mp-29502,160,160,1.874,JVASP-6436.zip,11280258,12,True,wannier90_hr.dat,57600289,True,True,True,True,JARVIS-DFT Wannier tight binding Hamiltonians for 2D materials,,JARVIS-DFT dft_3d/dft_2d
JVASP-6445,SN,4,P2_1,2D,,mp-235,24,40,0.0,JVASP-6445.zip,1044899,12,True,wannier90_hr.dat,4119186,True,True,True,True,JARVIS-DFT Wannier tight binding Hamiltonians for 2D materials,,JARVIS-DFT dft_3d/dft_2d
JVASP-6448,S5N6,5,C2,2D,,mp-1419,66,74,2.067,JVASP-6448.zip,2662157,12,True,wannier90_hr.dat,14593001,True,True,True,True,JARVIS-DFT Wannier tight binding Hamiltonians for 2D materials,,JARVIS-DFT dft_3d/dft_2d
JVASP-6451,As2O3,4,P2_1,2D,,mp-1581,68,68,3.963,JVASP-6451.zip,3379725,12,True,wannier90_hr.dat,17802852,True,True,True,True,JARVIS-DFT Wannier tight binding Hamiltonians for 2D materials,,JARVIS-DFT dft_3d/dft_2d
JVASP-6454,As2O3,7,Pc,2D,,mp-1582,68,68,3.015,JVASP-6454.zip,3354890,12,True,wannier90_hr.dat,16878031,True,True,True,True,JARVIS-DFT Wannier tight binding Hamiltonians for 2D materials,,JARVIS-DFT dft_3d/dft_2d
JVASP-6472,HS7N,26,Pmc2_1,2D,,mp-24290,100,112,2.972,JVASP-6472.zip,3729130,12,True,wannier90_hr.dat,24500310,True,True,True,True,JARVIS-DFT Wannier tight binding Hamiltonians for 2D materials,,JARVIS-DFT dft_3d/dft_2d
JVASP-6478,S3N2Cl2,1,P1,2D,,mp-27699,42,50,1.407,JVASP-6478.zip,1364252,12,True,wannier90_hr.dat,7850312,True,True,True,True,JARVIS-DFT Wannier tight binding Hamiltonians for 2D materials,,JARVIS-DFT dft_3d/dft_2d
JVASP-6484,SNCl,6,Pm,2D,,mp-27952,54,62,2.759,JVASP-6484.zip,1756002,12,True,wannier90_hr.dat,9769001,True,True,True,True,JARVIS-DFT Wannier tight binding Hamiltonians for 2D materials,,JARVIS-DFT dft_3d/dft_2d
JVASP-6502,SiI3,26,Pmc2_1,2D,,mp-29109,128,144,2.729,JVASP-6502.zip,5729139,12,True,wannier90_hr.dat,36864289,True,True,True,True,JARVIS-DFT Wannier tight binding Hamiltonians for 2D materials,,JARVIS-DFT dft_3d/dft_2d
JVASP-6508,PdSCl,6,Pm,2D,,mp-30099,144,168,1.254,JVASP-6508.zip,5630500,12,True,wannier90_hr.dat,40435459,True,True,True,True,JARVIS-DFT Wannier tight binding Hamiltonians for 2D materials,,JARVIS-DFT dft_3d/dft_2d
JVASP-6514,NbI5,7,Pc,2D,,mp-31487,104,116,0.945,JVASP-6514.zip,3826026,12,True,wannier90_hr.dat,24336289,True,True,True,True,JARVIS-DFT Wannier tight binding Hamiltonians for 2D materials,,JARVIS-DFT dft_3d/dft_2d
JVASP-6517,GaN,187,P-6m2,2D,,mp-804,14,20,2.259,JVASP-6517.zip,765324,12,True,wannier90_hr.dat,2206201,True,True,True,True,JARVIS-DFT Wannier tight binding Hamiltonians for 2D materials,,JARVIS-DFT dft_3d/dft_2d
JVASP-6520,P4Se5,7,Pc,2D,,mp-2447,144,144,1.697,JVASP-6520.zip,7628769,12,True,wannier90_hr.dat,46656289,True,True,True,True,JARVIS-DFT Wannier tight binding Hamiltonians for 2D materials,,JARVIS-DFT dft_3d/dft_2d
JVASP-6523,Sb2S3,11,P2_1/m,2D,,mp-2809,68,68,1.321,JVASP-6523.zip,2604617,12,True,wannier90_hr.dat,15028391,True,True,True,True,JARVIS-DFT Wannier tight binding Hamiltonians for 2D materials,,JARVIS-DFT dft_3d/dft_2d
JVASP-6526,Nb2CS2,164,P-3m1,2D,,mp-4384,44,48,0.0,JVASP-6526.zip,3460376,12,True,wannier90_hr.dat,16360118,True,True,True,True,JARVIS-DFT Wannier tight binding Hamiltonians for 2D materials,,JARVIS-DFT dft_3d/dft_2d
JVASP-6532,SbCl5,2,P-1,2D,,mp-23176,76,92,1.847,JVASP-6532.zip,2125602,12,True,wannier90_hr.dat,14729120,True,True,True,True,JARVIS-DFT Wannier tight binding Hamiltonians for 2D materials,,JARVIS-DFT dft_3d/dft_2d
JVASP-6535,BiSBr,11,P2_1/m,2D,,mp-23324,44,60,1.426,JVASP-6535.zip,2256778,12,True,wannier90_hr.dat,11326254,True,True,True,True,JARVIS-DFT Wannier tight binding Hamiltonians for 2D materials,,JARVIS-DFT dft_3d/dft_2d
JVASP-6544,SiH4,7,Pc,2D,,mp-23739,32,48,2.304,JVASP-6544.zip,1004474,12,True,wannier90_hr.dat,3942852,True,True,True,True,JARVIS-DFT Wannier tight binding Hamiltonians for 2D materials,,JARVIS-DFT dft_3d/dft_2d
JVASP-6631,CaN,164,P-3m1,2D,,mp-13146,36,44,0.0,JVASP-6631.zip,2341459,12,True,wannier90_hr.dat,11211338,True,True,True,True,JARVIS-DFT Wannier tight binding Hamiltonians for 2D materials,,JARVIS-DFT dft_3d/dft_2d
JVASP-6652,RbMnAs,129,P4/nmm,2D,,mp-20242,64,84,0.0,JVASP-6652.zip,5259032,12,True,wannier90_hr.dat,24781475,True,True,True,True,JARVIS-DFT Wannier tight binding Hamiltonians for 2D materials,,JARVIS-DFT dft_3d/dft_2d
JVASP-6664,CaMnSi,129,P4/nmm,2D,,mp-21096,64,84,0.0,JVASP-6664.zip,5133535,12,True,wannier90_hr.dat,24781475,True,True,True,True,JARVIS-DFT Wannier tight binding Hamiltonians for 2D materials,,JARVIS-DFT dft_3d/dft_2d
JVASP-6667,FeTe,129,P4/nmm,2D,,mp-21273,40,68,0.0,JVASP-6667.zip,2722496,12,True,wannier90_hr.dat,13520918,True,True,True,True,JARVIS-DFT Wannier tight binding Hamiltonians for 2D materials,,JARVIS-DFT dft_3d/dft_2d
JVASP-6676,RbMnP,129,P4/nmm,2D,,mp-21413,64,84,0.0,JVASP-6676.zip,5192912,12,True,wannier90_hr.dat,24781475,True,True,True,True,JARVIS-DFT Wannier tight binding Hamiltonians for 2D materials,,JARVIS-DFT dft_3d/dft_2d
JVASP-6742,FeCl3,162,P-31m,2D,,mp-23204,60,120,0.003,JVASP-6742.zip,2302324,12,True,wannier90_hr.dat,12420411,True,True,True,True,JARVIS-DFT Wannier tight binding Hamiltonians for 2D materials,,JARVIS-DFT dft_3d/dft_2d
JVASP-6754,TiCl2,164,P-3m1,2D,,mp-28116,24,54,0.0,JVASP-6754.zip,1309241,12,True,wannier90_hr.dat,6596422,True,True,True,True,JARVIS-DFT Wannier tight binding Hamiltonians for 2D materials,,JARVIS-DFT dft_3d/dft_2d
JVASP-6766,HfFeCl6,149,P312,2D,,mp-28220,60,104,0.0,JVASP-6766.zip,2231502,12,True,wannier90_hr.dat,12060401,True,True,True,True,JARVIS-DFT Wannier tight binding Hamiltonians for 2D materials,,JARVIS-DFT dft_3d/dft_2d
JVASP-6775,P3Se4I2,2,P-1,2D,,mp-28393,144,240,0.039,JVASP-6775.zip,8030596,12,True,wannier90_hr.dat,52877120,True,True,True,True,JARVIS-DFT Wannier tight binding Hamiltonians for 2D materials,,JARVIS-DFT dft_3d/dft_2d
JVASP-6796,Ta3SeI7,156,P3m1,2D,,mp-29116,100,110,0.689,JVASP-6796.zip,5790035,12,True,wannier90_hr.dat,34500411,True,True,True,True,JARVIS-DFT Wannier tight binding Hamiltonians for 2D materials,,JARVIS-DFT dft_3d/dft_2d
JVASP-6799,Ta3TeI7,156,P3m1,2D,,mp-29117,100,110,0.659,JVASP-6799.zip,5847679,12,True,wannier90_hr.dat,34500411,True,True,True,True,JARVIS-DFT Wannier tight binding Hamiltonians for 2D materials,,JARVIS-DFT dft_3d/dft_2d
JVASP-6808,SiH,164,P-3m1,2D,,mp-29803,20,32,2.249,JVASP-6808.zip,865727,12,True,wannier90_hr.dat,3460938,True,True,True,True,JARVIS-DFT Wannier tight binding Hamiltonians for 2D materials,,JARVIS-DFT dft_3d/dft_2d
JVASP-6823,NbCl4,12,C2/m,2D,,mp-31040,144,152,1.071,JVASP-6823.zip,5320662,12,True,wannier90_hr.dat,36288239,True,True,True,True,JARVIS-DFT Wannier tight binding Hamiltonians for 2D materials,,JARVIS-DFT dft_3d/dft_2d
JVASP-6826,Bi2TeSe2,164,P-3m1,2D,,mp-31406,40,48,1.167,JVASP-6826.zip,1996185,12,True,wannier90_hr.dat,9680675,True,True,True,True,JARVIS-DFT Wannier tight binding Hamiltonians for 2D materials,,JARVIS-DFT dft_3d/dft_2d
JVASP-6829,CrBrO,59,Pmmn,2D,,mp-31725,52,80,0.426,JVASP-6829.zip,3290261,12,True,wannier90_hr.dat,19334386,True,True,True,True,JARVIS-DFT Wannier tight binding Hamiltonians for 2D materials,,JARVIS-DFT dft_3d/dft_2d
JVASP-6862,VS2,187,P-6m2,2D,,mp-1214,24,38,0.0,JVASP-6862.zip,1796793,12,True,wannier90_hr.dat,6596422,True,True,True,True,JARVIS-DFT Wannier tight binding Hamiltonians for 2D materials,,JARVIS-DFT dft_3d/dft_2d
JVASP-6877,GaSe,187,P-6m2,2D,,mp-1566,32,44,1.868,JVASP-6877.zip,1958246,12,True,wannier90_hr.dat,8653718,True,True,True,True,JARVIS-DFT Wannier tight binding Hamiltonians for 2D materials,,JARVIS-DFT dft_3d/dft_2d
JVASP-6880,CrSb2,164,P-3m1,2D,,mp-1641,28,42,0.0,JVASP-6880.zip,2228506,12,True,wannier90_hr.dat,8978022,True,True,True,True,JARVIS-DFT Wannier tight binding Hamiltonians for 2D materials,,JARVIS-DFT dft_3d/dft_2d
JVASP-6889,CrSe2,164,P-3m1,2D,,mp-2189,28,58,0.0,JVASP-6889.zip,1628414,12,True,wannier90_hr.dat,6625718,True,True,True,True,JARVIS-DFT Wannier tight binding Hamiltonians for 2D materials,,JARVIS-DFT dft_3d/dft_2d
JVASP-6922,MnO2,164,P-3m1,2D,,mp-25558,24,54,0.906,JVASP-6922.zip,1471707,12,True,wannier90_hr.dat,6481201,True,True,True,True,JARVIS-DFT Wannier tight binding Hamiltonians for 2D materials,,JARVIS-DFT dft_3d/dft_2d
JVASP-6943,CrCl3,12,C2/m,2D,,mp-27630,120,208,1.692,JVASP-6943.zip,6198967,12,True,wannier90_hr.dat,45360381,True,True,True,True,JARVIS-DFT Wannier tight binding Hamiltonians for 2D materials,,JARVIS-DFT dft_3d/dft_2d
JVASP-7024,Na4LiN2,191,P6/mmm,2D,,mp-7149,46,66,0.0,JVASP-7024.zip,2688192,12,True,wannier90_hr.dat,12802475,True,True,True,True,JARVIS-DFT Wannier tight binding Hamiltonians for 2D materials,,JARVIS-DFT dft_3d/dft_2d
JVASP-7079,ZnCu2SnSe4,82,I-4,3D,,,164,268,0.027,JVASP-7079.zip,16518129,12,True,wannier90_hr.dat,100860441,True,True,True,True,JARVIS-DFT Wannier 3D materials (JVASP-5 to JVASP-28500),,JARVIS-DFT dft_3d/dft_2d
JVASP-7632,CdSnSb2,122,I-42d,3D,44259,mp-10063,72,104,0.07,JVASP-7632.zip,5870393,12,True,wannier90_hr.dat,26179773,True,True,True,True,JARVIS-DFT Wannier 3D materials (JVASP-5 to JVASP-28500),,JARVIS-DFT dft_3d/dft_2d
JVASP-7636,NiHg,123,P4/mmm,3D,,mp-1008,60,84,0.0,JVASP-7636.zip,12744601,12,True,wannier90_hr.dat,79382296,True,True,True,True,JARVIS-DFT Wannier 3D materials (JVASP-5 to JVASP-28500),,JARVIS-DFT dft_3d/dft_2d
JVASP-7657,HfV2,227,Fd-3m,3D,"638977,280387,280388,280389,280390,638983,604028,638988,638991,638995,638996,638997,638985,638980,638982,104283,104284,638975",mp-1043,72,76,0.0,JVASP-7657.zip,11596620,12,True,wannier90_hr.dat,60394842,True,True,True,True,JARVIS-DFT Wannier 3D materials (JVASP-5 to JVASP-28500),,JARVIS-DFT dft_3d/dft_2d
JVASP-7674,ThTaN3,221,Pm-3m,3D,"247345,77661",mp-10732,42,60,0.128,JVASP-7674.zip,6135333,12,True,wannier90_hr.dat,30254399,True,True,True,True,JARVIS-DFT Wannier 3D materials (JVASP-5 to JVASP-28500),,JARVIS-DFT dft_3d/dft_2d
JVASP-7717,TiPt,221,Pm-3m,3D,105814,mp-11552,24,42,0.0,JVASP-7717.zip,2407458,12,True,wannier90_hr.dat,9880199,True,True,True,True,JARVIS-DFT Wannier 3D materials (JVASP-5 to JVASP-28500),,JARVIS-DFT dft_3d/dft_2d
JVASP-7736,TaRu,221,Pm-3m,3D,"650690,105996",mp-12110,24,36,0.0,JVASP-7736.zip,4467513,12,True,wannier90_hr.dat,20998955,True,True,True,True,JARVIS-DFT Wannier 3D materials (JVASP-5 to JVASP-28500),,JARVIS-DFT dft_3d/dft_2d
JVASP-7741,CaAgP,189,P-62m,3D,10016,mp-12277,96,144,0.088,JVASP-7741.zip,10256419,12,True,wannier90_hr.dat,61287135,True,True,True,True,JARVIS-DFT Wannier 3D materials (JVASP-5 to JVASP-28500),,JARVIS-DFT dft_3d/dft_2d
JVASP-7804,Se,152,P3_121,3D,"23068,23069,23070,23071,23072,23073,164261,164262,164263,164264,53801,164266,164267,164268,164269,164270,164271,40016,40018,22251,200685,164265",mp-14,24,48,0.898,JVASP-7804.zip,2341496,12,True,wannier90_hr.dat,10283470,True,True,True,True,JARVIS-DFT Wannier 3D materials (JVASP-5 to JVASP-28500),,JARVIS-DFT dft_3d/dft_2d
JVASP-7818,P,64,Cmce,3D,"169539,36441,27847,602907,98119,647886,654168,36432,36433,36434,36435,36436,36437,36438,36439,36440,150873,36442,600027,23836",mp-157,32,72,0.056,JVASP-7818.zip,2509729,12,True,wannier90_hr.dat,12545303,True,True,True,True,JARVIS-DFT Wannier 3D materials (JVASP-5 to JVASP-28500),,JARVIS-DFT dft_3d/dft_2d
JVASP-7822,CaCdGe,189,P-62m,3D,52750,mp-16258,96,108,0.0,JVASP-7822.zip,14509142,12,True,wannier90_hr.dat,78797728,True,True,True,True,JARVIS-DFT Wannier 3D materials (JVASP-5 to JVASP-28500),,JARVIS-DFT dft_3d/dft_2d
JVASP-7831,LiInGe,216,F-43m,3D,53650,mp-16343,18,42,0.0,JVASP-7831.zip,2285293,12,True,wannier90_hr.dat,8767003,True,True,True,True,JARVIS-DFT Wannier 3D materials (JVASP-5 to JVASP-28500),,JARVIS-DFT dft_3d/dft_2d
JVASP-7855,SnS,225,Fm-3m,3D,"52107,651015",mp-1876,14,36,0.443,JVASP-7855.zip,1475964,12,True,wannier90_hr.dat,5226162,True,True,True,True,JARVIS-DFT Wannier 3D materials (JVASP-5 to JVASP-28500),,JARVIS-DFT dft_3d/dft_2d
JVASP-7860,SnTe,225,Fm-3m,3D,"52489,604177,600865,600136,652741,652742,652744,652745,652746,652749,652750,652751,652752,652753,652754,652755,652756,652759,652760,652761,652763,601065,600813",mp-1883,16,38,0.185,JVASP-7860.zip,1292655,12,True,wannier90_hr.dat,4392199,True,True,True,True,JARVIS-DFT Wannier 3D materials (JVASP-5 to JVASP-28500),,JARVIS-DFT dft_3d/dft_2d
JVASP-7936,NdCuSb2,129,P4/nmm,3D,93155,mp-20020,88,122,0.0,JVASP-7936.zip,25965519,12,True,wannier90_hr.dat,156818113,True,True,True,True,JARVIS-DFT Wannier 3D materials (JVASP-5 to JVASP-28500),,JARVIS-DFT dft_3d/dft_2d
JVASP-7998,UO3,191,P6/mmm,3D,15568,mp-233,34,53,0.54,JVASP-7998.zip,3207658,12,True,wannier90_hr.dat,15780845,True,True,True,True,JARVIS-DFT Wannier 3D materials (JVASP-5 to JVASP-28500),,JARVIS-DFT dft_3d/dft_2d
JVASP-8026,UNi5,216,F-43m,3D,"647008,647001,260984,105437",mp-2838,76,125,0.0,JVASP-8026.zip,12992956,12,True,wannier90_hr.dat,67291642,True,True,True,True,JARVIS-DFT Wannier 3D materials (JVASP-5 to JVASP-28500),,JARVIS-DFT dft_3d/dft_2d
JVASP-8063,TlSbTe2,166,R-3m,3D,"651642,15411",mp-4573,32,62,0.177,JVASP-8063.zip,2658254,12,True,wannier90_hr.dat,11418791,True,True,True,True,JARVIS-DFT Wannier 3D materials (JVASP-5 to JVASP-28500),,JARVIS-DFT dft_3d/dft_2d
JVASP-8066,ZnSnSb2,122,I-42d,3D,"651586,651588,42669",mp-4756,84,124,0.0,JVASP-8066.zip,6608497,12,True,wannier90_hr.dat,35633373,True,True,True,True,JARVIS-DFT Wannier 3D materials (JVASP-5 to JVASP-28500),,JARVIS-DFT dft_3d/dft_2d
JVASP-8079,LuSb,225,Fm-3m,3D,"44920,642592,642588",mp-516,34,40,0.0,JVASP-8079.zip,7059827,12,True,wannier90_hr.dat,31156992,True,True,True,True,JARVIS-DFT Wannier 3D materials (JVASP-5 to JVASP-28500),,JARVIS-DFT dft_3d/dft_2d
JVASP-8091,CaAgAs,189,P-62m,3D,"10017,604730",mp-5615,96,144,0.174,JVASP-8091.zip,10097790,12,True,wannier90_hr.dat,61287135,True,True,True,True,JARVIS-DFT Wannier 3D materials (JVASP-5 to JVASP-28500),,JARVIS-DFT dft_3d/dft_2d
JVASP-8122,NaRuO2,166,R-3m,3D,170347,,32,48,0.0,JVASP-8122.zip,2587793,12,True,wannier90_hr.dat,11418791,True,True,True,True,JARVIS-DFT Wannier 3D materials (JVASP-5 to JVASP-28500),,JARVIS-DFT dft_3d/dft_2d
JVASP-8202,SrSn2As2,166,R-3m,3D,"82371,611428",mp-9379,44,68,0.101,JVASP-8202.zip,4158094,12,True,wannier90_hr.dat,21587591,True,True,True,True,JARVIS-DFT Wannier 3D materials (JVASP-5 to JVASP-28500),,JARVIS-DFT dft_3d/dft_2d
JVASP-8272,CaSn2N2,115,P-4m2,3D,,,40,64,0.0,JVASP-8272.zip,3689048,12,True,wannier90_hr.dat,19441293,True,True,True,True,JARVIS-DFT Wannier 3D materials (JVASP-5 to JVASP-28500),,JARVIS-DFT dft_3d/dft_2d
JVASP-8366,Ca3SbN,221,Pm-3m,3D,,,50,70,0.0,JVASP-8366.zip,3247562,12,True,wannier90_hr.dat,15625695,True,True,True,True,JARVIS-DFT Wannier 3D materials (JVASP-5 to JVASP-28500),,JARVIS-DFT dft_3d/dft_2d
JVASP-8367,Ca3BiN,221,Pm-3m,3D,,,50,54,0.431,JVASP-8367.zip,7666208,12,True,wannier90_hr.dat,42876799,True,True,True,True,JARVIS-DFT Wannier 3D materials (JVASP-5 to JVASP-28500),,JARVIS-DFT dft_3d/dft_2d
JVASP-8385,YCoF5,71,Immm,3D,,,54,102,0.22,JVASP-8385.zip,2675495,12,True,wannier90_hr.dat,15017983,True,True,True,True,JARVIS-DFT Wannier 3D materials (JVASP-5 to JVASP-28500),,JARVIS-DFT dft_3d/dft_2d
JVASP-8441,PbO2,136,P4_2/mnm,3D,"43460,34234,23292,56002,647262",mp-20725,40,92,0.015,JVASP-8441.zip,2833314,12,True,wannier90_hr.dat,14000948,True,True,True,True,JARVIS-DFT Wannier 3D materials (JVASP-5 to JVASP-28500),,JARVIS-DFT dft_3d/dft_2d
JVASP-8448,Nd3PbC,221,Pm-3m,3D,77225,mp-20808,64,71,0.0,JVASP-8448.zip,14874648,12,True,wannier90_hr.dat,70248199,True,True,True,True,JARVIS-DFT Wannier 3D materials (JVASP-5 to JVASP-28500),,JARVIS-DFT dft_3d/dft_2d
JVASP-8455,CaHgPb,194,P6_3/mmc,3D,106345,mp-20879,76,92,0.0,JVASP-8455.zip,10180716,12,True,wannier90_hr.dat,56317049,True,True,True,True,JARVIS-DFT Wannier 3D materials (JVASP-5 to JVASP-28500),,JARVIS-DFT dft_3d/dft_2d
JVASP-8538,CeNiSb2,129,P4/nmm,3D,"621640,84529",mp-22539,108,116,0.0,JVASP-8538.zip,23651893,12,True,wannier90_hr.dat,142885303,True,True,True,True,JARVIS-DFT Wannier 3D materials (JVASP-5 to JVASP-28500),,JARVIS-DFT dft_3d/dft_2d
JVASP-8659,Rb2SnI6,225,Fm-3m,3D,22104,mp-27635,80,118,0.0,JVASP-8659.zip,4367410,12,True,wannier90_hr.dat,24000441,True,True,True,True,JARVIS-DFT Wannier 3D materials (JVASP-5 to JVASP-28500),,JARVIS-DFT dft_3d/dft_2d
JVASP-8660,Cs2SnI6,225,Fm-3m,3D,22105,mp-27636,80,118,0.0,JVASP-8660.zip,4885969,12,True,wannier90_hr.dat,24640452,True,True,True,True,JARVIS-DFT Wannier 3D materials (JVASP-5 to JVASP-28500),,JARVIS-DFT dft_3d/dft_2d
JVASP-8726,Li5Sn2,166,R-3m,3D,104783,mp-30766,26,66,0.0,JVASP-8726.zip,2086999,12,True,wannier90_hr.dat,7538591,True,True,True,True,JARVIS-DFT Wannier 3D materials (JVASP-5 to JVASP-28500),,JARVIS-DFT dft_3d/dft_2d
JVASP-8749,Sm2GeRh3,166,R-3m,3D,54771,mp-31402,76,110,0.0,JVASP-8749.zip,7160566,12,True,wannier90_hr.dat,36100695,True,True,True,True,JARVIS-DFT Wannier 3D materials (JVASP-5 to JVASP-28500),,JARVIS-DFT dft_3d/dft_2d
JVASP-8751,Sb2Te4Pb,166,R-3m,3D,250250,mp-31507,56,110,0.251,JVASP-8751.zip,3906081,12,True,wannier90_hr.dat,19600695,True,True,True,True,JARVIS-DFT Wannier 3D materials (JVASP-5 to JVASP-28500),,JARVIS-DFT dft_3d/dft_2d
JVASP-8879,VCl2,164,P-3m1,2D,,mp-22877,24,54,1.336,JVASP-8879.zip,1054944,12,True,wannier90_hr.dat,4868118,True,True,True,True,JARVIS-DFT Wannier tight binding Hamiltonians for 2D materials,,JARVIS-DFT dft_3d/dft_2d
JVASP-9080,HfTe5,63,Cmcm,3D,"15051,85508,85509",mp-1168,104,156,0.0,JVASP-9080.zip,10008250,12,True,wannier90_hr.dat,56784593,True,True,True,True,JARVIS-DFT Wannier 3D materials (JVASP-5 to JVASP-28500),,JARVIS-DFT dft_3d/dft_2d
JVASP-9160,Th3Sb4,220,I-43d,3D,"651662,16655",mp-552,136,176,0.083,JVASP-9160.zip,12534165,12,True,wannier90_hr.dat,65661221,True,True,True,True,JARVIS-DFT Wannier 3D materials (JVASP-5 to JVASP-28500),,JARVIS-DFT dft_3d/dft_2d
JVASP-9955,ZnMo2O4,63,Cmcm,3D,,,132,200,0.0,JVASP-9955.zip,14918021,12,True,wannier90_hr.dat,91476593,True,True,True,True,JARVIS-DFT Wannier 3D materials (JVASP-5 to JVASP-28500),,JARVIS-DFT dft_3d/dft_2d
JVASP-10117,NaCdAs,62,Pnma,3D,9571,mp-7378,112,128,0.021,JVASP-10117.zip,20623900,12,True,wannier90_hr.dat,109760948,True,True,True,True,JARVIS-DFT Wannier 3D materials (JVASP-5 to JVASP-28500),,JARVIS-DFT dft_3d/dft_2d
JVASP-10173,SbTe,164,P-3m1,3D,20459,mp-7716,96,160,0.084,JVASP-10173.zip,15103765,12,True,wannier90_hr.dat,95386710,True,True,True,True,JARVIS-DFT Wannier 3D materials (JVASP-5 to JVASP-28500),,JARVIS-DFT dft_3d/dft_2d
JVASP-10484,Ba2SrIrO6,225,Fm-3m,3D,74030,mp-9115,84,132,0.0,JVASP-10484.zip,4683733,12,True,wannier90_hr.dat,25049221,True,True,True,True,JARVIS-DFT Wannier 3D materials (JVASP-5 to JVASP-28500),,JARVIS-DFT dft_3d/dft_2d
JVASP-10637,BiO2,160,R3m,3D,,,80,144,0.0,JVASP-10637.zip,5897835,12,True,wannier90_hr.dat,32960583,True,True,True,True,JARVIS-DFT Wannier 3D materials (JVASP-5 to JVASP-28500),,JARVIS-DFT dft_3d/dft_2d
JVASP-10703,Cd3As2,224,Pn-3m,3D,56167,mp-10762,104,116,0.0,JVASP-10703.zip,31441016,12,True,wannier90_hr.dat,185496199,True,True,True,True,JARVIS-DFT Wannier 3D materials (JVASP-5 to JVASP-28500),,JARVIS-DFT dft_3d/dft_2d
JVASP-10740,TiS2,227,Fd-3m,3D,,,96,152,0.0,JVASP-10740.zip,6048221,12,True,wannier90_hr.dat,32717221,True,True,True,True,JARVIS-DFT Wannier 3D materials (JVASP-5 to JVASP-28500),,JARVIS-DFT dft_3d/dft_2d
JVASP-11005,MgPd2,62,Pnma,3D,150227,mp-12741,128,184,0.0,JVASP-11005.zip,31795840,12,True,wannier90_hr.dat,200705303,True,True,True,True,JARVIS-DFT Wannier 3D materials (JVASP-5 to JVASP-28500),,JARVIS-DFT dft_3d/dft_2d
JVASP-11397,SrMgGe,62,Pnma,3D,42458,mp-15643,112,128,0.146,JVASP-11397.zip,18961336,12,True,wannier90_hr.dat,109760948,True,True,True,True,JARVIS-DFT Wannier 3D materials (JVASP-5 to JVASP-28500),,JARVIS-DFT dft_3d/dft_2d
JVASP-11985,MgRe3,225,Fm-3m,3D,,mp-977283,44,56,0.0,JVASP-11985.zip,4882258,12,True,wannier90_hr.dat,21587591,True,True,True,True,JARVIS-DFT Wannier 3D materials (JVASP-5 to JVASP-28500),,JARVIS-DFT dft_3d/dft_2d
JVASP-12001,InBi,129,P4/nmm,3D,"616705,616707,150595,1252,1253,1254,1255,602728,602739,602738,1251,602740,106325,107640,107641,107642,58790,616703",mp-23313,32,60,0.0,JVASP-12001.zip,3541837,12,True,wannier90_hr.dat,17563399,True,True,True,True,JARVIS-DFT Wannier 3D materials (JVASP-5 to JVASP-28500),,JARVIS-DFT dft_3d/dft_2d
JVASP-12018,SrSbSe2F,129,P4/nmm,3D,171430,mp-556194,84,124,0.193,JVASP-12018.zip,13041325,12,True,wannier90_hr.dat,85731693,True,True,True,True,JARVIS-DFT Wannier 3D materials (JVASP-5 to JVASP-28500),,JARVIS-DFT dft_3d/dft_2d
JVASP-12036,CuSe,129,P4/nmm,3D,162904,mp-580226,40,68,0.0,JVASP-12036.zip,7345041,12,True,wannier90_hr.dat,45362934,True,True,True,True,JARVIS-DFT Wannier 3D materials (JVASP-5 to JVASP-28500),,JARVIS-DFT dft_3d/dft_2d
JVASP-12058,Si3H,164,P-3m1,3D,,mp-995193,52,96,0.959,JVASP-12058.zip,4716702,12,True,wannier90_hr.dat,26365049,True,True,True,True,JARVIS-DFT Wannier 3D materials (JVASP-5 to JVASP-28500),,JARVIS-DFT dft_3d/dft_2d
JVASP-12059,CuHO2,31,Pmn2_1,3D,,mp-996956,52,108,0.275,JVASP-12059.zip,5531058,12,True,wannier90_hr.dat,42589657,True,True,True,True,JARVIS-DFT Wannier 3D materials (JVASP-5 to JVASP-28500),,JARVIS-DFT dft_3d/dft_2d
JVASP-12060,CuBrO2,20,C222_1,3D,,mp-997011,64,124,0.383,JVASP-12060.zip,5109327,12,True,wannier90_hr.dat,35021728,True,True,True,True,JARVIS-DFT Wannier 3D materials (JVASP-5 to JVASP-28500),,JARVIS-DFT dft_3d/dft_2d
JVASP-12069,Zr2Te2P,166,R-3m,3D,420650,mp-16765,48,64,0.0,JVASP-12069.zip,4790266,12,True,wannier90_hr.dat,25690791,True,True,True,True,JARVIS-DFT Wannier 3D materials (JVASP-5 to JVASP-28500),,JARVIS-DFT dft_3d/dft_2d
JVASP-12101,ZrGeTe,129,P4/nmm,3D,"25740,15575",mp-3208,56,76,0.0,JVASP-12101.zip,10323411,12,True,wannier90_hr.dat,63506113,True,True,True,True,JARVIS-DFT Wannier 3D materials (JVASP-5 to JVASP-28500),,JARVIS-DFT dft_3d/dft_2d
JVASP-12137,Bi2Pt,164,P-3m1,3D,,mp-569581,84,128,0.0,JVASP-12137.zip,8504817,12,True,wannier90_hr.dat,46923135,True,True,True,True,JARVIS-DFT Wannier 3D materials (JVASP-5 to JVASP-28500),,JARVIS-DFT dft_3d/dft_2d
JVASP-12178,Li2WS4,111,P-42m,3D,,mp-867695,40,84,1.318,JVASP-12178.zip,4902873,12,True,wannier90_hr.dat,27441799,True,True,True,True,JARVIS-DFT Wannier 3D materials (JVASP-5 to JVASP-28500),,JARVIS-DFT dft_3d/dft_2d
JVASP-12183,VBr2,164,P-3m1,3D,246906,mp-971787,28,58,1.143,JVASP-12183.zip,3263430,12,True,wannier90_hr.dat,15799703,True,True,True,True,JARVIS-DFT Wannier 3D materials (JVASP-5 to JVASP-28500),,JARVIS-DFT dft_3d/dft_2d
JVASP-12309,Sn7Ir5,107,I4mm,3D,76912,mp-20466,116,186,0.0,JVASP-12309.zip,12995095,12,True,wannier90_hr.dat,70644593,True,True,True,True,JARVIS-DFT Wannier 3D materials (JVASP-5 to JVASP-28500),,JARVIS-DFT dft_3d/dft_2d
JVASP-12369,Ba2Pb,62,Pnma,3D,"416561,58666",mp-21246,128,136,0.089,JVASP-12369.zip,25382171,12,True,wannier90_hr.dat,143360948,True,True,True,True,JARVIS-DFT Wannier 3D materials (JVASP-5 to JVASP-28500),,JARVIS-DFT dft_3d/dft_2d
JVASP-12395,Ba2LuCu3O6,123,P4/mmm,3D,"98113,98114",mp-21868,122,170,0.0,JVASP-12395.zip,18781188,12,True,wannier90_hr.dat,109398206,True,True,True,True,JARVIS-DFT Wannier 3D materials (JVASP-5 to JVASP-28500),,JARVIS-DFT dft_3d/dft_2d
JVASP-12471,CuBiS2,62,Pnma,3D,"34936,38779,171052,85134",mp-22982,128,232,0.55,JVASP-12471.zip,17149774,12,True,wannier90_hr.dat,110592745,True,True,True,True,JARVIS-DFT Wannier 3D materials (JVASP-5 to JVASP-28500),,JARVIS-DFT dft_3d/dft_2d
JVASP-12475,Bi4Te7Pb,164,P-3m1,3D,"250249,42707,42753",mp-23005,96,158,0.423,JVASP-12475.zip,11592736,12,True,wannier90_hr.dat,70503237,True,True,True,True,JARVIS-DFT Wannier 3D materials (JVASP-5 to JVASP-28500),,JARVIS-DFT dft_3d/dft_2d
JVASP-12508,Th3Bi4,220,I-43d,3D,"617222,58862",mp-23270,136,176,0.12,JVASP-12508.zip,13275451,12,True,wannier90_hr.dat,65661221,True,True,True,True,JARVIS-DFT Wannier 3D materials (JVASP-5 to JVASP-28500),,JARVIS-DFT dft_3d/dft_2d
JVASP-12547,KBa4Bi3O,140,I4/mcm,3D,"170743,409487",mp-23571,180,204,0.836,JVASP-12547.zip,15002895,12,True,wannier90_hr.dat,82620320,True,True,True,True,JARVIS-DFT Wannier 3D materials (JVASP-5 to JVASP-28500),,JARVIS-DFT dft_3d/dft_2d
JVASP-12648,MnSnB2O6,148,R-3,3D,79165,mp-25012,72,116,1.417,JVASP-12648.zip,3207808,12,True,wannier90_hr.dat,18403621,True,True,True,True,JARVIS-DFT Wannier 3D materials (JVASP-5 to JVASP-28500),,JARVIS-DFT dft_3d/dft_2d
JVASP-12781,ZrAs2,62,Pnma,3D,"168665,20292",mp-27606,112,160,0.0,JVASP-12781.zip,7417381,12,True,wannier90_hr.dat,39513981,True,True,True,True,JARVIS-DFT Wannier 3D materials (JVASP-5 to JVASP-28500),,JARVIS-DFT dft_3d/dft_2d
JVASP-12980,BiTePd,198,P2_13,3D,"616961,70060",mp-29011,112,176,0.0,JVASP-12980.zip,13433612,12,True,wannier90_hr.dat,78400695,True,True,True,True,JARVIS-DFT Wannier 3D materials (JVASP-5 to JVASP-28500),,JARVIS-DFT dft_3d/dft_2d
JVASP-13042,GeSb4Te7,164,P-3m1,3D,42875,mp-29641,96,158,0.228,JVASP-13042.zip,11581375,12,True,wannier90_hr.dat,70503237,True,True,True,True,JARVIS-DFT Wannier 3D materials (JVASP-5 to JVASP-28500),,JARVIS-DFT dft_3d/dft_2d
JVASP-13043,GeBi4Te7,164,P-3m1,3D,42891,mp-29644,96,158,0.538,JVASP-13043.zip,11537925,12,True,wannier90_hr.dat,70503237,True,True,True,True,JARVIS-DFT Wannier 3D materials (JVASP-5 to JVASP-28500),,JARVIS-DFT dft_3d/dft_2d
JVASP-13124,Sr2Pb,62,Pnma,3D,105624,mp-30828,128,136,0.082,JVASP-13124.zip,24951333,12,True,wannier90_hr.dat,143360948,True,True,True,True,JARVIS-DFT Wannier 3D materials (JVASP-5 to JVASP-28500),,JARVIS-DFT dft_3d/dft_2d
JVASP-13536,SbTe,164,P-3m1,2D,,mp-7716,96,96,0.034,JVASP-13536.zip,7116210,12,True,wannier90_hr.dat,37325272,True,True,True,True,JARVIS-DFT Wannier tight binding Hamiltonians for 2D materials,,JARVIS-DFT dft_3d/dft_2d
JVASP-13539,Sb,191,P6/mmm,2D,,mp-80,8,16,0.0,JVASP-13539.zip,718599,12,True,wannier90_hr.dat,1413496,True,True,True,True,JARVIS-DFT Wannier tight binding Hamiltonians for 2D materials,,JARVIS-DFT dft_3d/dft_2d
JVASP-13544,As2Se3,31,Pmn2_1,2D,,mp-909,80,80,1.421,JVASP-13544.zip,2932584,12,True,wannier90_hr.dat,16960330,True,True,True,True,JARVIS-DFT Wannier tight binding Hamiltonians for 2D materials,,JARVIS-DFT dft_3d/dft_2d
JVASP-13546,VBr2,164,P-3m1,2D,,mp-971787,28,58,1.245,JVASP-13546.zip,1420192,12,True,wannier90_hr.dat,6625718,True,True,True,True,JARVIS-DFT Wannier tight binding Hamiltonians for 2D materials,,JARVIS-DFT dft_3d/dft_2d
JVASP-13550,SiAs3,191,P6/mmm,2D,,mp-978567,32,32,0.0,JVASP-13550.zip,1705999,12,True,wannier90_hr.dat,6195875,True,True,True,True,JARVIS-DFT Wannier tight binding Hamiltonians for 2D materials,,JARVIS-DFT dft_3d/dft_2d
JVASP-13576,FeBr2,164,P-3m1,2D,,mp-22880,28,58,0.0,JVASP-13576.zip,1454897,12,True,wannier90_hr.dat,6625718,True,True,True,True,JARVIS-DFT Wannier tight binding Hamiltonians for 2D materials,,JARVIS-DFT dft_3d/dft_2d
JVASP-13588,ScHCl,164,P-3m1,2D,,mp-24081,40,44,0.0,JVASP-13588.zip,2091748,12,True,wannier90_hr.dat,9680675,True,True,True,True,JARVIS-DFT Wannier tight binding Hamiltonians for 2D materials,,JARVIS-DFT dft_3d/dft_2d
JVASP-13589,CaHI,129,P4/nmm,2D,,mp-24204,44,48,3.623,JVASP-13589.zip,2535340,12,True,wannier90_hr.dat,11713475,True,True,True,True,JARVIS-DFT Wannier tight binding Hamiltonians for 2D materials,,JARVIS-DFT dft_3d/dft_2d
JVASP-13590,CaHBr,129,P4/nmm,2D,,mp-24422,44,48,1.944,JVASP-13590.zip,2560320,12,True,wannier90_hr.dat,11713475,True,True,True,True,JARVIS-DFT Wannier tight binding Hamiltonians for 2D materials,,JARVIS-DFT dft_3d/dft_2d
JVASP-13596,AuSe,10,P2/m,2D,,mp-2793,40,48,1.292,JVASP-13596.zip,1949106,12,True,wannier90_hr.dat,10800745,True,True,True,True,JARVIS-DFT Wannier tight binding Hamiltonians for 2D materials,,JARVIS-DFT dft_3d/dft_2d
JVASP-13597,W2N,164,P-3m1,2D,,mp-27943,30,30,0.0,JVASP-13597.zip,2287467,12,True,wannier90_hr.dat,10126201,True,True,True,True,JARVIS-DFT Wannier tight binding Hamiltonians for 2D materials,,JARVIS-DFT dft_3d/dft_2d
JVASP-13598,SmBr3,59,Pmmn,2D,,mp-27976,80,90,1.45,JVASP-13598.zip,5383466,12,True,wannier90_hr.dat,29120523,True,True,True,True,JARVIS-DFT Wannier tight binding Hamiltonians for 2D materials,,JARVIS-DFT dft_3d/dft_2d
JVASP-13600,ZrFeCl6,149,P312,2D,,mp-28208,60,102,0.0,JVASP-13600.zip,2196769,12,True,wannier90_hr.dat,12420411,True,True,True,True,JARVIS-DFT Wannier tight binding Hamiltonians for 2D materials,,JARVIS-DFT dft_3d/dft_2d
JVASP-13602,PtI2,14,P2_1/c,2D,,mp-28319,112,128,1.316,JVASP-13602.zip,6014730,12,True,wannier90_hr.dat,39513981,True,True,True,True,JARVIS-DFT Wannier tight binding Hamiltonians for 2D materials,,JARVIS-DFT dft_3d/dft_2d
JVASP-13611,PI2,2,P-1,2D,,mp-29443,48,64,1.767,JVASP-13611.zip,2157465,12,True,wannier90_hr.dat,12096593,True,True,True,True,JARVIS-DFT Wannier tight binding Hamiltonians for 2D materials,,JARVIS-DFT dft_3d/dft_2d
JVASP-13616,AsCl5,25,Pmm2,2D,,mp-30106,38,54,1.584,JVASP-13616.zip,1049704,12,True,wannier90_hr.dat,5848672,True,True,True,True,JARVIS-DFT Wannier tight binding Hamiltonians for 2D materials,,JARVIS-DFT dft_3d/dft_2d
JVASP-13623,ZrGeTe,129,P4/nmm,2D,,mp-3208,56,60,0.0,JVASP-13623.zip,4132141,12,True,wannier90_hr.dat,18973475,True,True,True,True,JARVIS-DFT Wannier tight binding Hamiltonians for 2D materials,,JARVIS-DFT dft_3d/dft_2d
JVASP-13624,Ni2SbTe2,187,P-6m2,2D,,mp-3250,48,52,0.0,JVASP-13624.zip,2866196,12,True,wannier90_hr.dat,13939875,True,True,True,True,JARVIS-DFT Wannier tight binding Hamiltonians for 2D materials,,JARVIS-DFT dft_3d/dft_2d
JVASP-13628,FeS,129,P4/nmm,2D,,mp-505531,36,48,0.0,JVASP-13628.zip,2175937,12,True,wannier90_hr.dat,10952118,True,True,True,True,JARVIS-DFT Wannier tight binding Hamiltonians for 2D materials,,JARVIS-DFT dft_3d/dft_2d
JVASP-13632,TiCl3,162,P-31m,2D,,mp-567354,60,104,0.0,JVASP-13632.zip,2115369,12,True,wannier90_hr.dat,12060401,True,True,True,True,JARVIS-DFT Wannier tight binding Hamiltonians for 2D materials,,JARVIS-DFT dft_3d/dft_2d
JVASP-13636,Nb2CS2,164,P-3m1,2D,,mp-5745,44,48,0.0,JVASP-13636.zip,3420438,12,True,wannier90_hr.dat,16360118,True,True,True,True,JARVIS-DFT Wannier tight binding Hamiltonians for 2D materials,,JARVIS-DFT dft_3d/dft_2d
JVASP-13733,TlPt,191,P6/mmm,3D,105819,mp-11553,60,90,0.0,JVASP-13733.zip,4721452,12,True,wannier90_hr.dat,23940735,True,True,True,True,JARVIS-DFT Wannier 3D materials (JVASP-5 to JVASP-28500),,JARVIS-DFT dft_3d/dft_2d
JVASP-13736,SrSbAu,194,P6_3/mmc,3D,106292,mp-11815,64,96,0.0,JVASP-13736.zip,9858448,12,True,wannier90_hr.dat,58779116,True,True,True,True,JARVIS-DFT Wannier 3D materials (JVASP-5 to JVASP-28500),,JARVIS-DFT dft_3d/dft_2d
JVASP-13822,WCl4O,79,I4,3D,25519,mp-32541,42,86,0.5,JVASP-13822.zip,4940111,12,True,wannier90_hr.dat,26020556,True,True,True,True,JARVIS-DFT Wannier 3D materials (JVASP-5 to JVASP-28500),,JARVIS-DFT dft_3d/dft_2d
JVASP-13835,YN,194,P6_3/mmc,3D,"161078,161079",mp-6913,36,44,0.782,JVASP-13835.zip,4965146,12,True,wannier90_hr.dat,31300909,True,True,True,True,JARVIS-DFT Wannier 3D materials (JVASP-5 to JVASP-28500),,JARVIS-DFT dft_3d/dft_2d
JVASP-13856,GaSe,160,R3m,3D,73388,mp-11342,32,60,0.835,JVASP-13856.zip,2663769,12,True,wannier90_hr.dat,11418791,True,True,True,True,JARVIS-DFT Wannier 3D materials (JVASP-5 to JVASP-28500),,JARVIS-DFT dft_3d/dft_2d
JVASP-13951,BaAgBi,194,P6_3/mmc,3D,56978,mp-30332,64,104,0.0,JVASP-13951.zip,5130474,12,True,wannier90_hr.dat,27648745,True,True,True,True,JARVIS-DFT Wannier 3D materials (JVASP-5 to JVASP-28500),,JARVIS-DFT dft_3d/dft_2d
JVASP-13955,Bi2TeSe2,166,R-3m,3D,54838,mp-31406,40,72,0.618,JVASP-13955.zip,2327401,12,True,wannier90_hr.dat,10000695,True,True,True,True,JARVIS-DFT Wannier 3D materials (JVASP-5 to JVASP-28500),,JARVIS-DFT dft_3d/dft_2d
JVASP-13968,TaGe2,180,P6_222,3D,"16504,637963,637957",mp-7558,84,130,0.0,JVASP-13968.zip,12168943,12,True,wannier90_hr.dat,68797049,True,True,True,True,JARVIS-DFT Wannier 3D materials (JVASP-5 to JVASP-28500),,JARVIS-DFT dft_3d/dft_2d
JVASP-13985,AlAs,194,P6_3/mmc,3D,56967,mp-11209,32,48,0.0,JVASP-13985.zip,4339345,12,True,wannier90_hr.dat,24732109,True,True,True,True,JARVIS-DFT Wannier 3D materials (JVASP-5 to JVASP-28500),,JARVIS-DFT dft_3d/dft_2d
JVASP-14006,Li2NdSb2,129,P4/nmm,3D,36020,mp-20106,72,110,0.0,JVASP-14006.zip,11273287,12,True,wannier90_hr.dat,63505303,True,True,True,True,JARVIS-DFT Wannier 3D materials (JVASP-5 to JVASP-28500),,JARVIS-DFT dft_3d/dft_2d
JVASP-14201,Ta2InC,194,P6_3/mmc,3D,"163522,163523,163509",mp-22144,80,100,0.0,JVASP-14201.zip,11515009,12,True,wannier90_hr.dat,66241110,True,True,True,True,JARVIS-DFT Wannier 3D materials (JVASP-5 to JVASP-28500),,JARVIS-DFT dft_3d/dft_2d
JVASP-14224,RbTe6,15,C2/c,3D,74837,mp-28878,120,176,0.0,JVASP-14224.zip,10563136,12,True,wannier90_hr.dat,54000441,True,True,True,True,JARVIS-DFT Wannier 3D materials (JVASP-5 to JVASP-28500),,JARVIS-DFT dft_3d/dft_2d
JVASP-14316,Ag3Sb,25,Pmm2,3D,"64716,38820",mp-2273,44,72,0.0,JVASP-14316.zip,4573392,12,True,wannier90_hr.dat,21781201,True,True,True,True,JARVIS-DFT Wannier 3D materials (JVASP-5 to JVASP-28500),,JARVIS-DFT dft_3d/dft_2d
JVASP-14383,InPd3,221,Pm-3m,3D,"59476,247190,247191,247192,247193,247196,247197",mp-31337,44,70,0.0,JVASP-14383.zip,6058456,12,True,wannier90_hr.dat,33204199,True,True,True,True,JARVIS-DFT Wannier 3D materials (JVASP-5 to JVASP-28500),,JARVIS-DFT dft_3d/dft_2d
JVASP-14395,Hf2SnC,194,P6_3/mmc,3D,"161072,161073,161074,618052",mp-4893,80,100,0.0,JVASP-14395.zip,11340628,12,True,wannier90_hr.dat,66241110,True,True,True,True,JARVIS-DFT Wannier 3D materials (JVASP-5 to JVASP-28500),,JARVIS-DFT dft_3d/dft_2d
JVASP-14417,AgI,129,P4/nmm,2D,,mp-567809,40,48,1.976,JVASP-14417.zip,2327392,12,True,wannier90_hr.dat,13520918,True,True,True,True,JARVIS-DFT Wannier tight binding Hamiltonians for 2D materials,,JARVIS-DFT dft_3d/dft_2d
JVASP-14419,CoI2,164,P-3m1,2D,,mp-569610,28,48,0.0,JVASP-14419.zip,1561233,12,True,wannier90_hr.dat,6625718,True,True,True,True,JARVIS-DFT Wannier tight binding Hamiltonians for 2D materials,,JARVIS-DFT dft_3d/dft_2d
JVASP-14420,NbSe2Br2,12,C2/m,2D,,mp-569623,176,184,1.103,JVASP-14420.zip,10698866,12,True,wannier90_hr.dat,69696289,True,True,True,True,JARVIS-DFT Wannier tight binding Hamiltonians for 2D materials,,JARVIS-DFT dft_3d/dft_2d
JVASP-14427,YI3,162,P-31m,2D,,mp-571442,72,80,2.898,JVASP-14427.zip,3008778,12,True,wannier90_hr.dat,17366801,True,True,True,True,JARVIS-DFT Wannier tight binding Hamiltonians for 2D materials,,JARVIS-DFT dft_3d/dft_2d
JVASP-14431,MnSe,129,P4/nmm,2D,,mp-604910,40,68,0.0,JVASP-14431.zip,2588503,12,True,wannier90_hr.dat,13520918,True,True,True,True,JARVIS-DFT Wannier tight binding Hamiltonians for 2D materials,,JARVIS-DFT dft_3d/dft_2d
JVASP-14432,AlHO2,11,P2_1/m,2D,,mp-625055,44,56,1.499,JVASP-14432.zip,2314941,12,True,wannier90_hr.dat,9583763,True,True,True,True,JARVIS-DFT Wannier tight binding Hamiltonians for 2D materials,,JARVIS-DFT dft_3d/dft_2d
JVASP-14445,BiOF,164,P-3m1,2D,,mp-759883,40,56,3.437,JVASP-14445.zip,1773323,12,True,wannier90_hr.dat,10000695,True,True,True,True,JARVIS-DFT Wannier tight binding Hamiltonians for 2D materials,,JARVIS-DFT dft_3d/dft_2d
JVASP-14456,CoO2,191,P6/mmm,2D,,,24,28,0.0,JVASP-14456.zip,1437832,12,True,wannier90_hr.dat,6654032,True,True,True,True,JARVIS-DFT Wannier tight binding Hamiltonians for 2D materials,,JARVIS-DFT dft_3d/dft_2d
JVASP-14458,TeO3,187,P-6m2,2D,,,26,42,0.947,JVASP-14458.zip,1308140,12,True,wannier90_hr.dat,5848338,True,True,True,True,JARVIS-DFT Wannier tight binding Hamiltonians for 2D materials,,JARVIS-DFT dft_3d/dft_2d
JVASP-14460,Cr3O8,164,P-3m1,2D,,,84,142,0.0,JVASP-14460.zip,2631440,12,True,wannier90_hr.dat,13759459,True,True,True,True,JARVIS-DFT Wannier tight binding Hamiltonians for 2D materials,,JARVIS-DFT dft_3d/dft_2d
JVASP-14487,NdC2,139,I4/mmm,3D,"17024,618528,56164,618533,618534,63560,602767,618522,618526",mp-2297,32,43,0.0,JVASP-14487.zip,5736729,12,True,wannier90_hr.dat,26575491,True,True,True,True,JARVIS-DFT Wannier 3D materials (JVASP-5 to JVASP-28500),,JARVIS-DFT dft_3d/dft_2d
JVASP-14507,Mg2Sn,225,Fm-3m,3D,"151362,104869,104870,642855,151368,181765,150957,642850,151388,158181",mp-2343,24,42,0.0,JVASP-14507.zip,3141340,12,True,wannier90_hr.dat,15353162,True,True,True,True,JARVIS-DFT Wannier 3D materials (JVASP-5 to JVASP-28500),,JARVIS-DFT dft_3d/dft_2d
JVASP-14514,SmAl2,227,Fd-3m,3D,"609376,609382,609385,609388,58161,659101",mp-2358,64,74,0.0,JVASP-14514.zip,9408012,12,True,wannier90_hr.dat,48129252,True,True,True,True,JARVIS-DFT Wannier 3D materials (JVASP-5 to JVASP-28500),,JARVIS-DFT dft_3d/dft_2d
JVASP-14517,HfMo2,227,Fd-3m,3D,"638607,638612,104216,104217,638619,638621",mp-2363,72,92,0.0,JVASP-14517.zip,11279744,12,True,wannier90_hr.dat,60394842,True,True,True,True,JARVIS-DFT Wannier 3D materials (JVASP-5 to JVASP-28500),,JARVIS-DFT dft_3d/dft_2d
JVASP-14563,DyPt3,221,Pm-3m,3D,"630121,630124,103356,630125,103357",mp-2465,52,77,0.0,JVASP-14563.zip,9298656,12,True,wannier90_hr.dat,46375399,True,True,True,True,JARVIS-DFT Wannier 3D materials (JVASP-5 to JVASP-28500),,JARVIS-DFT dft_3d/dft_2d
JVASP-14566,DyS,225,Fm-3m,3D,"53377,630186,630204,57239",mp-2470,22,43,0.0,JVASP-14566.zip,3473433,12,True,wannier90_hr.dat,13046592,True,True,True,True,JARVIS-DFT Wannier 3D materials (JVASP-5 to JVASP-28500),,JARVIS-DFT dft_3d/dft_2d
JVASP-14574,ErSe,225,Fm-3m,3D,"53418,600371,631110,631118,631103",mp-2491,24,43,0.0,JVASP-14574.zip,3700626,12,True,wannier90_hr.dat,15295552,True,True,True,True,JARVIS-DFT Wannier 3D materials (JVASP-5 to JVASP-28500),,JARVIS-DFT dft_3d/dft_2d
JVASP-14601,Sn,227,Fd-3m,3D,"70128,76040,53789,40039",mp-117,16,28,0.0,JVASP-14601.zip,1196258,12,True,wannier90_hr.dat,4392199,True,True,True,True,JARVIS-DFT Wannier 3D materials (JVASP-5 to JVASP-28500),,JARVIS-DFT dft_3d/dft_2d
JVASP-14603,As,166,R-3m,3D,"53794,16516,16517,16518,609831,158473,162835,162837,162838,162839",mp-11,16,48,0.0,JVASP-14603.zip,1428081,12,True,wannier90_hr.dat,4392199,True,True,True,True,JARVIS-DFT Wannier 3D materials (JVASP-5 to JVASP-28500),,JARVIS-DFT dft_3d/dft_2d
JVASP-14604,Ba,229,Im-3m,3D,"56132,44719,94258,44406,77367,108091,76156,615774",mp-122,12,16,0.0,JVASP-14604.zip,1786996,12,True,wannier90_hr.dat,7284384,True,True,True,True,JARVIS-DFT Wannier 3D materials (JVASP-5 to JVASP-28500),,JARVIS-DFT dft_3d/dft_2d
JVASP-14606,Ag,225,Fm-3m,3D,"53760,52257,64706,44387,64996,64997,52545,64994,180878,180879,181730,53762,64995,53761,604629,604630,604631,604632,604635,77917,53759",mp-124,12,24,0.0,JVASP-14606.zip,1940911,12,True,wannier90_hr.dat,7370845,True,True,True,True,JARVIS-DFT Wannier 3D materials (JVASP-5 to JVASP-28500),,JARVIS-DFT dft_3d/dft_2d
JVASP-14612,Zr,194,P6_3/mmc,3D,"76042,76143,43700,653525,653529,53785,76154,653531,164572",mp-131,24,32,0.0,JVASP-14612.zip,2764402,12,True,wannier90_hr.dat,12242215,True,True,True,True,JARVIS-DFT Wannier 3D materials (JVASP-5 to JVASP-28500),,JARVIS-DFT dft_3d/dft_2d
JVASP-14622,Ga,64,Cmce,3D,"109032,52271,151376,654170,634203,43388,634202",mp-142,32,56,0.0,JVASP-14622.zip,2894741,12,True,wannier90_hr.dat,13979045,True,True,True,True,JARVIS-DFT Wannier 3D materials (JVASP-5 to JVASP-28500),,JARVIS-DFT dft_3d/dft_2d
JVASP-14644,Pd,225,Fm-3m,3D,"648673,648674,648675,648677,180870,648679,648680,180871,41517,64914,64915,64916,64918,64920,76148,64922,52251,77885",mp-2,12,32,0.0,JVASP-14644.zip,2740862,12,True,wannier90_hr.dat,9777337,True,True,True,True,JARVIS-DFT Wannier 3D materials (JVASP-5 to JVASP-28500),,JARVIS-DFT dft_3d/dft_2d
JVASP-14665,SmTe,225,Fm-3m,3D,"652674,44132,52485,652652,652657,652661",mp-342,24,45,0.0,JVASP-14665.zip,3899672,12,True,wannier90_hr.dat,15353162,True,True,True,True,JARVIS-DFT Wannier 3D materials (JVASP-5 to JVASP-28500),,JARVIS-DFT dft_3d/dft_2d
JVASP-14698,NdAl2,227,Fd-3m,3D,"602442,58027,58031,58032,608756,608757,608746",mp-400,64,86,0.0,JVASP-14698.zip,5941167,12,True,wannier90_hr.dat,27239135,True,True,True,True,JARVIS-DFT Wannier 3D materials (JVASP-5 to JVASP-28500),,JARVIS-DFT dft_3d/dft_2d
JVASP-14725,U,63,Cmcm,3D,"653376,160449,44475,168169,43339,43340,43341,173998,653370,654164,182486,16056,16057,16058,43419,106204,106205",mp-44,32,38,0.0,JVASP-14725.zip,4849158,12,True,wannier90_hr.dat,21250164,True,True,True,True,JARVIS-DFT Wannier 3D materials (JVASP-5 to JVASP-28500),,JARVIS-DFT dft_3d/dft_2d
JVASP-14738,ScPt3,221,Pm-3m,3D,"649584,105786,105787,649582",mp-481,48,72,0.0,JVASP-14738.zip,7392821,12,True,wannier90_hr.dat,39515399,True,True,True,True,JARVIS-DFT Wannier 3D materials (JVASP-5 to JVASP-28500),,JARVIS-DFT dft_3d/dft_2d
JVASP-14812,Sm,194,P6_3/mmc,3D,"652632,52482,652637",mp-69,64,84,0.0,JVASP-14812.zip,11502691,12,True,wannier90_hr.dat,52225353,True,True,True,True,JARVIS-DFT Wannier 3D materials (JVASP-5 to JVASP-28500),,JARVIS-DFT dft_3d/dft_2d
JVASP-14822,Tl,194,P6_3/mmc,3D,"653316,653319,104200,77372,653323,52525,151377,44508",mp-82,16,28,0.0,JVASP-14822.zip,1705116,12,True,wannier90_hr.dat,7439805,True,True,True,True,JARVIS-DFT Wannier 3D materials (JVASP-5 to JVASP-28500),,JARVIS-DFT dft_3d/dft_2d
JVASP-14837,V,229,Im-3m,3D,"53792,44322,43619,260470,43718,76167,44873,76269,60614,151408,653394,653395,62131,653398,653399,52537,171003,43420,44509",mp-146,12,18,0.0,JVASP-14837.zip,1954784,12,True,wannier90_hr.dat,7385255,True,True,True,True,JARVIS-DFT Wannier 3D materials (JVASP-5 to JVASP-28500),,JARVIS-DFT dft_3d/dft_2d
JVASP-14881,LaN,225,Fm-3m,3D,"641472,641473,45159,44684,169197,162193,641471,641462,641463,641464,641465,641466,641467,169212,641470,76479",mp-256,32,38,0.0,JVASP-14881.zip,3268410,12,True,wannier90_hr.dat,17563399,True,True,True,True,JARVIS-DFT Wannier 3D materials (JVASP-5 to JVASP-28500),,JARVIS-DFT dft_3d/dft_2d
JVASP-14900,NiMoP,189,P-62m,3D,1133,mp-7632,96,140,0.0,JVASP-14900.zip,11010714,12,True,wannier90_hr.dat,61287135,True,True,True,True,JARVIS-DFT Wannier 3D materials (JVASP-5 to JVASP-28500),,JARVIS-DFT dft_3d/dft_2d
JVASP-14958,SeS,225,Fm-3m,3D,"62195,62196",mp-2559,14,30,0.0,JVASP-14958.zip,1652345,12,True,wannier90_hr.dat,5324213,True,True,True,True,JARVIS-DFT Wannier 3D materials (JVASP-5 to JVASP-28500),,JARVIS-DFT dft_3d/dft_2d
JVASP-14987,DyAs,225,Fm-3m,3D,"610371,610374,610373,43638",mp-2627,24,45,0.0,JVASP-14987.zip,2775338,12,True,wannier90_hr.dat,10168250,True,True,True,True,JARVIS-DFT Wannier 3D materials (JVASP-5 to JVASP-28500),,JARVIS-DFT dft_3d/dft_2d
JVASP-14991,YSe,225,Fm-3m,3D,"652176,652182,44974,106047",mp-2637,20,40,0.0,JVASP-14991.zip,2551361,12,True,wannier90_hr.dat,10662762,True,True,True,True,JARVIS-DFT Wannier 3D materials (JVASP-5 to JVASP-28500),,JARVIS-DFT dft_3d/dft_2d
JVASP-14993,TbAs,225,Fm-3m,3D,"611464,43601,611462,44070,611463",mp-2640,24,48,0.0,JVASP-14993.zip,2489581,12,True,wannier90_hr.dat,9880199,True,True,True,True,JARVIS-DFT Wannier 3D materials (JVASP-5 to JVASP-28500),,JARVIS-DFT dft_3d/dft_2d
JVASP-15003,Nb3Pt,223,Pm-3n,3D,"645216,645218,645224,645226,645227,645228,645231,105203,645236",mp-2663,96,124,0.0,JVASP-15003.zip,26433358,12,True,wannier90_hr.dat,158056199,True,True,True,True,JARVIS-DFT Wannier 3D materials (JVASP-5 to JVASP-28500),,JARVIS-DFT dft_3d/dft_2d
JVASP-15011,TaBe2,227,Fd-3m,3D,"58739,616428",mp-2676,56,76,0.0,JVASP-15011.zip,7174433,12,True,wannier90_hr.dat,36535642,True,True,True,True,JARVIS-DFT Wannier 3D materials (JVASP-5 to JVASP-28500),,JARVIS-DFT dft_3d/dft_2d
JVASP-15028,NdPt2,227,Fd-3m,3D,"645729,105279",mp-2720,80,110,0.0,JVASP-15028.zip,8632080,12,True,wannier90_hr.dat,42560735,True,True,True,True,JARVIS-DFT Wannier 3D materials (JVASP-5 to JVASP-28500),,JARVIS-DFT dft_3d/dft_2d
JVASP-15030,IrO2,136,P4_2/mnm,3D,"84577,640887,81028,56009",mp-2723,48,88,0.0,JVASP-15030.zip,8555613,12,True,wannier90_hr.dat,50805496,True,True,True,True,JARVIS-DFT Wannier 3D materials (JVASP-5 to JVASP-28500),,JARVIS-DFT dft_3d/dft_2d
JVASP-15031,TbSb,225,Fm-3m,3D,"651619,651620,52333,43602,43636,52437,651607,601433,651610",mp-2724,24,48,0.0,JVASP-15031.zip,3921472,12,True,wannier90_hr.dat,15353162,True,True,True,True,JARVIS-DFT Wannier 3D materials (JVASP-5 to JVASP-28500),,JARVIS-DFT dft_3d/dft_2d
JVASP-15040,LiPd,187,P-6m2,3D,"104770,104771,659883",mp-2744,14,46,0.0,JVASP-15040.zip,1795735,12,True,wannier90_hr.dat,5696805,True,True,True,True,JARVIS-DFT Wannier 3D materials (JVASP-5 to JVASP-28500),,JARVIS-DFT dft_3d/dft_2d
JVASP-15072,NdP,225,Fm-3m,3D,"645680,645681,76597,645678,645677",mp-2823,24,43,0.0,JVASP-15072.zip,4038564,12,True,wannier90_hr.dat,15583603,True,True,True,True,JARVIS-DFT Wannier 3D materials (JVASP-5 to JVASP-28500),,JARVIS-DFT dft_3d/dft_2d
JVASP-15130,TbCo3B2,191,P6/mmm,3D,"246508,246509,246510,246511,246512,44182,87163,613343",mp-3040,68,96,0.0,JVASP-15130.zip,17058142,12,True,wannier90_hr.dat,85314731,True,True,True,True,JARVIS-DFT Wannier 3D materials (JVASP-5 to JVASP-28500),,JARVIS-DFT dft_3d/dft_2d
JVASP-15156,DyBRh3,221,Pm-3m,3D,"44211,613676",mp-3183,60,91,0.0,JVASP-15156.zip,12271827,12,True,wannier90_hr.dat,61741799,True,True,True,True,JARVIS-DFT Wannier 3D materials (JVASP-5 to JVASP-28500),,JARVIS-DFT dft_3d/dft_2d
JVASP-15164,ZrGeTe,129,P4/nmm,3D,"25740,15575",mp-3208,56,76,0.0,JVASP-15164.zip,10385479,12,True,wannier90_hr.dat,63506113,True,True,True,True,JARVIS-DFT Wannier 3D materials (JVASP-5 to JVASP-28500),,JARVIS-DFT dft_3d/dft_2d
JVASP-15206,YSi2Rh2,139,I4/mmm,3D,"650352,602257,650354",mp-3441,52,76,0.0,JVASP-15206.zip,9287123,12,True,wannier90_hr.dat,52865243,True,True,True,True,JARVIS-DFT Wannier 3D materials (JVASP-5 to JVASP-28500),,JARVIS-DFT dft_3d/dft_2d
JVASP-15215,MgAgAs,216,F-43m,3D,"43819,655132",mp-3477,28,58,0.0,JVASP-15215.zip,4126191,12,True,wannier90_hr.dat,20896362,True,True,True,True,JARVIS-DFT Wannier 3D materials (JVASP-5 to JVASP-28500),,JARVIS-DFT dft_3d/dft_2d
JVASP-15227,Ge2Sb2Te5,164,P-3m1,3D,"42876,637823",mp-3534,72,124,0.041,JVASP-15227.zip,7033024,12,True,wannier90_hr.dat,39658437,True,True,True,True,JARVIS-DFT Wannier 3D materials (JVASP-5 to JVASP-28500),,JARVIS-DFT dft_3d/dft_2d
JVASP-15230,KTeAu,194,P6_3/mmc,3D,"655856,71651",mp-3553,64,104,0.0,JVASP-15230.zip,4950960,12,True,wannier90_hr.dat,25191085,True,True,True,True,JARVIS-DFT Wannier 3D materials (JVASP-5 to JVASP-28500),,JARVIS-DFT dft_3d/dft_2d
JVASP-15242,NdBRh3,221,Pm-3m,3D,"44464,614955",mp-3591,60,89,0.0,JVASP-15242.zip,11845028,12,True,wannier90_hr.dat,61741799,True,True,True,True,JARVIS-DFT Wannier 3D materials (JVASP-5 to JVASP-28500),,JARVIS-DFT dft_3d/dft_2d
JVASP-15265,ErBRh3,221,Pm-3m,3D,"613804,44237,613807",mp-3769,60,89,0.0,JVASP-15265.zip,12137551,12,True,wannier90_hr.dat,61741799,True,True,True,True,JARVIS-DFT Wannier 3D materials (JVASP-5 to JVASP-28500),,JARVIS-DFT dft_3d/dft_2d
JVASP-15278,TbBRh3,221,Pm-3m,3D,"615320,44565",mp-3869,60,102,0.0,JVASP-15278.zip,5195571,12,True,wannier90_hr.dat,22500695,True,True,True,True,JARVIS-DFT Wannier 3D materials (JVASP-5 to JVASP-28500),,JARVIS-DFT dft_3d/dft_2d
JVASP-15344,NaZnSb,129,P4/nmm,3D,"12154,160957,645023",mp-4247,68,84,0.0,JVASP-15344.zip,6282984,12,True,wannier90_hr.dat,33987206,True,True,True,True,JARVIS-DFT Wannier 3D materials (JVASP-5 to JVASP-28500),,JARVIS-DFT dft_3d/dft_2d
JVASP-15356,SmSnAu,186,P6_3mc,3D,"416418,245763",mp-4304,72,118,0.0,JVASP-15356.zip,9614978,12,True,wannier90_hr.dat,50545049,True,True,True,True,JARVIS-DFT Wannier 3D materials (JVASP-5 to JVASP-28500),,JARVIS-DFT dft_3d/dft_2d
JVASP-15470,Hf2SnC,194,P6_3/mmc,3D,"161072,161073,161074,618052",mp-4893,80,100,0.0,JVASP-15470.zip,11341087,12,True,wannier90_hr.dat,66241110,True,True,True,True,JARVIS-DFT Wannier 3D materials (JVASP-5 to JVASP-28500),,JARVIS-DFT dft_3d/dft_2d
JVASP-15490,LuInCu2,225,Fm-3m,3D,"102992,102993",mp-4972,58,66,0.0,JVASP-15490.zip,7640191,12,True,wannier90_hr.dat,39191842,True,True,True,True,JARVIS-DFT Wannier 3D materials (JVASP-5 to JVASP-28500),,JARVIS-DFT dft_3d/dft_2d
JVASP-15506,TaSiAs,129,P4/nmm,3D,"42355,659470",mp-5031,56,84,0.0,JVASP-15506.zip,10938713,12,True,wannier90_hr.dat,63506113,True,True,True,True,JARVIS-DFT Wannier 3D materials (JVASP-5 to JVASP-28500),,JARVIS-DFT dft_3d/dft_2d
JVASP-15523,Zr2SbP,194,P6_3/mmc,3D,"77797,153678",mp-5137,80,96,0.0,JVASP-15523.zip,11728256,12,True,wannier90_hr.dat,66241110,True,True,True,True,JARVIS-DFT Wannier 3D materials (JVASP-5 to JVASP-28500),,JARVIS-DFT dft_3d/dft_2d
JVASP-15536,LuSnAu,216,F-43m,3D,"415825,245756,58537",mp-5177,46,46,0.01,JVASP-15536.zip,11416053,12,True,wannier90_hr.dat,56394162,True,True,True,True,JARVIS-DFT Wannier 3D materials (JVASP-5 to JVASP-28500),,JARVIS-DFT dft_3d/dft_2d
JVASP-15572,LiGa2Ir,225,Fm-3m,3D,"106709,107093",mp-5419,30,58,0.0,JVASP-15572.zip,2524325,12,True,wannier90_hr.dat,10666262,True,True,True,True,JARVIS-DFT Wannier 3D materials (JVASP-5 to JVASP-28500),,JARVIS-DFT dft_3d/dft_2d
JVASP-15599,NdCo2B2,139,I4/mmm,3D,"44168,613196,613182",mp-5553,56,67,0.0,JVASP-15599.zip,5010483,12,True,wannier90_hr.dat,23677627,True,True,True,True,JARVIS-DFT Wannier 3D materials (JVASP-5 to JVASP-28500),,JARVIS-DFT dft_3d/dft_2d
JVASP-15653,CaCuSb,194,P6_3/mmc,3D,"42137,659589",mp-5910,64,84,0.0,JVASP-15653.zip,11521393,12,True,wannier90_hr.dat,70657809,True,True,True,True,JARVIS-DFT Wannier 3D materials (JVASP-5 to JVASP-28500),,JARVIS-DFT dft_3d/dft_2d
JVASP-15705,SrAgAs,194,P6_3/mmc,3D,49742,mp-6954,64,104,0.0,JVASP-15705.zip,4511478,12,True,wannier90_hr.dat,23962254,True,True,True,True,JARVIS-DFT Wannier 3D materials (JVASP-5 to JVASP-28500),,JARVIS-DFT dft_3d/dft_2d
JVASP-15708,TlSb,221,Pm-3m,3D,60381,mp-6958,16,38,0.0,JVASP-15708.zip,2207846,12,True,wannier90_hr.dat,9334955,True,True,True,True,JARVIS-DFT Wannier 3D materials (JVASP-5 to JVASP-28500),,JARVIS-DFT dft_3d/dft_2d
JVASP-15717,Ta,225,Fm-3m,3D,"41520,648970",mp-6986,12,18,0.0,JVASP-15717.zip,2054496,12,True,wannier90_hr.dat,7471716,True,True,True,True,JARVIS-DFT Wannier 3D materials (JVASP-5 to JVASP-28500),,JARVIS-DFT dft_3d/dft_2d
JVASP-15721,Sb2Te,164,P-3m1,3D,69557,mp-6997,72,120,0.043,JVASP-15721.zip,7033375,12,True,wannier90_hr.dat,39658437,True,True,True,True,JARVIS-DFT Wannier 3D materials (JVASP-5 to JVASP-28500),,JARVIS-DFT dft_3d/dft_2d
JVASP-15725,RbTeAu,194,P6_3/mmc,3D,75026,mp-7025,64,96,0.0,JVASP-15725.zip,12365538,12,True,wannier90_hr.dat,70657809,True,True,True,True,JARVIS-DFT Wannier 3D materials (JVASP-5 to JVASP-28500),,JARVIS-DFT dft_3d/dft_2d
JVASP-15765,SmRh3C,221,Pm-3m,3D,77386,mp-7167,60,91,0.0,JVASP-15765.zip,11154838,12,True,wannier90_hr.dat,61741799,True,True,True,True,JARVIS-DFT Wannier 3D materials (JVASP-5 to JVASP-28500),,JARVIS-DFT dft_3d/dft_2d
JVASP-15799,Li3Tl,225,Fm-3m,3D,10052,mp-7396,14,48,0.0,JVASP-15799.zip,912213,12,True,wannier90_hr.dat,2265032,True,True,True,True,JARVIS-DFT Wannier 3D materials (JVASP-5 to JVASP-28500),,JARVIS-DFT dft_3d/dft_2d
JVASP-15801,KHgAs,194,P6_3/mmc,3D,10458,mp-7420,76,104,0.0,JVASP-15801.zip,7746073,12,True,wannier90_hr.dat,44187237,True,True,True,True,JARVIS-DFT Wannier 3D materials (JVASP-5 to JVASP-28500),,JARVIS-DFT dft_3d/dft_2d
JVASP-15807,SrZn2Sb2,164,P-3m1,3D,12152,mp-7431,64,88,0.0,JVASP-15807.zip,11362560,12,True,wannier90_hr.dat,70657809,True,True,True,True,JARVIS-DFT Wannier 3D materials (JVASP-5 to JVASP-28500),,JARVIS-DFT dft_3d/dft_2d
JVASP-15826,LiMgSnAu,216,F-43m,3D,16477,mp-7554,30,62,0.0,JVASP-15826.zip,2667182,12,True,wannier90_hr.dat,10396232,True,True,True,True,JARVIS-DFT Wannier 3D materials (JVASP-5 to JVASP-28500),,JARVIS-DFT dft_3d/dft_2d
JVASP-15830,WS2,122,I-42d,3D,,,48,88,0.0,JVASP-15830.zip,2789278,12,True,wannier90_hr.dat,11635773,True,True,True,True,JARVIS-DFT Wannier 3D materials (JVASP-5 to JVASP-28500),,JARVIS-DFT dft_3d/dft_2d
JVASP-15837,Hf2S,194,P6_3/mmc,3D,43203,mp-10000,60,92,0.0,JVASP-15837.zip,6948470,12,True,wannier90_hr.dat,37261110,True,True,True,True,JARVIS-DFT Wannier 3D materials (JVASP-5 to JVASP-28500),,JARVIS-DFT dft_3d/dft_2d
JVASP-15855,Er3AlC,221,Pm-3m,3D,606192,mp-10038,64,65,0.0,JVASP-15855.zip,15178729,12,True,wannier90_hr.dat,70248199,True,True,True,True,JARVIS-DFT Wannier 3D materials (JVASP-5 to JVASP-28500),,JARVIS-DFT dft_3d/dft_2d
JVASP-15858,Tb3AlC,221,Pm-3m,3D,606265,mp-10041,64,80,0.0,JVASP-15858.zip,12585029,12,True,wannier90_hr.dat,70248199,True,True,True,True,JARVIS-DFT Wannier 3D materials (JVASP-5 to JVASP-28500),,JARVIS-DFT dft_3d/dft_2d
JVASP-15884,ScBIr3,221,Pm-3m,3D,44423,mp-10113,56,72,0.0,JVASP-15884.zip,9936859,12,True,wannier90_hr.dat,53784199,True,True,True,True,JARVIS-DFT Wannier 3D materials (JVASP-5 to JVASP-28500),,JARVIS-DFT dft_3d/dft_2d
JVASP-15910,LiMgSbPd,216,F-43m,3D,44808,mp-10179,30,56,0.0,JVASP-15910.zip,2692055,12,True,wannier90_hr.dat,10576252,True,True,True,True,JARVIS-DFT Wannier 3D materials (JVASP-5 to JVASP-28500),,JARVIS-DFT dft_3d/dft_2d
JVASP-15921,LuSbPt,216,F-43m,3D,44916,mp-10194,46,56,0.0,JVASP-15921.zip,11160785,12,True,wannier90_hr.dat,56394162,True,True,True,True,JARVIS-DFT Wannier 3D materials (JVASP-5 to JVASP-28500),,JARVIS-DFT dft_3d/dft_2d
JVASP-15923,Ta2N,164,P-3m1,3D,76015,mp-10196,30,50,0.0,JVASP-15923.zip,4332076,12,True,wannier90_hr.dat,21737509,True,True,True,True,JARVIS-DFT Wannier 3D materials (JVASP-5 to JVASP-28500),,JARVIS-DFT dft_3d/dft_2d
JVASP-15952,Er3GaC,221,Pm-3m,3D,76818,mp-10274,64,71,0.0,JVASP-15952.zip,15140380,12,True,wannier90_hr.dat,70248199,True,True,True,True,JARVIS-DFT Wannier 3D materials (JVASP-5 to JVASP-28500),,JARVIS-DFT dft_3d/dft_2d
JVASP-15966,HfSbRh,216,F-43m,3D,53036,mp-10367,32,52,0.0,JVASP-15966.zip,5601756,12,True,wannier90_hr.dat,27599592,True,True,True,True,JARVIS-DFT Wannier 3D materials (JVASP-5 to JVASP-28500),,JARVIS-DFT dft_3d/dft_2d
JVASP-15996,PtO,131,P4_2/mmc,3D,"164290,26599",mp-7947,36,60,0.0,JVASP-15996.zip,4815208,12,True,wannier90_hr.dat,26246113,True,True,True,True,JARVIS-DFT Wannier 3D materials (JVASP-5 to JVASP-28500),,JARVIS-DFT dft_3d/dft_2d
JVASP-15997,ReSi,198,P2_13,3D,26616,mp-7948,80,104,0.0,JVASP-15997.zip,18343293,12,True,wannier90_hr.dat,109761799,True,True,True,True,JARVIS-DFT Wannier 3D materials (JVASP-5 to JVASP-28500),,JARVIS-DFT dft_3d/dft_2d
JVASP-15998,Sr3SnO,221,Pm-3m,3D,"181088,201036",mp-7961,50,60,0.0,JVASP-15998.zip,7481837,12,True,wannier90_hr.dat,42876799,True,True,True,True,JARVIS-DFT Wannier 3D materials (JVASP-5 to JVASP-28500),,JARVIS-DFT dft_3d/dft_2d
JVASP-16001,K2RhF6,164,P-3m1,3D,28779,mp-8018,72,110,0.0,JVASP-16001.zip,3979805,12,True,wannier90_hr.dat,24624543,True,True,True,True,JARVIS-DFT Wannier 3D materials (JVASP-5 to JVASP-28500),,JARVIS-DFT dft_3d/dft_2d
JVASP-16008,TaSnO3,221,Pm-3m,3D,27118,mp-8074,38,58,0.0,JVASP-16008.zip,4393543,12,True,wannier90_hr.dat,24766399,True,True,True,True,JARVIS-DFT Wannier 3D materials (JVASP-5 to JVASP-28500),,JARVIS-DFT dft_3d/dft_2d
JVASP-16027,BaCd2Sb2,164,P-3m1,3D,32021,mp-8150,52,68,0.0,JVASP-16027.zip,8585407,12,True,wannier90_hr.dat,46645809,True,True,True,True,JARVIS-DFT Wannier 3D materials (JVASP-5 to JVASP-28500),,JARVIS-DFT dft_3d/dft_2d
JVASP-16039,Ta5As4,87,I4/m,3D,"36525,611453",mp-8312,92,114,0.0,JVASP-16039.zip,10302110,12,True,wannier90_hr.dat,57132745,True,True,True,True,JARVIS-DFT Wannier 3D materials (JVASP-5 to JVASP-28500),,JARVIS-DFT dft_3d/dft_2d
JVASP-16055,SrAsPt,194,P6_3/mmc,3D,59187,mp-8456,64,80,0.0,JVASP-16055.zip,11950106,12,True,wannier90_hr.dat,70657809,True,True,True,True,JARVIS-DFT Wannier 3D materials (JVASP-5 to JVASP-28500),,JARVIS-DFT dft_3d/dft_2d
JVASP-16077,Te4Pt3,166,R-3m,3D,41372,mp-8628,68,112,0.0,JVASP-16077.zip,8030283,12,True,wannier90_hr.dat,45085049,True,True,True,True,JARVIS-DFT Wannier 3D materials (JVASP-5 to JVASP-28500),,JARVIS-DFT dft_3d/dft_2d
JVASP-16082,Nb,225,Fm-3m,3D,41512,mp-8636,12,26,0.0,JVASP-16082.zip,2625650,12,True,wannier90_hr.dat,9590005,True,True,True,True,JARVIS-DFT Wannier 3D materials (JVASP-5 to JVASP-28500),,JARVIS-DFT dft_3d/dft_2d
JVASP-16087,W,225,Fm-3m,3D,"167904,41521",mp-8641,12,32,0.0,JVASP-16087.zip,2662341,12,True,wannier90_hr.dat,9590005,True,True,True,True,JARVIS-DFT Wannier 3D materials (JVASP-5 to JVASP-28500),,JARVIS-DFT dft_3d/dft_2d
JVASP-16116,ScSiAu,187,P-6m2,3D,71998,mp-9023,64,96,0.0,JVASP-16116.zip,7665422,12,True,wannier90_hr.dat,39937049,True,True,True,True,JARVIS-DFT Wannier 3D materials (JVASP-5 to JVASP-28500),,JARVIS-DFT dft_3d/dft_2d
JVASP-16125,ThSiAu,187,P-6m2,3D,75032,mp-9164,32,56,0.0,JVASP-16125.zip,6645831,12,True,wannier90_hr.dat,31798408,True,True,True,True,JARVIS-DFT Wannier 3D materials (JVASP-5 to JVASP-28500),,JARVIS-DFT dft_3d/dft_2d
JVASP-16134,NaTeAu,194,P6_3/mmc,3D,71650,mp-9264,56,84,0.101,JVASP-16134.zip,3756171,12,True,wannier90_hr.dat,18346254,True,True,True,True,JARVIS-DFT Wannier 3D materials (JVASP-5 to JVASP-28500),,JARVIS-DFT dft_3d/dft_2d
JVASP-16167,NbSnS2,194,P6_3/mmc,3D,100389,mp-9586,64,104,0.0,JVASP-16167.zip,8420999,12,True,wannier90_hr.dat,52225353,True,True,True,True,JARVIS-DFT Wannier 3D materials (JVASP-5 to JVASP-28500),,JARVIS-DFT dft_3d/dft_2d
JVASP-16206,GeSb,225,Fm-3m,3D,42472,mp-9935,16,38,0.0,JVASP-16206.zip,1833057,12,True,wannier90_hr.dat,6645891,True,True,True,True,JARVIS-DFT Wannier 3D materials (JVASP-5 to JVASP-28500),,JARVIS-DFT dft_3d/dft_2d
JVASP-16219,Y3TlC,221,Pm-3m,3D,42923,mp-9960,52,62,0.0,JVASP-16219.zip,3589603,12,True,wannier90_hr.dat,16900695,True,True,True,True,JARVIS-DFT Wannier 3D materials (JVASP-5 to JVASP-28500),,JARVIS-DFT dft_3d/dft_2d
JVASP-16235,NiB2Mo2,71,Immm,3D,"43192,614823",mp-9999,52,78,0.0,JVASP-16235.zip,4853666,12,True,wannier90_hr.dat,23660948,True,True,True,True,JARVIS-DFT Wannier 3D materials (JVASP-5 to JVASP-28500),,JARVIS-DFT dft_3d/dft_2d
JVASP-16256,Ca3TlN,221,Pm-3m,3D,411448,mp-10554,50,60,0.0,JVASP-16256.zip,7960932,12,True,wannier90_hr.dat,42876799,True,True,True,True,JARVIS-DFT Wannier 3D materials (JVASP-5 to JVASP-28500),,JARVIS-DFT dft_3d/dft_2d
JVASP-16264,Y3GaC,221,Pm-3m,3D,56396,mp-10601,52,62,0.0,JVASP-16264.zip,3646739,12,True,wannier90_hr.dat,16900695,True,True,True,True,JARVIS-DFT Wannier 3D materials (JVASP-5 to JVASP-28500),,JARVIS-DFT dft_3d/dft_2d
JVASP-16265,Sm3GaC,221,Pm-3m,3D,56397,mp-10602,64,77,0.0,JVASP-16265.zip,13739327,12,True,wannier90_hr.dat,70248199,True,True,True,True,JARVIS-DFT Wannier 3D materials (JVASP-5 to JVASP-28500),,JARVIS-DFT dft_3d/dft_2d
JVASP-16266,Sm3TlC,221,Pm-3m,3D,56403,mp-10606,64,77,0.0,JVASP-16266.zip,13723529,12,True,wannier90_hr.dat,70248199,True,True,True,True,JARVIS-DFT Wannier 3D materials (JVASP-5 to JVASP-28500),,JARVIS-DFT dft_3d/dft_2d
JVASP-16288,TlSe,221,Pm-3m,3D,52446,mp-10647,16,38,0.0,JVASP-16288.zip,2166177,12,True,wannier90_hr.dat,9334955,True,True,True,True,JARVIS-DFT Wannier 3D materials (JVASP-5 to JVASP-28500),,JARVIS-DFT dft_3d/dft_2d
JVASP-16299,Sm3AlN,221,Pm-3m,3D,52640,mp-10674,62,69,0.0,JVASP-16299.zip,13216272,12,True,wannier90_hr.dat,65926399,True,True,True,True,JARVIS-DFT Wannier 3D materials (JVASP-5 to JVASP-28500),,JARVIS-DFT dft_3d/dft_2d
JVASP-16304,B2Au,191,P6/mmm,3D,52699,mp-10681,28,48,0.0,JVASP-16304.zip,3743821,12,True,wannier90_hr.dat,18936109,True,True,True,True,JARVIS-DFT Wannier 3D materials (JVASP-5 to JVASP-28500),,JARVIS-DFT dft_3d/dft_2d
JVASP-16307,CdCuSb,216,F-43m,3D,619779,mp-10685,32,48,0.0,JVASP-16307.zip,5847145,12,True,wannier90_hr.dat,27292362,True,True,True,True,JARVIS-DFT Wannier 3D materials (JVASP-5 to JVASP-28500),,JARVIS-DFT dft_3d/dft_2d
JVASP-16321,ScRh3C,221,Pm-3m,3D,77385,mp-10712,56,86,0.0,JVASP-16321.zip,9284706,12,True,wannier90_hr.dat,53784199,True,True,True,True,JARVIS-DFT Wannier 3D materials (JVASP-5 to JVASP-28500),,JARVIS-DFT dft_3d/dft_2d
JVASP-16333,Dy,229,Im-3m,3D,53358,mp-10751,16,29,0.0,JVASP-16333.zip,4484364,12,True,wannier90_hr.dat,17043605,True,True,True,True,JARVIS-DFT Wannier 3D materials (JVASP-5 to JVASP-28500),,JARVIS-DFT dft_3d/dft_2d
JVASP-16335,Er,229,Im-3m,3D,53388,mp-10753,16,27,0.0,JVASP-16335.zip,4463585,12,True,wannier90_hr.dat,17069215,True,True,True,True,JARVIS-DFT Wannier 3D materials (JVASP-5 to JVASP-28500),,JARVIS-DFT dft_3d/dft_2d
JVASP-16376,AlPt,221,Pm-3m,3D,58128,mp-10903,20,32,0.0,JVASP-16376.zip,3176795,12,True,wannier90_hr.dat,14583755,True,True,True,True,JARVIS-DFT Wannier 3D materials (JVASP-5 to JVASP-28500),,JARVIS-DFT dft_3d/dft_2d
JVASP-16377,AlPt,198,P2_13,3D,"58129,609146,609140",mp-10904,80,112,0.0,JVASP-16377.zip,17738196,12,True,wannier90_hr.dat,109761799,True,True,True,True,JARVIS-DFT Wannier 3D materials (JVASP-5 to JVASP-28500),,JARVIS-DFT dft_3d/dft_2d
JVASP-16379,ZrAlPt2,194,P6_3/mmc,3D,"58139,609167",mp-10906,88,128,0.0,JVASP-16379.zip,13891634,12,True,wannier90_hr.dat,79377100,True,True,True,True,JARVIS-DFT Wannier 3D materials (JVASP-5 to JVASP-28500),,JARVIS-DFT dft_3d/dft_2d
JVASP-16405,SmMgGa,189,P-62m,3D,413286,mp-11157,96,119,0.0,JVASP-16405.zip,15018560,12,True,wannier90_hr.dat,78797728,True,True,True,True,JARVIS-DFT Wannier 3D materials (JVASP-5 to JVASP-28500),,JARVIS-DFT dft_3d/dft_2d
JVASP-16408,LiIrF6,148,R-3,3D,"95777,165207",mp-11172,50,106,0.0,JVASP-16408.zip,2827309,12,True,wannier90_hr.dat,15625695,True,True,True,True,JARVIS-DFT Wannier 3D materials (JVASP-5 to JVASP-28500),,JARVIS-DFT dft_3d/dft_2d
JVASP-16409,K2IrF6,164,P-3m1,3D,95779,mp-11174,72,116,0.0,JVASP-16409.zip,4170248,12,True,wannier90_hr.dat,24624543,True,True,True,True,JARVIS-DFT Wannier 3D materials (JVASP-5 to JVASP-28500),,JARVIS-DFT dft_3d/dft_2d
JVASP-16418,Y6FeSb2,189,P-62m,3D,96248,mp-11202,100,122,0.0,JVASP-16418.zip,15076967,12,True,wannier90_hr.dat,85500928,True,True,True,True,JARVIS-DFT Wannier 3D materials (JVASP-5 to JVASP-28500),,JARVIS-DFT dft_3d/dft_2d
JVASP-16419,Lu6FeSb2,189,P-62m,3D,96249,mp-11203,184,186,0.0,JVASP-16419.zip,58729049,12,True,wannier90_hr.dat,289469728,True,True,True,True,JARVIS-DFT Wannier 3D materials (JVASP-5 to JVASP-28500),,JARVIS-DFT dft_3d/dft_2d
JVASP-16436,SmMg2Ag,225,Fm-3m,3D,58330,mp-11235,44,65,0.0,JVASP-16436.zip,4916121,12,True,wannier90_hr.dat,23136472,True,True,True,True,JARVIS-DFT Wannier 3D materials (JVASP-5 to JVASP-28500),,JARVIS-DFT dft_3d/dft_2d
JVASP-16438,ScAg,221,Pm-3m,3D,58348,mp-11237,24,40,0.0,JVASP-16438.zip,4048692,12,True,wannier90_hr.dat,20998955,True,True,True,True,JARVIS-DFT Wannier 3D materials (JVASP-5 to JVASP-28500),,JARVIS-DFT dft_3d/dft_2d
JVASP-16442,DyPbAu,216,F-43m,3D,58443,mp-11242,36,51,0.0,JVASP-16442.zip,7515202,12,True,wannier90_hr.dat,35059603,True,True,True,True,JARVIS-DFT Wannier 3D materials (JVASP-5 to JVASP-28500),,JARVIS-DFT dft_3d/dft_2d
JVASP-16446,LiAu3,221,Pm-3m,3D,58525,mp-11248,38,78,0.0,JVASP-16446.zip,5124942,12,True,wannier90_hr.dat,24766399,True,True,True,True,JARVIS-DFT Wannier 3D materials (JVASP-5 to JVASP-28500),,JARVIS-DFT dft_3d/dft_2d
JVASP-16450,ScAu,221,Pm-3m,3D,58582,mp-11256,24,40,0.0,JVASP-16450.zip,4279324,12,True,wannier90_hr.dat,20998955,True,True,True,True,JARVIS-DFT Wannier 3D materials (JVASP-5 to JVASP-28500),,JARVIS-DFT dft_3d/dft_2d
JVASP-16452,YAu,221,Pm-3m,3D,58617,mp-11261,24,40,0.0,JVASP-16452.zip,2312650,12,True,wannier90_hr.dat,9880199,True,True,True,True,JARVIS-DFT Wannier 3D materials (JVASP-5 to JVASP-28500),,JARVIS-DFT dft_3d/dft_2d
JVASP-16478,Li2CdPb,225,Fm-3m,3D,102016,mp-11305,24,40,0.0,JVASP-16478.zip,1815240,12,True,wannier90_hr.dat,6654032,True,True,True,True,JARVIS-DFT Wannier 3D materials (JVASP-5 to JVASP-28500),,JARVIS-DFT dft_3d/dft_2d
JVASP-16490,W,223,Pm-3n,3D,52344,mp-11334,96,112,0.0,JVASP-16490.zip,26795089,12,True,wannier90_hr.dat,158056199,True,True,True,True,JARVIS-DFT Wannier 3D materials (JVASP-5 to JVASP-28500),,JARVIS-DFT dft_3d/dft_2d
JVASP-16525,GaPt3,221,Pm-3m,3D,103922,mp-11407,44,70,0.0,JVASP-16525.zip,6386669,12,True,wannier90_hr.dat,33204199,True,True,True,True,JARVIS-DFT Wannier 3D materials (JVASP-5 to JVASP-28500),,JARVIS-DFT dft_3d/dft_2d
JVASP-16547,KHg,2,P-1,3D,104302,mp-11462,120,128,0.0,JVASP-16547.zip,27715855,12,True,wannier90_hr.dat,160561191,True,True,True,True,JARVIS-DFT Wannier 3D materials (JVASP-5 to JVASP-28500),,JARVIS-DFT dft_3d/dft_2d
JVASP-16573,LuPb3,221,Pm-3m,3D,104812,mp-11494,50,58,0.0,JVASP-16573.zip,9136795,12,True,wannier90_hr.dat,42876799,True,True,True,True,JARVIS-DFT Wannier 3D materials (JVASP-5 to JVASP-28500),,JARVIS-DFT dft_3d/dft_2d
JVASP-16583,LiAl2Ir,225,Fm-3m,3D,105155,mp-11512,30,62,0.0,JVASP-16583.zip,2506334,12,True,wannier90_hr.dat,10576252,True,True,True,True,JARVIS-DFT Wannier 3D materials (JVASP-5 to JVASP-28500),,JARVIS-DFT dft_3d/dft_2d
JVASP-16591,Ni3Sn,221,Pm-3m,3D,"105353,181127",mp-11522,44,84,0.0,JVASP-16591.zip,6262787,12,True,wannier90_hr.dat,33204199,True,True,True,True,JARVIS-DFT Wannier 3D materials (JVASP-5 to JVASP-28500),,JARVIS-DFT dft_3d/dft_2d
JVASP-16593,TlNi,194,P6_3/mmc,3D,105427,mp-11524,40,64,0.0,JVASP-16593.zip,6771271,12,True,wannier90_hr.dat,38642509,True,True,True,True,JARVIS-DFT Wannier 3D materials (JVASP-5 to JVASP-28500),,JARVIS-DFT dft_3d/dft_2d
JVASP-16604,PtO,225,Fm-3m,3D,105543,mp-11540,18,46,0.0,JVASP-16604.zip,2190660,12,True,wannier90_hr.dat,8637362,True,True,True,True,JARVIS-DFT Wannier 3D materials (JVASP-5 to JVASP-28500),,JARVIS-DFT dft_3d/dft_2d
JVASP-16605,ZrOs,221,Pm-3m,3D,105580,mp-11541,24,34,0.0,JVASP-16605.zip,4321021,12,True,wannier90_hr.dat,20998955,True,True,True,True,JARVIS-DFT Wannier 3D materials (JVASP-5 to JVASP-28500),,JARVIS-DFT dft_3d/dft_2d
JVASP-16640,TePt,166,R-3m,3D,"41370,41383",mp-11693,40,64,0.0,JVASP-16640.zip,3579419,12,True,wannier90_hr.dat,17841191,True,True,True,True,JARVIS-DFT Wannier 3D materials (JVASP-5 to JVASP-28500),,JARVIS-DFT dft_3d/dft_2d
JVASP-16648,Sc6Te2Os,189,P-62m,3D,98972,mp-11754,100,114,0.0,JVASP-16648.zip,7224579,12,True,wannier90_hr.dat,38500452,True,True,True,True,JARVIS-DFT Wannier 3D materials (JVASP-5 to JVASP-28500),,JARVIS-DFT dft_3d/dft_2d
JVASP-16662,SrSbAu,194,P6_3/mmc,3D,106292,mp-11815,64,96,0.0,JVASP-16662.zip,9858586,12,True,wannier90_hr.dat,58779116,True,True,True,True,JARVIS-DFT Wannier 3D materials (JVASP-5 to JVASP-28500),,JARVIS-DFT dft_3d/dft_2d
JVASP-16693,SmMgTl,189,P-62m,3D,414441,mp-11987,96,119,0.0,JVASP-16693.zip,14868485,12,True,wannier90_hr.dat,78797728,True,True,True,True,JARVIS-DFT Wannier 3D materials (JVASP-5 to JVASP-28500),,JARVIS-DFT dft_3d/dft_2d
JVASP-16703,DySbPd,186,P6_3mc,3D,415945,mp-12041,72,90,0.0,JVASP-16703.zip,9913203,12,True,wannier90_hr.dat,53137100,True,True,True,True,JARVIS-DFT Wannier 3D materials (JVASP-5 to JVASP-28500),,JARVIS-DFT dft_3d/dft_2d
JVASP-16728,DySi2Os2,139,I4/mmm,3D,630053,mp-12088,56,81,0.0,JVASP-16728.zip,7277526,12,True,wannier90_hr.dat,34967591,True,True,True,True,JARVIS-DFT Wannier 3D materials (JVASP-5 to JVASP-28500),,JARVIS-DFT dft_3d/dft_2d
JVASP-16738,TiPt3,221,Pm-3m,3D,649771,mp-12107,48,74,0.0,JVASP-16738.zip,7411756,12,True,wannier90_hr.dat,39515399,True,True,True,True,JARVIS-DFT Wannier 3D materials (JVASP-5 to JVASP-28500),,JARVIS-DFT dft_3d/dft_2d
JVASP-16762,Al2W,181,P6_422,3D,173662,mp-12524,84,112,0.0,JVASP-16762.zip,13210150,12,True,wannier90_hr.dat,72325100,True,True,True,True,JARVIS-DFT Wannier 3D materials (JVASP-5 to JVASP-28500),,JARVIS-DFT dft_3d/dft_2d
JVASP-16767,AlCuPt2,123,P4/mmm,3D,107788,mp-12550,44,74,0.0,JVASP-16767.zip,7809026,12,True,wannier90_hr.dat,42691096,True,True,True,True,JARVIS-DFT Wannier 3D materials (JVASP-5 to JVASP-28500),,JARVIS-DFT dft_3d/dft_2d
JVASP-16771,TaAs2,12,C2/m,3D,44069,mp-12561,56,84,0.0,JVASP-16771.zip,6016448,12,True,wannier90_hr.dat,31204270,True,True,True,True,JARVIS-DFT Wannier 3D materials (JVASP-5 to JVASP-28500),,JARVIS-DFT dft_3d/dft_2d
JVASP-16775,HfBeSi,194,P6_3/mmc,3D,108103,mp-12571,56,64,0.0,JVASP-16775.zip,9752302,12,True,wannier90_hr.dat,54097809,True,True,True,True,JARVIS-DFT Wannier 3D materials (JVASP-5 to JVASP-28500),,JARVIS-DFT dft_3d/dft_2d
JVASP-16776,CaPd3C,221,Pm-3m,3D,108128,mp-12572,56,88,0.0,JVASP-16776.zip,9273703,12,True,wannier90_hr.dat,53784199,True,True,True,True,JARVIS-DFT Wannier 3D materials (JVASP-5 to JVASP-28500),,JARVIS-DFT dft_3d/dft_2d
JVASP-16786,TaP,141,I4_1/amd,3D,108656,mp-12597,40,60,0.0,JVASP-16786.zip,3488250,12,True,wannier90_hr.dat,15761060,True,True,True,True,JARVIS-DFT Wannier 3D materials (JVASP-5 to JVASP-28500),,JARVIS-DFT dft_3d/dft_2d
JVASP-16797,TiAu4,87,I4/m,3D,"612411,109132",mp-12635,60,90,0.0,JVASP-16797.zip,10330872,12,True,wannier90_hr.dat,53101556,True,True,True,True,JARVIS-DFT Wannier 3D materials (JVASP-5 to JVASP-28500),,JARVIS-DFT dft_3d/dft_2d
JVASP-16859,ZnCu2GeTe4,121,I-42m,3D,152751,mp-12854,82,138,0.0,JVASP-16859.zip,9096183,12,True,wannier90_hr.dat,50767027,True,True,True,True,JARVIS-DFT Wannier 3D materials (JVASP-5 to JVASP-28500),,JARVIS-DFT dft_3d/dft_2d
JVASP-16868,Hf5Te4,87,I4/m,3D,154358,mp-12884,92,114,0.0,JVASP-16868.zip,5607090,12,True,wannier90_hr.dat,26661981,True,True,True,True,JARVIS-DFT Wannier 3D materials (JVASP-5 to JVASP-28500),,JARVIS-DFT dft_3d/dft_2d
JVASP-16879,ZrGaAu,187,P-6m2,3D,156264,mp-12951,64,92,0.0,JVASP-16879.zip,7911658,12,True,wannier90_hr.dat,41985100,True,True,True,True,JARVIS-DFT Wannier 3D materials (JVASP-5 to JVASP-28500),,JARVIS-DFT dft_3d/dft_2d
JVASP-16880,HfGaAu,187,P-6m2,3D,156265,mp-12952,64,96,0.0,JVASP-16880.zip,7989239,12,True,wannier90_hr.dat,41985100,True,True,True,True,JARVIS-DFT Wannier 3D materials (JVASP-5 to JVASP-28500),,JARVIS-DFT dft_3d/dft_2d
JVASP-16883,Zr6Sb2Pt,189,P-62m,3D,157366,mp-12972,100,128,0.0,JVASP-16883.zip,15120907,12,True,wannier90_hr.dat,85500928,True,True,True,True,JARVIS-DFT Wannier 3D materials (JVASP-5 to JVASP-28500),,JARVIS-DFT dft_3d/dft_2d
JVASP-16886,ScAs,221,Pm-3m,3D,"157506,164628",mp-12982,20,40,0.0,JVASP-16886.zip,1582156,12,True,wannier90_hr.dat,6861799,True,True,True,True,JARVIS-DFT Wannier 3D materials (JVASP-5 to JVASP-28500),,JARVIS-DFT dft_3d/dft_2d
JVASP-16929,BiN,221,Pm-3m,3D,,,14,30,0.0,JVASP-16929.zip,1624928,12,True,wannier90_hr.dat,7147955,True,True,True,True,JARVIS-DFT Wannier 3D materials (JVASP-5 to JVASP-28500),,JARVIS-DFT dft_3d/dft_2d
JVASP-17193,PtN,194,P6_3/mmc,3D,163863,mp-13173,36,60,0.0,JVASP-17193.zip,4183190,12,True,wannier90_hr.dat,22357809,True,True,True,True,JARVIS-DFT Wannier 3D materials (JVASP-5 to JVASP-28500),,JARVIS-DFT dft_3d/dft_2d
JVASP-17195,PtN,225,Fm-3m,3D,"163865,167865",mp-13175,18,46,0.0,JVASP-17195.zip,2155589,12,True,wannier90_hr.dat,8734592,True,True,True,True,JARVIS-DFT Wannier 3D materials (JVASP-5 to JVASP-28500),,JARVIS-DFT dft_3d/dft_2d
JVASP-17212,ErSnAu,186,P6_3mc,3D,245759,mp-13303,72,90,0.0,JVASP-17212.zip,10232346,12,True,wannier90_hr.dat,53137100,True,True,True,True,JARVIS-DFT Wannier 3D materials (JVASP-5 to JVASP-28500),,JARVIS-DFT dft_3d/dft_2d
JVASP-17216,LiGeRh2,225,Fm-3m,3D,417739,mp-13322,34,56,0.0,JVASP-17216.zip,2898851,12,True,wannier90_hr.dat,13468642,True,True,True,True,JARVIS-DFT Wannier 3D materials (JVASP-5 to JVASP-28500),,JARVIS-DFT dft_3d/dft_2d
JVASP-17265,BaIrF6,148,R-3,3D,240981,mp-13545,60,100,0.0,JVASP-17265.zip,3888171,12,True,wannier90_hr.dat,22500695,True,True,True,True,JARVIS-DFT Wannier 3D materials (JVASP-5 to JVASP-28500),,JARVIS-DFT dft_3d/dft_2d
JVASP-17278,HfSiSe,129,P4/nmm,3D,25736,mp-13962,56,84,0.0,JVASP-17278.zip,10784063,12,True,wannier90_hr.dat,63506113,True,True,True,True,JARVIS-DFT Wannier 3D materials (JVASP-5 to JVASP-28500),,JARVIS-DFT dft_3d/dft_2d
JVASP-17289,LiYGe,189,P-62m,3D,32029,mp-14209,66,108,0.0,JVASP-17289.zip,5257750,12,True,wannier90_hr.dat,28968135,True,True,True,True,JARVIS-DFT Wannier 3D materials (JVASP-5 to JVASP-28500),,JARVIS-DFT dft_3d/dft_2d
JVASP-17303,CdRhF6,148,R-3,3D,42162,mp-15638,60,116,0.0,JVASP-17303.zip,4454371,12,True,wannier90_hr.dat,22500695,True,True,True,True,JARVIS-DFT Wannier 3D materials (JVASP-5 to JVASP-28500),,JARVIS-DFT dft_3d/dft_2d
JVASP-17305,AsRu,62,Pnma,3D,"42577,611293",mp-15650,80,120,0.0,JVASP-17305.zip,11775008,12,True,wannier90_hr.dat,72001201,True,True,True,True,JARVIS-DFT Wannier 3D materials (JVASP-5 to JVASP-28500),,JARVIS-DFT dft_3d/dft_2d
JVASP-17310,Nb4C3,221,Pm-3m,3D,42758,mp-15660,72,96,0.0,JVASP-17310.zip,6005006,12,True,wannier90_hr.dat,32400695,True,True,True,True,JARVIS-DFT Wannier 3D materials (JVASP-5 to JVASP-28500),,JARVIS-DFT dft_3d/dft_2d
JVASP-17316,Li2CuAs,194,P6_3/mmc,3D,43938,mp-15686,48,108,0.0,JVASP-17316.zip,4215830,12,True,wannier90_hr.dat,22465049,True,True,True,True,JARVIS-DFT Wannier 3D materials (JVASP-5 to JVASP-28500),,JARVIS-DFT dft_3d/dft_2d
JVASP-17331,LiNdGe,189,P-62m,3D,76289,mp-15821,78,109,0.0,JVASP-17331.zip,9811294,12,True,wannier90_hr.dat,52019128,True,True,True,True,JARVIS-DFT Wannier 3D materials (JVASP-5 to JVASP-28500),,JARVIS-DFT dft_3d/dft_2d
JVASP-17362,DyRh3C,221,Pm-3m,3D,76814,mp-15856,60,91,0.0,JVASP-17362.zip,12085243,12,True,wannier90_hr.dat,61741799,True,True,True,True,JARVIS-DFT Wannier 3D materials (JVASP-5 to JVASP-28500),,JARVIS-DFT dft_3d/dft_2d
JVASP-17367,HfCu2P2,164,P-3m1,3D,"627904,53287",mp-15986,52,78,0.0,JVASP-17367.zip,7962439,12,True,wannier90_hr.dat,46645809,True,True,True,True,JARVIS-DFT Wannier 3D materials (JVASP-5 to JVASP-28500),,JARVIS-DFT dft_3d/dft_2d
JVASP-17368,Hf3Cu4Si2,189,P-62m,3D,53288,mp-15987,100,150,0.0,JVASP-17368.zip,14499737,12,True,wannier90_hr.dat,85500928,True,True,True,True,JARVIS-DFT Wannier 3D materials (JVASP-5 to JVASP-28500),,JARVIS-DFT dft_3d/dft_2d
JVASP-17375,CaSbAu,194,P6_3/mmc,3D,52662,mp-16245,64,104,0.026,JVASP-17375.zip,4957393,12,True,wannier90_hr.dat,25191085,True,True,True,True,JARVIS-DFT Wannier 3D materials (JVASP-5 to JVASP-28500),,JARVIS-DFT dft_3d/dft_2d
JVASP-17376,CdSbAu,216,F-43m,3D,52663,mp-16246,32,62,0.0,JVASP-17376.zip,3026943,12,True,wannier90_hr.dat,11930842,True,True,True,True,JARVIS-DFT Wannier 3D materials (JVASP-5 to JVASP-28500),,JARVIS-DFT dft_3d/dft_2d
JVASP-17400,Li2HgGe,225,Fm-3m,3D,53646,mp-16341,30,50,0.0,JVASP-17400.zip,2430612,12,True,wannier90_hr.dat,10756272,True,True,True,True,JARVIS-DFT Wannier 3D materials (JVASP-5 to JVASP-28500),,JARVIS-DFT dft_3d/dft_2d
JVASP-17409,Zr2CuSb3,115,P-4m2,3D,93242,mp-16421,60,90,0.0,JVASP-17409.zip,11763402,12,True,wannier90_hr.dat,72902113,True,True,True,True,JARVIS-DFT Wannier 3D materials (JVASP-5 to JVASP-28500),,JARVIS-DFT dft_3d/dft_2d
JVASP-17414,TiAlAu2,225,Fm-3m,3D,57507,mp-16482,44,66,0.0,JVASP-17414.zip,4616482,12,True,wannier90_hr.dat,22555642,True,True,True,True,JARVIS-DFT Wannier 3D materials (JVASP-5 to JVASP-28500),,JARVIS-DFT dft_3d/dft_2d
JVASP-17430,ZnCu2SnSe4,121,I-42m,3D,"629097,629099,95117",mp-16564,82,146,0.0,JVASP-17430.zip,6560551,12,True,wannier90_hr.dat,33956773,True,True,True,True,JARVIS-DFT Wannier 3D materials (JVASP-5 to JVASP-28500),,JARVIS-DFT dft_3d/dft_2d
JVASP-17435,SmMgPt,189,P-62m,3D,412102,mp-16645,108,141,0.0,JVASP-17435.zip,7905796,12,True,wannier90_hr.dat,36741981,True,True,True,True,JARVIS-DFT Wannier 3D materials (JVASP-5 to JVASP-28500),,JARVIS-DFT dft_3d/dft_2d
JVASP-17452,Zr2Te2P,166,R-3m,3D,420650,mp-16765,48,64,0.0,JVASP-17452.zip,4790539,12,True,wannier90_hr.dat,25690791,True,True,True,True,JARVIS-DFT Wannier 3D materials (JVASP-5 to JVASP-28500),,JARVIS-DFT dft_3d/dft_2d
JVASP-17488,YInPt,189,P-62m,3D,"59504,415509",mp-19740,96,122,0.0,JVASP-17488.zip,13949556,12,True,wannier90_hr.dat,78797728,True,True,True,True,JARVIS-DFT Wannier 3D materials (JVASP-5 to JVASP-28500),,JARVIS-DFT dft_3d/dft_2d
JVASP-17506,Nd3PbN,221,Pm-3m,3D,76397,mp-19778,62,69,0.0,JVASP-17506.zip,14113355,12,True,wannier90_hr.dat,65926399,True,True,True,True,JARVIS-DFT Wannier 3D materials (JVASP-5 to JVASP-28500),,JARVIS-DFT dft_3d/dft_2d
JVASP-17521,Tb3TlC,221,Pm-3m,3D,77467,mp-19836,64,86,0.0,JVASP-17521.zip,14390653,12,True,wannier90_hr.dat,70248199,True,True,True,True,JARVIS-DFT Wannier 3D materials (JVASP-5 to JVASP-28500),,JARVIS-DFT dft_3d/dft_2d
JVASP-17535,ThAs,221,Pm-3m,3D,"44072,611489,611485",mp-19868,20,40,0.0,JVASP-17535.zip,3347234,12,True,wannier90_hr.dat,14583755,True,True,True,True,JARVIS-DFT Wannier 3D materials (JVASP-5 to JVASP-28500),,JARVIS-DFT dft_3d/dft_2d
JVASP-17537,PbAu2,227,Fd-3m,3D,56261,mp-19871,64,108,0.0,JVASP-17537.zip,8798914,12,True,wannier90_hr.dat,47310032,True,True,True,True,JARVIS-DFT Wannier 3D materials (JVASP-5 to JVASP-28500),,JARVIS-DFT dft_3d/dft_2d
JVASP-17541,Dy3InC,221,Pm-3m,3D,56400,mp-19881,64,77,0.0,JVASP-17541.zip,14691995,12,True,wannier90_hr.dat,70248199,True,True,True,True,JARVIS-DFT Wannier 3D materials (JVASP-5 to JVASP-28500),,JARVIS-DFT dft_3d/dft_2d
JVASP-17542,ThPb,123,P4/mmm,3D,"648628,105631",mp-19889,40,60,0.0,JVASP-17542.zip,6810292,12,True,wannier90_hr.dat,35282296,True,True,True,True,JARVIS-DFT Wannier 3D materials (JVASP-5 to JVASP-28500),,JARVIS-DFT dft_3d/dft_2d
JVASP-17543,NiSb2,58,Pnnm,3D,"41728,42724,42117,646411,646414,76121",mp-19895,56,100,0.0,JVASP-17543.zip,8505059,12,True,wannier90_hr.dat,49393657,True,True,True,True,JARVIS-DFT Wannier 3D materials (JVASP-5 to JVASP-28500),,JARVIS-DFT dft_3d/dft_2d
JVASP-17551,ZrSiTe,129,P4/nmm,3D,"652388,74522,15572,25734",mp-19917,56,80,0.0,JVASP-17551.zip,4451267,12,True,wannier90_hr.dat,23050406,True,True,True,True,JARVIS-DFT Wannier 3D materials (JVASP-5 to JVASP-28500),,JARVIS-DFT dft_3d/dft_2d
JVASP-17559,YCuSb2,129,P4/nmm,3D,153572,mp-19943,80,116,0.0,JVASP-17559.zip,19648816,12,True,wannier90_hr.dat,129602113,True,True,True,True,JARVIS-DFT Wannier 3D materials (JVASP-5 to JVASP-28500),,JARVIS-DFT dft_3d/dft_2d
JVASP-17560,Sr3PbO,221,Pm-3m,3D,100790,mp-19944,50,60,0.0,JVASP-17560.zip,3296375,12,True,wannier90_hr.dat,15625695,True,True,True,True,JARVIS-DFT Wannier 3D materials (JVASP-5 to JVASP-28500),,JARVIS-DFT dft_3d/dft_2d
JVASP-17592,GePt2,189,P-62m,3D,"637640,76141",mp-20061,96,146,0.0,JVASP-17592.zip,14076880,12,True,wannier90_hr.dat,78797728,True,True,True,True,JARVIS-DFT Wannier 3D materials (JVASP-5 to JVASP-28500),,JARVIS-DFT dft_3d/dft_2d
JVASP-17598,Pt3PbC,221,Pm-3m,3D,77234,mp-20097,52,86,0.0,JVASP-17598.zip,8131014,12,True,wannier90_hr.dat,46375399,True,True,True,True,JARVIS-DFT Wannier 3D materials (JVASP-5 to JVASP-28500),,JARVIS-DFT dft_3d/dft_2d
JVASP-17609,BaPb,63,Cmcm,3D,"58664,616019",mp-20136,40,60,0.0,JVASP-17609.zip,3526092,12,True,wannier90_hr.dat,17361161,True,True,True,True,JARVIS-DFT Wannier 3D materials (JVASP-5 to JVASP-28500),,JARVIS-DFT dft_3d/dft_2d
JVASP-17653,LiIn2Pt,225,Fm-3m,3D,106804,mp-20265,30,58,0.0,JVASP-17653.zip,2477281,12,True,wannier90_hr.dat,10486242,True,True,True,True,JARVIS-DFT Wannier 3D materials (JVASP-5 to JVASP-28500),,JARVIS-DFT dft_3d/dft_2d
JVASP-17656,Ca3PbO,221,Pm-3m,3D,100789,mp-20273,50,60,0.0,JVASP-17656.zip,3157361,12,True,wannier90_hr.dat,15625695,True,True,True,True,JARVIS-DFT Wannier 3D materials (JVASP-5 to JVASP-28500),,JARVIS-DFT dft_3d/dft_2d
JVASP-17695,Na2CdPb,216,F-43m,3D,102033,mp-20389,36,48,0.0,JVASP-17695.zip,3678708,12,True,wannier90_hr.dat,15358862,True,True,True,True,JARVIS-DFT Wannier 3D materials (JVASP-5 to JVASP-28500),,JARVIS-DFT dft_3d/dft_2d
JVASP-17706,Er3PbC,221,Pm-3m,3D,76822,mp-20430,64,71,0.0,JVASP-17706.zip,14909801,12,True,wannier90_hr.dat,70248199,True,True,True,True,JARVIS-DFT Wannier 3D materials (JVASP-5 to JVASP-28500),,JARVIS-DFT dft_3d/dft_2d
JVASP-17712,SnPt3C,221,Pm-3m,3D,108179,mp-20446,52,86,0.0,JVASP-17712.zip,8399005,12,True,wannier90_hr.dat,46375399,True,True,True,True,JARVIS-DFT Wannier 3D materials (JVASP-5 to JVASP-28500),,JARVIS-DFT dft_3d/dft_2d
JVASP-17726,LaInCu2,225,Fm-3m,3D,"102988,600452,106404,102989,621369",mp-20491,58,66,0.0,JVASP-17726.zip,7481329,12,True,wannier90_hr.dat,40201072,True,True,True,True,JARVIS-DFT Wannier 3D materials (JVASP-5 to JVASP-28500),,JARVIS-DFT dft_3d/dft_2d
JVASP-17733,ScInPt2,225,Fm-3m,3D,59502,mp-20521,44,62,0.0,JVASP-17733.zip,4594976,12,True,wannier90_hr.dat,22362032,True,True,True,True,JARVIS-DFT Wannier 3D materials (JVASP-5 to JVASP-28500),,JARVIS-DFT dft_3d/dft_2d
JVASP-17747,CaPb3,221,Pm-3m,3D,"108201,619485,619486,58919",mp-20549,36,58,0.0,JVASP-17747.zip,4180556,12,True,wannier90_hr.dat,22228199,True,True,True,True,JARVIS-DFT Wannier 3D materials (JVASP-5 to JVASP-28500),,JARVIS-DFT dft_3d/dft_2d
JVASP-17752,NaPb3,221,Pm-3m,3D,"644932,105157",mp-20555,32,60,0.0,JVASP-17752.zip,3543932,12,True,wannier90_hr.dat,17563399,True,True,True,True,JARVIS-DFT Wannier 3D materials (JVASP-5 to JVASP-28500),,JARVIS-DFT dft_3d/dft_2d
JVASP-17767,La3InB,221,Pm-3m,3D,107021,mp-20590,94,94,0.0,JVASP-17767.zip,31317832,12,True,wannier90_hr.dat,151539199,True,True,True,True,JARVIS-DFT Wannier 3D materials (JVASP-5 to JVASP-28500),,JARVIS-DFT dft_3d/dft_2d
JVASP-17770,PdPb2,140,I4/mcm,3D,"102803,105590",mp-20599,56,88,0.0,JVASP-17770.zip,6520701,12,True,wannier90_hr.dat,34967591,True,True,True,True,JARVIS-DFT Wannier 3D materials (JVASP-5 to JVASP-28500),,JARVIS-DFT dft_3d/dft_2d
JVASP-17771,NdPb3,221,Pm-3m,3D,"105272,645697",mp-20601,40,61,0.0,JVASP-17771.zip,5992642,12,True,wannier90_hr.dat,27441799,True,True,True,True,JARVIS-DFT Wannier 3D materials (JVASP-5 to JVASP-28500),,JARVIS-DFT dft_3d/dft_2d
JVASP-17807,Mg2Pb,225,Fm-3m,3D,"151361,150955,104846,409428,166350,642745,151387",mp-20724,24,42,0.0,JVASP-17807.zip,3261672,12,True,wannier90_hr.dat,15353162,True,True,True,True,JARVIS-DFT Wannier 3D materials (JVASP-5 to JVASP-28500),,JARVIS-DFT dft_3d/dft_2d
JVASP-17815,Pb,194,P6_3/mmc,3D,"77864,54313,648350",mp-20745,16,28,0.0,JVASP-17815.zip,1813858,12,True,wannier90_hr.dat,7619076,True,True,True,True,JARVIS-DFT Wannier 3D materials (JVASP-5 to JVASP-28500),,JARVIS-DFT dft_3d/dft_2d
JVASP-17845,Pt3Pb,221,Pm-3m,3D,"105603,648399",mp-20828,44,86,0.0,JVASP-17845.zip,6438826,12,True,wannier90_hr.dat,33204199,True,True,True,True,JARVIS-DFT Wannier 3D materials (JVASP-5 to JVASP-28500),,JARVIS-DFT dft_3d/dft_2d
JVASP-17852,Pd3Pb,221,Pm-3m,3D,"42600,648357,648358",mp-20849,44,86,0.0,JVASP-17852.zip,6241670,12,True,wannier90_hr.dat,33204199,True,True,True,True,JARVIS-DFT Wannier 3D materials (JVASP-5 to JVASP-28500),,JARVIS-DFT dft_3d/dft_2d
JVASP-17880,Dy3GaC,221,Pm-3m,3D,76812,mp-20922,64,77,0.0,JVASP-17880.zip,15142376,12,True,wannier90_hr.dat,70248199,True,True,True,True,JARVIS-DFT Wannier 3D materials (JVASP-5 to JVASP-28500),,JARVIS-DFT dft_3d/dft_2d
JVASP-17886,TePb,221,Pm-3m,3D,"77882,648602",mp-20943,16,38,0.0,JVASP-17886.zip,2135364,12,True,wannier90_hr.dat,9334955,True,True,True,True,JARVIS-DFT Wannier 3D materials (JVASP-5 to JVASP-28500),,JARVIS-DFT dft_3d/dft_2d
JVASP-17890,Tb3PbC,221,Pm-3m,3D,77237,mp-20963,64,86,0.0,JVASP-17890.zip,13930379,12,True,wannier90_hr.dat,70248199,True,True,True,True,JARVIS-DFT Wannier 3D materials (JVASP-5 to JVASP-28500),,JARVIS-DFT dft_3d/dft_2d
JVASP-17920,YGe2Ru2,139,I4/mmm,3D,"637769,52766",mp-21001,52,72,0.0,JVASP-17920.zip,5457977,12,True,wannier90_hr.dat,30150791,True,True,True,True,JARVIS-DFT Wannier 3D materials (JVASP-5 to JVASP-28500),,JARVIS-DFT dft_3d/dft_2d
JVASP-17933,Er3TlC,221,Pm-3m,3D,76824,mp-21028,64,71,0.0,JVASP-17933.zip,14476409,12,True,wannier90_hr.dat,70248199,True,True,True,True,JARVIS-DFT Wannier 3D materials (JVASP-5 to JVASP-28500),,JARVIS-DFT dft_3d/dft_2d
JVASP-17936,Pd3PbC,221,Pm-3m,3D,108178,mp-21031,52,86,0.0,JVASP-17936.zip,3462818,12,True,wannier90_hr.dat,16900695,True,True,True,True,JARVIS-DFT Wannier 3D materials (JVASP-5 to JVASP-28500),,JARVIS-DFT dft_3d/dft_2d
JVASP-17941,PbS,221,Pm-3m,3D,77865,mp-21039,14,36,0.0,JVASP-17941.zip,1687195,12,True,wannier90_hr.dat,7147955,True,True,True,True,JARVIS-DFT Wannier 3D materials (JVASP-5 to JVASP-28500),,JARVIS-DFT dft_3d/dft_2d
JVASP-18005,InSb,225,Fm-3m,3D,156995,mp-21210,32,60,0.0,JVASP-18005.zip,4451443,12,True,wannier90_hr.dat,24015238,True,True,True,True,JARVIS-DFT Wannier 3D materials (JVASP-5 to JVASP-28500),,JARVIS-DFT dft_3d/dft_2d
JVASP-18007,PbSe,221,Pm-3m,3D,77870,mp-21214,16,38,0.0,JVASP-18007.zip,2016511,12,True,wannier90_hr.dat,9334955,True,True,True,True,JARVIS-DFT Wannier 3D materials (JVASP-5 to JVASP-28500),,JARVIS-DFT dft_3d/dft_2d
JVASP-18015,Ti3InN,221,Pm-3m,3D,42929,mp-21233,50,66,0.03,JVASP-18015.zip,7585352,12,True,wannier90_hr.dat,42876799,True,True,True,True,JARVIS-DFT Wannier 3D materials (JVASP-5 to JVASP-28500),,JARVIS-DFT dft_3d/dft_2d
JVASP-18042,PtPb2,140,I4/mcm,3D,54316,mp-21318,56,88,0.0,JVASP-18042.zip,6554762,12,True,wannier90_hr.dat,34967591,True,True,True,True,JARVIS-DFT Wannier 3D materials (JVASP-5 to JVASP-28500),,JARVIS-DFT dft_3d/dft_2d
JVASP-18065,PtPb,194,P6_3/mmc,3D,648398,mp-21380,40,60,0.0,JVASP-18065.zip,5267208,12,True,wannier90_hr.dat,27601809,True,True,True,True,JARVIS-DFT Wannier 3D materials (JVASP-5 to JVASP-28500),,JARVIS-DFT dft_3d/dft_2d
JVASP-18066,ThPb3,221,Pm-3m,3D,"105632,105633,648626,648629",mp-21381,36,58,0.0,JVASP-18066.zip,4666351,12,True,wannier90_hr.dat,22228199,True,True,True,True,JARVIS-DFT Wannier 3D materials (JVASP-5 to JVASP-28500),,JARVIS-DFT dft_3d/dft_2d
JVASP-18118,YMgIn,189,P-62m,3D,160910,mp-21503,84,96,0.0,JVASP-18118.zip,9014482,12,True,wannier90_hr.dat,46923135,True,True,True,True,JARVIS-DFT Wannier 3D materials (JVASP-5 to JVASP-28500),,JARVIS-DFT dft_3d/dft_2d
JVASP-18119,YAgPb,189,P-62m,3D,107275,mp-21505,96,138,0.0,JVASP-18119.zip,13414092,12,True,wannier90_hr.dat,78797728,True,True,True,True,JARVIS-DFT Wannier 3D materials (JVASP-5 to JVASP-28500),,JARVIS-DFT dft_3d/dft_2d
JVASP-18133,VGaFe2,225,Fm-3m,3D,"103473,103474,631850",mp-21883,44,68,0.0,JVASP-18133.zip,4623265,12,True,wannier90_hr.dat,22362032,True,True,True,True,JARVIS-DFT Wannier 3D materials (JVASP-5 to JVASP-28500),,JARVIS-DFT dft_3d/dft_2d
JVASP-18138,NbSiAs,129,P4/nmm,3D,16320,mp-21907,56,84,0.0,JVASP-18138.zip,10662930,12,True,wannier90_hr.dat,63506113,True,True,True,True,JARVIS-DFT Wannier 3D materials (JVASP-5 to JVASP-28500),,JARVIS-DFT dft_3d/dft_2d
JVASP-18149,Nb3Pb,223,Pm-3n,3D,"645180,105188,105189",mp-22068,88,104,0.0,JVASP-18149.zip,22059239,12,True,wannier90_hr.dat,132811399,True,True,True,True,JARVIS-DFT Wannier 3D materials (JVASP-5 to JVASP-28500),,JARVIS-DFT dft_3d/dft_2d
JVASP-18163,In2Au,225,Fm-3m,3D,"612033,612012,612023,58489,58490,612029",mp-22154,28,44,0.0,JVASP-18163.zip,4072933,12,True,wannier90_hr.dat,20896362,True,True,True,True,JARVIS-DFT Wannier 3D materials (JVASP-5 to JVASP-28500),,JARVIS-DFT dft_3d/dft_2d
JVASP-18176,Rb2RhF6,164,P-3m1,3D,28780,mp-22214,72,110,0.0,JVASP-18176.zip,4097257,12,True,wannier90_hr.dat,24624543,True,True,True,True,JARVIS-DFT Wannier 3D materials (JVASP-5 to JVASP-28500),,JARVIS-DFT dft_3d/dft_2d
JVASP-18208,TbInAg2,225,Fm-3m,3D,"56987,58301",mp-22382,48,86,0.0,JVASP-18208.zip,5481508,12,True,wannier90_hr.dat,27073252,True,True,True,True,JARVIS-DFT Wannier 3D materials (JVASP-5 to JVASP-28500),,JARVIS-DFT dft_3d/dft_2d
JVASP-18228,YInAu2,225,Fm-3m,3D,"612080,58514,612079",mp-22493,44,62,0.0,JVASP-18228.zip,4543031,12,True,wannier90_hr.dat,22362032,True,True,True,True,JARVIS-DFT Wannier 3D materials (JVASP-5 to JVASP-28500),,JARVIS-DFT dft_3d/dft_2d
JVASP-18234,Dy3TlC,221,Pm-3m,3D,76815,mp-22513,64,77,0.0,JVASP-18234.zip,14585388,12,True,wannier90_hr.dat,70248199,True,True,True,True,JARVIS-DFT Wannier 3D materials (JVASP-5 to JVASP-28500),,JARVIS-DFT dft_3d/dft_2d
JVASP-18251,Ni3Pb2S2,166,R-3m,3D,"417632,24176,654946,108895,159359",mp-22596,64,126,0.0,JVASP-18251.zip,5235563,12,True,wannier90_hr.dat,25600695,True,True,True,True,JARVIS-DFT Wannier 3D materials (JVASP-5 to JVASP-28500),,JARVIS-DFT dft_3d/dft_2d
JVASP-18252,CaIn2Au,63,Cmcm,3D,408882,mp-22602,80,104,0.0,JVASP-18252.zip,10767593,12,True,wannier90_hr.dat,62401049,True,True,True,True,JARVIS-DFT Wannier 3D materials (JVASP-5 to JVASP-28500),,JARVIS-DFT dft_3d/dft_2d
JVASP-18299,TiNiSn,216,F-43m,3D,"54259,657175",mp-22782,32,58,0.0,JVASP-18299.zip,5429231,12,True,wannier90_hr.dat,27189952,True,True,True,True,JARVIS-DFT Wannier 3D materials (JVASP-5 to JVASP-28500),,JARVIS-DFT dft_3d/dft_2d
JVASP-18311,SmBi,225,Fm-3m,3D,"44129,617131,108125,617126",mp-22873,24,45,0.0,JVASP-18311.zip,3702515,12,True,wannier90_hr.dat,15583603,True,True,True,True,JARVIS-DFT Wannier 3D materials (JVASP-5 to JVASP-28500),,JARVIS-DFT dft_3d/dft_2d
JVASP-18315,LiBi,123,P4/mmm,3D,"616780,58796",mp-22902,10,30,0.0,JVASP-18315.zip,1085402,12,True,wannier90_hr.dat,3648755,True,True,True,True,JARVIS-DFT Wannier 3D materials (JVASP-5 to JVASP-28500),,JARVIS-DFT dft_3d/dft_2d
JVASP-18316,DyBi,225,Fm-3m,3D,"616632,58778,616629",mp-22907,24,45,0.0,JVASP-18316.zip,4024463,12,True,wannier90_hr.dat,15295552,True,True,True,True,JARVIS-DFT Wannier 3D materials (JVASP-5 to JVASP-28500),,JARVIS-DFT dft_3d/dft_2d
JVASP-18322,NaBi,123,P4/mmm,3D,"58816,616837",mp-22924,16,42,0.0,JVASP-18322.zip,1770764,12,True,wannier90_hr.dat,7260534,True,True,True,True,JARVIS-DFT Wannier 3D materials (JVASP-5 to JVASP-28500),,JARVIS-DFT dft_3d/dft_2d
JVASP-18338,Bi,166,R-3m,3D,"64704,64705,53797,246663,616519,616526,616527,64703",mp-23152,16,32,0.0,JVASP-18338.zip,1846814,12,True,wannier90_hr.dat,6645891,True,True,True,True,JARVIS-DFT Wannier 3D materials (JVASP-5 to JVASP-28500),,JARVIS-DFT dft_3d/dft_2d
JVASP-18340,SrBi3,221,Pm-3m,3D,"58858,617156",mp-23159,36,56,0.0,JVASP-18340.zip,4215569,12,True,wannier90_hr.dat,22228199,True,True,True,True,JARVIS-DFT Wannier 3D materials (JVASP-5 to JVASP-28500),,JARVIS-DFT dft_3d/dft_2d
JVASP-18345,BaBi3,221,Pm-3m,3D,"58634,615782",mp-23201,36,56,0.0,JVASP-18345.zip,4217543,12,True,wannier90_hr.dat,22228199,True,True,True,True,JARVIS-DFT Wannier 3D materials (JVASP-5 to JVASP-28500),,JARVIS-DFT dft_3d/dft_2d
JVASP-18353,ErBi,225,Fm-3m,3D,"656440,616641,58781",mp-23245,24,43,0.0,JVASP-18353.zip,4006360,12,True,wannier90_hr.dat,15353162,True,True,True,True,JARVIS-DFT Wannier 3D materials (JVASP-5 to JVASP-28500),,JARVIS-DFT dft_3d/dft_2d
JVASP-18364,InBi,129,P4/nmm,3D,"616705,616707,150595,1252,1253,1254,1255,602728,602739,602738,1251,602740,106325,107640,107641,107642,58790,616703",mp-23313,32,60,0.0,JVASP-18364.zip,3556256,12,True,wannier90_hr.dat,17563399,True,True,True,True,JARVIS-DFT Wannier 3D materials (JVASP-5 to JVASP-28500),,JARVIS-DFT dft_3d/dft_2d
JVASP-18373,HBr,225,Fm-3m,3D,"28841,63670",mp-23903,10,32,0.0,JVASP-18373.zip,955816,12,True,wannier90_hr.dat,2667762,True,True,True,True,JARVIS-DFT Wannier 3D materials (JVASP-5 to JVASP-28500),,JARVIS-DFT dft_3d/dft_2d
JVASP-18426,AlCl3,164,P-3m1,3D,155670,mp-25470,26,58,0.0,JVASP-18426.zip,2223270,12,True,wannier90_hr.dat,11662809,True,True,True,True,JARVIS-DFT Wannier 3D materials (JVASP-5 to JVASP-28500),,JARVIS-DFT dft_3d/dft_2d
JVASP-18469,Na3Bi,194,P6_3/mmc,3D,26881,mp-27838,64,84,0.0,JVASP-18469.zip,4819610,12,True,wannier90_hr.dat,23962254,True,True,True,True,JARVIS-DFT Wannier 3D materials (JVASP-5 to JVASP-28500),,JARVIS-DFT dft_3d/dft_2d
JVASP-18483,P2Rh3,115,P-4m2,3D,35626,mp-28056,52,78,0.0,JVASP-18483.zip,9143378,12,True,wannier90_hr.dat,54758113,True,True,True,True,JARVIS-DFT Wannier 3D materials (JVASP-5 to JVASP-28500),,JARVIS-DFT dft_3d/dft_2d
JVASP-18487,Bi4Te3,166,R-3m,3D,30526,mp-28229,56,96,0.034,JVASP-18487.zip,6248215,12,True,wannier90_hr.dat,34967591,True,True,True,True,JARVIS-DFT Wannier 3D materials (JVASP-5 to JVASP-28500),,JARVIS-DFT dft_3d/dft_2d
JVASP-18521,Ca3SnO,221,Pm-3m,3D,"100787,181084,181085",mp-29241,50,60,0.0,JVASP-18521.zip,3020937,12,True,wannier90_hr.dat,15625695,True,True,True,True,JARVIS-DFT Wannier 3D materials (JVASP-5 to JVASP-28500),,JARVIS-DFT dft_3d/dft_2d
JVASP-18522,Ba3PbO,221,Pm-3m,3D,100791,mp-29242,50,60,0.0,JVASP-18522.zip,3409082,12,True,wannier90_hr.dat,15625695,True,True,True,True,JARVIS-DFT Wannier 3D materials (JVASP-5 to JVASP-28500),,JARVIS-DFT dft_3d/dft_2d
JVASP-18539,Sb3Au,229,Im-3m,3D,43504,mp-29665,36,64,0.0,JVASP-18539.zip,3102824,12,True,wannier90_hr.dat,14581201,True,True,True,True,JARVIS-DFT Wannier 3D materials (JVASP-5 to JVASP-28500),,JARVIS-DFT dft_3d/dft_2d
JVASP-18542,Dy3AlC,221,Pm-3m,3D,43848,mp-29676,64,71,0.0,JVASP-18542.zip,14793119,12,True,wannier90_hr.dat,70248199,True,True,True,True,JARVIS-DFT Wannier 3D materials (JVASP-5 to JVASP-28500),,JARVIS-DFT dft_3d/dft_2d
JVASP-18560,YSi2Rh3,191,P6/mmm,3D,52080,mp-30028,64,86,0.0,JVASP-18560.zip,11875266,12,True,wannier90_hr.dat,71886640,True,True,True,True,JARVIS-DFT Wannier 3D materials (JVASP-5 to JVASP-28500),,JARVIS-DFT dft_3d/dft_2d
JVASP-18599,BaAu5,191,P6/mmm,3D,58395,mp-30364,72,120,0.0,JVASP-18599.zip,16608398,12,True,wannier90_hr.dat,95646731,True,True,True,True,JARVIS-DFT Wannier 3D materials (JVASP-5 to JVASP-28500),,JARVIS-DFT dft_3d/dft_2d
JVASP-18600,BeAu,198,P2_13,3D,58396,mp-30365,80,120,0.0,JVASP-18600.zip,17227049,12,True,wannier90_hr.dat,109761799,True,True,True,True,JARVIS-DFT Wannier 3D materials (JVASP-5 to JVASP-28500),,JARVIS-DFT dft_3d/dft_2d
JVASP-18603,ErInAu2,225,Fm-3m,3D,58449,mp-30376,48,65,0.0,JVASP-18603.zip,5801199,12,True,wannier90_hr.dat,27303662,True,True,True,True,JARVIS-DFT Wannier 3D materials (JVASP-5 to JVASP-28500),,JARVIS-DFT dft_3d/dft_2d
JVASP-18604,ErPbAu,216,F-43m,3D,58450,mp-30377,36,49,0.0,JVASP-18604.zip,7191291,12,True,wannier90_hr.dat,34411552,True,True,True,True,JARVIS-DFT Wannier 3D materials (JVASP-5 to JVASP-28500),,JARVIS-DFT dft_3d/dft_2d
JVASP-18606,Li2GaAu,216,F-43m,3D,58461,mp-30381,24,50,0.0,JVASP-18606.zip,1873568,12,True,wannier90_hr.dat,6711642,True,True,True,True,JARVIS-DFT Wannier 3D materials (JVASP-5 to JVASP-28500),,JARVIS-DFT dft_3d/dft_2d
JVASP-18612,Li2InAu,216,F-43m,3D,58497,mp-30392,24,58,0.0,JVASP-18612.zip,1887613,12,True,wannier90_hr.dat,6711642,True,True,True,True,JARVIS-DFT Wannier 3D materials (JVASP-5 to JVASP-28500),,JARVIS-DFT dft_3d/dft_2d
JVASP-18613,LuInAu2,225,Fm-3m,3D,58498,mp-30393,58,62,0.0,JVASP-18613.zip,7787966,12,True,wannier90_hr.dat,38855432,True,True,True,True,JARVIS-DFT Wannier 3D materials (JVASP-5 to JVASP-28500),,JARVIS-DFT dft_3d/dft_2d
JVASP-18629,BaTl2,194,P6_3/mmc,3D,58681,mp-30434,56,72,0.0,JVASP-18629.zip,5789027,12,True,wannier90_hr.dat,30577049,True,True,True,True,JARVIS-DFT Wannier 3D materials (JVASP-5 to JVASP-28500),,JARVIS-DFT dft_3d/dft_2d
JVASP-18632,SrCuBi,194,P6_3/mmc,3D,58777,mp-30451,64,92,0.001,JVASP-18632.zip,4735239,12,True,wannier90_hr.dat,23962254,True,True,True,True,JARVIS-DFT Wannier 3D materials (JVASP-5 to JVASP-28500),,JARVIS-DFT dft_3d/dft_2d
JVASP-18639,ThBi,221,Pm-3m,3D,58860,mp-30468,20,40,0.0,JVASP-18639.zip,3304875,12,True,wannier90_hr.dat,14583755,True,True,True,True,JARVIS-DFT Wannier 3D materials (JVASP-5 to JVASP-28500),,JARVIS-DFT dft_3d/dft_2d
JVASP-18650,Na2CdSn,194,P6_3/mmc,3D,102034,mp-30492,72,80,0.0,JVASP-18650.zip,6496890,12,True,wannier90_hr.dat,31882285,True,True,True,True,JARVIS-DFT Wannier 3D materials (JVASP-5 to JVASP-28500),,JARVIS-DFT dft_3d/dft_2d
JVASP-18688,CuSnRh2,225,Fm-3m,3D,103092,mp-30595,44,68,0.0,JVASP-18688.zip,4427303,12,True,wannier90_hr.dat,22555642,True,True,True,True,JARVIS-DFT Wannier 3D materials (JVASP-5 to JVASP-28500),,JARVIS-DFT dft_3d/dft_2d
JVASP-18703,LiMg2Ga,225,Fm-3m,3D,103782,mp-30648,26,40,0.0,JVASP-18703.zip,1870474,12,True,wannier90_hr.dat,7809032,True,True,True,True,JARVIS-DFT Wannier 3D materials (JVASP-5 to JVASP-28500),,JARVIS-DFT dft_3d/dft_2d
JVASP-18735,Li2MgPb,225,Fm-3m,3D,"174025,104746",mp-30758,20,44,0.0,JVASP-18735.zip,1400471,12,True,wannier90_hr.dat,4621232,True,True,True,True,JARVIS-DFT Wannier 3D materials (JVASP-5 to JVASP-28500),,JARVIS-DFT dft_3d/dft_2d
JVASP-18737,Li3Pb,225,Fm-3m,3D,104764,mp-30760,14,48,0.0,JVASP-18737.zip,874208,12,True,wannier90_hr.dat,2480743,True,True,True,True,JARVIS-DFT Wannier 3D materials (JVASP-5 to JVASP-28500),,JARVIS-DFT dft_3d/dft_2d
JVASP-18738,Li7Pb2,164,P-3m1,3D,104765,mp-30761,30,78,0.0,JVASP-18738.zip,2141364,12,True,wannier90_hr.dat,8776049,True,True,True,True,JARVIS-DFT Wannier 3D materials (JVASP-5 to JVASP-28500),,JARVIS-DFT dft_3d/dft_2d
JVASP-18740,LiPt2,227,Fd-3m,3D,104778,mp-30764,52,92,0.0,JVASP-18740.zip,6488297,12,True,wannier90_hr.dat,32314072,True,True,True,True,JARVIS-DFT Wannier 3D materials (JVASP-5 to JVASP-28500),,JARVIS-DFT dft_3d/dft_2d
JVASP-18767,Li2AlRh,216,F-43m,3D,105508,mp-30820,24,62,0.0,JVASP-18767.zip,1894672,12,True,wannier90_hr.dat,6711642,True,True,True,True,JARVIS-DFT Wannier 3D materials (JVASP-5 to JVASP-28500),,JARVIS-DFT dft_3d/dft_2d
JVASP-18771,V3Pb,223,Pm-3n,3D,105639,mp-30830,88,104,0.0,JVASP-18771.zip,21227171,12,True,wannier90_hr.dat,132811399,True,True,True,True,JARVIS-DFT Wannier 3D materials (JVASP-5 to JVASP-28500),,JARVIS-DFT dft_3d/dft_2d
JVASP-18777,ScSnPt2,225,Fm-3m,3D,105788,mp-30844,44,62,0.0,JVASP-18777.zip,4549652,12,True,wannier90_hr.dat,22555642,True,True,True,True,JARVIS-DFT Wannier 3D materials (JVASP-5 to JVASP-28500),,JARVIS-DFT dft_3d/dft_2d
JVASP-18778,SmPt3,221,Pm-3m,3D,105790,mp-30845,52,77,0.0,JVASP-18778.zip,9827994,12,True,wannier90_hr.dat,46375399,True,True,True,True,JARVIS-DFT Wannier 3D materials (JVASP-5 to JVASP-28500),,JARVIS-DFT dft_3d/dft_2d
JVASP-18785,ZnPt3,221,Pm-3m,3D,105853,mp-30856,54,80,0.0,JVASP-18785.zip,8944190,12,True,wannier90_hr.dat,50011199,True,True,True,True,JARVIS-DFT Wannier 3D materials (JVASP-5 to JVASP-28500),,JARVIS-DFT dft_3d/dft_2d
JVASP-18790,Ta3Sn,223,Pm-3n,3D,106076,mp-30871,88,104,0.0,JVASP-18790.zip,22009649,12,True,wannier90_hr.dat,132811399,True,True,True,True,JARVIS-DFT Wannier 3D materials (JVASP-5 to JVASP-28500),,JARVIS-DFT dft_3d/dft_2d
JVASP-18802,SrAgBi,194,P6_3/mmc,3D,57019,mp-31018,64,104,0.0,JVASP-18802.zip,4724437,12,True,wannier90_hr.dat,23962254,True,True,True,True,JARVIS-DFT Wannier 3D materials (JVASP-5 to JVASP-28500),,JARVIS-DFT dft_3d/dft_2d
JVASP-18806,Sc6Te2Rh,189,P-62m,3D,98971,mp-31072,100,122,0.0,JVASP-18806.zip,14995297,12,True,wannier90_hr.dat,85500928,True,True,True,True,JARVIS-DFT Wannier 3D materials (JVASP-5 to JVASP-28500),,JARVIS-DFT dft_3d/dft_2d
JVASP-18813,BaBiAu,194,P6_3/mmc,3D,,mp-31140,64,96,0.0,JVASP-18813.zip,10067493,12,True,wannier90_hr.dat,58779116,True,True,True,True,JARVIS-DFT Wannier 3D materials (JVASP-5 to JVASP-28500),,JARVIS-DFT dft_3d/dft_2d
JVASP-18814,SrBiAu,194,P6_3/mmc,3D,,mp-31141,64,96,0.0,JVASP-18814.zip,9615850,12,True,wannier90_hr.dat,55911845,True,True,True,True,JARVIS-DFT Wannier 3D materials (JVASP-5 to JVASP-28500),,JARVIS-DFT dft_3d/dft_2d
JVASP-18817,Ca3SbN,221,Pm-3m,3D,106352,mp-31157,50,54,0.0,JVASP-18817.zip,7900718,12,True,wannier90_hr.dat,42876799,True,True,True,True,JARVIS-DFT Wannier 3D materials (JVASP-5 to JVASP-28500),,JARVIS-DFT dft_3d/dft_2d
JVASP-18818,CaZnSn,186,P6_3mc,3D,106358,mp-31160,76,92,0.0,JVASP-18818.zip,9052544,12,True,wannier90_hr.dat,56317049,True,True,True,True,JARVIS-DFT Wannier 3D materials (JVASP-5 to JVASP-28500),,JARVIS-DFT dft_3d/dft_2d
JVASP-18838,InPd3,221,Pm-3m,3D,"59476,247190,247191,247192,247193,247196,247197",mp-31337,44,70,0.0,JVASP-18838.zip,6059937,12,True,wannier90_hr.dat,33204199,True,True,True,True,JARVIS-DFT Wannier 3D materials (JVASP-5 to JVASP-28500),,JARVIS-DFT dft_3d/dft_2d
JVASP-18847,TbSnAu,186,P6_3mc,3D,54999,mp-31413,72,100,0.0,JVASP-18847.zip,9701240,12,True,wannier90_hr.dat,53137100,True,True,True,True,JARVIS-DFT Wannier 3D materials (JVASP-5 to JVASP-28500),,JARVIS-DFT dft_3d/dft_2d
JVASP-18848,DySnAu,186,P6_3mc,3D,55000,mp-31414,72,94,0.0,JVASP-18848.zip,9300390,12,True,wannier90_hr.dat,50545049,True,True,True,True,JARVIS-DFT Wannier 3D materials (JVASP-5 to JVASP-28500),,JARVIS-DFT dft_3d/dft_2d
JVASP-18860,Li2InIr,216,F-43m,3D,107089,mp-31443,24,58,0.0,JVASP-18860.zip,1991841,12,True,wannier90_hr.dat,6769252,True,True,True,True,JARVIS-DFT Wannier 3D materials (JVASP-5 to JVASP-28500),,JARVIS-DFT dft_3d/dft_2d
JVASP-18863,ZrNiBi,216,F-43m,3D,107121,mp-31452,32,50,0.0,JVASP-18863.zip,5517142,12,True,wannier90_hr.dat,27599592,True,True,True,True,JARVIS-DFT Wannier 3D materials (JVASP-5 to JVASP-28500),,JARVIS-DFT dft_3d/dft_2d
JVASP-18884,Ag2Se,64,Cmce,3D,,mp-32758,64,112,0.0,JVASP-18884.zip,9351169,12,True,wannier90_hr.dat,55502235,True,True,True,True,JARVIS-DFT Wannier 3D materials (JVASP-5 to JVASP-28500),,JARVIS-DFT dft_3d/dft_2d
JVASP-18886,Ag2Te,64,Cmce,3D,,mp-32811,64,112,0.0,JVASP-18886.zip,9451799,12,True,wannier90_hr.dat,55502235,True,True,True,True,JARVIS-DFT Wannier 3D materials (JVASP-5 to JVASP-28500),,JARVIS-DFT dft_3d/dft_2d
JVASP-18913,HgPt,123,P4/mmm,3D,"104337,639151",mp-623,60,80,0.0,JVASP-18913.zip,12633500,12,True,wannier90_hr.dat,79382296,True,True,True,True,JARVIS-DFT Wannier 3D materials (JVASP-5 to JVASP-28500),,JARVIS-DFT dft_3d/dft_2d
JVASP-18935,ZrW2,227,Fd-3m,3D,"653443,653444,653445,653446,653447,151401,106218,106217,653435,653438",mp-675,72,80,0.0,JVASP-18935.zip,11170286,12,True,wannier90_hr.dat,59876432,True,True,True,True,JARVIS-DFT Wannier 3D materials (JVASP-5 to JVASP-28500),,JARVIS-DFT dft_3d/dft_2d
JVASP-18945,SmP,225,Fm-3m,3D,"648152,44127",mp-710,24,45,0.0,JVASP-18945.zip,4058646,12,True,wannier90_hr.dat,15583603,True,True,True,True,JARVIS-DFT Wannier 3D materials (JVASP-5 to JVASP-28500),,JARVIS-DFT dft_3d/dft_2d
JVASP-18948,SnPd3,221,Pm-3m,3D,"648912,648916,648921,105688,105689,105690",mp-718,44,70,0.0,JVASP-18948.zip,6137269,12,True,wannier90_hr.dat,33204199,True,True,True,True,JARVIS-DFT Wannier 3D materials (JVASP-5 to JVASP-28500),,JARVIS-DFT dft_3d/dft_2d
JVASP-19151,YCu3Sb4O12,204,Im-3,3D,,,152,262,0.025,JVASP-19151.zip,5627416,12,True,wannier90_hr.dat,31190598,True,True,True,True,JARVIS-DFT Wannier 3D materials (JVASP-5 to JVASP-28500),,JARVIS-DFT dft_3d/dft_2d
JVASP-19510,NbSe2,164,P-3m1,2D,,mp-10228,28,42,0.0,JVASP-19510.zip,1647979,12,True,wannier90_hr.dat,6625718,True,True,True,True,JARVIS-DFT Wannier tight binding Hamiltonians for 2D materials,,JARVIS-DFT dft_3d/dft_2d
JVASP-19513,P4S3,26,Pmc2_1,2D,,mp-1469,100,100,2.101,JVASP-19513.zip,4434057,12,True,wannier90_hr.dat,31500381,True,True,True,True,JARVIS-DFT Wannier tight binding Hamiltonians for 2D materials,,JARVIS-DFT dft_3d/dft_2d
JVASP-19517,NaMnP,129,P4/nmm,2D,,mp-20227,56,72,0.0,JVASP-19517.zip,4165966,12,True,wannier90_hr.dat,18973475,True,True,True,True,JARVIS-DFT Wannier tight binding Hamiltonians for 2D materials,,JARVIS-DFT dft_3d/dft_2d
JVASP-19524,UI3,59,Pmmn,2D,,mp-23244,80,134,0.073,JVASP-19524.zip,4901338,12,True,wannier90_hr.dat,29120523,True,True,True,True,JARVIS-DFT Wannier tight binding Hamiltonians for 2D materials,,JARVIS-DFT dft_3d/dft_2d
JVASP-19536,AuSeBr,51,Pmma,2D,,mp-27199,112,128,1.069,JVASP-19536.zip,5648079,12,True,wannier90_hr.dat,39513981,True,True,True,True,JARVIS-DFT Wannier tight binding Hamiltonians for 2D materials,,JARVIS-DFT dft_3d/dft_2d
JVASP-19539,Te2AuCl,51,Pmma,2D,,mp-27490,68,76,0.022,JVASP-19539.zip,3502738,12,True,wannier90_hr.dat,21039723,True,True,True,True,JARVIS-DFT Wannier tight binding Hamiltonians for 2D materials,,JARVIS-DFT dft_3d/dft_2d
JVASP-19540,CNCl,25,Pmm2,2D,,mp-27502,20,28,5.979,JVASP-19540.zip,710367,12,True,wannier90_hr.dat,3300897,True,True,True,True,JARVIS-DFT Wannier tight binding Hamiltonians for 2D materials,,JARVIS-DFT dft_3d/dft_2d
JVASP-19549,LiBiO2,57,Pbcm,2D,,mp-28253,88,104,2.468,JVASP-19549.zip,5209729,12,True,wannier90_hr.dat,31363672,True,True,True,True,JARVIS-DFT Wannier tight binding Hamiltonians for 2D materials,,JARVIS-DFT dft_3d/dft_2d
JVASP-19550,SiCl4,7,Pc,2D,,mp-28391,64,80,2.012,JVASP-19550.zip,2065032,12,True,wannier90_hr.dat,12902781,True,True,True,True,JARVIS-DFT Wannier tight binding Hamiltonians for 2D materials,,JARVIS-DFT dft_3d/dft_2d
JVASP-19552,Br2O,4,P2_1,2D,,mp-28460,44,60,1.672,JVASP-19552.zip,1971202,12,True,wannier90_hr.dat,11326254,True,True,True,True,JARVIS-DFT Wannier tight binding Hamiltonians for 2D materials,,JARVIS-DFT dft_3d/dft_2d
JVASP-19557,PtS2Cl6,2,P-1,2D,,mp-28722,60,80,1.725,JVASP-19557.zip,2326405,12,True,wannier90_hr.dat,16020512,True,True,True,True,JARVIS-DFT Wannier tight binding Hamiltonians for 2D materials,,JARVIS-DFT dft_3d/dft_2d
JVASP-19583,AgNO2,25,Pmm2,2D,,mp-5770,30,42,1.238,JVASP-19583.zip,1637457,12,True,wannier90_hr.dat,7425897,True,True,True,True,JARVIS-DFT Wannier tight binding Hamiltonians for 2D materials,,JARVIS-DFT dft_3d/dft_2d
JVASP-19584,Tl2SnAs2S6,147,P-3,2D,,mp-6023,76,86,1.628,JVASP-19584.zip,3497882,12,True,wannier90_hr.dat,19927611,True,True,True,True,JARVIS-DFT Wannier tight binding Hamiltonians for 2D materials,,JARVIS-DFT dft_3d/dft_2d
JVASP-19593,YNi2,227,Fd-3m,3D,"647072,647088,647108,647082,647083,647090,647086,647087,647056,647057,105458,105459,647092,657906,150746,647099",mp-1019,72,104,0.0,JVASP-19593.zip,6367749,12,True,wannier90_hr.dat,32400695,True,True,True,True,JARVIS-DFT Wannier 3D materials (JVASP-5 to JVASP-28500),,JARVIS-DFT dft_3d/dft_2d
JVASP-19601,Ta2B,140,I4/mcm,3D,"76744,42525",mp-1032,64,72,0.0,JVASP-19601.zip,8367179,12,True,wannier90_hr.dat,45671591,True,True,True,True,JARVIS-DFT Wannier 3D materials (JVASP-5 to JVASP-28500),,JARVIS-DFT dft_3d/dft_2d
JVASP-19619,CdPt,123,P4/mmm,3D,"102052,102053,620295,620296,620297,620293",mp-1194,48,60,0.0,JVASP-19619.zip,9867749,12,True,wannier90_hr.dat,50805496,True,True,True,True,JARVIS-DFT Wannier 3D materials (JVASP-5 to JVASP-28500),,JARVIS-DFT dft_3d/dft_2d
JVASP-19645,SrPd5,191,P6/mmm,3D,"105707,648964",mp-1260,72,104,0.0,JVASP-19645.zip,13202329,12,True,wannier90_hr.dat,74391916,True,True,True,True,JARVIS-DFT Wannier 3D materials (JVASP-5 to JVASP-28500),,JARVIS-DFT dft_3d/dft_2d
JVASP-19649,SmS,225,Fm-3m,3D,"650912,650944,44130,52100,650917,650950,603121,43592,650937,650951,650946,650952,650934,650935,650936,650916,650938,650942",mp-1269,22,43,0.0,JVASP-19649.zip,3447846,12,True,wannier90_hr.dat,12852952,True,True,True,True,JARVIS-DFT Wannier 3D materials (JVASP-5 to JVASP-28500),,JARVIS-DFT dft_3d/dft_2d
JVASP-19668,Nb3Sn,223,Pm-3n,3D,"105230,105231,150878,645473,645474,645477,645479,645480,645481,645482,645483,645484,645485,645486,645487,645488,645489,645493,645496,645498,645500,645502,645503",mp-1326,88,104,0.0,JVASP-19668.zip,21477631,12,True,wannier90_hr.dat,132811399,True,True,True,True,JARVIS-DFT Wannier 3D materials (JVASP-5 to JVASP-28500),,JARVIS-DFT dft_3d/dft_2d
JVASP-19669,SrRh2,227,Fd-3m,3D,"105937,650413",mp-1328,72,104,0.0,JVASP-19669.zip,10707427,12,True,wannier90_hr.dat,59876432,True,True,True,True,JARVIS-DFT Wannier 3D materials (JVASP-5 to JVASP-28500),,JARVIS-DFT dft_3d/dft_2d
JVASP-19696,HfW2,227,Fd-3m,3D,"104289,639010,639011,639012,639005",mp-1400,72,84,0.0,JVASP-19696.zip,11581703,12,True,wannier90_hr.dat,59876432,True,True,True,True,JARVIS-DFT Wannier 3D materials (JVASP-5 to JVASP-28500),,JARVIS-DFT dft_3d/dft_2d
JVASP-19702,MgHg,221,Pm-3m,3D,"104313,104314,639094,639081",mp-1408,26,42,0.0,JVASP-19702.zip,4782237,12,True,wannier90_hr.dat,24643955,True,True,True,True,JARVIS-DFT Wannier 3D materials (JVASP-5 to JVASP-28500),,JARVIS-DFT dft_3d/dft_2d
JVASP-19710,MnSi,198,P2_13,3D,"643618,16838,104973,71830,71831,71832",mp-1431,80,120,0.0,JVASP-19710.zip,7063536,12,True,wannier90_hr.dat,40000695,True,True,True,True,JARVIS-DFT Wannier 3D materials (JVASP-5 to JVASP-28500),,JARVIS-DFT dft_3d/dft_2d
JVASP-19712,LiCd,227,Fd-3m,3D,"102008,620098,620092,620101,620095",mp-1437,28,40,0.0,JVASP-19712.zip,2326432,12,True,wannier90_hr.dat,9134842,True,True,True,True,JARVIS-DFT Wannier 3D materials (JVASP-5 to JVASP-28500),,JARVIS-DFT dft_3d/dft_2d
JVASP-19715,SmSe,225,Fm-3m,3D,"44131,651876,651884,27108,651887,603216,651894,52420",mp-1447,24,45,0.0,JVASP-19715.zip,3685026,12,True,wannier90_hr.dat,15468382,True,True,True,True,JARVIS-DFT Wannier 3D materials (JVASP-5 to JVASP-28500),,JARVIS-DFT dft_3d/dft_2d
JVASP-19726,SnTe,221,Pm-3m,3D,"52488,604129",mp-1481,16,38,0.0,JVASP-19726.zip,2036163,12,True,wannier90_hr.dat,9334955,True,True,True,True,JARVIS-DFT Wannier 3D materials (JVASP-5 to JVASP-28500),,JARVIS-DFT dft_3d/dft_2d
JVASP-19727,SiRh,198,P2_13,3D,"43240,79233,182504,24719",mp-1483,80,120,0.0,JVASP-19727.zip,7270621,12,True,wannier90_hr.dat,40000695,True,True,True,True,JARVIS-DFT Wannier 3D materials (JVASP-5 to JVASP-28500),,JARVIS-DFT dft_3d/dft_2d
JVASP-19732,TaN,191,P6/mmm,3D,"644706,25659,182348",mp-1497,54,72,0.0,JVASP-19732.zip,8941218,12,True,wannier90_hr.dat,51177640,True,True,True,True,JARVIS-DFT Wannier 3D materials (JVASP-5 to JVASP-28500),,JARVIS-DFT dft_3d/dft_2d
JVASP-19734,HgTe,225,Fm-3m,3D,"56658,162604",mp-1507,52,80,0.0,JVASP-19734.zip,10188727,12,True,wannier90_hr.dat,63411238,True,True,True,True,JARVIS-DFT Wannier 3D materials (JVASP-5 to JVASP-28500),,JARVIS-DFT dft_3d/dft_2d
JVASP-19746,ZrTe,187,P-6m2,3D,"653209,653218,410867,657484",mp-1539,20,40,0.0,JVASP-19746.zip,2338395,12,True,wannier90_hr.dat,9662509,True,True,True,True,JARVIS-DFT Wannier 3D materials (JVASP-5 to JVASP-28500),,JARVIS-DFT dft_3d/dft_2d
JVASP-19759,TbSe,225,Fm-3m,3D,"52432,651978,43605,651983",mp-1561,24,48,0.0,JVASP-19759.zip,3630031,12,True,wannier90_hr.dat,15353162,True,True,True,True,JARVIS-DFT Wannier 3D materials (JVASP-5 to JVASP-28500),,JARVIS-DFT dft_3d/dft_2d
JVASP-19770,NdSb,225,Fm-3m,3D,"165728,165729,76738,45157,645897,602794,645899,645900,645903,76662,645893",mp-1586,24,43,0.0,JVASP-19770.zip,3805449,12,True,wannier90_hr.dat,14949891,True,True,True,True,JARVIS-DFT Wannier 3D materials (JVASP-5 to JVASP-28500),,JARVIS-DFT dft_3d/dft_2d
JVASP-19781,ErS,225,Fm-3m,3D,"631056,106619,53414,631063",mp-1623,22,41,0.0,JVASP-19781.zip,3433438,12,True,wannier90_hr.dat,12852952,True,True,True,True,JARVIS-DFT Wannier 3D materials (JVASP-5 to JVASP-28500),,JARVIS-DFT dft_3d/dft_2d
JVASP-19782,SnSb,221,Pm-3m,3D,"52302,651575",mp-1625,16,38,0.0,JVASP-19782.zip,2025973,12,True,wannier90_hr.dat,9334955,True,True,True,True,JARVIS-DFT Wannier 3D materials (JVASP-5 to JVASP-28500),,JARVIS-DFT dft_3d/dft_2d
JVASP-19800,V3Pd,223,Pm-3n,3D,"105739,649092",mp-1664,96,124,0.0,JVASP-19800.zip,25550143,12,True,wannier90_hr.dat,158056199,True,True,True,True,JARVIS-DFT Wannier 3D materials (JVASP-5 to JVASP-28500),,JARVIS-DFT dft_3d/dft_2d
JVASP-19810,ErAs,225,Fm-3m,3D,"602416,167762,610387,43644",mp-1688,24,43,0.0,JVASP-19810.zip,3559481,12,True,wannier90_hr.dat,15525992,True,True,True,True,JARVIS-DFT Wannier 3D materials (JVASP-5 to JVASP-28500),,JARVIS-DFT dft_3d/dft_2d
JVASP-19811,TaS2,164,P-3m1,3D,"651089,85323,52115,24756,651098",mp-1690,24,38,0.0,JVASP-19811.zip,2329100,12,True,wannier90_hr.dat,9937809,True,True,True,True,JARVIS-DFT Wannier 3D materials (JVASP-5 to JVASP-28500),,JARVIS-DFT dft_3d/dft_2d
JVASP-19845,DySe,225,Fm-3m,3D,"630250,53380",mp-814,24,45,0.0,JVASP-19845.zip,4012132,12,True,wannier90_hr.dat,15814043,True,True,True,True,JARVIS-DFT Wannier 3D materials (JVASP-5 to JVASP-28500),,JARVIS-DFT dft_3d/dft_2d
JVASP-19846,GaNi3,221,Pm-3m,3D,"103856,103857,634864,634857",mp-815,44,68,0.0,JVASP-19846.zip,6435157,12,True,wannier90_hr.dat,33204199,True,True,True,True,JARVIS-DFT Wannier 3D materials (JVASP-5 to JVASP-28500),,JARVIS-DFT dft_3d/dft_2d
JVASP-19849,HfCr2,227,Fd-3m,3D,"626153,626155,102775,102776,626139,626143",mp-819,72,92,0.0,JVASP-19849.zip,10885152,12,True,wannier90_hr.dat,59876432,True,True,True,True,JARVIS-DFT Wannier 3D materials (JVASP-5 to JVASP-28500),,JARVIS-DFT dft_3d/dft_2d
JVASP-19850,HgSe,216,F-43m,3D,"639200,639201,639195,31087,639203,639189,639191,639192,639194,24175,639196",mp-820,26,48,0.0,JVASP-19850.zip,2442210,12,True,wannier90_hr.dat,11595199,True,True,True,True,JARVIS-DFT Wannier 3D materials (JVASP-5 to JVASP-28500),,JARVIS-DFT dft_3d/dft_2d
JVASP-19861,SmRh2,227,Fd-3m,3D,"105928,650368,105927",mp-840,80,114,0.0,JVASP-19861.zip,13888752,12,True,wannier90_hr.dat,74561242,True,True,True,True,JARVIS-DFT Wannier 3D materials (JVASP-5 to JVASP-28500),,JARVIS-DFT dft_3d/dft_2d
JVASP-19862,CaPt2,227,Fd-3m,3D,"108147,109140",mp-842,72,96,0.0,JVASP-19862.zip,11007410,12,True,wannier90_hr.dat,59876432,True,True,True,True,JARVIS-DFT Wannier 3D materials (JVASP-5 to JVASP-28500),,JARVIS-DFT dft_3d/dft_2d
JVASP-19871,ErCd,221,Pm-3m,3D,"619809,619812,619817,58967",mp-867,28,33,0.0,JVASP-19871.zip,6737405,12,True,wannier90_hr.dat,28580555,True,True,True,True,JARVIS-DFT Wannier 3D materials (JVASP-5 to JVASP-28500),,JARVIS-DFT dft_3d/dft_2d
JVASP-19880,NdIr2,227,Fd-3m,3D,"640859,104518,104519",mp-890,80,102,0.0,JVASP-19880.zip,13809888,12,True,wannier90_hr.dat,74561242,True,True,True,True,JARVIS-DFT Wannier 3D materials (JVASP-5 to JVASP-28500),,JARVIS-DFT dft_3d/dft_2d
JVASP-19882,ScPt,221,Pm-3m,3D,"105784,649585",mp-892,24,40,0.0,JVASP-19882.zip,4321395,12,True,wannier90_hr.dat,20998955,True,True,True,True,JARVIS-DFT Wannier 3D materials (JVASP-5 to JVASP-28500),,JARVIS-DFT dft_3d/dft_2d
JVASP-19954,SmAs,225,Fm-3m,3D,"611422,611421,44062",mp-1738,24,45,0.0,JVASP-19954.zip,2604768,12,True,wannier90_hr.dat,10110640,True,True,True,True,JARVIS-DFT Wannier 3D materials (JVASP-5 to JVASP-28500),,JARVIS-DFT dft_3d/dft_2d
JVASP-19956,NdS,225,Fm-3m,3D,"645826,29403,645828,645851,645831,645837,645840,645843,645849,76603,645852,645821,645822",mp-1748,22,41,0.0,JVASP-19956.zip,3493585,12,True,wannier90_hr.dat,12901362,True,True,True,True,JARVIS-DFT Wannier 3D materials (JVASP-5 to JVASP-28500),,JARVIS-DFT dft_3d/dft_2d
JVASP-19960,ThAs,225,Fm-3m,3D,"44073,611478,601161",mp-1753,20,40,0.0,JVASP-19960.zip,2803022,12,True,wannier90_hr.dat,10782792,True,True,True,True,JARVIS-DFT Wannier 3D materials (JVASP-5 to JVASP-28500),,JARVIS-DFT dft_3d/dft_2d
JVASP-19971,SnAu,194,P6_3/mmc,3D,"612347,612356,56262",mp-1775,40,76,0.0,JVASP-19971.zip,6967581,12,True,wannier90_hr.dat,38642509,True,True,True,True,JARVIS-DFT Wannier 3D materials (JVASP-5 to JVASP-28500),,JARVIS-DFT dft_3d/dft_2d
JVASP-19985,HgTe,225,Fm-3m,3D,"56216,31842,60204,639253,639246",mp-1811,26,48,0.0,JVASP-19985.zip,3622733,12,True,wannier90_hr.dat,18288603,True,True,True,True,JARVIS-DFT Wannier 3D materials (JVASP-5 to JVASP-28500),,JARVIS-DFT dft_3d/dft_2d
JVASP-19988,AlN,187,P-6m2,2D,,mp-13178,14,30,2.88,JVASP-19988.zip,844731,12,True,wannier90_hr.dat,2206201,True,True,True,True,JARVIS-DFT Wannier tight binding Hamiltonians for 2D materials,,JARVIS-DFT dft_3d/dft_2d
JVASP-19989,SnS,59,Pmmn,2D,,mp-1379,28,40,1.895,JVASP-19989.zip,1050469,12,True,wannier90_hr.dat,4587054,True,True,True,True,JARVIS-DFT Wannier tight binding Hamiltonians for 2D materials,,JARVIS-DFT dft_3d/dft_2d
JVASP-19992,TaTe5Pt,51,Pmma,2D,,mp-14815,128,132,0.0,JVASP-19992.zip,8867200,12,True,wannier90_hr.dat,53248391,True,True,True,True,JARVIS-DFT Wannier tight binding Hamiltonians for 2D materials,,JARVIS-DFT dft_3d/dft_2d
JVASP-19998,CdCl2,164,P-3m1,2D,,mp-22881,24,34,3.892,JVASP-19998.zip,1546153,12,True,wannier90_hr.dat,6481201,True,True,True,True,JARVIS-DFT Wannier tight binding Hamiltonians for 2D materials,,JARVIS-DFT dft_3d/dft_2d
JVASP-19999,PbI2,164,P-3m1,2D,,mp-22883,24,38,1.598,JVASP-19999.zip,1159118,12,True,wannier90_hr.dat,4868118,True,True,True,True,JARVIS-DFT Wannier tight binding Hamiltonians for 2D materials,,JARVIS-DFT dft_3d/dft_2d
JVASP-20002,Bi,164,P-3m1,2D,,mp-23152,16,32,0.539,JVASP-20002.zip,838896,12,True,wannier90_hr.dat,2881201,True,True,True,True,JARVIS-DFT Wannier tight binding Hamiltonians for 2D materials,,JARVIS-DFT dft_3d/dft_2d
JVASP-20004,HgI2,12,C2/m,2D,,mp-23173,68,80,1.877,JVASP-20004.zip,4436502,12,True,wannier90_hr.dat,27051054,True,True,True,True,JARVIS-DFT Wannier tight binding Hamiltonians for 2D materials,,JARVIS-DFT dft_3d/dft_2d
JVASP-20005,SbCl5,11,P2_1/m,2D,,mp-23176,76,92,1.476,JVASP-20005.zip,2803132,12,True,wannier90_hr.dat,19350001,True,True,True,True,JARVIS-DFT Wannier tight binding Hamiltonians for 2D materials,,JARVIS-DFT dft_3d/dft_2d
JVASP-20007,MgCl2,164,P-3m1,2D,,mp-23210,20,38,4.245,JVASP-20007.zip,1173082,12,True,wannier90_hr.dat,4501201,True,True,True,True,JARVIS-DFT Wannier tight binding Hamiltonians for 2D materials,,JARVIS-DFT dft_3d/dft_2d
JVASP-20012,Sr2CoBr2O2,123,P4/mmm,2D,,mp-24866,64,92,0.0,JVASP-20012.zip,4439555,12,True,wannier90_hr.dat,24781475,True,True,True,True,JARVIS-DFT Wannier tight binding Hamiltonians for 2D materials,,JARVIS-DFT dft_3d/dft_2d
JVASP-20014,YCl3,12,C2/m,2D,,mp-27455,120,120,1.543,JVASP-20014.zip,5390004,12,True,wannier90_hr.dat,32400289,True,True,True,True,JARVIS-DFT Wannier tight binding Hamiltonians for 2D materials,,JARVIS-DFT dft_3d/dft_2d
JVASP-20017,MnI2,164,P-3m1,2D,,mp-28013,28,58,1.05,JVASP-20017.zip,1563023,12,True,wannier90_hr.dat,6782538,True,True,True,True,JARVIS-DFT Wannier tight binding Hamiltonians for 2D materials,,JARVIS-DFT dft_3d/dft_2d
JVASP-20023,TlI3,55,Pbam,2D,,mp-28329,64,76,1.831,JVASP-20023.zip,2914859,12,True,wannier90_hr.dat,16589272,True,True,True,True,JARVIS-DFT Wannier tight binding Hamiltonians for 2D materials,,JARVIS-DFT dft_3d/dft_2d
JVASP-20026,RbBrF4,127,P4/mbm,2D,,mp-28577,88,96,3.448,JVASP-20026.zip,5254444,12,True,wannier90_hr.dat,31363672,True,True,True,True,JARVIS-DFT Wannier tight binding Hamiltonians for 2D materials,,JARVIS-DFT dft_3d/dft_2d
JVASP-20029,AuCN,25,Pmm2,2D,,mp-29196,26,30,2.268,JVASP-20029.zip,1656183,12,True,wannier90_hr.dat,6321609,True,True,True,True,JARVIS-DFT Wannier tight binding Hamiltonians for 2D materials,,JARVIS-DFT dft_3d/dft_2d
JVASP-20035,Rb3Mo2Cl9,187,P-6m2,2D,,mp-29458,114,170,0.764,JVASP-20035.zip,7098744,12,True,wannier90_hr.dat,43537001,True,True,True,True,JARVIS-DFT Wannier tight binding Hamiltonians for 2D materials,,JARVIS-DFT dft_3d/dft_2d
JVASP-20040,KrF2,47,Pmmm,2D,,mp-30009,20,44,3.011,JVASP-20040.zip,605185,12,True,wannier90_hr.dat,2700745,True,True,True,True,JARVIS-DFT Wannier tight binding Hamiltonians for 2D materials,,JARVIS-DFT dft_3d/dft_2d
JVASP-20042,W6CCl8,174,P-6,2D,,mp-30295,188,188,0.806,JVASP-20042.zip,11109894,12,True,wannier90_hr.dat,68921059,True,True,True,True,JARVIS-DFT Wannier tight binding Hamiltonians for 2D materials,,JARVIS-DFT dft_3d/dft_2d
JVASP-20054,PS,5,C2,2D,,mp-612,112,112,1.699,JVASP-20054.zip,5379449,12,True,wannier90_hr.dat,30733110,True,True,True,True,JARVIS-DFT Wannier tight binding Hamiltonians for 2D materials,,JARVIS-DFT dft_3d/dft_2d
JVASP-20064,LaSb,225,Fm-3m,3D,"44805,52011,641901,641902,641904,641893",mp-1065,34,40,0.0,JVASP-20064.zip,3773974,12,True,wannier90_hr.dat,19827199,True,True,True,True,JARVIS-DFT Wannier 3D materials (JVASP-5 to JVASP-28500),,JARVIS-DFT dft_3d/dft_2d
JVASP-20075,TiIr3,221,Pm-3m,3D,"641129,104578,641131,641126",mp-1089,48,66,0.0,JVASP-20075.zip,7564290,12,True,wannier90_hr.dat,39515399,True,True,True,True,JARVIS-DFT Wannier 3D materials (JVASP-5 to JVASP-28500),,JARVIS-DFT dft_3d/dft_2d
JVASP-20084,BW2,140,I4/mcm,3D,"42528,108090,24279",mp-1113,64,80,0.0,JVASP-20084.zip,8449882,12,True,wannier90_hr.dat,45671591,True,True,True,True,JARVIS-DFT Wannier 3D materials (JVASP-5 to JVASP-28500),,JARVIS-DFT dft_3d/dft_2d
JVASP-20108,TbTe,225,Fm-3m,3D,"652956,652954,52436,43606,106127",mp-1176,24,48,0.0,JVASP-20108.zip,3786127,12,True,wannier90_hr.dat,15295552,True,True,True,True,JARVIS-DFT Wannier 3D materials (JVASP-5 to JVASP-28500),,JARVIS-DFT dft_3d/dft_2d
JVASP-20161,Al3Pt5,55,Pbam,3D,"55579,58135",mp-1501,168,240,0.0,JVASP-20161.zip,34774049,12,True,wannier90_hr.dat,207447206,True,True,True,True,JARVIS-DFT Wannier 3D materials (JVASP-5 to JVASP-28500),,JARVIS-DFT dft_3d/dft_2d
JVASP-20172,Pt3O4,223,Pm-3n,3D,"43002,30444",mp-1604,120,208,0.0,JVASP-20172.zip,15091433,12,True,wannier90_hr.dat,90000695,True,True,True,True,JARVIS-DFT Wannier 3D materials (JVASP-5 to JVASP-28500),,JARVIS-DFT dft_3d/dft_2d
JVASP-20207,ThOs2,227,Fd-3m,3D,"105570,105571,150741,647835,647836,647839",mp-1828,72,104,0.0,JVASP-20207.zip,11255844,12,True,wannier90_hr.dat,59876432,True,True,True,True,JARVIS-DFT Wannier 3D materials (JVASP-5 to JVASP-28500),,JARVIS-DFT dft_3d/dft_2d
JVASP-20219,Ta2Ni,140,I4/mcm,3D,"102816,105387",mp-1867,72,92,0.0,JVASP-20219.zip,10663781,12,True,wannier90_hr.dat,57802791,True,True,True,True,JARVIS-DFT Wannier 3D materials (JVASP-5 to JVASP-28500),,JARVIS-DFT dft_3d/dft_2d
JVASP-20225,TbTl3,221,Pm-3m,3D,"106130,106131,652975",mp-1886,40,50,0.0,JVASP-20225.zip,5985386,12,True,wannier90_hr.dat,27441799,True,True,True,True,JARVIS-DFT Wannier 3D materials (JVASP-5 to JVASP-28500),,JARVIS-DFT dft_3d/dft_2d
JVASP-20244,Dy4Sb3,220,I-43d,3D,"630229,601430,630245",mp-1927,176,184,0.0,JVASP-20244.zip,22885594,12,True,wannier90_hr.dat,113062831,True,True,True,True,JARVIS-DFT Wannier 3D materials (JVASP-5 to JVASP-28500),,JARVIS-DFT dft_3d/dft_2d
JVASP-20246,Nb3Os,223,Pm-3n,3D,"105184,645150,603783",mp-1932,96,112,0.0,JVASP-20246.zip,26285767,12,True,wannier90_hr.dat,158056199,True,True,True,True,JARVIS-DFT Wannier 3D materials (JVASP-5 to JVASP-28500),,JARVIS-DFT dft_3d/dft_2d
JVASP-20251,ErNi2,227,Fd-3m,3D,"630848,103265,103266,630851,630820,630849,630824,630825,630856,630840,630844,630845",mp-1939,80,110,0.0,JVASP-20251.zip,13900242,12,True,wannier90_hr.dat,76481272,True,True,True,True,JARVIS-DFT Wannier 3D materials (JVASP-5 to JVASP-28500),,JARVIS-DFT dft_3d/dft_2d
JVASP-20282,LuAs,225,Fm-3m,3D,"610816,43993",mp-2017,34,40,0.0,JVASP-20282.zip,6913888,12,True,wannier90_hr.dat,30694552,True,True,True,True,JARVIS-DFT Wannier 3D materials (JVASP-5 to JVASP-28500),,JARVIS-DFT dft_3d/dft_2d
JVASP-20306,CoAs3,204,Im-3,3D,"610050,34051,9188,31111,655090,38229,610044",mp-452,144,216,0.0,JVASP-20306.zip,5494503,12,True,wannier90_hr.dat,27993798,True,True,True,True,JARVIS-DFT Wannier 3D materials (JVASP-5 to JVASP-28500),,JARVIS-DFT dft_3d/dft_2d
JVASP-20331,Sb2Au,205,Pa-3,3D,"612288,43107,612284,40350",mp-738,112,176,0.0,JVASP-20331.zip,13359082,12,True,wannier90_hr.dat,78400695,True,True,True,True,JARVIS-DFT Wannier 3D materials (JVASP-5 to JVASP-28500),,JARVIS-DFT dft_3d/dft_2d
JVASP-20350,ZrSb2,58,Pnnm,3D,"66779,42878",mp-979,224,304,0.0,JVASP-20350.zip,51959729,12,True,wannier90_hr.dat,338688745,True,True,True,True,JARVIS-DFT Wannier 3D materials (JVASP-5 to JVASP-28500),,JARVIS-DFT dft_3d/dft_2d
JVASP-20370,ScAs,225,Fm-3m,3D,"164627,157505,1331,44057",mp-2052,20,40,0.0,JVASP-20370.zip,2429400,12,True,wannier90_hr.dat,10822803,True,True,True,True,JARVIS-DFT Wannier 3D materials (JVASP-5 to JVASP-28500),,JARVIS-DFT dft_3d/dft_2d
JVASP-20371,Nb3Sb,223,Pm-3n,3D,"645352,645347,76572,645349,645357",mp-2053,88,108,0.0,JVASP-20371.zip,21228976,12,True,wannier90_hr.dat,132811399,True,True,True,True,JARVIS-DFT Wannier 3D materials (JVASP-5 to JVASP-28500),,JARVIS-DFT dft_3d/dft_2d
JVASP-20384,PIr2,225,Fm-3m,3D,"640920,640898",mp-2082,32,48,0.0,JVASP-20384.zip,2788708,12,True,wannier90_hr.dat,11828432,True,True,True,True,JARVIS-DFT Wannier 3D materials (JVASP-5 to JVASP-28500),,JARVIS-DFT dft_3d/dft_2d
JVASP-20385,Sn2Ir,225,Fm-3m,3D,"150761,641054",mp-2083,28,44,0.0,JVASP-20385.zip,4109901,12,True,wannier90_hr.dat,20896362,True,True,True,True,JARVIS-DFT Wannier 3D materials (JVASP-5 to JVASP-28500),,JARVIS-DFT dft_3d/dft_2d
JVASP-20406,Te2Os,205,Pa-3,3D,"300225,647826,647829,647831,647832,24189",mp-2142,112,192,0.0,JVASP-20406.zip,13519020,12,True,wannier90_hr.dat,78400695,True,True,True,True,JARVIS-DFT Wannier 3D materials (JVASP-5 to JVASP-28500),,JARVIS-DFT dft_3d/dft_2d
JVASP-20415,DyTe,225,Fm-3m,3D,"43640,53385,630344,630335",mp-2159,24,45,0.0,JVASP-20415.zip,3769845,12,True,wannier90_hr.dat,15641213,True,True,True,True,JARVIS-DFT Wannier 3D materials (JVASP-5 to JVASP-28500),,JARVIS-DFT dft_3d/dft_2d
JVASP-20422,HfSb2,58,Pnnm,3D,"66780,42879",mp-2180,224,288,0.0,JVASP-20422.zip,53662292,12,True,wannier90_hr.dat,338688745,True,True,True,True,JARVIS-DFT Wannier 3D materials (JVASP-5 to JVASP-28500),,JARVIS-DFT dft_3d/dft_2d
JVASP-20427,LuMg,221,Pm-3m,3D,"104800,161753,642419",mp-2195,34,34,0.0,JVASP-20427.zip,9327941,12,True,wannier90_hr.dat,42139955,True,True,True,True,JARVIS-DFT Wannier 3D materials (JVASP-5 to JVASP-28500),,JARVIS-DFT dft_3d/dft_2d
JVASP-20466,ThOs2,227,Fd-3m,3D,"105570,105571,150741,647835,647836,647839",mp-1828,72,104,0.0,JVASP-20466.zip,11274956,12,True,wannier90_hr.dat,60394842,True,True,True,True,JARVIS-DFT Wannier 3D materials (JVASP-5 to JVASP-28500),,JARVIS-DFT dft_3d/dft_2d
JVASP-20477,Cu2Te,191,P6/mmm,3D,"655706,629339,77055",mp-1861,64,120,0.0,JVASP-20477.zip,11164501,12,True,wannier90_hr.dat,70657809,True,True,True,True,JARVIS-DFT Wannier 3D materials (JVASP-5 to JVASP-28500),,JARVIS-DFT dft_3d/dft_2d
JVASP-20488,TbTl3,221,Pm-3m,3D,"106130,106131,652975",mp-1886,40,50,0.0,JVASP-20488.zip,5768758,12,True,wannier90_hr.dat,27441799,True,True,True,True,JARVIS-DFT Wannier 3D materials (JVASP-5 to JVASP-28500),,JARVIS-DFT dft_3d/dft_2d
JVASP-20502,CeNi5,191,P6/mmm,3D,"621600,621605,603846,621610,621612,621581,601326,621615,603832,621619,658126,621622,102231,102232,600410",mp-1910,86,122,0.0,JVASP-20502.zip,17602739,12,True,wannier90_hr.dat,100956845,True,True,True,True,JARVIS-DFT Wannier 3D materials (JVASP-5 to JVASP-28500),,JARVIS-DFT dft_3d/dft_2d
JVASP-20520,ErNi2,227,Fd-3m,3D,"630848,103265,103266,630851,630820,630849,630824,630825,630856,630840,630844,630845",mp-1939,80,110,0.0,JVASP-20520.zip,13901688,12,True,wannier90_hr.dat,76481272,True,True,True,True,JARVIS-DFT Wannier 3D materials (JVASP-5 to JVASP-28500),,JARVIS-DFT dft_3d/dft_2d
JVASP-20530,NbSb2,12,C2/m,3D,"18144,77752,57430",mp-1969,56,84,0.0,JVASP-20530.zip,5947751,12,True,wannier90_hr.dat,31204270,True,True,True,True,JARVIS-DFT Wannier 3D materials (JVASP-5 to JVASP-28500),,JARVIS-DFT dft_3d/dft_2d
JVASP-20549,LuAs,225,Fm-3m,3D,"610816,43993",mp-2017,34,40,0.0,JVASP-20549.zip,6916482,12,True,wannier90_hr.dat,30694552,True,True,True,True,JARVIS-DFT Wannier 3D materials (JVASP-5 to JVASP-28500),,JARVIS-DFT dft_3d/dft_2d
JVASP-20554,Be2Nb,227,Fd-3m,3D,"58721,616354",mp-2028,56,76,0.0,JVASP-20554.zip,3969879,12,True,wannier90_hr.dat,19600695,True,True,True,True,JARVIS-DFT Wannier 3D materials (JVASP-5 to JVASP-28500),,JARVIS-DFT dft_3d/dft_2d
JVASP-20561,ScAs,225,Fm-3m,3D,"164627,157505,1331,44057",mp-2052,20,40,0.0,JVASP-20561.zip,2429653,12,True,wannier90_hr.dat,10822803,True,True,True,True,JARVIS-DFT Wannier 3D materials (JVASP-5 to JVASP-28500),,JARVIS-DFT dft_3d/dft_2d
JVASP-20562,Nb3Sb,223,Pm-3n,3D,"645352,645347,76572,645349,645357",mp-2053,88,108,0.0,JVASP-20562.zip,21234922,12,True,wannier90_hr.dat,132811399,True,True,True,True,JARVIS-DFT Wannier 3D materials (JVASP-5 to JVASP-28500),,JARVIS-DFT dft_3d/dft_2d
JVASP-20571,PIr2,225,Fm-3m,3D,"640920,640898",mp-2082,32,48,0.0,JVASP-20571.zip,2791301,12,True,wannier90_hr.dat,11828432,True,True,True,True,JARVIS-DFT Wannier 3D materials (JVASP-5 to JVASP-28500),,JARVIS-DFT dft_3d/dft_2d
JVASP-20572,Sn2Ir,225,Fm-3m,3D,"150761,641054",mp-2083,28,44,0.0,JVASP-20572.zip,4110250,12,True,wannier90_hr.dat,20896362,True,True,True,True,JARVIS-DFT Wannier 3D materials (JVASP-5 to JVASP-28500),,JARVIS-DFT dft_3d/dft_2d
JVASP-20582,CuAu3,221,Pm-3m,3D,"611744,56266",mp-2103,48,90,0.0,JVASP-20582.zip,7417749,12,True,wannier90_hr.dat,39515399,True,True,True,True,JARVIS-DFT Wannier 3D materials (JVASP-5 to JVASP-28500),,JARVIS-DFT dft_3d/dft_2d
JVASP-20603,DyTe,225,Fm-3m,3D,"43640,53385,630344,630335",mp-2159,24,45,0.0,JVASP-20603.zip,3989898,12,True,wannier90_hr.dat,15641213,True,True,True,True,JARVIS-DFT Wannier 3D materials (JVASP-5 to JVASP-28500),,JARVIS-DFT dft_3d/dft_2d
JVASP-20614,ErSb,225,Fm-3m,3D,"53417,631092,631095,631097,631099,631100,43645,631102",mp-2191,24,43,0.0,JVASP-20614.zip,3908991,12,True,wannier90_hr.dat,15295552,True,True,True,True,JARVIS-DFT Wannier 3D materials (JVASP-5 to JVASP-28500),,JARVIS-DFT dft_3d/dft_2d
JVASP-20616,TiSe2,164,P-3m1,3D,"652047,43617,108739,652037,652040,56010,652045,26862,603599,173923,652052,80091",mp-2194,28,42,0.0,JVASP-20616.zip,3469548,12,True,wannier90_hr.dat,18936109,True,True,True,True,JARVIS-DFT Wannier 3D materials (JVASP-5 to JVASP-28500),,JARVIS-DFT dft_3d/dft_2d
JVASP-20617,LuMg,221,Pm-3m,3D,"104800,161753,642419",mp-2195,34,34,0.0,JVASP-20617.zip,9329515,12,True,wannier90_hr.dat,42139955,True,True,True,True,JARVIS-DFT Wannier 3D materials (JVASP-5 to JVASP-28500),,JARVIS-DFT dft_3d/dft_2d
JVASP-20648,NaPt2,227,Fd-3m,3D,"644945,105162",mp-2271,64,100,0.0,JVASP-20648.zip,8879640,12,True,wannier90_hr.dat,47719642,True,True,True,True,JARVIS-DFT Wannier 3D materials (JVASP-5 to JVASP-28500),,JARVIS-DFT dft_3d/dft_2d
JVASP-20651,SmSb,225,Fm-3m,3D,"44128,651555,651557,651558,651560,52300,603226,656383,651548,651551",mp-2281,24,45,0.0,JVASP-20651.zip,3979518,12,True,wannier90_hr.dat,15295552,True,True,True,True,JARVIS-DFT Wannier 3D materials (JVASP-5 to JVASP-28500),,JARVIS-DFT dft_3d/dft_2d
JVASP-20769,OsSe2,205,Pa-3,3D,"647769,24202",mp-2480,112,192,0.0,JVASP-20769.zip,13277281,12,True,wannier90_hr.dat,78400695,True,True,True,True,JARVIS-DFT Wannier 3D materials (JVASP-5 to JVASP-28500),,JARVIS-DFT dft_3d/dft_2d
JVASP-20861,CaPd3O4,223,Pm-3n,3D,"16538,27502",mp-3315,144,224,0.0,JVASP-20861.zip,21017807,12,True,wannier90_hr.dat,129600695,True,True,True,True,JARVIS-DFT Wannier 3D materials (JVASP-5 to JVASP-28500),,JARVIS-DFT dft_3d/dft_2d
JVASP-20921,RbFe2S3,63,Cmcm,3D,"99505,99506",mp-3787,108,156,0.0,JVASP-20921.zip,11901250,12,True,wannier90_hr.dat,77566335,True,True,True,True,JARVIS-DFT Wannier 3D materials (JVASP-5 to JVASP-28500),,JARVIS-DFT dft_3d/dft_2d
JVASP-20925,Ta4AlC3,194,P6_3/mmc,3D,"159455,162685,163551,156383",mp-3802,160,192,0.0,JVASP-20925.zip,42530383,12,True,wannier90_hr.dat,264961110,True,True,True,True,JARVIS-DFT Wannier 3D materials (JVASP-5 to JVASP-28500),,JARVIS-DFT dft_3d/dft_2d
JVASP-21041,CaMgSn,62,Pnma,3D,"659600,42757",mp-4864,112,128,0.0,JVASP-21041.zip,18415595,12,True,wannier90_hr.dat,109760948,True,True,True,True,JARVIS-DFT Wannier 3D materials (JVASP-5 to JVASP-28500),,JARVIS-DFT dft_3d/dft_2d
JVASP-21051,Ag3AsO4,218,P-43n,3D,"35545,28836,76969",mp-5408,136,248,0.0,JVASP-21051.zip,4597298,12,True,wannier90_hr.dat,24969798,True,True,True,True,JARVIS-DFT Wannier 3D materials (JVASP-5 to JVASP-28500),,JARVIS-DFT dft_3d/dft_2d
JVASP-21193,Ne,225,Fm-3m,3D,"24602,43427,24787,65884,65885,65886,65887,65888,65889,65890,65891,65892,65893,65894,65895,65896,65897,65898,65899,65900,65901,65902,65903,65904",mp-111,8,24,12.196,JVASP-21193.zip,742653,12,True,wannier90_hr.dat,3278845,True,True,True,True,JARVIS-DFT Wannier 3D materials (JVASP-5 to JVASP-28500),,JARVIS-DFT dft_3d/dft_2d
JVASP-21195,Mo,229,Im-3m,3D,"173131,162278,53799,76652,52267,173127,108882,76147,643959,643957,643958,76279,643960,643961,643962,76415",mp-129,12,42,0.0,JVASP-21195.zip,2150314,12,True,wannier90_hr.dat,7284384,True,True,True,True,JARVIS-DFT Wannier 3D materials (JVASP-5 to JVASP-28500),,JARVIS-DFT dft_3d/dft_2d
JVASP-21379,NaLuPd6O8,200,Pm-3,3D,"159698,416619",mp-6533,154,226,0.0,JVASP-21379.zip,26075067,12,True,wannier90_hr.dat,148225695,True,True,True,True,JARVIS-DFT Wannier 3D materials (JVASP-5 to JVASP-28500),,JARVIS-DFT dft_3d/dft_2d
JVASP-21389,Sr3CuPtO6,15,C2/c,3D,"72721,66347",mp-6595,192,276,0.236,JVASP-21389.zip,9091007,12,True,wannier90_hr.dat,49766598,True,True,True,True,JARVIS-DFT Wannier 3D materials (JVASP-5 to JVASP-28500),,JARVIS-DFT dft_3d/dft_2d
JVASP-21401,NaSr3IrO6,167,R-3c,3D,"81906,404111",mp-6662,184,252,0.0,JVASP-21401.zip,8146356,12,True,wannier90_hr.dat,45705798,True,True,True,True,JARVIS-DFT Wannier 3D materials (JVASP-5 to JVASP-28500),,JARVIS-DFT dft_3d/dft_2d
JVASP-21459,Nb3CoS6,182,P6_322,3D,53016,mp-7116,168,252,0.0,JVASP-21459.zip,13626068,12,True,wannier90_hr.dat,80438750,True,True,True,True,JARVIS-DFT Wannier 3D materials (JVASP-5 to JVASP-28500),,JARVIS-DFT dft_3d/dft_2d
JVASP-21492,SrPd3O4,223,Pm-3n,3D,16537,mp-7561,144,224,0.0,JVASP-21492.zip,21113116,12,True,wannier90_hr.dat,129600695,True,True,True,True,JARVIS-DFT Wannier 3D materials (JVASP-5 to JVASP-28500),,JARVIS-DFT dft_3d/dft_2d
JVASP-21502,Li2RhF6,136,P4_2/mnm,3D,"95778,165211,6044",mp-7661,104,220,0.0,JVASP-21502.zip,5434130,12,True,wannier90_hr.dat,35152391,True,True,True,True,JARVIS-DFT Wannier 3D materials (JVASP-5 to JVASP-28500),,JARVIS-DFT dft_3d/dft_2d
JVASP-21564,HfSiPd,62,Pnma,3D,90279,mp-10457,128,168,0.0,JVASP-21564.zip,9627495,12,True,wannier90_hr.dat,51609981,True,True,True,True,JARVIS-DFT Wannier 3D materials (JVASP-5 to JVASP-28500),,JARVIS-DFT dft_3d/dft_2d
JVASP-21571,ScB4Ir3,176,P6_3/m,3D,44424,mp-10114,160,208,0.0,JVASP-21571.zip,35534856,12,True,wannier90_hr.dat,218880928,True,True,True,True,JARVIS-DFT Wannier 3D materials (JVASP-5 to JVASP-28500),,JARVIS-DFT dft_3d/dft_2d
JVASP-21600,HfSiPt,62,Pnma,3D,90278,mp-10456,128,168,0.0,JVASP-21600.zip,24684461,12,True,wannier90_hr.dat,143360948,True,True,True,True,JARVIS-DFT Wannier 3D materials (JVASP-5 to JVASP-28500),,JARVIS-DFT dft_3d/dft_2d
JVASP-21611,ScB4Os3,63,Cmcm,3D,91244,mp-10504,160,212,0.0,JVASP-21611.zip,16037749,12,True,wannier90_hr.dat,88320411,True,True,True,True,JARVIS-DFT Wannier 3D materials (JVASP-5 to JVASP-28500),,JARVIS-DFT dft_3d/dft_2d
JVASP-21663,SmSbIr,62,Pnma,3D,51843,mp-11160,144,180,0.0,JVASP-21663.zip,32277404,12,True,wannier90_hr.dat,181440948,True,True,True,True,JARVIS-DFT Wannier 3D materials (JVASP-5 to JVASP-28500),,JARVIS-DFT dft_3d/dft_2d
JVASP-21665,Ca3Si4Ir4,217,I-43m,3D,95788,mp-11176,116,152,0.0,JVASP-21665.zip,9625924,12,True,wannier90_hr.dat,49114831,True,True,True,True,JARVIS-DFT Wannier 3D materials (JVASP-5 to JVASP-28500),,JARVIS-DFT dft_3d/dft_2d
JVASP-21678,Be2W,194,P6_3/mmc,3D,58754,mp-11282,112,128,0.0,JVASP-21678.zip,20974396,12,True,wannier90_hr.dat,122305049,True,True,True,True,JARVIS-DFT Wannier 3D materials (JVASP-5 to JVASP-28500),,JARVIS-DFT dft_3d/dft_2d
JVASP-21680,Ca3Hg2,127,P4/mbm,3D,58904,mp-11288,144,144,0.0,JVASP-21680.zip,39608237,12,True,wannier90_hr.dat,233281201,True,True,True,True,JARVIS-DFT Wannier 3D materials (JVASP-5 to JVASP-28500),,JARVIS-DFT dft_3d/dft_2d
JVASP-21694,HfPd3,194,P6_3/mmc,3D,104254,mp-11453,192,264,0.0,JVASP-21694.zip,19305958,12,True,wannier90_hr.dat,105062750,True,True,True,True,JARVIS-DFT Wannier 3D materials (JVASP-5 to JVASP-28500),,JARVIS-DFT dft_3d/dft_2d
JVASP-21695,HfPt3,194,P6_3/mmc,3D,104258,mp-11456,192,264,0.0,JVASP-21695.zip,64053457,12,True,wannier90_hr.dat,377857100,True,True,True,True,JARVIS-DFT Wannier 3D materials (JVASP-5 to JVASP-28500),,JARVIS-DFT dft_3d/dft_2d
JVASP-21716,As3W2,12,C2/m,3D,43185,mp-11696,96,128,0.0,JVASP-21716.zip,11045136,12,True,wannier90_hr.dat,62208745,True,True,True,True,JARVIS-DFT Wannier 3D materials (JVASP-5 to JVASP-28500),,JARVIS-DFT dft_3d/dft_2d
JVASP-21774,SrZnSb2,62,Pnma,3D,10001,mp-12275,184,224,0.0,JVASP-21774.zip,57418985,12,True,wannier90_hr.dat,411351693,True,True,True,True,JARVIS-DFT Wannier 3D materials (JVASP-5 to JVASP-28500),,JARVIS-DFT dft_3d/dft_2d
JVASP-21807,HfAl2,194,P6_3/mmc,3D,109245,mp-12657,112,136,0.0,JVASP-21807.zip,21696453,12,True,wannier90_hr.dat,122305049,True,True,True,True,JARVIS-DFT Wannier 3D materials (JVASP-5 to JVASP-28500),,JARVIS-DFT dft_3d/dft_2d
JVASP-21887,Ta3B2,127,P4/mbm,3D,"107320,615504,615517",mp-13415,104,124,0.0,JVASP-21887.zip,21296051,12,True,wannier90_hr.dat,121681201,True,True,True,True,JARVIS-DFT Wannier 3D materials (JVASP-5 to JVASP-28500),,JARVIS-DFT dft_3d/dft_2d
JVASP-21889,Sr3Hg2,127,P4/mbm,3D,"107371,639227,247135",mp-13427,144,144,0.0,JVASP-21889.zip,42188917,12,True,wannier90_hr.dat,233281201,True,True,True,True,JARVIS-DFT Wannier 3D materials (JVASP-5 to JVASP-28500),,JARVIS-DFT dft_3d/dft_2d
JVASP-21894,NaCdSb,62,Pnma,3D,12159,mp-13459,112,128,0.0,JVASP-21894.zip,8111413,12,True,wannier90_hr.dat,39513981,True,True,True,True,JARVIS-DFT Wannier 3D materials (JVASP-5 to JVASP-28500),,JARVIS-DFT dft_3d/dft_2d
JVASP-21950,HfB4Ir3,176,P6_3/m,3D,1518,mp-13861,160,212,0.0,JVASP-21950.zip,35582936,12,True,wannier90_hr.dat,218880928,True,True,True,True,JARVIS-DFT Wannier 3D materials (JVASP-5 to JVASP-28500),,JARVIS-DFT dft_3d/dft_2d
JVASP-21995,BaZn2Sb2,62,Pnma,3D,32020,mp-14207,256,304,0.012,JVASP-21995.zip,32776286,12,True,wannier90_hr.dat,206438781,True,True,True,True,JARVIS-DFT Wannier 3D materials (JVASP-5 to JVASP-28500),,JARVIS-DFT dft_3d/dft_2d
JVASP-22016,Y3B7W,63,Cmcm,3D,39663,mp-14373,208,240,0.0,JVASP-22016.zip,36767026,12,True,wannier90_hr.dat,227136593,True,True,True,True,JARVIS-DFT Wannier 3D materials (JVASP-5 to JVASP-28500),,JARVIS-DFT dft_3d/dft_2d
JVASP-22031,Tl6TeO12,148,R-3,3D,37134,mp-14410,128,228,0.006,JVASP-22031.zip,4375714,12,True,wannier90_hr.dat,22118598,True,True,True,True,JARVIS-DFT Wannier 3D materials (JVASP-5 to JVASP-28500),,JARVIS-DFT dft_3d/dft_2d
JVASP-22148,NdB4Os4,86,P4_2/n,3D,"86393,614951",mp-15323,192,246,0.0,JVASP-22148.zip,55323836,12,True,wannier90_hr.dat,322560948,True,True,True,True,JARVIS-DFT Wannier 3D materials (JVASP-5 to JVASP-28500),,JARVIS-DFT dft_3d/dft_2d
JVASP-22384,Ta3SnS6,193,P6_3/mcm,3D,74692,mp-9132,160,240,0.0,JVASP-22384.zip,25291191,12,True,wannier90_hr.dat,157440685,True,True,True,True,JARVIS-DFT Wannier 3D materials (JVASP-5 to JVASP-28500),,JARVIS-DFT dft_3d/dft_2d
JVASP-22430,NdB4Ir4,86,P4_2/n,3D,"614548,100351",mp-9584,192,246,0.0,JVASP-22430.zip,55379418,12,True,wannier90_hr.dat,322560948,True,True,True,True,JARVIS-DFT Wannier 3D materials (JVASP-5 to JVASP-28500),,JARVIS-DFT dft_3d/dft_2d
JVASP-22441,Na3Cd2IrO6,12,C2/m,3D,404507,mp-9741,96,142,0.0,JVASP-22441.zip,6390704,12,True,wannier90_hr.dat,32717221,True,True,True,True,JARVIS-DFT Wannier 3D materials (JVASP-5 to JVASP-28500),,JARVIS-DFT dft_3d/dft_2d
JVASP-22547,BaGa2Te4,97,I422,3D,,mp-38117,60,100,0.688,JVASP-22547.zip,7402711,12,True,wannier90_hr.dat,41221222,True,True,True,True,JARVIS-DFT Wannier 3D materials (JVASP-5 to JVASP-28500),,JARVIS-DFT dft_3d/dft_2d
JVASP-22567,SnO2,136,P4_2/mnm,3D,"56675,56676",mp-550172,40,84,0.895,JVASP-22567.zip,5481511,12,True,wannier90_hr.dat,35282296,True,True,True,True,JARVIS-DFT Wannier 3D materials (JVASP-5 to JVASP-28500),,JARVIS-DFT dft_3d/dft_2d
JVASP-22600,RbS,71,Immm,3D,73175,mp-558071,36,44,1.652,JVASP-22600.zip,3774806,12,True,wannier90_hr.dat,19117556,True,True,True,True,JARVIS-DFT Wannier 3D materials (JVASP-5 to JVASP-28500),,JARVIS-DFT dft_3d/dft_2d
JVASP-22652,ScSbPd,216,F-43m,3D,415944,mp-569779,32,56,0.296,JVASP-22652.zip,5231556,12,True,wannier90_hr.dat,27189952,True,True,True,True,JARVIS-DFT Wannier 3D materials (JVASP-5 to JVASP-28500),,JARVIS-DFT dft_3d/dft_2d
JVASP-22653,Sr3BiN,221,Pm-3m,3D,152053,mp-570008,50,54,0.307,JVASP-22653.zip,8172217,12,True,wannier90_hr.dat,42876799,True,True,True,True,JARVIS-DFT Wannier 3D materials (JVASP-5 to JVASP-28500),,JARVIS-DFT dft_3d/dft_2d
JVASP-22657,LiMgBi,216,F-43m,3D,108112,mp-570213,18,40,0.534,JVASP-22657.zip,1333031,12,True,wannier90_hr.dat,3775842,True,True,True,True,JARVIS-DFT Wannier 3D materials (JVASP-5 to JVASP-28500),,JARVIS-DFT dft_3d/dft_2d
JVASP-22685,CdTe,186,P6_3mc,3D,,mp-685146,40,60,0.526,JVASP-22685.zip,7186824,12,True,wannier90_hr.dat,38642509,True,True,True,True,JARVIS-DFT Wannier 3D materials (JVASP-5 to JVASP-28500),,JARVIS-DFT dft_3d/dft_2d
JVASP-22715,KCaBi,129,P4/nmm,3D,409664,mp-773137,64,64,1.098,JVASP-22715.zip,10140746,12,True,wannier90_hr.dat,50177303,True,True,True,True,JARVIS-DFT Wannier 3D materials (JVASP-5 to JVASP-28500),,JARVIS-DFT dft_3d/dft_2d
JVASP-22720,Ba2SbAu,225,Fm-3m,3D,,mp-862631,44,64,0.7,JVASP-22720.zip,5239737,12,True,wannier90_hr.dat,27008675,True,True,True,True,JARVIS-DFT Wannier 3D materials (JVASP-5 to JVASP-28500),,JARVIS-DFT dft_3d/dft_2d
JVASP-22723,MgMoN2,194,P6_3/mmc,3D,,mp-864954,64,96,0.939,JVASP-22723.zip,6886209,12,True,wannier90_hr.dat,41165880,True,True,True,True,JARVIS-DFT Wannier 3D materials (JVASP-5 to JVASP-28500),,JARVIS-DFT dft_3d/dft_2d
JVASP-22724,NaLi2Bi,225,Fm-3m,3D,,mp-865101,20,54,0.504,JVASP-22724.zip,1471286,12,True,wannier90_hr.dat,5581475,True,True,True,True,JARVIS-DFT Wannier 3D materials (JVASP-5 to JVASP-28500),,JARVIS-DFT dft_3d/dft_2d
JVASP-22726,Na2TlSb,225,Fm-3m,3D,,mp-866132,32,42,0.479,JVASP-22726.zip,2937005,12,True,wannier90_hr.dat,14286275,True,True,True,True,JARVIS-DFT Wannier 3D materials (JVASP-5 to JVASP-28500),,JARVIS-DFT dft_3d/dft_2d
JVASP-22729,Sr2SbAu,225,Fm-3m,3D,,mp-867168,44,64,0.771,JVASP-22729.zip,5205501,12,True,wannier90_hr.dat,27008675,True,True,True,True,JARVIS-DFT Wannier 3D materials (JVASP-5 to JVASP-28500),,JARVIS-DFT dft_3d/dft_2d
JVASP-22735,LiCaAs,216,F-43m,3D,,mp-961684,22,38,1.883,JVASP-22735.zip,2598208,12,True,wannier90_hr.dat,13143413,True,True,True,True,JARVIS-DFT Wannier 3D materials (JVASP-5 to JVASP-28500),,JARVIS-DFT dft_3d/dft_2d
JVASP-22758,DyAl7Au3,167,R-3c,3D,391108,mp-16623,216,282,0.0,JVASP-22758.zip,30514358,12,True,wannier90_hr.dat,165629221,True,True,True,True,JARVIS-DFT Wannier 3D materials (JVASP-5 to JVASP-28500),,JARVIS-DFT dft_3d/dft_2d
JVASP-22761,SmAl7Au3,167,R-3c,3D,391111,mp-16626,216,282,0.0,JVASP-22761.zip,29065214,12,True,wannier90_hr.dat,165629221,True,True,True,True,JARVIS-DFT Wannier 3D materials (JVASP-5 to JVASP-28500),,JARVIS-DFT dft_3d/dft_2d
JVASP-22931,Ca5Sb3,62,Pnma,3D,"2065,619564",mp-17564,336,344,0.0,JVASP-22931.zip,28064145,12,True,wannier90_hr.dat,152409798,True,True,True,True,JARVIS-DFT Wannier 3D materials (JVASP-5 to JVASP-28500),,JARVIS-DFT dft_3d/dft_2d
JVASP-23044,SrNi4Sn2,140,I4/mcm,3D,418131,mp-18127,152,232,0.0,JVASP-23044.zip,13806494,12,True,wannier90_hr.dat,82019621,True,True,True,True,JARVIS-DFT Wannier 3D materials (JVASP-5 to JVASP-28500),,JARVIS-DFT dft_3d/dft_2d
JVASP-23065,ScSnPt,190,P-62c,3D,411822,mp-18198,192,260,0.0,JVASP-23065.zip,30458160,12,True,wannier90_hr.dat,175104543,True,True,True,True,JARVIS-DFT Wannier 3D materials (JVASP-5 to JVASP-28500),,JARVIS-DFT dft_3d/dft_2d
JVASP-23116,TbGa3Os,221,Pm-3m,3D,412144,mp-18462,156,212,0.0,JVASP-23116.zip,28287879,12,True,wannier90_hr.dat,152100695,True,True,True,True,JARVIS-DFT Wannier 3D materials (JVASP-5 to JVASP-28500),,JARVIS-DFT dft_3d/dft_2d
JVASP-23385,NdZnSn,194,P6_3/mmc,3D,152626,mp-20201,168,196,0.0,JVASP-23385.zip,51308988,12,True,wannier90_hr.dat,292119510,True,True,True,True,JARVIS-DFT Wannier 3D materials (JVASP-5 to JVASP-28500),,JARVIS-DFT dft_3d/dft_2d
JVASP-23424,TaSiRh,62,Pnma,3D,90435,mp-20436,128,176,0.0,JVASP-23424.zip,30425074,12,True,wannier90_hr.dat,184321201,True,True,True,True,JARVIS-DFT Wannier 3D materials (JVASP-5 to JVASP-28500),,JARVIS-DFT dft_3d/dft_2d
JVASP-23440,Sr2AsAu,225,Fm-3m,3D,,mp-867192,44,64,0.559,JVASP-23440.zip,5298497,12,True,wannier90_hr.dat,27008675,True,True,True,True,JARVIS-DFT Wannier 3D materials (JVASP-5 to JVASP-28500),,JARVIS-DFT dft_3d/dft_2d
JVASP-23502,ZrFeP,62,Pnma,3D,43204,mp-20892,128,168,0.0,JVASP-23502.zip,22969791,12,True,wannier90_hr.dat,143360948,True,True,True,True,JARVIS-DFT Wannier 3D materials (JVASP-5 to JVASP-28500),,JARVIS-DFT dft_3d/dft_2d
JVASP-23550,BaPPt,198,P2_13,3D,59191,mp-21236,128,160,0.0,JVASP-23550.zip,17320822,12,True,wannier90_hr.dat,102400695,True,True,True,True,JARVIS-DFT Wannier 3D materials (JVASP-5 to JVASP-28500),,JARVIS-DFT dft_3d/dft_2d
JVASP-23691,Nb3PbS6,193,P6_3/mcm,3D,74694,mp-21852,160,240,0.0,JVASP-23691.zip,24134499,12,True,wannier90_hr.dat,157440685,True,True,True,True,JARVIS-DFT Wannier 3D materials (JVASP-5 to JVASP-28500),,JARVIS-DFT dft_3d/dft_2d
JVASP-23773,UB12,225,Fm-3m,3D,"24705,615618,655148,615629,615635,23862,615640",mp-22319,112,139,0.0,JVASP-23773.zip,10046427,12,True,wannier90_hr.dat,49549262,True,True,True,True,JARVIS-DFT Wannier 3D materials (JVASP-5 to JVASP-28500),,JARVIS-DFT dft_3d/dft_2d
JVASP-23777,Hf5Ga3,193,P6_3/mcm,3D,"634297,103730,634295",mp-22337,168,200,0.0,JVASP-23777.zip,33339258,12,True,wannier90_hr.dat,187690335,True,True,True,True,JARVIS-DFT Wannier 3D materials (JVASP-5 to JVASP-28500),,JARVIS-DFT dft_3d/dft_2d
JVASP-23794,HfFeP,62,Pnma,3D,86280,mp-22434,128,168,0.0,JVASP-23794.zip,9783436,12,True,wannier90_hr.dat,51609981,True,True,True,True,JARVIS-DFT Wannier 3D materials (JVASP-5 to JVASP-28500),,JARVIS-DFT dft_3d/dft_2d
JVASP-23796,LuSiIr,62,Pnma,3D,413857,mp-22440,184,192,0.0,JVASP-23796.zip,56329097,12,True,wannier90_hr.dat,296240948,True,True,True,True,JARVIS-DFT Wannier 3D materials (JVASP-5 to JVASP-28500),,JARVIS-DFT dft_3d/dft_2d
JVASP-23848,SrSb12Ru4,204,Im-3,3D,42962,mp-22775,156,232,0.0,JVASP-23848.zip,6504139,12,True,wannier90_hr.dat,32853798,True,True,True,True,JARVIS-DFT Wannier 3D materials (JVASP-5 to JVASP-28500),,JARVIS-DFT dft_3d/dft_2d
JVASP-23869,Bi2Pd3S2,199,I2_13,3D,"417634,159366",mp-23012,128,200,0.0,JVASP-23869.zip,10778623,12,True,wannier90_hr.dat,59802031,True,True,True,True,JARVIS-DFT Wannier 3D materials (JVASP-5 to JVASP-28500),,JARVIS-DFT dft_3d/dft_2d
JVASP-25037,Bi2Ir2O7,227,Fd-3m,3D,161103,mp-558392,164,276,0.0,JVASP-25037.zip,16554253,12,True,wannier90_hr.dat,100860441,True,True,True,True,JARVIS-DFT Wannier 3D materials (JVASP-5 to JVASP-28500),,JARVIS-DFT dft_3d/dft_2d
JVASP-25084,W,223,Pm-3n,3D,52344,mp-11334,96,112,0.0,JVASP-25084.zip,26795577,12,True,wannier90_hr.dat,158056199,True,True,True,True,JARVIS-DFT Wannier 3D materials (JVASP-5 to JVASP-28500),,JARVIS-DFT dft_3d/dft_2d
JVASP-25104,Cl,64,Cmce,3D,,mp-1008394,24,64,2.319,JVASP-25104.zip,1183332,12,True,wannier90_hr.dat,4925728,True,True,True,True,JARVIS-DFT Wannier 3D materials (JVASP-5 to JVASP-28500),,JARVIS-DFT dft_3d/dft_2d
JVASP-25114,K,225,Fm-3m,3D,44669,mp-10157,12,16,0.0,JVASP-25114.zip,1960196,12,True,wannier90_hr.dat,7385255,True,True,True,True,JARVIS-DFT Wannier 3D materials (JVASP-5 to JVASP-28500),,JARVIS-DFT dft_3d/dft_2d
JVASP-25135,Tb,229,Im-3m,3D,104193,mp-11446,16,32,0.0,JVASP-25135.zip,4479415,12,True,wannier90_hr.dat,17043605,True,True,True,True,JARVIS-DFT Wannier 3D materials (JVASP-5 to JVASP-28500),,JARVIS-DFT dft_3d/dft_2d
JVASP-25144,P,64,Cmce,3D,"169539,36441,27847,602907,98119,647886,654168,36432,36433,36434,36435,36436,36437,36438,36439,36440,150873,36442,600027,23836",mp-157,32,72,0.056,JVASP-25144.zip,2509871,12,True,wannier90_hr.dat,12545303,True,True,True,True,JARVIS-DFT Wannier 3D materials (JVASP-5 to JVASP-28500),,JARVIS-DFT dft_3d/dft_2d
JVASP-25161,Pb,194,P6_3/mmc,3D,"77864,54313,648350",mp-20745,16,28,0.0,JVASP-25161.zip,1790623,12,True,wannier90_hr.dat,7439805,True,True,True,True,JARVIS-DFT Wannier 3D materials (JVASP-5 to JVASP-28500),,JARVIS-DFT dft_3d/dft_2d
JVASP-25168,Bi,141,I4_1/amd,3D,"409752,653719",mp-23157,16,32,0.0,JVASP-25168.zip,2402515,12,True,wannier90_hr.dat,9053244,True,True,True,True,JARVIS-DFT Wannier 3D materials (JVASP-5 to JVASP-28500),,JARVIS-DFT dft_3d/dft_2d
JVASP-25180,Ca,225,Fm-3m,3D,"53768,619184,181067,44348,44727",mp-45,12,16,0.0,JVASP-25180.zip,1807692,12,True,wannier90_hr.dat,7457305,True,True,True,True,JARVIS-DFT Wannier 3D materials (JVASP-5 to JVASP-28500),,JARVIS-DFT dft_3d/dft_2d
JVASP-25192,S,154,P3_221,3D,281124,mp-555760,54,102,1.958,JVASP-25192.zip,3421650,12,True,wannier90_hr.dat,19392135,True,True,True,True,JARVIS-DFT Wannier 3D materials (JVASP-5 to JVASP-28500),,JARVIS-DFT dft_3d/dft_2d
JVASP-25210,Te,154,P3_221,3D,653048,mp-567313,24,48,0.165,JVASP-25210.zip,1959337,12,True,wannier90_hr.dat,7345353,True,True,True,True,JARVIS-DFT Wannier 3D materials (JVASP-5 to JVASP-28500),,JARVIS-DFT dft_3d/dft_2d
JVASP-25213,Kr,194,P6_3/mmc,3D,9785,mp-567365,16,48,7.258,JVASP-25213.zip,942715,12,True,wannier90_hr.dat,5186113,True,True,True,True,JARVIS-DFT Wannier 3D materials (JVASP-5 to JVASP-28500),,JARVIS-DFT dft_3d/dft_2d
JVASP-25215,Sb,139,I4/mmm,3D,42678,mp-567409,32,72,0.0,JVASP-25215.zip,2412443,12,True,wannier90_hr.dat,10394690,True,True,True,True,JARVIS-DFT Wannier 3D materials (JVASP-5 to JVASP-28500),,JARVIS-DFT dft_3d/dft_2d
JVASP-25217,Bi,221,Pm-3m,3D,"53796,52724",mp-567597,16,32,0.0,JVASP-25217.zip,1832837,12,True,wannier90_hr.dat,6645891,True,True,True,True,JARVIS-DFT Wannier 3D materials (JVASP-5 to JVASP-28500),,JARVIS-DFT dft_3d/dft_2d
JVASP-25227,Bi,229,Im-3m,3D,52725,mp-568610,8,32,0.0,JVASP-25227.zip,1489885,12,True,wannier90_hr.dat,4266005,True,True,True,True,JARVIS-DFT Wannier 3D materials (JVASP-5 to JVASP-28500),,JARVIS-DFT dft_3d/dft_2d
JVASP-25228,Bi,229,Im-3m,3D,51675,mp-568714,8,32,0.0,JVASP-25228.zip,1546683,12,True,wannier90_hr.dat,3490379,True,True,True,True,JARVIS-DFT Wannier 3D materials (JVASP-5 to JVASP-28500),,JARVIS-DFT dft_3d/dft_2d
JVASP-25234,Bi,51,Pmma,3D,43033,mp-569358,16,32,0.0,JVASP-25234.zip,2234038,12,True,wannier90_hr.dat,9437396,True,True,True,True,JARVIS-DFT Wannier 3D materials (JVASP-5 to JVASP-28500),,JARVIS-DFT dft_3d/dft_2d
JVASP-25250,N,136,P4_2/mnm,3D,24891,mp-570747,24,64,6.676,JVASP-25250.zip,1257702,12,True,wannier90_hr.dat,7057303,True,True,True,True,JARVIS-DFT Wannier 3D materials (JVASP-5 to JVASP-28500),,JARVIS-DFT dft_3d/dft_2d
JVASP-25273,Hg,12,C2/m,3D,79804,mp-611219,18,48,0.0,JVASP-25273.zip,2674577,12,True,wannier90_hr.dat,12558988,True,True,True,True,JARVIS-DFT Wannier 3D materials (JVASP-5 to JVASP-28500),,JARVIS-DFT dft_3d/dft_2d
JVASP-25320,Ta,225,Fm-3m,3D,"41520,648970",mp-6986,12,18,0.0,JVASP-25320.zip,2054458,12,True,wannier90_hr.dat,7471716,True,True,True,True,JARVIS-DFT Wannier 3D materials (JVASP-5 to JVASP-28500),,JARVIS-DFT dft_3d/dft_2d
JVASP-25337,Tl,194,P6_3/mmc,3D,"653316,653319,104200,77372,653323,52525,151377,44508",mp-82,16,28,0.0,JVASP-25337.zip,1344349,12,True,wannier90_hr.dat,5186113,True,True,True,True,JARVIS-DFT Wannier 3D materials (JVASP-5 to JVASP-28500),,JARVIS-DFT dft_3d/dft_2d
JVASP-25346,Nb,225,Fm-3m,3D,41512,mp-8636,12,26,0.0,JVASP-25346.zip,2625850,12,True,wannier90_hr.dat,9590005,True,True,True,True,JARVIS-DFT Wannier 3D materials (JVASP-5 to JVASP-28500),,JARVIS-DFT dft_3d/dft_2d
JVASP-25666,SmAsS,62,Pnma,3D,96227,mp-557569,120,156,0.111,JVASP-25666.zip,30510273,12,True,wannier90_hr.dat,174961293,True,True,True,True,JARVIS-DFT Wannier 3D materials (JVASP-5 to JVASP-28500),,JARVIS-DFT dft_3d/dft_2d
JVASP-26103,TbRh3C,221,Pm-3m,3D,77387,mp-542103,60,94,0.0,JVASP-26103.zip,11005668,12,True,wannier90_hr.dat,61741799,True,True,True,True,JARVIS-DFT Wannier 3D materials (JVASP-5 to JVASP-28500),,JARVIS-DFT dft_3d/dft_2d
JVASP-26224,Na3In2Au,227,Fd-3m,3D,170867,mp-542680,208,280,0.0,JVASP-26224.zip,28090821,12,True,wannier90_hr.dat,166566852,True,True,True,True,JARVIS-DFT Wannier 3D materials (JVASP-5 to JVASP-28500),,JARVIS-DFT dft_3d/dft_2d
JVASP-26325,AgSbO3,148,R-3,3D,245292,mp-545999,76,132,0.0,JVASP-26325.zip,3898927,12,True,wannier90_hr.dat,20505221,True,True,True,True,JARVIS-DFT Wannier 3D materials (JVASP-5 to JVASP-28500),,JARVIS-DFT dft_3d/dft_2d
JVASP-26362,KNb4O5F,123,P4/mmm,3D,88880,mp-549490,96,132,0.0,JVASP-26362.zip,16998349,12,True,wannier90_hr.dat,112897303,True,True,True,True,JARVIS-DFT Wannier 3D materials (JVASP-5 to JVASP-28500),,JARVIS-DFT dft_3d/dft_2d
JVASP-26528,Rb2IrF6,164,P-3m1,3D,240955,mp-554337,72,116,0.0,JVASP-26528.zip,4196974,12,True,wannier90_hr.dat,24624543,True,True,True,True,JARVIS-DFT Wannier 3D materials (JVASP-5 to JVASP-28500),,JARVIS-DFT dft_3d/dft_2d
JVASP-26567,Bi2Os2O7,227,Fd-3m,3D,161105,mp-554545,164,284,0.0,JVASP-26567.zip,16458045,12,True,wannier90_hr.dat,100860441,True,True,True,True,JARVIS-DFT Wannier 3D materials (JVASP-5 to JVASP-28500),,JARVIS-DFT dft_3d/dft_2d
JVASP-26630,Bi2Rh2O7,227,Fd-3m,3D,161099,mp-555225,164,284,0.0,JVASP-26630.zip,7696798,12,True,wannier90_hr.dat,41689019,True,True,True,True,JARVIS-DFT Wannier 3D materials (JVASP-5 to JVASP-28500),,JARVIS-DFT dft_3d/dft_2d
JVASP-26681,Na3OsO5,152,P3_121,3D,416999,mp-555476,198,306,0.059,JVASP-26681.zip,17473978,12,True,wannier90_hr.dat,111731750,True,True,True,True,JARVIS-DFT Wannier 3D materials (JVASP-5 to JVASP-28500),,JARVIS-DFT dft_3d/dft_2d
JVASP-26860,SrCu2Sb2,129,P4/nmm,3D,41923,mp-505515,104,152,0.0,JVASP-26860.zip,20411626,12,True,wannier90_hr.dat,132497303,True,True,True,True,JARVIS-DFT Wannier 3D materials (JVASP-5 to JVASP-28500),,JARVIS-DFT dft_3d/dft_2d
JVASP-26961,Sc5Pb3,193,P6_3/mcm,3D,105614,mp-510209,168,196,0.0,JVASP-26961.zip,31956248,12,True,wannier90_hr.dat,187690335,True,True,True,True,JARVIS-DFT Wannier 3D materials (JVASP-5 to JVASP-28500),,JARVIS-DFT dft_3d/dft_2d
JVASP-27060,Hf5Sn4,193,P6_3/mcm,3D,107313,mp-510691,184,228,0.0,JVASP-27060.zip,37328873,12,True,wannier90_hr.dat,225143135,True,True,True,True,JARVIS-DFT Wannier 3D materials (JVASP-5 to JVASP-28500),,JARVIS-DFT dft_3d/dft_2d
JVASP-27330,Rb2Na4Co2O5,136,P4_2/mnm,3D,64680,mp-504964,220,284,0.164,JVASP-27330.zip,11378983,12,True,wannier90_hr.dat,65340198,True,True,True,True,JARVIS-DFT Wannier 3D materials (JVASP-5 to JVASP-28500),,JARVIS-DFT dft_3d/dft_2d
JVASP-27724,Sb2Te3,164,P-3m1,2D,,mp-1201,40,48,0.747,JVASP-27724.zip,2060620,12,True,wannier90_hr.dat,9680675,True,True,True,True,JARVIS-DFT Wannier tight binding Hamiltonians for 2D materials,,JARVIS-DFT dft_3d/dft_2d
JVASP-27726,Zr2Te2P,164,P-3m1,2D,,mp-16765,48,48,0.0,JVASP-27726.zip,4256199,12,True,wannier90_hr.dat,19469718,True,True,True,True,JARVIS-DFT Wannier tight binding Hamiltonians for 2D materials,,JARVIS-DFT dft_3d/dft_2d
JVASP-27738,ThI2,164,P-3m1,2D,,mp-27652,28,40,0.0,JVASP-27738.zip,2243131,12,True,wannier90_hr.dat,8821201,True,True,True,True,JARVIS-DFT Wannier tight binding Hamiltonians for 2D materials,,JARVIS-DFT dft_3d/dft_2d
JVASP-27755,PbF4,123,P4/mmm,2D,,mp-341,32,46,2.512,JVASP-27755.zip,1178277,12,True,wannier90_hr.dat,6195875,True,True,True,True,JARVIS-DFT Wannier tight binding Hamiltonians for 2D materials,,JARVIS-DFT dft_3d/dft_2d
JVASP-27756,AuBr,67,Cmme,2D,,mp-505366,40,48,1.887,JVASP-27756.zip,1931401,12,True,wannier90_hr.dat,9680675,True,True,True,True,JARVIS-DFT Wannier tight binding Hamiltonians for 2D materials,,JARVIS-DFT dft_3d/dft_2d
JVASP-27766,CrAgP2S6,13,P2/c,2D,,mp-557592,152,252,0.977,JVASP-27766.zip,7673577,12,True,wannier90_hr.dat,51984289,True,True,True,True,JARVIS-DFT Wannier tight binding Hamiltonians for 2D materials,,JARVIS-DFT dft_3d/dft_2d
JVASP-27773,ZnCl2,115,P-4m2,2D,,mp-567279,30,44,2.106,JVASP-27773.zip,1678406,12,True,wannier90_hr.dat,7605918,True,True,True,True,JARVIS-DFT Wannier tight binding Hamiltonians for 2D materials,,JARVIS-DFT dft_3d/dft_2d
JVASP-27775,Te2Au,164,P-3m1,2D,,mp-567525,56,64,0.0,JVASP-27775.zip,3105339,12,True,wannier90_hr.dat,16464593,True,True,True,True,JARVIS-DFT Wannier tight binding Hamiltonians for 2D materials,,JARVIS-DFT dft_3d/dft_2d
JVASP-27778,Bi2Pt,164,P-3m1,2D,,mp-569581,28,32,0.0,JVASP-27778.zip,1640266,12,True,wannier90_hr.dat,6625718,True,True,True,True,JARVIS-DFT Wannier tight binding Hamiltonians for 2D materials,,JARVIS-DFT dft_3d/dft_2d
JVASP-27780,ZrTiSe4,10,P2/m,2D,,mp-570062,56,66,0.0,JVASP-27780.zip,4287053,12,True,wannier90_hr.dat,18346254,True,True,True,True,JARVIS-DFT Wannier tight binding Hamiltonians for 2D materials,,JARVIS-DFT dft_3d/dft_2d
JVASP-27834,Ga,51,Pmma,2D,,mp-10021,16,28,0.0,JVASP-27834.zip,1251957,12,True,wannier90_hr.dat,3700726,True,True,True,True,JARVIS-DFT Wannier tight binding Hamiltonians for 2D materials,,JARVIS-DFT dft_3d/dft_2d
JVASP-27836,Se,47,Pmmm,2D,,mp-1009757,16,32,0.0,JVASP-27836.zip,897947,12,True,wannier90_hr.dat,3265353,True,True,True,True,JARVIS-DFT Wannier tight binding Hamiltonians for 2D materials,,JARVIS-DFT dft_3d/dft_2d
JVASP-27847,SiS,53,Pmna,2D,,mp-1023900,56,56,0.641,JVASP-27847.zip,2657219,12,True,wannier90_hr.dat,12074052,True,True,True,True,JARVIS-DFT Wannier tight binding Hamiltonians for 2D materials,,JARVIS-DFT dft_3d/dft_2d
JVASP-27848,TbCBr,12,C2/m,2D,,mp-1025023,128,128,0.015,JVASP-27848.zip,13616899,12,True,wannier90_hr.dat,63078852,True,True,True,True,JARVIS-DFT Wannier tight binding Hamiltonians for 2D materials,,JARVIS-DFT dft_3d/dft_2d
JVASP-27851,Al2FeS4,156,P3m1,2D,,mp-1025204,52,82,0.0,JVASP-27851.zip,3284543,12,True,wannier90_hr.dat,16359875,True,True,True,True,JARVIS-DFT Wannier tight binding Hamiltonians for 2D materials,,JARVIS-DFT dft_3d/dft_2d
JVASP-27853,Nb2CoS4,164,P-3m1,2D,,mp-1025350,60,60,0.0,JVASP-27853.zip,4640420,12,True,wannier90_hr.dat,22500695,True,True,True,True,JARVIS-DFT Wannier tight binding Hamiltonians for 2D materials,,JARVIS-DFT dft_3d/dft_2d
JVASP-27864,Ti2Te2P,164,P-3m1,2D,,mp-12527,48,52,0.0,JVASP-27864.zip,3009128,12,True,wannier90_hr.dat,14400695,True,True,True,True,JARVIS-DFT Wannier tight binding Hamiltonians for 2D materials,,JARVIS-DFT dft_3d/dft_2d
JVASP-27865,Y2C,164,P-3m1,2D,,mp-1334,32,48,0.0,JVASP-27865.zip,1819313,12,True,wannier90_hr.dat,8653718,True,True,True,True,JARVIS-DFT Wannier tight binding Hamiltonians for 2D materials,,JARVIS-DFT dft_3d/dft_2d
JVASP-27885,GeS,31,Pmn2_1,2D,,mp-2242,28,40,1.744,JVASP-27885.zip,1390847,12,True,wannier90_hr.dat,5606386,True,True,True,True,JARVIS-DFT Wannier tight binding Hamiltonians for 2D materials,,JARVIS-DFT dft_3d/dft_2d
JVASP-27889,AgClO4,111,P-42m,2D,,mp-22993,42,54,2.928,JVASP-27889.zip,1381295,12,True,wannier90_hr.dat,7144672,True,True,True,True,JARVIS-DFT Wannier tight binding Hamiltonians for 2D materials,,JARVIS-DFT dft_3d/dft_2d
JVASP-27899,ZrP2H2O6,164,P-3m1,2D,,mp-24030,68,76,2.979,JVASP-27899.zip,3077191,12,True,wannier90_hr.dat,15490801,True,True,True,True,JARVIS-DFT Wannier tight binding Hamiltonians for 2D materials,,JARVIS-DFT dft_3d/dft_2d
JVASP-27906,CrClO,59,Pmmn,2D,,mp-24905,48,76,0.584,JVASP-27906.zip,2825839,12,True,wannier90_hr.dat,16474386,True,True,True,True,JARVIS-DFT Wannier tight binding Hamiltonians for 2D materials,,JARVIS-DFT dft_3d/dft_2d
JVASP-27912,FeO2,164,P-3m1,2D,,mp-25519,24,54,0.0,JVASP-27912.zip,1518272,12,True,wannier90_hr.dat,6596422,True,True,True,True,JARVIS-DFT Wannier tight binding Hamiltonians for 2D materials,,JARVIS-DFT dft_3d/dft_2d
JVASP-27913,MnH2O2,164,P-3m1,2D,,mp-25546,28,54,0.238,JVASP-27913.zip,1168812,12,True,wannier90_hr.dat,4743875,True,True,True,True,JARVIS-DFT Wannier tight binding Hamiltonians for 2D materials,,JARVIS-DFT dft_3d/dft_2d
JVASP-27915,Te4O9,147,P-3,2D,,mp-27127,172,188,2.68,JVASP-27915.zip,9051078,12,True,wannier90_hr.dat,57689059,True,True,True,True,JARVIS-DFT Wannier tight binding Hamiltonians for 2D materials,,JARVIS-DFT dft_3d/dft_2d
JVASP-27920,NiI2,164,P-3m1,2D,,mp-27638,28,58,0.167,JVASP-27920.zip,1643375,12,True,wannier90_hr.dat,6782538,True,True,True,True,JARVIS-DFT Wannier tight binding Hamiltonians for 2D materials,,JARVIS-DFT dft_3d/dft_2d
JVASP-27923,TeAuI,14,P2_1/c,2D,,mp-27741,112,128,1.074,JVASP-27923.zip,6066425,12,True,wannier90_hr.dat,39513981,True,True,True,True,JARVIS-DFT Wannier tight binding Hamiltonians for 2D materials,,JARVIS-DFT dft_3d/dft_2d
JVASP-27940,FePSe3,162,P-31m,2D,,mp-2928,88,148,0.0,JVASP-27940.zip,4619706,12,True,wannier90_hr.dat,26717211,True,True,True,True,JARVIS-DFT Wannier tight binding Hamiltonians for 2D materials,,JARVIS-DFT dft_3d/dft_2d
JVASP-27956,Mg3H2O4,164,P-3m1,2D,,mp-30243,52,54,2.285,JVASP-27956.zip,3690785,12,True,wannier90_hr.dat,16359875,True,True,True,True,JARVIS-DFT Wannier tight binding Hamiltonians for 2D materials,,JARVIS-DFT dft_3d/dft_2d
JVASP-27957,Mg2H2O3,164,P-3m1,2D,,mp-30244,38,46,1.52,JVASP-27957.zip,2092461,12,True,wannier90_hr.dat,9025695,True,True,True,True,JARVIS-DFT Wannier tight binding Hamiltonians for 2D materials,,JARVIS-DFT dft_3d/dft_2d
JVASP-27958,MgH2O2,164,P-3m1,2D,,mp-30247,24,38,3.218,JVASP-27958.zip,1186003,12,True,wannier90_hr.dat,4868118,True,True,True,True,JARVIS-DFT Wannier tight binding Hamiltonians for 2D materials,,JARVIS-DFT dft_3d/dft_2d
JVASP-27971,CoCl2O8,147,P-3,2D,,mp-31621,72,140,0.458,JVASP-27971.zip,2862002,12,True,wannier90_hr.dat,17885211,True,True,True,True,JARVIS-DFT Wannier tight binding Hamiltonians for 2D materials,,JARVIS-DFT dft_3d/dft_2d
JVASP-27982,ZnC2S2O6F6,147,P-3,2D,,mp-40886,118,132,5.951,JVASP-27982.zip,8400367,12,True,wannier90_hr.dat,48038211,True,True,True,True,JARVIS-DFT Wannier tight binding Hamiltonians for 2D materials,,JARVIS-DFT dft_3d/dft_2d
JVASP-28006,ThTe2I2,12,C2/m,2D,,mp-542180,176,176,1.274,JVASP-28006.zip,10579319,12,True,wannier90_hr.dat,69696289,True,True,True,True,JARVIS-DFT Wannier tight binding Hamiltonians for 2D materials,,JARVIS-DFT dft_3d/dft_2d
JVASP-28013,Tl2O,12,C2/m,2D,,mp-551470,44,52,1.137,JVASP-28013.zip,2500002,12,True,wannier90_hr.dat,11326254,True,True,True,True,JARVIS-DFT Wannier tight binding Hamiltonians for 2D materials,,JARVIS-DFT dft_3d/dft_2d
JVASP-28027,Bi4Te3S8,147,P-3,2D,,mp-557619,264,272,0.923,JVASP-28027.zip,13126201,12,True,wannier90_hr.dat,66211358,True,True,True,True,JARVIS-DFT Wannier tight binding Hamiltonians for 2D materials,,JARVIS-DFT dft_3d/dft_2d
JVASP-28065,AgBiP2Se6,143,P3,2D,,mp-569126,84,96,1.087,JVASP-28065.zip,4134688,12,True,wannier90_hr.dat,23638001,True,True,True,True,JARVIS-DFT Wannier tight binding Hamiltonians for 2D materials,,JARVIS-DFT dft_3d/dft_2d
JVASP-28080,Bi2Pb2Se5,164,P-3m1,2D,,mp-570930,72,76,0.931,JVASP-28080.zip,5310528,12,True,wannier90_hr.dat,31363875,True,True,True,True,JARVIS-DFT Wannier tight binding Hamiltonians for 2D materials,,JARVIS-DFT dft_3d/dft_2d
JVASP-28095,Pb2O3,11,P2_1/m,2D,,mp-608439,68,76,1.846,JVASP-28095.zip,3505247,12,True,wannier90_hr.dat,18727672,True,True,True,True,JARVIS-DFT Wannier tight binding Hamiltonians for 2D materials,,JARVIS-DFT dft_3d/dft_2d
JVASP-28112,CdInGaS4,156,P3m1,2D,,mp-630773,52,58,0.494,JVASP-28112.zip,3848731,12,True,wannier90_hr.dat,16900695,True,True,True,True,JARVIS-DFT Wannier tight binding Hamiltonians for 2D materials,,JARVIS-DFT dft_3d/dft_2d
JVASP-28115,TbH2Br,164,P-3m1,2D,,mp-642807,56,64,1.892,JVASP-28115.zip,3988171,12,True,wannier90_hr.dat,19600695,True,True,True,True,JARVIS-DFT Wannier tight binding Hamiltonians for 2D materials,,JARVIS-DFT dft_3d/dft_2d
JVASP-28136,PtCl2,2,P-1,2D,,mp-684670,48,56,0.031,JVASP-28136.zip,2411857,12,True,wannier90_hr.dat,13939875,True,True,True,True,JARVIS-DFT Wannier tight binding Hamiltonians for 2D materials,,JARVIS-DFT dft_3d/dft_2d
JVASP-28143,Tb2C,164,P-3m1,2D,,mp-692,40,48,0.0,JVASP-28143.zip,3512182,12,True,wannier90_hr.dat,13840938,True,True,True,True,JARVIS-DFT Wannier tight binding Hamiltonians for 2D materials,,JARVIS-DFT dft_3d/dft_2d
JVASP-28152,GeSe,31,Pmn2_1,2D,,mp-700,32,44,1.406,JVASP-28152.zip,1743833,12,True,wannier90_hr.dat,7322386,True,True,True,True,JARVIS-DFT Wannier tight binding Hamiltonians for 2D materials,,JARVIS-DFT dft_3d/dft_2d
JVASP-28153,HgF,123,P4/mmm,2D,,mp-706,48,60,2.651,JVASP-28153.zip,3305245,12,True,wannier90_hr.dat,19469718,True,True,True,True,JARVIS-DFT Wannier tight binding Hamiltonians for 2D materials,,JARVIS-DFT dft_3d/dft_2d
JVASP-28199,VC2O6,147,P-3,2D,,mp-763352,64,110,0.0,JVASP-28199.zip,2556514,12,True,wannier90_hr.dat,13722001,True,True,True,True,JARVIS-DFT Wannier tight binding Hamiltonians for 2D materials,,JARVIS-DFT dft_3d/dft_2d
JVASP-28212,TiCo3O8,164,P-3m1,2D,,mp-765864,96,154,0.0,JVASP-28212.zip,5110417,12,True,wannier90_hr.dat,31795611,True,True,True,True,JARVIS-DFT Wannier tight binding Hamiltonians for 2D materials,,JARVIS-DFT dft_3d/dft_2d
JVASP-28223,FeC2O6,147,P-3,2D,,mp-769642,64,110,0.0,JVASP-28223.zip,2719973,12,True,wannier90_hr.dat,13722001,True,True,True,True,JARVIS-DFT Wannier tight binding Hamiltonians for 2D materials,,JARVIS-DFT dft_3d/dft_2d
JVASP-28236,FeCoO4,10,P2/m,2D,,mp-771871,48,82,0.0,JVASP-28236.zip,2352884,12,True,wannier90_hr.dat,13479054,True,True,True,True,JARVIS-DFT Wannier tight binding Hamiltonians for 2D materials,,JARVIS-DFT dft_3d/dft_2d
JVASP-28252,Mg2SiO4,123,P4/mmm,2D,,mp-7983,48,76,0.0,JVASP-28252.zip,2877779,12,True,wannier90_hr.dat,13939875,True,True,True,True,JARVIS-DFT Wannier tight binding Hamiltonians for 2D materials,,JARVIS-DFT dft_3d/dft_2d
JVASP-28262,GaHO2,31,Pmn2_1,2D,,mp-867675,44,52,1.216,JVASP-28262.zip,2290348,12,True,wannier90_hr.dat,9583763,True,True,True,True,JARVIS-DFT Wannier tight binding Hamiltonians for 2D materials,,JARVIS-DFT dft_3d/dft_2d
JVASP-28268,GeTe,156,P3m1,2D,,mp-938,16,22,1.401,JVASP-28268.zip,1039595,12,True,wannier90_hr.dat,2881201,True,True,True,True,JARVIS-DFT Wannier tight binding Hamiltonians for 2D materials,,JARVIS-DFT dft_3d/dft_2d
JVASP-28270,BiS2,12,C2/m,2D,,mp-971673,80,80,1.448,JVASP-28270.zip,3109527,12,True,wannier90_hr.dat,20800391,True,True,True,True,JARVIS-DFT Wannier tight binding Hamiltonians for 2D materials,,JARVIS-DFT dft_3d/dft_2d
JVASP-28280,AgBiO2,11,P2_1/m,2D,,mp-996969,64,72,2.058,JVASP-28280.zip,3377485,12,True,wannier90_hr.dat,18637323,True,True,True,True,JARVIS-DFT Wannier tight binding Hamiltonians for 2D materials,,JARVIS-DFT dft_3d/dft_2d
JVASP-28291,CoS2,164,P-3m1,2D,,,24,28,0.0,JVASP-28291.zip,1433305,12,True,wannier90_hr.dat,4983338,True,True,True,True,JARVIS-DFT Wannier tight binding Hamiltonians for 2D materials,,JARVIS-DFT dft_3d/dft_2d
JVASP-28295,NiS2,164,P-3m1,2D,,,24,38,0.525,JVASP-28295.zip,1174082,12,True,wannier90_hr.dat,4983338,True,True,True,True,JARVIS-DFT Wannier tight binding Hamiltonians for 2D materials,,JARVIS-DFT dft_3d/dft_2d
JVASP-28296,SnO2,164,P-3m1,2D,,,20,34,2.64,JVASP-28296.zip,871098,12,True,wannier90_hr.dat,3380918,True,True,True,True,JARVIS-DFT Wannier tight binding Hamiltonians for 2D materials,,JARVIS-DFT dft_3d/dft_2d
JVASP-28311,SbN,1,P1,2D,,,28,28,2.066,JVASP-28311.zip,1493077,12,True,wannier90_hr.dat,5606386,True,True,True,True,JARVIS-DFT Wannier tight binding Hamiltonians for 2D materials,,JARVIS-DFT dft_3d/dft_2d
JVASP-28345,GaN,194,P6_3/mmc,3D,,mp-1007824,28,56,1.163,JVASP-28345.zip,2589040,12,True,wannier90_hr.dat,13525809,True,True,True,True,JARVIS-DFT Wannier 3D materials (JVASP-5 to JVASP-28500),,JARVIS-DFT dft_3d/dft_2d
JVASP-28376,MoSeS,187,P-6m2,3D,191307,mp-1018806,52,80,0.624,JVASP-28376.zip,6091148,12,True,wannier90_hr.dat,32854893,True,True,True,True,JARVIS-DFT Wannier 3D materials (JVASP-5 to JVASP-28500),,JARVIS-DFT dft_3d/dft_2d
JVASP-28386,TaSe2,194,P6_3/mmc,3D,651956,mp-1019276,56,84,0.0,JVASP-28386.zip,6768485,12,True,wannier90_hr.dat,39044523,True,True,True,True,JARVIS-DFT Wannier 3D materials (JVASP-5 to JVASP-28500),,JARVIS-DFT dft_3d/dft_2d
JVASP-28387,Te2W,194,P6_3/mmc,3D,653170,mp-1019322,56,80,0.892,JVASP-28387.zip,6616692,12,True,wannier90_hr.dat,38103693,True,True,True,True,JARVIS-DFT Wannier 3D materials (JVASP-5 to JVASP-28500),,JARVIS-DFT dft_3d/dft_2d
JVASP-28405,TeWS,156,P3m1,3D,,mp-1023931,52,76,0.249,JVASP-28405.zip,7940552,12,True,wannier90_hr.dat,49079501,True,True,True,True,JARVIS-DFT Wannier 3D materials (JVASP-5 to JVASP-28500),,JARVIS-DFT dft_3d/dft_2d
JVASP-28409,Te2Mo,187,P-6m2,3D,,mp-1023935,28,58,1.228,JVASP-28409.zip,4998183,12,True,wannier90_hr.dat,26541892,True,True,True,True,JARVIS-DFT Wannier 3D materials (JVASP-5 to JVASP-28500),,JARVIS-DFT dft_3d/dft_2d
JVASP-28410,WSe2,187,P-6m2,3D,,mp-1023936,28,48,1.334,JVASP-28410.zip,3728276,12,True,wannier90_hr.dat,19014519,True,True,True,True,JARVIS-DFT Wannier 3D materials (JVASP-5 to JVASP-28500),,JARVIS-DFT dft_3d/dft_2d
JVASP-28416,Te2W,194,P6_3/mmc,3D,,mp-1023942,56,80,0.95,JVASP-28416.zip,6423677,12,True,wannier90_hr.dat,38103693,True,True,True,True,JARVIS-DFT Wannier 3D materials (JVASP-5 to JVASP-28500),,JARVIS-DFT dft_3d/dft_2d
JVASP-28452,WS2,187,P-6m2,3D,,mp-1025571,72,116,0.825,JVASP-28452.zip,13577949,12,True,wannier90_hr.dat,94091501,True,True,True,True,JARVIS-DFT Wannier 3D materials (JVASP-5 to JVASP-28500),,JARVIS-DFT dft_3d/dft_2d
JVASP-28454,Te2W,187,P-6m2,3D,,mp-1025573,84,128,0.985,JVASP-28454.zip,14116801,12,True,wannier90_hr.dat,87848523,True,True,True,True,JARVIS-DFT Wannier 3D materials (JVASP-5 to JVASP-28500),,JARVIS-DFT dft_3d/dft_2d
JVASP-28465,W3Se4S2,187,P-6m2,3D,,mp-1025588,80,124,0.526,JVASP-28465.zip,18957997,12,True,wannier90_hr.dat,120001961,True,True,True,True,JARVIS-DFT Wannier 3D materials (JVASP-5 to JVASP-28500),,JARVIS-DFT dft_3d/dft_2d
JVASP-28480,Te2Mo2WSe4,160,R3m,3D,,mp-1025668,84,132,0.528,JVASP-28480.zip,13977788,12,True,wannier90_hr.dat,85731693,True,True,True,True,JARVIS-DFT Wannier 3D materials (JVASP-5 to JVASP-28500),,JARVIS-DFT dft_3d/dft_2d
JVASP-28493,MoW2Se2S4,8,Cm,3D,,mp-1025716,76,114,0.74,JVASP-28493.zip,11330362,12,True,wannier90_hr.dat,70179693,True,True,True,True,JARVIS-DFT Wannier 3D materials (JVASP-5 to JVASP-28500),,JARVIS-DFT dft_3d/dft_2d
JVASP-28500,MoW2Se4S2,160,R3m,3D,,mp-1025740,80,118,0.541,JVASP-28500.zip,12517384,12,True,wannier90_hr.dat,77761293,True,True,True,True,JARVIS-DFT Wannier 3D materials (JVASP-5 to JVASP-28500),,JARVIS-DFT dft_3d/dft_2d
JVASP-28502,Te2MoW2Se2S2,8,Cm,3D,,mp-1025747,80,118,0.229,JVASP-28502.zip,12891792,12,True,wannier90_hr.dat,80961343,True,True,True,True,JARVIS-DFT Wannier 3D materials (JVASP-28502 to JVASP-40530),,JARVIS-DFT dft_3d/dft_2d
JVASP-28507,Te4Mo3S2,187,P-6m2,3D,,mp-1025769,80,122,0.0,JVASP-28507.zip,13316304,12,True,wannier90_hr.dat,81601353,True,True,True,True,JARVIS-DFT Wannier 3D materials (JVASP-28502 to JVASP-40530),,JARVIS-DFT dft_3d/dft_2d
JVASP-28508,Te2Mo2WSe2S2,8,Cm,3D,,mp-1025772,80,128,0.232,JVASP-28508.zip,12530532,12,True,wannier90_hr.dat,77761293,True,True,True,True,JARVIS-DFT Wannier 3D materials (JVASP-28502 to JVASP-40530),,JARVIS-DFT dft_3d/dft_2d
JVASP-28513,MoW2Se6,160,R3m,3D,,mp-1025787,84,122,1.045,JVASP-28513.zip,13618152,12,True,wannier90_hr.dat,85731693,True,True,True,True,JARVIS-DFT Wannier 3D materials (JVASP-28502 to JVASP-40530),,JARVIS-DFT dft_3d/dft_2d
JVASP-28514,MoSe2,187,P-6m2,3D,,mp-1025799,84,126,1.123,JVASP-28514.zip,17470853,12,True,wannier90_hr.dat,128068301,True,True,True,True,JARVIS-DFT Wannier 3D materials (JVASP-28502 to JVASP-40530),,JARVIS-DFT dft_3d/dft_2d
JVASP-28528,Mo2WSe4S2,160,R3m,3D,,mp-1025866,80,128,0.574,JVASP-28528.zip,12592064,12,True,wannier90_hr.dat,77761293,True,True,True,True,JARVIS-DFT Wannier 3D materials (JVASP-28502 to JVASP-40530),,JARVIS-DFT dft_3d/dft_2d
JVASP-28541,Mo3Se4S2,8,Cm,3D,,mp-1025906,80,122,0.521,JVASP-28541.zip,12491445,12,True,wannier90_hr.dat,80321333,True,True,True,True,JARVIS-DFT Wannier 3D materials (JVASP-28502 to JVASP-40530),,JARVIS-DFT dft_3d/dft_2d
JVASP-28543,Mo2WS6,187,P-6m2,3D,,mp-1025911,72,120,0.877,JVASP-28543.zip,13290966,12,True,wannier90_hr.dat,94091501,True,True,True,True,JARVIS-DFT Wannier 3D materials (JVASP-28502 to JVASP-40530),,JARVIS-DFT dft_3d/dft_2d
JVASP-28576,Te4W3Se2,187,P-6m2,3D,,mp-1026356,84,128,0.377,JVASP-28576.zip,14401561,12,True,wannier90_hr.dat,89965353,True,True,True,True,JARVIS-DFT Wannier 3D materials (JVASP-28502 to JVASP-40530),,JARVIS-DFT dft_3d/dft_2d
JVASP-29222,BiTe,164,P-3m1,3D,"617181,30525,100654,617175",mp-23224,96,168,0.0,JVASP-29222.zip,11767264,12,True,wannier90_hr.dat,70503237,True,True,True,True,JARVIS-DFT Wannier 3D materials (JVASP-28502 to JVASP-40530),,JARVIS-DFT dft_3d/dft_2d
JVASP-29287,SnBi2Te4,166,R-3m,3D,,mp-38605,56,110,0.465,JVASP-29287.zip,3955142,12,True,wannier90_hr.dat,19600695,True,True,True,True,JARVIS-DFT Wannier 3D materials (JVASP-28502 to JVASP-40530),,JARVIS-DFT dft_3d/dft_2d
JVASP-29355,Ta2Te3,12,C2/m,3D,"657711,41047",mp-542634,96,136,0.0,JVASP-29355.zip,11599299,12,True,wannier90_hr.dat,67738406,True,True,True,True,JARVIS-DFT Wannier 3D materials (JVASP-28502 to JVASP-40530),,JARVIS-DFT dft_3d/dft_2d
JVASP-29381,Bi2SeO2,139,I4/mmm,3D,2903,mp-552265,36,76,0.0,JVASP-29381.zip,4926002,12,True,wannier90_hr.dat,25338843,True,True,True,True,JARVIS-DFT Wannier 3D materials (JVASP-28502 to JVASP-40530),,JARVIS-DFT dft_3d/dft_2d
JVASP-29398,VF4,14,P2_1/c,3D,65785,mp-554799,72,132,0.424,JVASP-29398.zip,8224915,12,True,wannier90_hr.dat,70763045,True,True,True,True,JARVIS-DFT Wannier 3D materials (JVASP-28502 to JVASP-40530),,JARVIS-DFT dft_3d/dft_2d
JVASP-29442,Bi14Te13S8,148,R-3,3D,159356,mp-557619,264,440,0.364,JVASP-29442.zip,15546990,12,True,wannier90_hr.dat,94089798,True,True,True,True,JARVIS-DFT Wannier 3D materials (JVASP-28502 to JVASP-40530),,JARVIS-DFT dft_3d/dft_2d
JVASP-29502,PbS,12,C2/m,3D,68712,mp-561320,28,56,1.816,JVASP-29502.zip,2882784,12,True,wannier90_hr.dat,14231501,True,True,True,True,JARVIS-DFT Wannier 3D materials (JVASP-28502 to JVASP-40530),,JARVIS-DFT dft_3d/dft_2d
JVASP-29571,Bi2Te5Pb2,164,P-3m1,3D,42708,mp-569044,72,124,0.03,JVASP-29571.zip,8945956,12,True,wannier90_hr.dat,52100280,True,True,True,True,JARVIS-DFT Wannier 3D materials (JVASP-28502 to JVASP-40530),,JARVIS-DFT dft_3d/dft_2d
JVASP-29634,Te3Pt2,166,R-3m,3D,87398,mp-570562,96,160,0.0,JVASP-29634.zip,14695718,12,True,wannier90_hr.dat,90778660,True,True,True,True,JARVIS-DFT Wannier 3D materials (JVASP-28502 to JVASP-40530),,JARVIS-DFT dft_3d/dft_2d
JVASP-29647,Bi2Pb2Se5,164,P-3m1,3D,30372,mp-570930,72,124,0.493,JVASP-29647.zip,8891751,12,True,wannier90_hr.dat,52100280,True,True,True,True,JARVIS-DFT Wannier 3D materials (JVASP-28502 to JVASP-40530),,JARVIS-DFT dft_3d/dft_2d
JVASP-29717,Bi3Rh,62,Pnma,3D,"600489,58853",mp-581990,144,216,0.0,JVASP-29717.zip,36617297,12,True,wannier90_hr.dat,233281201,True,True,True,True,JARVIS-DFT Wannier 3D materials (JVASP-28502 to JVASP-40530),,JARVIS-DFT dft_3d/dft_2d
JVASP-29951,Cu2HgI4,66,Cccm,3D,,mp-673698,148,248,0.0,JVASP-29951.zip,25415204,12,True,wannier90_hr.dat,167566437,True,True,True,True,JARVIS-DFT Wannier 3D materials (JVASP-28502 to JVASP-40530),,JARVIS-DFT dft_3d/dft_2d
JVASP-29975,Bi2Te4Pb,166,R-3m,3D,616936,mp-676250,56,110,0.532,JVASP-29975.zip,3937268,12,True,wannier90_hr.dat,19600695,True,True,True,True,JARVIS-DFT Wannier 3D materials (JVASP-28502 to JVASP-40530),,JARVIS-DFT dft_3d/dft_2d
JVASP-30119,MoO3,11,P2_1/m,3D,80577,mp-715463,60,104,1.974,JVASP-30119.zip,4660175,12,True,wannier90_hr.dat,34021019,True,True,True,True,JARVIS-DFT Wannier 3D materials (JVASP-28502 to JVASP-40530),,JARVIS-DFT dft_3d/dft_2d
JVASP-30450,Li2DyIn,225,Fm-3m,3D,,mp-865580,28,47,0.0,JVASP-30450.zip,2499035,12,True,wannier90_hr.dat,10938275,True,True,True,True,JARVIS-DFT Wannier 3D materials (JVASP-28502 to JVASP-40530),,JARVIS-DFT dft_3d/dft_2d
JVASP-30451,Li2DyTl,225,Fm-3m,3D,,mp-865581,28,47,0.0,JVASP-30451.zip,2779274,12,True,wannier90_hr.dat,10938275,True,True,True,True,JARVIS-DFT Wannier 3D materials (JVASP-28502 to JVASP-40530),,JARVIS-DFT dft_3d/dft_2d
JVASP-30507,AgBiO2,11,P2_1/m,3D,,mp-996969,64,120,1.304,JVASP-30507.zip,5834259,12,True,wannier90_hr.dat,35021728,True,True,True,True,JARVIS-DFT Wannier 3D materials (JVASP-28502 to JVASP-40530),,JARVIS-DFT dft_3d/dft_2d
JVASP-30934,Ba4Bi3,220,I-43d,3D,96943,mp-30892,144,160,0.0,JVASP-30934.zip,14038732,12,True,wannier90_hr.dat,73613221,True,True,True,True,JARVIS-DFT Wannier 3D materials (JVASP-28502 to JVASP-40530),,JARVIS-DFT dft_3d/dft_2d
JVASP-31211,MgTa2N3,193,P6_3/mcm,3D,,mp-39105,200,264,0.0,JVASP-31211.zip,19998160,12,True,wannier90_hr.dat,114000350,True,True,True,True,JARVIS-DFT Wannier 3D materials (JVASP-28502 to JVASP-40530),,JARVIS-DFT dft_3d/dft_2d
JVASP-31349,As,53,Pmna,2D,,mp-158,32,32,0.747,JVASP-31349.zip,1734028,12,True,wannier90_hr.dat,7322386,True,True,True,True,JARVIS-DFT Wannier tight binding Hamiltonians for 2D materials,,JARVIS-DFT dft_3d/dft_2d
JVASP-31353,InBi,129,P4/nmm,2D,,mp-23313,32,44,0.0,JVASP-31353.zip,1791193,12,True,wannier90_hr.dat,6195875,True,True,True,True,JARVIS-DFT Wannier tight binding Hamiltonians for 2D materials,,JARVIS-DFT dft_3d/dft_2d
JVASP-31361,PdSe6Cl2,2,P-1,2D,,mp-29469,72,92,1.46,JVASP-31361.zip,3228494,12,True,wannier90_hr.dat,17366801,True,True,True,True,JARVIS-DFT Wannier tight binding Hamiltonians for 2D materials,,JARVIS-DFT dft_3d/dft_2d
JVASP-31367,ZrBr,164,P-3m1,2D,,mp-504594,40,48,0.0,JVASP-31367.zip,2764892,12,True,wannier90_hr.dat,13520918,True,True,True,True,JARVIS-DFT Wannier tight binding Hamiltonians for 2D materials,,JARVIS-DFT dft_3d/dft_2d
JVASP-31373,Bi2Se3,164,P-3m1,2D,,mp-541837,40,48,0.96,JVASP-31373.zip,1986231,12,True,wannier90_hr.dat,9680675,True,True,True,True,JARVIS-DFT Wannier tight binding Hamiltonians for 2D materials,,JARVIS-DFT dft_3d/dft_2d
JVASP-31375,PdSeO3,11,P2_1/m,2D,,mp-545482,76,84,1.111,JVASP-31375.zip,3501508,12,True,wannier90_hr.dat,22238052,True,True,True,True,JARVIS-DFT Wannier tight binding Hamiltonians for 2D materials,,JARVIS-DFT dft_3d/dft_2d
JVASP-31377,NbBr2O,25,Pmm2,2D,,mp-550070,68,80,0.82,JVASP-31377.zip,3769692,12,True,wannier90_hr.dat,21039723,True,True,True,True,JARVIS-DFT Wannier tight binding Hamiltonians for 2D materials,,JARVIS-DFT dft_3d/dft_2d
JVASP-31378,SrSbSe2F,129,P4/nmm,2D,,mp-556194,84,108,0.155,JVASP-31378.zip,6418604,12,True,wannier90_hr.dat,28577272,True,True,True,True,JARVIS-DFT Wannier tight binding Hamiltonians for 2D materials,,JARVIS-DFT dft_3d/dft_2d
JVASP-31379,CoO2,12,C2/m,2D,,mp-556750,48,88,0.0,JVASP-31379.zip,2664248,12,True,wannier90_hr.dat,15552745,True,True,True,True,JARVIS-DFT Wannier tight binding Hamiltonians for 2D materials,,JARVIS-DFT dft_3d/dft_2d
JVASP-31418,SbAsO4,11,P2_1/m,2D,,mp-7784,80,80,3.63,JVASP-31418.zip,3645214,12,True,wannier90_hr.dat,20160381,True,True,True,True,JARVIS-DFT Wannier tight binding Hamiltonians for 2D materials,,JARVIS-DFT dft_3d/dft_2d
JVASP-31420,Te3As2,164,P-3m1,2D,,mp-9897,40,48,0.747,JVASP-31420.zip,2039426,12,True,wannier90_hr.dat,9680675,True,True,True,True,JARVIS-DFT Wannier tight binding Hamiltonians for 2D materials,,JARVIS-DFT dft_3d/dft_2d
JVASP-32145,IrC2,139,I4/mmm,3D,,mp-1009071,28,48,0.0,JVASP-32145.zip,4092384,12,True,wannier90_hr.dat,21131592,True,True,True,True,JARVIS-DFT Wannier 3D materials (JVASP-28502 to JVASP-40530),,JARVIS-DFT dft_3d/dft_2d
JVASP-32741,HfI3,193,P6_3/mcm,3D,23947,mp-568002,72,116,0.0,JVASP-32741.zip,11957476,12,True,wannier90_hr.dat,74391916,True,True,True,True,JARVIS-DFT Wannier 3D materials (JVASP-28502 to JVASP-40530),,JARVIS-DFT dft_3d/dft_2d
JVASP-32749,BiI,12,C2/m,3D,1559,mp-568388,64,120,0.82,JVASP-32749.zip,4101313,12,True,wannier90_hr.dat,20685373,True,True,True,True,JARVIS-DFT Wannier 3D materials (JVASP-28502 to JVASP-40530),,JARVIS-DFT dft_3d/dft_2d
JVASP-32759,BiBr,12,C2/m,3D,1560,mp-568758,128,216,0.719,JVASP-32759.zip,11772498,12,True,wannier90_hr.dat,69632492,True,True,True,True,JARVIS-DFT Wannier 3D materials (JVASP-28502 to JVASP-40530),,JARVIS-DFT dft_3d/dft_2d
JVASP-32834,InCl,63,Cmcm,3D,"2430,2431",mp-571555,28,56,1.593,JVASP-32834.zip,3232513,12,True,wannier90_hr.dat,17995187,True,True,True,True,JARVIS-DFT Wannier 3D materials (JVASP-28502 to JVASP-40530),,JARVIS-DFT dft_3d/dft_2d
JVASP-33718,F,64,Cmce,3D,,mp-760482,24,64,2.638,JVASP-33718.zip,1156163,12,True,wannier90_hr.dat,5789880,True,True,True,True,JARVIS-DFT Wannier 3D materials (JVASP-28502 to JVASP-40530),,JARVIS-DFT dft_3d/dft_2d
JVASP-34163,Si3W5,140,I4/mcm,3D,73331,mp-31219,168,208,0.0,JVASP-34163.zip,25330592,12,True,wannier90_hr.dat,145354183,True,True,True,True,JARVIS-DFT Wannier 3D materials (JVASP-28502 to JVASP-40530),,JARVIS-DFT dft_3d/dft_2d
JVASP-34485,ZrCoF6,225,Fm-3m,3D,83724,mp-555491,60,124,0.0,JVASP-34485.zip,3539824,12,True,wannier90_hr.dat,22500695,True,True,True,True,JARVIS-DFT Wannier 3D materials (JVASP-28502 to JVASP-40530),,JARVIS-DFT dft_3d/dft_2d
JVASP-34818,NiPb2N6O12,225,Fm-3m,3D,,mp-25102,136,250,0.079,JVASP-34818.zip,4488528,12,True,wannier90_hr.dat,24969798,True,True,True,True,JARVIS-DFT Wannier 3D materials (JVASP-28502 to JVASP-40530),,JARVIS-DFT dft_3d/dft_2d
JVASP-34824,BiO2,72,Ibam,3D,,mp-25208,80,144,0.0,JVASP-34824.zip,4412430,12,True,wannier90_hr.dat,22720421,True,True,True,True,JARVIS-DFT Wannier 3D materials (JVASP-28502 to JVASP-40530),,JARVIS-DFT dft_3d/dft_2d
JVASP-34889,AgBiSe2,166,R-3m,3D,"26518,26519",mp-27916,108,176,0.23,JVASP-34889.zip,18574674,12,True,wannier90_hr.dat,120723510,True,True,True,True,JARVIS-DFT Wannier 3D materials (JVASP-28502 to JVASP-40530),,JARVIS-DFT dft_3d/dft_2d
JVASP-34934,HfAs2,62,Pnma,3D,42916,mp-29646,112,152,0.0,JVASP-34934.zip,23080630,12,True,wannier90_hr.dat,141121201,True,True,True,True,JARVIS-DFT Wannier 3D materials (JVASP-28502 to JVASP-40530),,JARVIS-DFT dft_3d/dft_2d
JVASP-35007,NbGeSb,129,P4/nmm,3D,637231,mp-1018811,56,80,0.0,JVASP-35007.zip,10382726,12,True,wannier90_hr.dat,63506113,True,True,True,True,JARVIS-DFT Wannier 3D materials (JVASP-28502 to JVASP-40530),,JARVIS-DFT dft_3d/dft_2d
JVASP-35013,NdTlCd,194,P6_3/mmc,3D,620196,mp-1018819,72,78,0.0,JVASP-35013.zip,10397026,12,True,wannier90_hr.dat,50545049,True,True,True,True,JARVIS-DFT Wannier 3D materials (JVASP-28502 to JVASP-40530),,JARVIS-DFT dft_3d/dft_2d
JVASP-35027,PdCl2,58,Pnnm,3D,421220,mp-1018888,48,88,0.652,JVASP-35027.zip,4419187,12,True,wannier90_hr.dat,36289657,True,True,True,True,JARVIS-DFT Wannier 3D materials (JVASP-28502 to JVASP-40530),,JARVIS-DFT dft_3d/dft_2d
JVASP-35056,CaSnHg,194,P6_3/mmc,3D,659596,mp-1019087,76,92,0.0,JVASP-35056.zip,9962314,12,True,wannier90_hr.dat,56317049,True,True,True,True,JARVIS-DFT Wannier 3D materials (JVASP-28502 to JVASP-40530),,JARVIS-DFT dft_3d/dft_2d
JVASP-35057,KMgAs,129,P4/nmm,3D,610753,mp-1019089,56,68,1.365,JVASP-35057.zip,11277057,12,True,wannier90_hr.dat,63506113,True,True,True,True,JARVIS-DFT Wannier 3D materials (JVASP-28502 to JVASP-40530),,JARVIS-DFT dft_3d/dft_2d
JVASP-35066,CaSnHg,186,P6_3mc,3D,602726,mp-1019104,76,108,0.0,JVASP-35066.zip,9881858,12,True,wannier90_hr.dat,59205100,True,True,True,True,JARVIS-DFT Wannier 3D materials (JVASP-28502 to JVASP-40530),,JARVIS-DFT dft_3d/dft_2d
JVASP-35067,KMgBi,129,P4/nmm,3D,616748,mp-1019105,56,68,0.555,JVASP-35067.zip,11496521,12,True,wannier90_hr.dat,63506113,True,True,True,True,JARVIS-DFT Wannier 3D materials (JVASP-28502 to JVASP-40530),,JARVIS-DFT dft_3d/dft_2d
JVASP-35072,SmSbTe,129,P4/nmm,3D,602285,mp-1019138,64,90,0.0,JVASP-35072.zip,6126020,12,True,wannier90_hr.dat,30106406,True,True,True,True,JARVIS-DFT Wannier 3D materials (JVASP-28502 to JVASP-40530),,JARVIS-DFT dft_3d/dft_2d
JVASP-35074,SmSe2,129,P4/nmm,3D,"651880,651891",mp-1019253,64,90,0.0,JVASP-35074.zip,15054174,12,True,wannier90_hr.dat,82946113,True,True,True,True,JARVIS-DFT Wannier 3D materials (JVASP-28502 to JVASP-40530),,JARVIS-DFT dft_3d/dft_2d
JVASP-35079,SrSnHg,186,P6_3mc,3D,602716,mp-1019259,76,92,0.0,JVASP-35079.zip,9906390,12,True,wannier90_hr.dat,59205100,True,True,True,True,JARVIS-DFT Wannier 3D materials (JVASP-28502 to JVASP-40530),,JARVIS-DFT dft_3d/dft_2d
JVASP-35086,TaTi2N3,191,P6/mmm,3D,186418,mp-1019273,54,72,0.0,JVASP-35086.zip,9133532,12,True,wannier90_hr.dat,53802131,True,True,True,True,JARVIS-DFT Wannier 3D materials (JVASP-28502 to JVASP-40530),,JARVIS-DFT dft_3d/dft_2d
JVASP-35095,TcB2,194,P6_3/mmc,3D,615553,mp-1019317,56,84,0.0,JVASP-35095.zip,9001375,12,True,wannier90_hr.dat,54097809,True,True,True,True,JARVIS-DFT Wannier 3D materials (JVASP-28502 to JVASP-40530),,JARVIS-DFT dft_3d/dft_2d
JVASP-35103,ThSbTe,129,P4/nmm,3D,"602304,651640",mp-1019361,56,80,0.0,JVASP-35103.zip,12434677,12,True,wannier90_hr.dat,63506113,True,True,True,True,JARVIS-DFT Wannier 3D materials (JVASP-28502 to JVASP-40530),,JARVIS-DFT dft_3d/dft_2d
JVASP-35105,ThTeAs,129,P4/nmm,3D,611471,mp-1019363,56,80,0.0,JVASP-35105.zip,11302727,12,True,wannier90_hr.dat,63506113,True,True,True,True,JARVIS-DFT Wannier 3D materials (JVASP-28502 to JVASP-40530),,JARVIS-DFT dft_3d/dft_2d
JVASP-35194,ZnGeO3,161,R3c,3D,183725,mp-1020631,88,144,1.563,JVASP-35194.zip,12996614,12,True,wannier90_hr.dat,89444432,True,True,True,True,JARVIS-DFT Wannier 3D materials (JVASP-28502 to JVASP-40530),,JARVIS-DFT dft_3d/dft_2d
JVASP-35214,Na2ZnSe2,72,Ibam,3D,,mp-1021465,100,136,1.958,JVASP-35214.zip,11796941,12,True,wannier90_hr.dat,75500827,True,True,True,True,JARVIS-DFT Wannier 3D materials (JVASP-28502 to JVASP-40530),,JARVIS-DFT dft_3d/dft_2d
JVASP-35222,P3Pd,204,Im-3,3D,,mp-1021498,144,224,0.0,JVASP-35222.zip,15466156,12,True,wannier90_hr.dat,92275712,True,True,True,True,JARVIS-DFT Wannier 3D materials (JVASP-28502 to JVASP-40530),,JARVIS-DFT dft_3d/dft_2d
JVASP-35288,ErInNi4,216,F-43m,3D,,mp-1024983,72,105,0.0,JVASP-35288.zip,13089660,12,True,wannier90_hr.dat,72318275,True,True,True,True,JARVIS-DFT Wannier 3D materials (JVASP-28502 to JVASP-40530),,JARVIS-DFT dft_3d/dft_2d
JVASP-35289,TbInPt4,216,F-43m,3D,,mp-1024984,72,102,0.0,JVASP-35289.zip,13549807,12,True,wannier90_hr.dat,72318275,True,True,True,True,JARVIS-DFT Wannier 3D materials (JVASP-28502 to JVASP-40530),,JARVIS-DFT dft_3d/dft_2d
JVASP-35338,TbSe2,129,P4/nmm,3D,,mp-1025077,64,96,0.0,JVASP-35338.zip,14986608,12,True,wannier90_hr.dat,82946113,True,True,True,True,JARVIS-DFT Wannier 3D materials (JVASP-28502 to JVASP-40530),,JARVIS-DFT dft_3d/dft_2d
JVASP-35401,Rb2PdCl4,123,P4/mmm,3D,,mp-1025201,60,88,1.676,JVASP-35401.zip,6314431,12,True,wannier90_hr.dat,40501201,True,True,True,True,JARVIS-DFT Wannier 3D materials (JVASP-28502 to JVASP-40530),,JARVIS-DFT dft_3d/dft_2d
JVASP-35414,ZnPd5Se,123,P4/mmm,3D,,mp-1025222,86,128,0.0,JVASP-35414.zip,14616673,12,True,wannier90_hr.dat,90602303,True,True,True,True,JARVIS-DFT Wannier 3D materials (JVASP-28502 to JVASP-40530),,JARVIS-DFT dft_3d/dft_2d
JVASP-35449,AlPPt5,123,P4/mmm,3D,,mp-1025271,76,112,0.0,JVASP-35449.zip,12686204,12,True,wannier90_hr.dat,70757303,True,True,True,True,JARVIS-DFT Wannier 3D materials (JVASP-28502 to JVASP-40530),,JARVIS-DFT dft_3d/dft_2d
JVASP-35469,SnPPd5,123,P4/mmm,3D,,mp-1025296,76,118,0.0,JVASP-35469.zip,12202481,12,True,wannier90_hr.dat,70757303,True,True,True,True,JARVIS-DFT Wannier 3D materials (JVASP-28502 to JVASP-40530),,JARVIS-DFT dft_3d/dft_2d
JVASP-35477,CdAsPt5,123,P4/mmm,3D,,mp-1025311,80,118,0.0,JVASP-35477.zip,14428753,12,True,wannier90_hr.dat,78401303,True,True,True,True,JARVIS-DFT Wannier 3D materials (JVASP-28502 to JVASP-40530),,JARVIS-DFT dft_3d/dft_2d
JVASP-35490,TlSiPt5,123,P4/mmm,3D,,mp-1025329,76,118,0.0,JVASP-35490.zip,12667278,12,True,wannier90_hr.dat,70757303,True,True,True,True,JARVIS-DFT Wannier 3D materials (JVASP-28502 to JVASP-40530),,JARVIS-DFT dft_3d/dft_2d
JVASP-35491,In2AgSe4,82,I-4,3D,,mp-1025331,60,108,0.0,JVASP-35491.zip,7511948,12,True,wannier90_hr.dat,42661262,True,True,True,True,JARVIS-DFT Wannier 3D materials (JVASP-28502 to JVASP-40530),,JARVIS-DFT dft_3d/dft_2d
JVASP-35524,InSiPt5,123,P4/mmm,3D,,mp-1025370,76,118,0.0,JVASP-35524.zip,12585903,12,True,wannier90_hr.dat,70757303,True,True,True,True,JARVIS-DFT Wannier 3D materials (JVASP-28502 to JVASP-40530),,JARVIS-DFT dft_3d/dft_2d
JVASP-35528,CdAg2I4,121,I-42m,3D,,mp-1025377,68,118,1.611,JVASP-35528.zip,9919134,12,True,wannier90_hr.dat,58494943,True,True,True,True,JARVIS-DFT Wannier 3D materials (JVASP-28502 to JVASP-40530),,JARVIS-DFT dft_3d/dft_2d
JVASP-35533,TlPPt5,123,P4/mmm,3D,,mp-1025383,76,118,0.0,JVASP-35533.zip,12716087,12,True,wannier90_hr.dat,70757303,True,True,True,True,JARVIS-DFT Wannier 3D materials (JVASP-28502 to JVASP-40530),,JARVIS-DFT dft_3d/dft_2d
JVASP-35541,NbTl3Se4,217,I-43m,3D,600249,mp-1025396,68,108,1.986,JVASP-35541.zip,10156599,12,True,wannier90_hr.dat,59882174,True,True,True,True,JARVIS-DFT Wannier 3D materials (JVASP-28502 to JVASP-40530),,JARVIS-DFT dft_3d/dft_2d
JVASP-35597,LiNbSe2,194,P6_3/mmc,3D,,mp-1025496,60,96,0.672,JVASP-35597.zip,6260929,12,True,wannier90_hr.dat,37261110,True,True,True,True,JARVIS-DFT Wannier 3D materials (JVASP-28502 to JVASP-40530),,JARVIS-DFT dft_3d/dft_2d
JVASP-35621,Tl3VSe4,217,I-43m,3D,600248,mp-1025549,68,108,1.532,JVASP-35621.zip,10198771,12,True,wannier90_hr.dat,59882174,True,True,True,True,JARVIS-DFT Wannier 3D materials (JVASP-28502 to JVASP-40530),,JARVIS-DFT dft_3d/dft_2d
JVASP-35623,GaPt,198,P2_13,3D,,mp-1025551,80,120,0.0,JVASP-35623.zip,17824722,12,True,wannier90_hr.dat,109761799,True,True,True,True,JARVIS-DFT Wannier 3D materials (JVASP-28502 to JVASP-40530),,JARVIS-DFT dft_3d/dft_2d
JVASP-35642,KWO3,221,Pm-3m,3D,,mp-1040472,42,66,0.0,JVASP-35642.zip,4354584,12,True,wannier90_hr.dat,24080045,True,True,True,True,JARVIS-DFT Wannier 3D materials (JVASP-28502 to JVASP-40530),,JARVIS-DFT dft_3d/dft_2d
JVASP-35654,Hf2SN2,164,P-3m1,3D,250915,mp-1017567,42,62,1.149,JVASP-35654.zip,5375306,12,True,wannier90_hr.dat,30430809,True,True,True,True,JARVIS-DFT Wannier 3D materials (JVASP-28502 to JVASP-40530),,JARVIS-DFT dft_3d/dft_2d
JVASP-35656,HfBRh3,221,Pm-3m,3D,614447,mp-1017578,56,88,0.0,JVASP-35656.zip,9576452,12,True,wannier90_hr.dat,53784199,True,True,True,True,JARVIS-DFT Wannier 3D materials (JVASP-28502 to JVASP-40530),,JARVIS-DFT dft_3d/dft_2d
JVASP-35659,LaPd3C,221,Pm-3m,3D,190801,mp-1017581,70,88,0.0,JVASP-35659.zip,13901808,12,True,wannier90_hr.dat,84036799,True,True,True,True,JARVIS-DFT Wannier 3D materials (JVASP-28502 to JVASP-40530),,JARVIS-DFT dft_3d/dft_2d
JVASP-35664,MgBe2P2,164,P-3m1,3D,616328,mp-1017628,40,54,0.801,JVASP-35664.zip,4667406,12,True,wannier90_hr.dat,27601809,True,True,True,True,JARVIS-DFT Wannier 3D materials (JVASP-28502 to JVASP-40530),,JARVIS-DFT dft_3d/dft_2d
JVASP-35666,ScBPd3,221,Pm-3m,3D,190796,mp-1017631,56,88,0.0,JVASP-35666.zip,9346443,12,True,wannier90_hr.dat,53784199,True,True,True,True,JARVIS-DFT Wannier 3D materials (JVASP-28502 to JVASP-40530),,JARVIS-DFT dft_3d/dft_2d
JVASP-35667,Ni3SnN,221,Pm-3m,3D,183371,mp-1017632,50,90,0.0,JVASP-35667.zip,3082532,12,True,wannier90_hr.dat,15625695,True,True,True,True,JARVIS-DFT Wannier 3D materials (JVASP-28502 to JVASP-40530),,JARVIS-DFT dft_3d/dft_2d
JVASP-35668,TlN,186,P6_3mc,3D,,mp-1017982,28,56,0.0,JVASP-35668.zip,3619784,12,True,wannier90_hr.dat,18936109,True,True,True,True,JARVIS-DFT Wannier 3D materials (JVASP-28502 to JVASP-40530),,JARVIS-DFT dft_3d/dft_2d
JVASP-35673,Li2MgSi,216,F-43m,3D,,mp-1018009,20,54,0.202,JVASP-35673.zip,1536230,12,True,wannier90_hr.dat,5581475,True,True,True,True,JARVIS-DFT Wannier 3D materials (JVASP-28502 to JVASP-40530),,JARVIS-DFT dft_3d/dft_2d
JVASP-35680,PbS,194,P6_3/mmc,3D,,mp-1018019,28,48,0.125,JVASP-35680.zip,2194614,12,True,wannier90_hr.dat,9997353,True,True,True,True,JARVIS-DFT Wannier 3D materials (JVASP-28502 to JVASP-40530),,JARVIS-DFT dft_3d/dft_2d
JVASP-35698,Ti2InCo,225,Fm-3m,3D,,mp-1018043,44,58,0.0,JVASP-35698.zip,5437712,12,True,wannier90_hr.dat,27008675,True,True,True,True,JARVIS-DFT Wannier 3D materials (JVASP-28502 to JVASP-40530),,JARVIS-DFT dft_3d/dft_2d
JVASP-35707,HfPt3,221,Pm-3m,3D,,mp-1018054,48,74,0.0,JVASP-35707.zip,7624172,12,True,wannier90_hr.dat,39515399,True,True,True,True,JARVIS-DFT Wannier 3D materials (JVASP-28502 to JVASP-40530),,JARVIS-DFT dft_3d/dft_2d
JVASP-35711,GaSb,186,P6_3mc,3D,,mp-1018059,32,52,0.0,JVASP-35711.zip,2838403,12,True,wannier90_hr.dat,13057353,True,True,True,True,JARVIS-DFT Wannier 3D materials (JVASP-28502 to JVASP-40530),,JARVIS-DFT dft_3d/dft_2d
JVASP-35715,ErH3,225,Fm-3m,3D,,mp-1018063,22,43,0.0,JVASP-35715.zip,1824717,12,True,wannier90_hr.dat,6753275,True,True,True,True,JARVIS-DFT Wannier 3D materials (JVASP-28502 to JVASP-40530),,JARVIS-DFT dft_3d/dft_2d
JVASP-35727,Ga2BiAs,115,P-4m2,3D,,mp-1018076,32,60,0.0,JVASP-35727.zip,5534231,12,True,wannier90_hr.dat,29033334,True,True,True,True,JARVIS-DFT Wannier 3D materials (JVASP-28502 to JVASP-40530),,JARVIS-DFT dft_3d/dft_2d
JVASP-35738,CaZnSe2,115,P-4m2,3D,,mp-1018089,46,72,1.572,JVASP-35738.zip,8833986,12,True,wannier90_hr.dat,59991534,True,True,True,True,JARVIS-DFT Wannier 3D materials (JVASP-28502 to JVASP-40530),,JARVIS-DFT dft_3d/dft_2d
JVASP-35741,CaGaGeH,156,P3m1,3D,,mp-1018093,30,52,0.568,JVASP-35741.zip,4035161,12,True,wannier90_hr.dat,21737509,True,True,True,True,JARVIS-DFT Wannier 3D materials (JVASP-28502 to JVASP-40530),,JARVIS-DFT dft_3d/dft_2d
JVASP-35742,BaGaSnH,156,P3m1,3D,,mp-1018094,30,52,0.025,JVASP-35742.zip,4188155,12,True,wannier90_hr.dat,21737509,True,True,True,True,JARVIS-DFT Wannier 3D materials (JVASP-28502 to JVASP-40530),,JARVIS-DFT dft_3d/dft_2d
JVASP-35748,AlSb,186,P6_3mc,3D,,mp-1018100,32,48,1.058,JVASP-35748.zip,4462179,12,True,wannier90_hr.dat,24732109,True,True,True,True,JARVIS-DFT Wannier 3D materials (JVASP-28502 to JVASP-40530),,JARVIS-DFT dft_3d/dft_2d
JVASP-35763,GaBi,216,F-43m,3D,,mp-1018126,16,38,0.0,JVASP-35763.zip,2034554,12,True,wannier90_hr.dat,7900788,True,True,True,True,JARVIS-DFT Wannier 3D materials (JVASP-28502 to JVASP-40530),,JARVIS-DFT dft_3d/dft_2d
JVASP-35769,AlBi,216,F-43m,3D,,mp-1018132,16,32,0.0,JVASP-35769.zip,2031025,12,True,wannier90_hr.dat,7900788,True,True,True,True,JARVIS-DFT Wannier 3D materials (JVASP-28502 to JVASP-40530),,JARVIS-DFT dft_3d/dft_2d
JVASP-35772,LaBiPt,216,F-43m,3D,,mp-1018136,46,56,0.0,JVASP-35772.zip,12419094,12,True,wannier90_hr.dat,65281788,True,True,True,True,JARVIS-DFT Wannier 3D materials (JVASP-28502 to JVASP-40530),,JARVIS-DFT dft_3d/dft_2d
JVASP-35776,BaC2,166,R-3m,3D,,mp-1018141,28,40,1.466,JVASP-35776.zip,3928495,12,True,wannier90_hr.dat,20817952,True,True,True,True,JARVIS-DFT Wannier 3D materials (JVASP-28502 to JVASP-40530),,JARVIS-DFT dft_3d/dft_2d
JVASP-35797,PtC,225,Fm-3m,3D,,mp-1018165,20,48,0.0,JVASP-35797.zip,2717715,12,True,wannier90_hr.dat,12343188,True,True,True,True,JARVIS-DFT Wannier 3D materials (JVASP-28502 to JVASP-40530),,JARVIS-DFT dft_3d/dft_2d
JVASP-35806,ScPt3C,221,Pm-3m,3D,190793,mp-1018628,56,88,0.0,JVASP-35806.zip,9666851,12,True,wannier90_hr.dat,53784199,True,True,True,True,JARVIS-DFT Wannier 3D materials (JVASP-28502 to JVASP-40530),,JARVIS-DFT dft_3d/dft_2d
JVASP-35808,CaBe2As2,164,P-3m1,3D,609867,mp-1018630,44,68,0.819,JVASP-35808.zip,5640551,12,True,wannier90_hr.dat,33397809,True,True,True,True,JARVIS-DFT Wannier 3D materials (JVASP-28502 to JVASP-40530),,JARVIS-DFT dft_3d/dft_2d
JVASP-35817,TiSnO3,221,Pm-3m,3D,186724,mp-1018639,38,58,1.147,JVASP-35817.zip,3953775,12,True,wannier90_hr.dat,24766399,True,True,True,True,JARVIS-DFT Wannier 3D materials (JVASP-28502 to JVASP-40530),,JARVIS-DFT dft_3d/dft_2d
JVASP-35823,YPt3C,221,Pm-3m,3D,190794,mp-1018645,56,88,0.0,JVASP-35823.zip,9648324,12,True,wannier90_hr.dat,53784199,True,True,True,True,JARVIS-DFT Wannier 3D materials (JVASP-28502 to JVASP-40530),,JARVIS-DFT dft_3d/dft_2d
JVASP-35832,Ca2H3Br,164,P-3m1,3D,420928,mp-1018656,38,64,1.801,JVASP-35832.zip,4137501,12,True,wannier90_hr.dat,24910809,True,True,True,True,JARVIS-DFT Wannier 3D materials (JVASP-28502 to JVASP-40530),,JARVIS-DFT dft_3d/dft_2d
JVASP-35833,CaBiAu,186,P6_3mc,3D,"248681,248683,248677,248685,248679",mp-1018657,64,96,0.0,JVASP-35833.zip,7164875,12,True,wannier90_hr.dat,39937049,True,True,True,True,JARVIS-DFT Wannier 3D materials (JVASP-28502 to JVASP-40530),,JARVIS-DFT dft_3d/dft_2d
JVASP-35883,Hf2GaSb3,115,P-4m2,3D,189076,mp-1018709,56,74,0.0,JVASP-35883.zip,10846320,12,True,wannier90_hr.dat,63506113,True,True,True,True,JARVIS-DFT Wannier 3D materials (JVASP-28502 to JVASP-40530),,JARVIS-DFT dft_3d/dft_2d
JVASP-35884,Hf2TaN3,191,P6/mmm,3D,186420,mp-1018710,54,72,0.0,JVASP-35884.zip,9366588,12,True,wannier90_hr.dat,53802131,True,True,True,True,JARVIS-DFT Wannier 3D materials (JVASP-28502 to JVASP-40530),,JARVIS-DFT dft_3d/dft_2d
JVASP-35890,HfN2,194,P6_3/mmc,3D,290428,mp-1018716,48,76,0.641,JVASP-35890.zip,6530418,12,True,wannier90_hr.dat,39745809,True,True,True,True,JARVIS-DFT Wannier 3D materials (JVASP-28502 to JVASP-40530),,JARVIS-DFT dft_3d/dft_2d
JVASP-35891,HfSb2,129,P4/nmm,3D,638876,mp-1018717,56,84,0.0,JVASP-35891.zip,10719409,12,True,wannier90_hr.dat,63506113,True,True,True,True,JARVIS-DFT Wannier 3D materials (JVASP-28502 to JVASP-40530),,JARVIS-DFT dft_3d/dft_2d
JVASP-35892,HfTaNO3,25,Pmm2,3D,186407,mp-1018719,48,76,1.951,JVASP-35892.zip,4675660,12,True,wannier90_hr.dat,28225303,True,True,True,True,JARVIS-DFT Wannier 3D materials (JVASP-28502 to JVASP-40530),,JARVIS-DFT dft_3d/dft_2d
JVASP-35893,HfVSi,129,P4/nmm,3D,638931,mp-1018720,64,72,0.0,JVASP-35893.zip,14557668,12,True,wannier90_hr.dat,82946113,True,True,True,True,JARVIS-DFT Wannier 3D materials (JVASP-28502 to JVASP-40530),,JARVIS-DFT dft_3d/dft_2d
JVASP-35899,HfVGe,129,P4/nmm,3D,636594,mp-1018726,64,84,0.0,JVASP-35899.zip,14065615,12,True,wannier90_hr.dat,82946113,True,True,True,True,JARVIS-DFT Wannier 3D materials (JVASP-28502 to JVASP-40530),,JARVIS-DFT dft_3d/dft_2d
JVASP-35909,KMgP,129,P4/nmm,3D,641231,mp-1018737,56,68,1.872,JVASP-35909.zip,10948783,12,True,wannier90_hr.dat,63506113,True,True,True,True,JARVIS-DFT Wannier 3D materials (JVASP-28502 to JVASP-40530),,JARVIS-DFT dft_3d/dft_2d
JVASP-35935,Li3SmBi2,164,P-3m1,3D,192951,mp-1018780,38,71,0.0,JVASP-35935.zip,3310785,12,True,wannier90_hr.dat,14080049,True,True,True,True,JARVIS-DFT Wannier 3D materials (JVASP-28502 to JVASP-40530),,JARVIS-DFT dft_3d/dft_2d
JVASP-35937,Li3YBi2,164,P-3m1,3D,616795,mp-1018782,34,66,0.0,JVASP-35937.zip,2645210,12,True,wannier90_hr.dat,11272049,True,True,True,True,JARVIS-DFT Wannier 3D materials (JVASP-28502 to JVASP-40530),,JARVIS-DFT dft_3d/dft_2d
JVASP-35948,Sc2ZnSe4,227,Fd-3m,3D,,mp-1001016,148,192,0.182,JVASP-35948.zip,16054053,12,True,wannier90_hr.dat,101854133,True,True,True,True,JARVIS-DFT Wannier 3D materials (JVASP-28502 to JVASP-40530),,JARVIS-DFT dft_3d/dft_2d
JVASP-35984,IrC,187,P-6m2,3D,,mp-1001827,20,48,0.0,JVASP-35984.zip,2334837,12,True,wannier90_hr.dat,9182387,True,True,True,True,JARVIS-DFT Wannier 3D materials (JVASP-28502 to JVASP-40530),,JARVIS-DFT dft_3d/dft_2d
JVASP-35987,InBi,216,F-43m,3D,,mp-1001833,16,38,0.0,JVASP-35987.zip,2007412,12,True,wannier90_hr.dat,7900788,True,True,True,True,JARVIS-DFT Wannier 3D materials (JVASP-28502 to JVASP-40530),,JARVIS-DFT dft_3d/dft_2d
JVASP-36023,TcB,216,F-43m,3D,,mp-1002184,20,42,0.0,JVASP-36023.zip,2823837,12,True,wannier90_hr.dat,12343188,True,True,True,True,JARVIS-DFT Wannier 3D materials (JVASP-28502 to JVASP-40530),,JARVIS-DFT dft_3d/dft_2d
JVASP-36040,ErN,221,Pm-3m,3D,,mp-1002229,22,41,0.0,JVASP-36040.zip,4177661,12,True,wannier90_hr.dat,17645555,True,True,True,True,JARVIS-DFT Wannier 3D materials (JVASP-28502 to JVASP-40530),,JARVIS-DFT dft_3d/dft_2d
JVASP-36109,BiB,216,F-43m,3D,,mp-1006880,16,48,0.176,JVASP-36109.zip,1625356,12,True,wannier90_hr.dat,5416605,True,True,True,True,JARVIS-DFT Wannier 3D materials (JVASP-28502 to JVASP-40530),,JARVIS-DFT dft_3d/dft_2d
JVASP-36120,HfPd3,221,Pm-3m,3D,,mp-1007656,48,74,0.0,JVASP-36120.zip,7391912,12,True,wannier90_hr.dat,39515399,True,True,True,True,JARVIS-DFT Wannier 3D materials (JVASP-28502 to JVASP-40530),,JARVIS-DFT dft_3d/dft_2d
JVASP-36123,InSb,186,P6_3mc,3D,,mp-1007661,32,52,0.001,JVASP-36123.zip,2825089,12,True,wannier90_hr.dat,13057353,True,True,True,True,JARVIS-DFT Wannier 3D materials (JVASP-28502 to JVASP-40530),,JARVIS-DFT dft_3d/dft_2d
JVASP-36129,HgPt3,221,Pm-3m,3D,,mp-1007690,54,80,0.0,JVASP-36129.zip,9103116,12,True,wannier90_hr.dat,50011199,True,True,True,True,JARVIS-DFT Wannier 3D materials (JVASP-28502 to JVASP-40530),,JARVIS-DFT dft_3d/dft_2d
JVASP-36137,HW,194,P6_3/mmc,3D,,mp-1007761,28,48,0.0,JVASP-36137.zip,3787555,12,True,wannier90_hr.dat,18936109,True,True,True,True,JARVIS-DFT Wannier 3D materials (JVASP-28502 to JVASP-40530),,JARVIS-DFT dft_3d/dft_2d
JVASP-36138,TlAs,216,F-43m,3D,,mp-1007770,16,38,0.0,JVASP-36138.zip,1996355,12,True,wannier90_hr.dat,7900788,True,True,True,True,JARVIS-DFT Wannier 3D materials (JVASP-28502 to JVASP-40530),,JARVIS-DFT dft_3d/dft_2d
JVASP-36140,TlN,216,F-43m,3D,,mp-1007778,14,36,0.0,JVASP-36140.zip,1645190,12,True,wannier90_hr.dat,6049788,True,True,True,True,JARVIS-DFT Wannier 3D materials (JVASP-28502 to JVASP-40530),,JARVIS-DFT dft_3d/dft_2d
JVASP-36163,CrInNi2,225,Fm-3m,3D,,mp-1007991,44,68,0.0,JVASP-36163.zip,5309074,12,True,wannier90_hr.dat,27008675,True,True,True,True,JARVIS-DFT Wannier 3D materials (JVASP-28502 to JVASP-40530),,JARVIS-DFT dft_3d/dft_2d
JVASP-36179,CdTe,225,Fm-3m,3D,,mp-1008471,40,60,0.0,JVASP-36179.zip,8001303,12,True,wannier90_hr.dat,37522438,True,True,True,True,JARVIS-DFT Wannier 3D materials (JVASP-28502 to JVASP-40530),,JARVIS-DFT dft_3d/dft_2d
JVASP-36185,BiI3,225,Fm-3m,3D,,mp-1008490,32,64,0.0,JVASP-36185.zip,2908881,12,True,wannier90_hr.dat,14286275,True,True,True,True,JARVIS-DFT Wannier 3D materials (JVASP-28502 to JVASP-40530),,JARVIS-DFT dft_3d/dft_2d
JVASP-36192,BC2N,115,P-4m2,3D,,mp-1008523,30,46,1.907,JVASP-36192.zip,3643062,12,True,wannier90_hr.dat,25517934,True,True,True,True,JARVIS-DFT Wannier 3D materials (JVASP-28502 to JVASP-40530),,JARVIS-DFT dft_3d/dft_2d
JVASP-36193,BeSe,194,P6_3/mmc,3D,,mp-1008524,32,60,0.974,JVASP-36193.zip,4276237,12,True,wannier90_hr.dat,24732109,True,True,True,True,JARVIS-DFT Wannier 3D materials (JVASP-28502 to JVASP-40530),,JARVIS-DFT dft_3d/dft_2d
JVASP-36197,B2AsP,115,P-4m2,3D,,mp-1008528,32,48,1.288,JVASP-36197.zip,4966645,12,True,wannier90_hr.dat,29033334,True,True,True,True,JARVIS-DFT Wannier 3D materials (JVASP-28502 to JVASP-40530),,JARVIS-DFT dft_3d/dft_2d
JVASP-36204,BP,186,P6_3mc,3D,,mp-1008559,32,48,1.377,JVASP-36204.zip,3111038,12,True,wannier90_hr.dat,17665809,True,True,True,True,JARVIS-DFT Wannier 3D materials (JVASP-28502 to JVASP-40530),,JARVIS-DFT dft_3d/dft_2d
JVASP-36210,YBiPd,216,F-43m,3D,,mp-1008624,32,64,0.0,JVASP-36210.zip,3185433,12,True,wannier90_hr.dat,14286275,True,True,True,True,JARVIS-DFT Wannier 3D materials (JVASP-28502 to JVASP-40530),,JARVIS-DFT dft_3d/dft_2d
JVASP-36222,TiO2,225,Fm-3m,3D,,mp-1008677,24,38,1.188,JVASP-36222.zip,2691483,12,True,wannier90_hr.dat,17772788,True,True,True,True,JARVIS-DFT Wannier 3D materials (JVASP-28502 to JVASP-40530),,JARVIS-DFT dft_3d/dft_2d
JVASP-36223,TiGePt,216,F-43m,3D,,mp-1008680,32,48,0.941,JVASP-36223.zip,6147254,12,True,wannier90_hr.dat,31593588,True,True,True,True,JARVIS-DFT Wannier 3D materials (JVASP-28502 to JVASP-40530),,JARVIS-DFT dft_3d/dft_2d
JVASP-36229,ThH2,225,Fm-3m,3D,,mp-1008734,16,40,0.0,JVASP-36229.zip,2056518,12,True,wannier90_hr.dat,7900788,True,True,True,True,JARVIS-DFT Wannier 3D materials (JVASP-28502 to JVASP-40530),,JARVIS-DFT dft_3d/dft_2d
JVASP-36235,SrC2,166,R-3m,3D,,mp-1008776,28,40,1.861,JVASP-36235.zip,3628672,12,True,wannier90_hr.dat,20896362,True,True,True,True,JARVIS-DFT Wannier 3D materials (JVASP-28502 to JVASP-40530),,JARVIS-DFT dft_3d/dft_2d
JVASP-36237,RuO2,225,Fm-3m,3D,,mp-1008785,24,54,0.792,JVASP-36237.zip,3115415,12,True,wannier90_hr.dat,17772788,True,True,True,True,JARVIS-DFT Wannier 3D materials (JVASP-28502 to JVASP-40530),,JARVIS-DFT dft_3d/dft_2d
JVASP-36238,MgTe,225,Fm-3m,3D,,mp-1008786,16,42,0.607,JVASP-36238.zip,1785446,12,True,wannier90_hr.dat,7900788,True,True,True,True,JARVIS-DFT Wannier 3D materials (JVASP-28502 to JVASP-40530),,JARVIS-DFT dft_3d/dft_2d
JVASP-36243,RbCuO,216,F-43m,3D,,mp-1008807,30,48,0.0,JVASP-36243.zip,4728185,12,True,wannier90_hr.dat,27768188,True,True,True,True,JARVIS-DFT Wannier 3D materials (JVASP-28502 to JVASP-40530),,JARVIS-DFT dft_3d/dft_2d
JVASP-36244,PtN2,187,P-6m2,3D,,mp-1008809,24,44,0.15,JVASP-36244.zip,2965880,12,True,wannier90_hr.dat,13912909,True,True,True,True,JARVIS-DFT Wannier 3D materials (JVASP-28502 to JVASP-40530),,JARVIS-DFT dft_3d/dft_2d
JVASP-36254,NaAgO,216,F-43m,3D,,mp-1008866,26,56,0.0,JVASP-36254.zip,4182284,12,True,wannier90_hr.dat,20857788,True,True,True,True,JARVIS-DFT Wannier 3D materials (JVASP-28502 to JVASP-40530),,JARVIS-DFT dft_3d/dft_2d
JVASP-36263,MgAgSb,216,F-43m,3D,,mp-1008903,28,58,0.0,JVASP-36263.zip,4616845,12,True,wannier90_hr.dat,24189588,True,True,True,True,JARVIS-DFT Wannier 3D materials (JVASP-28502 to JVASP-40530),,JARVIS-DFT dft_3d/dft_2d
JVASP-36268,Mn2Ge,216,F-43m,3D,,mp-1008920,32,58,0.0,JVASP-36268.zip,6140992,12,True,wannier90_hr.dat,31593588,True,True,True,True,JARVIS-DFT Wannier 3D materials (JVASP-28502 to JVASP-40530),,JARVIS-DFT dft_3d/dft_2d
JVASP-36272,DySb,221,Pm-3m,3D,,mp-1008924,24,45,0.0,JVASP-36272.zip,5117990,12,True,wannier90_hr.dat,20998955,True,True,True,True,JARVIS-DFT Wannier 3D materials (JVASP-28502 to JVASP-40530),,JARVIS-DFT dft_3d/dft_2d
JVASP-36286,LiCdAs,216,F-43m,3D,,mp-1009006,22,36,0.0,JVASP-36286.zip,3614338,12,True,wannier90_hr.dat,14934588,True,True,True,True,JARVIS-DFT Wannier 3D materials (JVASP-28502 to JVASP-40530),,JARVIS-DFT dft_3d/dft_2d
JVASP-36287,LuSb,221,Pm-3m,3D,,mp-1009007,34,40,0.0,JVASP-36287.zip,9097592,12,True,wannier90_hr.dat,42139955,True,True,True,True,JARVIS-DFT Wannier 3D materials (JVASP-28502 to JVASP-40530),,JARVIS-DFT dft_3d/dft_2d
JVASP-36297,KAgO,216,F-43m,3D,,mp-1009048,30,62,0.0,JVASP-36297.zip,2442795,12,True,wannier90_hr.dat,12556475,True,True,True,True,JARVIS-DFT Wannier 3D materials (JVASP-28502 to JVASP-40530),,JARVIS-DFT dft_3d/dft_2d
JVASP-36348,PdC,216,F-43m,3D,,mp-1009538,20,48,0.0,JVASP-36348.zip,2834172,12,True,wannier90_hr.dat,12343188,True,True,True,True,JARVIS-DFT Wannier 3D materials (JVASP-28502 to JVASP-40530),,JARVIS-DFT dft_3d/dft_2d
JVASP-36352,DyBiPd,216,F-43m,3D,,mp-1009543,36,61,0.0,JVASP-36352.zip,8329012,12,True,wannier90_hr.dat,39984788,True,True,True,True,JARVIS-DFT Wannier 3D materials (JVASP-28502 to JVASP-40530),,JARVIS-DFT dft_3d/dft_2d
JVASP-36373,CaC2,166,R-3m,3D,,mp-1009653,28,40,1.732,JVASP-36373.zip,3643921,12,True,wannier90_hr.dat,20896362,True,True,True,True,JARVIS-DFT Wannier 3D materials (JVASP-28502 to JVASP-40530),,JARVIS-DFT dft_3d/dft_2d
JVASP-36385,Ca2Si,225,Fm-3m,3D,,mp-1009733,32,48,0.64,JVASP-36385.zip,5616131,12,True,wannier90_hr.dat,31593588,True,True,True,True,JARVIS-DFT Wannier 3D materials (JVASP-28502 to JVASP-40530),,JARVIS-DFT dft_3d/dft_2d
JVASP-36398,AgN,187,P-6m2,3D,,mp-1009767,18,46,0.0,JVASP-36398.zip,2334191,12,True,wannier90_hr.dat,10063408,True,True,True,True,JARVIS-DFT Wannier 3D materials (JVASP-28502 to JVASP-40530),,JARVIS-DFT dft_3d/dft_2d
JVASP-36402,RuC,216,F-43m,3D,,mp-1009792,20,42,0.661,JVASP-36402.zip,2605090,12,True,wannier90_hr.dat,12343188,True,True,True,True,JARVIS-DFT Wannier 3D materials (JVASP-28502 to JVASP-40530),,JARVIS-DFT dft_3d/dft_2d
JVASP-36413,BaSiC,107,I4mm,3D,,mp-1009828,28,40,0.261,JVASP-36413.zip,4380374,12,True,wannier90_hr.dat,22229334,True,True,True,True,JARVIS-DFT Wannier 3D materials (JVASP-28502 to JVASP-40530),,JARVIS-DFT dft_3d/dft_2d
JVASP-36428,ZrC,216,F-43m,3D,,mp-1009894,20,40,0.545,JVASP-36428.zip,2561811,12,True,wannier90_hr.dat,12343188,True,True,True,True,JARVIS-DFT Wannier 3D materials (JVASP-28502 to JVASP-40530),,JARVIS-DFT dft_3d/dft_2d
JVASP-36448,Sr3N2,221,Pm-3m,3D,,mp-1013529,48,68,0.0,JVASP-36448.zip,2688661,12,True,wannier90_hr.dat,14400695,True,True,True,True,JARVIS-DFT Wannier 3D materials (JVASP-28502 to JVASP-40530),,JARVIS-DFT dft_3d/dft_2d
JVASP-36449,Sr3BiP,221,Pm-3m,3D,,mp-1013530,52,72,0.0,JVASP-36449.zip,3481543,12,True,wannier90_hr.dat,16900695,True,True,True,True,JARVIS-DFT Wannier 3D materials (JVASP-28502 to JVASP-40530),,JARVIS-DFT dft_3d/dft_2d
JVASP-36451,Sr3AsP,221,Pm-3m,3D,,mp-1013532,52,72,0.011,JVASP-36451.zip,3391596,12,True,wannier90_hr.dat,16900695,True,True,True,True,JARVIS-DFT Wannier 3D materials (JVASP-28502 to JVASP-40530),,JARVIS-DFT dft_3d/dft_2d
JVASP-36454,Sr3SbP,221,Pm-3m,3D,,mp-1013535,52,72,0.0,JVASP-36454.zip,3426797,12,True,wannier90_hr.dat,16900695,True,True,True,True,JARVIS-DFT Wannier 3D materials (JVASP-28502 to JVASP-40530),,JARVIS-DFT dft_3d/dft_2d
JVASP-36455,Sr3PN,221,Pm-3m,3D,,mp-1013536,50,70,0.0,JVASP-36455.zip,3198848,12,True,wannier90_hr.dat,15625695,True,True,True,True,JARVIS-DFT Wannier 3D materials (JVASP-28502 to JVASP-40530),,JARVIS-DFT dft_3d/dft_2d
JVASP-36456,Sr3AsN,221,Pm-3m,3D,,mp-1013537,50,70,0.0,JVASP-36456.zip,3172906,12,True,wannier90_hr.dat,15625695,True,True,True,True,JARVIS-DFT Wannier 3D materials (JVASP-28502 to JVASP-40530),,JARVIS-DFT dft_3d/dft_2d
JVASP-36458,Sr3SbAs,221,Pm-3m,3D,,mp-1013541,52,72,0.0,JVASP-36458.zip,3436441,12,True,wannier90_hr.dat,16900695,True,True,True,True,JARVIS-DFT Wannier 3D materials (JVASP-28502 to JVASP-40530),,JARVIS-DFT dft_3d/dft_2d
JVASP-36459,Ca3BiN,221,Pm-3m,3D,,mp-1013542,50,70,0.0,JVASP-36459.zip,3262529,12,True,wannier90_hr.dat,15625695,True,True,True,True,JARVIS-DFT Wannier 3D materials (JVASP-28502 to JVASP-40530),,JARVIS-DFT dft_3d/dft_2d
JVASP-36460,Ca3AsN,221,Pm-3m,3D,,mp-1013543,50,54,0.0,JVASP-36460.zip,7699945,12,True,wannier90_hr.dat,42876799,True,True,True,True,JARVIS-DFT Wannier 3D materials (JVASP-28502 to JVASP-40530),,JARVIS-DFT dft_3d/dft_2d
JVASP-36462,Ca3BiAs,221,Pm-3m,3D,,mp-1013545,52,72,0.062,JVASP-36462.zip,3524546,12,True,wannier90_hr.dat,16900695,True,True,True,True,JARVIS-DFT Wannier 3D materials (JVASP-28502 to JVASP-40530),,JARVIS-DFT dft_3d/dft_2d
JVASP-36463,Ca3Sb2,221,Pm-3m,3D,,mp-1013546,52,72,0.222,JVASP-36463.zip,3484528,12,True,wannier90_hr.dat,16900695,True,True,True,True,JARVIS-DFT Wannier 3D materials (JVASP-28502 to JVASP-40530),,JARVIS-DFT dft_3d/dft_2d
JVASP-36464,Ca3P2,221,Pm-3m,3D,,mp-1013547,52,56,0.508,JVASP-36464.zip,8373971,12,True,wannier90_hr.dat,46375399,True,True,True,True,JARVIS-DFT Wannier 3D materials (JVASP-28502 to JVASP-40530),,JARVIS-DFT dft_3d/dft_2d
JVASP-36465,Ca3SbN,221,Pm-3m,3D,,mp-1013548,50,54,0.473,JVASP-36465.zip,7967803,12,True,wannier90_hr.dat,42876799,True,True,True,True,JARVIS-DFT Wannier 3D materials (JVASP-28502 to JVASP-40530),,JARVIS-DFT dft_3d/dft_2d
JVASP-36466,Ba3BiN,221,Pm-3m,3D,,mp-1013549,50,70,0.0,JVASP-36466.zip,3202264,12,True,wannier90_hr.dat,15625695,True,True,True,True,JARVIS-DFT Wannier 3D materials (JVASP-28502 to JVASP-40530),,JARVIS-DFT dft_3d/dft_2d
JVASP-36473,Ba3SbN,221,Pm-3m,3D,,mp-1013557,50,70,0.0,JVASP-36473.zip,3131321,12,True,wannier90_hr.dat,15625695,True,True,True,True,JARVIS-DFT Wannier 3D materials (JVASP-28502 to JVASP-40530),,JARVIS-DFT dft_3d/dft_2d
JVASP-36474,Ca3BiP,221,Pm-3m,3D,,mp-1013558,52,72,0.274,JVASP-36474.zip,3502561,12,True,wannier90_hr.dat,16900695,True,True,True,True,JARVIS-DFT Wannier 3D materials (JVASP-28502 to JVASP-40530),,JARVIS-DFT dft_3d/dft_2d
JVASP-36475,Sr3As2,221,Pm-3m,3D,,mp-1013559,52,72,0.0,JVASP-36475.zip,3430519,12,True,wannier90_hr.dat,16900695,True,True,True,True,JARVIS-DFT Wannier 3D materials (JVASP-28502 to JVASP-40530),,JARVIS-DFT dft_3d/dft_2d
JVASP-36476,Ba3As2,221,Pm-3m,3D,,mp-1013560,52,72,0.0,JVASP-36476.zip,3450827,12,True,wannier90_hr.dat,16900695,True,True,True,True,JARVIS-DFT Wannier 3D materials (JVASP-28502 to JVASP-40530),,JARVIS-DFT dft_3d/dft_2d
JVASP-36479,Ba3BiAs,221,Pm-3m,3D,,mp-1013563,52,72,0.0,JVASP-36479.zip,3545675,12,True,wannier90_hr.dat,16900695,True,True,True,True,JARVIS-DFT Wannier 3D materials (JVASP-28502 to JVASP-40530),,JARVIS-DFT dft_3d/dft_2d
JVASP-36480,Sr3BiAs,221,Pm-3m,3D,,mp-1013564,52,72,0.0,JVASP-36480.zip,3504213,12,True,wannier90_hr.dat,16900695,True,True,True,True,JARVIS-DFT Wannier 3D materials (JVASP-28502 to JVASP-40530),,JARVIS-DFT dft_3d/dft_2d
JVASP-36484,Sr3Sb2,221,Pm-3m,3D,,mp-1013583,52,72,0.026,JVASP-36484.zip,3506214,12,True,wannier90_hr.dat,16900695,True,True,True,True,JARVIS-DFT Wannier 3D materials (JVASP-28502 to JVASP-40530),,JARVIS-DFT dft_3d/dft_2d
JVASP-36486,Sr3BiSb,221,Pm-3m,3D,,mp-1013585,52,72,0.0,JVASP-36486.zip,3528210,12,True,wannier90_hr.dat,16900695,True,True,True,True,JARVIS-DFT Wannier 3D materials (JVASP-28502 to JVASP-40530),,JARVIS-DFT dft_3d/dft_2d
JVASP-36492,Sr3BiP,221,Pm-3m,3D,,mp-1013643,52,56,0.042,JVASP-36492.zip,8889402,12,True,wannier90_hr.dat,46375399,True,True,True,True,JARVIS-DFT Wannier 3D materials (JVASP-28502 to JVASP-40530),,JARVIS-DFT dft_3d/dft_2d
JVASP-36493,Ba3BiP,221,Pm-3m,3D,,mp-1013691,52,72,0.098,JVASP-36493.zip,3530425,12,True,wannier90_hr.dat,16900695,True,True,True,True,JARVIS-DFT Wannier 3D materials (JVASP-28502 to JVASP-40530),,JARVIS-DFT dft_3d/dft_2d
JVASP-36495,Ca3BiSb,221,Pm-3m,3D,,mp-1013704,52,56,0.0,JVASP-36495.zip,8251781,12,True,wannier90_hr.dat,46375399,True,True,True,True,JARVIS-DFT Wannier 3D materials (JVASP-28502 to JVASP-40530),,JARVIS-DFT dft_3d/dft_2d
JVASP-36496,Sr3BiAs,221,Pm-3m,3D,,mp-1013705,52,72,0.0,JVASP-36496.zip,3487808,12,True,wannier90_hr.dat,16900695,True,True,True,True,JARVIS-DFT Wannier 3D materials (JVASP-28502 to JVASP-40530),,JARVIS-DFT dft_3d/dft_2d
JVASP-36497,Sr3BiSb,221,Pm-3m,3D,,mp-1013706,52,56,0.0,JVASP-36497.zip,8458307,12,True,wannier90_hr.dat,46375399,True,True,True,True,JARVIS-DFT Wannier 3D materials (JVASP-28502 to JVASP-40530),,JARVIS-DFT dft_3d/dft_2d
JVASP-36499,Ba3SbN,221,Pm-3m,3D,,mp-1013708,50,70,0.0,JVASP-36499.zip,3418683,12,True,wannier90_hr.dat,15625695,True,True,True,True,JARVIS-DFT Wannier 3D materials (JVASP-28502 to JVASP-40530),,JARVIS-DFT dft_3d/dft_2d
JVASP-36500,Ba3AsN,221,Pm-3m,3D,,mp-1013709,50,70,0.0,JVASP-36500.zip,3177189,12,True,wannier90_hr.dat,15625695,True,True,True,True,JARVIS-DFT Wannier 3D materials (JVASP-28502 to JVASP-40530),,JARVIS-DFT dft_3d/dft_2d
JVASP-36501,Ba3BiN,221,Pm-3m,3D,,mp-1013710,50,54,0.0,JVASP-36501.zip,8199498,12,True,wannier90_hr.dat,42876799,True,True,True,True,JARVIS-DFT Wannier 3D materials (JVASP-28502 to JVASP-40530),,JARVIS-DFT dft_3d/dft_2d
JVASP-36504,Ba3BiP,221,Pm-3m,3D,,mp-1013713,52,72,0.0,JVASP-36504.zip,3477199,12,True,wannier90_hr.dat,16900695,True,True,True,True,JARVIS-DFT Wannier 3D materials (JVASP-28502 to JVASP-40530),,JARVIS-DFT dft_3d/dft_2d
JVASP-36505,Ba3SbAs,221,Pm-3m,3D,,mp-1013714,52,72,0.0,JVASP-36505.zip,3449748,12,True,wannier90_hr.dat,16900695,True,True,True,True,JARVIS-DFT Wannier 3D materials (JVASP-28502 to JVASP-40530),,JARVIS-DFT dft_3d/dft_2d
JVASP-36506,Ba3BiAs,221,Pm-3m,3D,,mp-1013716,52,72,0.0,JVASP-36506.zip,3490876,12,True,wannier90_hr.dat,16900695,True,True,True,True,JARVIS-DFT Wannier 3D materials (JVASP-28502 to JVASP-40530),,JARVIS-DFT dft_3d/dft_2d
JVASP-36507,Ba3BiSb,221,Pm-3m,3D,,mp-1013719,52,72,0.0,JVASP-36507.zip,3517561,12,True,wannier90_hr.dat,16900695,True,True,True,True,JARVIS-DFT Wannier 3D materials (JVASP-28502 to JVASP-40530),,JARVIS-DFT dft_3d/dft_2d
JVASP-36510,Ca3BiSb,221,Pm-3m,3D,,mp-1013733,52,72,0.0,JVASP-36510.zip,3516995,12,True,wannier90_hr.dat,16900695,True,True,True,True,JARVIS-DFT Wannier 3D materials (JVASP-28502 to JVASP-40530),,JARVIS-DFT dft_3d/dft_2d
JVASP-36511,Ba3AsN,221,Pm-3m,3D,,mp-1013734,50,54,0.0,JVASP-36511.zip,8122776,12,True,wannier90_hr.dat,42876799,True,True,True,True,JARVIS-DFT Wannier 3D materials (JVASP-28502 to JVASP-40530),,JARVIS-DFT dft_3d/dft_2d
JVASP-36512,Ca3Bi2,221,Pm-3m,3D,,mp-1013735,52,56,0.0,JVASP-36512.zip,8367560,12,True,wannier90_hr.dat,46375399,True,True,True,True,JARVIS-DFT Wannier 3D materials (JVASP-28502 to JVASP-40530),,JARVIS-DFT dft_3d/dft_2d
JVASP-36513,Ba3Bi2,221,Pm-3m,3D,,mp-1013736,52,56,0.0,JVASP-36513.zip,8693498,12,True,wannier90_hr.dat,46375399,True,True,True,True,JARVIS-DFT Wannier 3D materials (JVASP-28502 to JVASP-40530),,JARVIS-DFT dft_3d/dft_2d
JVASP-36514,Ba3SbP,221,Pm-3m,3D,,mp-1013737,52,56,0.444,JVASP-36514.zip,8803318,12,True,wannier90_hr.dat,46375399,True,True,True,True,JARVIS-DFT Wannier 3D materials (JVASP-28502 to JVASP-40530),,JARVIS-DFT dft_3d/dft_2d
JVASP-36515,Ca3SbAs,221,Pm-3m,3D,,mp-1013738,52,72,0.0,JVASP-36515.zip,3427693,12,True,wannier90_hr.dat,16900695,True,True,True,True,JARVIS-DFT Wannier 3D materials (JVASP-28502 to JVASP-40530),,JARVIS-DFT dft_3d/dft_2d
JVASP-36598,HfHgO3,221,Pm-3m,3D,,mp-1016841,48,68,0.0,JVASP-36598.zip,6542323,12,True,wannier90_hr.dat,39515399,True,True,True,True,JARVIS-DFT Wannier 3D materials (JVASP-28502 to JVASP-40530),,JARVIS-DFT dft_3d/dft_2d
JVASP-36603,SrIrO3,221,Pm-3m,3D,,mp-1016848,42,66,0.0,JVASP-36603.zip,5257720,12,True,wannier90_hr.dat,30254399,True,True,True,True,JARVIS-DFT Wannier 3D materials (JVASP-28502 to JVASP-40530),,JARVIS-DFT dft_3d/dft_2d
JVASP-36617,CdSiO3,221,Pm-3m,3D,,mp-1016879,38,64,0.78,JVASP-36617.zip,5086532,12,True,wannier90_hr.dat,24766399,True,True,True,True,JARVIS-DFT Wannier 3D materials (JVASP-28502 to JVASP-40530),,JARVIS-DFT dft_3d/dft_2d
JVASP-36622,CaGeO3,221,Pm-3m,3D,,mp-1016884,38,56,0.687,JVASP-36622.zip,3660600,12,True,wannier90_hr.dat,24766399,True,True,True,True,JARVIS-DFT Wannier 3D materials (JVASP-28502 to JVASP-40530),,JARVIS-DFT dft_3d/dft_2d
JVASP-36625,ZnSnO3,221,Pm-3m,3D,,mp-1016902,44,80,0.0,JVASP-36625.zip,5552644,12,True,wannier90_hr.dat,33204199,True,True,True,True,JARVIS-DFT Wannier 3D materials (JVASP-28502 to JVASP-40530),,JARVIS-DFT dft_3d/dft_2d
JVASP-36635,VHgO3,221,Pm-3m,3D,,mp-1016938,48,68,0.0,JVASP-36635.zip,6720704,12,True,wannier90_hr.dat,39515399,True,True,True,True,JARVIS-DFT Wannier 3D materials (JVASP-28502 to JVASP-40530),,JARVIS-DFT dft_3d/dft_2d
JVASP-36637,MgZrO3,221,Pm-3m,3D,,mp-1017000,38,60,1.003,JVASP-36637.zip,3915034,12,True,wannier90_hr.dat,24766399,True,True,True,True,JARVIS-DFT Wannier 3D materials (JVASP-28502 to JVASP-40530),,JARVIS-DFT dft_3d/dft_2d
JVASP-36648,MgTe,194,P6_3/mmc,3D,,mp-1017510,32,52,1.121,JVASP-36648.zip,4398894,12,True,wannier90_hr.dat,24732109,True,True,True,True,JARVIS-DFT Wannier 3D materials (JVASP-28502 to JVASP-40530),,JARVIS-DFT dft_3d/dft_2d
JVASP-36653,IrC,221,Pm-3m,3D,,mp-1017519,20,32,0.0,JVASP-36653.zip,2986888,12,True,wannier90_hr.dat,14583755,True,True,True,True,JARVIS-DFT Wannier 3D materials (JVASP-28502 to JVASP-40530),,JARVIS-DFT dft_3d/dft_2d
JVASP-36656,VPt,51,Pmma,3D,"649832,649822",mp-1017531,48,68,0.0,JVASP-36656.zip,9337225,12,True,wannier90_hr.dat,50805496,True,True,True,True,JARVIS-DFT Wannier 3D materials (JVASP-28502 to JVASP-40530),,JARVIS-DFT dft_3d/dft_2d
JVASP-36658,YN,194,P6_3/mmc,3D,185557,mp-1017533,36,44,0.325,JVASP-36658.zip,4107010,12,True,wannier90_hr.dat,22357809,True,True,True,True,JARVIS-DFT Wannier 3D materials (JVASP-28502 to JVASP-40530),,JARVIS-DFT dft_3d/dft_2d
JVASP-36659,ZnCdSe2,115,P-4m2,3D,188387,mp-1017534,46,70,0.712,JVASP-36659.zip,10521270,12,True,wannier90_hr.dat,59991534,True,True,True,True,JARVIS-DFT Wannier 3D materials (JVASP-28502 to JVASP-40530),,JARVIS-DFT dft_3d/dft_2d
JVASP-36660,ZnO,194,P6_3/mmc,3D,181039,mp-1017539,48,76,0.859,JVASP-36660.zip,6078573,12,True,wannier90_hr.dat,39745809,True,True,True,True,JARVIS-DFT Wannier 3D materials (JVASP-28502 to JVASP-40530),,JARVIS-DFT dft_3d/dft_2d
JVASP-36668,CaBe2P2,164,P-3m1,3D,616191,mp-1017548,44,68,0.844,JVASP-36668.zip,5546567,12,True,wannier90_hr.dat,33397809,True,True,True,True,JARVIS-DFT Wannier 3D materials (JVASP-28502 to JVASP-40530),,JARVIS-DFT dft_3d/dft_2d
JVASP-36672,Bi2O3,164,P-3m1,3D,186365,mp-1017552,34,74,1.454,JVASP-36672.zip,3736452,12,True,wannier90_hr.dat,19942809,True,True,True,True,JARVIS-DFT Wannier 3D materials (JVASP-28502 to JVASP-40530),,JARVIS-DFT dft_3d/dft_2d
JVASP-36674,CdNi3N,221,Pm-3m,3D,422859,mp-1017554,54,82,0.0,JVASP-36674.zip,9236491,12,True,wannier90_hr.dat,50011199,True,True,True,True,JARVIS-DFT Wannier 3D materials (JVASP-28502 to JVASP-40530),,JARVIS-DFT dft_3d/dft_2d
JVASP-36680,CaWN3,12,C2/m,3D,,mp-989616,84,116,0.562,JVASP-36680.zip,7749292,12,True,wannier90_hr.dat,47628745,True,True,True,True,JARVIS-DFT Wannier 3D materials (JVASP-28502 to JVASP-40530),,JARVIS-DFT dft_3d/dft_2d
JVASP-36689,SrWN3,1,P1,3D,,mp-989625,84,116,1.125,JVASP-36689.zip,8029638,12,True,wannier90_hr.dat,47628745,True,True,True,True,JARVIS-DFT Wannier 3D materials (JVASP-28502 to JVASP-40530),,JARVIS-DFT dft_3d/dft_2d
JVASP-36699,CaMoN3,12,C2/m,3D,,mp-989635,84,120,1.016,JVASP-36699.zip,7286056,12,True,wannier90_hr.dat,47628745,True,True,True,True,JARVIS-DFT Wannier 3D materials (JVASP-28502 to JVASP-40530),,JARVIS-DFT dft_3d/dft_2d
JVASP-36700,BaWN3,12,C2/m,3D,,mp-989636,84,116,1.098,JVASP-36700.zip,7854197,12,True,wannier90_hr.dat,47628745,True,True,True,True,JARVIS-DFT Wannier 3D materials (JVASP-28502 to JVASP-40530),,JARVIS-DFT dft_3d/dft_2d
JVASP-36702,CaTcN3,12,C2/m,3D,,mp-989638,84,120,0.587,JVASP-36702.zip,7454892,12,True,wannier90_hr.dat,47628745,True,True,True,True,JARVIS-DFT Wannier 3D materials (JVASP-28502 to JVASP-40530),,JARVIS-DFT dft_3d/dft_2d
JVASP-36709,YWN3,11,P2_1/m,3D,,mp-989645,84,116,1.345,JVASP-36709.zip,8905520,12,True,wannier90_hr.dat,60329728,True,True,True,True,JARVIS-DFT Wannier 3D materials (JVASP-28502 to JVASP-40530),,JARVIS-DFT dft_3d/dft_2d
JVASP-36720,VCu3Te4,215,P-43m,3D,629351,mp-991652,80,136,0.551,JVASP-36720.zip,16479620,12,True,wannier90_hr.dat,109761799,True,True,True,True,JARVIS-DFT Wannier 3D materials (JVASP-28502 to JVASP-40530),,JARVIS-DFT dft_3d/dft_2d
JVASP-36721,NbCu3Te4,215,P-43m,3D,"169544,628495",mp-991676,80,136,1.12,JVASP-36721.zip,16630743,12,True,wannier90_hr.dat,109761799,True,True,True,True,JARVIS-DFT Wannier 3D materials (JVASP-28502 to JVASP-40530),,JARVIS-DFT dft_3d/dft_2d
JVASP-36754,LiAuO2,98,I4_122,3D,,mp-996959,52,100,1.704,JVASP-36754.zip,4011227,12,True,wannier90_hr.dat,20416027,True,True,True,True,JARVIS-DFT Wannier 3D materials (JVASP-28502 to JVASP-40530),,JARVIS-DFT dft_3d/dft_2d
JVASP-36755,LiAuO2,15,C2/c,3D,,mp-996961,52,100,1.358,JVASP-36755.zip,3606391,12,True,wannier90_hr.dat,20416027,True,True,True,True,JARVIS-DFT Wannier 3D materials (JVASP-28502 to JVASP-40530),,JARVIS-DFT dft_3d/dft_2d
JVASP-36756,LiAgO2,14,P2_1/c,3D,,mp-996962,52,100,0.71,JVASP-36756.zip,3520180,12,True,wannier90_hr.dat,25553819,True,True,True,True,JARVIS-DFT Wannier 3D materials (JVASP-28502 to JVASP-40530),,JARVIS-DFT dft_3d/dft_2d
JVASP-36760,KAgO2,47,Pmmm,3D,,mp-996966,36,52,0.675,JVASP-36760.zip,3934285,12,True,wannier90_hr.dat,26246113,True,True,True,True,JARVIS-DFT Wannier 3D materials (JVASP-28502 to JVASP-40530),,JARVIS-DFT dft_3d/dft_2d
JVASP-36761,TlCuO2,166,R-3m,3D,,mp-996967,32,60,0.0,JVASP-36761.zip,2800503,12,True,wannier90_hr.dat,13466994,True,True,True,True,JARVIS-DFT Wannier 3D materials (JVASP-28502 to JVASP-40530),,JARVIS-DFT dft_3d/dft_2d
JVASP-36762,AgBiO2,12,C2/m,3D,,mp-996970,64,120,1.21,JVASP-36762.zip,4966070,12,True,wannier90_hr.dat,27648745,True,True,True,True,JARVIS-DFT Wannier 3D materials (JVASP-28502 to JVASP-40530),,JARVIS-DFT dft_3d/dft_2d
JVASP-36771,AgBiO2,166,R-3m,3D,,mp-996982,32,60,0.994,JVASP-36771.zip,2670863,12,True,wannier90_hr.dat,13466994,True,True,True,True,JARVIS-DFT Wannier 3D materials (JVASP-28502 to JVASP-40530),,JARVIS-DFT dft_3d/dft_2d
JVASP-36774,HAuO2,31,Pmn2_1,3D,,mp-996985,52,104,1.339,JVASP-36774.zip,6475980,12,True,wannier90_hr.dat,42589657,True,True,True,True,JARVIS-DFT Wannier 3D materials (JVASP-28502 to JVASP-40530),,JARVIS-DFT dft_3d/dft_2d
JVASP-36794,TlAuO2,194,P6_3/mmc,3D,,mp-997008,64,116,0.0,JVASP-36794.zip,7218896,12,True,wannier90_hr.dat,42394710,True,True,True,True,JARVIS-DFT Wannier 3D materials (JVASP-28502 to JVASP-40530),,JARVIS-DFT dft_3d/dft_2d
JVASP-36811,TlCuO2,194,P6_3/mmc,3D,,mp-997029,64,120,0.0,JVASP-36811.zip,7028307,12,True,wannier90_hr.dat,42394710,True,True,True,True,JARVIS-DFT Wannier 3D materials (JVASP-28502 to JVASP-40530),,JARVIS-DFT dft_3d/dft_2d
JVASP-36880,TlAgBr3,1,P1,3D,,mp-998154,44,86,0.0,JVASP-36880.zip,4241059,12,True,wannier90_hr.dat,21587591,True,True,True,True,JARVIS-DFT Wannier 3D materials (JVASP-28502 to JVASP-40530),,JARVIS-DFT dft_3d/dft_2d
JVASP-37006,YSb,221,Pm-3m,3D,,mp-998897,20,40,0.0,JVASP-37006.zip,1677357,12,True,wannier90_hr.dat,6861799,True,True,True,True,JARVIS-DFT Wannier 3D materials (JVASP-28502 to JVASP-40530),,JARVIS-DFT dft_3d/dft_2d
JVASP-37007,YN,187,P-6m2,3D,,mp-998899,18,38,0.06,JVASP-37007.zip,1705669,12,True,wannier90_hr.dat,7438187,True,True,True,True,JARVIS-DFT Wannier 3D materials (JVASP-28502 to JVASP-40530),,JARVIS-DFT dft_3d/dft_2d
JVASP-37009,ThC,221,Pm-3m,3D,,mp-998901,20,40,0.0,JVASP-37009.zip,3470950,12,True,wannier90_hr.dat,14583755,True,True,True,True,JARVIS-DFT Wannier 3D materials (JVASP-28502 to JVASP-40530),,JARVIS-DFT dft_3d/dft_2d
JVASP-37024,TlCdSe2,164,P-3m1,3D,,mp-998946,36,52,0.0,JVASP-37024.zip,2995885,12,True,wannier90_hr.dat,12766660,True,True,True,True,JARVIS-DFT Wannier 3D materials (JVASP-28502 to JVASP-40530),,JARVIS-DFT dft_3d/dft_2d
JVASP-37063,TcN,194,P6_3/mmc,3D,,mp-999117,36,56,0.0,JVASP-37063.zip,2343542,12,True,wannier90_hr.dat,9915237,True,True,True,True,JARVIS-DFT Wannier 3D materials (JVASP-28502 to JVASP-40530),,JARVIS-DFT dft_3d/dft_2d
JVASP-37209,SiSnO3,221,Pm-3m,3D,,mp-978493,34,64,1.368,JVASP-37209.zip,3426546,12,True,wannier90_hr.dat,19827199,True,True,True,True,JARVIS-DFT Wannier 3D materials (JVASP-28502 to JVASP-40530),,JARVIS-DFT dft_3d/dft_2d
JVASP-37215,Si2TcOs,225,Fm-3m,3D,,mp-978500,40,68,0.0,JVASP-37215.zip,4598350,12,True,wannier90_hr.dat,22321475,True,True,True,True,JARVIS-DFT Wannier 3D materials (JVASP-28502 to JVASP-40530),,JARVIS-DFT dft_3d/dft_2d
JVASP-37222,SmTh3,221,Pm-3m,3D,,mp-978507,52,53,0.0,JVASP-37222.zip,10110334,12,True,wannier90_hr.dat,46375399,True,True,True,True,JARVIS-DFT Wannier 3D materials (JVASP-28502 to JVASP-40530),,JARVIS-DFT dft_3d/dft_2d
JVASP-37231,SmAg2Hg,225,Fm-3m,3D,,mp-978516,58,77,0.0,JVASP-37231.zip,9051809,12,True,wannier90_hr.dat,46929275,True,True,True,True,JARVIS-DFT Wannier 3D materials (JVASP-28502 to JVASP-40530),,JARVIS-DFT dft_3d/dft_2d
JVASP-37250,SmSnPd2,225,Fm-3m,3D,,mp-978538,48,67,0.0,JVASP-37250.zip,6466046,12,True,wannier90_hr.dat,32142275,True,True,True,True,JARVIS-DFT Wannier 3D materials (JVASP-28502 to JVASP-40530),,JARVIS-DFT dft_3d/dft_2d
JVASP-37271,Sm2MgIr,225,Fm-3m,3D,,mp-978624,52,68,0.0,JVASP-37271.zip,7908568,12,True,wannier90_hr.dat,37722275,True,True,True,True,JARVIS-DFT Wannier 3D materials (JVASP-28502 to JVASP-40530),,JARVIS-DFT dft_3d/dft_2d
JVASP-37293,SmY3,221,Pm-3m,3D,,mp-978823,52,53,0.0,JVASP-37293.zip,10261644,12,True,wannier90_hr.dat,46375399,True,True,True,True,JARVIS-DFT Wannier 3D materials (JVASP-28502 to JVASP-40530),,JARVIS-DFT dft_3d/dft_2d
JVASP-37304,SrGaGeH,156,P3m1,3D,"173562,246818,173570",mp-978847,30,52,0.442,JVASP-37304.zip,4067214,12,True,wannier90_hr.dat,21737509,True,True,True,True,JARVIS-DFT Wannier 3D materials (JVASP-28502 to JVASP-40530),,JARVIS-DFT dft_3d/dft_2d
JVASP-37308,SrGaSnH,156,P3m1,3D,173571,mp-978852,30,52,0.412,JVASP-37308.zip,4144356,12,True,wannier90_hr.dat,21737509,True,True,True,True,JARVIS-DFT Wannier 3D materials (JVASP-28502 to JVASP-40530),,JARVIS-DFT dft_3d/dft_2d
JVASP-37325,TbYIr2,225,Fm-3m,3D,,mp-978912,52,72,0.0,JVASP-37325.zip,7413153,12,True,wannier90_hr.dat,37722275,True,True,True,True,JARVIS-DFT Wannier 3D materials (JVASP-28502 to JVASP-40530),,JARVIS-DFT dft_3d/dft_2d
JVASP-37330,TbB4Ir4,86,P4_2/n,3D,614568,mp-978921,192,256,0.0,JVASP-37330.zip,54386968,12,True,wannier90_hr.dat,322560948,True,True,True,True,JARVIS-DFT Wannier 3D materials (JVASP-28502 to JVASP-40530),,JARVIS-DFT dft_3d/dft_2d
JVASP-37338,SnPbO3,221,Pm-3m,3D,,mp-978952,34,70,1.222,JVASP-37338.zip,3600438,12,True,wannier90_hr.dat,19827199,True,True,True,True,JARVIS-DFT Wannier 3D materials (JVASP-28502 to JVASP-40530),,JARVIS-DFT dft_3d/dft_2d
JVASP-37390,SrGaSiH,156,P3m1,3D,173569,mp-979137,30,46,0.572,JVASP-37390.zip,4075372,12,True,wannier90_hr.dat,21737509,True,True,True,True,JARVIS-DFT Wannier 3D materials (JVASP-28502 to JVASP-40530),,JARVIS-DFT dft_3d/dft_2d
JVASP-37414,TaW3,225,Fm-3m,3D,,mp-979289,48,58,0.0,JVASP-37414.zip,6419783,12,True,wannier90_hr.dat,32142275,True,True,True,True,JARVIS-DFT Wannier 3D materials (JVASP-28502 to JVASP-40530),,JARVIS-DFT dft_3d/dft_2d
JVASP-37415,TaZnOs2,225,Fm-3m,3D,,mp-979291,54,78,0.0,JVASP-37415.zip,7591571,12,True,wannier90_hr.dat,40679675,True,True,True,True,JARVIS-DFT Wannier 3D materials (JVASP-28502 to JVASP-40530),,JARVIS-DFT dft_3d/dft_2d
JVASP-37449,DyYZn2,225,Fm-3m,3D,,mp-979712,64,69,0.0,JVASP-37449.zip,11622743,12,True,wannier90_hr.dat,57140675,True,True,True,True,JARVIS-DFT Wannier 3D materials (JVASP-28502 to JVASP-40530),,JARVIS-DFT dft_3d/dft_2d
JVASP-37476,DyYCu2,225,Fm-3m,3D,,mp-979946,52,73,0.0,JVASP-37476.zip,7495227,12,True,wannier90_hr.dat,37722275,True,True,True,True,JARVIS-DFT Wannier 3D materials (JVASP-28502 to JVASP-40530),,JARVIS-DFT dft_3d/dft_2d
JVASP-37520,SrAlGeH,156,P3m1,3D,247007,mp-980057,30,46,0.885,JVASP-37520.zip,3924333,12,True,wannier90_hr.dat,21737509,True,True,True,True,JARVIS-DFT Wannier 3D materials (JVASP-28502 to JVASP-40530),,JARVIS-DFT dft_3d/dft_2d
JVASP-37575,YTlAg2,225,Fm-3m,3D,,mp-980661,44,78,0.0,JVASP-37575.zip,5059137,12,True,wannier90_hr.dat,27008675,True,True,True,True,JARVIS-DFT Wannier 3D materials (JVASP-28502 to JVASP-40530),,JARVIS-DFT dft_3d/dft_2d
JVASP-37579,Zn2CuIr,225,Fm-3m,3D,,mp-980665,60,90,0.0,JVASP-37579.zip,8934163,12,True,wannier90_hr.dat,50221475,True,True,True,True,JARVIS-DFT Wannier 3D materials (JVASP-28502 to JVASP-40530),,JARVIS-DFT dft_3d/dft_2d
JVASP-37603,Sr3CdO4,221,Pm-3m,3D,181060,mp-981103,72,86,0.617,JVASP-37603.zip,15584168,12,True,wannier90_hr.dat,88907399,True,True,True,True,JARVIS-DFT Wannier 3D materials (JVASP-28502 to JVASP-40530),,JARVIS-DFT dft_3d/dft_2d
JVASP-37612,TbSmIr2,225,Fm-3m,3D,,mp-981213,56,77,0.0,JVASP-37612.zip,9683660,12,True,wannier90_hr.dat,43748675,True,True,True,True,JARVIS-DFT Wannier 3D materials (JVASP-28502 to JVASP-40530),,JARVIS-DFT dft_3d/dft_2d
JVASP-37625,SrTlHg2,225,Fm-3m,3D,,mp-981311,56,62,0.0,JVASP-37625.zip,7978649,12,True,wannier90_hr.dat,43748675,True,True,True,True,JARVIS-DFT Wannier 3D materials (JVASP-28502 to JVASP-40530),,JARVIS-DFT dft_3d/dft_2d
JVASP-37648,HgBi3,221,Pm-3m,3D,,mp-981390,42,64,0.0,JVASP-37648.zip,5238955,12,True,wannier90_hr.dat,30254399,True,True,True,True,JARVIS-DFT Wannier 3D materials (JVASP-28502 to JVASP-40530),,JARVIS-DFT dft_3d/dft_2d
JVASP-37675,NaPd2Pb,225,Fm-3m,3D,,mp-981933,40,64,0.0,JVASP-37675.zip,4472055,12,True,wannier90_hr.dat,22321475,True,True,True,True,JARVIS-DFT Wannier 3D materials (JVASP-28502 to JVASP-40530),,JARVIS-DFT dft_3d/dft_2d
JVASP-37693,Ge2O3,221,Pm-3m,3D,,mp-982048,34,70,0.777,JVASP-37693.zip,3218016,12,True,wannier90_hr.dat,19827199,True,True,True,True,JARVIS-DFT Wannier 3D materials (JVASP-28502 to JVASP-40530),,JARVIS-DFT dft_3d/dft_2d
JVASP-37738,LiAl2Tc,225,Fm-3m,3D,,mp-982666,30,56,0.0,JVASP-37738.zip,2910350,12,True,wannier90_hr.dat,12556475,True,True,True,True,JARVIS-DFT Wannier 3D materials (JVASP-28502 to JVASP-40530),,JARVIS-DFT dft_3d/dft_2d
JVASP-37755,Na3Tl,225,Fm-3m,3D,,mp-982873,32,44,0.0,JVASP-37755.zip,3067388,12,True,wannier90_hr.dat,14286275,True,True,True,True,JARVIS-DFT Wannier 3D materials (JVASP-28502 to JVASP-40530),,JARVIS-DFT dft_3d/dft_2d
JVASP-37780,Ga3Bi,221,Pm-3m,3D,,mp-983237,32,50,0.0,JVASP-37780.zip,3386403,12,True,wannier90_hr.dat,17563399,True,True,True,True,JARVIS-DFT Wannier 3D materials (JVASP-28502 to JVASP-40530),,JARVIS-DFT dft_3d/dft_2d
JVASP-37797,HfZnPt2,225,Fm-3m,3D,,mp-983430,54,74,0.0,JVASP-37797.zip,7511312,12,True,wannier90_hr.dat,40679675,True,True,True,True,JARVIS-DFT Wannier 3D materials (JVASP-28502 to JVASP-40530),,JARVIS-DFT dft_3d/dft_2d
JVASP-37838,Ca2AgAu,225,Fm-3m,3D,,mp-983850,48,80,0.0,JVASP-37838.zip,6166299,12,True,wannier90_hr.dat,32142275,True,True,True,True,JARVIS-DFT Wannier 3D materials (JVASP-28502 to JVASP-40530),,JARVIS-DFT dft_3d/dft_2d
JVASP-37875,BPbO3,221,Pm-3m,3D,,mp-984554,34,64,0.0,JVASP-37875.zip,3635664,12,True,wannier90_hr.dat,19827199,True,True,True,True,JARVIS-DFT Wannier 3D materials (JVASP-28502 to JVASP-40530),,JARVIS-DFT dft_3d/dft_2d
JVASP-37896,CaAgHg2,225,Fm-3m,3D,,mp-984704,60,72,0.0,JVASP-37896.zip,8966344,12,True,wannier90_hr.dat,50221475,True,True,True,True,JARVIS-DFT Wannier 3D materials (JVASP-28502 to JVASP-40530),,JARVIS-DFT dft_3d/dft_2d
JVASP-37905,BAs,186,P6_3mc,3D,,mp-984718,32,48,1.361,JVASP-37905.zip,3281256,12,True,wannier90_hr.dat,17665809,True,True,True,True,JARVIS-DFT Wannier 3D materials (JVASP-28502 to JVASP-40530),,JARVIS-DFT dft_3d/dft_2d
JVASP-37907,Ba2AgSb,225,Fm-3m,3D,,mp-984720,44,64,0.361,JVASP-37907.zip,5118581,12,True,wannier90_hr.dat,27008675,True,True,True,True,JARVIS-DFT Wannier 3D materials (JVASP-28502 to JVASP-40530),,JARVIS-DFT dft_3d/dft_2d
JVASP-37911,Ba2TlZn,225,Fm-3m,3D,,mp-984724,50,54,0.0,JVASP-37911.zip,6359701,12,True,wannier90_hr.dat,34876475,True,True,True,True,JARVIS-DFT Wannier 3D materials (JVASP-28502 to JVASP-40530),,JARVIS-DFT dft_3d/dft_2d
JVASP-37918,Ca3Tl,194,P6_3/mmc,3D,,mp-984744,88,92,0.0,JVASP-37918.zip,19180713,12,True,wannier90_hr.dat,105707045,True,True,True,True,JARVIS-DFT Wannier 3D materials (JVASP-28502 to JVASP-40530),,JARVIS-DFT dft_3d/dft_2d
JVASP-37928,CaTl2Cd,225,Fm-3m,3D,,mp-984769,40,42,0.0,JVASP-37928.zip,4831806,12,True,wannier90_hr.dat,22321475,True,True,True,True,JARVIS-DFT Wannier 3D materials (JVASP-28502 to JVASP-40530),,JARVIS-DFT dft_3d/dft_2d
JVASP-37962,Ag3Rh,221,Pm-3m,3D,,mp-985297,48,74,0.0,JVASP-37962.zip,7042409,12,True,wannier90_hr.dat,39515399,True,True,True,True,JARVIS-DFT Wannier 3D materials (JVASP-28502 to JVASP-40530),,JARVIS-DFT dft_3d/dft_2d
JVASP-38015,AgPb3,194,P6_3/mmc,3D,,mp-985702,72,116,0.0,JVASP-38015.zip,12376490,12,True,wannier90_hr.dat,74391916,True,True,True,True,JARVIS-DFT Wannier 3D materials (JVASP-28502 to JVASP-40530),,JARVIS-DFT dft_3d/dft_2d
JVASP-38021,AgBiS2,123,P4/mmm,3D,,mp-985828,32,60,0.0,JVASP-38021.zip,4827094,12,True,wannier90_hr.dat,29033334,True,True,True,True,JARVIS-DFT Wannier 3D materials (JVASP-28502 to JVASP-40530),,JARVIS-DFT dft_3d/dft_2d
JVASP-38027,SbBrO,129,P4/nmm,3D,,mp-989189,44,76,1.699,JVASP-38027.zip,6296663,12,True,wannier90_hr.dat,39206113,True,True,True,True,JARVIS-DFT Wannier 3D materials (JVASP-28502 to JVASP-40530),,JARVIS-DFT dft_3d/dft_2d
JVASP-38028,SbOF,129,P4/nmm,3D,,mp-989191,40,72,1.954,JVASP-38028.zip,3226188,12,True,wannier90_hr.dat,19601303,True,True,True,True,JARVIS-DFT Wannier 3D materials (JVASP-28502 to JVASP-40530),,JARVIS-DFT dft_3d/dft_2d
JVASP-38043,YWN3,26,Pmc2_1,3D,,mp-989407,84,116,1.647,JVASP-38043.zip,12384161,12,True,wannier90_hr.dat,79381201,True,True,True,True,JARVIS-DFT Wannier 3D materials (JVASP-28502 to JVASP-40530),,JARVIS-DFT dft_3d/dft_2d
JVASP-38100,Rb2NaTlCl6,225,Fm-3m,3D,,mp-989563,76,116,1.786,JVASP-38100.zip,11373620,12,True,wannier90_hr.dat,80576675,True,True,True,True,JARVIS-DFT Wannier 3D materials (JVASP-28502 to JVASP-40530),,JARVIS-DFT dft_3d/dft_2d
JVASP-38116,Rb2LiTlCl6,225,Fm-3m,3D,,mp-989579,70,120,1.495,JVASP-38116.zip,9864044,12,True,wannier90_hr.dat,68356475,True,True,True,True,JARVIS-DFT Wannier 3D materials (JVASP-28502 to JVASP-40530),,JARVIS-DFT dft_3d/dft_2d
JVASP-38127,Ca6Sn2NF,225,Fm-3m,3D,,mp-989590,100,120,0.147,JVASP-38127.zip,8390451,12,True,wannier90_hr.dat,46500533,True,True,True,True,JARVIS-DFT Wannier 3D materials (JVASP-28502 to JVASP-40530),,JARVIS-DFT dft_3d/dft_2d
JVASP-38129,Sr6Sn2NF,225,Fm-3m,3D,,mp-989592,100,120,0.0,JVASP-38129.zip,8532069,12,True,wannier90_hr.dat,46500533,True,True,True,True,JARVIS-DFT Wannier 3D materials (JVASP-28502 to JVASP-40530),,JARVIS-DFT dft_3d/dft_2d
JVASP-38141,YWN3,63,Cmcm,3D,,mp-989609,84,116,1.232,JVASP-38141.zip,10080056,12,True,wannier90_hr.dat,61740948,True,True,True,True,JARVIS-DFT Wannier 3D materials (JVASP-28502 to JVASP-40530),,JARVIS-DFT dft_3d/dft_2d
JVASP-38158,HgF2,136,P4_2/mnm,3D,,mp-974603,60,104,1.377,JVASP-38158.zip,9327779,12,True,wannier90_hr.dat,61741799,True,True,True,True,JARVIS-DFT Wannier 3D materials (JVASP-28502 to JVASP-40530),,JARVIS-DFT dft_3d/dft_2d
JVASP-38233,Rb3Ir,225,Fm-3m,3D,,mp-974949,48,56,0.414,JVASP-38233.zip,6329084,12,True,wannier90_hr.dat,29146943,True,True,True,True,JARVIS-DFT Wannier 3D materials (JVASP-28502 to JVASP-40530),,JARVIS-DFT dft_3d/dft_2d
JVASP-38290,RbSbO3,221,Pm-3m,3D,,mp-975206,38,66,0.0,JVASP-38290.zip,4673517,12,True,wannier90_hr.dat,24766399,True,True,True,True,JARVIS-DFT Wannier 3D materials (JVASP-28502 to JVASP-40530),,JARVIS-DFT dft_3d/dft_2d
JVASP-38303,RbNa2Sb,225,Fm-3m,3D,,mp-975275,36,44,0.841,JVASP-38303.zip,3813228,12,True,wannier90_hr.dat,18080675,True,True,True,True,JARVIS-DFT Wannier 3D materials (JVASP-28502 to JVASP-40530),,JARVIS-DFT dft_3d/dft_2d
JVASP-38333,NdDy3,221,Pm-3m,3D,,mp-975388,64,66,0.0,JVASP-38333.zip,15441775,12,True,wannier90_hr.dat,70248199,True,True,True,True,JARVIS-DFT Wannier 3D materials (JVASP-28502 to JVASP-40530),,JARVIS-DFT dft_3d/dft_2d
JVASP-38342,RbF3,63,Cmcm,3D,,mp-975422,60,100,0.853,JVASP-38342.zip,5781201,12,True,wannier90_hr.dat,40141191,True,True,True,True,JARVIS-DFT Wannier 3D materials (JVASP-28502 to JVASP-40530),,JARVIS-DFT dft_3d/dft_2d
JVASP-38357,InSb3,225,Fm-3m,3D,,mp-975512,32,54,0.0,JVASP-38357.zip,2998242,12,True,wannier90_hr.dat,14286275,True,True,True,True,JARVIS-DFT Wannier 3D materials (JVASP-28502 to JVASP-40530),,JARVIS-DFT dft_3d/dft_2d
JVASP-38414,Li2TlSn,225,Fm-3m,3D,,mp-975780,20,40,0.0,JVASP-38414.zip,1470936,12,True,wannier90_hr.dat,5581475,True,True,True,True,JARVIS-DFT Wannier 3D materials (JVASP-28502 to JVASP-40530),,JARVIS-DFT dft_3d/dft_2d
JVASP-38429,K3Ir,194,P6_3/mmc,3D,,mp-975821,96,96,0.0,JVASP-38429.zip,25451850,12,True,wannier90_hr.dat,132251116,True,True,True,True,JARVIS-DFT Wannier 3D materials (JVASP-28502 to JVASP-40530),,JARVIS-DFT dft_3d/dft_2d
JVASP-38462,NaLi2Pb,225,Fm-3m,3D,,mp-975997,20,44,0.0,JVASP-38462.zip,1448129,12,True,wannier90_hr.dat,5581475,True,True,True,True,JARVIS-DFT Wannier 3D materials (JVASP-28502 to JVASP-40530),,JARVIS-DFT dft_3d/dft_2d
JVASP-38528,NaCa2In,225,Fm-3m,3D,,mp-976261,40,48,0.0,JVASP-38528.zip,3888014,12,True,wannier90_hr.dat,17841191,True,True,True,True,JARVIS-DFT Wannier 3D materials (JVASP-28502 to JVASP-40530),,JARVIS-DFT dft_3d/dft_2d
JVASP-38536,Hf3Ge2,127,P4/mbm,3D,636549,mp-976273,104,132,0.0,JVASP-38536.zip,20982962,12,True,wannier90_hr.dat,121681201,True,True,True,True,JARVIS-DFT Wannier 3D materials (JVASP-28502 to JVASP-40530),,JARVIS-DFT dft_3d/dft_2d
JVASP-38564,Nd3Al,221,Pm-3m,3D,,mp-976358,56,65,0.0,JVASP-38564.zip,11768950,12,True,wannier90_hr.dat,53784199,True,True,True,True,JARVIS-DFT Wannier 3D materials (JVASP-28502 to JVASP-40530),,JARVIS-DFT dft_3d/dft_2d
JVASP-38569,NdNi2Sb2,129,P4/nmm,3D,645623,mp-976380,112,158,0.0,JVASP-38569.zip,25992479,12,True,wannier90_hr.dat,153665303,True,True,True,True,JARVIS-DFT Wannier 3D materials (JVASP-28502 to JVASP-40530),,JARVIS-DFT dft_3d/dft_2d
JVASP-38616,Hf3Au,221,Pm-3m,3D,,mp-976725,48,62,0.0,JVASP-38616.zip,7431326,12,True,wannier90_hr.dat,39515399,True,True,True,True,JARVIS-DFT Wannier 3D materials (JVASP-28502 to JVASP-40530),,JARVIS-DFT dft_3d/dft_2d
JVASP-38627,NiAg3,221,Pm-3m,3D,,mp-976772,48,90,0.0,JVASP-38627.zip,6979214,12,True,wannier90_hr.dat,39515399,True,True,True,True,JARVIS-DFT Wannier 3D materials (JVASP-28502 to JVASP-40530),,JARVIS-DFT dft_3d/dft_2d
JVASP-38631,NiAu3,221,Pm-3m,3D,,mp-976784,48,90,0.0,JVASP-38631.zip,7403533,12,True,wannier90_hr.dat,39515399,True,True,True,True,JARVIS-DFT Wannier 3D materials (JVASP-28502 to JVASP-40530),,JARVIS-DFT dft_3d/dft_2d
JVASP-38634,Ni3Bi,221,Pm-3m,3D,,mp-976799,44,78,0.0,JVASP-38634.zip,6238156,12,True,wannier90_hr.dat,33204199,True,True,True,True,JARVIS-DFT Wannier 3D materials (JVASP-28502 to JVASP-40530),,JARVIS-DFT dft_3d/dft_2d
JVASP-38635,KF2,136,P4_2/mnm,3D,,mp-976802,48,72,1.325,JVASP-38635.zip,5371777,12,True,wannier90_hr.dat,39515399,True,True,True,True,JARVIS-DFT Wannier 3D materials (JVASP-28502 to JVASP-40530),,JARVIS-DFT dft_3d/dft_2d
JVASP-38637,NiAu3,194,P6_3/mmc,3D,,mp-976806,96,164,0.0,JVASP-38637.zip,21639196,12,True,wannier90_hr.dat,125799845,True,True,True,True,JARVIS-DFT Wannier 3D materials (JVASP-28502 to JVASP-40530),,JARVIS-DFT dft_3d/dft_2d
JVASP-38642,MgPb3,187,P-6m2,3D,,mp-976828,32,60,0.0,JVASP-38642.zip,4588513,12,True,wannier90_hr.dat,21762215,True,True,True,True,JARVIS-DFT Wannier 3D materials (JVASP-28502 to JVASP-40530),,JARVIS-DFT dft_3d/dft_2d
JVASP-38644,Ni3Pb,221,Pm-3m,3D,,mp-976830,44,84,0.0,JVASP-38644.zip,6235842,12,True,wannier90_hr.dat,33204199,True,True,True,True,JARVIS-DFT Wannier 3D materials (JVASP-28502 to JVASP-40530),,JARVIS-DFT dft_3d/dft_2d
JVASP-38647,Ni3Sb,221,Pm-3m,3D,,mp-976847,44,78,0.0,JVASP-38647.zip,6082620,12,True,wannier90_hr.dat,33204199,True,True,True,True,JARVIS-DFT Wannier 3D materials (JVASP-28502 to JVASP-40530),,JARVIS-DFT dft_3d/dft_2d
JVASP-38655,K2PtC2,164,P-3m1,3D,"421491,421492",mp-976876,52,64,1.006,JVASP-38655.zip,7252192,12,True,wannier90_hr.dat,38803916,True,True,True,True,JARVIS-DFT Wannier 3D materials (JVASP-28502 to JVASP-40530),,JARVIS-DFT dft_3d/dft_2d
JVASP-38695,MgPdAu2,225,Fm-3m,3D,,mp-977113,44,74,0.0,JVASP-38695.zip,5393778,12,True,wannier90_hr.dat,27008675,True,True,True,True,JARVIS-DFT Wannier 3D materials (JVASP-28502 to JVASP-40530),,JARVIS-DFT dft_3d/dft_2d
JVASP-38781,ZnPd2Au,225,Fm-3m,3D,,mp-977383,54,80,0.0,JVASP-38781.zip,7254283,12,True,wannier90_hr.dat,40679675,True,True,True,True,JARVIS-DFT Wannier 3D materials (JVASP-28502 to JVASP-40530),,JARVIS-DFT dft_3d/dft_2d
JVASP-38806,NbTlO3,221,Pm-3m,3D,,mp-977408,38,58,0.367,JVASP-38806.zip,4286173,12,True,wannier90_hr.dat,24766399,True,True,True,True,JARVIS-DFT Wannier 3D materials (JVASP-28502 to JVASP-40530),,JARVIS-DFT dft_3d/dft_2d
JVASP-38820,Ta2CrRu,225,Fm-3m,3D,,mp-977425,48,56,0.0,JVASP-38820.zip,6323958,12,True,wannier90_hr.dat,32142275,True,True,True,True,JARVIS-DFT Wannier 3D materials (JVASP-28502 to JVASP-40530),,JARVIS-DFT dft_3d/dft_2d
JVASP-38826,ZrAlRh2,225,Fm-3m,3D,,mp-977435,44,60,0.0,JVASP-38826.zip,5402966,12,True,wannier90_hr.dat,27008675,True,True,True,True,JARVIS-DFT Wannier 3D materials (JVASP-28502 to JVASP-40530),,JARVIS-DFT dft_3d/dft_2d
JVASP-38827,ZrAlRu2,225,Fm-3m,3D,,mp-977436,44,60,0.0,JVASP-38827.zip,5097681,12,True,wannier90_hr.dat,27008675,True,True,True,True,JARVIS-DFT Wannier 3D materials (JVASP-28502 to JVASP-40530),,JARVIS-DFT dft_3d/dft_2d
JVASP-38829,MgInRh2,225,Fm-3m,3D,,mp-977438,40,68,0.0,JVASP-38829.zip,4328008,12,True,wannier90_hr.dat,22321475,True,True,True,True,JARVIS-DFT Wannier 3D materials (JVASP-28502 to JVASP-40530),,JARVIS-DFT dft_3d/dft_2d
JVASP-38836,Nd2ZnIr,225,Fm-3m,3D,,mp-977445,62,70,0.0,JVASP-38836.zip,9980490,12,True,wannier90_hr.dat,53625275,True,True,True,True,JARVIS-DFT Wannier 3D materials (JVASP-28502 to JVASP-40530),,JARVIS-DFT dft_3d/dft_2d
JVASP-38839,HgPd2Au,225,Fm-3m,3D,,mp-977454,54,80,0.0,JVASP-38839.zip,7447073,12,True,wannier90_hr.dat,40679675,True,True,True,True,JARVIS-DFT Wannier 3D materials (JVASP-28502 to JVASP-40530),,JARVIS-DFT dft_3d/dft_2d
JVASP-38848,LiNd2Ru,225,Fm-3m,3D,,mp-977539,46,62,0.0,JVASP-38848.zip,6405207,12,True,wannier90_hr.dat,29519675,True,True,True,True,JARVIS-DFT Wannier 3D materials (JVASP-28502 to JVASP-40530),,JARVIS-DFT dft_3d/dft_2d
JVASP-38849,CaBiPd2,225,Fm-3m,3D,,mp-977540,44,72,0.0,JVASP-38849.zip,5183952,12,True,wannier90_hr.dat,27008675,True,True,True,True,JARVIS-DFT Wannier 3D materials (JVASP-28502 to JVASP-40530),,JARVIS-DFT dft_3d/dft_2d
JVASP-38859,ZrScOs2,225,Fm-3m,3D,,mp-977550,48,68,0.0,JVASP-38859.zip,6381251,12,True,wannier90_hr.dat,32142275,True,True,True,True,JARVIS-DFT Wannier 3D materials (JVASP-28502 to JVASP-40530),,JARVIS-DFT dft_3d/dft_2d
JVASP-38870,NdCdAu2,225,Fm-3m,3D,,mp-977562,52,65,0.0,JVASP-38870.zip,7688290,12,True,wannier90_hr.dat,37722275,True,True,True,True,JARVIS-DFT Wannier 3D materials (JVASP-28502 to JVASP-40530),,JARVIS-DFT dft_3d/dft_2d
JVASP-38897,Bi2Rh3S2,12,C2/m,3D,420725,mp-977592,128,212,0.0,JVASP-38897.zip,11239623,12,True,wannier90_hr.dat,59802031,True,True,True,True,JARVIS-DFT Wannier 3D materials (JVASP-28502 to JVASP-40530),,JARVIS-DFT dft_3d/dft_2d
JVASP-38967,TiPt3,194,P6_3/mmc,3D,,mp-972220,96,132,0.0,JVASP-38967.zip,21751668,12,True,wannier90_hr.dat,125799845,True,True,True,True,JARVIS-DFT Wannier 3D materials (JVASP-28502 to JVASP-40530),,JARVIS-DFT dft_3d/dft_2d
JVASP-38968,TaBeO3,221,Pm-3m,3D,,mp-972222,38,66,0.0,JVASP-38968.zip,4394200,12,True,wannier90_hr.dat,24766399,True,True,True,True,JARVIS-DFT Wannier 3D materials (JVASP-28502 to JVASP-40530),,JARVIS-DFT dft_3d/dft_2d
JVASP-38969,TaGeRh,62,Pnma,3D,421092,mp-972224,128,184,0.0,JVASP-38969.zip,24307995,12,True,wannier90_hr.dat,143360948,True,True,True,True,JARVIS-DFT Wannier 3D materials (JVASP-28502 to JVASP-40530),,JARVIS-DFT dft_3d/dft_2d
JVASP-39037,SmTa3,225,Fm-3m,3D,,mp-972514,52,59,0.0,JVASP-39037.zip,8471287,12,True,wannier90_hr.dat,37722275,True,True,True,True,JARVIS-DFT Wannier 3D materials (JVASP-28502 to JVASP-40530),,JARVIS-DFT dft_3d/dft_2d
JVASP-39063,SmGaAu2,225,Fm-3m,3D,,mp-972626,48,67,0.0,JVASP-39063.zip,6784310,12,True,wannier90_hr.dat,32142275,True,True,True,True,JARVIS-DFT Wannier 3D materials (JVASP-28502 to JVASP-40530),,JARVIS-DFT dft_3d/dft_2d
JVASP-39081,SnPb,187,P-6m2,3D,,mp-972692,16,28,0.0,JVASP-39081.zip,2432303,12,True,wannier90_hr.dat,7619076,True,True,True,True,JARVIS-DFT Wannier 3D materials (JVASP-28502 to JVASP-40530),,JARVIS-DFT dft_3d/dft_2d
JVASP-39086,Si3W,194,P6_3/mmc,3D,,mp-972748,72,96,0.0,JVASP-39086.zip,12588508,12,True,wannier90_hr.dat,74391916,True,True,True,True,JARVIS-DFT Wannier 3D materials (JVASP-28502 to JVASP-40530),,JARVIS-DFT dft_3d/dft_2d
JVASP-39092,Si2OsRu,225,Fm-3m,3D,,mp-972777,40,68,0.0,JVASP-39092.zip,4565321,12,True,wannier90_hr.dat,22321475,True,True,True,True,JARVIS-DFT Wannier 3D materials (JVASP-28502 to JVASP-40530),,JARVIS-DFT dft_3d/dft_2d
JVASP-39115,ScAu3,194,P6_3/mmc,3D,,mp-972895,96,144,0.0,JVASP-39115.zip,22454611,12,True,wannier90_hr.dat,132251116,True,True,True,True,JARVIS-DFT Wannier 3D materials (JVASP-28502 to JVASP-40530),,JARVIS-DFT dft_3d/dft_2d
JVASP-39117,Sc2GaIr,225,Fm-3m,3D,,mp-972899,44,54,0.0,JVASP-39117.zip,5372516,12,True,wannier90_hr.dat,27008675,True,True,True,True,JARVIS-DFT Wannier 3D materials (JVASP-28502 to JVASP-40530),,JARVIS-DFT dft_3d/dft_2d
JVASP-39126,ScAlCO,166,R-3m,3D,419683,mp-972937,68,92,0.395,JVASP-39126.zip,7782033,12,True,wannier90_hr.dat,54333252,True,True,True,True,JARVIS-DFT Wannier 3D materials (JVASP-28502 to JVASP-40530),,JARVIS-DFT dft_3d/dft_2d
JVASP-39135,Sc2OsAu,225,Fm-3m,3D,,mp-972966,48,58,0.0,JVASP-39135.zip,6245529,12,True,wannier90_hr.dat,32142275,True,True,True,True,JARVIS-DFT Wannier 3D materials (JVASP-28502 to JVASP-40530),,JARVIS-DFT dft_3d/dft_2d
JVASP-39142,LiSmAu2,225,Fm-3m,3D,,mp-972993,42,75,0.0,JVASP-39142.zip,5085333,12,True,wannier90_hr.dat,24609275,True,True,True,True,JARVIS-DFT Wannier 3D materials (JVASP-28502 to JVASP-40530),,JARVIS-DFT dft_3d/dft_2d
JVASP-39150,Na2CdHg,225,Fm-3m,3D,,mp-973056,46,50,0.0,JVASP-39150.zip,6230349,12,True,wannier90_hr.dat,29519675,True,True,True,True,JARVIS-DFT Wannier 3D materials (JVASP-28502 to JVASP-40530),,JARVIS-DFT dft_3d/dft_2d
JVASP-39153,LaH3,139,I4/mmm,3D,,mp-973064,32,40,0.0,JVASP-39153.zip,2567859,12,True,wannier90_hr.dat,12954943,True,True,True,True,JARVIS-DFT Wannier 3D materials (JVASP-28502 to JVASP-40530),,JARVIS-DFT dft_3d/dft_2d
JVASP-39169,ScBiPd2,225,Fm-3m,3D,,mp-973126,44,72,0.0,JVASP-39169.zip,5182526,12,True,wannier90_hr.dat,27008675,True,True,True,True,JARVIS-DFT Wannier 3D materials (JVASP-28502 to JVASP-40530),,JARVIS-DFT dft_3d/dft_2d
JVASP-39202,SbTeO3,221,Pm-3m,3D,,mp-973269,34,74,0.0,JVASP-39202.zip,3454841,12,True,wannier90_hr.dat,19827199,True,True,True,True,JARVIS-DFT Wannier 3D materials (JVASP-28502 to JVASP-40530),,JARVIS-DFT dft_3d/dft_2d
JVASP-39218,Li2MgGe,225,Fm-3m,3D,,mp-973325,20,52,0.0,JVASP-39218.zip,1445925,12,True,wannier90_hr.dat,5581475,True,True,True,True,JARVIS-DFT Wannier 3D materials (JVASP-28502 to JVASP-40530),,JARVIS-DFT dft_3d/dft_2d
JVASP-39223,Li2MgHg,225,Fm-3m,3D,,mp-973343,30,54,0.0,JVASP-39223.zip,2775392,12,True,wannier90_hr.dat,12556475,True,True,True,True,JARVIS-DFT Wannier 3D materials (JVASP-28502 to JVASP-40530),,JARVIS-DFT dft_3d/dft_2d
JVASP-39225,SbPt3,225,Fm-3m,3D,,mp-973353,44,80,0.0,JVASP-39225.zip,5335694,12,True,wannier90_hr.dat,27008675,True,True,True,True,JARVIS-DFT Wannier 3D materials (JVASP-28502 to JVASP-40530),,JARVIS-DFT dft_3d/dft_2d
JVASP-39308,HgN,186,P6_3mc,3D,,mp-973674,48,76,0.0,JVASP-39308.zip,6609744,12,True,wannier90_hr.dat,39745809,True,True,True,True,JARVIS-DFT Wannier 3D materials (JVASP-28502 to JVASP-40530),,JARVIS-DFT dft_3d/dft_2d
JVASP-39311,LuRhO3,221,Pm-3m,3D,,mp-973681,56,60,0.0,JVASP-39311.zip,11242155,12,True,wannier90_hr.dat,53784199,True,True,True,True,JARVIS-DFT Wannier 3D materials (JVASP-28502 to JVASP-40530),,JARVIS-DFT dft_3d/dft_2d
JVASP-39345,PdAu3,221,Pm-3m,3D,"180872,180873",mp-973834,48,80,0.0,JVASP-39345.zip,7451266,12,True,wannier90_hr.dat,39515399,True,True,True,True,JARVIS-DFT Wannier 3D materials (JVASP-28502 to JVASP-40530),,JARVIS-DFT dft_3d/dft_2d
JVASP-39356,LiLa2Al,225,Fm-3m,3D,,mp-973874,62,62,0.0,JVASP-39356.zip,11854381,12,True,wannier90_hr.dat,53625275,True,True,True,True,JARVIS-DFT Wannier 3D materials (JVASP-28502 to JVASP-40530),,JARVIS-DFT dft_3d/dft_2d
JVASP-39386,OsN2,191,P6/mmm,3D,"260545,260546,260547,260548",mp-973935,24,62,0.0,JVASP-39386.zip,2251328,12,True,wannier90_hr.dat,9937809,True,True,True,True,JARVIS-DFT Wannier 3D materials (JVASP-28502 to JVASP-40530),,JARVIS-DFT dft_3d/dft_2d
JVASP-39395,La2ZnAg,225,Fm-3m,3D,,mp-973957,82,96,0.0,JVASP-39395.zip,18679598,12,True,wannier90_hr.dat,93801275,True,True,True,True,JARVIS-DFT Wannier 3D materials (JVASP-28502 to JVASP-40530),,JARVIS-DFT dft_3d/dft_2d
JVASP-39446,RuRh3,221,Pm-3m,3D,,mp-974335,48,72,0.0,JVASP-39446.zip,7450389,12,True,wannier90_hr.dat,39515399,True,True,True,True,JARVIS-DFT Wannier 3D materials (JVASP-28502 to JVASP-40530),,JARVIS-DFT dft_3d/dft_2d
JVASP-39478,Re3Ge,139,I4/mmm,3D,,mp-974445,44,68,0.0,JVASP-39478.zip,5343581,12,True,wannier90_hr.dat,25266184,True,True,True,True,JARVIS-DFT Wannier 3D materials (JVASP-28502 to JVASP-40530),,JARVIS-DFT dft_3d/dft_2d
JVASP-39483,Re3F,225,Fm-3m,3D,,mp-974458,42,60,0.0,JVASP-39483.zip,4586685,12,True,wannier90_hr.dat,21433893,True,True,True,True,JARVIS-DFT Wannier 3D materials (JVASP-28502 to JVASP-40530),,JARVIS-DFT dft_3d/dft_2d
JVASP-39496,NaYSi,216,F-43m,3D,,mp-962060,28,34,0.212,JVASP-39496.zip,4062532,12,True,wannier90_hr.dat,20896362,True,True,True,True,JARVIS-DFT Wannier 3D materials (JVASP-28502 to JVASP-40530),,JARVIS-DFT dft_3d/dft_2d
JVASP-39497,YMgTl,216,F-43m,3D,,mp-962061,28,40,0.0,JVASP-39497.zip,4283736,12,True,wannier90_hr.dat,20817952,True,True,True,True,JARVIS-DFT Wannier 3D materials (JVASP-28502 to JVASP-40530),,JARVIS-DFT dft_3d/dft_2d
JVASP-39508,KYSn,216,F-43m,3D,,mp-962072,32,38,0.797,JVASP-39508.zip,5612349,12,True,wannier90_hr.dat,27599592,True,True,True,True,JARVIS-DFT Wannier 3D materials (JVASP-28502 to JVASP-40530),,JARVIS-DFT dft_3d/dft_2d
JVASP-39510,YTlCd,216,F-43m,3D,,mp-962074,32,36,0.0,JVASP-39510.zip,5736055,12,True,wannier90_hr.dat,27189952,True,True,True,True,JARVIS-DFT Wannier 3D materials (JVASP-28502 to JVASP-40530),,JARVIS-DFT dft_3d/dft_2d
JVASP-39511,SrMgSn,216,F-43m,3D,,mp-962075,28,40,0.0,JVASP-39511.zip,4208120,12,True,wannier90_hr.dat,21288413,True,True,True,True,JARVIS-DFT Wannier 3D materials (JVASP-28502 to JVASP-40530),,JARVIS-DFT dft_3d/dft_2d
JVASP-39536,ZnCdS2,115,P-4m2,3D,"169186,168375",mp-971712,42,66,1.373,JVASP-39536.zip,8246141,12,True,wannier90_hr.dat,50012334,True,True,True,True,JARVIS-DFT Wannier 3D materials (JVASP-28502 to JVASP-40530),,JARVIS-DFT dft_3d/dft_2d
JVASP-39656,TiNbRe2,225,Fm-3m,3D,,mp-865653,48,72,0.0,JVASP-39656.zip,6451417,12,True,wannier90_hr.dat,32142275,True,True,True,True,JARVIS-DFT Wannier 3D materials (JVASP-28502 to JVASP-40530),,JARVIS-DFT dft_3d/dft_2d
JVASP-39657,Y2TlAg,225,Fm-3m,3D,,mp-865654,44,70,0.0,JVASP-39657.zip,4279354,12,True,wannier90_hr.dat,21587591,True,True,True,True,JARVIS-DFT Wannier 3D materials (JVASP-28502 to JVASP-40530),,JARVIS-DFT dft_3d/dft_2d
JVASP-39668,Li2TlAg,225,Fm-3m,3D,,mp-865666,24,58,0.0,JVASP-39668.zip,1926522,12,True,wannier90_hr.dat,8036675,True,True,True,True,JARVIS-DFT Wannier 3D materials (JVASP-28502 to JVASP-40530),,JARVIS-DFT dft_3d/dft_2d
JVASP-39685,Li2TlBi,225,Fm-3m,3D,,mp-865713,20,58,0.383,JVASP-39685.zip,1550724,12,True,wannier90_hr.dat,5581475,True,True,True,True,JARVIS-DFT Wannier 3D materials (JVASP-28502 to JVASP-40530),,JARVIS-DFT dft_3d/dft_2d
JVASP-39794,LiZrPt2,225,Fm-3m,3D,,mp-865866,38,70,0.0,JVASP-39794.zip,4181775,12,True,wannier90_hr.dat,20145275,True,True,True,True,JARVIS-DFT Wannier 3D materials (JVASP-28502 to JVASP-40530),,JARVIS-DFT dft_3d/dft_2d
JVASP-39795,Li2YTl,225,Fm-3m,3D,,mp-865867,24,42,0.0,JVASP-39795.zip,1952780,12,True,wannier90_hr.dat,8036675,True,True,True,True,JARVIS-DFT Wannier 3D materials (JVASP-28502 to JVASP-40530),,JARVIS-DFT dft_3d/dft_2d
JVASP-39802,Li2AgHg,225,Fm-3m,3D,,mp-865874,34,60,0.0,JVASP-39802.zip,3323800,12,True,wannier90_hr.dat,16127675,True,True,True,True,JARVIS-DFT Wannier 3D materials (JVASP-28502 to JVASP-40530),,JARVIS-DFT dft_3d/dft_2d
JVASP-39804,Ti2TcOs,225,Fm-3m,3D,,mp-865876,48,56,0.0,JVASP-39804.zip,6357864,12,True,wannier90_hr.dat,32142275,True,True,True,True,JARVIS-DFT Wannier 3D materials (JVASP-28502 to JVASP-40530),,JARVIS-DFT dft_3d/dft_2d
JVASP-39808,Li2SmIn,225,Fm-3m,3D,,mp-865882,28,47,0.0,JVASP-39808.zip,2239413,12,True,wannier90_hr.dat,8742791,True,True,True,True,JARVIS-DFT Wannier 3D materials (JVASP-28502 to JVASP-40530),,JARVIS-DFT dft_3d/dft_2d
JVASP-39816,Li2CaPb,225,Fm-3m,3D,,mp-865892,24,50,0.0,JVASP-39816.zip,2043840,12,True,wannier90_hr.dat,8036675,True,True,True,True,JARVIS-DFT Wannier 3D materials (JVASP-28502 to JVASP-40530),,JARVIS-DFT dft_3d/dft_2d
JVASP-39819,GaGeRu2,225,Fm-3m,3D,,mp-865895,40,64,0.0,JVASP-39819.zip,4135970,12,True,wannier90_hr.dat,22321475,True,True,True,True,JARVIS-DFT Wannier 3D materials (JVASP-28502 to JVASP-40530),,JARVIS-DFT dft_3d/dft_2d
JVASP-39840,TiVRe2,225,Fm-3m,3D,,mp-865916,48,56,0.0,JVASP-39840.zip,6336619,12,True,wannier90_hr.dat,32142275,True,True,True,True,JARVIS-DFT Wannier 3D materials (JVASP-28502 to JVASP-40530),,JARVIS-DFT dft_3d/dft_2d
JVASP-39850,Cd2PdRh,225,Fm-3m,3D,,mp-865926,48,70,0.0,JVASP-39850.zip,6206805,12,True,wannier90_hr.dat,32142275,True,True,True,True,JARVIS-DFT Wannier 3D materials (JVASP-28502 to JVASP-40530),,JARVIS-DFT dft_3d/dft_2d
JVASP-39853,Cd2PtRh,225,Fm-3m,3D,,mp-865929,48,70,0.0,JVASP-39853.zip,6381009,12,True,wannier90_hr.dat,32142275,True,True,True,True,JARVIS-DFT Wannier 3D materials (JVASP-28502 to JVASP-40530),,JARVIS-DFT dft_3d/dft_2d
JVASP-39859,Li2MgSn,225,Fm-3m,3D,,mp-865935,20,44,0.0,JVASP-39859.zip,1446427,12,True,wannier90_hr.dat,5581475,True,True,True,True,JARVIS-DFT Wannier 3D materials (JVASP-28502 to JVASP-40530),,JARVIS-DFT dft_3d/dft_2d
JVASP-39864,ThSnRu2,225,Fm-3m,3D,,mp-865944,44,66,0.0,JVASP-39864.zip,4759654,12,True,wannier90_hr.dat,22749252,True,True,True,True,JARVIS-DFT Wannier 3D materials (JVASP-28502 to JVASP-40530),,JARVIS-DFT dft_3d/dft_2d
JVASP-39881,Li2CaSn,225,Fm-3m,3D,,mp-865964,24,42,0.0,JVASP-39881.zip,1972489,12,True,wannier90_hr.dat,8036675,True,True,True,True,JARVIS-DFT Wannier 3D materials (JVASP-28502 to JVASP-40530),,JARVIS-DFT dft_3d/dft_2d
JVASP-39883,BeAlIr2,225,Fm-3m,3D,,mp-865966,40,62,0.0,JVASP-39883.zip,4536799,12,True,wannier90_hr.dat,22321475,True,True,True,True,JARVIS-DFT Wannier 3D materials (JVASP-28502 to JVASP-40530),,JARVIS-DFT dft_3d/dft_2d
JVASP-39920,Dy2TlCd,225,Fm-3m,3D,,mp-866005,52,70,0.0,JVASP-39920.zip,7606450,12,True,wannier90_hr.dat,37722275,True,True,True,True,JARVIS-DFT Wannier 3D materials (JVASP-28502 to JVASP-40530),,JARVIS-DFT dft_3d/dft_2d
JVASP-39926,DyThTc2,225,Fm-3m,3D,,mp-866011,52,57,0.0,JVASP-39926.zip,8312423,12,True,wannier90_hr.dat,37722275,True,True,True,True,JARVIS-DFT Wannier 3D materials (JVASP-28502 to JVASP-40530),,JARVIS-DFT dft_3d/dft_2d
JVASP-39934,LiNdTl2,225,Fm-3m,3D,,mp-866019,34,53,0.0,JVASP-39934.zip,3662504,12,True,wannier90_hr.dat,16127675,True,True,True,True,JARVIS-DFT Wannier 3D materials (JVASP-28502 to JVASP-40530),,JARVIS-DFT dft_3d/dft_2d
JVASP-39947,AlZnRh2,225,Fm-3m,3D,,mp-866033,50,68,0.0,JVASP-39947.zip,6222774,12,True,wannier90_hr.dat,34876475,True,True,True,True,JARVIS-DFT Wannier 3D materials (JVASP-28502 to JVASP-40530),,JARVIS-DFT dft_3d/dft_2d
JVASP-39970,MgTaOs2,225,Fm-3m,3D,,mp-866071,44,56,0.0,JVASP-39970.zip,5516604,12,True,wannier90_hr.dat,27008675,True,True,True,True,JARVIS-DFT Wannier 3D materials (JVASP-28502 to JVASP-40530),,JARVIS-DFT dft_3d/dft_2d
JVASP-39971,MgTaRh2,225,Fm-3m,3D,,mp-866072,44,72,0.0,JVASP-39971.zip,5267764,12,True,wannier90_hr.dat,27008675,True,True,True,True,JARVIS-DFT Wannier 3D materials (JVASP-28502 to JVASP-40530),,JARVIS-DFT dft_3d/dft_2d
JVASP-39974,MgTaIr2,225,Fm-3m,3D,,mp-866075,44,68,0.0,JVASP-39974.zip,5425259,12,True,wannier90_hr.dat,27008675,True,True,True,True,JARVIS-DFT Wannier 3D materials (JVASP-28502 to JVASP-40530),,JARVIS-DFT dft_3d/dft_2d
JVASP-39985,MgSiRh2,225,Fm-3m,3D,,mp-866087,40,78,0.0,JVASP-39985.zip,4392835,12,True,wannier90_hr.dat,22321475,True,True,True,True,JARVIS-DFT Wannier 3D materials (JVASP-28502 to JVASP-40530),,JARVIS-DFT dft_3d/dft_2d
JVASP-39996,Ba2HgPb,225,Fm-3m,3D,,mp-866106,50,70,0.0,JVASP-39996.zip,6345833,12,True,wannier90_hr.dat,34876475,True,True,True,True,JARVIS-DFT Wannier 3D materials (JVASP-28502 to JVASP-40530),,JARVIS-DFT dft_3d/dft_2d
JVASP-40004,Be2PdRh,225,Fm-3m,3D,,mp-866115,40,54,0.0,JVASP-40004.zip,4276861,12,True,wannier90_hr.dat,22321475,True,True,True,True,JARVIS-DFT Wannier 3D materials (JVASP-28502 to JVASP-40530),,JARVIS-DFT dft_3d/dft_2d
JVASP-40022,TiBe2Ir,225,Fm-3m,3D,,mp-866139,40,54,0.0,JVASP-40022.zip,4423618,12,True,wannier90_hr.dat,22321475,True,True,True,True,JARVIS-DFT Wannier 3D materials (JVASP-28502 to JVASP-40530),,JARVIS-DFT dft_3d/dft_2d
JVASP-40025,TiBeRh2,225,Fm-3m,3D,,mp-866143,44,60,0.0,JVASP-40025.zip,4592580,12,True,wannier90_hr.dat,22362032,True,True,True,True,JARVIS-DFT Wannier 3D materials (JVASP-28502 to JVASP-40530),,JARVIS-DFT dft_3d/dft_2d
JVASP-40033,TiAlRu2,225,Fm-3m,3D,,mp-866155,44,54,0.0,JVASP-40033.zip,5348788,12,True,wannier90_hr.dat,27008675,True,True,True,True,JARVIS-DFT Wannier 3D materials (JVASP-28502 to JVASP-40530),,JARVIS-DFT dft_3d/dft_2d
JVASP-40047,KTl2Bi,225,Fm-3m,3D,,mp-866169,36,52,0.0,JVASP-40047.zip,2976721,12,True,wannier90_hr.dat,14581201,True,True,True,True,JARVIS-DFT Wannier 3D materials (JVASP-28502 to JVASP-40530),,JARVIS-DFT dft_3d/dft_2d
JVASP-40057,Li2NdTl,225,Fm-3m,3D,,mp-866179,28,45,0.0,JVASP-40057.zip,2774913,12,True,wannier90_hr.dat,10938275,True,True,True,True,JARVIS-DFT Wannier 3D materials (JVASP-28502 to JVASP-40530),,JARVIS-DFT dft_3d/dft_2d
JVASP-40059,Li2NdIn,225,Fm-3m,3D,,mp-866181,28,45,0.0,JVASP-40059.zip,2051323,12,True,wannier90_hr.dat,8742791,True,True,True,True,JARVIS-DFT Wannier 3D materials (JVASP-28502 to JVASP-40530),,JARVIS-DFT dft_3d/dft_2d
JVASP-40060,Ti2ZnRe,225,Fm-3m,3D,,mp-866183,54,62,0.0,JVASP-40060.zip,7556890,12,True,wannier90_hr.dat,40679675,True,True,True,True,JARVIS-DFT Wannier 3D materials (JVASP-28502 to JVASP-40530),,JARVIS-DFT dft_3d/dft_2d
JVASP-40061,Ti3Pb,194,P6_3/mmc,3D,,mp-866184,88,104,0.0,JVASP-40061.zip,18178742,12,True,wannier90_hr.dat,105707045,True,True,True,True,JARVIS-DFT Wannier 3D materials (JVASP-28502 to JVASP-40530),,JARVIS-DFT dft_3d/dft_2d
JVASP-40065,TlCdRh2,225,Fm-3m,3D,,mp-866188,44,64,0.0,JVASP-40065.zip,5432293,12,True,wannier90_hr.dat,27008675,True,True,True,True,JARVIS-DFT Wannier 3D materials (JVASP-28502 to JVASP-40530),,JARVIS-DFT dft_3d/dft_2d
JVASP-40075,Li2SmTl,225,Fm-3m,3D,,mp-866200,28,47,0.0,JVASP-40075.zip,2583416,12,True,wannier90_hr.dat,10938275,True,True,True,True,JARVIS-DFT Wannier 3D materials (JVASP-28502 to JVASP-40530),,JARVIS-DFT dft_3d/dft_2d
JVASP-40093,HfSnRh2,225,Fm-3m,3D,,mp-866221,44,68,0.0,JVASP-40093.zip,5172458,12,True,wannier90_hr.dat,27008675,True,True,True,True,JARVIS-DFT Wannier 3D materials (JVASP-28502 to JVASP-40530),,JARVIS-DFT dft_3d/dft_2d
JVASP-40095,CaYHg2,225,Fm-3m,3D,,mp-866223,60,64,0.0,JVASP-40095.zip,9264446,12,True,wannier90_hr.dat,50221475,True,True,True,True,JARVIS-DFT Wannier 3D materials (JVASP-28502 to JVASP-40530),,JARVIS-DFT dft_3d/dft_2d
JVASP-40107,Er2PdRu,225,Fm-3m,3D,,mp-866281,56,80,0.0,JVASP-40107.zip,8524357,12,True,wannier90_hr.dat,43748675,True,True,True,True,JARVIS-DFT Wannier 3D materials (JVASP-28502 to JVASP-40530),,JARVIS-DFT dft_3d/dft_2d
JVASP-40108,CaThRh2,225,Fm-3m,3D,,mp-866282,48,68,0.0,JVASP-40108.zip,6365655,12,True,wannier90_hr.dat,32142275,True,True,True,True,JARVIS-DFT Wannier 3D materials (JVASP-28502 to JVASP-40530),,JARVIS-DFT dft_3d/dft_2d
JVASP-40111,ErSnRu2,225,Fm-3m,3D,,mp-866285,48,69,0.0,JVASP-40111.zip,6875344,12,True,wannier90_hr.dat,32142275,True,True,True,True,JARVIS-DFT Wannier 3D materials (JVASP-28502 to JVASP-40530),,JARVIS-DFT dft_3d/dft_2d
JVASP-40117,AgBr,216,F-43m,3D,,mp-866291,20,48,1.031,JVASP-40117.zip,2445114,12,True,wannier90_hr.dat,12343188,True,True,True,True,JARVIS-DFT Wannier 3D materials (JVASP-28502 to JVASP-40530),,JARVIS-DFT dft_3d/dft_2d
JVASP-40196,CaSnS3,148,R-3,3D,,mp-866826,76,112,1.658,JVASP-40196.zip,6615598,12,True,wannier90_hr.dat,43609627,True,True,True,True,JARVIS-DFT Wannier 3D materials (JVASP-28502 to JVASP-40530),,JARVIS-DFT dft_3d/dft_2d
JVASP-40201,CaSnS3,194,P6_3/mmc,3D,,mp-866833,76,112,0.0,JVASP-40201.zip,12057803,12,True,wannier90_hr.dat,82887116,True,True,True,True,JARVIS-DFT Wannier 3D materials (JVASP-28502 to JVASP-40530),,JARVIS-DFT dft_3d/dft_2d
JVASP-40205,CaSnS3,46,Ima2,3D,,mp-866845,76,112,0.518,JVASP-40205.zip,10297543,12,True,wannier90_hr.dat,67291642,True,True,True,True,JARVIS-DFT Wannier 3D materials (JVASP-28502 to JVASP-40530),,JARVIS-DFT dft_3d/dft_2d
JVASP-40207,CaSnS3,63,Cmcm,3D,,mp-866850,76,112,0.421,JVASP-40207.zip,7890251,12,True,wannier90_hr.dat,50540948,True,True,True,True,JARVIS-DFT Wannier 3D materials (JVASP-28502 to JVASP-40530),,JARVIS-DFT dft_3d/dft_2d
JVASP-40222,LiDyTl2,225,Fm-3m,3D,,mp-867108,34,55,0.0,JVASP-40222.zip,3699227,12,True,wannier90_hr.dat,16127675,True,True,True,True,JARVIS-DFT Wannier 3D materials (JVASP-28502 to JVASP-40530),,JARVIS-DFT dft_3d/dft_2d
JVASP-40227,Ca2AsAu,225,Fm-3m,3D,,mp-867113,44,64,0.362,JVASP-40227.zip,5198940,12,True,wannier90_hr.dat,27008675,True,True,True,True,JARVIS-DFT Wannier 3D materials (JVASP-28502 to JVASP-40530),,JARVIS-DFT dft_3d/dft_2d
JVASP-40240,ScCdAg2,225,Fm-3m,3D,,mp-867127,48,62,0.0,JVASP-40240.zip,6004648,12,True,wannier90_hr.dat,32142275,True,True,True,True,JARVIS-DFT Wannier 3D materials (JVASP-28502 to JVASP-40530),,JARVIS-DFT dft_3d/dft_2d
JVASP-40246,Ba2Sc2O5,123,P4/mmm,3D,,mp-867133,78,102,1.883,JVASP-40246.zip,11181684,12,True,wannier90_hr.dat,74530303,True,True,True,True,JARVIS-DFT Wannier 3D materials (JVASP-28502 to JVASP-40530),,JARVIS-DFT dft_3d/dft_2d
JVASP-40248,ScZnPd2,225,Fm-3m,3D,,mp-867135,54,88,0.0,JVASP-40248.zip,7331780,12,True,wannier90_hr.dat,40679675,True,True,True,True,JARVIS-DFT Wannier 3D materials (JVASP-28502 to JVASP-40530),,JARVIS-DFT dft_3d/dft_2d
JVASP-40253,SmZn2Ag,225,Fm-3m,3D,,mp-867140,64,77,0.0,JVASP-40253.zip,9499945,12,True,wannier90_hr.dat,46490812,True,True,True,True,JARVIS-DFT Wannier 3D materials (JVASP-28502 to JVASP-40530),,JARVIS-DFT dft_3d/dft_2d
JVASP-40257,CaMgHg2,225,Fm-3m,3D,,mp-867144,56,66,0.0,JVASP-40257.zip,8023295,12,True,wannier90_hr.dat,43748675,True,True,True,True,JARVIS-DFT Wannier 3D materials (JVASP-28502 to JVASP-40530),,JARVIS-DFT dft_3d/dft_2d
JVASP-40262,Sr2CdSn,225,Fm-3m,3D,,mp-867149,44,60,0.0,JVASP-40262.zip,5080375,12,True,wannier90_hr.dat,27008675,True,True,True,True,JARVIS-DFT Wannier 3D materials (JVASP-28502 to JVASP-40530),,JARVIS-DFT dft_3d/dft_2d
JVASP-40278,Sr2SnHg,225,Fm-3m,3D,,mp-867169,50,54,0.272,JVASP-40278.zip,6610843,12,True,wannier90_hr.dat,34876475,True,True,True,True,JARVIS-DFT Wannier 3D materials (JVASP-28502 to JVASP-40530),,JARVIS-DFT dft_3d/dft_2d
JVASP-40279,LiGaPt2,225,Fm-3m,3D,,mp-867170,34,68,0.0,JVASP-40279.zip,3467272,12,True,wannier90_hr.dat,16127675,True,True,True,True,JARVIS-DFT Wannier 3D materials (JVASP-28502 to JVASP-40530),,JARVIS-DFT dft_3d/dft_2d
JVASP-40280,SrLi2Sn,225,Fm-3m,3D,,mp-867171,24,42,0.0,JVASP-40280.zip,1947347,12,True,wannier90_hr.dat,8036675,True,True,True,True,JARVIS-DFT Wannier 3D materials (JVASP-28502 to JVASP-40530),,JARVIS-DFT dft_3d/dft_2d
JVASP-40282,SrInHg2,225,Fm-3m,3D,,mp-867173,56,62,0.0,JVASP-40282.zip,8016681,12,True,wannier90_hr.dat,43748675,True,True,True,True,JARVIS-DFT Wannier 3D materials (JVASP-28502 to JVASP-40530),,JARVIS-DFT dft_3d/dft_2d
JVASP-40283,SrLi2Pb,225,Fm-3m,3D,,mp-867174,24,50,0.0,JVASP-40283.zip,2036140,12,True,wannier90_hr.dat,8036675,True,True,True,True,JARVIS-DFT Wannier 3D materials (JVASP-28502 to JVASP-40530),,JARVIS-DFT dft_3d/dft_2d
JVASP-40288,SrCdHg2,225,Fm-3m,3D,,mp-867179,60,62,0.0,JVASP-40288.zip,10120048,12,True,wannier90_hr.dat,50221475,True,True,True,True,JARVIS-DFT Wannier 3D materials (JVASP-28502 to JVASP-40530),,JARVIS-DFT dft_3d/dft_2d
JVASP-40299,Sr2BiAu,225,Fm-3m,3D,,mp-867193,44,64,0.617,JVASP-40299.zip,5284027,12,True,wannier90_hr.dat,27008675,True,True,True,True,JARVIS-DFT Wannier 3D materials (JVASP-28502 to JVASP-40530),,JARVIS-DFT dft_3d/dft_2d
JVASP-40303,LiGaPd2,225,Fm-3m,3D,,mp-867198,34,68,0.0,JVASP-40303.zip,3301106,12,True,wannier90_hr.dat,16127675,True,True,True,True,JARVIS-DFT Wannier 3D materials (JVASP-28502 to JVASP-40530),,JARVIS-DFT dft_3d/dft_2d
JVASP-40311,Sr2LiIn,225,Fm-3m,3D,,mp-867208,34,52,0.0,JVASP-40311.zip,3369110,12,True,wannier90_hr.dat,16127675,True,True,True,True,JARVIS-DFT Wannier 3D materials (JVASP-28502 to JVASP-40530),,JARVIS-DFT dft_3d/dft_2d
JVASP-40313,LiCa2In,225,Fm-3m,3D,,mp-867211,34,52,0.0,JVASP-40313.zip,3356415,12,True,wannier90_hr.dat,16127675,True,True,True,True,JARVIS-DFT Wannier 3D materials (JVASP-28502 to JVASP-40530),,JARVIS-DFT dft_3d/dft_2d
JVASP-40320,SmAgHg2,225,Fm-3m,3D,,mp-867218,64,77,0.0,JVASP-40320.zip,11816928,12,True,wannier90_hr.dat,57140675,True,True,True,True,JARVIS-DFT Wannier 3D materials (JVASP-28502 to JVASP-40530),,JARVIS-DFT dft_3d/dft_2d
JVASP-40327,LaCdAg2,225,Fm-3m,3D,,mp-867225,62,62,0.0,JVASP-40327.zip,9935618,12,True,wannier90_hr.dat,53625275,True,True,True,True,JARVIS-DFT Wannier 3D materials (JVASP-28502 to JVASP-40530),,JARVIS-DFT dft_3d/dft_2d
JVASP-40337,Tb2IrPd,225,Fm-3m,3D,,mp-867236,56,72,0.0,JVASP-40337.zip,9828376,12,True,wannier90_hr.dat,43748675,True,True,True,True,JARVIS-DFT Wannier 3D materials (JVASP-28502 to JVASP-40530),,JARVIS-DFT dft_3d/dft_2d
JVASP-40348,TaAlFe2,225,Fm-3m,3D,,mp-867249,44,62,0.224,JVASP-40348.zip,5346916,12,True,wannier90_hr.dat,27008675,True,True,True,True,JARVIS-DFT Wannier 3D materials (JVASP-28502 to JVASP-40530),,JARVIS-DFT dft_3d/dft_2d
JVASP-40350,LiZn2Pt,225,Fm-3m,3D,,mp-867251,50,70,0.0,JVASP-40350.zip,6350575,12,True,wannier90_hr.dat,34876475,True,True,True,True,JARVIS-DFT Wannier 3D materials (JVASP-28502 to JVASP-40530),,JARVIS-DFT dft_3d/dft_2d
JVASP-40354,LiZn2Au,225,Fm-3m,3D,,mp-867255,50,78,0.0,JVASP-40354.zip,6278736,12,True,wannier90_hr.dat,34876475,True,True,True,True,JARVIS-DFT Wannier 3D materials (JVASP-28502 to JVASP-40530),,JARVIS-DFT dft_3d/dft_2d
JVASP-40365,CaMgTl2,225,Fm-3m,3D,,mp-867266,36,46,0.0,JVASP-40365.zip,3659354,12,True,wannier90_hr.dat,18080675,True,True,True,True,JARVIS-DFT Wannier 3D materials (JVASP-28502 to JVASP-40530),,JARVIS-DFT dft_3d/dft_2d
JVASP-40379,Be2IrPt,225,Fm-3m,3D,,mp-867280,40,60,0.0,JVASP-40379.zip,4431329,12,True,wannier90_hr.dat,22321475,True,True,True,True,JARVIS-DFT Wannier 3D materials (JVASP-28502 to JVASP-40530),,JARVIS-DFT dft_3d/dft_2d
JVASP-40380,Tc3Pt,194,P6_3/mmc,3D,,mp-867281,96,140,0.0,JVASP-40380.zip,22386154,12,True,wannier90_hr.dat,132251116,True,True,True,True,JARVIS-DFT Wannier 3D materials (JVASP-28502 to JVASP-40530),,JARVIS-DFT dft_3d/dft_2d
JVASP-40381,Tb2IrRh,225,Fm-3m,3D,,mp-867282,56,74,0.0,JVASP-40381.zip,9783766,12,True,wannier90_hr.dat,43748675,True,True,True,True,JARVIS-DFT Wannier 3D materials (JVASP-28502 to JVASP-40530),,JARVIS-DFT dft_3d/dft_2d
JVASP-40398,Rb2Hf2O5,123,P4/mmm,3D,,mp-867300,78,106,1.848,JVASP-40398.zip,11584281,12,True,wannier90_hr.dat,74530303,True,True,True,True,JARVIS-DFT Wannier 3D materials (JVASP-28502 to JVASP-40530),,JARVIS-DFT dft_3d/dft_2d
JVASP-40403,Be2RuAu,225,Fm-3m,3D,,mp-867307,40,54,0.0,JVASP-40403.zip,4329886,12,True,wannier90_hr.dat,22321475,True,True,True,True,JARVIS-DFT Wannier 3D materials (JVASP-28502 to JVASP-40530),,JARVIS-DFT dft_3d/dft_2d
JVASP-40429,K2SbAu,63,Cmcm,3D,380340,mp-867335,88,96,1.051,JVASP-40429.zip,17566840,12,True,wannier90_hr.dat,105707045,True,True,True,True,JARVIS-DFT Wannier 3D materials (JVASP-28502 to JVASP-40530),,JARVIS-DFT dft_3d/dft_2d
JVASP-40436,Er2NiOs,225,Fm-3m,3D,,mp-867344,56,58,0.0,JVASP-40436.zip,8369814,12,True,wannier90_hr.dat,37790083,True,True,True,True,JARVIS-DFT Wannier 3D materials (JVASP-28502 to JVASP-40530),,JARVIS-DFT dft_3d/dft_2d
JVASP-40455,ThCdAg2,225,Fm-3m,3D,,mp-867372,48,62,0.0,JVASP-40455.zip,5290418,12,True,wannier90_hr.dat,25690791,True,True,True,True,JARVIS-DFT Wannier 3D materials (JVASP-28502 to JVASP-40530),,JARVIS-DFT dft_3d/dft_2d
JVASP-40457,ThPbAu2,225,Fm-3m,3D,,mp-867418,44,62,0.0,JVASP-40457.zip,5035584,12,True,wannier90_hr.dat,21587591,True,True,True,True,JARVIS-DFT Wannier 3D materials (JVASP-28502 to JVASP-40530),,JARVIS-DFT dft_3d/dft_2d
JVASP-40476,LiCuS,216,F-43m,3D,,mp-867689,40,92,1.027,JVASP-40476.zip,3693104,12,True,wannier90_hr.dat,19601303,True,True,True,True,JARVIS-DFT Wannier 3D materials (JVASP-28502 to JVASP-40530),,JARVIS-DFT dft_3d/dft_2d
JVASP-40488,Nb3GeS6,193,P6_3/mcm,3D,412772,mp-867739,160,240,0.0,JVASP-40488.zip,24461387,12,True,wannier90_hr.dat,157440685,True,True,True,True,JARVIS-DFT Wannier 3D materials (JVASP-28502 to JVASP-40530),,JARVIS-DFT dft_3d/dft_2d
JVASP-40498,Sc2CuAu,225,Fm-3m,3D,,mp-867756,48,74,0.0,JVASP-40498.zip,6035969,12,True,wannier90_hr.dat,32142275,True,True,True,True,JARVIS-DFT Wannier 3D materials (JVASP-28502 to JVASP-40530),,JARVIS-DFT dft_3d/dft_2d
JVASP-40519,ScNbTc2,225,Fm-3m,3D,,mp-867795,48,54,0.0,JVASP-40519.zip,5166359,12,True,wannier90_hr.dat,25690791,True,True,True,True,JARVIS-DFT Wannier 3D materials (JVASP-28502 to JVASP-40530),,JARVIS-DFT dft_3d/dft_2d
JVASP-40522,Ca2BiAu,225,Fm-3m,3D,,mp-867799,44,64,0.208,JVASP-40522.zip,5322137,12,True,wannier90_hr.dat,27008675,True,True,True,True,JARVIS-DFT Wannier 3D materials (JVASP-28502 to JVASP-40530),,JARVIS-DFT dft_3d/dft_2d
JVASP-40525,Sc2CuOs,225,Fm-3m,3D,,mp-867802,48,68,0.0,JVASP-40525.zip,6123432,12,True,wannier90_hr.dat,32142275,True,True,True,True,JARVIS-DFT Wannier 3D materials (JVASP-28502 to JVASP-40530),,JARVIS-DFT dft_3d/dft_2d
JVASP-40530,LiYTl2,225,Fm-3m,3D,,mp-867807,30,42,0.0,JVASP-40530.zip,2813795,12,True,wannier90_hr.dat,12556475,True,True,True,True,JARVIS-DFT Wannier 3D materials (JVASP-28502 to JVASP-40530),,JARVIS-DFT dft_3d/dft_2d
JVASP-40531,LiYHg2,225,Fm-3m,3D,,mp-867810,50,70,0.0,JVASP-40531.zip,6667311,12,True,wannier90_hr.dat,34876475,True,True,True,True,JARVIS-DFT Wannier 3D materials (JVASP-40531 to JVASP-85013),,JARVIS-DFT dft_3d/dft_2d
JVASP-40539,LiAlPd2,225,Fm-3m,3D,,mp-867820,34,62,0.0,JVASP-40539.zip,3298965,12,True,wannier90_hr.dat,16127675,True,True,True,True,JARVIS-DFT Wannier 3D materials (JVASP-40531 to JVASP-85013),,JARVIS-DFT dft_3d/dft_2d
JVASP-40541,LiYAu2,225,Fm-3m,3D,,mp-867822,38,70,0.0,JVASP-40541.zip,4138332,12,True,wannier90_hr.dat,20145275,True,True,True,True,JARVIS-DFT Wannier 3D materials (JVASP-40531 to JVASP-85013),,JARVIS-DFT dft_3d/dft_2d
JVASP-40551,LiHfPt2,225,Fm-3m,3D,,mp-867834,38,56,0.0,JVASP-40551.zip,4177502,12,True,wannier90_hr.dat,20145275,True,True,True,True,JARVIS-DFT Wannier 3D materials (JVASP-40531 to JVASP-85013),,JARVIS-DFT dft_3d/dft_2d
JVASP-40567,Sm2NiIr,225,Fm-3m,3D,,mp-867852,56,68,0.0,JVASP-40567.zip,8830407,12,True,wannier90_hr.dat,43748675,True,True,True,True,JARVIS-DFT Wannier 3D materials (JVASP-40531 to JVASP-85013),,JARVIS-DFT dft_3d/dft_2d
JVASP-40568,SmCdAg2,225,Fm-3m,3D,,mp-867853,52,67,0.0,JVASP-40568.zip,7564545,12,True,wannier90_hr.dat,37722275,True,True,True,True,JARVIS-DFT Wannier 3D materials (JVASP-40531 to JVASP-85013),,JARVIS-DFT dft_3d/dft_2d
JVASP-40569,Ca2ZnRh,225,Fm-3m,3D,,mp-867854,54,58,0.0,JVASP-40569.zip,7575924,12,True,wannier90_hr.dat,40679675,True,True,True,True,JARVIS-DFT Wannier 3D materials (JVASP-40531 to JVASP-85013),,JARVIS-DFT dft_3d/dft_2d
JVASP-40573,SmZnAu2,225,Fm-3m,3D,,mp-867860,58,77,0.0,JVASP-40573.zip,8824125,12,True,wannier90_hr.dat,46929275,True,True,True,True,JARVIS-DFT Wannier 3D materials (JVASP-40531 to JVASP-85013),,JARVIS-DFT dft_3d/dft_2d
JVASP-40578,SmMgAu2,225,Fm-3m,3D,,mp-867867,48,71,0.0,JVASP-40578.zip,6487728,12,True,wannier90_hr.dat,32142275,True,True,True,True,JARVIS-DFT Wannier 3D materials (JVASP-40531 to JVASP-85013),,JARVIS-DFT dft_3d/dft_2d
JVASP-40592,SmCdAu2,225,Fm-3m,3D,,mp-867882,52,67,0.0,JVASP-40592.zip,7877068,12,True,wannier90_hr.dat,37722275,True,True,True,True,JARVIS-DFT Wannier 3D materials (JVASP-40531 to JVASP-85013),,JARVIS-DFT dft_3d/dft_2d
JVASP-40599,Sm2MgAl,225,Fm-3m,3D,,mp-867894,48,52,0.0,JVASP-40599.zip,7427164,12,True,wannier90_hr.dat,32142275,True,True,True,True,JARVIS-DFT Wannier 3D materials (JVASP-40531 to JVASP-85013),,JARVIS-DFT dft_3d/dft_2d
JVASP-40603,DyAgHg2,225,Fm-3m,3D,,mp-867898,64,77,0.0,JVASP-40603.zip,11628042,12,True,wannier90_hr.dat,57140675,True,True,True,True,JARVIS-DFT Wannier 3D materials (JVASP-40531 to JVASP-85013),,JARVIS-DFT dft_3d/dft_2d
JVASP-40627,ScGaPt2,225,Fm-3m,3D,,mp-867923,44,62,0.0,JVASP-40627.zip,5319253,12,True,wannier90_hr.dat,27008675,True,True,True,True,JARVIS-DFT Wannier 3D materials (JVASP-40531 to JVASP-85013),,JARVIS-DFT dft_3d/dft_2d
JVASP-40644,SmInRh2,225,Fm-3m,3D,,mp-867978,48,71,0.0,JVASP-40644.zip,5672634,12,True,wannier90_hr.dat,25690791,True,True,True,True,JARVIS-DFT Wannier 3D materials (JVASP-40531 to JVASP-85013),,JARVIS-DFT dft_3d/dft_2d
JVASP-40646,SmPbAu2,225,Fm-3m,3D,,mp-867985,48,67,0.0,JVASP-40646.zip,5923481,12,True,wannier90_hr.dat,26842842,True,True,True,True,JARVIS-DFT Wannier 3D materials (JVASP-40531 to JVASP-85013),,JARVIS-DFT dft_3d/dft_2d
JVASP-40651,NaCoO2,194,P6_3/mmc,3D,246585,mp-868117,64,108,0.837,JVASP-40651.zip,6164922,12,True,wannier90_hr.dat,42394710,True,True,True,True,JARVIS-DFT Wannier 3D materials (JVASP-40531 to JVASP-85013),,JARVIS-DFT dft_3d/dft_2d
JVASP-40743,HfNiSn,216,F-43m,3D,,mp-924128,32,58,0.375,JVASP-40743.zip,5494740,12,True,wannier90_hr.dat,27497182,True,True,True,True,JARVIS-DFT Wannier 3D materials (JVASP-40531 to JVASP-85013),,JARVIS-DFT dft_3d/dft_2d
JVASP-40763,KBaP,216,F-43m,3D,,mp-961648,32,48,1.218,JVASP-40763.zip,5203737,12,True,wannier90_hr.dat,27189952,True,True,True,True,JARVIS-DFT Wannier 3D materials (JVASP-40531 to JVASP-85013),,JARVIS-DFT dft_3d/dft_2d
JVASP-40764,ZrFeTe,216,F-43m,3D,,mp-961649,32,50,1.213,JVASP-40764.zip,5199870,12,True,wannier90_hr.dat,27189952,True,True,True,True,JARVIS-DFT Wannier 3D materials (JVASP-40531 to JVASP-85013),,JARVIS-DFT dft_3d/dft_2d
JVASP-40766,ZrFeSe,216,F-43m,3D,,mp-961651,32,50,0.394,JVASP-40766.zip,5214099,12,True,wannier90_hr.dat,27497182,True,True,True,True,JARVIS-DFT Wannier 3D materials (JVASP-40531 to JVASP-85013),,JARVIS-DFT dft_3d/dft_2d
JVASP-40768,FeSiW,216,F-43m,3D,,mp-961653,32,58,0.32,JVASP-40768.zip,5717122,12,True,wannier90_hr.dat,27906823,True,True,True,True,JARVIS-DFT Wannier 3D materials (JVASP-40531 to JVASP-85013),,JARVIS-DFT dft_3d/dft_2d
JVASP-40770,YCdGa,216,F-43m,3D,,mp-961655,32,36,0.0,JVASP-40770.zip,5880383,12,True,wannier90_hr.dat,27497182,True,True,True,True,JARVIS-DFT Wannier 3D materials (JVASP-40531 to JVASP-85013),,JARVIS-DFT dft_3d/dft_2d
JVASP-40772,YNiP,216,F-43m,3D,,mp-961657,32,50,0.58,JVASP-40772.zip,5147033,12,True,wannier90_hr.dat,27189952,True,True,True,True,JARVIS-DFT Wannier 3D materials (JVASP-40531 to JVASP-85013),,JARVIS-DFT dft_3d/dft_2d
JVASP-40774,TiSiPd,216,F-43m,3D,,mp-961659,32,58,0.837,JVASP-40774.zip,5400372,12,True,wannier90_hr.dat,27292362,True,True,True,True,JARVIS-DFT Wannier 3D materials (JVASP-40531 to JVASP-85013),,JARVIS-DFT dft_3d/dft_2d
JVASP-40775,TiFeSe,216,F-43m,3D,,mp-961660,32,52,1.025,JVASP-40775.zip,5196754,12,True,wannier90_hr.dat,27702003,True,True,True,True,JARVIS-DFT Wannier 3D materials (JVASP-40531 to JVASP-85013),,JARVIS-DFT dft_3d/dft_2d
JVASP-40776,ZrSiPd,216,F-43m,3D,,mp-961661,32,56,0.772,JVASP-40776.zip,5445916,12,True,wannier90_hr.dat,27804413,True,True,True,True,JARVIS-DFT Wannier 3D materials (JVASP-40531 to JVASP-85013),,JARVIS-DFT dft_3d/dft_2d
JVASP-40778,SrTePd,216,F-43m,3D,,mp-961663,32,64,0.129,JVASP-40778.zip,2861250,12,True,wannier90_hr.dat,11828432,True,True,True,True,JARVIS-DFT Wannier 3D materials (JVASP-40531 to JVASP-85013),,JARVIS-DFT dft_3d/dft_2d
JVASP-40786,TiGePt,216,F-43m,3D,,mp-961671,32,48,0.0,JVASP-40786.zip,5751603,12,True,wannier90_hr.dat,27906823,True,True,True,True,JARVIS-DFT Wannier 3D materials (JVASP-40531 to JVASP-85013),,JARVIS-DFT dft_3d/dft_2d
JVASP-40788,TiFeTe,216,F-43m,3D,,mp-961673,32,52,1.101,JVASP-40788.zip,5281183,12,True,wannier90_hr.dat,27599592,True,True,True,True,JARVIS-DFT Wannier 3D materials (JVASP-40531 to JVASP-85013),,JARVIS-DFT dft_3d/dft_2d
JVASP-40793,ScCoTe,216,F-43m,3D,,mp-961678,32,56,0.902,JVASP-40793.zip,5152586,12,True,wannier90_hr.dat,27292362,True,True,True,True,JARVIS-DFT Wannier 3D materials (JVASP-40531 to JVASP-85013),,JARVIS-DFT dft_3d/dft_2d
JVASP-40794,TaAlPt,216,F-43m,3D,,mp-961679,32,66,0.0,JVASP-40794.zip,2828686,12,True,wannier90_hr.dat,11418791,True,True,True,True,JARVIS-DFT Wannier 3D materials (JVASP-40531 to JVASP-85013),,JARVIS-DFT dft_3d/dft_2d
JVASP-40795,NbAlPt,216,F-43m,3D,,mp-961680,32,58,0.0,JVASP-40795.zip,5533440,12,True,wannier90_hr.dat,26575491,True,True,True,True,JARVIS-DFT Wannier 3D materials (JVASP-40531 to JVASP-85013),,JARVIS-DFT dft_3d/dft_2d
JVASP-40796,ZrGePt,216,F-43m,3D,,mp-961681,32,46,0.0,JVASP-40796.zip,5650198,12,True,wannier90_hr.dat,27189952,True,True,True,True,JARVIS-DFT Wannier 3D materials (JVASP-40531 to JVASP-85013),,JARVIS-DFT dft_3d/dft_2d
JVASP-40797,TiSnPd,216,F-43m,3D,,mp-961682,32,48,0.526,JVASP-40797.zip,5074268,12,True,wannier90_hr.dat,26677901,True,True,True,True,JARVIS-DFT Wannier 3D materials (JVASP-40531 to JVASP-85013),,JARVIS-DFT dft_3d/dft_2d
JVASP-40798,LiMgP,216,F-43m,3D,,mp-961683,18,40,1.894,JVASP-40798.zip,2104906,12,True,wannier90_hr.dat,8604952,True,True,True,True,JARVIS-DFT Wannier 3D materials (JVASP-40531 to JVASP-85013),,JARVIS-DFT dft_3d/dft_2d
JVASP-40800,ZrSnPd,216,F-43m,3D,,mp-961687,32,46,0.494,JVASP-40800.zip,4999391,12,True,wannier90_hr.dat,26575491,True,True,True,True,JARVIS-DFT Wannier 3D materials (JVASP-40531 to JVASP-85013),,JARVIS-DFT dft_3d/dft_2d
JVASP-40801,VGaPt,216,F-43m,3D,,mp-961688,32,48,0.0,JVASP-40801.zip,5585360,12,True,wannier90_hr.dat,26575491,True,True,True,True,JARVIS-DFT Wannier 3D materials (JVASP-40531 to JVASP-85013),,JARVIS-DFT dft_3d/dft_2d
JVASP-40807,TiNiGe,216,F-43m,3D,,mp-961694,32,58,0.0,JVASP-40807.zip,5221721,12,True,wannier90_hr.dat,27292362,True,True,True,True,JARVIS-DFT Wannier 3D materials (JVASP-40531 to JVASP-85013),,JARVIS-DFT dft_3d/dft_2d
JVASP-40811,LiZnP,216,F-43m,3D,,mp-961698,28,46,1.227,JVASP-40811.zip,3795706,12,True,wannier90_hr.dat,20817952,True,True,True,True,JARVIS-DFT Wannier 3D materials (JVASP-40531 to JVASP-85013),,JARVIS-DFT dft_3d/dft_2d
JVASP-40816,NaLiPt,216,F-43m,3D,,mp-961703,22,40,0.423,JVASP-40816.zip,1616610,12,True,wannier90_hr.dat,5639842,True,True,True,True,JARVIS-DFT Wannier 3D materials (JVASP-40531 to JVASP-85013),,JARVIS-DFT dft_3d/dft_2d
JVASP-40817,NbTlPt,216,F-43m,3D,,mp-961704,32,48,0.0,JVASP-40817.zip,5616100,12,True,wannier90_hr.dat,26575491,True,True,True,True,JARVIS-DFT Wannier 3D materials (JVASP-40531 to JVASP-85013),,JARVIS-DFT dft_3d/dft_2d
JVASP-40818,TiPtPb,216,F-43m,3D,,mp-961705,32,48,0.0,JVASP-40818.zip,5704792,12,True,wannier90_hr.dat,27292362,True,True,True,True,JARVIS-DFT Wannier 3D materials (JVASP-40531 to JVASP-85013),,JARVIS-DFT dft_3d/dft_2d
JVASP-40821,NbInPt,216,F-43m,3D,,mp-961708,32,48,0.0,JVASP-40821.zip,5496019,12,True,wannier90_hr.dat,26575491,True,True,True,True,JARVIS-DFT Wannier 3D materials (JVASP-40531 to JVASP-85013),,JARVIS-DFT dft_3d/dft_2d
JVASP-40822,ZrPtPb,216,F-43m,3D,,mp-961709,32,46,0.0,JVASP-40822.zip,5469902,12,True,wannier90_hr.dat,27292362,True,True,True,True,JARVIS-DFT Wannier 3D materials (JVASP-40531 to JVASP-85013),,JARVIS-DFT dft_3d/dft_2d
JVASP-40824,ZrSiPt,216,F-43m,3D,,mp-961711,32,56,1.368,JVASP-40824.zip,5425773,12,True,wannier90_hr.dat,27189952,True,True,True,True,JARVIS-DFT Wannier 3D materials (JVASP-40531 to JVASP-85013),,JARVIS-DFT dft_3d/dft_2d
JVASP-40825,TaTlPt,216,F-43m,3D,,mp-961712,32,48,1.07,JVASP-40825.zip,5465986,12,True,wannier90_hr.dat,27189952,True,True,True,True,JARVIS-DFT Wannier 3D materials (JVASP-40531 to JVASP-85013),,JARVIS-DFT dft_3d/dft_2d
JVASP-40826,ZrSnPt,216,F-43m,3D,,mp-961713,32,46,0.998,JVASP-40826.zip,5273250,12,True,wannier90_hr.dat,27189952,True,True,True,True,JARVIS-DFT Wannier 3D materials (JVASP-40531 to JVASP-85013),,JARVIS-DFT dft_3d/dft_2d
JVASP-40829,VInPt,216,F-43m,3D,,mp-961717,32,48,0.0,JVASP-40829.zip,5773000,12,True,wannier90_hr.dat,26575491,True,True,True,True,JARVIS-DFT Wannier 3D materials (JVASP-40531 to JVASP-85013),,JARVIS-DFT dft_3d/dft_2d
JVASP-40831,HfAsRh,216,F-43m,3D,,mp-961719,32,52,0.0,JVASP-40831.zip,5721215,12,True,wannier90_hr.dat,27292362,True,True,True,True,JARVIS-DFT Wannier 3D materials (JVASP-40531 to JVASP-85013),,JARVIS-DFT dft_3d/dft_2d
JVASP-40834,TiBiRh,216,F-43m,3D,,mp-961722,32,52,0.0,JVASP-40834.zip,5540212,12,True,wannier90_hr.dat,27189952,True,True,True,True,JARVIS-DFT Wannier 3D materials (JVASP-40531 to JVASP-85013),,JARVIS-DFT dft_3d/dft_2d
JVASP-40836,ZrBiRh,216,F-43m,3D,,mp-961724,32,50,0.0,JVASP-40836.zip,5414832,12,True,wannier90_hr.dat,27189952,True,True,True,True,JARVIS-DFT Wannier 3D materials (JVASP-40531 to JVASP-85013),,JARVIS-DFT dft_3d/dft_2d
JVASP-40842,BaNaSb,216,F-43m,3D,,mp-961774,28,34,0.415,JVASP-40842.zip,4373143,12,True,wannier90_hr.dat,20817952,True,True,True,True,JARVIS-DFT Wannier 3D materials (JVASP-40531 to JVASP-85013),,JARVIS-DFT dft_3d/dft_2d
JVASP-40843,SrCaSi,216,F-43m,3D,,mp-962057,32,48,0.564,JVASP-40843.zip,5396188,12,True,wannier90_hr.dat,27292362,True,True,True,True,JARVIS-DFT Wannier 3D materials (JVASP-40531 to JVASP-85013),,JARVIS-DFT dft_3d/dft_2d
JVASP-40858,Ba2BiAu,225,Fm-3m,3D,,mp-862947,44,64,0.632,JVASP-40858.zip,5309346,12,True,wannier90_hr.dat,27008675,True,True,True,True,JARVIS-DFT Wannier 3D materials (JVASP-40531 to JVASP-85013),,JARVIS-DFT dft_3d/dft_2d
JVASP-40907,CaHg3,194,P6_3/mmc,3D,,mp-863648,132,144,0.0,JVASP-40907.zip,38557244,12,True,wannier90_hr.dat,237839045,True,True,True,True,JARVIS-DFT Wannier 3D materials (JVASP-40531 to JVASP-85013),,JARVIS-DFT dft_3d/dft_2d
JVASP-40971,ErCdPd2,225,Fm-3m,3D,,mp-863738,52,65,0.0,JVASP-40971.zip,8059690,12,True,wannier90_hr.dat,37722275,True,True,True,True,JARVIS-DFT Wannier 3D materials (JVASP-40531 to JVASP-85013),,JARVIS-DFT dft_3d/dft_2d
JVASP-40977,Ca2PdAu,225,Fm-3m,3D,,mp-863744,48,64,0.0,JVASP-40977.zip,6084962,12,True,wannier90_hr.dat,32142275,True,True,True,True,JARVIS-DFT Wannier 3D materials (JVASP-40531 to JVASP-85013),,JARVIS-DFT dft_3d/dft_2d
JVASP-41008,Nd2MgAl,225,Fm-3m,3D,,mp-864610,48,48,0.0,JVASP-41008.zip,6998167,12,True,wannier90_hr.dat,32142275,True,True,True,True,JARVIS-DFT Wannier 3D materials (JVASP-40531 to JVASP-85013),,JARVIS-DFT dft_3d/dft_2d
JVASP-41014,BaHg2Pb,225,Fm-3m,3D,,mp-864618,56,62,0.0,JVASP-41014.zip,8053929,12,True,wannier90_hr.dat,43748675,True,True,True,True,JARVIS-DFT Wannier 3D materials (JVASP-40531 to JVASP-85013),,JARVIS-DFT dft_3d/dft_2d
JVASP-41018,Nd2IrPd,225,Fm-3m,3D,,mp-864622,56,70,0.0,JVASP-41018.zip,9525667,12,True,wannier90_hr.dat,43748675,True,True,True,True,JARVIS-DFT Wannier 3D materials (JVASP-40531 to JVASP-85013),,JARVIS-DFT dft_3d/dft_2d
JVASP-41039,ErAgHg2,225,Fm-3m,3D,,mp-864646,64,75,0.0,JVASP-41039.zip,10793820,12,True,wannier90_hr.dat,57140675,True,True,True,True,JARVIS-DFT Wannier 3D materials (JVASP-40531 to JVASP-85013),,JARVIS-DFT dft_3d/dft_2d
JVASP-41041,Ta2OsW,225,Fm-3m,3D,,mp-864650,48,62,0.0,JVASP-41041.zip,6486125,12,True,wannier90_hr.dat,32142275,True,True,True,True,JARVIS-DFT Wannier 3D materials (JVASP-40531 to JVASP-85013),,JARVIS-DFT dft_3d/dft_2d
JVASP-41062,Hf2MoIr,225,Fm-3m,3D,,mp-864684,48,62,0.0,JVASP-41062.zip,5335801,12,True,wannier90_hr.dat,25921201,True,True,True,True,JARVIS-DFT Wannier 3D materials (JVASP-40531 to JVASP-85013),,JARVIS-DFT dft_3d/dft_2d
JVASP-41095,LiSnIr2,225,Fm-3m,3D,,mp-864768,34,68,0.0,JVASP-41095.zip,3470846,12,True,wannier90_hr.dat,16127675,True,True,True,True,JARVIS-DFT Wannier 3D materials (JVASP-40531 to JVASP-85013),,JARVIS-DFT dft_3d/dft_2d
JVASP-41105,LiSnRh2,225,Fm-3m,3D,,mp-864784,34,56,0.0,JVASP-41105.zip,3310015,12,True,wannier90_hr.dat,16127675,True,True,True,True,JARVIS-DFT Wannier 3D materials (JVASP-40531 to JVASP-85013),,JARVIS-DFT dft_3d/dft_2d
JVASP-41122,TbLiHg2,225,Fm-3m,3D,,mp-864804,54,78,0.0,JVASP-41122.zip,7846692,12,True,wannier90_hr.dat,40679675,True,True,True,True,JARVIS-DFT Wannier 3D materials (JVASP-40531 to JVASP-85013),,JARVIS-DFT dft_3d/dft_2d
JVASP-41125,HfZnNi2,225,Fm-3m,3D,,mp-864807,54,78,0.0,JVASP-41125.zip,7253839,12,True,wannier90_hr.dat,40679675,True,True,True,True,JARVIS-DFT Wannier 3D materials (JVASP-40531 to JVASP-85013),,JARVIS-DFT dft_3d/dft_2d
JVASP-41149,NdAgHg2,225,Fm-3m,3D,,mp-864893,64,75,0.0,JVASP-41149.zip,11577101,12,True,wannier90_hr.dat,57140675,True,True,True,True,JARVIS-DFT Wannier 3D materials (JVASP-40531 to JVASP-85013),,JARVIS-DFT dft_3d/dft_2d
JVASP-41153,Zr2CuOs,225,Fm-3m,3D,,mp-864897,48,68,0.0,JVASP-41153.zip,6172274,12,True,wannier90_hr.dat,32142275,True,True,True,True,JARVIS-DFT Wannier 3D materials (JVASP-40531 to JVASP-85013),,JARVIS-DFT dft_3d/dft_2d
JVASP-41154,Na2TlBi,225,Fm-3m,3D,,mp-864898,32,50,0.223,JVASP-41154.zip,2981760,12,True,wannier90_hr.dat,14286275,True,True,True,True,JARVIS-DFT Wannier 3D materials (JVASP-40531 to JVASP-85013),,JARVIS-DFT dft_3d/dft_2d
JVASP-41159,MgSnIr2,225,Fm-3m,3D,,mp-864906,40,56,0.0,JVASP-41159.zip,3920810,12,True,wannier90_hr.dat,18161212,True,True,True,True,JARVIS-DFT Wannier 3D materials (JVASP-40531 to JVASP-85013),,JARVIS-DFT dft_3d/dft_2d
JVASP-41162,HfAlRu2,225,Fm-3m,3D,,mp-864909,44,54,0.0,JVASP-41162.zip,4397112,12,True,wannier90_hr.dat,21781201,True,True,True,True,JARVIS-DFT Wannier 3D materials (JVASP-40531 to JVASP-85013),,JARVIS-DFT dft_3d/dft_2d
JVASP-41170,MgZrAu2,225,Fm-3m,3D,,mp-864920,44,66,0.0,JVASP-41170.zip,5263278,12,True,wannier90_hr.dat,27008675,True,True,True,True,JARVIS-DFT Wannier 3D materials (JVASP-40531 to JVASP-85013),,JARVIS-DFT dft_3d/dft_2d
JVASP-41211,Mg2PdRh,225,Fm-3m,3D,,mp-864969,40,62,0.0,JVASP-41211.zip,4612796,12,True,wannier90_hr.dat,20881384,True,True,True,True,JARVIS-DFT Wannier 3D materials (JVASP-40531 to JVASP-85013),,JARVIS-DFT dft_3d/dft_2d
JVASP-41216,Hf2CuOs,225,Fm-3m,3D,,mp-864974,48,72,0.0,JVASP-41216.zip,5718263,12,True,wannier90_hr.dat,29146943,True,True,True,True,JARVIS-DFT Wannier 3D materials (JVASP-40531 to JVASP-85013),,JARVIS-DFT dft_3d/dft_2d
JVASP-41217,Mg2PdPt,225,Fm-3m,3D,,mp-864975,40,68,0.0,JVASP-41217.zip,4629022,12,True,wannier90_hr.dat,22321475,True,True,True,True,JARVIS-DFT Wannier 3D materials (JVASP-40531 to JVASP-85013),,JARVIS-DFT dft_3d/dft_2d
JVASP-41218,Mg2AgIr,225,Fm-3m,3D,,mp-864976,40,68,0.0,JVASP-41218.zip,4549762,12,True,wannier90_hr.dat,22321475,True,True,True,True,JARVIS-DFT Wannier 3D materials (JVASP-40531 to JVASP-85013),,JARVIS-DFT dft_3d/dft_2d
JVASP-41242,HfScOs2,225,Fm-3m,3D,,mp-865001,48,70,0.0,JVASP-41242.zip,6390091,12,True,wannier90_hr.dat,32142275,True,True,True,True,JARVIS-DFT Wannier 3D materials (JVASP-40531 to JVASP-85013),,JARVIS-DFT dft_3d/dft_2d
JVASP-41243,CaYRh2,225,Fm-3m,3D,,mp-865002,48,68,0.0,JVASP-41243.zip,6069658,12,True,wannier90_hr.dat,32142275,True,True,True,True,JARVIS-DFT Wannier 3D materials (JVASP-40531 to JVASP-85013),,JARVIS-DFT dft_3d/dft_2d
JVASP-41244,Be2IrPd,225,Fm-3m,3D,,mp-865003,40,60,0.0,JVASP-41244.zip,4440443,12,True,wannier90_hr.dat,22321475,True,True,True,True,JARVIS-DFT Wannier 3D materials (JVASP-40531 to JVASP-85013),,JARVIS-DFT dft_3d/dft_2d
JVASP-41249,HfGaRu2,225,Fm-3m,3D,,mp-865010,44,68,0.0,JVASP-41249.zip,5125261,12,True,wannier90_hr.dat,27008675,True,True,True,True,JARVIS-DFT Wannier 3D materials (JVASP-40531 to JVASP-85013),,JARVIS-DFT dft_3d/dft_2d
JVASP-41256,HfGaRh2,225,Fm-3m,3D,,mp-865019,44,68,0.0,JVASP-41256.zip,4501974,12,True,wannier90_hr.dat,21781201,True,True,True,True,JARVIS-DFT Wannier 3D materials (JVASP-40531 to JVASP-85013),,JARVIS-DFT dft_3d/dft_2d
JVASP-41257,HfMgIr2,225,Fm-3m,3D,,mp-865020,44,68,0.0,JVASP-41257.zip,5504650,12,True,wannier90_hr.dat,27008675,True,True,True,True,JARVIS-DFT Wannier 3D materials (JVASP-40531 to JVASP-85013),,JARVIS-DFT dft_3d/dft_2d
JVASP-41271,HfTc2Sn,225,Fm-3m,3D,,mp-865039,44,68,0.0,JVASP-41271.zip,4421315,12,True,wannier90_hr.dat,21974812,True,True,True,True,JARVIS-DFT Wannier 3D materials (JVASP-40531 to JVASP-85013),,JARVIS-DFT dft_3d/dft_2d
JVASP-41274,MgInIr2,225,Fm-3m,3D,,mp-865044,40,64,0.0,JVASP-41274.zip,4537820,12,True,wannier90_hr.dat,22321475,True,True,True,True,JARVIS-DFT Wannier 3D materials (JVASP-40531 to JVASP-85013),,JARVIS-DFT dft_3d/dft_2d
JVASP-41281,NaCa2Tl,225,Fm-3m,3D,,mp-865051,40,48,0.0,JVASP-41281.zip,4644995,12,True,wannier90_hr.dat,22321475,True,True,True,True,JARVIS-DFT Wannier 3D materials (JVASP-40531 to JVASP-85013),,JARVIS-DFT dft_3d/dft_2d
JVASP-41309,NaMgTl2,225,Fm-3m,3D,,mp-865110,32,48,0.0,JVASP-41309.zip,3104121,12,True,wannier90_hr.dat,14286275,True,True,True,True,JARVIS-DFT Wannier 3D materials (JVASP-40531 to JVASP-85013),,JARVIS-DFT dft_3d/dft_2d
JVASP-41312,NaNdAu2,225,Fm-3m,3D,,mp-865113,48,61,0.0,JVASP-41312.zip,6675229,12,True,wannier90_hr.dat,32142275,True,True,True,True,JARVIS-DFT Wannier 3D materials (JVASP-40531 to JVASP-85013),,JARVIS-DFT dft_3d/dft_2d
JVASP-41314,NaNdHg2,225,Fm-3m,3D,,mp-865115,60,69,0.0,JVASP-41314.zip,9730882,12,True,wannier90_hr.dat,50221475,True,True,True,True,JARVIS-DFT Wannier 3D materials (JVASP-40531 to JVASP-85013),,JARVIS-DFT dft_3d/dft_2d
JVASP-41324,MgGaRh2,225,Fm-3m,3D,,mp-865125,40,68,0.0,JVASP-41324.zip,4302379,12,True,wannier90_hr.dat,22321475,True,True,True,True,JARVIS-DFT Wannier 3D materials (JVASP-40531 to JVASP-85013),,JARVIS-DFT dft_3d/dft_2d
JVASP-41327,NaSr2Tl,225,Fm-3m,3D,,mp-865128,40,48,0.0,JVASP-41327.zip,4650799,12,True,wannier90_hr.dat,22321475,True,True,True,True,JARVIS-DFT Wannier 3D materials (JVASP-40531 to JVASP-85013),,JARVIS-DFT dft_3d/dft_2d
JVASP-41358,HfBeRh2,225,Fm-3m,3D,,mp-865163,44,60,0.0,JVASP-41358.zip,5078300,12,True,wannier90_hr.dat,27008675,True,True,True,True,JARVIS-DFT Wannier 3D materials (JVASP-40531 to JVASP-85013),,JARVIS-DFT dft_3d/dft_2d
JVASP-41374,Hf2FeOs,225,Fm-3m,3D,,mp-865179,48,56,0.0,JVASP-41374.zip,5478479,12,True,wannier90_hr.dat,26612432,True,True,True,True,JARVIS-DFT Wannier 3D materials (JVASP-40531 to JVASP-85013),,JARVIS-DFT dft_3d/dft_2d
JVASP-41379,LiScPd2,225,Fm-3m,3D,,mp-865184,38,70,0.0,JVASP-41379.zip,4251179,12,True,wannier90_hr.dat,20145275,True,True,True,True,JARVIS-DFT Wannier 3D materials (JVASP-40531 to JVASP-85013),,JARVIS-DFT dft_3d/dft_2d
JVASP-41380,MgBe2As2,164,P-3m1,3D,609872,mp-865185,40,54,0.693,JVASP-41380.zip,4844557,12,True,wannier90_hr.dat,27601809,True,True,True,True,JARVIS-DFT Wannier 3D materials (JVASP-40531 to JVASP-85013),,JARVIS-DFT dft_3d/dft_2d
JVASP-41381,MgGaIr2,225,Fm-3m,3D,,mp-865186,40,64,0.0,JVASP-41381.zip,4595195,12,True,wannier90_hr.dat,22321475,True,True,True,True,JARVIS-DFT Wannier 3D materials (JVASP-40531 to JVASP-85013),,JARVIS-DFT dft_3d/dft_2d
JVASP-41417,LiScTl2,225,Fm-3m,3D,,mp-865231,30,42,0.0,JVASP-41417.zip,2817523,12,True,wannier90_hr.dat,12556475,True,True,True,True,JARVIS-DFT Wannier 3D materials (JVASP-40531 to JVASP-85013),,JARVIS-DFT dft_3d/dft_2d
JVASP-41443,Lu2ZnOs,225,Fm-3m,3D,,mp-865261,82,90,0.0,JVASP-41443.zip,18998829,12,True,wannier90_hr.dat,93801275,True,True,True,True,JARVIS-DFT Wannier 3D materials (JVASP-40531 to JVASP-85013),,JARVIS-DFT dft_3d/dft_2d
JVASP-41451,NbAlOs2,225,Fm-3m,3D,,mp-865278,44,62,0.0,JVASP-41451.zip,5464637,12,True,wannier90_hr.dat,27008675,True,True,True,True,JARVIS-DFT Wannier 3D materials (JVASP-40531 to JVASP-85013),,JARVIS-DFT dft_3d/dft_2d
JVASP-41453,NbAlFe2,225,Fm-3m,3D,,mp-865280,44,62,0.24,JVASP-41453.zip,5258286,12,True,wannier90_hr.dat,27008675,True,True,True,True,JARVIS-DFT Wannier 3D materials (JVASP-40531 to JVASP-85013),,JARVIS-DFT dft_3d/dft_2d
JVASP-41508,DyTaRu2,225,Fm-3m,3D,,mp-865364,52,59,0.0,JVASP-41508.zip,6939914,12,True,wannier90_hr.dat,30150791,True,True,True,True,JARVIS-DFT Wannier 3D materials (JVASP-40531 to JVASP-85013),,JARVIS-DFT dft_3d/dft_2d
JVASP-41554,Y2NiIr,225,Fm-3m,3D,,mp-865432,48,58,0.0,JVASP-41554.zip,6173567,12,True,wannier90_hr.dat,32142275,True,True,True,True,JARVIS-DFT Wannier 3D materials (JVASP-40531 to JVASP-85013),,JARVIS-DFT dft_3d/dft_2d
JVASP-41563,TiAlOs2,225,Fm-3m,3D,,mp-865442,44,62,0.0,JVASP-41563.zip,5500769,12,True,wannier90_hr.dat,25266184,True,True,True,True,JARVIS-DFT Wannier 3D materials (JVASP-40531 to JVASP-85013),,JARVIS-DFT dft_3d/dft_2d
JVASP-41569,TiGaRu2,225,Fm-3m,3D,,mp-865448,44,68,0.0,JVASP-41569.zip,4989813,12,True,wannier90_hr.dat,27008675,True,True,True,True,JARVIS-DFT Wannier 3D materials (JVASP-40531 to JVASP-85013),,JARVIS-DFT dft_3d/dft_2d
JVASP-41589,V2CrOs,225,Fm-3m,3D,,mp-865485,48,72,0.0,JVASP-41589.zip,6302663,12,True,wannier90_hr.dat,32142275,True,True,True,True,JARVIS-DFT Wannier 3D materials (JVASP-40531 to JVASP-85013),,JARVIS-DFT dft_3d/dft_2d
JVASP-41604,YAgHg2,225,Fm-3m,3D,,mp-865502,60,72,0.0,JVASP-41604.zip,7401766,12,True,wannier90_hr.dat,40141191,True,True,True,True,JARVIS-DFT Wannier 3D materials (JVASP-40531 to JVASP-85013),,JARVIS-DFT dft_3d/dft_2d
JVASP-41658,LiNd2Ga,225,Fm-3m,3D,,mp-865578,42,58,0.0,JVASP-41658.zip,4886060,12,True,wannier90_hr.dat,24609275,True,True,True,True,JARVIS-DFT Wannier 3D materials (JVASP-40531 to JVASP-85013),,JARVIS-DFT dft_3d/dft_2d
JVASP-41701,ThCdRh2,225,Fm-3m,3D,,mp-861646,48,66,0.0,JVASP-41701.zip,6745997,12,True,wannier90_hr.dat,32142275,True,True,True,True,JARVIS-DFT Wannier 3D materials (JVASP-40531 to JVASP-85013),,JARVIS-DFT dft_3d/dft_2d
JVASP-41702,Li2PdPb,225,Fm-3m,3D,,mp-861651,24,50,0.0,JVASP-41702.zip,1937447,12,True,wannier90_hr.dat,8036675,True,True,True,True,JARVIS-DFT Wannier 3D materials (JVASP-40531 to JVASP-85013),,JARVIS-DFT dft_3d/dft_2d
JVASP-41709,LiNdHg2,225,Fm-3m,3D,,mp-861660,54,73,0.0,JVASP-41709.zip,6661757,12,True,wannier90_hr.dat,33097812,True,True,True,True,JARVIS-DFT Wannier 3D materials (JVASP-40531 to JVASP-85013),,JARVIS-DFT dft_3d/dft_2d
JVASP-41716,LiSbRh2,225,Fm-3m,3D,,mp-861667,34,58,0.0,JVASP-41716.zip,2974603,12,True,wannier90_hr.dat,13931083,True,True,True,True,JARVIS-DFT Wannier 3D materials (JVASP-40531 to JVASP-85013),,JARVIS-DFT dft_3d/dft_2d
JVASP-41734,TaTlO3,221,Pm-3m,3D,,mp-861873,38,58,0.93,JVASP-41734.zip,4263462,12,True,wannier90_hr.dat,24766399,True,True,True,True,JARVIS-DFT Wannier 3D materials (JVASP-40531 to JVASP-85013),,JARVIS-DFT dft_3d/dft_2d
JVASP-41755,LiGaCu2,225,Fm-3m,3D,,mp-861901,34,72,0.0,JVASP-41755.zip,3146549,12,True,wannier90_hr.dat,16127675,True,True,True,True,JARVIS-DFT Wannier 3D materials (JVASP-40531 to JVASP-85013),,JARVIS-DFT dft_3d/dft_2d
JVASP-41757,LiBiRh2,225,Fm-3m,3D,,mp-861903,34,66,0.0,JVASP-41757.zip,3446910,12,True,wannier90_hr.dat,16127675,True,True,True,True,JARVIS-DFT Wannier 3D materials (JVASP-40531 to JVASP-85013),,JARVIS-DFT dft_3d/dft_2d
JVASP-41762,CdGaRh2,225,Fm-3m,3D,,mp-861909,44,64,0.0,JVASP-41762.zip,5598460,12,True,wannier90_hr.dat,27008675,True,True,True,True,JARVIS-DFT Wannier 3D materials (JVASP-40531 to JVASP-85013),,JARVIS-DFT dft_3d/dft_2d
JVASP-41765,LiDy2Al,225,Fm-3m,3D,,mp-861913,42,56,0.0,JVASP-41765.zip,5433239,12,True,wannier90_hr.dat,24609275,True,True,True,True,JARVIS-DFT Wannier 3D materials (JVASP-40531 to JVASP-85013),,JARVIS-DFT dft_3d/dft_2d
JVASP-41773,LiPdAu2,225,Fm-3m,3D,,mp-861930,38,78,0.0,JVASP-41773.zip,4146630,12,True,wannier90_hr.dat,20145275,True,True,True,True,JARVIS-DFT Wannier 3D materials (JVASP-40531 to JVASP-85013),,JARVIS-DFT dft_3d/dft_2d
JVASP-41775,LiZnAu2,225,Fm-3m,3D,,mp-861932,44,78,0.0,JVASP-41775.zip,5317360,12,True,wannier90_hr.dat,27008675,True,True,True,True,JARVIS-DFT Wannier 3D materials (JVASP-40531 to JVASP-85013),,JARVIS-DFT dft_3d/dft_2d
JVASP-41779,LiPd3,221,Pm-3m,3D,,mp-861936,38,62,0.0,JVASP-41779.zip,4821863,12,True,wannier90_hr.dat,24766399,True,True,True,True,JARVIS-DFT Wannier 3D materials (JVASP-40531 to JVASP-85013),,JARVIS-DFT dft_3d/dft_2d
JVASP-41780,Ba2AsAu,225,Fm-3m,3D,,mp-861937,44,64,0.563,JVASP-41780.zip,5282411,12,True,wannier90_hr.dat,27008675,True,True,True,True,JARVIS-DFT Wannier 3D materials (JVASP-40531 to JVASP-85013),,JARVIS-DFT dft_3d/dft_2d
JVASP-41792,Ca2SbAu,225,Fm-3m,3D,,mp-861950,44,64,0.426,JVASP-41792.zip,5190192,12,True,wannier90_hr.dat,27008675,True,True,True,True,JARVIS-DFT Wannier 3D materials (JVASP-40531 to JVASP-85013),,JARVIS-DFT dft_3d/dft_2d
JVASP-41822,Er2IrPd,225,Fm-3m,3D,,mp-861984,56,70,0.0,JVASP-41822.zip,9320303,12,True,wannier90_hr.dat,43748675,True,True,True,True,JARVIS-DFT Wannier 3D materials (JVASP-40531 to JVASP-85013),,JARVIS-DFT dft_3d/dft_2d
JVASP-41834,Sc2ZnPt,225,Fm-3m,3D,,mp-862258,54,64,0.0,JVASP-41834.zip,7777132,12,True,wannier90_hr.dat,40679675,True,True,True,True,JARVIS-DFT Wannier 3D materials (JVASP-40531 to JVASP-85013),,JARVIS-DFT dft_3d/dft_2d
JVASP-41845,BeGaRh2,225,Fm-3m,3D,,mp-862291,40,56,0.0,JVASP-41845.zip,4297326,12,True,wannier90_hr.dat,22321475,True,True,True,True,JARVIS-DFT Wannier 3D materials (JVASP-40531 to JVASP-85013),,JARVIS-DFT dft_3d/dft_2d
JVASP-41848,LiAlPt2,225,Fm-3m,3D,,mp-862296,34,62,0.0,JVASP-41848.zip,3278393,12,True,wannier90_hr.dat,14740353,True,True,True,True,JARVIS-DFT Wannier 3D materials (JVASP-40531 to JVASP-85013),,JARVIS-DFT dft_3d/dft_2d
JVASP-41868,Sc2NiIr,225,Fm-3m,3D,,mp-862360,48,58,0.0,JVASP-41868.zip,6224334,12,True,wannier90_hr.dat,32142275,True,True,True,True,JARVIS-DFT Wannier 3D materials (JVASP-40531 to JVASP-85013),,JARVIS-DFT dft_3d/dft_2d
JVASP-41879,Sc2RuPt,225,Fm-3m,3D,,mp-862371,48,58,0.0,JVASP-41879.zip,6218279,12,True,wannier90_hr.dat,32142275,True,True,True,True,JARVIS-DFT Wannier 3D materials (JVASP-40531 to JVASP-85013),,JARVIS-DFT dft_3d/dft_2d
JVASP-41890,Sc2AgOs,225,Fm-3m,3D,,mp-862431,48,58,0.0,JVASP-41890.zip,6137221,12,True,wannier90_hr.dat,32142275,True,True,True,True,JARVIS-DFT Wannier 3D materials (JVASP-40531 to JVASP-85013),,JARVIS-DFT dft_3d/dft_2d
JVASP-41892,TaAlOs2,225,Fm-3m,3D,,mp-862445,44,62,0.0,JVASP-41892.zip,5422446,12,True,wannier90_hr.dat,27008675,True,True,True,True,JARVIS-DFT Wannier 3D materials (JVASP-40531 to JVASP-85013),,JARVIS-DFT dft_3d/dft_2d
JVASP-41894,Sc2AgRu,225,Fm-3m,3D,,mp-862473,48,58,0.0,JVASP-41894.zip,6009983,12,True,wannier90_hr.dat,32142275,True,True,True,True,JARVIS-DFT Wannier 3D materials (JVASP-40531 to JVASP-85013),,JARVIS-DFT dft_3d/dft_2d
JVASP-41897,LiErTl2,225,Fm-3m,3D,,mp-862492,34,53,0.0,JVASP-41897.zip,3598673,12,True,wannier90_hr.dat,16127675,True,True,True,True,JARVIS-DFT Wannier 3D materials (JVASP-40531 to JVASP-85013),,JARVIS-DFT dft_3d/dft_2d
JVASP-41898,LiEr2Al,225,Fm-3m,3D,,mp-862493,42,52,0.0,JVASP-41898.zip,4350854,12,True,wannier90_hr.dat,19669791,True,True,True,True,JARVIS-DFT Wannier 3D materials (JVASP-40531 to JVASP-85013),,JARVIS-DFT dft_3d/dft_2d
JVASP-41914,Re3Pd,194,P6_3/mmc,3D,,mp-862586,96,140,0.0,JVASP-41914.zip,23846417,12,True,wannier90_hr.dat,132251116,True,True,True,True,JARVIS-DFT Wannier 3D materials (JVASP-40531 to JVASP-85013),,JARVIS-DFT dft_3d/dft_2d
JVASP-41918,Be2PtRh,225,Fm-3m,3D,,mp-862600,40,54,0.0,JVASP-41918.zip,4434470,12,True,wannier90_hr.dat,22321475,True,True,True,True,JARVIS-DFT Wannier 3D materials (JVASP-40531 to JVASP-85013),,JARVIS-DFT dft_3d/dft_2d
JVASP-41924,LiHfIr2,225,Fm-3m,3D,,mp-862610,38,56,0.0,JVASP-41924.zip,4196738,12,True,wannier90_hr.dat,20145275,True,True,True,True,JARVIS-DFT Wannier 3D materials (JVASP-40531 to JVASP-85013),,JARVIS-DFT dft_3d/dft_2d
JVASP-41932,GaPt3,140,I4/mcm,3D,,mp-862621,88,140,0.0,JVASP-41932.zip,15624127,12,True,wannier90_hr.dat,86346791,True,True,True,True,JARVIS-DFT Wannier 3D materials (JVASP-40531 to JVASP-85013),,JARVIS-DFT dft_3d/dft_2d
JVASP-41938,ScSbRh2,225,Fm-3m,3D,,mp-862635,44,60,0.0,JVASP-41938.zip,5306229,12,True,wannier90_hr.dat,27008675,True,True,True,True,JARVIS-DFT Wannier 3D materials (JVASP-40531 to JVASP-85013),,JARVIS-DFT dft_3d/dft_2d
JVASP-41948,Rb2Zr2O5,123,P4/mmm,3D,,mp-862664,78,102,1.885,JVASP-41948.zip,11247373,12,True,wannier90_hr.dat,74530303,True,True,True,True,JARVIS-DFT Wannier 3D materials (JVASP-40531 to JVASP-85013),,JARVIS-DFT dft_3d/dft_2d
JVASP-42014,Sr2TlCd,225,Fm-3m,3D,,mp-862740,44,44,0.0,JVASP-42014.zip,5779791,12,True,wannier90_hr.dat,27008675,True,True,True,True,JARVIS-DFT Wannier 3D materials (JVASP-40531 to JVASP-85013),,JARVIS-DFT dft_3d/dft_2d
JVASP-42020,Sr2PtAu,225,Fm-3m,3D,,mp-862747,48,64,0.0,JVASP-42020.zip,6244451,12,True,wannier90_hr.dat,32142275,True,True,True,True,JARVIS-DFT Wannier 3D materials (JVASP-40531 to JVASP-85013),,JARVIS-DFT dft_3d/dft_2d
JVASP-42040,LiInPt2,225,Fm-3m,3D,,mp-862774,34,68,0.0,JVASP-42040.zip,3452476,12,True,wannier90_hr.dat,16127675,True,True,True,True,JARVIS-DFT Wannier 3D materials (JVASP-40531 to JVASP-85013),,JARVIS-DFT dft_3d/dft_2d
JVASP-42099,ThGaAu2,225,Fm-3m,3D,,mp-862875,44,62,0.0,JVASP-42099.zip,5450918,12,True,wannier90_hr.dat,27008675,True,True,True,True,JARVIS-DFT Wannier 3D materials (JVASP-40531 to JVASP-85013),,JARVIS-DFT dft_3d/dft_2d
JVASP-43095,CrSbO4,65,Cmmm,3D,,mp-774944,88,148,0.0,JVASP-43095.zip,13500181,12,True,wannier90_hr.dat,87121201,True,True,True,True,JARVIS-DFT Wannier 3D materials (JVASP-40531 to JVASP-85013),,JARVIS-DFT dft_3d/dft_2d
JVASP-43952,Ta2CrNO5,8,Cm,3D,,mp-778348,144,228,0.0,JVASP-43952.zip,9212725,12,True,wannier90_hr.dat,52877120,True,True,True,True,JARVIS-DFT Wannier 3D materials (JVASP-40531 to JVASP-85013),,JARVIS-DFT dft_3d/dft_2d
JVASP-44507,Li2MnBAsO7,11,P2_1/m,3D,,mp-772692,148,264,1.252,JVASP-44507.zip,7098167,12,True,wannier90_hr.dat,42713059,True,True,True,True,JARVIS-DFT Wannier 3D materials (JVASP-40531 to JVASP-85013),,JARVIS-DFT dft_3d/dft_2d
JVASP-44705,MnSb4O12,1,P1,3D,,mp-773338,116,210,1.242,JVASP-44705.zip,6087950,12,True,wannier90_hr.dat,34313120,True,True,True,True,JARVIS-DFT Wannier 3D materials (JVASP-40531 to JVASP-85013),,JARVIS-DFT dft_3d/dft_2d
JVASP-45852,Li2Nb2Fe3O10,1,P1,3D,,mp-767930,124,210,0.0,JVASP-45852.zip,6641631,12,True,wannier90_hr.dat,39209120,True,True,True,True,JARVIS-DFT Wannier 3D materials (JVASP-40531 to JVASP-85013),,JARVIS-DFT dft_3d/dft_2d
JVASP-46057,Li2BiO3,52,Pnna,3D,,mp-768970,120,248,0.0,JVASP-46057.zip,9198856,12,True,wannier90_hr.dat,54000441,True,True,True,True,JARVIS-DFT Wannier 3D materials (JVASP-40531 to JVASP-85013),,JARVIS-DFT dft_3d/dft_2d
JVASP-46728,Li4Mn3SbP4O16,6,Pm,3D,,mp-767241,180,326,0.0,JVASP-46728.zip,10904104,12,True,wannier90_hr.dat,63180259,True,True,True,True,JARVIS-DFT Wannier 3D materials (JVASP-40531 to JVASP-85013),,JARVIS-DFT dft_3d/dft_2d
JVASP-50253,Tb2SbO2,139,I4/mmm,3D,,mp-755713,52,76,0.0,JVASP-50253.zip,6971174,12,True,wannier90_hr.dat,36099814,True,True,True,True,JARVIS-DFT Wannier 3D materials (JVASP-40531 to JVASP-85013),,JARVIS-DFT dft_3d/dft_2d
JVASP-50293,AgSnO3,65,Cmmm,3D,,mp-755834,76,144,0.0,JVASP-50293.zip,7130986,12,True,wannier90_hr.dat,38988745,True,True,True,True,JARVIS-DFT Wannier 3D materials (JVASP-40531 to JVASP-85013),,JARVIS-DFT dft_3d/dft_2d
JVASP-51097,TaFeSb,216,F-43m,3D,,mp-631267,32,52,0.0,JVASP-51097.zip,6321930,12,True,wannier90_hr.dat,31593588,True,True,True,True,JARVIS-DFT Wannier 3D materials (JVASP-40531 to JVASP-85013),,JARVIS-DFT dft_3d/dft_2d
JVASP-51106,KHfNi,216,F-43m,3D,,mp-631296,36,44,0.0,JVASP-51106.zip,7376241,12,True,wannier90_hr.dat,39984788,True,True,True,True,JARVIS-DFT Wannier 3D materials (JVASP-40531 to JVASP-85013),,JARVIS-DFT dft_3d/dft_2d
JVASP-51110,InReGe,216,F-43m,3D,,mp-631303,28,54,0.0,JVASP-51110.zip,4954154,12,True,wannier90_hr.dat,24189588,True,True,True,True,JARVIS-DFT Wannier 3D materials (JVASP-40531 to JVASP-85013),,JARVIS-DFT dft_3d/dft_2d
JVASP-51113,SnIrSe2,216,F-43m,3D,,mp-631308,36,70,0.0,JVASP-51113.zip,3752526,12,True,wannier90_hr.dat,18080675,True,True,True,True,JARVIS-DFT Wannier 3D materials (JVASP-40531 to JVASP-85013),,JARVIS-DFT dft_3d/dft_2d
JVASP-51117,InP2Pb,216,F-43m,3D,,mp-631312,32,60,0.0,JVASP-51117.zip,3150047,12,True,wannier90_hr.dat,14286275,True,True,True,True,JARVIS-DFT Wannier 3D materials (JVASP-40531 to JVASP-85013),,JARVIS-DFT dft_3d/dft_2d
JVASP-51126,HgOsPb2,225,Fm-3m,3D,,mp-631323,46,70,0.0,JVASP-51126.zip,5644125,12,True,wannier90_hr.dat,29519675,True,True,True,True,JARVIS-DFT Wannier 3D materials (JVASP-40531 to JVASP-85013),,JARVIS-DFT dft_3d/dft_2d
JVASP-51127,HfMnTl,216,F-43m,3D,,mp-631324,32,42,0.0,JVASP-51127.zip,5573883,12,True,wannier90_hr.dat,27189952,True,True,True,True,JARVIS-DFT Wannier 3D materials (JVASP-40531 to JVASP-85013),,JARVIS-DFT dft_3d/dft_2d
JVASP-51128,ScHgW2,225,Fm-3m,3D,,mp-631325,54,72,0.0,JVASP-51128.zip,7900709,12,True,wannier90_hr.dat,40679675,True,True,True,True,JARVIS-DFT Wannier 3D materials (JVASP-40531 to JVASP-85013),,JARVIS-DFT dft_3d/dft_2d
JVASP-51138,Na2LiTa,216,F-43m,3D,,mp-631339,30,44,0.0,JVASP-51138.zip,2917098,12,True,wannier90_hr.dat,12556475,True,True,True,True,JARVIS-DFT Wannier 3D materials (JVASP-40531 to JVASP-85013),,JARVIS-DFT dft_3d/dft_2d
JVASP-51158,TlCuIr,216,F-43m,3D,,mp-631371,32,48,0.0,JVASP-51158.zip,6028825,12,True,wannier90_hr.dat,31593588,True,True,True,True,JARVIS-DFT Wannier 3D materials (JVASP-40531 to JVASP-85013),,JARVIS-DFT dft_3d/dft_2d
JVASP-51174,SrHfRe2,216,F-43m,3D,,mp-631392,48,54,0.0,JVASP-51174.zip,5686250,12,True,wannier90_hr.dat,25690791,True,True,True,True,JARVIS-DFT Wannier 3D materials (JVASP-40531 to JVASP-85013),,JARVIS-DFT dft_3d/dft_2d
JVASP-51180,CdPOs2,216,F-43m,3D,,mp-631403,44,58,0.0,JVASP-51180.zip,5751196,12,True,wannier90_hr.dat,27008675,True,True,True,True,JARVIS-DFT Wannier 3D materials (JVASP-40531 to JVASP-85013),,JARVIS-DFT dft_3d/dft_2d
JVASP-51203,ReRuBr,216,F-43m,3D,,mp-631435,32,60,0.0,JVASP-51203.zip,3160917,12,True,wannier90_hr.dat,14286275,True,True,True,True,JARVIS-DFT Wannier 3D materials (JVASP-40531 to JVASP-85013),,JARVIS-DFT dft_3d/dft_2d
JVASP-51208,LiTaBe,216,F-43m,3D,,mp-631449,22,38,0.0,JVASP-51208.zip,1793827,12,True,wannier90_hr.dat,6753275,True,True,True,True,JARVIS-DFT Wannier 3D materials (JVASP-40531 to JVASP-85013),,JARVIS-DFT dft_3d/dft_2d
JVASP-51214,BeTcSe,216,F-43m,3D,,mp-631462,28,40,0.0,JVASP-51214.zip,4587740,12,True,wannier90_hr.dat,24189588,True,True,True,True,JARVIS-DFT Wannier 3D materials (JVASP-40531 to JVASP-85013),,JARVIS-DFT dft_3d/dft_2d
JVASP-51217,YRhW2,225,Fm-3m,3D,,mp-631465,48,66,0.0,JVASP-51217.zip,5257784,12,True,wannier90_hr.dat,25690791,True,True,True,True,JARVIS-DFT Wannier 3D materials (JVASP-40531 to JVASP-85013),,JARVIS-DFT dft_3d/dft_2d
JVASP-51220,SrScBe,216,F-43m,3D,,mp-631468,32,46,0.0,JVASP-51220.zip,6441896,12,True,wannier90_hr.dat,31593588,True,True,True,True,JARVIS-DFT Wannier 3D materials (JVASP-40531 to JVASP-85013),,JARVIS-DFT dft_3d/dft_2d
JVASP-51241,BaMgOs2,225,Fm-3m,3D,,mp-631498,44,54,0.0,JVASP-51241.zip,5621686,12,True,wannier90_hr.dat,27008675,True,True,True,True,JARVIS-DFT Wannier 3D materials (JVASP-40531 to JVASP-85013),,JARVIS-DFT dft_3d/dft_2d
JVASP-51244,ZrAlW,216,F-43m,3D,,mp-631503,32,40,0.0,JVASP-51244.zip,5973653,12,True,wannier90_hr.dat,31593588,True,True,True,True,JARVIS-DFT Wannier 3D materials (JVASP-40531 to JVASP-85013),,JARVIS-DFT dft_3d/dft_2d
JVASP-51267,SiBPb,216,F-43m,3D,,mp-631526,24,38,0.0,JVASP-51267.zip,3696682,12,True,wannier90_hr.dat,17772788,True,True,True,True,JARVIS-DFT Wannier 3D materials (JVASP-40531 to JVASP-85013),,JARVIS-DFT dft_3d/dft_2d
JVASP-51277,KBIr2,225,Fm-3m,3D,,mp-631536,44,56,0.0,JVASP-51277.zip,5473363,12,True,wannier90_hr.dat,27008675,True,True,True,True,JARVIS-DFT Wannier 3D materials (JVASP-40531 to JVASP-85013),,JARVIS-DFT dft_3d/dft_2d
JVASP-51280,BiBCl,216,F-43m,3D,,mp-631539,22,46,0.0,JVASP-51280.zip,3106164,12,True,wannier90_hr.dat,14934588,True,True,True,True,JARVIS-DFT Wannier 3D materials (JVASP-40531 to JVASP-85013),,JARVIS-DFT dft_3d/dft_2d
JVASP-51281,NiBTe,216,F-43m,3D,,mp-631540,28,58,0.0,JVASP-51281.zip,4724659,12,True,wannier90_hr.dat,24189588,True,True,True,True,JARVIS-DFT Wannier 3D materials (JVASP-40531 to JVASP-85013),,JARVIS-DFT dft_3d/dft_2d
JVASP-51291,CaBiB,216,F-43m,3D,,mp-631550,28,40,0.1,JVASP-51291.zip,2394666,12,True,wannier90_hr.dat,10938275,True,True,True,True,JARVIS-DFT Wannier 3D materials (JVASP-40531 to JVASP-85013),,JARVIS-DFT dft_3d/dft_2d
JVASP-51293,SrBiB,216,F-43m,3D,,mp-631552,28,40,0.0,JVASP-51293.zip,4480871,12,True,wannier90_hr.dat,24189588,True,True,True,True,JARVIS-DFT Wannier 3D materials (JVASP-40531 to JVASP-85013),,JARVIS-DFT dft_3d/dft_2d
JVASP-51306,GaAs2W,216,F-43m,3D,,mp-631565,36,54,0.0,JVASP-51306.zip,3783219,12,True,wannier90_hr.dat,18080675,True,True,True,True,JARVIS-DFT Wannier 3D materials (JVASP-40531 to JVASP-85013),,JARVIS-DFT dft_3d/dft_2d
JVASP-51313,GaReAs,216,F-43m,3D,,mp-631572,28,48,0.0,JVASP-51313.zip,5068552,12,True,wannier90_hr.dat,24189588,True,True,True,True,JARVIS-DFT Wannier 3D materials (JVASP-40531 to JVASP-85013),,JARVIS-DFT dft_3d/dft_2d
JVASP-51314,Re2AuSe,216,F-43m,3D,,mp-631573,44,68,0.0,JVASP-51314.zip,5658173,12,True,wannier90_hr.dat,27008675,True,True,True,True,JARVIS-DFT Wannier 3D materials (JVASP-40531 to JVASP-85013),,JARVIS-DFT dft_3d/dft_2d
JVASP-51319,BeSbAs2,225,Fm-3m,3D,,mp-631578,32,62,0.0,JVASP-51319.zip,2896516,12,True,wannier90_hr.dat,14286275,True,True,True,True,JARVIS-DFT Wannier 3D materials (JVASP-40531 to JVASP-85013),,JARVIS-DFT dft_3d/dft_2d
JVASP-51322,AlTc2Pb,216,F-43m,3D,,mp-631582,40,58,0.0,JVASP-51322.zip,4101193,12,True,wannier90_hr.dat,19281283,True,True,True,True,JARVIS-DFT Wannier 3D materials (JVASP-40531 to JVASP-85013),,JARVIS-DFT dft_3d/dft_2d
JVASP-51323,B2IrCl,225,Fm-3m,3D,,mp-631586,34,62,0.0,JVASP-51323.zip,2781165,12,True,wannier90_hr.dat,12890591,True,True,True,True,JARVIS-DFT Wannier 3D materials (JVASP-40531 to JVASP-85013),,JARVIS-DFT dft_3d/dft_2d
JVASP-51336,ReSnGe,216,F-43m,3D,,mp-631754,28,46,0.0,JVASP-51336.zip,2562249,12,True,wannier90_hr.dat,10938275,True,True,True,True,JARVIS-DFT Wannier 3D materials (JVASP-40531 to JVASP-85013),,JARVIS-DFT dft_3d/dft_2d
JVASP-51338,FePbW2,216,F-43m,3D,,mp-631895,44,64,0.0,JVASP-51338.zip,5726463,12,True,wannier90_hr.dat,27008675,True,True,True,True,JARVIS-DFT Wannier 3D materials (JVASP-40531 to JVASP-85013),,JARVIS-DFT dft_3d/dft_2d
JVASP-51345,Ta2H,115,P-4m2,3D,28022,mp-632311,26,36,0.0,JVASP-51345.zip,5064254,12,True,wannier90_hr.dat,24643955,True,True,True,True,JARVIS-DFT Wannier 3D materials (JVASP-40531 to JVASP-85013),,JARVIS-DFT dft_3d/dft_2d
JVASP-51457,V3Pt,221,Pm-3m,3D,105836,mp-636331,48,62,0.0,JVASP-51457.zip,7125694,12,True,wannier90_hr.dat,39515399,True,True,True,True,JARVIS-DFT Wannier 3D materials (JVASP-40531 to JVASP-85013),,JARVIS-DFT dft_3d/dft_2d
JVASP-51471,YPb2,63,Cmcm,3D,105640,mp-636614,56,72,0.0,JVASP-51471.zip,8678202,12,True,wannier90_hr.dat,49393657,True,True,True,True,JARVIS-DFT Wannier 3D materials (JVASP-40531 to JVASP-85013),,JARVIS-DFT dft_3d/dft_2d
JVASP-51474,YHf2Pb,225,Fm-3m,3D,,mp-636698,44,50,0.0,JVASP-51474.zip,4611148,12,True,wannier90_hr.dat,21781201,True,True,True,True,JARVIS-DFT Wannier 3D materials (JVASP-40531 to JVASP-85013),,JARVIS-DFT dft_3d/dft_2d
JVASP-51558,InCuPt2,123,P4/mmm,3D,108380,mp-639659,44,80,0.0,JVASP-51558.zip,7821052,12,True,wannier90_hr.dat,42691096,True,True,True,True,JARVIS-DFT Wannier 3D materials (JVASP-40531 to JVASP-85013),,JARVIS-DFT dft_3d/dft_2d
JVASP-51567,YSn6Ru4,121,I-42m,3D,54354,mp-639910,108,164,0.0,JVASP-51567.zip,14968629,12,True,wannier90_hr.dat,88064027,True,True,True,True,JARVIS-DFT Wannier 3D materials (JVASP-40531 to JVASP-85013),,JARVIS-DFT dft_3d/dft_2d
JVASP-51748,NaH2Pd3,65,Cmmm,3D,74513,mp-643273,48,90,0.0,JVASP-51748.zip,7131435,12,True,wannier90_hr.dat,40437040,True,True,True,True,JARVIS-DFT Wannier 3D materials (JVASP-40531 to JVASP-85013),,JARVIS-DFT dft_3d/dft_2d
JVASP-52132,Tb2O3,224,Pn-3m,3D,,mp-32927,100,148,0.0,JVASP-52132.zip,29499573,12,True,wannier90_hr.dat,171501799,True,True,True,True,JARVIS-DFT Wannier 3D materials (JVASP-40531 to JVASP-85013),,JARVIS-DFT dft_3d/dft_2d
JVASP-52332,LiBiS2,123,P4/mmm,3D,,mp-753506,22,66,0.052,JVASP-52332.zip,1465361,12,True,wannier90_hr.dat,5930303,True,True,True,True,JARVIS-DFT Wannier 3D materials (JVASP-40531 to JVASP-85013),,JARVIS-DFT dft_3d/dft_2d
JVASP-52617,Sm2O3,224,Pn-3m,3D,,mp-684768,100,136,0.0,JVASP-52617.zip,29896373,12,True,wannier90_hr.dat,171501799,True,True,True,True,JARVIS-DFT Wannier 3D materials (JVASP-40531 to JVASP-85013),,JARVIS-DFT dft_3d/dft_2d
JVASP-52645,TePb,186,P6_3mc,3D,,mp-685022,64,104,0.231,JVASP-52645.zip,5657706,12,True,wannier90_hr.dat,29696796,True,True,True,True,JARVIS-DFT Wannier 3D materials (JVASP-40531 to JVASP-85013),,JARVIS-DFT dft_3d/dft_2d
JVASP-52847,Ag7NO6,216,F-43m,3D,20563,mp-696470,126,210,0.0,JVASP-52847.zip,10077908,12,True,wannier90_hr.dat,56360221,True,True,True,True,JARVIS-DFT Wannier 3D materials (JVASP-40531 to JVASP-85013),,JARVIS-DFT dft_3d/dft_2d
JVASP-53299,UNi2Sn,225,Fm-3m,3D,646802,mp-672374,48,69,0.0,JVASP-53299.zip,5762056,12,True,wannier90_hr.dat,26842842,True,True,True,True,JARVIS-DFT Wannier 3D materials (JVASP-40531 to JVASP-85013),,JARVIS-DFT dft_3d/dft_2d
JVASP-53340,Dy2O3,224,Pn-3m,3D,,mp-673165,100,136,0.0,JVASP-53340.zip,29632584,12,True,wannier90_hr.dat,171501799,True,True,True,True,JARVIS-DFT Wannier 3D materials (JVASP-40531 to JVASP-85013),,JARVIS-DFT dft_3d/dft_2d
JVASP-53970,NdMg2Ag,225,Fm-3m,3D,110801,mp-644504,44,63,0.0,JVASP-53970.zip,5785569,12,True,wannier90_hr.dat,27008675,True,True,True,True,JARVIS-DFT Wannier 3D materials (JVASP-40531 to JVASP-85013),,JARVIS-DFT dft_3d/dft_2d
JVASP-54354,Hf5CuPb3,193,P6_3/mcm,3D,107314,mp-607409,192,236,0.0,JVASP-54354.zip,41022734,12,True,wannier90_hr.dat,245146335,True,True,True,True,JARVIS-DFT Wannier 3D materials (JVASP-40531 to JVASP-85013),,JARVIS-DFT dft_3d/dft_2d
JVASP-54439,FeB2W2,127,P4/mbm,3D,43016,mp-613327,104,132,0.0,JVASP-54439.zip,21062758,12,True,wannier90_hr.dat,121681201,True,True,True,True,JARVIS-DFT Wannier 3D materials (JVASP-40531 to JVASP-85013),,JARVIS-DFT dft_3d/dft_2d
JVASP-54483,Ta9Fe2S6,189,P-62m,3D,"63592,61415",mp-615821,168,226,0.0,JVASP-54483.zip,39762957,12,True,wannier90_hr.dat,241316128,True,True,True,True,JARVIS-DFT Wannier 3D materials (JVASP-40531 to JVASP-85013),,JARVIS-DFT dft_3d/dft_2d
JVASP-54573,Ti3Ag,221,Pm-3m,3D,,mp-621131,48,62,0.0,JVASP-54573.zip,7252763,12,True,wannier90_hr.dat,39515399,True,True,True,True,JARVIS-DFT Wannier 3D materials (JVASP-40531 to JVASP-85013),,JARVIS-DFT dft_3d/dft_2d
JVASP-54575,YInAu,189,P-62m,3D,"58513,612083",mp-621176,96,138,0.0,JVASP-54575.zip,6946218,12,True,wannier90_hr.dat,35482052,True,True,True,True,JARVIS-DFT Wannier 3D materials (JVASP-40531 to JVASP-85013),,JARVIS-DFT dft_3d/dft_2d
JVASP-54581,YPbAu,216,F-43m,3D,58570,mp-621592,32,46,0.0,JVASP-54581.zip,5417765,12,True,wannier90_hr.dat,27702003,True,True,True,True,JARVIS-DFT Wannier 3D materials (JVASP-40531 to JVASP-85013),,JARVIS-DFT dft_3d/dft_2d
JVASP-54631,CaCdPb,189,P-62m,3D,58877,mp-623089,96,108,0.0,JVASP-54631.zip,14464938,12,True,wannier90_hr.dat,78797728,True,True,True,True,JARVIS-DFT Wannier 3D materials (JVASP-40531 to JVASP-85013),,JARVIS-DFT dft_3d/dft_2d
JVASP-54664,ScIr3C,221,Pm-3m,3D,77044,mp-624739,56,72,0.0,JVASP-54664.zip,9205596,12,True,wannier90_hr.dat,53784199,True,True,True,True,JARVIS-DFT Wannier 3D materials (JVASP-40531 to JVASP-85013),,JARVIS-DFT dft_3d/dft_2d
JVASP-54786,NiHg4,229,Im-3m,3D,151197,mp-570835,84,106,0.0,JVASP-54786.zip,13529086,12,True,wannier90_hr.dat,79381201,True,True,True,True,JARVIS-DFT Wannier 3D materials (JVASP-40531 to JVASP-85013),,JARVIS-DFT dft_3d/dft_2d
JVASP-54794,SmAgPb,186,P6_3mc,3D,107103,mp-570855,72,102,0.0,JVASP-54794.zip,10122458,12,True,wannier90_hr.dat,53137100,True,True,True,True,JARVIS-DFT Wannier 3D materials (JVASP-40531 to JVASP-85013),,JARVIS-DFT dft_3d/dft_2d
JVASP-54796,DySn3,221,Pm-3m,3D,103370,mp-570860,40,63,0.0,JVASP-54796.zip,5884996,12,True,wannier90_hr.dat,27441799,True,True,True,True,JARVIS-DFT Wannier 3D materials (JVASP-40531 to JVASP-85013),,JARVIS-DFT dft_3d/dft_2d
JVASP-54836,TaCr2,194,P6_3/mmc,3D,106524,mp-570963,144,168,0.0,JVASP-54836.zip,15563432,12,True,wannier90_hr.dat,83981272,True,True,True,True,JARVIS-DFT Wannier 3D materials (JVASP-40531 to JVASP-85013),,JARVIS-DFT dft_3d/dft_2d
JVASP-54846,ThGe2Os2,139,I4/mmm,3D,637475,mp-571000,52,72,0.0,JVASP-54846.zip,6263632,12,True,wannier90_hr.dat,30150791,True,True,True,True,JARVIS-DFT Wannier 3D materials (JVASP-40531 to JVASP-85013),,JARVIS-DFT dft_3d/dft_2d
JVASP-54890,RbW3Cl9,147,P-3,3D,260304,mp-571180,204,380,0.155,JVASP-54890.zip,9991477,12,True,wannier90_hr.dat,56181798,True,True,True,True,JARVIS-DFT Wannier 3D materials (JVASP-40531 to JVASP-85013),,JARVIS-DFT dft_3d/dft_2d
JVASP-54893,HfCoSb,216,F-43m,3D,108294,mp-571185,32,58,0.0,JVASP-54893.zip,5564383,12,True,wannier90_hr.dat,27189952,True,True,True,True,JARVIS-DFT Wannier 3D materials (JVASP-40531 to JVASP-85013),,JARVIS-DFT dft_3d/dft_2d
JVASP-54925,ZnI2,191,P6/mmm,3D,48016,mp-571292,68,112,0.0,JVASP-54925.zip,7116624,12,True,wannier90_hr.dat,45085049,True,True,True,True,JARVIS-DFT Wannier 3D materials (JVASP-40531 to JVASP-85013),,JARVIS-DFT dft_3d/dft_2d
JVASP-54934,Nd3AlC,221,Pm-3m,3D,57528,mp-571330,64,65,0.0,JVASP-54934.zip,15034444,12,True,wannier90_hr.dat,70248199,True,True,True,True,JARVIS-DFT Wannier 3D materials (JVASP-40531 to JVASP-85013),,JARVIS-DFT dft_3d/dft_2d
JVASP-54938,ThBi2,129,P4/nmm,3D,"617224,58861",mp-571335,56,80,0.0,JVASP-54938.zip,11535825,12,True,wannier90_hr.dat,63506113,True,True,True,True,JARVIS-DFT Wannier 3D materials (JVASP-40531 to JVASP-85013),,JARVIS-DFT dft_3d/dft_2d
JVASP-55027,HfAlPt,190,P-62c,3D,"261008,156267",mp-571619,192,236,0.0,JVASP-55027.zip,31365669,12,True,wannier90_hr.dat,175104543,True,True,True,True,JARVIS-DFT Wannier 3D materials (JVASP-40531 to JVASP-85013),,JARVIS-DFT dft_3d/dft_2d
JVASP-56062,ThRh2,194,P6_3/mmc,3D,105948,mp-568337,72,104,0.0,JVASP-56062.zip,13349242,12,True,wannier90_hr.dat,74391916,True,True,True,True,JARVIS-DFT Wannier 3D materials (JVASP-40531 to JVASP-85013),,JARVIS-DFT dft_3d/dft_2d
JVASP-56093,LiInSn,216,F-43m,3D,639905,mp-568466,18,42,0.0,JVASP-56093.zip,2328416,12,True,wannier90_hr.dat,8637362,True,True,True,True,JARVIS-DFT Wannier 3D materials (JVASP-40531 to JVASP-85013),,JARVIS-DFT dft_3d/dft_2d
JVASP-56106,As4C3,215,P-43m,3D,163831,mp-568505,56,96,0.0,JVASP-56106.zip,8737361,12,True,wannier90_hr.dat,53784199,True,True,True,True,JARVIS-DFT Wannier 3D materials (JVASP-40531 to JVASP-85013),,JARVIS-DFT dft_3d/dft_2d
JVASP-56172,Mg3Si8Ir3,216,F-43m,3D,416868,mp-569313,248,348,0.0,JVASP-56172.zip,15114388,12,True,wannier90_hr.dat,83030598,True,True,True,True,JARVIS-DFT Wannier 3D materials (JVASP-40531 to JVASP-85013),,JARVIS-DFT dft_3d/dft_2d
JVASP-56178,Te2Ir,62,Pnma,3D,93894,mp-569322,112,176,0.0,JVASP-56178.zip,19121256,12,True,wannier90_hr.dat,118541819,True,True,True,True,JARVIS-DFT Wannier 3D materials (JVASP-40531 to JVASP-85013),,JARVIS-DFT dft_3d/dft_2d
JVASP-56232,LiCaBi,62,Pnma,3D,"58762,616539",mp-569501,88,120,0.587,JVASP-56232.zip,11669522,12,True,wannier90_hr.dat,67760948,True,True,True,True,JARVIS-DFT Wannier 3D materials (JVASP-40531 to JVASP-85013),,JARVIS-DFT dft_3d/dft_2d
JVASP-56252,Ta3AlC2,194,P6_3/mmc,3D,249399,mp-569568,120,140,0.0,JVASP-56252.zip,24970456,12,True,wannier90_hr.dat,149041110,True,True,True,True,JARVIS-DFT Wannier 3D materials (JVASP-40531 to JVASP-85013),,JARVIS-DFT dft_3d/dft_2d
JVASP-56312,TlPd3,221,Pm-3m,3D,,mp-569785,44,70,0.0,JVASP-56312.zip,6120175,12,True,wannier90_hr.dat,33204199,True,True,True,True,JARVIS-DFT Wannier 3D materials (JVASP-40531 to JVASP-85013),,JARVIS-DFT dft_3d/dft_2d
JVASP-56327,YInAg2,225,Fm-3m,3D,58304,mp-569823,44,62,0.0,JVASP-56327.zip,4251981,12,True,wannier90_hr.dat,22362032,True,True,True,True,JARVIS-DFT Wannier 3D materials (JVASP-40531 to JVASP-85013),,JARVIS-DFT dft_3d/dft_2d
JVASP-56367,K3Bi,194,P6_3/mmc,3D,26885,mp-569940,88,96,0.159,JVASP-56367.zip,8302781,12,True,wannier90_hr.dat,47626285,True,True,True,True,JARVIS-DFT Wannier 3D materials (JVASP-40531 to JVASP-85013),,JARVIS-DFT dft_3d/dft_2d
JVASP-56561,ScBi,225,Fm-3m,3D,58856,mp-570632,20,40,0.0,JVASP-56561.zip,2479100,12,True,wannier90_hr.dat,10822803,True,True,True,True,JARVIS-DFT Wannier 3D materials (JVASP-40531 to JVASP-85013),,JARVIS-DFT dft_3d/dft_2d
JVASP-56621,Tb3AlC,221,Pm-3m,3D,43866,mp-570822,64,80,0.0,JVASP-56621.zip,14627215,12,True,wannier90_hr.dat,70248199,True,True,True,True,JARVIS-DFT Wannier 3D materials (JVASP-40531 to JVASP-85013),,JARVIS-DFT dft_3d/dft_2d
JVASP-56734,YSnAu,186,P6_3mc,3D,415826,mp-567197,64,92,0.0,JVASP-56734.zip,7436110,12,True,wannier90_hr.dat,39937049,True,True,True,True,JARVIS-DFT Wannier 3D materials (JVASP-40531 to JVASP-85013),,JARVIS-DFT dft_3d/dft_2d
JVASP-56771,Li2AgSn,216,F-43m,3D,58318,mp-567347,24,50,0.0,JVASP-56771.zip,1745632,12,True,wannier90_hr.dat,6654032,True,True,True,True,JARVIS-DFT Wannier 3D materials (JVASP-40531 to JVASP-85013),,JARVIS-DFT dft_3d/dft_2d
JVASP-56776,BiTe,225,Fm-3m,3D,44984,mp-567362,16,32,0.0,JVASP-56776.zip,1692054,12,True,wannier90_hr.dat,6927603,True,True,True,True,JARVIS-DFT Wannier 3D materials (JVASP-40531 to JVASP-85013),,JARVIS-DFT dft_3d/dft_2d
JVASP-56928,Ba2Bi,139,I4/mmm,3D,2141,mp-567872,64,64,0.0,JVASP-56928.zip,4911049,12,True,wannier90_hr.dat,22733424,True,True,True,True,JARVIS-DFT Wannier 3D materials (JVASP-40531 to JVASP-85013),,JARVIS-DFT dft_3d/dft_2d
JVASP-56931,Ti4CoBi2,140,I4/mcm,3D,150147,mp-567883,152,176,0.0,JVASP-56931.zip,20715648,12,True,wannier90_hr.dat,118986183,True,True,True,True,JARVIS-DFT Wannier 3D materials (JVASP-40531 to JVASP-85013),,JARVIS-DFT dft_3d/dft_2d
JVASP-56974,Nb3Bi,223,Pm-3n,3D,58817,mp-568014,88,108,0.0,JVASP-56974.zip,21612928,12,True,wannier90_hr.dat,132811399,True,True,True,True,JARVIS-DFT Wannier 3D materials (JVASP-40531 to JVASP-85013),,JARVIS-DFT dft_3d/dft_2d
JVASP-57644,Sm3Se4,220,I-43d,3D,"651872,651890",mp-1344,160,206,0.0,JVASP-57644.zip,17453923,12,True,wannier90_hr.dat,90880421,True,True,True,True,JARVIS-DFT Wannier 3D materials (JVASP-40531 to JVASP-85013),,JARVIS-DFT dft_3d/dft_2d
JVASP-58259,Te2Ir,205,Pa-3,3D,"93893,641087",mp-10844,112,176,0.0,JVASP-58259.zip,13652162,12,True,wannier90_hr.dat,78400695,True,True,True,True,JARVIS-DFT Wannier 3D materials (JVASP-40531 to JVASP-85013),,JARVIS-DFT dft_3d/dft_2d
JVASP-59088,Rb3Os2Br9,194,P6_3/mmc,3D,"56896,75452",mp-30167,264,392,0.369,JVASP-59088.zip,31479183,12,True,wannier90_hr.dat,198633950,True,True,True,True,JARVIS-DFT Wannier 3D materials (JVASP-40531 to JVASP-85013),,JARVIS-DFT dft_3d/dft_2d
JVASP-59502,Ta5Ge3,193,P6_3/mcm,3D,"637960,56028",mp-17013,168,216,0.0,JVASP-59502.zip,31965562,12,True,wannier90_hr.dat,187690335,True,True,True,True,JARVIS-DFT Wannier 3D materials (JVASP-40531 to JVASP-85013),,JARVIS-DFT dft_3d/dft_2d
JVASP-59656,InAs,205,Pa-3,3D,41993,mp-20412,128,208,0.0,JVASP-59656.zip,4348288,12,True,wannier90_hr.dat,22118598,True,True,True,True,JARVIS-DFT Wannier 3D materials (JVASP-40531 to JVASP-85013),,JARVIS-DFT dft_3d/dft_2d
JVASP-59757,YMn6Sn6,191,P6/mmm,3D,"240144,240145,240146,240147,240148,240149,240150,240151",mp-22260,132,184,0.0,JVASP-59757.zip,12408256,12,True,wannier90_hr.dat,70567672,True,True,True,True,JARVIS-DFT Wannier 3D materials (JVASP-40531 to JVASP-85013),,JARVIS-DFT dft_3d/dft_2d
JVASP-60235,P,53,Pmna,2D,,mp-157,32,32,0.848,JVASP-60235.zip,1725277,12,True,wannier90_hr.dat,7322386,True,True,True,True,JARVIS-DFT Wannier tight binding Hamiltonians for 2D materials,,JARVIS-DFT dft_3d/dft_2d
JVASP-60236,Nb2O5,12,C2/m,2D,,mp-1595,54,58,3.107,JVASP-60236.zip,2391966,12,True,wannier90_hr.dat,12976712,True,True,True,True,JARVIS-DFT Wannier tight binding Hamiltonians for 2D materials,,JARVIS-DFT dft_3d/dft_2d
JVASP-60237,Te2Au,164,P-3m1,2D,,mp-1662,28,48,0.0,JVASP-60237.zip,1514150,12,True,wannier90_hr.dat,6625718,True,True,True,True,JARVIS-DFT Wannier tight binding Hamiltonians for 2D materials,,JARVIS-DFT dft_3d/dft_2d
JVASP-60241,Ge3Sb2O9,174,P-6,2D,,mp-17708,94,96,3.987,JVASP-60241.zip,3393291,12,True,wannier90_hr.dat,17230459,True,True,True,True,JARVIS-DFT Wannier tight binding Hamiltonians for 2D materials,,JARVIS-DFT dft_3d/dft_2d
JVASP-60242,SiAs,12,C2/m,2D,,mp-1863,96,96,1.808,JVASP-60242.zip,5679858,12,True,wannier90_hr.dat,24422730,True,True,True,True,JARVIS-DFT Wannier tight binding Hamiltonians for 2D materials,,JARVIS-DFT dft_3d/dft_2d
JVASP-60244,FeSe,129,P4/nmm,2D,,mp-20311,40,52,0.0,JVASP-60244.zip,2667357,12,True,wannier90_hr.dat,13520918,True,True,True,True,JARVIS-DFT Wannier tight binding Hamiltonians for 2D materials,,JARVIS-DFT dft_3d/dft_2d
JVASP-60249,TeO2,14,P2_1/c,2D,,mp-2125,80,96,1.701,JVASP-60249.zip,4033514,12,True,wannier90_hr.dat,25920472,True,True,True,True,JARVIS-DFT Wannier tight binding Hamiltonians for 2D materials,,JARVIS-DFT dft_3d/dft_2d
JVASP-60253,UTe3,31,Pmn2_1,2D,,mp-22231,80,118,0.0,JVASP-60253.zip,5258732,8,True,wannier90_hr.dat,25920472,True,True,True,False,JARVIS-DFT Wannier tight binding Hamiltonians for 2D materials,,JARVIS-DFT dft_3d/dft_2d
JVASP-60254,InCuP2Se6,149,P312,2D,,mp-22449,84,96,0.559,JVASP-60254.zip,4623629,12,True,wannier90_hr.dat,23638001,True,True,True,True,JARVIS-DFT Wannier tight binding Hamiltonians for 2D materials,,JARVIS-DFT dft_3d/dft_2d
JVASP-60257,CuBr,129,P4/nmm,2D,,mp-22917,40,52,1.664,JVASP-60257.zip,1794159,12,True,wannier90_hr.dat,9680675,True,True,True,True,JARVIS-DFT Wannier tight binding Hamiltonians for 2D materials,,JARVIS-DFT dft_3d/dft_2d
JVASP-60261,CuBr,187,P-6m2,2D,,mp-23227,20,42,1.169,JVASP-60261.zip,844059,12,True,wannier90_hr.dat,3460938,True,True,True,True,JARVIS-DFT Wannier tight binding Hamiltonians for 2D materials,,JARVIS-DFT dft_3d/dft_2d
JVASP-60262,Bi2O3,2,P-1,2D,,mp-23262,68,68,3.164,JVASP-60262.zip,2424495,12,True,wannier90_hr.dat,11791520,True,True,True,True,JARVIS-DFT Wannier tight binding Hamiltonians for 2D materials,,JARVIS-DFT dft_3d/dft_2d
JVASP-60264,TbCl3,59,Pmmn,2D,,mp-23293,68,68,3.909,JVASP-60264.zip,4441058,12,True,wannier90_hr.dat,21039723,True,True,True,True,JARVIS-DFT Wannier tight binding Hamiltonians for 2D materials,,JARVIS-DFT dft_3d/dft_2d
JVASP-60280,UBr4,12,C2/m,2D,,mp-27153,96,150,0.19,JVASP-60280.zip,4935573,12,True,wannier90_hr.dat,30874001,True,True,True,True,JARVIS-DFT Wannier tight binding Hamiltonians for 2D materials,,JARVIS-DFT dft_3d/dft_2d
JVASP-60286,AlPd5I2,123,P4/mmm,2D,,mp-27393,84,96,0.0,JVASP-60286.zip,5547554,12,True,wannier90_hr.dat,28577272,True,True,True,True,JARVIS-DFT Wannier tight binding Hamiltonians for 2D materials,,JARVIS-DFT dft_3d/dft_2d
JVASP-60291,ThI4,14,P2_1/c,2D,,mp-27697,176,192,1.72,JVASP-60291.zip,7767690,12,True,wannier90_hr.dat,54208239,True,True,True,True,JARVIS-DFT Wannier tight binding Hamiltonians for 2D materials,,JARVIS-DFT dft_3d/dft_2d
JVASP-60293,PdI2,14,P2_1/c,2D,,mp-27747,112,128,1.152,JVASP-60293.zip,5003714,12,True,wannier90_hr.dat,31987520,True,True,True,True,JARVIS-DFT Wannier tight binding Hamiltonians for 2D materials,,JARVIS-DFT dft_3d/dft_2d
JVASP-60294,UIN,129,P4/nmm,2D,,mp-27763,60,98,0.0,JVASP-60294.zip,4206477,12,True,wannier90_hr.dat,21780675,True,True,True,True,JARVIS-DFT Wannier tight binding Hamiltonians for 2D materials,,JARVIS-DFT dft_3d/dft_2d
JVASP-60300,NdBr3,59,Pmmn,2D,,mp-27975,80,86,3.021,JVASP-60300.zip,5033923,12,True,wannier90_hr.dat,29120523,True,True,True,True,JARVIS-DFT Wannier tight binding Hamiltonians for 2D materials,,JARVIS-DFT dft_3d/dft_2d
JVASP-60301,SiP,12,C2/m,2D,,mp-2798,96,96,1.988,JVASP-60301.zip,5893416,12,True,wannier90_hr.dat,25344340,True,True,True,True,JARVIS-DFT Wannier tight binding Hamiltonians for 2D materials,,JARVIS-DFT dft_3d/dft_2d
JVASP-60308,SbAsO3,1,P1,2D,,mp-28109,68,68,3.998,JVASP-60308.zip,3024772,12,True,wannier90_hr.dat,15490801,True,True,True,True,JARVIS-DFT Wannier tight binding Hamiltonians for 2D materials,,JARVIS-DFT dft_3d/dft_2d
JVASP-60337,Ag3SnP7,1,P1,2D,,mp-29849,100,102,0.317,JVASP-60337.zip,6190277,12,True,wannier90_hr.dat,33500401,True,True,True,True,JARVIS-DFT Wannier tight binding Hamiltonians for 2D materials,,JARVIS-DFT dft_3d/dft_2d
JVASP-60340,BaAl2Cl8,13,P2/c,2D,,mp-30023,152,160,1.417,JVASP-60340.zip,8469156,12,True,wannier90_hr.dat,51984289,True,True,True,True,JARVIS-DFT Wannier tight binding Hamiltonians for 2D materials,,JARVIS-DFT dft_3d/dft_2d
JVASP-60349,Ta3SBr7,8,Cm,2D,,mp-31015,98,108,0.881,JVASP-60349.zip,5574525,12,True,wannier90_hr.dat,32173801,True,True,True,True,JARVIS-DFT Wannier tight binding Hamiltonians for 2D materials,,JARVIS-DFT dft_3d/dft_2d
JVASP-60357,VBrO,59,Pmmn,2D,,mp-32497,52,80,0.0,JVASP-60357.zip,3065772,12,True,wannier90_hr.dat,16359875,True,True,True,True,JARVIS-DFT Wannier tight binding Hamiltonians for 2D materials,,JARVIS-DFT dft_3d/dft_2d
JVASP-60389,CrGeTe3,162,P-31m,2D,,mp-541449,88,144,0.405,JVASP-60389.zip,4876874,12,True,wannier90_hr.dat,26717211,True,True,True,True,JARVIS-DFT Wannier tight binding Hamiltonians for 2D materials,,JARVIS-DFT dft_3d/dft_2d
JVASP-60391,CoH2SeO4,1,P1,2D,,mp-541780,96,192,0.0,JVASP-60391.zip,4007111,12,True,wannier90_hr.dat,23501120,True,True,True,True,JARVIS-DFT Wannier tight binding Hamiltonians for 2D materials,,JARVIS-DFT dft_3d/dft_2d
JVASP-60392,CrPS4,2,P-1,2D,,mp-542096,88,148,0.774,JVASP-60392.zip,4453765,12,True,wannier90_hr.dat,25942801,True,True,True,True,JARVIS-DFT Wannier tight binding Hamiltonians for 2D materials,,JARVIS-DFT dft_3d/dft_2d
JVASP-60443,CrCl3,162,P-31m,2D,,mp-567504,60,104,1.704,JVASP-60443.zip,2264250,12,True,wannier90_hr.dat,12420411,True,True,True,True,JARVIS-DFT Wannier tight binding Hamiltonians for 2D materials,,JARVIS-DFT dft_3d/dft_2d
JVASP-60459,UTe3,11,P2_1/m,2D,,mp-568948,80,118,0.0,JVASP-60459.zip,5458230,12,True,wannier90_hr.dat,31680563,True,True,True,True,JARVIS-DFT Wannier tight binding Hamiltonians for 2D materials,,JARVIS-DFT dft_3d/dft_2d
JVASP-60477,RuCl3,162,P-31m,2D,,mp-570997,60,120,0.011,JVASP-60477.zip,2379479,12,True,wannier90_hr.dat,12060401,True,True,True,True,JARVIS-DFT Wannier tight binding Hamiltonians for 2D materials,,JARVIS-DFT dft_3d/dft_2d
JVASP-60482,TiCl3,12,C2/m,2D,,mp-571424,60,104,0.0,JVASP-60482.zip,2132017,12,True,wannier90_hr.dat,12420411,True,True,True,True,JARVIS-DFT Wannier tight binding Hamiltonians for 2D materials,,JARVIS-DFT dft_3d/dft_2d
JVASP-60483,NbCoTe2,14,P2_1/c,2D,,mp-571471,160,232,0.0,JVASP-60483.zip,12281488,12,True,wannier90_hr.dat,80640381,True,True,True,True,JARVIS-DFT Wannier tight binding Hamiltonians for 2D materials,,JARVIS-DFT dft_3d/dft_2d
JVASP-60484,HgBr2,164,P-3m1,2D,,mp-571558,102,112,1.999,JVASP-60484.zip,6054939,12,True,wannier90_hr.dat,34853801,True,True,True,True,JARVIS-DFT Wannier tight binding Hamiltonians for 2D materials,,JARVIS-DFT dft_3d/dft_2d
JVASP-60488,ReS2,2,P-1,2D,,mp-572758,96,104,1.423,JVASP-60488.zip,5789429,12,True,wannier90_hr.dat,30874001,True,True,True,True,JARVIS-DFT Wannier tight binding Hamiltonians for 2D materials,,JARVIS-DFT dft_3d/dft_2d
JVASP-60491,PbI2,164,P-3m1,2D,,mp-574189,24,38,1.767,JVASP-60491.zip,1167014,12,True,wannier90_hr.dat,4868118,True,True,True,True,JARVIS-DFT Wannier tight binding Hamiltonians for 2D materials,,JARVIS-DFT dft_3d/dft_2d
JVASP-60493,PbI2,164,P-3m1,2D,,mp-580202,24,38,2.652,JVASP-60493.zip,1155347,12,True,wannier90_hr.dat,4868118,True,True,True,True,JARVIS-DFT Wannier tight binding Hamiltonians for 2D materials,,JARVIS-DFT dft_3d/dft_2d
JVASP-60494,Re3Se4Cl,2,P-1,2D,,mp-580748,148,152,1.24,JVASP-60494.zip,7973961,12,True,wannier90_hr.dat,42713059,True,True,True,True,JARVIS-DFT Wannier tight binding Hamiltonians for 2D materials,,JARVIS-DFT dft_3d/dft_2d
JVASP-60504,ScHO2,31,Pmn2_1,2D,,mp-625150,52,56,3.944,JVASP-60504.zip,2664979,12,True,wannier90_hr.dat,13385363,True,True,True,True,JARVIS-DFT Wannier tight binding Hamiltonians for 2D materials,,JARVIS-DFT dft_3d/dft_2d
JVASP-60505,AlH3O3,2,P-1,2D,,mp-625316,64,68,4.688,JVASP-60505.zip,3025374,12,True,wannier90_hr.dat,13722001,True,True,True,True,JARVIS-DFT Wannier tight binding Hamiltonians for 2D materials,,JARVIS-DFT dft_3d/dft_2d
JVASP-60507,TeH2O4,7,Pc,2D,,mp-625526,72,80,2.045,JVASP-60507.zip,3881976,12,True,wannier90_hr.dat,20995672,True,True,True,True,JARVIS-DFT Wannier tight binding Hamiltonians for 2D materials,,JARVIS-DFT dft_3d/dft_2d
JVASP-60510,SrAl2Cl8,13,P2/c,2D,,mp-628726,152,160,1.805,JVASP-60510.zip,8605225,12,True,wannier90_hr.dat,51984289,True,True,True,True,JARVIS-DFT Wannier tight binding Hamiltonians for 2D materials,,JARVIS-DFT dft_3d/dft_2d
JVASP-60512,As2S3,1,P1,2D,,mp-641,68,68,1.718,JVASP-60512.zip,1978754,12,True,wannier90_hr.dat,10404289,True,True,True,True,JARVIS-DFT Wannier tight binding Hamiltonians for 2D materials,,JARVIS-DFT dft_3d/dft_2d
JVASP-60522,UTe5,4,P2_1,2D,,mp-651772,112,166,0.0,JVASP-60522.zip,8094753,12,True,wannier90_hr.dat,48294852,True,True,True,True,JARVIS-DFT Wannier tight binding Hamiltonians for 2D materials,,JARVIS-DFT dft_3d/dft_2d
JVASP-60525,VAgP2Se6,5,C2,2D,,mp-6543,88,138,0.009,JVASP-60525.zip,4635746,12,True,wannier90_hr.dat,25942801,True,True,True,True,JARVIS-DFT Wannier tight binding Hamiltonians for 2D materials,,JARVIS-DFT dft_3d/dft_2d
JVASP-60526,PbI2,164,P-3m1,2D,,mp-672671,24,38,2.157,JVASP-60526.zip,1168228,12,True,wannier90_hr.dat,4868118,True,True,True,True,JARVIS-DFT Wannier tight binding Hamiltonians for 2D materials,,JARVIS-DFT dft_3d/dft_2d
JVASP-60529,Li2UBr6,162,P-31m,2D,,mp-675438,68,119,0.002,JVASP-60529.zip,3001292,12,True,wannier90_hr.dat,15953211,True,True,True,True,JARVIS-DFT Wannier tight binding Hamiltonians for 2D materials,,JARVIS-DFT dft_3d/dft_2d
JVASP-60530,Y2GeI2,164,P-3m1,2D,,mp-676315,48,54,0.24,JVASP-60530.zip,3110416,12,True,wannier90_hr.dat,14400695,True,True,True,True,JARVIS-DFT Wannier tight binding Hamiltonians for 2D materials,,JARVIS-DFT dft_3d/dft_2d
JVASP-60536,MoCl3,162,P-31m,2D,,mp-684640,60,104,0.923,JVASP-60536.zip,2285289,12,True,wannier90_hr.dat,12060401,True,True,True,True,JARVIS-DFT Wannier tight binding Hamiltonians for 2D materials,,JARVIS-DFT dft_3d/dft_2d
JVASP-60543,GaAgP2Se6,149,P312,2D,,mp-7008,84,86,0.903,JVASP-60543.zip,4801338,12,True,wannier90_hr.dat,24343611,True,True,True,True,JARVIS-DFT Wannier tight binding Hamiltonians for 2D materials,,JARVIS-DFT dft_3d/dft_2d
JVASP-60549,BiBr3,14,P2_1/c,2D,,mp-752602,128,144,2.998,JVASP-60549.zip,5182567,12,True,wannier90_hr.dat,36864289,True,True,True,True,JARVIS-DFT Wannier tight binding Hamiltonians for 2D materials,,JARVIS-DFT dft_3d/dft_2d
JVASP-60558,YBr3,12,C2/m,2D,,mp-754815,72,80,4.067,JVASP-60558.zip,3296557,12,True,wannier90_hr.dat,17885211,True,True,True,True,JARVIS-DFT Wannier tight binding Hamiltonians for 2D materials,,JARVIS-DFT dft_3d/dft_2d
JVASP-60566,MoSe2,187,P-6m2,2D,,mp-7581,28,42,1.249,JVASP-60566.zip,1697150,12,True,wannier90_hr.dat,6782538,True,True,True,True,JARVIS-DFT Wannier tight binding Hamiltonians for 2D materials,,JARVIS-DFT dft_3d/dft_2d
JVASP-60573,WO2F2,38,Amm2,2D,,mp-764365,36,40,2.628,JVASP-60573.zip,1522874,12,True,wannier90_hr.dat,7841475,True,True,True,True,JARVIS-DFT Wannier tight binding Hamiltonians for 2D materials,,JARVIS-DFT dft_3d/dft_2d
JVASP-60578,CrP2S7,5,C2,2D,,mp-768680,70,124,0.007,JVASP-60578.zip,3204720,12,True,wannier90_hr.dat,16415401,True,True,True,True,JARVIS-DFT Wannier tight binding Hamiltonians for 2D materials,,JARVIS-DFT dft_3d/dft_2d
JVASP-60582,CoTeO4,10,P2/m,2D,,mp-771247,44,88,0.296,JVASP-60582.zip,1975034,12,True,wannier90_hr.dat,11326254,True,True,True,True,JARVIS-DFT Wannier tight binding Hamiltonians for 2D materials,,JARVIS-DFT dft_3d/dft_2d
JVASP-60589,NiTeO4,10,P2/m,2D,,mp-774160,44,82,0.352,JVASP-60589.zip,1982389,12,True,wannier90_hr.dat,11326254,True,True,True,True,JARVIS-DFT Wannier tight binding Hamiltonians for 2D materials,,JARVIS-DFT dft_3d/dft_2d
JVASP-60594,BN,187,P-6m2,2D,,mp-7991,14,30,4.384,JVASP-60594.zip,969172,12,True,wannier90_hr.dat,2892556,True,True,True,True,JARVIS-DFT Wannier tight binding Hamiltonians for 2D materials,,JARVIS-DFT dft_3d/dft_2d
JVASP-60595,GaGeTe,164,P-3m1,2D,,mp-8211,48,56,0.654,JVASP-60595.zip,3117359,12,True,wannier90_hr.dat,14400695,True,True,True,True,JARVIS-DFT Wannier tight binding Hamiltonians for 2D materials,,JARVIS-DFT dft_3d/dft_2d
JVASP-60596,Ta2PdS6,12,C2/m,2D,,mp-8435,72,72,0.0,JVASP-60596.zip,4120244,12,True,wannier90_hr.dat,20995672,True,True,True,True,JARVIS-DFT Wannier tight binding Hamiltonians for 2D materials,,JARVIS-DFT dft_3d/dft_2d
JVASP-60597,Ta2PdSe6,12,C2/m,2D,,mp-8436,84,84,0.0,JVASP-60597.zip,5293647,12,True,wannier90_hr.dat,28577272,True,True,True,True,JARVIS-DFT Wannier tight binding Hamiltonians for 2D materials,,JARVIS-DFT dft_3d/dft_2d
JVASP-60603,TaFeTe3,11,P2_1/m,2D,,mp-8848,96,152,0.0,JVASP-60603.zip,5434752,12,True,wannier90_hr.dat,29952391,True,True,True,True,JARVIS-DFT Wannier tight binding Hamiltonians for 2D materials,,JARVIS-DFT dft_3d/dft_2d
JVASP-60604,SnSe,129,P4/nmm,2D,,mp-8936,32,44,1.106,JVASP-60604.zip,1426074,12,True,wannier90_hr.dat,6195875,True,True,True,True,JARVIS-DFT Wannier tight binding Hamiltonians for 2D materials,,JARVIS-DFT dft_3d/dft_2d
JVASP-60607,Al2Te5,12,C2/m,2D,,mp-9254,56,64,1.37,JVASP-60607.zip,2491711,12,True,wannier90_hr.dat,12701272,True,True,True,True,JARVIS-DFT Wannier tight binding Hamiltonians for 2D materials,,JARVIS-DFT dft_3d/dft_2d
JVASP-60612,SiAs2,26,Pmc2_1,2D,,mp-978553,96,96,1.402,JVASP-60612.zip,5731952,12,True,wannier90_hr.dat,29952391,True,True,True,True,JARVIS-DFT Wannier tight binding Hamiltonians for 2D materials,,JARVIS-DFT dft_3d/dft_2d
JVASP-60776,InS,129,P4/nmm,2D,,mp-19795,28,40,0.0,JVASP-60776.zip,1724940,12,True,wannier90_hr.dat,6625718,True,True,True,True,JARVIS-DFT Wannier tight binding Hamiltonians for 2D materials,,JARVIS-DFT dft_3d/dft_2d
JVASP-76195,CrI3,162,P-31m,2D,,mp-1213805,72,116,1.184,JVASP-76195.zip,2995641,12,True,wannier90_hr.dat,17366801,True,True,True,True,JARVIS-DFT Wannier tight binding Hamiltonians for 2D materials,,JARVIS-DFT dft_3d/dft_2d
JVASP-76869,Y2TlCu,71,Immm,3D,,mp-1096218,44,64,0.0,JVASP-76869.zip,3463150,12,True,wannier90_hr.dat,21587591,True,True,True,True,JARVIS-DFT Wannier 3D materials (JVASP-40531 to JVASP-85013),,JARVIS-DFT dft_3d/dft_2d
JVASP-76891,Y2InCu,12,C2/m,3D,,mp-1096300,44,64,0.0,JVASP-76891.zip,4099453,12,True,wannier90_hr.dat,21587591,True,True,True,True,JARVIS-DFT Wannier 3D materials (JVASP-40531 to JVASP-85013),,JARVIS-DFT dft_3d/dft_2d
JVASP-76930,Li2MgGa,71,Immm,3D,,mp-1096408,20,52,0.0,JVASP-76930.zip,1315653,12,True,wannier90_hr.dat,4461191,True,True,True,True,JARVIS-DFT Wannier 3D materials (JVASP-40531 to JVASP-85013),,JARVIS-DFT dft_3d/dft_2d
JVASP-77062,Li2InSb,71,Immm,3D,,mp-1097086,20,58,0.102,JVASP-77062.zip,1108744,12,True,wannier90_hr.dat,4461191,True,True,True,True,JARVIS-DFT Wannier 3D materials (JVASP-40531 to JVASP-85013),,JARVIS-DFT dft_3d/dft_2d
JVASP-78460,RbB,225,Fm-3m,3D,,mp-1061023,20,40,0.0,JVASP-78460.zip,1578215,12,True,wannier90_hr.dat,8462205,True,True,True,True,JARVIS-DFT Wannier 3D materials (JVASP-40531 to JVASP-85013),,JARVIS-DFT dft_3d/dft_2d
JVASP-79710,Na2HgBi,12,C2/m,3D,,mp-1093583,42,60,0.0,JVASP-79710.zip,3330441,12,True,wannier90_hr.dat,19669791,True,True,True,True,JARVIS-DFT Wannier 3D materials (JVASP-40531 to JVASP-85013),,JARVIS-DFT dft_3d/dft_2d
JVASP-80997,ZnNiPd2,71,Immm,3D,,mp-1096076,54,90,0.0,JVASP-80997.zip,4438943,12,True,wannier90_hr.dat,32514591,True,True,True,True,JARVIS-DFT Wannier 3D materials (JVASP-40531 to JVASP-85013),,JARVIS-DFT dft_3d/dft_2d
JVASP-81240,Li2MgGa,71,Immm,3D,,mp-1096408,20,52,0.0,JVASP-81240.zip,1315249,12,True,wannier90_hr.dat,4461191,True,True,True,True,JARVIS-DFT Wannier 3D materials (JVASP-40531 to JVASP-85013),,JARVIS-DFT dft_3d/dft_2d
JVASP-81597,LiPbAu2,71,Immm,3D,,mp-1097183,34,60,0.0,JVASP-81597.zip,2135970,12,True,wannier90_hr.dat,12890591,True,True,True,True,JARVIS-DFT Wannier 3D materials (JVASP-40531 to JVASP-85013),,JARVIS-DFT dft_3d/dft_2d
JVASP-81634,Si2TcIr,71,Immm,3D,,mp-1097230,40,66,0.0,JVASP-81634.zip,3188137,12,True,wannier90_hr.dat,17841191,True,True,True,True,JARVIS-DFT Wannier 3D materials (JVASP-40531 to JVASP-85013),,JARVIS-DFT dft_3d/dft_2d
JVASP-81775,Hf2CuMo,71,Immm,3D,,mp-1097409,48,72,0.0,JVASP-81775.zip,4009108,12,True,wannier90_hr.dat,25690791,True,True,True,True,JARVIS-DFT Wannier 3D materials (JVASP-40531 to JVASP-85013),,JARVIS-DFT dft_3d/dft_2d
JVASP-85013,Fe3Sn2,166,R-3m,3D,71,mp-27505,104,164,0.0,JVASP-85013.zip,7437166,12,True,wannier90_hr.dat,38397221,True,True,True,True,JARVIS-DFT Wannier 3D materials (JVASP-40531 to JVASP-85013),,JARVIS-DFT dft_3d/dft_2d
