jid,formula,spg_number,spg_symbol,dimensionality,icsd,mp_id,num_wann,metadata_source
JVASP-5,TiO2,136,P4_2/mnm,3D,"202240,202241,167953,167954,167955,167956,167957,167958,167959,167960,167961,167962,167963,167964,31322,165920,165921,165922,165923,165924,165925,33837,33838,88623,88624,88625,33842,33843,33844,33845,33846,36412,36413,36414,36415,34372,31321,66650,31323,31324,31325,31326,31327,31328,31329,31330,161909,23697,169622,169623,169624,169625,169626,169627,169628,169629,169630,169631,169632,169633,169634,169635,169636,169637,169638,169639,169640,169641,159915,167965,200391,168140,168138,24780,69331,62677,62678,62679,51930,51931,51932,51933,51934,51935,82656,51937,51938,51939,51940,51941,24294,53997,16636,39166,24277,39168,39169,39170,39171,39172,33839,33840,74532,33841,88626,88627,63710,51936,82657,44881,53601,53602,51050,76172,109469,93097,9161,64987,85492,85493,85494,85495,39167,97277",mp-2657,48,JARVIS-DFT dft_3d/dft_2d
JVASP-8,Te2Mo,31,Pmn2_1,3D,,,112,JARVIS-DFT dft_3d/dft_2d
JVASP-21,PbSe,225,Fm-3m,3D,"38294,600599,657561,600730,53933,600252,648512,648513,648515,648516,648517,648518,648519,648520,648521,648522,648524,648525,648527,648528,76644,603893,63096,63097",mp-2201,16,JARVIS-DFT dft_3d/dft_2d
JVASP-23,CdTe,216,F-43m,3D,"620529,659206,659219,161692,161693,658983,604599,43712,602945,180935,620535,108238,93944,620537,620516,165086,620511,620512,620513,620514,620515,31844,620517,620519,52840,603115,181732,620527,620520,620530,620531,620533,93942,93943,620536,93945,620538,620540,620542",mp-406,20,JARVIS-DFT dft_3d/dft_2d
JVASP-44,FeSe,129,P4/nmm,3D,,mp-20311,40,POSCAR+spglib
JVASP-48,C,194,P6_3/mmc,3D,"31170,617290,53781,52230,76767",mp-48,32,JARVIS-DFT dft_3d/dft_2d
JVASP-51,MoS2,160,R3m,3D,"38401,644257,43560,43695,40081,76370",mp-1434,24,JARVIS-DFT dft_3d/dft_2d
JVASP-54,MoS2,194,P6_3/mmc,3D,"24000,105091,49801,601647,95569,95570,84180,644245,31067",mp-2815,48,JARVIS-DFT dft_3d/dft_2d
JVASP-57,MoSe2,194,P6_3/mmc,3D,"49800,601045,644334,167357",mp-1634,56,JARVIS-DFT dft_3d/dft_2d
JVASP-72,WS2,194,P6_3/mmc,3D,"56014,84181,202366",mp-224,48,JARVIS-DFT dft_3d/dft_2d
JVASP-81,GaSe,194,P6_3/mmc,3D,"63122,43540,41978",mp-1943,64,JARVIS-DFT dft_3d/dft_2d
JVASP-82,ZrS2,164,P-3m1,3D,"76037,651465,56012,601166,604434,182675,651478,651482,602309",mp-1186,24,JARVIS-DFT dft_3d/dft_2d
JVASP-89,Bi2Te3,166,R-3m,3D,,mp-34202,40,POSCAR+spglib
JVASP-128,PtSe2,164,P-3m1,3D,"41389,649589,649593,649594,603677,41374",mp-1115,28,JARVIS-DFT dft_3d/dft_2d
JVASP-131,SnS2,164,P-3m1,3D,"100610,100611,100612,651013,42566,659217,602283,651010,651022,650992,650993,29012,650999,650996,656779,43004",mp-1170,20,JARVIS-DFT dft_3d/dft_2d
JVASP-143,GaS,194,P6_3/mmc,3D,"201344,201345,167394,53586,53587,53588,53589,53590,173940,59,25660,654685,173941",mp-2507,56,JARVIS-DFT dft_3d/dft_2d
JVASP-207,GeS,63,Cmcm,3D,155418,mp-12910,28,JARVIS-DFT dft_3d/dft_2d
JVASP-210,HfS2,164,P-3m1,3D,,mp-985829,24,JARVIS-DFT dft_3d/dft_2d
JVASP-216,HfSe2,164,P-3m1,3D,,mp-985831,28,JARVIS-DFT dft_3d/dft_2d
JVASP-234,NiO2,5,C2,3D,,,48,JARVIS-DFT dft_3d/dft_2d
JVASP-252,PbO,129,P4/nmm,3D,"62848,62849,26596,53927,600296,647260,64778,94333,62847,99776,15466,62840,62841,62842,62843,62844,62845,62846,64799",mp-19921,28,JARVIS-DFT dft_3d/dft_2d
JVASP-260,PbS,139,I4/mmm,3D,68701,mp-20526,28,JARVIS-DFT dft_3d/dft_2d
JVASP-281,SnO,129,P4/nmm,3D,"16481,41954,15516,26597,53926",mp-2097,28,JARVIS-DFT dft_3d/dft_2d
JVASP-290,SnS2,186,P6_3mc,3D,43003,mp-9984,40,JARVIS-DFT dft_3d/dft_2d
JVASP-296,SnSe,63,Cmcm,3D,"50560,50561,50562,50563,50564,100673,651925,50559",mp-2168,32,JARVIS-DFT dft_3d/dft_2d
JVASP-362,ZrSe3,11,P2_1/m,3D,"652241,25621,652229",mp-1683,72,JARVIS-DFT dft_3d/dft_2d
JVASP-365,ZrSe2,164,P-3m1,3D,"601542,109291,652236,56013,652240,182676,652247,652244,652251",mp-2076,28,JARVIS-DFT dft_3d/dft_2d
JVASP-368,ZrS3,11,P2_1/m,3D,"42073,604573",mp-9921,60,JARVIS-DFT dft_3d/dft_2d
JVASP-581,NbSe2,164,P-3m1,3D,76576,mp-10228,28,JARVIS-DFT dft_3d/dft_2d
JVASP-593,TaS2,164,P-3m1,3D,"651089,85323,52115,24756,651098",mp-1690,24,JARVIS-DFT dft_3d/dft_2d
JVASP-648,MoSe2,187,P-6m2,2D,,mp-1634,28,POSCAR+spglib
JVASP-649,MoSe2,187,P-6m2,2D,,mp-1634,28,JARVIS-DFT dft_3d/dft_2d
JVASP-650,MoSe2,187,P-6m2,2D,,mp-1634,28,POSCAR+spglib
JVASP-651,WSe2,187,P-6m2,2D,,mp-1821,28,POSCAR+spglib
JVASP-652,WSe2,187,P-6m2,2D,,mp-1821,28,JARVIS-DFT dft_3d/dft_2d
JVASP-653,WSe2,187,P-6m2,2D,,mp-1821,28,POSCAR+spglib
JVASP-667,C,191,P6/mmm,2D,,mp-48,16,JARVIS-DFT dft_3d/dft_2d
JVASP-687,GaSe,187,P-6m2,2D,,mp-1943,32,JARVIS-DFT dft_3d/dft_2d
JVASP-696,CrS2,12,C2/m,2D,,mp-28910,24,JARVIS-DFT dft_3d/dft_2d
JVASP-726,CrS2,164,P-3m1,2D,,mp-755263,24,JARVIS-DFT dft_3d/dft_2d
JVASP-768,Ti2O,164,P-3m1,2D,,mp-1215,30,JARVIS-DFT dft_3d/dft_2d
JVASP-802,Hf,194,P6_3/mmc,3D,"638561,76142,53786,76411,181757,53022,638559",mp-103,24,JARVIS-DFT dft_3d/dft_2d
JVASP-816,Al,225,Fm-3m,3D,"240129,52611,53772,53773,53774,53775,52255,44321,150692,44713,606000,606001,606003,606004,606006,606007,43423,64700,182727,166867,43492,77363",mp-134,8,JARVIS-DFT dft_3d/dft_2d
JVASP-819,Ar,225,Fm-3m,3D,"24788,53814,29279",mp-23155,8,JARVIS-DFT dft_3d/dft_2d
JVASP-825,Au,225,Fm-3m,3D,"53763,53764,180869,611623,611624,611625,44362,163723,611628,180868,52249,52700,64701",mp-81,12,JARVIS-DFT dft_3d/dft_2d
JVASP-828,B,166,R-3m,3D,"56992,26487,108026,62747,94429,181823",mp-160,96,JARVIS-DFT dft_3d/dft_2d
JVASP-834,Be,194,P6_3/mmc,3D,"43363,52229,53766,76743,52263,600013,20686,1425,52707,616181,616179,150617,150618",mp-87,16,JARVIS-DFT dft_3d/dft_2d
JVASP-837,Bi,166,R-3m,3D,"64704,64705,53797,246663,616519,616526,616527,64703",mp-23152,16,JARVIS-DFT dft_3d/dft_2d
JVASP-840,Br,64,Cmce,3D,,mp-23154,32,JARVIS-DFT dft_3d/dft_2d
JVASP-858,Co,194,P6_3/mmc,3D,"622436,622438,52935,53806,76942,76633,44990",mp-54,24,JARVIS-DFT dft_3d/dft_2d
JVASP-867,Cu,225,Fm-3m,3D,"52256,53755,43493,627113,627114,627115,627117,180109,629460,53758,655129,64699,53756,53757,53246,53247",mp-30,12,JARVIS-DFT dft_3d/dft_2d
JVASP-870,Dy,166,R-3m,3D,"629537,629540,52518",mp-10658,48,JARVIS-DFT dft_3d/dft_2d
JVASP-890,Ge,227,Fd-3m,3D,"44610,600774,44841,53642,76267,636527,636528,76146,636535,53788,181071,41980,54237,43422",mp-32,16,JARVIS-DFT dft_3d/dft_2d
JVASP-895,I,64,Cmce,3D,,mp-23153,32,JARVIS-DFT dft_3d/dft_2d
JVASP-901,Ir,225,Fm-3m,3D,"64992,659854,41524,53813,640729,640730",mp-101,12,JARVIS-DFT dft_3d/dft_2d
JVASP-919,Mg,194,P6_3/mmc,3D,"181728,76259,52260,181254,53767,76748,162414,168829,76145,77908,170902,654648,166868,642651,642653,642655",mp-153,16,JARVIS-DFT dft_3d/dft_2d
JVASP-922,Mn,217,I-43m,3D,"655106,44932,56133,246889,246890,642935,618255,43058,642933,42774,42743,44761,164349,174037",mp-35,348,JARVIS-DFT dft_3d/dft_2d
JVASP-931,Na,194,P6_3/mmc,3D,44758,mp-10172,16,JARVIS-DFT dft_3d/dft_2d
JVASP-934,Nb,229,Im-3m,3D,"76416,645057,645058,645059,645063,76264,645065,76554,76011,151406,170906",mp-75,12,JARVIS-DFT dft_3d/dft_2d
JVASP-937,Nd,194,P6_3/mmc,3D,"102657,164281,150953,645579,645581,76592,645585,645584,645577,43577",mp-123,64,JARVIS-DFT dft_3d/dft_2d
JVASP-943,Ni,225,Fm-3m,3D,"43397,52231,163354,41508,52265,53807,53808,53809,646089,646085,646087,646088,260169,646090,646091,260172,181716,64989,162279,162415,646092,76667",mp-23,12,JARVIS-DFT dft_3d/dft_2d
JVASP-949,O,12,C2/m,3D,156481,mp-12957,48,JARVIS-DFT dft_3d/dft_2d
JVASP-961,Pb,225,Fm-3m,3D,"648341,77863,54312,64940,64808,151378,105588,96501,648343,648344,57460,52253,53791",mp-20483,8,JARVIS-DFT dft_3d/dft_2d
JVASP-963,Pd,225,Fm-3m,3D,"648673,648674,648675,648677,180870,648679,648680,180871,41517,64914,64915,64916,64918,64920,76148,64922,52251,77885",mp-2,12,JARVIS-DFT dft_3d/dft_2d
JVASP-972,Pt,225,Fm-3m,3D,"180880,649493,76153,181717,76951,64912,180881,649490,180981,180980,64917,649494,64919,77944,64921,52250,64923,64924,76414,41525",mp-126,12,JARVIS-DFT dft_3d/dft_2d
JVASP-984,Rh,225,Fm-3m,3D,"52064,650218,41516,650221,650222,53811,76952,52252,171677,64991",mp-74,12,JARVIS-DFT dft_3d/dft_2d
JVASP-987,Ru,194,P6_3/mmc,3D,"40354,650571,52004,52261,44615,650568,650569,650570,602251,650572,650573,650574,53810,76155,54236,43710",mp-33,24,JARVIS-DFT dft_3d/dft_2d
JVASP-993,Sb,166,R-3m,3D,"651488,651489,651490,9859,651492,651491,651497,55402,53795,161493,64695,64696,64697,409754,651498",mp-104,16,JARVIS-DFT dft_3d/dft_2d
JVASP-1002,Si,227,Fd-3m,3D,"150530,181356,43403,181907,53782,53783,52266,94261,652257,182730,67788,652258,659044,43610,652255,60385,60386,60387,60388,60389,29287,29288,52457,181355,76268,51688,652265,41979",mp-149,16,JARVIS-DFT dft_3d/dft_2d
JVASP-1007,Sn,227,Fd-3m,3D,,mp-117,16,POSCAR+spglib
JVASP-1008,Sn,227,Fd-3m,3D,"70128,76040,53789,40039",mp-117,16,JARVIS-DFT dft_3d/dft_2d
JVASP-1009,Sn,227,Fd-3m,3D,,mp-117,16,POSCAR+spglib
JVASP-1014,Ta,229,Im-3m,3D,"76417,652900,652902,53793,652903,76014,151407,76152,167903",mp-50,12,JARVIS-DFT dft_3d/dft_2d
JVASP-1017,Tb,166,R-3m,3D,52497,mp-11698,48,JARVIS-DFT dft_3d/dft_2d
JVASP-1020,Tc,194,P6_3/mmc,3D,"52498,653011,653012,653014,182009,76953",mp-113,24,JARVIS-DFT dft_3d/dft_2d
JVASP-1026,Th,225,Fm-3m,3D,,mp-37,12,POSCAR+spglib
JVASP-1029,Ti,191,P6/mmm,3D,"52521,653277",mp-72,36,JARVIS-DFT dft_3d/dft_2d
JVASP-1044,W,229,Im-3m,3D,"44323,53800,44393,653431,52268,45200,43667,653430,76151,653432,653433,52538,43421",mp-91,12,JARVIS-DFT dft_3d/dft_2d
JVASP-1049,Y,194,P6_3/mmc,3D,,mp-112,24,POSCAR+spglib
JVASP-1050,Y,194,P6_3/mmc,3D,"660002,43588,43719,95176,653450,52539",mp-112,24,JARVIS-DFT dft_3d/dft_2d
JVASP-1056,Zn,194,P6_3/mmc,3D,"53769,421013,421014,421015,52259,653501,653502,52543,653504,653505,64990,181734,247147,247148,247149,247150,247151,247152,247153,247154,247155,247156,247157,247158,247159,247160,247161,247162",mp-79,36,JARVIS-DFT dft_3d/dft_2d
JVASP-1065,Tl4Te3Pb,140,I4/mcm,3D,"73088,648621,604389",mp-20740,128,JARVIS-DFT dft_3d/dft_2d
JVASP-1067,Bi2Se3,166,R-3m,3D,"42545,165226,617083,20385",mp-541837,40,JARVIS-DFT dft_3d/dft_2d
JVASP-1071,Sb2Te3,166,R-3m,3D,,mp-1201,40,POSCAR+spglib
JVASP-1082,Mg2Sn,225,Fm-3m,3D,"151362,104869,104870,642855,151368,181765,150957,642850,151388,158181",mp-2343,24,JARVIS-DFT dft_3d/dft_2d
JVASP-1083,Mg2Sn,225,Fm-3m,3D,,mp-2343,24,POSCAR+spglib
JVASP-1084,LaTe,225,Fm-3m,3D,,mp-1560,34,POSCAR+spglib
JVASP-1106,Ag2Te,14,P2_1/c,3D,"73402,24267,73230",mp-1592,128,JARVIS-DFT dft_3d/dft_2d
JVASP-1107,Ag2Te,14,P2_1/c,3D,,mp-1592,128,POSCAR+spglib
JVASP-1116,PbSe,225,Fm-3m,3D,,mp-2201,16,POSCAR+spglib
JVASP-1118,CuBiSeO,129,P4/nmm,3D,"75128,74475",mp-23116,68,JARVIS-DFT dft_3d/dft_2d
JVASP-1123,Cu2Se,225,Fm-3m,3D,,mp-16366,32,POSCAR+spglib
JVASP-1124,Cu2Se,225,Fm-3m,3D,56025,mp-16366,32,JARVIS-DFT dft_3d/dft_2d
JVASP-1125,Cu2Se,225,Fm-3m,3D,,mp-16366,32,POSCAR+spglib
JVASP-1384,LiPb,221,Pm-3m,3D,"642249,104762,104763,601174",mp-2314,10,JARVIS-DFT dft_3d/dft_2d
JVASP-1492,YSbPt,216,F-43m,3D,"44970,649578",mp-4964,32,JARVIS-DFT dft_3d/dft_2d
JVASP-1849,Li2AgSb,216,F-43m,3D,52589,mp-16238,24,JARVIS-DFT dft_3d/dft_2d
JVASP-2062,TlBiSe2,166,R-3m,3D,43314,mp-29662,32,JARVIS-DFT dft_3d/dft_2d
JVASP-2268,ThTeO,129,P4/nmm,3D,"33587,65950,150471",mp-3718,52,JARVIS-DFT dft_3d/dft_2d
JVASP-2817,K4IrO4,12,C2/m,3D,47223,mp-8429,84,JARVIS-DFT dft_3d/dft_2d
JVASP-3477,Nd3InN,221,Pm-3m,3D,98496,mp-21022,62,JARVIS-DFT dft_3d/dft_2d
JVASP-3909,SnSb2Te4,166,R-3m,3D,30392,mp-27947,56,JARVIS-DFT dft_3d/dft_2d
JVASP-4053,BaMg2Bi2,164,P-3m1,3D,100049,mp-29209,44,JARVIS-DFT dft_3d/dft_2d
JVASP-4101,Bi2Te2Se,166,R-3m,3D,43512,mp-29666,40,JARVIS-DFT dft_3d/dft_2d
JVASP-4349,HgTe,225,Fm-3m,3D,"56658,162604",mp-1507,52,JARVIS-DFT dft_3d/dft_2d
JVASP-4358,GaSe,187,P-6m2,3D,"71082,73387,660262,601159",mp-1572,64,JARVIS-DFT dft_3d/dft_2d
JVASP-4438,CrSiTe3,148,R-3,3D,"626809,626810,62379,71020",mp-3779,88,JARVIS-DFT dft_3d/dft_2d
JVASP-4456,Nb2CS2,166,R-3m,3D,"95112,95110",mp-4384,44,JARVIS-DFT dft_3d/dft_2d
JVASP-4501,VAgP2Se6,5,C2,3D,"655585,68143",mp-6543,88,JARVIS-DFT dft_3d/dft_2d
JVASP-4558,Ta2CS2,166,R-3m,3D,23791,mp-7814,44,JARVIS-DFT dft_3d/dft_2d
JVASP-4615,CuAgS,63,Cmcm,3D,"30233,66580",mp-8911,60,JARVIS-DFT dft_3d/dft_2d
JVASP-4636,MgAl2Se4,166,R-3m,3D,83363,mp-9479,56,JARVIS-DFT dft_3d/dft_2d
JVASP-4657,GaS,166,R-3m,3D,40824,mp-9889,28,JARVIS-DFT dft_3d/dft_2d
JVASP-4696,SrLiP,187,P-6m2,3D,56443,mp-10614,22,JARVIS-DFT dft_3d/dft_2d
JVASP-4708,B2Au,191,P6/mmm,3D,52699,mp-10681,28,JARVIS-DFT dft_3d/dft_2d
JVASP-4837,Ga2O3,63,Cmcm,3D,162252,mp-13134,68,JARVIS-DFT dft_3d/dft_2d
JVASP-4846,PtN,194,P6_3/mmc,3D,163863,mp-13173,36,JARVIS-DFT dft_3d/dft_2d
JVASP-4894,TaTe4Ir,31,Pmn2_1,3D,73322,mp-17287,224,JARVIS-DFT dft_3d/dft_2d
JVASP-4957,TiPbO3,221,Pm-3m,3D,"262090,27949,1613,28624,162043,153406,162047",mp-19845,38,JARVIS-DFT dft_3d/dft_2d
JVASP-5098,PtPb,194,P6_3/mmc,3D,648398,mp-21380,40,JARVIS-DFT dft_3d/dft_2d
JVASP-5164,CuI,129,P4/nmm,3D,"246688,78268,78269,246687",mp-22863,40,JARVIS-DFT dft_3d/dft_2d
JVASP-5176,CuBr,129,P4/nmm,3D,"78276,78277",mp-22917,40,JARVIS-DFT dft_3d/dft_2d
JVASP-5260,Bi2TeI,166,R-3m,3D,"153858,250330",mp-23435,64,JARVIS-DFT dft_3d/dft_2d
JVASP-5284,SrH2,194,P6_3/mmc,3D,"163570,163571,163572,163573,163574,163575,163576",mp-23759,32,JARVIS-DFT dft_3d/dft_2d
JVASP-5296,CaH2,194,P6_3/mmc,3D,157943,mp-24809,32,JARVIS-DFT dft_3d/dft_2d
JVASP-5308,MnO2,164,P-3m1,3D,"56152,24105,53991",mp-25558,24,JARVIS-DFT dft_3d/dft_2d
JVASP-5311,HgPS3,2,P-1,3D,2564,mp-27178,88,JARVIS-DFT dft_3d/dft_2d
JVASP-5314,UCl5,2,P-1,3D,6057,mp-27240,92,JARVIS-DFT dft_3d/dft_2d
JVASP-5329,XeO2F2,63,Cmcm,3D,10203,mp-27337,64,JARVIS-DFT dft_3d/dft_2d
JVASP-5335,NbSe2Cl2,2,P-1,3D,10483,mp-27361,80,JARVIS-DFT dft_3d/dft_2d
JVASP-5365,CrCl3,12,C2/m,3D,22080,mp-27630,60,JARVIS-DFT dft_3d/dft_2d
JVASP-5374,BiI,12,C2/m,3D,1558,mp-27708,128,JARVIS-DFT dft_3d/dft_2d
JVASP-5410,BiSe,164,P-3m1,3D,"617073,20458",mp-27902,96,JARVIS-DFT dft_3d/dft_2d
JVASP-5428,GeBi2Te4,166,R-3m,3D,30394,mp-27948,56,JARVIS-DFT dft_3d/dft_2d
JVASP-5575,Nb2Te6I,14,P2_1/c,3D,71516,mp-28745,320,JARVIS-DFT dft_3d/dft_2d
JVASP-5668,TaCl4,12,C2/m,3D,402406,mp-29465,72,JARVIS-DFT dft_3d/dft_2d
JVASP-5701,CuAsSe2,160,R3m,3D,42884,mp-29643,36,JARVIS-DFT dft_3d/dft_2d
JVASP-5743,Nb3Cl8,164,P-3m1,3D,408645,mp-29950,168,JARVIS-DFT dft_3d/dft_2d
JVASP-5779,HfBrN,166,R-3m,3D,51773,mp-30302,52,JARVIS-DFT dft_3d/dft_2d
JVASP-5839,AlSiTe3,162,P-31m,3D,75001,mp-31220,80,JARVIS-DFT dft_3d/dft_2d
JVASP-5851,CrBrO,59,Pmmn,3D,27092,mp-31725,52,JARVIS-DFT dft_3d/dft_2d
JVASP-5863,WBr4O,79,I4,3D,49547,mp-32536,50,JARVIS-DFT dft_3d/dft_2d
JVASP-5872,TaS2,164,P-3m1,2D,,mp-1690,24,JARVIS-DFT dft_3d/dft_2d
JVASP-5874,PtO2,164,P-3m1,2D,,mp-7868,24,JARVIS-DFT dft_3d/dft_2d
JVASP-5887,CdBr2,164,P-3m1,2D,,mp-27934,28,JARVIS-DFT dft_3d/dft_2d
JVASP-5888,SnO,129,P4/nmm,2D,,mp-2097,28,JARVIS-DFT dft_3d/dft_2d
JVASP-5902,TiO2,164,P-3m1,2D,,mp-25433,24,JARVIS-DFT dft_3d/dft_2d
JVASP-5905,BCl3,189,P-62m,2D,,mp-23184,26,JARVIS-DFT dft_3d/dft_2d
JVASP-5911,SiTe2,164,P-3m1,2D,,mp-2755,24,JARVIS-DFT dft_3d/dft_2d
JVASP-5914,ReSe2,2,P-1,2D,,mp-541582,112,JARVIS-DFT dft_3d/dft_2d
JVASP-5917,PbS,129,P4/nmm,2D,,mp-557719,56,JARVIS-DFT dft_3d/dft_2d
JVASP-5920,TaSe2,187,P-6m2,2D,,mp-500,28,JARVIS-DFT dft_3d/dft_2d
JVASP-5929,SnSe,31,Pmn2_1,2D,,mp-691,32,JARVIS-DFT dft_3d/dft_2d
JVASP-5935,NiO2,164,P-3m1,2D,,mp-715324,24,JARVIS-DFT dft_3d/dft_2d
JVASP-5938,Te2Rh,164,P-3m1,2D,,mp-228,28,JARVIS-DFT dft_3d/dft_2d
JVASP-5944,GaS,187,P-6m2,2D,,mp-2507,28,JARVIS-DFT dft_3d/dft_2d
JVASP-5947,NbS2,164,P-3m1,2D,,mp-995122,24,JARVIS-DFT dft_3d/dft_2d
JVASP-5950,Sc2C,164,P-3m1,2D,,mp-29941,32,JARVIS-DFT dft_3d/dft_2d
JVASP-5953,Te2Ir,164,P-3m1,2D,,mp-2285,28,JARVIS-DFT dft_3d/dft_2d
JVASP-5956,TaSe2,164,P-3m1,2D,,mp-11324,28,JARVIS-DFT dft_3d/dft_2d
JVASP-5962,SiP2,26,Pmc2_1,2D,,mp-9996,96,JARVIS-DFT dft_3d/dft_2d
JVASP-5965,MgI2,164,P-3m1,2D,,mp-23205,24,JARVIS-DFT dft_3d/dft_2d
JVASP-5968,SbI3,162,P-31m,2D,,mp-23281,64,JARVIS-DFT dft_3d/dft_2d
JVASP-5977,NiTe2,164,P-3m1,2D,,mp-2578,28,JARVIS-DFT dft_3d/dft_2d
JVASP-5980,TaSe2,187,P-6m2,2D,,mp-7926,28,JARVIS-DFT dft_3d/dft_2d
JVASP-5995,PbI2,164,P-3m1,2D,,mp-22883,24,JARVIS-DFT dft_3d/dft_2d
JVASP-6004,BBr3,189,P-62m,2D,,mp-23225,32,JARVIS-DFT dft_3d/dft_2d
JVASP-6007,PbO,129,P4/nmm,2D,,mp-19921,28,JARVIS-DFT dft_3d/dft_2d
JVASP-6016,SiS2,49,Pccm,2D,,mp-1602,40,JARVIS-DFT dft_3d/dft_2d
JVASP-6022,ReS2,2,P-1,2D,,mp-572758,96,JARVIS-DFT dft_3d/dft_2d
JVASP-6025,SnSe,129,P4/nmm,2D,,mp-8936,32,JARVIS-DFT dft_3d/dft_2d
JVASP-6028,SnSe,129,P4/nmm,2D,,mp-2168,32,JARVIS-DFT dft_3d/dft_2d
JVASP-6031,MnI2,164,P-3m1,2D,,mp-28013,28,JARVIS-DFT dft_3d/dft_2d
JVASP-6034,CoBr2,164,P-3m1,2D,,mp-30033,28,JARVIS-DFT dft_3d/dft_2d
JVASP-6049,TcS2,2,P-1,2D,,mp-9481,96,JARVIS-DFT dft_3d/dft_2d
JVASP-6052,CaI2,164,P-3m1,2D,,mp-30031,28,JARVIS-DFT dft_3d/dft_2d
JVASP-6055,FeCl2,164,P-3m1,2D,,mp-23229,24,JARVIS-DFT dft_3d/dft_2d
JVASP-6058,Te2Br,31,Pmn2_1,2D,,mp-27648,96,JARVIS-DFT dft_3d/dft_2d
JVASP-6070,TaS2,187,P-6m2,2D,,mp-1984,24,JARVIS-DFT dft_3d/dft_2d
JVASP-6076,TlF,57,Pbcm,2D,,mp-720,56,JARVIS-DFT dft_3d/dft_2d
JVASP-6079,InSe,187,P-6m2,2D,,mp-22691,32,JARVIS-DFT dft_3d/dft_2d
JVASP-6082,Te2I,31,Pmn2_1,2D,,mp-27655,96,JARVIS-DFT dft_3d/dft_2d
JVASP-6085,RhBr3,12,C2/m,2D,,mp-27871,144,JARVIS-DFT dft_3d/dft_2d
JVASP-6088,CrBr3,162,P-31m,2D,,mp-27734,72,JARVIS-DFT dft_3d/dft_2d
JVASP-6091,PBr3,26,Pmc2_1,2D,,mp-27257,64,JARVIS-DFT dft_3d/dft_2d
JVASP-6094,BiI3,162,P-31m,2D,,mp-22849,64,JARVIS-DFT dft_3d/dft_2d
JVASP-6097,VCl3,162,P-31m,2D,,mp-28117,60,JARVIS-DFT dft_3d/dft_2d
JVASP-6100,AlCl3,12,C2/m,2D,,mp-25469,104,JARVIS-DFT dft_3d/dft_2d
JVASP-6106,BI3,189,P-62m,2D,,mp-23189,32,JARVIS-DFT dft_3d/dft_2d
JVASP-6109,MoBr3,25,Pmm2,2D,,mp-23312,72,JARVIS-DFT dft_3d/dft_2d
JVASP-6115,AlI3,2,P-1,2D,,mp-30930,64,JARVIS-DFT dft_3d/dft_2d
JVASP-6118,TiI3,25,Pmm2,2D,,mp-23264,72,JARVIS-DFT dft_3d/dft_2d
JVASP-6127,RuBr3,51,Pmma,2D,,mp-23294,72,JARVIS-DFT dft_3d/dft_2d
JVASP-6130,USe3,11,P2_1/m,2D,,mp-9429,80,JARVIS-DFT dft_3d/dft_2d
JVASP-6136,IrCl3,12,C2/m,2D,,mp-27666,120,JARVIS-DFT dft_3d/dft_2d
JVASP-6139,PCl3,26,Pmc2_1,2D,,mp-23230,52,JARVIS-DFT dft_3d/dft_2d
JVASP-6142,ScCl3,162,P-31m,2D,,mp-23309,60,JARVIS-DFT dft_3d/dft_2d
JVASP-6145,US3,11,P2_1/m,2D,,mp-12406,68,JARVIS-DFT dft_3d/dft_2d
JVASP-6148,RhCl3,12,C2/m,2D,,mp-27770,120,JARVIS-DFT dft_3d/dft_2d
JVASP-6154,ClF,4,P2_1,2D,,mp-29504,24,JARVIS-DFT dft_3d/dft_2d
JVASP-6160,TaI2O,10,P2/m,2D,,mp-29027,68,JARVIS-DFT dft_3d/dft_2d
JVASP-6163,BiTeCl,156,P3m1,2D,,mp-28944,22,JARVIS-DFT dft_3d/dft_2d
JVASP-6172,Sc2CCl2,164,P-3m1,2D,,mp-28479,44,JARVIS-DFT dft_3d/dft_2d
JVASP-6187,AuI,67,Cmme,2D,,mp-27725,40,JARVIS-DFT dft_3d/dft_2d
JVASP-6190,BPS4,16,P222,2D,,mp-27724,40,JARVIS-DFT dft_3d/dft_2d
JVASP-6193,InClO,59,Pmmn,2D,,mp-27702,40,JARVIS-DFT dft_3d/dft_2d
JVASP-6202,IrBr3,12,C2/m,2D,,mp-27397,144,JARVIS-DFT dft_3d/dft_2d
JVASP-6208,SrHI,129,P4/nmm,2D,,mp-24205,44,JARVIS-DFT dft_3d/dft_2d
JVASP-6214,BiIO,129,P4/nmm,2D,,mp-22987,44,JARVIS-DFT dft_3d/dft_2d
JVASP-6217,BiBrO,129,P4/nmm,2D,,mp-23072,44,JARVIS-DFT dft_3d/dft_2d
JVASP-6220,BiClO,129,P4/nmm,2D,,mp-22939,40,JARVIS-DFT dft_3d/dft_2d
JVASP-6223,OsCl2O,47,Pmmm,2D,,mp-29133,30,JARVIS-DFT dft_3d/dft_2d
JVASP-6226,RuCl2O,47,Pmmm,2D,,mp-29132,30,JARVIS-DFT dft_3d/dft_2d
JVASP-6229,BiTeI,156,P3m1,2D,,mp-22965,24,JARVIS-DFT dft_3d/dft_2d
JVASP-6232,CdCl2,164,P-3m1,2D,,mp-22881,24,JARVIS-DFT dft_3d/dft_2d
JVASP-6238,TaTe4Ir,11,P2_1/m,2D,,mp-17287,112,JARVIS-DFT dft_3d/dft_2d
JVASP-6241,KMnP,129,P4/nmm,2D,,mp-20422,64,JARVIS-DFT dft_3d/dft_2d
JVASP-6244,TiPbO3,99,P4mm,2D,,mp-20459,38,JARVIS-DFT dft_3d/dft_2d
JVASP-6256,NbS2Cl2,12,C2/m,2D,,mp-27362,144,JARVIS-DFT dft_3d/dft_2d
JVASP-6262,GaTeCl,31,Pmn2_1,2D,,mp-27449,44,JARVIS-DFT dft_3d/dft_2d
JVASP-6265,AlPS4,16,P222,2D,,mp-27462,40,JARVIS-DFT dft_3d/dft_2d
JVASP-6271,AlClO,59,Pmmn,2D,,mp-27863,40,JARVIS-DFT dft_3d/dft_2d
JVASP-6274,Bi2Te2S,164,P-3m1,2D,,mp-27910,38,JARVIS-DFT dft_3d/dft_2d
JVASP-6277,UO2F2,191,P6/mmm,2D,,mp-27980,40,JARVIS-DFT dft_3d/dft_2d
JVASP-6286,Sc2NCl2,164,P-3m1,2D,,mp-28480,42,JARVIS-DFT dft_3d/dft_2d
JVASP-6292,PPdSe,13,P2/c,2D,,mp-29249,112,JARVIS-DFT dft_3d/dft_2d
JVASP-6295,HfCl4,13,P2/c,2D,,mp-29422,72,JARVIS-DFT dft_3d/dft_2d
JVASP-6298,Bi2Te2Se,164,P-3m1,2D,,mp-29666,40,JARVIS-DFT dft_3d/dft_2d
JVASP-6307,MgPSe3,147,P-3,2D,,mp-30943,80,JARVIS-DFT dft_3d/dft_2d
JVASP-6313,AlSiTe3,162,P-31m,2D,,mp-31220,80,JARVIS-DFT dft_3d/dft_2d
JVASP-6316,PPdSe,13,P2/c,2D,,mp-3123,112,JARVIS-DFT dft_3d/dft_2d
JVASP-6319,CrSiTe3,162,P-31m,2D,,mp-3779,88,JARVIS-DFT dft_3d/dft_2d
JVASP-6328,KAuS,51,Pmma,2D,,mp-7077,60,JARVIS-DFT dft_3d/dft_2d
JVASP-6331,PPdS,13,P2/c,2D,,mp-7280,104,JARVIS-DFT dft_3d/dft_2d
JVASP-6334,Ta2CS2,164,P-3m1,2D,,mp-7814,44,JARVIS-DFT dft_3d/dft_2d
JVASP-6340,RbAuS,51,Pmma,2D,,mp-9010,60,JARVIS-DFT dft_3d/dft_2d
JVASP-6343,KAuSe,51,Pmma,2D,,mp-9881,64,JARVIS-DFT dft_3d/dft_2d
JVASP-6349,ZrCl,164,P-3m1,2D,,mp-27440,36,JARVIS-DFT dft_3d/dft_2d
JVASP-6352,ScAgP2Se6,149,P312,2D,,mp-13383,88,JARVIS-DFT dft_3d/dft_2d
JVASP-6358,TlPt2S3,164,P-3m1,2D,,mp-9272,100,JARVIS-DFT dft_3d/dft_2d
JVASP-6361,SbSeI,31,Pmn2_1,2D,,mp-22996,48,JARVIS-DFT dft_3d/dft_2d
JVASP-6364,AsCl3,11,P2_1/m,2D,,mp-23280,52,JARVIS-DFT dft_3d/dft_2d
JVASP-6367,RbAuSe,51,Pmma,2D,,mp-9731,64,JARVIS-DFT dft_3d/dft_2d
JVASP-6370,ScAgP2S6,149,P312,2D,,mp-8616,76,JARVIS-DFT dft_3d/dft_2d
JVASP-6376,TlTe3Pt2,164,P-3m1,2D,,mp-9251,112,JARVIS-DFT dft_3d/dft_2d
JVASP-6382,Nb3TeCl7,156,P3m1,2D,,mp-28938,86,JARVIS-DFT dft_3d/dft_2d
JVASP-6385,InAgP2S6,149,P312,2D,,mp-22661,72,JARVIS-DFT dft_3d/dft_2d
JVASP-6391,Al3Te3I,11,P2_1/m,2D,,mp-28693,112,JARVIS-DFT dft_3d/dft_2d
JVASP-6394,TaI2Cl2,47,Pmmm,2D,,mp-28683,80,JARVIS-DFT dft_3d/dft_2d
JVASP-6397,CrI2,12,C2/m,2D,,mp-27215,56,JARVIS-DFT dft_3d/dft_2d
JVASP-6403,AsBr3,4,P2_1,2D,,mp-23317,64,JARVIS-DFT dft_3d/dft_2d
JVASP-6409,SbSBr,11,P2_1/m,2D,,mp-22971,44,JARVIS-DFT dft_3d/dft_2d
JVASP-6418,AlBr3,2,P-1,2D,,mp-23288,64,JARVIS-DFT dft_3d/dft_2d
JVASP-6424,NdI2,123,P4/mmm,2D,,mp-28753,32,JARVIS-DFT dft_3d/dft_2d
JVASP-6427,TlPd2Se3,164,P-3m1,2D,,mp-7038,112,JARVIS-DFT dft_3d/dft_2d
JVASP-6430,HgCl2,55,Pbam,2D,,mp-22855,60,JARVIS-DFT dft_3d/dft_2d
JVASP-6436,Al2Te3,14,P2_1/c,2D,,mp-29502,160,JARVIS-DFT dft_3d/dft_2d
JVASP-6445,SN,4,P2_1,2D,,mp-235,24,JARVIS-DFT dft_3d/dft_2d
JVASP-6448,S5N6,5,C2,2D,,mp-1419,66,JARVIS-DFT dft_3d/dft_2d
JVASP-6451,As2O3,4,P2_1,2D,,mp-1581,68,JARVIS-DFT dft_3d/dft_2d
JVASP-6454,As2O3,7,Pc,2D,,mp-1582,68,JARVIS-DFT dft_3d/dft_2d
JVASP-6472,HS7N,26,Pmc2_1,2D,,mp-24290,100,JARVIS-DFT dft_3d/dft_2d
JVASP-6478,S3N2Cl2,1,P1,2D,,mp-27699,42,JARVIS-DFT dft_3d/dft_2d
JVASP-6484,SNCl,6,Pm,2D,,mp-27952,54,JARVIS-DFT dft_3d/dft_2d
JVASP-6502,SiI3,26,Pmc2_1,2D,,mp-29109,128,JARVIS-DFT dft_3d/dft_2d
JVASP-6508,PdSCl,6,Pm,2D,,mp-30099,144,JARVIS-DFT dft_3d/dft_2d
JVASP-6514,NbI5,7,Pc,2D,,mp-31487,104,JARVIS-DFT dft_3d/dft_2d
JVASP-6517,GaN,187,P-6m2,2D,,mp-804,14,JARVIS-DFT dft_3d/dft_2d
JVASP-6520,P4Se5,7,Pc,2D,,mp-2447,144,JARVIS-DFT dft_3d/dft_2d
JVASP-6523,Sb2S3,11,P2_1/m,2D,,mp-2809,68,JARVIS-DFT dft_3d/dft_2d
JVASP-6526,Nb2CS2,164,P-3m1,2D,,mp-4384,44,JARVIS-DFT dft_3d/dft_2d
JVASP-6532,SbCl5,2,P-1,2D,,mp-23176,76,JARVIS-DFT dft_3d/dft_2d
JVASP-6535,BiSBr,11,P2_1/m,2D,,mp-23324,44,JARVIS-DFT dft_3d/dft_2d
JVASP-6544,SiH4,7,Pc,2D,,mp-23739,32,JARVIS-DFT dft_3d/dft_2d
JVASP-6631,CaN,164,P-3m1,2D,,mp-13146,36,JARVIS-DFT dft_3d/dft_2d
JVASP-6652,RbMnAs,129,P4/nmm,2D,,mp-20242,64,JARVIS-DFT dft_3d/dft_2d
JVASP-6664,CaMnSi,129,P4/nmm,2D,,mp-21096,64,JARVIS-DFT dft_3d/dft_2d
JVASP-6667,FeTe,129,P4/nmm,2D,,mp-21273,40,JARVIS-DFT dft_3d/dft_2d
JVASP-6676,RbMnP,129,P4/nmm,2D,,mp-21413,64,JARVIS-DFT dft_3d/dft_2d
JVASP-6742,FeCl3,162,P-31m,2D,,mp-23204,60,JARVIS-DFT dft_3d/dft_2d
JVASP-6754,TiCl2,164,P-3m1,2D,,mp-28116,24,JARVIS-DFT dft_3d/dft_2d
JVASP-6766,HfFeCl6,149,P312,2D,,mp-28220,60,JARVIS-DFT dft_3d/dft_2d
JVASP-6775,P3Se4I2,2,P-1,2D,,mp-28393,144,JARVIS-DFT dft_3d/dft_2d
JVASP-6796,Ta3SeI7,156,P3m1,2D,,mp-29116,100,JARVIS-DFT dft_3d/dft_2d
JVASP-6799,Ta3TeI7,156,P3m1,2D,,mp-29117,100,JARVIS-DFT dft_3d/dft_2d
JVASP-6808,SiH,164,P-3m1,2D,,mp-29803,20,JARVIS-DFT dft_3d/dft_2d
JVASP-6823,NbCl4,12,C2/m,2D,,mp-31040,144,JARVIS-DFT dft_3d/dft_2d
JVASP-6826,Bi2TeSe2,164,P-3m1,2D,,mp-31406,40,JARVIS-DFT dft_3d/dft_2d
JVASP-6829,CrBrO,59,Pmmn,2D,,mp-31725,52,JARVIS-DFT dft_3d/dft_2d
JVASP-6862,VS2,187,P-6m2,2D,,mp-1214,24,JARVIS-DFT dft_3d/dft_2d
JVASP-6877,GaSe,187,P-6m2,2D,,mp-1566,32,JARVIS-DFT dft_3d/dft_2d
JVASP-6880,CrSb2,164,P-3m1,2D,,mp-1641,28,JARVIS-DFT dft_3d/dft_2d
JVASP-6889,CrSe2,164,P-3m1,2D,,mp-2189,28,JARVIS-DFT dft_3d/dft_2d
JVASP-6922,MnO2,164,P-3m1,2D,,mp-25558,24,JARVIS-DFT dft_3d/dft_2d
JVASP-6943,CrCl3,12,C2/m,2D,,mp-27630,120,JARVIS-DFT dft_3d/dft_2d
JVASP-7024,Na4LiN2,191,P6/mmm,2D,,mp-7149,46,JARVIS-DFT dft_3d/dft_2d
JVASP-7079,ZnCu2SnSe4,82,I-4,3D,,,164,JARVIS-DFT dft_3d/dft_2d
JVASP-7632,CdSnSb2,122,I-42d,3D,44259,mp-10063,72,JARVIS-DFT dft_3d/dft_2d
JVASP-7636,NiHg,123,P4/mmm,3D,,mp-1008,60,JARVIS-DFT dft_3d/dft_2d
JVASP-7657,HfV2,227,Fd-3m,3D,"638977,280387,280388,280389,280390,638983,604028,638988,638991,638995,638996,638997,638985,638980,638982,104283,104284,638975",mp-1043,72,JARVIS-DFT dft_3d/dft_2d
JVASP-7674,ThTaN3,221,Pm-3m,3D,"247345,77661",mp-10732,42,JARVIS-DFT dft_3d/dft_2d
JVASP-7717,TiPt,221,Pm-3m,3D,105814,mp-11552,24,JARVIS-DFT dft_3d/dft_2d
JVASP-7736,TaRu,221,Pm-3m,3D,"650690,105996",mp-12110,24,JARVIS-DFT dft_3d/dft_2d
JVASP-7741,CaAgP,189,P-62m,3D,10016,mp-12277,96,JARVIS-DFT dft_3d/dft_2d
JVASP-7804,Se,152,P3_121,3D,"23068,23069,23070,23071,23072,23073,164261,164262,164263,164264,53801,164266,164267,164268,164269,164270,164271,40016,40018,22251,200685,164265",mp-14,24,JARVIS-DFT dft_3d/dft_2d
JVASP-7818,P,64,Cmce,3D,"169539,36441,27847,602907,98119,647886,654168,36432,36433,36434,36435,36436,36437,36438,36439,36440,150873,36442,600027,23836",mp-157,32,JARVIS-DFT dft_3d/dft_2d
JVASP-7822,CaCdGe,189,P-62m,3D,52750,mp-16258,96,JARVIS-DFT dft_3d/dft_2d
JVASP-7831,LiInGe,216,F-43m,3D,53650,mp-16343,18,JARVIS-DFT dft_3d/dft_2d
JVASP-7855,SnS,225,Fm-3m,3D,"52107,651015",mp-1876,14,JARVIS-DFT dft_3d/dft_2d
JVASP-7860,SnTe,225,Fm-3m,3D,"52489,604177,600865,600136,652741,652742,652744,652745,652746,652749,652750,652751,652752,652753,652754,652755,652756,652759,652760,652761,652763,601065,600813",mp-1883,16,JARVIS-DFT dft_3d/dft_2d
JVASP-7936,NdCuSb2,129,P4/nmm,3D,93155,mp-20020,88,JARVIS-DFT dft_3d/dft_2d
JVASP-7998,UO3,191,P6/mmm,3D,15568,mp-233,34,JARVIS-DFT dft_3d/dft_2d
JVASP-8026,UNi5,216,F-43m,3D,"647008,647001,260984,105437",mp-2838,76,JARVIS-DFT dft_3d/dft_2d
JVASP-8063,TlSbTe2,166,R-3m,3D,"651642,15411",mp-4573,32,JARVIS-DFT dft_3d/dft_2d
JVASP-8066,ZnSnSb2,122,I-42d,3D,"651586,651588,42669",mp-4756,84,JARVIS-DFT dft_3d/dft_2d
JVASP-8079,LuSb,225,Fm-3m,3D,"44920,642592,642588",mp-516,34,JARVIS-DFT dft_3d/dft_2d
JVASP-8091,CaAgAs,189,P-62m,3D,"10017,604730",mp-5615,96,JARVIS-DFT dft_3d/dft_2d
JVASP-8122,NaRuO2,166,R-3m,3D,170347,,32,JARVIS-DFT dft_3d/dft_2d
JVASP-8202,SrSn2As2,166,R-3m,3D,"82371,611428",mp-9379,44,JARVIS-DFT dft_3d/dft_2d
JVASP-8272,CaSn2N2,115,P-4m2,3D,,,40,JARVIS-DFT dft_3d/dft_2d
JVASP-8366,Ca3SbN,221,Pm-3m,3D,,,50,JARVIS-DFT dft_3d/dft_2d
JVASP-8367,Ca3BiN,221,Pm-3m,3D,,,50,JARVIS-DFT dft_3d/dft_2d
JVASP-8385,YCoF5,71,Immm,3D,,,54,JARVIS-DFT dft_3d/dft_2d
JVASP-8441,PbO2,136,P4_2/mnm,3D,"43460,34234,23292,56002,647262",mp-20725,40,JARVIS-DFT dft_3d/dft_2d
JVASP-8448,Nd3PbC,221,Pm-3m,3D,77225,mp-20808,64,JARVIS-DFT dft_3d/dft_2d
JVASP-8455,CaHgPb,194,P6_3/mmc,3D,106345,mp-20879,76,JARVIS-DFT dft_3d/dft_2d
JVASP-8538,CeNiSb2,129,P4/nmm,3D,"621640,84529",mp-22539,108,JARVIS-DFT dft_3d/dft_2d
JVASP-8659,Rb2SnI6,225,Fm-3m,3D,22104,mp-27635,80,JARVIS-DFT dft_3d/dft_2d
JVASP-8660,Cs2SnI6,225,Fm-3m,3D,22105,mp-27636,80,JARVIS-DFT dft_3d/dft_2d
JVASP-8726,Li5Sn2,166,R-3m,3D,104783,mp-30766,26,JARVIS-DFT dft_3d/dft_2d
JVASP-8749,Sm2GeRh3,166,R-3m,3D,54771,mp-31402,76,JARVIS-DFT dft_3d/dft_2d
JVASP-8751,Sb2Te4Pb,166,R-3m,3D,250250,mp-31507,56,JARVIS-DFT dft_3d/dft_2d
JVASP-8879,VCl2,164,P-3m1,2D,,mp-22877,24,JARVIS-DFT dft_3d/dft_2d
JVASP-9080,HfTe5,63,Cmcm,3D,"15051,85508,85509",mp-1168,104,JARVIS-DFT dft_3d/dft_2d
JVASP-9160,Th3Sb4,220,I-43d,3D,"651662,16655",mp-552,136,JARVIS-DFT dft_3d/dft_2d
JVASP-9955,ZnMo2O4,63,Cmcm,3D,,,132,JARVIS-DFT dft_3d/dft_2d
JVASP-10117,NaCdAs,62,Pnma,3D,9571,mp-7378,112,JARVIS-DFT dft_3d/dft_2d
JVASP-10173,SbTe,164,P-3m1,3D,20459,mp-7716,96,JARVIS-DFT dft_3d/dft_2d
JVASP-10484,Ba2SrIrO6,225,Fm-3m,3D,74030,mp-9115,84,JARVIS-DFT dft_3d/dft_2d
JVASP-10637,BiO2,160,R3m,3D,,,80,JARVIS-DFT dft_3d/dft_2d
JVASP-10703,Cd3As2,224,Pn-3m,3D,56167,mp-10762,104,JARVIS-DFT dft_3d/dft_2d
JVASP-10740,TiS2,227,Fd-3m,3D,,,96,JARVIS-DFT dft_3d/dft_2d
JVASP-11005,MgPd2,62,Pnma,3D,150227,mp-12741,128,JARVIS-DFT dft_3d/dft_2d
JVASP-11397,SrMgGe,62,Pnma,3D,42458,mp-15643,112,JARVIS-DFT dft_3d/dft_2d
JVASP-11985,MgRe3,225,Fm-3m,3D,,mp-977283,44,JARVIS-DFT dft_3d/dft_2d
JVASP-12001,InBi,129,P4/nmm,3D,"616705,616707,150595,1252,1253,1254,1255,602728,602739,602738,1251,602740,106325,107640,107641,107642,58790,616703",mp-23313,32,JARVIS-DFT dft_3d/dft_2d
JVASP-12018,SrSbSe2F,129,P4/nmm,3D,171430,mp-556194,84,JARVIS-DFT dft_3d/dft_2d
JVASP-12036,CuSe,129,P4/nmm,3D,162904,mp-580226,40,JARVIS-DFT dft_3d/dft_2d
JVASP-12058,Si3H,164,P-3m1,3D,,mp-995193,52,JARVIS-DFT dft_3d/dft_2d
JVASP-12059,CuHO2,31,Pmn2_1,3D,,mp-996956,52,JARVIS-DFT dft_3d/dft_2d
JVASP-12060,CuBrO2,20,C222_1,3D,,mp-997011,64,JARVIS-DFT dft_3d/dft_2d
JVASP-12069,Zr2Te2P,166,R-3m,3D,420650,mp-16765,48,JARVIS-DFT dft_3d/dft_2d
JVASP-12101,ZrGeTe,129,P4/nmm,3D,"25740,15575",mp-3208,56,JARVIS-DFT dft_3d/dft_2d
JVASP-12137,Bi2Pt,164,P-3m1,3D,,mp-569581,84,JARVIS-DFT dft_3d/dft_2d
JVASP-12178,Li2WS4,111,P-42m,3D,,mp-867695,40,JARVIS-DFT dft_3d/dft_2d
JVASP-12183,VBr2,164,P-3m1,3D,246906,mp-971787,28,JARVIS-DFT dft_3d/dft_2d
JVASP-12309,Sn7Ir5,107,I4mm,3D,76912,mp-20466,116,JARVIS-DFT dft_3d/dft_2d
JVASP-12369,Ba2Pb,62,Pnma,3D,"416561,58666",mp-21246,128,JARVIS-DFT dft_3d/dft_2d
JVASP-12395,Ba2LuCu3O6,123,P4/mmm,3D,"98113,98114",mp-21868,122,JARVIS-DFT dft_3d/dft_2d
JVASP-12471,CuBiS2,62,Pnma,3D,"34936,38779,171052,85134",mp-22982,128,JARVIS-DFT dft_3d/dft_2d
JVASP-12475,Bi4Te7Pb,164,P-3m1,3D,"250249,42707,42753",mp-23005,96,JARVIS-DFT dft_3d/dft_2d
JVASP-12508,Th3Bi4,220,I-43d,3D,"617222,58862",mp-23270,136,JARVIS-DFT dft_3d/dft_2d
JVASP-12547,KBa4Bi3O,140,I4/mcm,3D,"170743,409487",mp-23571,180,JARVIS-DFT dft_3d/dft_2d
JVASP-12648,MnSnB2O6,148,R-3,3D,79165,mp-25012,72,JARVIS-DFT dft_3d/dft_2d
JVASP-12781,ZrAs2,62,Pnma,3D,"168665,20292",mp-27606,112,JARVIS-DFT dft_3d/dft_2d
JVASP-12980,BiTePd,198,P2_13,3D,"616961,70060",mp-29011,112,JARVIS-DFT dft_3d/dft_2d
JVASP-13042,GeSb4Te7,164,P-3m1,3D,42875,mp-29641,96,JARVIS-DFT dft_3d/dft_2d
JVASP-13043,GeBi4Te7,164,P-3m1,3D,42891,mp-29644,96,JARVIS-DFT dft_3d/dft_2d
JVASP-13124,Sr2Pb,62,Pnma,3D,105624,mp-30828,128,JARVIS-DFT dft_3d/dft_2d
JVASP-13536,SbTe,164,P-3m1,2D,,mp-7716,96,JARVIS-DFT dft_3d/dft_2d
JVASP-13539,Sb,191,P6/mmm,2D,,mp-80,8,JARVIS-DFT dft_3d/dft_2d
JVASP-13544,As2Se3,31,Pmn2_1,2D,,mp-909,80,JARVIS-DFT dft_3d/dft_2d
JVASP-13546,VBr2,164,P-3m1,2D,,mp-971787,28,JARVIS-DFT dft_3d/dft_2d
JVASP-13550,SiAs3,191,P6/mmm,2D,,mp-978567,32,JARVIS-DFT dft_3d/dft_2d
JVASP-13576,FeBr2,164,P-3m1,2D,,mp-22880,28,JARVIS-DFT dft_3d/dft_2d
JVASP-13588,ScHCl,164,P-3m1,2D,,mp-24081,40,JARVIS-DFT dft_3d/dft_2d
JVASP-13589,CaHI,129,P4/nmm,2D,,mp-24204,44,JARVIS-DFT dft_3d/dft_2d
JVASP-13590,CaHBr,129,P4/nmm,2D,,mp-24422,44,JARVIS-DFT dft_3d/dft_2d
JVASP-13596,AuSe,10,P2/m,2D,,mp-2793,40,JARVIS-DFT dft_3d/dft_2d
JVASP-13597,W2N,164,P-3m1,2D,,mp-27943,30,JARVIS-DFT dft_3d/dft_2d
JVASP-13598,SmBr3,59,Pmmn,2D,,mp-27976,80,JARVIS-DFT dft_3d/dft_2d
JVASP-13600,ZrFeCl6,149,P312,2D,,mp-28208,60,JARVIS-DFT dft_3d/dft_2d
JVASP-13602,PtI2,14,P2_1/c,2D,,mp-28319,112,JARVIS-DFT dft_3d/dft_2d
JVASP-13611,PI2,2,P-1,2D,,mp-29443,48,JARVIS-DFT dft_3d/dft_2d
JVASP-13616,AsCl5,25,Pmm2,2D,,mp-30106,38,JARVIS-DFT dft_3d/dft_2d
JVASP-13623,ZrGeTe,129,P4/nmm,2D,,mp-3208,56,JARVIS-DFT dft_3d/dft_2d
JVASP-13624,Ni2SbTe2,187,P-6m2,2D,,mp-3250,48,JARVIS-DFT dft_3d/dft_2d
JVASP-13628,FeS,129,P4/nmm,2D,,mp-505531,36,JARVIS-DFT dft_3d/dft_2d
JVASP-13632,TiCl3,162,P-31m,2D,,mp-567354,60,JARVIS-DFT dft_3d/dft_2d
JVASP-13636,Nb2CS2,164,P-3m1,2D,,mp-5745,44,JARVIS-DFT dft_3d/dft_2d
JVASP-13733,TlPt,191,P6/mmm,3D,105819,mp-11553,60,JARVIS-DFT dft_3d/dft_2d
JVASP-13736,SrSbAu,194,P6_3/mmc,3D,106292,mp-11815,64,JARVIS-DFT dft_3d/dft_2d
JVASP-13822,WCl4O,79,I4,3D,25519,mp-32541,42,JARVIS-DFT dft_3d/dft_2d
JVASP-13835,YN,194,P6_3/mmc,3D,"161078,161079",mp-6913,36,JARVIS-DFT dft_3d/dft_2d
JVASP-13856,GaSe,160,R3m,3D,73388,mp-11342,32,JARVIS-DFT dft_3d/dft_2d
JVASP-13951,BaAgBi,194,P6_3/mmc,3D,56978,mp-30332,64,JARVIS-DFT dft_3d/dft_2d
JVASP-13955,Bi2TeSe2,166,R-3m,3D,54838,mp-31406,40,JARVIS-DFT dft_3d/dft_2d
JVASP-13968,TaGe2,180,P6_222,3D,"16504,637963,637957",mp-7558,84,JARVIS-DFT dft_3d/dft_2d
JVASP-13985,AlAs,194,P6_3/mmc,3D,56967,mp-11209,32,JARVIS-DFT dft_3d/dft_2d
JVASP-14006,Li2NdSb2,129,P4/nmm,3D,36020,mp-20106,72,JARVIS-DFT dft_3d/dft_2d
JVASP-14201,Ta2InC,194,P6_3/mmc,3D,"163522,163523,163509",mp-22144,80,JARVIS-DFT dft_3d/dft_2d
JVASP-14224,RbTe6,15,C2/c,3D,74837,mp-28878,120,JARVIS-DFT dft_3d/dft_2d
JVASP-14316,Ag3Sb,25,Pmm2,3D,"64716,38820",mp-2273,44,JARVIS-DFT dft_3d/dft_2d
JVASP-14383,InPd3,221,Pm-3m,3D,"59476,247190,247191,247192,247193,247196,247197",mp-31337,44,JARVIS-DFT dft_3d/dft_2d
JVASP-14395,Hf2SnC,194,P6_3/mmc,3D,"161072,161073,161074,618052",mp-4893,80,JARVIS-DFT dft_3d/dft_2d
JVASP-14417,AgI,129,P4/nmm,2D,,mp-567809,40,JARVIS-DFT dft_3d/dft_2d
JVASP-14419,CoI2,164,P-3m1,2D,,mp-569610,28,JARVIS-DFT dft_3d/dft_2d
JVASP-14420,NbSe2Br2,12,C2/m,2D,,mp-569623,176,JARVIS-DFT dft_3d/dft_2d
JVASP-14427,YI3,162,P-31m,2D,,mp-571442,72,JARVIS-DFT dft_3d/dft_2d
JVASP-14431,MnSe,129,P4/nmm,2D,,mp-604910,40,JARVIS-DFT dft_3d/dft_2d
JVASP-14432,AlHO2,11,P2_1/m,2D,,mp-625055,44,JARVIS-DFT dft_3d/dft_2d
JVASP-14445,BiOF,164,P-3m1,2D,,mp-759883,40,JARVIS-DFT dft_3d/dft_2d
JVASP-14456,CoO2,191,P6/mmm,2D,,,24,JARVIS-DFT dft_3d/dft_2d
JVASP-14458,TeO3,187,P-6m2,2D,,,26,JARVIS-DFT dft_3d/dft_2d
JVASP-14460,Cr3O8,164,P-3m1,2D,,,84,JARVIS-DFT dft_3d/dft_2d
JVASP-14487,NdC2,139,I4/mmm,3D,"17024,618528,56164,618533,618534,63560,602767,618522,618526",mp-2297,32,JARVIS-DFT dft_3d/dft_2d
JVASP-14507,Mg2Sn,225,Fm-3m,3D,"151362,104869,104870,642855,151368,181765,150957,642850,151388,158181",mp-2343,24,JARVIS-DFT dft_3d/dft_2d
JVASP-14514,SmAl2,227,Fd-3m,3D,"609376,609382,609385,609388,58161,659101",mp-2358,64,JARVIS-DFT dft_3d/dft_2d
JVASP-14517,HfMo2,227,Fd-3m,3D,"638607,638612,104216,104217,638619,638621",mp-2363,72,JARVIS-DFT dft_3d/dft_2d
JVASP-14563,DyPt3,221,Pm-3m,3D,"630121,630124,103356,630125,103357",mp-2465,52,JARVIS-DFT dft_3d/dft_2d
JVASP-14566,DyS,225,Fm-3m,3D,"53377,630186,630204,57239",mp-2470,22,JARVIS-DFT dft_3d/dft_2d
JVASP-14574,ErSe,225,Fm-3m,3D,"53418,600371,631110,631118,631103",mp-2491,24,JARVIS-DFT dft_3d/dft_2d
JVASP-14601,Sn,227,Fd-3m,3D,"70128,76040,53789,40039",mp-117,16,JARVIS-DFT dft_3d/dft_2d
JVASP-14603,As,166,R-3m,3D,"53794,16516,16517,16518,609831,158473,162835,162837,162838,162839",mp-11,16,JARVIS-DFT dft_3d/dft_2d
JVASP-14604,Ba,229,Im-3m,3D,"56132,44719,94258,44406,77367,108091,76156,615774",mp-122,12,JARVIS-DFT dft_3d/dft_2d
JVASP-14606,Ag,225,Fm-3m,3D,"53760,52257,64706,44387,64996,64997,52545,64994,180878,180879,181730,53762,64995,53761,604629,604630,604631,604632,604635,77917,53759",mp-124,12,JARVIS-DFT dft_3d/dft_2d
JVASP-14612,Zr,194,P6_3/mmc,3D,"76042,76143,43700,653525,653529,53785,76154,653531,164572",mp-131,24,JARVIS-DFT dft_3d/dft_2d
JVASP-14622,Ga,64,Cmce,3D,"109032,52271,151376,654170,634203,43388,634202",mp-142,32,JARVIS-DFT dft_3d/dft_2d
JVASP-14644,Pd,225,Fm-3m,3D,"648673,648674,648675,648677,180870,648679,648680,180871,41517,64914,64915,64916,64918,64920,76148,64922,52251,77885",mp-2,12,JARVIS-DFT dft_3d/dft_2d
JVASP-14665,SmTe,225,Fm-3m,3D,"652674,44132,52485,652652,652657,652661",mp-342,24,JARVIS-DFT dft_3d/dft_2d
JVASP-14698,NdAl2,227,Fd-3m,3D,"602442,58027,58031,58032,608756,608757,608746",mp-400,64,JARVIS-DFT dft_3d/dft_2d
JVASP-14725,U,63,Cmcm,3D,"653376,160449,44475,168169,43339,43340,43341,173998,653370,654164,182486,16056,16057,16058,43419,106204,106205",mp-44,32,JARVIS-DFT dft_3d/dft_2d
JVASP-14738,ScPt3,221,Pm-3m,3D,"649584,105786,105787,649582",mp-481,48,JARVIS-DFT dft_3d/dft_2d
JVASP-14812,Sm,194,P6_3/mmc,3D,"652632,52482,652637",mp-69,64,JARVIS-DFT dft_3d/dft_2d
JVASP-14822,Tl,194,P6_3/mmc,3D,"653316,653319,104200,77372,653323,52525,151377,44508",mp-82,16,JARVIS-DFT dft_3d/dft_2d
JVASP-14837,V,229,Im-3m,3D,"53792,44322,43619,260470,43718,76167,44873,76269,60614,151408,653394,653395,62131,653398,653399,52537,171003,43420,44509",mp-146,12,JARVIS-DFT dft_3d/dft_2d
JVASP-14881,LaN,225,Fm-3m,3D,"641472,641473,45159,44684,169197,162193,641471,641462,641463,641464,641465,641466,641467,169212,641470,76479",mp-256,32,JARVIS-DFT dft_3d/dft_2d
JVASP-14900,NiMoP,189,P-62m,3D,1133,mp-7632,96,JARVIS-DFT dft_3d/dft_2d
JVASP-14958,SeS,225,Fm-3m,3D,"62195,62196",mp-2559,14,JARVIS-DFT dft_3d/dft_2d
JVASP-14987,DyAs,225,Fm-3m,3D,"610371,610374,610373,43638",mp-2627,24,JARVIS-DFT dft_3d/dft_2d
JVASP-14991,YSe,225,Fm-3m,3D,"652176,652182,44974,106047",mp-2637,20,JARVIS-DFT dft_3d/dft_2d
JVASP-14993,TbAs,225,Fm-3m,3D,"611464,43601,611462,44070,611463",mp-2640,24,JARVIS-DFT dft_3d/dft_2d
JVASP-15003,Nb3Pt,223,Pm-3n,3D,"645216,645218,645224,645226,645227,645228,645231,105203,645236",mp-2663,96,JARVIS-DFT dft_3d/dft_2d
JVASP-15011,TaBe2,227,Fd-3m,3D,"58739,616428",mp-2676,56,JARVIS-DFT dft_3d/dft_2d
JVASP-15028,NdPt2,227,Fd-3m,3D,"645729,105279",mp-2720,80,JARVIS-DFT dft_3d/dft_2d
JVASP-15030,IrO2,136,P4_2/mnm,3D,"84577,640887,81028,56009",mp-2723,48,JARVIS-DFT dft_3d/dft_2d
JVASP-15031,TbSb,225,Fm-3m,3D,"651619,651620,52333,43602,43636,52437,651607,601433,651610",mp-2724,24,JARVIS-DFT dft_3d/dft_2d
JVASP-15040,LiPd,187,P-6m2,3D,"104770,104771,659883",mp-2744,14,JARVIS-DFT dft_3d/dft_2d
JVASP-15072,NdP,225,Fm-3m,3D,"645680,645681,76597,645678,645677",mp-2823,24,JARVIS-DFT dft_3d/dft_2d
JVASP-15130,TbCo3B2,191,P6/mmm,3D,"246508,246509,246510,246511,246512,44182,87163,613343",mp-3040,68,JARVIS-DFT dft_3d/dft_2d
JVASP-15156,DyBRh3,221,Pm-3m,3D,"44211,613676",mp-3183,60,JARVIS-DFT dft_3d/dft_2d
JVASP-15164,ZrGeTe,129,P4/nmm,3D,"25740,15575",mp-3208,56,JARVIS-DFT dft_3d/dft_2d
JVASP-15206,YSi2Rh2,139,I4/mmm,3D,"650352,602257,650354",mp-3441,52,JARVIS-DFT dft_3d/dft_2d
JVASP-15215,MgAgAs,216,F-43m,3D,"43819,655132",mp-3477,28,JARVIS-DFT dft_3d/dft_2d
JVASP-15227,Ge2Sb2Te5,164,P-3m1,3D,"42876,637823",mp-3534,72,JARVIS-DFT dft_3d/dft_2d
JVASP-15230,KTeAu,194,P6_3/mmc,3D,"655856,71651",mp-3553,64,JARVIS-DFT dft_3d/dft_2d
JVASP-15242,NdBRh3,221,Pm-3m,3D,"44464,614955",mp-3591,60,JARVIS-DFT dft_3d/dft_2d
JVASP-15265,ErBRh3,221,Pm-3m,3D,"613804,44237,613807",mp-3769,60,JARVIS-DFT dft_3d/dft_2d
JVASP-15278,TbBRh3,221,Pm-3m,3D,"615320,44565",mp-3869,60,JARVIS-DFT dft_3d/dft_2d
JVASP-15344,NaZnSb,129,P4/nmm,3D,"12154,160957,645023",mp-4247,68,JARVIS-DFT dft_3d/dft_2d
JVASP-15356,SmSnAu,186,P6_3mc,3D,"416418,245763",mp-4304,72,JARVIS-DFT dft_3d/dft_2d
JVASP-15470,Hf2SnC,194,P6_3/mmc,3D,"161072,161073,161074,618052",mp-4893,80,JARVIS-DFT dft_3d/dft_2d
JVASP-15490,LuInCu2,225,Fm-3m,3D,"102992,102993",mp-4972,58,JARVIS-DFT dft_3d/dft_2d
JVASP-15506,TaSiAs,129,P4/nmm,3D,"42355,659470",mp-5031,56,JARVIS-DFT dft_3d/dft_2d
JVASP-15523,Zr2SbP,194,P6_3/mmc,3D,"77797,153678",mp-5137,80,JARVIS-DFT dft_3d/dft_2d
JVASP-15536,LuSnAu,216,F-43m,3D,"415825,245756,58537",mp-5177,46,JARVIS-DFT dft_3d/dft_2d
JVASP-15572,LiGa2Ir,225,Fm-3m,3D,"106709,107093",mp-5419,30,JARVIS-DFT dft_3d/dft_2d
JVASP-15599,NdCo2B2,139,I4/mmm,3D,"44168,613196,613182",mp-5553,56,JARVIS-DFT dft_3d/dft_2d
JVASP-15653,CaCuSb,194,P6_3/mmc,3D,"42137,659589",mp-5910,64,JARVIS-DFT dft_3d/dft_2d
JVASP-15705,SrAgAs,194,P6_3/mmc,3D,49742,mp-6954,64,JARVIS-DFT dft_3d/dft_2d
JVASP-15708,TlSb,221,Pm-3m,3D,60381,mp-6958,16,JARVIS-DFT dft_3d/dft_2d
JVASP-15717,Ta,225,Fm-3m,3D,"41520,648970",mp-6986,12,JARVIS-DFT dft_3d/dft_2d
JVASP-15721,Sb2Te,164,P-3m1,3D,69557,mp-6997,72,JARVIS-DFT dft_3d/dft_2d
JVASP-15725,RbTeAu,194,P6_3/mmc,3D,75026,mp-7025,64,JARVIS-DFT dft_3d/dft_2d
JVASP-15765,SmRh3C,221,Pm-3m,3D,77386,mp-7167,60,JARVIS-DFT dft_3d/dft_2d
JVASP-15799,Li3Tl,225,Fm-3m,3D,10052,mp-7396,14,JARVIS-DFT dft_3d/dft_2d
JVASP-15801,KHgAs,194,P6_3/mmc,3D,10458,mp-7420,76,JARVIS-DFT dft_3d/dft_2d
JVASP-15807,SrZn2Sb2,164,P-3m1,3D,12152,mp-7431,64,JARVIS-DFT dft_3d/dft_2d
JVASP-15826,LiMgSnAu,216,F-43m,3D,16477,mp-7554,30,JARVIS-DFT dft_3d/dft_2d
JVASP-15830,WS2,122,I-42d,3D,,,48,JARVIS-DFT dft_3d/dft_2d
JVASP-15837,Hf2S,194,P6_3/mmc,3D,43203,mp-10000,60,JARVIS-DFT dft_3d/dft_2d
JVASP-15855,Er3AlC,221,Pm-3m,3D,606192,mp-10038,64,JARVIS-DFT dft_3d/dft_2d
JVASP-15858,Tb3AlC,221,Pm-3m,3D,606265,mp-10041,64,JARVIS-DFT dft_3d/dft_2d
JVASP-15884,ScBIr3,221,Pm-3m,3D,44423,mp-10113,56,JARVIS-DFT dft_3d/dft_2d
JVASP-15910,LiMgSbPd,216,F-43m,3D,44808,mp-10179,30,JARVIS-DFT dft_3d/dft_2d
JVASP-15921,LuSbPt,216,F-43m,3D,44916,mp-10194,46,JARVIS-DFT dft_3d/dft_2d
JVASP-15923,Ta2N,164,P-3m1,3D,76015,mp-10196,30,JARVIS-DFT dft_3d/dft_2d
JVASP-15952,Er3GaC,221,Pm-3m,3D,76818,mp-10274,64,JARVIS-DFT dft_3d/dft_2d
JVASP-15966,HfSbRh,216,F-43m,3D,53036,mp-10367,32,JARVIS-DFT dft_3d/dft_2d
JVASP-15996,PtO,131,P4_2/mmc,3D,"164290,26599",mp-7947,36,JARVIS-DFT dft_3d/dft_2d
JVASP-15997,ReSi,198,P2_13,3D,26616,mp-7948,80,JARVIS-DFT dft_3d/dft_2d
JVASP-15998,Sr3SnO,221,Pm-3m,3D,"181088,201036",mp-7961,50,JARVIS-DFT dft_3d/dft_2d
JVASP-16001,K2RhF6,164,P-3m1,3D,28779,mp-8018,72,JARVIS-DFT dft_3d/dft_2d
JVASP-16008,TaSnO3,221,Pm-3m,3D,27118,mp-8074,38,JARVIS-DFT dft_3d/dft_2d
JVASP-16027,BaCd2Sb2,164,P-3m1,3D,32021,mp-8150,52,JARVIS-DFT dft_3d/dft_2d
JVASP-16039,Ta5As4,87,I4/m,3D,"36525,611453",mp-8312,92,JARVIS-DFT dft_3d/dft_2d
JVASP-16055,SrAsPt,194,P6_3/mmc,3D,59187,mp-8456,64,JARVIS-DFT dft_3d/dft_2d
JVASP-16077,Te4Pt3,166,R-3m,3D,41372,mp-8628,68,JARVIS-DFT dft_3d/dft_2d
JVASP-16082,Nb,225,Fm-3m,3D,41512,mp-8636,12,JARVIS-DFT dft_3d/dft_2d
JVASP-16087,W,225,Fm-3m,3D,"167904,41521",mp-8641,12,JARVIS-DFT dft_3d/dft_2d
JVASP-16116,ScSiAu,187,P-6m2,3D,71998,mp-9023,64,JARVIS-DFT dft_3d/dft_2d
JVASP-16125,ThSiAu,187,P-6m2,3D,75032,mp-9164,32,JARVIS-DFT dft_3d/dft_2d
JVASP-16134,NaTeAu,194,P6_3/mmc,3D,71650,mp-9264,56,JARVIS-DFT dft_3d/dft_2d
JVASP-16167,NbSnS2,194,P6_3/mmc,3D,100389,mp-9586,64,JARVIS-DFT dft_3d/dft_2d
JVASP-16206,GeSb,225,Fm-3m,3D,42472,mp-9935,16,JARVIS-DFT dft_3d/dft_2d
JVASP-16219,Y3TlC,221,Pm-3m,3D,42923,mp-9960,52,JARVIS-DFT dft_3d/dft_2d
JVASP-16235,NiB2Mo2,71,Immm,3D,"43192,614823",mp-9999,52,JARVIS-DFT dft_3d/dft_2d
JVASP-16256,Ca3TlN,221,Pm-3m,3D,411448,mp-10554,50,JARVIS-DFT dft_3d/dft_2d
JVASP-16264,Y3GaC,221,Pm-3m,3D,56396,mp-10601,52,JARVIS-DFT dft_3d/dft_2d
JVASP-16265,Sm3GaC,221,Pm-3m,3D,56397,mp-10602,64,JARVIS-DFT dft_3d/dft_2d
JVASP-16266,Sm3TlC,221,Pm-3m,3D,56403,mp-10606,64,JARVIS-DFT dft_3d/dft_2d
JVASP-16288,TlSe,221,Pm-3m,3D,52446,mp-10647,16,JARVIS-DFT dft_3d/dft_2d
JVASP-16299,Sm3AlN,221,Pm-3m,3D,52640,mp-10674,62,JARVIS-DFT dft_3d/dft_2d
JVASP-16304,B2Au,191,P6/mmm,3D,52699,mp-10681,28,JARVIS-DFT dft_3d/dft_2d
JVASP-16307,CdCuSb,216,F-43m,3D,619779,mp-10685,32,JARVIS-DFT dft_3d/dft_2d
JVASP-16321,ScRh3C,221,Pm-3m,3D,77385,mp-10712,56,JARVIS-DFT dft_3d/dft_2d
JVASP-16333,Dy,229,Im-3m,3D,53358,mp-10751,16,JARVIS-DFT dft_3d/dft_2d
JVASP-16335,Er,229,Im-3m,3D,53388,mp-10753,16,JARVIS-DFT dft_3d/dft_2d
JVASP-16376,AlPt,221,Pm-3m,3D,58128,mp-10903,20,JARVIS-DFT dft_3d/dft_2d
JVASP-16377,AlPt,198,P2_13,3D,"58129,609146,609140",mp-10904,80,JARVIS-DFT dft_3d/dft_2d
JVASP-16379,ZrAlPt2,194,P6_3/mmc,3D,"58139,609167",mp-10906,88,JARVIS-DFT dft_3d/dft_2d
JVASP-16405,SmMgGa,189,P-62m,3D,413286,mp-11157,96,JARVIS-DFT dft_3d/dft_2d
JVASP-16408,LiIrF6,148,R-3,3D,"95777,165207",mp-11172,50,JARVIS-DFT dft_3d/dft_2d
JVASP-16409,K2IrF6,164,P-3m1,3D,95779,mp-11174,72,JARVIS-DFT dft_3d/dft_2d
JVASP-16418,Y6FeSb2,189,P-62m,3D,96248,mp-11202,100,JARVIS-DFT dft_3d/dft_2d
JVASP-16419,Lu6FeSb2,189,P-62m,3D,96249,mp-11203,184,JARVIS-DFT dft_3d/dft_2d
JVASP-16436,SmMg2Ag,225,Fm-3m,3D,58330,mp-11235,44,JARVIS-DFT dft_3d/dft_2d
JVASP-16438,ScAg,221,Pm-3m,3D,58348,mp-11237,24,JARVIS-DFT dft_3d/dft_2d
JVASP-16442,DyPbAu,216,F-43m,3D,58443,mp-11242,36,JARVIS-DFT dft_3d/dft_2d
JVASP-16446,LiAu3,221,Pm-3m,3D,58525,mp-11248,38,JARVIS-DFT dft_3d/dft_2d
JVASP-16450,ScAu,221,Pm-3m,3D,58582,mp-11256,24,JARVIS-DFT dft_3d/dft_2d
JVASP-16452,YAu,221,Pm-3m,3D,58617,mp-11261,24,JARVIS-DFT dft_3d/dft_2d
JVASP-16478,Li2CdPb,225,Fm-3m,3D,102016,mp-11305,24,JARVIS-DFT dft_3d/dft_2d
JVASP-16490,W,223,Pm-3n,3D,52344,mp-11334,96,JARVIS-DFT dft_3d/dft_2d
JVASP-16525,GaPt3,221,Pm-3m,3D,103922,mp-11407,44,JARVIS-DFT dft_3d/dft_2d
JVASP-16547,KHg,2,P-1,3D,104302,mp-11462,120,JARVIS-DFT dft_3d/dft_2d
JVASP-16573,LuPb3,221,Pm-3m,3D,104812,mp-11494,50,JARVIS-DFT dft_3d/dft_2d
JVASP-16583,LiAl2Ir,225,Fm-3m,3D,105155,mp-11512,30,JARVIS-DFT dft_3d/dft_2d
JVASP-16591,Ni3Sn,221,Pm-3m,3D,"105353,181127",mp-11522,44,JARVIS-DFT dft_3d/dft_2d
JVASP-16593,TlNi,194,P6_3/mmc,3D,105427,mp-11524,40,JARVIS-DFT dft_3d/dft_2d
JVASP-16604,PtO,225,Fm-3m,3D,105543,mp-11540,18,JARVIS-DFT dft_3d/dft_2d
JVASP-16605,ZrOs,221,Pm-3m,3D,105580,mp-11541,24,JARVIS-DFT dft_3d/dft_2d
JVASP-16640,TePt,166,R-3m,3D,"41370,41383",mp-11693,40,JARVIS-DFT dft_3d/dft_2d
JVASP-16648,Sc6Te2Os,189,P-62m,3D,98972,mp-11754,100,JARVIS-DFT dft_3d/dft_2d
JVASP-16662,SrSbAu,194,P6_3/mmc,3D,106292,mp-11815,64,JARVIS-DFT dft_3d/dft_2d
JVASP-16693,SmMgTl,189,P-62m,3D,414441,mp-11987,96,JARVIS-DFT dft_3d/dft_2d
JVASP-16703,DySbPd,186,P6_3mc,3D,415945,mp-12041,72,JARVIS-DFT dft_3d/dft_2d
JVASP-16728,DySi2Os2,139,I4/mmm,3D,630053,mp-12088,56,JARVIS-DFT dft_3d/dft_2d
JVASP-16738,TiPt3,221,Pm-3m,3D,649771,mp-12107,48,JARVIS-DFT dft_3d/dft_2d
JVASP-16762,Al2W,181,P6_422,3D,173662,mp-12524,84,JARVIS-DFT dft_3d/dft_2d
JVASP-16767,AlCuPt2,123,P4/mmm,3D,107788,mp-12550,44,JARVIS-DFT dft_3d/dft_2d
JVASP-16771,TaAs2,12,C2/m,3D,44069,mp-12561,56,JARVIS-DFT dft_3d/dft_2d
JVASP-16775,HfBeSi,194,P6_3/mmc,3D,108103,mp-12571,56,JARVIS-DFT dft_3d/dft_2d
JVASP-16776,CaPd3C,221,Pm-3m,3D,108128,mp-12572,56,JARVIS-DFT dft_3d/dft_2d
JVASP-16786,TaP,141,I4_1/amd,3D,108656,mp-12597,40,JARVIS-DFT dft_3d/dft_2d
JVASP-16797,TiAu4,87,I4/m,3D,"612411,109132",mp-12635,60,JARVIS-DFT dft_3d/dft_2d
JVASP-16859,ZnCu2GeTe4,121,I-42m,3D,152751,mp-12854,82,JARVIS-DFT dft_3d/dft_2d
JVASP-16868,Hf5Te4,87,I4/m,3D,154358,mp-12884,92,JARVIS-DFT dft_3d/dft_2d
JVASP-16879,ZrGaAu,187,P-6m2,3D,156264,mp-12951,64,JARVIS-DFT dft_3d/dft_2d
JVASP-16880,HfGaAu,187,P-6m2,3D,156265,mp-12952,64,JARVIS-DFT dft_3d/dft_2d
JVASP-16883,Zr6Sb2Pt,189,P-62m,3D,157366,mp-12972,100,JARVIS-DFT dft_3d/dft_2d
JVASP-16886,ScAs,221,Pm-3m,3D,"157506,164628",mp-12982,20,JARVIS-DFT dft_3d/dft_2d
JVASP-16929,BiN,221,Pm-3m,3D,,,14,JARVIS-DFT dft_3d/dft_2d
JVASP-17193,PtN,194,P6_3/mmc,3D,163863,mp-13173,36,JARVIS-DFT dft_3d/dft_2d
JVASP-17195,PtN,225,Fm-3m,3D,"163865,167865",mp-13175,18,JARVIS-DFT dft_3d/dft_2d
JVASP-17212,ErSnAu,186,P6_3mc,3D,245759,mp-13303,72,JARVIS-DFT dft_3d/dft_2d
JVASP-17216,LiGeRh2,225,Fm-3m,3D,417739,mp-13322,34,JARVIS-DFT dft_3d/dft_2d
JVASP-17265,BaIrF6,148,R-3,3D,240981,mp-13545,60,JARVIS-DFT dft_3d/dft_2d
JVASP-17278,HfSiSe,129,P4/nmm,3D,25736,mp-13962,56,JARVIS-DFT dft_3d/dft_2d
JVASP-17289,LiYGe,189,P-62m,3D,32029,mp-14209,66,JARVIS-DFT dft_3d/dft_2d
JVASP-17303,CdRhF6,148,R-3,3D,42162,mp-15638,60,JARVIS-DFT dft_3d/dft_2d
JVASP-17305,AsRu,62,Pnma,3D,"42577,611293",mp-15650,80,JARVIS-DFT dft_3d/dft_2d
JVASP-17310,Nb4C3,221,Pm-3m,3D,42758,mp-15660,72,JARVIS-DFT dft_3d/dft_2d
JVASP-17316,Li2CuAs,194,P6_3/mmc,3D,43938,mp-15686,48,JARVIS-DFT dft_3d/dft_2d
JVASP-17331,LiNdGe,189,P-62m,3D,76289,mp-15821,78,JARVIS-DFT dft_3d/dft_2d
JVASP-17362,DyRh3C,221,Pm-3m,3D,76814,mp-15856,60,JARVIS-DFT dft_3d/dft_2d
JVASP-17367,HfCu2P2,164,P-3m1,3D,"627904,53287",mp-15986,52,JARVIS-DFT dft_3d/dft_2d
JVASP-17368,Hf3Cu4Si2,189,P-62m,3D,53288,mp-15987,100,JARVIS-DFT dft_3d/dft_2d
JVASP-17375,CaSbAu,194,P6_3/mmc,3D,52662,mp-16245,64,JARVIS-DFT dft_3d/dft_2d
JVASP-17376,CdSbAu,216,F-43m,3D,52663,mp-16246,32,JARVIS-DFT dft_3d/dft_2d
JVASP-17400,Li2HgGe,225,Fm-3m,3D,53646,mp-16341,30,JARVIS-DFT dft_3d/dft_2d
JVASP-17409,Zr2CuSb3,115,P-4m2,3D,93242,mp-16421,60,JARVIS-DFT dft_3d/dft_2d
JVASP-17414,TiAlAu2,225,Fm-3m,3D,57507,mp-16482,44,JARVIS-DFT dft_3d/dft_2d
JVASP-17430,ZnCu2SnSe4,121,I-42m,3D,"629097,629099,95117",mp-16564,82,JARVIS-DFT dft_3d/dft_2d
JVASP-17435,SmMgPt,189,P-62m,3D,412102,mp-16645,108,JARVIS-DFT dft_3d/dft_2d
JVASP-17452,Zr2Te2P,166,R-3m,3D,420650,mp-16765,48,JARVIS-DFT dft_3d/dft_2d
JVASP-17488,YInPt,189,P-62m,3D,"59504,415509",mp-19740,96,JARVIS-DFT dft_3d/dft_2d
JVASP-17506,Nd3PbN,221,Pm-3m,3D,76397,mp-19778,62,JARVIS-DFT dft_3d/dft_2d
JVASP-17521,Tb3TlC,221,Pm-3m,3D,77467,mp-19836,64,JARVIS-DFT dft_3d/dft_2d
JVASP-17535,ThAs,221,Pm-3m,3D,"44072,611489,611485",mp-19868,20,JARVIS-DFT dft_3d/dft_2d
JVASP-17537,PbAu2,227,Fd-3m,3D,56261,mp-19871,64,JARVIS-DFT dft_3d/dft_2d
JVASP-17541,Dy3InC,221,Pm-3m,3D,56400,mp-19881,64,JARVIS-DFT dft_3d/dft_2d
JVASP-17542,ThPb,123,P4/mmm,3D,"648628,105631",mp-19889,40,JARVIS-DFT dft_3d/dft_2d
JVASP-17543,NiSb2,58,Pnnm,3D,"41728,42724,42117,646411,646414,76121",mp-19895,56,JARVIS-DFT dft_3d/dft_2d
JVASP-17551,ZrSiTe,129,P4/nmm,3D,"652388,74522,15572,25734",mp-19917,56,JARVIS-DFT dft_3d/dft_2d
JVASP-17559,YCuSb2,129,P4/nmm,3D,153572,mp-19943,80,JARVIS-DFT dft_3d/dft_2d
JVASP-17560,Sr3PbO,221,Pm-3m,3D,100790,mp-19944,50,JARVIS-DFT dft_3d/dft_2d
JVASP-17592,GePt2,189,P-62m,3D,"637640,76141",mp-20061,96,JARVIS-DFT dft_3d/dft_2d
JVASP-17598,Pt3PbC,221,Pm-3m,3D,77234,mp-20097,52,JARVIS-DFT dft_3d/dft_2d
JVASP-17609,BaPb,63,Cmcm,3D,"58664,616019",mp-20136,40,JARVIS-DFT dft_3d/dft_2d
JVASP-17653,LiIn2Pt,225,Fm-3m,3D,106804,mp-20265,30,JARVIS-DFT dft_3d/dft_2d
JVASP-17656,Ca3PbO,221,Pm-3m,3D,100789,mp-20273,50,JARVIS-DFT dft_3d/dft_2d
JVASP-17695,Na2CdPb,216,F-43m,3D,102033,mp-20389,36,JARVIS-DFT dft_3d/dft_2d
JVASP-17706,Er3PbC,221,Pm-3m,3D,76822,mp-20430,64,JARVIS-DFT dft_3d/dft_2d
JVASP-17712,SnPt3C,221,Pm-3m,3D,108179,mp-20446,52,JARVIS-DFT dft_3d/dft_2d
JVASP-17726,LaInCu2,225,Fm-3m,3D,"102988,600452,106404,102989,621369",mp-20491,58,JARVIS-DFT dft_3d/dft_2d
JVASP-17733,ScInPt2,225,Fm-3m,3D,59502,mp-20521,44,JARVIS-DFT dft_3d/dft_2d
JVASP-17747,CaPb3,221,Pm-3m,3D,"108201,619485,619486,58919",mp-20549,36,JARVIS-DFT dft_3d/dft_2d
JVASP-17752,NaPb3,221,Pm-3m,3D,"644932,105157",mp-20555,32,JARVIS-DFT dft_3d/dft_2d
JVASP-17767,La3InB,221,Pm-3m,3D,107021,mp-20590,94,JARVIS-DFT dft_3d/dft_2d
JVASP-17770,PdPb2,140,I4/mcm,3D,"102803,105590",mp-20599,56,JARVIS-DFT dft_3d/dft_2d
JVASP-17771,NdPb3,221,Pm-3m,3D,"105272,645697",mp-20601,40,JARVIS-DFT dft_3d/dft_2d
JVASP-17807,Mg2Pb,225,Fm-3m,3D,"151361,150955,104846,409428,166350,642745,151387",mp-20724,24,JARVIS-DFT dft_3d/dft_2d
JVASP-17815,Pb,194,P6_3/mmc,3D,"77864,54313,648350",mp-20745,16,JARVIS-DFT dft_3d/dft_2d
JVASP-17845,Pt3Pb,221,Pm-3m,3D,"105603,648399",mp-20828,44,JARVIS-DFT dft_3d/dft_2d
JVASP-17852,Pd3Pb,221,Pm-3m,3D,"42600,648357,648358",mp-20849,44,JARVIS-DFT dft_3d/dft_2d
JVASP-17880,Dy3GaC,221,Pm-3m,3D,76812,mp-20922,64,JARVIS-DFT dft_3d/dft_2d
JVASP-17886,TePb,221,Pm-3m,3D,"77882,648602",mp-20943,16,JARVIS-DFT dft_3d/dft_2d
JVASP-17890,Tb3PbC,221,Pm-3m,3D,77237,mp-20963,64,JARVIS-DFT dft_3d/dft_2d
JVASP-17920,YGe2Ru2,139,I4/mmm,3D,"637769,52766",mp-21001,52,JARVIS-DFT dft_3d/dft_2d
JVASP-17933,Er3TlC,221,Pm-3m,3D,76824,mp-21028,64,JARVIS-DFT dft_3d/dft_2d
JVASP-17936,Pd3PbC,221,Pm-3m,3D,108178,mp-21031,52,JARVIS-DFT dft_3d/dft_2d
JVASP-17941,PbS,221,Pm-3m,3D,77865,mp-21039,14,JARVIS-DFT dft_3d/dft_2d
JVASP-18005,InSb,225,Fm-3m,3D,156995,mp-21210,32,JARVIS-DFT dft_3d/dft_2d
JVASP-18007,PbSe,221,Pm-3m,3D,77870,mp-21214,16,JARVIS-DFT dft_3d/dft_2d
JVASP-18015,Ti3InN,221,Pm-3m,3D,42929,mp-21233,50,JARVIS-DFT dft_3d/dft_2d
JVASP-18042,PtPb2,140,I4/mcm,3D,54316,mp-21318,56,JARVIS-DFT dft_3d/dft_2d
JVASP-18065,PtPb,194,P6_3/mmc,3D,648398,mp-21380,40,JARVIS-DFT dft_3d/dft_2d
JVASP-18066,ThPb3,221,Pm-3m,3D,"105632,105633,648626,648629",mp-21381,36,JARVIS-DFT dft_3d/dft_2d
JVASP-18118,YMgIn,189,P-62m,3D,160910,mp-21503,84,JARVIS-DFT dft_3d/dft_2d
JVASP-18119,YAgPb,189,P-62m,3D,107275,mp-21505,96,JARVIS-DFT dft_3d/dft_2d
JVASP-18133,VGaFe2,225,Fm-3m,3D,"103473,103474,631850",mp-21883,44,JARVIS-DFT dft_3d/dft_2d
JVASP-18138,NbSiAs,129,P4/nmm,3D,16320,mp-21907,56,JARVIS-DFT dft_3d/dft_2d
JVASP-18149,Nb3Pb,223,Pm-3n,3D,"645180,105188,105189",mp-22068,88,JARVIS-DFT dft_3d/dft_2d
JVASP-18163,In2Au,225,Fm-3m,3D,"612033,612012,612023,58489,58490,612029",mp-22154,28,JARVIS-DFT dft_3d/dft_2d
JVASP-18176,Rb2RhF6,164,P-3m1,3D,28780,mp-22214,72,JARVIS-DFT dft_3d/dft_2d
JVASP-18208,TbInAg2,225,Fm-3m,3D,"56987,58301",mp-22382,48,JARVIS-DFT dft_3d/dft_2d
JVASP-18228,YInAu2,225,Fm-3m,3D,"612080,58514,612079",mp-22493,44,JARVIS-DFT dft_3d/dft_2d
JVASP-18234,Dy3TlC,221,Pm-3m,3D,76815,mp-22513,64,JARVIS-DFT dft_3d/dft_2d
JVASP-18251,Ni3Pb2S2,166,R-3m,3D,"417632,24176,654946,108895,159359",mp-22596,64,JARVIS-DFT dft_3d/dft_2d
JVASP-18252,CaIn2Au,63,Cmcm,3D,408882,mp-22602,80,JARVIS-DFT dft_3d/dft_2d
JVASP-18299,TiNiSn,216,F-43m,3D,"54259,657175",mp-22782,32,JARVIS-DFT dft_3d/dft_2d
JVASP-18311,SmBi,225,Fm-3m,3D,"44129,617131,108125,617126",mp-22873,24,JARVIS-DFT dft_3d/dft_2d
JVASP-18315,LiBi,123,P4/mmm,3D,"616780,58796",mp-22902,10,JARVIS-DFT dft_3d/dft_2d
JVASP-18316,DyBi,225,Fm-3m,3D,"616632,58778,616629",mp-22907,24,JARVIS-DFT dft_3d/dft_2d
JVASP-18322,NaBi,123,P4/mmm,3D,"58816,616837",mp-22924,16,JARVIS-DFT dft_3d/dft_2d
JVASP-18338,Bi,166,R-3m,3D,"64704,64705,53797,246663,616519,616526,616527,64703",mp-23152,16,JARVIS-DFT dft_3d/dft_2d
JVASP-18340,SrBi3,221,Pm-3m,3D,"58858,617156",mp-23159,36,JARVIS-DFT dft_3d/dft_2d
JVASP-18345,BaBi3,221,Pm-3m,3D,"58634,615782",mp-23201,36,JARVIS-DFT dft_3d/dft_2d
JVASP-18353,ErBi,225,Fm-3m,3D,"656440,616641,58781",mp-23245,24,JARVIS-DFT dft_3d/dft_2d
JVASP-18364,InBi,129,P4/nmm,3D,"616705,616707,150595,1252,1253,1254,1255,602728,602739,602738,1251,602740,106325,107640,107641,107642,58790,616703",mp-23313,32,JARVIS-DFT dft_3d/dft_2d
JVASP-18373,HBr,225,Fm-3m,3D,"28841,63670",mp-23903,10,JARVIS-DFT dft_3d/dft_2d
JVASP-18426,AlCl3,164,P-3m1,3D,155670,mp-25470,26,JARVIS-DFT dft_3d/dft_2d
JVASP-18469,Na3Bi,194,P6_3/mmc,3D,26881,mp-27838,64,JARVIS-DFT dft_3d/dft_2d
JVASP-18483,P2Rh3,115,P-4m2,3D,35626,mp-28056,52,JARVIS-DFT dft_3d/dft_2d
JVASP-18487,Bi4Te3,166,R-3m,3D,30526,mp-28229,56,JARVIS-DFT dft_3d/dft_2d
JVASP-18521,Ca3SnO,221,Pm-3m,3D,"100787,181084,181085",mp-29241,50,JARVIS-DFT dft_3d/dft_2d
JVASP-18522,Ba3PbO,221,Pm-3m,3D,100791,mp-29242,50,JARVIS-DFT dft_3d/dft_2d
JVASP-18539,Sb3Au,229,Im-3m,3D,43504,mp-29665,36,JARVIS-DFT dft_3d/dft_2d
JVASP-18542,Dy3AlC,221,Pm-3m,3D,43848,mp-29676,64,JARVIS-DFT dft_3d/dft_2d
JVASP-18560,YSi2Rh3,191,P6/mmm,3D,52080,mp-30028,64,JARVIS-DFT dft_3d/dft_2d
JVASP-18599,BaAu5,191,P6/mmm,3D,58395,mp-30364,72,JARVIS-DFT dft_3d/dft_2d
JVASP-18600,BeAu,198,P2_13,3D,58396,mp-30365,80,JARVIS-DFT dft_3d/dft_2d
JVASP-18603,ErInAu2,225,Fm-3m,3D,58449,mp-30376,48,JARVIS-DFT dft_3d/dft_2d
JVASP-18604,ErPbAu,216,F-43m,3D,58450,mp-30377,36,JARVIS-DFT dft_3d/dft_2d
JVASP-18606,Li2GaAu,216,F-43m,3D,58461,mp-30381,24,JARVIS-DFT dft_3d/dft_2d
JVASP-18612,Li2InAu,216,F-43m,3D,58497,mp-30392,24,JARVIS-DFT dft_3d/dft_2d
JVASP-18613,LuInAu2,225,Fm-3m,3D,58498,mp-30393,58,JARVIS-DFT dft_3d/dft_2d
JVASP-18629,BaTl2,194,P6_3/mmc,3D,58681,mp-30434,56,JARVIS-DFT dft_3d/dft_2d
JVASP-18632,SrCuBi,194,P6_3/mmc,3D,58777,mp-30451,64,JARVIS-DFT dft_3d/dft_2d
JVASP-18639,ThBi,221,Pm-3m,3D,58860,mp-30468,20,JARVIS-DFT dft_3d/dft_2d
JVASP-18650,Na2CdSn,194,P6_3/mmc,3D,102034,mp-30492,72,JARVIS-DFT dft_3d/dft_2d
JVASP-18688,CuSnRh2,225,Fm-3m,3D,103092,mp-30595,44,JARVIS-DFT dft_3d/dft_2d
JVASP-18703,LiMg2Ga,225,Fm-3m,3D,103782,mp-30648,26,JARVIS-DFT dft_3d/dft_2d
JVASP-18735,Li2MgPb,225,Fm-3m,3D,"174025,104746",mp-30758,20,JARVIS-DFT dft_3d/dft_2d
JVASP-18737,Li3Pb,225,Fm-3m,3D,104764,mp-30760,14,JARVIS-DFT dft_3d/dft_2d
JVASP-18738,Li7Pb2,164,P-3m1,3D,104765,mp-30761,30,JARVIS-DFT dft_3d/dft_2d
JVASP-18740,LiPt2,227,Fd-3m,3D,104778,mp-30764,52,JARVIS-DFT dft_3d/dft_2d
JVASP-18767,Li2AlRh,216,F-43m,3D,105508,mp-30820,24,JARVIS-DFT dft_3d/dft_2d
JVASP-18771,V3Pb,223,Pm-3n,3D,105639,mp-30830,88,JARVIS-DFT dft_3d/dft_2d
JVASP-18777,ScSnPt2,225,Fm-3m,3D,105788,mp-30844,44,JARVIS-DFT dft_3d/dft_2d
JVASP-18778,SmPt3,221,Pm-3m,3D,105790,mp-30845,52,JARVIS-DFT dft_3d/dft_2d
JVASP-18785,ZnPt3,221,Pm-3m,3D,105853,mp-30856,54,JARVIS-DFT dft_3d/dft_2d
JVASP-18790,Ta3Sn,223,Pm-3n,3D,106076,mp-30871,88,JARVIS-DFT dft_3d/dft_2d
JVASP-18802,SrAgBi,194,P6_3/mmc,3D,57019,mp-31018,64,JARVIS-DFT dft_3d/dft_2d
JVASP-18806,Sc6Te2Rh,189,P-62m,3D,98971,mp-31072,100,JARVIS-DFT dft_3d/dft_2d
JVASP-18813,BaBiAu,194,P6_3/mmc,3D,,mp-31140,64,JARVIS-DFT dft_3d/dft_2d
JVASP-18814,SrBiAu,194,P6_3/mmc,3D,,mp-31141,64,JARVIS-DFT dft_3d/dft_2d
JVASP-18817,Ca3SbN,221,Pm-3m,3D,106352,mp-31157,50,JARVIS-DFT dft_3d/dft_2d
JVASP-18818,CaZnSn,186,P6_3mc,3D,106358,mp-31160,76,JARVIS-DFT dft_3d/dft_2d
JVASP-18838,InPd3,221,Pm-3m,3D,"59476,247190,247191,247192,247193,247196,247197",mp-31337,44,JARVIS-DFT dft_3d/dft_2d
JVASP-18847,TbSnAu,186,P6_3mc,3D,54999,mp-31413,72,JARVIS-DFT dft_3d/dft_2d
JVASP-18848,DySnAu,186,P6_3mc,3D,55000,mp-31414,72,JARVIS-DFT dft_3d/dft_2d
JVASP-18860,Li2InIr,216,F-43m,3D,107089,mp-31443,24,JARVIS-DFT dft_3d/dft_2d
JVASP-18863,ZrNiBi,216,F-43m,3D,107121,mp-31452,32,JARVIS-DFT dft_3d/dft_2d
JVASP-18884,Ag2Se,64,Cmce,3D,,mp-32758,64,JARVIS-DFT dft_3d/dft_2d
JVASP-18886,Ag2Te,64,Cmce,3D,,mp-32811,64,JARVIS-DFT dft_3d/dft_2d
JVASP-18913,HgPt,123,P4/mmm,3D,"104337,639151",mp-623,60,JARVIS-DFT dft_3d/dft_2d
JVASP-18935,ZrW2,227,Fd-3m,3D,"653443,653444,653445,653446,653447,151401,106218,106217,653435,653438",mp-675,72,JARVIS-DFT dft_3d/dft_2d
JVASP-18945,SmP,225,Fm-3m,3D,"648152,44127",mp-710,24,JARVIS-DFT dft_3d/dft_2d
JVASP-18948,SnPd3,221,Pm-3m,3D,"648912,648916,648921,105688,105689,105690",mp-718,44,JARVIS-DFT dft_3d/dft_2d
JVASP-19151,YCu3Sb4O12,204,Im-3,3D,,,152,JARVIS-DFT dft_3d/dft_2d
JVASP-19510,NbSe2,164,P-3m1,2D,,mp-10228,28,JARVIS-DFT dft_3d/dft_2d
JVASP-19513,P4S3,26,Pmc2_1,2D,,mp-1469,100,JARVIS-DFT dft_3d/dft_2d
JVASP-19517,NaMnP,129,P4/nmm,2D,,mp-20227,56,JARVIS-DFT dft_3d/dft_2d
JVASP-19524,UI3,59,Pmmn,2D,,mp-23244,80,JARVIS-DFT dft_3d/dft_2d
JVASP-19536,AuSeBr,51,Pmma,2D,,mp-27199,112,JARVIS-DFT dft_3d/dft_2d
JVASP-19539,Te2AuCl,51,Pmma,2D,,mp-27490,68,JARVIS-DFT dft_3d/dft_2d
JVASP-19540,CNCl,25,Pmm2,2D,,mp-27502,20,JARVIS-DFT dft_3d/dft_2d
JVASP-19549,LiBiO2,57,Pbcm,2D,,mp-28253,88,JARVIS-DFT dft_3d/dft_2d
JVASP-19550,SiCl4,7,Pc,2D,,mp-28391,64,JARVIS-DFT dft_3d/dft_2d
JVASP-19552,Br2O,4,P2_1,2D,,mp-28460,44,JARVIS-DFT dft_3d/dft_2d
JVASP-19557,PtS2Cl6,2,P-1,2D,,mp-28722,60,JARVIS-DFT dft_3d/dft_2d
JVASP-19583,AgNO2,25,Pmm2,2D,,mp-5770,30,JARVIS-DFT dft_3d/dft_2d
JVASP-19584,Tl2SnAs2S6,147,P-3,2D,,mp-6023,76,JARVIS-DFT dft_3d/dft_2d
JVASP-19593,YNi2,227,Fd-3m,3D,"647072,647088,647108,647082,647083,647090,647086,647087,647056,647057,105458,105459,647092,657906,150746,647099",mp-1019,72,JARVIS-DFT dft_3d/dft_2d
JVASP-19601,Ta2B,140,I4/mcm,3D,"76744,42525",mp-1032,64,JARVIS-DFT dft_3d/dft_2d
JVASP-19619,CdPt,123,P4/mmm,3D,"102052,102053,620295,620296,620297,620293",mp-1194,48,JARVIS-DFT dft_3d/dft_2d
JVASP-19645,SrPd5,191,P6/mmm,3D,"105707,648964",mp-1260,72,JARVIS-DFT dft_3d/dft_2d
JVASP-19649,SmS,225,Fm-3m,3D,"650912,650944,44130,52100,650917,650950,603121,43592,650937,650951,650946,650952,650934,650935,650936,650916,650938,650942",mp-1269,22,JARVIS-DFT dft_3d/dft_2d
JVASP-19668,Nb3Sn,223,Pm-3n,3D,"105230,105231,150878,645473,645474,645477,645479,645480,645481,645482,645483,645484,645485,645486,645487,645488,645489,645493,645496,645498,645500,645502,645503",mp-1326,88,JARVIS-DFT dft_3d/dft_2d
JVASP-19669,SrRh2,227,Fd-3m,3D,"105937,650413",mp-1328,72,JARVIS-DFT dft_3d/dft_2d
JVASP-19696,HfW2,227,Fd-3m,3D,"104289,639010,639011,639012,639005",mp-1400,72,JARVIS-DFT dft_3d/dft_2d
JVASP-19702,MgHg,221,Pm-3m,3D,"104313,104314,639094,639081",mp-1408,26,JARVIS-DFT dft_3d/dft_2d
JVASP-19710,MnSi,198,P2_13,3D,"643618,16838,104973,71830,71831,71832",mp-1431,80,JARVIS-DFT dft_3d/dft_2d
JVASP-19712,LiCd,227,Fd-3m,3D,"102008,620098,620092,620101,620095",mp-1437,28,JARVIS-DFT dft_3d/dft_2d
JVASP-19715,SmSe,225,Fm-3m,3D,"44131,651876,651884,27108,651887,603216,651894,52420",mp-1447,24,JARVIS-DFT dft_3d/dft_2d
JVASP-19726,SnTe,221,Pm-3m,3D,"52488,604129",mp-1481,16,JARVIS-DFT dft_3d/dft_2d
JVASP-19727,SiRh,198,P2_13,3D,"43240,79233,182504,24719",mp-1483,80,JARVIS-DFT dft_3d/dft_2d
JVASP-19732,TaN,191,P6/mmm,3D,"644706,25659,182348",mp-1497,54,JARVIS-DFT dft_3d/dft_2d
JVASP-19734,HgTe,225,Fm-3m,3D,"56658,162604",mp-1507,52,JARVIS-DFT dft_3d/dft_2d
JVASP-19746,ZrTe,187,P-6m2,3D,"653209,653218,410867,657484",mp-1539,20,JARVIS-DFT dft_3d/dft_2d
JVASP-19759,TbSe,225,Fm-3m,3D,"52432,651978,43605,651983",mp-1561,24,JARVIS-DFT dft_3d/dft_2d
JVASP-19770,NdSb,225,Fm-3m,3D,"165728,165729,76738,45157,645897,602794,645899,645900,645903,76662,645893",mp-1586,24,JARVIS-DFT dft_3d/dft_2d
JVASP-19781,ErS,225,Fm-3m,3D,"631056,106619,53414,631063",mp-1623,22,JARVIS-DFT dft_3d/dft_2d
JVASP-19782,SnSb,221,Pm-3m,3D,"52302,651575",mp-1625,16,JARVIS-DFT dft_3d/dft_2d
JVASP-19800,V3Pd,223,Pm-3n,3D,"105739,649092",mp-1664,96,JARVIS-DFT dft_3d/dft_2d
JVASP-19810,ErAs,225,Fm-3m,3D,"602416,167762,610387,43644",mp-1688,24,JARVIS-DFT dft_3d/dft_2d
JVASP-19811,TaS2,164,P-3m1,3D,"651089,85323,52115,24756,651098",mp-1690,24,JARVIS-DFT dft_3d/dft_2d
JVASP-19845,DySe,225,Fm-3m,3D,"630250,53380",mp-814,24,JARVIS-DFT dft_3d/dft_2d
JVASP-19846,GaNi3,221,Pm-3m,3D,"103856,103857,634864,634857",mp-815,44,JARVIS-DFT dft_3d/dft_2d
JVASP-19849,HfCr2,227,Fd-3m,3D,"626153,626155,102775,102776,626139,626143",mp-819,72,JARVIS-DFT dft_3d/dft_2d
JVASP-19850,HgSe,216,F-43m,3D,"639200,639201,639195,31087,639203,639189,639191,639192,639194,24175,639196",mp-820,26,JARVIS-DFT dft_3d/dft_2d
JVASP-19861,SmRh2,227,Fd-3m,3D,"105928,650368,105927",mp-840,80,JARVIS-DFT dft_3d/dft_2d
JVASP-19862,CaPt2,227,Fd-3m,3D,"108147,109140",mp-842,72,JARVIS-DFT dft_3d/dft_2d
JVASP-19871,ErCd,221,Pm-3m,3D,"619809,619812,619817,58967",mp-867,28,JARVIS-DFT dft_3d/dft_2d
JVASP-19880,NdIr2,227,Fd-3m,3D,"640859,104518,104519",mp-890,80,JARVIS-DFT dft_3d/dft_2d
JVASP-19882,ScPt,221,Pm-3m,3D,"105784,649585",mp-892,24,JARVIS-DFT dft_3d/dft_2d
JVASP-19954,SmAs,225,Fm-3m,3D,"611422,611421,44062",mp-1738,24,JARVIS-DFT dft_3d/dft_2d
JVASP-19956,NdS,225,Fm-3m,3D,"645826,29403,645828,645851,645831,645837,645840,645843,645849,76603,645852,645821,645822",mp-1748,22,JARVIS-DFT dft_3d/dft_2d
JVASP-19960,ThAs,225,Fm-3m,3D,"44073,611478,601161",mp-1753,20,JARVIS-DFT dft_3d/dft_2d
JVASP-19971,SnAu,194,P6_3/mmc,3D,"612347,612356,56262",mp-1775,40,JARVIS-DFT dft_3d/dft_2d
JVASP-19985,HgTe,225,Fm-3m,3D,"56216,31842,60204,639253,639246",mp-1811,26,JARVIS-DFT dft_3d/dft_2d
JVASP-19988,AlN,187,P-6m2,2D,,mp-13178,14,JARVIS-DFT dft_3d/dft_2d
JVASP-19989,SnS,59,Pmmn,2D,,mp-1379,28,JARVIS-DFT dft_3d/dft_2d
JVASP-19992,TaTe5Pt,51,Pmma,2D,,mp-14815,128,JARVIS-DFT dft_3d/dft_2d
JVASP-19998,CdCl2,164,P-3m1,2D,,mp-22881,24,JARVIS-DFT dft_3d/dft_2d
JVASP-19999,PbI2,164,P-3m1,2D,,mp-22883,24,JARVIS-DFT dft_3d/dft_2d
JVASP-20002,Bi,164,P-3m1,2D,,mp-23152,16,JARVIS-DFT dft_3d/dft_2d
JVASP-20004,HgI2,12,C2/m,2D,,mp-23173,68,JARVIS-DFT dft_3d/dft_2d
JVASP-20005,SbCl5,11,P2_1/m,2D,,mp-23176,76,JARVIS-DFT dft_3d/dft_2d
JVASP-20007,MgCl2,164,P-3m1,2D,,mp-23210,20,JARVIS-DFT dft_3d/dft_2d
JVASP-20012,Sr2CoBr2O2,123,P4/mmm,2D,,mp-24866,64,JARVIS-DFT dft_3d/dft_2d
JVASP-20014,YCl3,12,C2/m,2D,,mp-27455,120,JARVIS-DFT dft_3d/dft_2d
JVASP-20017,MnI2,164,P-3m1,2D,,mp-28013,28,JARVIS-DFT dft_3d/dft_2d
JVASP-20023,TlI3,55,Pbam,2D,,mp-28329,64,JARVIS-DFT dft_3d/dft_2d
JVASP-20026,RbBrF4,127,P4/mbm,2D,,mp-28577,88,JARVIS-DFT dft_3d/dft_2d
JVASP-20029,AuCN,25,Pmm2,2D,,mp-29196,26,JARVIS-DFT dft_3d/dft_2d
JVASP-20035,Rb3Mo2Cl9,187,P-6m2,2D,,mp-29458,114,JARVIS-DFT dft_3d/dft_2d
JVASP-20040,KrF2,47,Pmmm,2D,,mp-30009,20,JARVIS-DFT dft_3d/dft_2d
JVASP-20042,W6CCl8,174,P-6,2D,,mp-30295,188,JARVIS-DFT dft_3d/dft_2d
JVASP-20054,PS,5,C2,2D,,mp-612,112,JARVIS-DFT dft_3d/dft_2d
JVASP-20064,LaSb,225,Fm-3m,3D,"44805,52011,641901,641902,641904,641893",mp-1065,34,JARVIS-DFT dft_3d/dft_2d
JVASP-20075,TiIr3,221,Pm-3m,3D,"641129,104578,641131,641126",mp-1089,48,JARVIS-DFT dft_3d/dft_2d
JVASP-20084,BW2,140,I4/mcm,3D,"42528,108090,24279",mp-1113,64,JARVIS-DFT dft_3d/dft_2d
JVASP-20108,TbTe,225,Fm-3m,3D,"652956,652954,52436,43606,106127",mp-1176,24,JARVIS-DFT dft_3d/dft_2d
JVASP-20161,Al3Pt5,55,Pbam,3D,"55579,58135",mp-1501,168,JARVIS-DFT dft_3d/dft_2d
JVASP-20172,Pt3O4,223,Pm-3n,3D,"43002,30444",mp-1604,120,JARVIS-DFT dft_3d/dft_2d
JVASP-20207,ThOs2,227,Fd-3m,3D,"105570,105571,150741,647835,647836,647839",mp-1828,72,JARVIS-DFT dft_3d/dft_2d
JVASP-20219,Ta2Ni,140,I4/mcm,3D,"102816,105387",mp-1867,72,JARVIS-DFT dft_3d/dft_2d
JVASP-20225,TbTl3,221,Pm-3m,3D,"106130,106131,652975",mp-1886,40,JARVIS-DFT dft_3d/dft_2d
JVASP-20244,Dy4Sb3,220,I-43d,3D,"630229,601430,630245",mp-1927,176,JARVIS-DFT dft_3d/dft_2d
JVASP-20246,Nb3Os,223,Pm-3n,3D,"105184,645150,603783",mp-1932,96,JARVIS-DFT dft_3d/dft_2d
JVASP-20251,ErNi2,227,Fd-3m,3D,"630848,103265,103266,630851,630820,630849,630824,630825,630856,630840,630844,630845",mp-1939,80,JARVIS-DFT dft_3d/dft_2d
JVASP-20282,LuAs,225,Fm-3m,3D,"610816,43993",mp-2017,34,JARVIS-DFT dft_3d/dft_2d
JVASP-20306,CoAs3,204,Im-3,3D,"610050,34051,9188,31111,655090,38229,610044",mp-452,144,JARVIS-DFT dft_3d/dft_2d
JVASP-20331,Sb2Au,205,Pa-3,3D,"612288,43107,612284,40350",mp-738,112,JARVIS-DFT dft_3d/dft_2d
JVASP-20350,ZrSb2,58,Pnnm,3D,"66779,42878",mp-979,224,JARVIS-DFT dft_3d/dft_2d
JVASP-20370,ScAs,225,Fm-3m,3D,"164627,157505,1331,44057",mp-2052,20,JARVIS-DFT dft_3d/dft_2d
JVASP-20371,Nb3Sb,223,Pm-3n,3D,"645352,645347,76572,645349,645357",mp-2053,88,JARVIS-DFT dft_3d/dft_2d
JVASP-20384,PIr2,225,Fm-3m,3D,"640920,640898",mp-2082,32,JARVIS-DFT dft_3d/dft_2d
JVASP-20385,Sn2Ir,225,Fm-3m,3D,"150761,641054",mp-2083,28,JARVIS-DFT dft_3d/dft_2d
JVASP-20406,Te2Os,205,Pa-3,3D,"300225,647826,647829,647831,647832,24189",mp-2142,112,JARVIS-DFT dft_3d/dft_2d
JVASP-20415,DyTe,225,Fm-3m,3D,"43640,53385,630344,630335",mp-2159,24,JARVIS-DFT dft_3d/dft_2d
JVASP-20422,HfSb2,58,Pnnm,3D,"66780,42879",mp-2180,224,JARVIS-DFT dft_3d/dft_2d
JVASP-20427,LuMg,221,Pm-3m,3D,"104800,161753,642419",mp-2195,34,JARVIS-DFT dft_3d/dft_2d
JVASP-20466,ThOs2,227,Fd-3m,3D,"105570,105571,150741,647835,647836,647839",mp-1828,72,JARVIS-DFT dft_3d/dft_2d
JVASP-20477,Cu2Te,191,P6/mmm,3D,"655706,629339,77055",mp-1861,64,JARVIS-DFT dft_3d/dft_2d
JVASP-20488,TbTl3,221,Pm-3m,3D,"106130,106131,652975",mp-1886,40,JARVIS-DFT dft_3d/dft_2d
JVASP-20502,CeNi5,191,P6/mmm,3D,"621600,621605,603846,621610,621612,621581,601326,621615,603832,621619,658126,621622,102231,102232,600410",mp-1910,86,JARVIS-DFT dft_3d/dft_2d
JVASP-20520,ErNi2,227,Fd-3m,3D,"630848,103265,103266,630851,630820,630849,630824,630825,630856,630840,630844,630845",mp-1939,80,JARVIS-DFT dft_3d/dft_2d
JVASP-20530,NbSb2,12,C2/m,3D,"18144,77752,57430",mp-1969,56,JARVIS-DFT dft_3d/dft_2d
JVASP-20549,LuAs,225,Fm-3m,3D,"610816,43993",mp-2017,34,JARVIS-DFT dft_3d/dft_2d
JVASP-20554,Be2Nb,227,Fd-3m,3D,"58721,616354",mp-2028,56,JARVIS-DFT dft_3d/dft_2d
JVASP-20561,ScAs,225,Fm-3m,3D,"164627,157505,1331,44057",mp-2052,20,JARVIS-DFT dft_3d/dft_2d
JVASP-20562,Nb3Sb,223,Pm-3n,3D,"645352,645347,76572,645349,645357",mp-2053,88,JARVIS-DFT dft_3d/dft_2d
JVASP-20571,PIr2,225,Fm-3m,3D,"640920,640898",mp-2082,32,JARVIS-DFT dft_3d/dft_2d
JVASP-20572,Sn2Ir,225,Fm-3m,3D,"150761,641054",mp-2083,28,JARVIS-DFT dft_3d/dft_2d
JVASP-20582,CuAu3,221,Pm-3m,3D,"611744,56266",mp-2103,48,JARVIS-DFT dft_3d/dft_2d
JVASP-20603,DyTe,225,Fm-3m,3D,"43640,53385,630344,630335",mp-2159,24,JARVIS-DFT dft_3d/dft_2d
JVASP-20614,ErSb,225,Fm-3m,3D,"53417,631092,631095,631097,631099,631100,43645,631102",mp-2191,24,JARVIS-DFT dft_3d/dft_2d
JVASP-20616,TiSe2,164,P-3m1,3D,"652047,43617,108739,652037,652040,56010,652045,26862,603599,173923,652052,80091",mp-2194,28,JARVIS-DFT dft_3d/dft_2d
JVASP-20617,LuMg,221,Pm-3m,3D,"104800,161753,642419",mp-2195,34,JARVIS-DFT dft_3d/dft_2d
JVASP-20648,NaPt2,227,Fd-3m,3D,"644945,105162",mp-2271,64,JARVIS-DFT dft_3d/dft_2d
JVASP-20651,SmSb,225,Fm-3m,3D,"44128,651555,651557,651558,651560,52300,603226,656383,651548,651551",mp-2281,24,JARVIS-DFT dft_3d/dft_2d
JVASP-20769,OsSe2,205,Pa-3,3D,"647769,24202",mp-2480,112,JARVIS-DFT dft_3d/dft_2d
JVASP-20861,CaPd3O4,223,Pm-3n,3D,"16538,27502",mp-3315,144,JARVIS-DFT dft_3d/dft_2d
JVASP-20921,RbFe2S3,63,Cmcm,3D,"99505,99506",mp-3787,108,JARVIS-DFT dft_3d/dft_2d
JVASP-20925,Ta4AlC3,194,P6_3/mmc,3D,"159455,162685,163551,156383",mp-3802,160,JARVIS-DFT dft_3d/dft_2d
JVASP-21041,CaMgSn,62,Pnma,3D,"659600,42757",mp-4864,112,JARVIS-DFT dft_3d/dft_2d
JVASP-21051,Ag3AsO4,218,P-43n,3D,"35545,28836,76969",mp-5408,136,JARVIS-DFT dft_3d/dft_2d
JVASP-21193,Ne,225,Fm-3m,3D,"24602,43427,24787,65884,65885,65886,65887,65888,65889,65890,65891,65892,65893,65894,65895,65896,65897,65898,65899,65900,65901,65902,65903,65904",mp-111,8,JARVIS-DFT dft_3d/dft_2d
JVASP-21195,Mo,229,Im-3m,3D,"173131,162278,53799,76652,52267,173127,108882,76147,643959,643957,643958,76279,643960,643961,643962,76415",mp-129,12,JARVIS-DFT dft_3d/dft_2d
JVASP-21379,NaLuPd6O8,200,Pm-3,3D,"159698,416619",mp-6533,154,JARVIS-DFT dft_3d/dft_2d
JVASP-21389,Sr3CuPtO6,15,C2/c,3D,"72721,66347",mp-6595,192,JARVIS-DFT dft_3d/dft_2d
JVASP-21401,NaSr3IrO6,167,R-3c,3D,"81906,404111",mp-6662,184,JARVIS-DFT dft_3d/dft_2d
JVASP-21459,Nb3CoS6,182,P6_322,3D,53016,mp-7116,168,JARVIS-DFT dft_3d/dft_2d
JVASP-21492,SrPd3O4,223,Pm-3n,3D,16537,mp-7561,144,JARVIS-DFT dft_3d/dft_2d
JVASP-21502,Li2RhF6,136,P4_2/mnm,3D,"95778,165211,6044",mp-7661,104,JARVIS-DFT dft_3d/dft_2d
JVASP-21564,HfSiPd,62,Pnma,3D,90279,mp-10457,128,JARVIS-DFT dft_3d/dft_2d
JVASP-21571,ScB4Ir3,176,P6_3/m,3D,44424,mp-10114,160,JARVIS-DFT dft_3d/dft_2d
JVASP-21600,HfSiPt,62,Pnma,3D,90278,mp-10456,128,JARVIS-DFT dft_3d/dft_2d
JVASP-21611,ScB4Os3,63,Cmcm,3D,91244,mp-10504,160,JARVIS-DFT dft_3d/dft_2d
JVASP-21663,SmSbIr,62,Pnma,3D,51843,mp-11160,144,JARVIS-DFT dft_3d/dft_2d
JVASP-21665,Ca3Si4Ir4,217,I-43m,3D,95788,mp-11176,116,JARVIS-DFT dft_3d/dft_2d
JVASP-21678,Be2W,194,P6_3/mmc,3D,58754,mp-11282,112,JARVIS-DFT dft_3d/dft_2d
JVASP-21680,Ca3Hg2,127,P4/mbm,3D,58904,mp-11288,144,JARVIS-DFT dft_3d/dft_2d
JVASP-21694,HfPd3,194,P6_3/mmc,3D,104254,mp-11453,192,JARVIS-DFT dft_3d/dft_2d
JVASP-21695,HfPt3,194,P6_3/mmc,3D,104258,mp-11456,192,JARVIS-DFT dft_3d/dft_2d
JVASP-21716,As3W2,12,C2/m,3D,43185,mp-11696,96,JARVIS-DFT dft_3d/dft_2d
JVASP-21774,SrZnSb2,62,Pnma,3D,10001,mp-12275,184,JARVIS-DFT dft_3d/dft_2d
JVASP-21807,HfAl2,194,P6_3/mmc,3D,109245,mp-12657,112,JARVIS-DFT dft_3d/dft_2d
JVASP-21887,Ta3B2,127,P4/mbm,3D,"107320,615504,615517",mp-13415,104,JARVIS-DFT dft_3d/dft_2d
JVASP-21889,Sr3Hg2,127,P4/mbm,3D,"107371,639227,247135",mp-13427,144,JARVIS-DFT dft_3d/dft_2d
JVASP-21894,NaCdSb,62,Pnma,3D,12159,mp-13459,112,JARVIS-DFT dft_3d/dft_2d
JVASP-21950,HfB4Ir3,176,P6_3/m,3D,1518,mp-13861,160,JARVIS-DFT dft_3d/dft_2d
JVASP-21995,BaZn2Sb2,62,Pnma,3D,32020,mp-14207,256,JARVIS-DFT dft_3d/dft_2d
JVASP-22016,Y3B7W,63,Cmcm,3D,39663,mp-14373,208,JARVIS-DFT dft_3d/dft_2d
JVASP-22031,Tl6TeO12,148,R-3,3D,37134,mp-14410,128,JARVIS-DFT dft_3d/dft_2d
JVASP-22148,NdB4Os4,86,P4_2/n,3D,"86393,614951",mp-15323,192,JARVIS-DFT dft_3d/dft_2d
JVASP-22384,Ta3SnS6,193,P6_3/mcm,3D,74692,mp-9132,160,JARVIS-DFT dft_3d/dft_2d
JVASP-22430,NdB4Ir4,86,P4_2/n,3D,"614548,100351",mp-9584,192,JARVIS-DFT dft_3d/dft_2d
JVASP-22441,Na3Cd2IrO6,12,C2/m,3D,404507,mp-9741,96,JARVIS-DFT dft_3d/dft_2d
JVASP-22547,BaGa2Te4,97,I422,3D,,mp-38117,60,JARVIS-DFT dft_3d/dft_2d
JVASP-22567,SnO2,136,P4_2/mnm,3D,"56675,56676",mp-550172,40,JARVIS-DFT dft_3d/dft_2d
JVASP-22600,RbS,71,Immm,3D,73175,mp-558071,36,JARVIS-DFT dft_3d/dft_2d
JVASP-22652,ScSbPd,216,F-43m,3D,415944,mp-569779,32,JARVIS-DFT dft_3d/dft_2d
JVASP-22653,Sr3BiN,221,Pm-3m,3D,152053,mp-570008,50,JARVIS-DFT dft_3d/dft_2d
JVASP-22657,LiMgBi,216,F-43m,3D,108112,mp-570213,18,JARVIS-DFT dft_3d/dft_2d
JVASP-22685,CdTe,186,P6_3mc,3D,,mp-685146,40,JARVIS-DFT dft_3d/dft_2d
JVASP-22715,KCaBi,129,P4/nmm,3D,409664,mp-773137,64,JARVIS-DFT dft_3d/dft_2d
JVASP-22720,Ba2SbAu,225,Fm-3m,3D,,mp-862631,44,JARVIS-DFT dft_3d/dft_2d
JVASP-22723,MgMoN2,194,P6_3/mmc,3D,,mp-864954,64,JARVIS-DFT dft_3d/dft_2d
JVASP-22724,NaLi2Bi,225,Fm-3m,3D,,mp-865101,20,JARVIS-DFT dft_3d/dft_2d
JVASP-22726,Na2TlSb,225,Fm-3m,3D,,mp-866132,32,JARVIS-DFT dft_3d/dft_2d
JVASP-22729,Sr2SbAu,225,Fm-3m,3D,,mp-867168,44,JARVIS-DFT dft_3d/dft_2d
JVASP-22735,LiCaAs,216,F-43m,3D,,mp-961684,22,JARVIS-DFT dft_3d/dft_2d
JVASP-22758,DyAl7Au3,167,R-3c,3D,391108,mp-16623,216,JARVIS-DFT dft_3d/dft_2d
JVASP-22761,SmAl7Au3,167,R-3c,3D,391111,mp-16626,216,JARVIS-DFT dft_3d/dft_2d
JVASP-22931,Ca5Sb3,62,Pnma,3D,"2065,619564",mp-17564,336,JARVIS-DFT dft_3d/dft_2d
JVASP-23044,SrNi4Sn2,140,I4/mcm,3D,418131,mp-18127,152,JARVIS-DFT dft_3d/dft_2d
JVASP-23065,ScSnPt,190,P-62c,3D,411822,mp-18198,192,JARVIS-DFT dft_3d/dft_2d
JVASP-23116,TbGa3Os,221,Pm-3m,3D,412144,mp-18462,156,JARVIS-DFT dft_3d/dft_2d
JVASP-23385,NdZnSn,194,P6_3/mmc,3D,152626,mp-20201,168,JARVIS-DFT dft_3d/dft_2d
JVASP-23424,TaSiRh,62,Pnma,3D,90435,mp-20436,128,JARVIS-DFT dft_3d/dft_2d
JVASP-23440,Sr2AsAu,225,Fm-3m,3D,,mp-867192,44,JARVIS-DFT dft_3d/dft_2d
JVASP-23502,ZrFeP,62,Pnma,3D,43204,mp-20892,128,JARVIS-DFT dft_3d/dft_2d
JVASP-23550,BaPPt,198,P2_13,3D,59191,mp-21236,128,JARVIS-DFT dft_3d/dft_2d
JVASP-23691,Nb3PbS6,193,P6_3/mcm,3D,74694,mp-21852,160,JARVIS-DFT dft_3d/dft_2d
JVASP-23773,UB12,225,Fm-3m,3D,"24705,615618,655148,615629,615635,23862,615640",mp-22319,112,JARVIS-DFT dft_3d/dft_2d
JVASP-23777,Hf5Ga3,193,P6_3/mcm,3D,"634297,103730,634295",mp-22337,168,JARVIS-DFT dft_3d/dft_2d
JVASP-23794,HfFeP,62,Pnma,3D,86280,mp-22434,128,JARVIS-DFT dft_3d/dft_2d
JVASP-23796,LuSiIr,62,Pnma,3D,413857,mp-22440,184,JARVIS-DFT dft_3d/dft_2d
JVASP-23848,SrSb12Ru4,204,Im-3,3D,42962,mp-22775,156,JARVIS-DFT dft_3d/dft_2d
JVASP-23869,Bi2Pd3S2,199,I2_13,3D,"417634,159366",mp-23012,128,JARVIS-DFT dft_3d/dft_2d
JVASP-25037,Bi2Ir2O7,227,Fd-3m,3D,161103,mp-558392,164,JARVIS-DFT dft_3d/dft_2d
JVASP-25084,W,223,Pm-3n,3D,52344,mp-11334,96,JARVIS-DFT dft_3d/dft_2d
JVASP-25104,Cl,64,Cmce,3D,,mp-1008394,24,JARVIS-DFT dft_3d/dft_2d
JVASP-25114,K,225,Fm-3m,3D,44669,mp-10157,12,JARVIS-DFT dft_3d/dft_2d
JVASP-25135,Tb,229,Im-3m,3D,104193,mp-11446,16,JARVIS-DFT dft_3d/dft_2d
JVASP-25144,P,64,Cmce,3D,"169539,36441,27847,602907,98119,647886,654168,36432,36433,36434,36435,36436,36437,36438,36439,36440,150873,36442,600027,23836",mp-157,32,JARVIS-DFT dft_3d/dft_2d
JVASP-25161,Pb,194,P6_3/mmc,3D,"77864,54313,648350",mp-20745,16,JARVIS-DFT dft_3d/dft_2d
JVASP-25168,Bi,141,I4_1/amd,3D,"409752,653719",mp-23157,16,JARVIS-DFT dft_3d/dft_2d
JVASP-25180,Ca,225,Fm-3m,3D,"53768,619184,181067,44348,44727",mp-45,12,JARVIS-DFT dft_3d/dft_2d
JVASP-25192,S,154,P3_221,3D,281124,mp-555760,54,JARVIS-DFT dft_3d/dft_2d
JVASP-25210,Te,154,P3_221,3D,653048,mp-567313,24,JARVIS-DFT dft_3d/dft_2d
JVASP-25213,Kr,194,P6_3/mmc,3D,9785,mp-567365,16,JARVIS-DFT dft_3d/dft_2d
JVASP-25215,Sb,139,I4/mmm,3D,42678,mp-567409,32,JARVIS-DFT dft_3d/dft_2d
JVASP-25217,Bi,221,Pm-3m,3D,"53796,52724",mp-567597,16,JARVIS-DFT dft_3d/dft_2d
JVASP-25227,Bi,229,Im-3m,3D,52725,mp-568610,8,JARVIS-DFT dft_3d/dft_2d
JVASP-25228,Bi,229,Im-3m,3D,51675,mp-568714,8,JARVIS-DFT dft_3d/dft_2d
JVASP-25234,Bi,51,Pmma,3D,43033,mp-569358,16,JARVIS-DFT dft_3d/dft_2d
JVASP-25250,N,136,P4_2/mnm,3D,24891,mp-570747,24,JARVIS-DFT dft_3d/dft_2d
JVASP-25273,Hg,12,C2/m,3D,79804,mp-611219,18,JARVIS-DFT dft_3d/dft_2d
JVASP-25320,Ta,225,Fm-3m,3D,"41520,648970",mp-6986,12,JARVIS-DFT dft_3d/dft_2d
JVASP-25337,Tl,194,P6_3/mmc,3D,"653316,653319,104200,77372,653323,52525,151377,44508",mp-82,16,JARVIS-DFT dft_3d/dft_2d
JVASP-25346,Nb,225,Fm-3m,3D,41512,mp-8636,12,JARVIS-DFT dft_3d/dft_2d
JVASP-25666,SmAsS,62,Pnma,3D,96227,mp-557569,120,JARVIS-DFT dft_3d/dft_2d
JVASP-26103,TbRh3C,221,Pm-3m,3D,77387,mp-542103,60,JARVIS-DFT dft_3d/dft_2d
JVASP-26224,Na3In2Au,227,Fd-3m,3D,170867,mp-542680,208,JARVIS-DFT dft_3d/dft_2d
JVASP-26325,AgSbO3,148,R-3,3D,245292,mp-545999,76,JARVIS-DFT dft_3d/dft_2d
JVASP-26362,KNb4O5F,123,P4/mmm,3D,88880,mp-549490,96,JARVIS-DFT dft_3d/dft_2d
JVASP-26528,Rb2IrF6,164,P-3m1,3D,240955,mp-554337,72,JARVIS-DFT dft_3d/dft_2d
JVASP-26567,Bi2Os2O7,227,Fd-3m,3D,161105,mp-554545,164,JARVIS-DFT dft_3d/dft_2d
JVASP-26630,Bi2Rh2O7,227,Fd-3m,3D,161099,mp-555225,164,JARVIS-DFT dft_3d/dft_2d
JVASP-26681,Na3OsO5,152,P3_121,3D,416999,mp-555476,198,JARVIS-DFT dft_3d/dft_2d
JVASP-26860,SrCu2Sb2,129,P4/nmm,3D,41923,mp-505515,104,JARVIS-DFT dft_3d/dft_2d
JVASP-26961,Sc5Pb3,193,P6_3/mcm,3D,105614,mp-510209,168,JARVIS-DFT dft_3d/dft_2d
JVASP-27060,Hf5Sn4,193,P6_3/mcm,3D,107313,mp-510691,184,JARVIS-DFT dft_3d/dft_2d
JVASP-27330,Rb2Na4Co2O5,136,P4_2/mnm,3D,64680,mp-504964,220,JARVIS-DFT dft_3d/dft_2d
JVASP-27724,Sb2Te3,164,P-3m1,2D,,mp-1201,40,JARVIS-DFT dft_3d/dft_2d
JVASP-27726,Zr2Te2P,164,P-3m1,2D,,mp-16765,48,JARVIS-DFT dft_3d/dft_2d
JVASP-27738,ThI2,164,P-3m1,2D,,mp-27652,28,JARVIS-DFT dft_3d/dft_2d
JVASP-27755,PbF4,123,P4/mmm,2D,,mp-341,32,JARVIS-DFT dft_3d/dft_2d
JVASP-27756,AuBr,67,Cmme,2D,,mp-505366,40,JARVIS-DFT dft_3d/dft_2d
JVASP-27766,CrAgP2S6,13,P2/c,2D,,mp-557592,152,JARVIS-DFT dft_3d/dft_2d
JVASP-27773,ZnCl2,115,P-4m2,2D,,mp-567279,30,JARVIS-DFT dft_3d/dft_2d
JVASP-27775,Te2Au,164,P-3m1,2D,,mp-567525,56,JARVIS-DFT dft_3d/dft_2d
JVASP-27778,Bi2Pt,164,P-3m1,2D,,mp-569581,28,JARVIS-DFT dft_3d/dft_2d
JVASP-27780,ZrTiSe4,10,P2/m,2D,,mp-570062,56,JARVIS-DFT dft_3d/dft_2d
JVASP-27834,Ga,51,Pmma,2D,,mp-10021,16,JARVIS-DFT dft_3d/dft_2d
JVASP-27836,Se,47,Pmmm,2D,,mp-1009757,16,JARVIS-DFT dft_3d/dft_2d
JVASP-27847,SiS,53,Pmna,2D,,mp-1023900,56,JARVIS-DFT dft_3d/dft_2d
JVASP-27848,TbCBr,12,C2/m,2D,,mp-1025023,128,JARVIS-DFT dft_3d/dft_2d
JVASP-27851,Al2FeS4,156,P3m1,2D,,mp-1025204,52,JARVIS-DFT dft_3d/dft_2d
JVASP-27853,Nb2CoS4,164,P-3m1,2D,,mp-1025350,60,JARVIS-DFT dft_3d/dft_2d
JVASP-27864,Ti2Te2P,164,P-3m1,2D,,mp-12527,48,JARVIS-DFT dft_3d/dft_2d
JVASP-27865,Y2C,164,P-3m1,2D,,mp-1334,32,JARVIS-DFT dft_3d/dft_2d
JVASP-27885,GeS,31,Pmn2_1,2D,,mp-2242,28,JARVIS-DFT dft_3d/dft_2d
JVASP-27889,AgClO4,111,P-42m,2D,,mp-22993,42,JARVIS-DFT dft_3d/dft_2d
JVASP-27899,ZrP2H2O6,164,P-3m1,2D,,mp-24030,68,JARVIS-DFT dft_3d/dft_2d
JVASP-27906,CrClO,59,Pmmn,2D,,mp-24905,48,JARVIS-DFT dft_3d/dft_2d
JVASP-27912,FeO2,164,P-3m1,2D,,mp-25519,24,JARVIS-DFT dft_3d/dft_2d
JVASP-27913,MnH2O2,164,P-3m1,2D,,mp-25546,28,JARVIS-DFT dft_3d/dft_2d
JVASP-27915,Te4O9,147,P-3,2D,,mp-27127,172,JARVIS-DFT dft_3d/dft_2d
JVASP-27920,NiI2,164,P-3m1,2D,,mp-27638,28,JARVIS-DFT dft_3d/dft_2d
JVASP-27923,TeAuI,14,P2_1/c,2D,,mp-27741,112,JARVIS-DFT dft_3d/dft_2d
JVASP-27940,FePSe3,162,P-31m,2D,,mp-2928,88,JARVIS-DFT dft_3d/dft_2d
JVASP-27956,Mg3H2O4,164,P-3m1,2D,,mp-30243,52,JARVIS-DFT dft_3d/dft_2d
JVASP-27957,Mg2H2O3,164,P-3m1,2D,,mp-30244,38,JARVIS-DFT dft_3d/dft_2d
JVASP-27958,MgH2O2,164,P-3m1,2D,,mp-30247,24,JARVIS-DFT dft_3d/dft_2d
JVASP-27971,CoCl2O8,147,P-3,2D,,mp-31621,72,JARVIS-DFT dft_3d/dft_2d
JVASP-27982,ZnC2S2O6F6,147,P-3,2D,,mp-40886,118,JARVIS-DFT dft_3d/dft_2d
JVASP-28006,ThTe2I2,12,C2/m,2D,,mp-542180,176,JARVIS-DFT dft_3d/dft_2d
JVASP-28013,Tl2O,12,C2/m,2D,,mp-551470,44,JARVIS-DFT dft_3d/dft_2d
JVASP-28027,Bi4Te3S8,147,P-3,2D,,mp-557619,264,JARVIS-DFT dft_3d/dft_2d
JVASP-28065,AgBiP2Se6,143,P3,2D,,mp-569126,84,JARVIS-DFT dft_3d/dft_2d
JVASP-28080,Bi2Pb2Se5,164,P-3m1,2D,,mp-570930,72,JARVIS-DFT dft_3d/dft_2d
JVASP-28095,Pb2O3,11,P2_1/m,2D,,mp-608439,68,JARVIS-DFT dft_3d/dft_2d
JVASP-28112,CdInGaS4,156,P3m1,2D,,mp-630773,52,JARVIS-DFT dft_3d/dft_2d
JVASP-28115,TbH2Br,164,P-3m1,2D,,mp-642807,56,JARVIS-DFT dft_3d/dft_2d
JVASP-28136,PtCl2,2,P-1,2D,,mp-684670,48,JARVIS-DFT dft_3d/dft_2d
JVASP-28143,Tb2C,164,P-3m1,2D,,mp-692,40,JARVIS-DFT dft_3d/dft_2d
JVASP-28152,GeSe,31,Pmn2_1,2D,,mp-700,32,JARVIS-DFT dft_3d/dft_2d
JVASP-28153,HgF,123,P4/mmm,2D,,mp-706,48,JARVIS-DFT dft_3d/dft_2d
JVASP-28199,VC2O6,147,P-3,2D,,mp-763352,64,JARVIS-DFT dft_3d/dft_2d
JVASP-28212,TiCo3O8,164,P-3m1,2D,,mp-765864,96,JARVIS-DFT dft_3d/dft_2d
JVASP-28223,FeC2O6,147,P-3,2D,,mp-769642,64,JARVIS-DFT dft_3d/dft_2d
JVASP-28236,FeCoO4,10,P2/m,2D,,mp-771871,48,JARVIS-DFT dft_3d/dft_2d
JVASP-28252,Mg2SiO4,123,P4/mmm,2D,,mp-7983,48,JARVIS-DFT dft_3d/dft_2d
JVASP-28262,GaHO2,31,Pmn2_1,2D,,mp-867675,44,JARVIS-DFT dft_3d/dft_2d
JVASP-28268,GeTe,156,P3m1,2D,,mp-938,16,JARVIS-DFT dft_3d/dft_2d
JVASP-28270,BiS2,12,C2/m,2D,,mp-971673,80,JARVIS-DFT dft_3d/dft_2d
JVASP-28280,AgBiO2,11,P2_1/m,2D,,mp-996969,64,JARVIS-DFT dft_3d/dft_2d
JVASP-28291,CoS2,164,P-3m1,2D,,,24,JARVIS-DFT dft_3d/dft_2d
JVASP-28295,NiS2,164,P-3m1,2D,,,24,JARVIS-DFT dft_3d/dft_2d
JVASP-28296,SnO2,164,P-3m1,2D,,,20,JARVIS-DFT dft_3d/dft_2d
JVASP-28311,SbN,1,P1,2D,,,28,JARVIS-DFT dft_3d/dft_2d
JVASP-28345,GaN,194,P6_3/mmc,3D,,mp-1007824,28,JARVIS-DFT dft_3d/dft_2d
JVASP-28376,MoSeS,187,P-6m2,3D,191307,mp-1018806,52,JARVIS-DFT dft_3d/dft_2d
JVASP-28386,TaSe2,194,P6_3/mmc,3D,651956,mp-1019276,56,JARVIS-DFT dft_3d/dft_2d
JVASP-28387,Te2W,194,P6_3/mmc,3D,653170,mp-1019322,56,JARVIS-DFT dft_3d/dft_2d
JVASP-28405,TeWS,156,P3m1,3D,,mp-1023931,52,JARVIS-DFT dft_3d/dft_2d
JVASP-28409,Te2Mo,187,P-6m2,3D,,mp-1023935,28,JARVIS-DFT dft_3d/dft_2d
JVASP-28410,WSe2,187,P-6m2,3D,,mp-1023936,28,JARVIS-DFT dft_3d/dft_2d
JVASP-28416,Te2W,194,P6_3/mmc,3D,,mp-1023942,56,JARVIS-DFT dft_3d/dft_2d
JVASP-28452,WS2,187,P-6m2,3D,,mp-1025571,72,JARVIS-DFT dft_3d/dft_2d
JVASP-28454,Te2W,187,P-6m2,3D,,mp-1025573,84,JARVIS-DFT dft_3d/dft_2d
JVASP-28465,W3Se4S2,187,P-6m2,3D,,mp-1025588,80,JARVIS-DFT dft_3d/dft_2d
JVASP-28480,Te2Mo2WSe4,160,R3m,3D,,mp-1025668,84,JARVIS-DFT dft_3d/dft_2d
JVASP-28493,MoW2Se2S4,8,Cm,3D,,mp-1025716,76,JARVIS-DFT dft_3d/dft_2d
JVASP-28500,MoW2Se4S2,160,R3m,3D,,mp-1025740,80,JARVIS-DFT dft_3d/dft_2d
JVASP-28502,Te2MoW2Se2S2,8,Cm,3D,,mp-1025747,80,JARVIS-DFT dft_3d/dft_2d
JVASP-28507,Te4Mo3S2,187,P-6m2,3D,,mp-1025769,80,JARVIS-DFT dft_3d/dft_2d
JVASP-28508,Te2Mo2WSe2S2,8,Cm,3D,,mp-1025772,80,JARVIS-DFT dft_3d/dft_2d
JVASP-28513,MoW2Se6,160,R3m,3D,,mp-1025787,84,JARVIS-DFT dft_3d/dft_2d
JVASP-28514,MoSe2,187,P-6m2,3D,,mp-1025799,84,JARVIS-DFT dft_3d/dft_2d
JVASP-28528,Mo2WSe4S2,160,R3m,3D,,mp-1025866,80,JARVIS-DFT dft_3d/dft_2d
JVASP-28541,Mo3Se4S2,8,Cm,3D,,mp-1025906,80,JARVIS-DFT dft_3d/dft_2d
JVASP-28543,Mo2WS6,187,P-6m2,3D,,mp-1025911,72,JARVIS-DFT dft_3d/dft_2d
JVASP-28576,Te4W3Se2,187,P-6m2,3D,,mp-1026356,84,JARVIS-DFT dft_3d/dft_2d
JVASP-29222,BiTe,164,P-3m1,3D,"617181,30525,100654,617175",mp-23224,96,JARVIS-DFT dft_3d/dft_2d
JVASP-29287,SnBi2Te4,166,R-3m,3D,,mp-38605,56,JARVIS-DFT dft_3d/dft_2d
JVASP-29355,Ta2Te3,12,C2/m,3D,"657711,41047",mp-542634,96,JARVIS-DFT dft_3d/dft_2d
JVASP-29381,Bi2SeO2,139,I4/mmm,3D,2903,mp-552265,36,JARVIS-DFT dft_3d/dft_2d
JVASP-29398,VF4,14,P2_1/c,3D,65785,mp-554799,72,JARVIS-DFT dft_3d/dft_2d
JVASP-29442,Bi14Te13S8,148,R-3,3D,159356,mp-557619,264,JARVIS-DFT dft_3d/dft_2d
JVASP-29502,PbS,12,C2/m,3D,68712,mp-561320,28,JARVIS-DFT dft_3d/dft_2d
JVASP-29571,Bi2Te5Pb2,164,P-3m1,3D,42708,mp-569044,72,JARVIS-DFT dft_3d/dft_2d
JVASP-29634,Te3Pt2,166,R-3m,3D,87398,mp-570562,96,JARVIS-DFT dft_3d/dft_2d
JVASP-29647,Bi2Pb2Se5,164,P-3m1,3D,30372,mp-570930,72,JARVIS-DFT dft_3d/dft_2d
JVASP-29717,Bi3Rh,62,Pnma,3D,"600489,58853",mp-581990,144,JARVIS-DFT dft_3d/dft_2d
JVASP-29951,Cu2HgI4,66,Cccm,3D,,mp-673698,148,JARVIS-DFT dft_3d/dft_2d
JVASP-29975,Bi2Te4Pb,166,R-3m,3D,616936,mp-676250,56,JARVIS-DFT dft_3d/dft_2d
JVASP-30119,MoO3,11,P2_1/m,3D,80577,mp-715463,60,JARVIS-DFT dft_3d/dft_2d
JVASP-30450,Li2DyIn,225,Fm-3m,3D,,mp-865580,28,JARVIS-DFT dft_3d/dft_2d
JVASP-30451,Li2DyTl,225,Fm-3m,3D,,mp-865581,28,JARVIS-DFT dft_3d/dft_2d
JVASP-30507,AgBiO2,11,P2_1/m,3D,,mp-996969,64,JARVIS-DFT dft_3d/dft_2d
JVASP-30934,Ba4Bi3,220,I-43d,3D,96943,mp-30892,144,JARVIS-DFT dft_3d/dft_2d
JVASP-31211,MgTa2N3,193,P6_3/mcm,3D,,mp-39105,200,JARVIS-DFT dft_3d/dft_2d
JVASP-31349,As,53,Pmna,2D,,mp-158,32,JARVIS-DFT dft_3d/dft_2d
JVASP-31353,InBi,129,P4/nmm,2D,,mp-23313,32,JARVIS-DFT dft_3d/dft_2d
JVASP-31361,PdSe6Cl2,2,P-1,2D,,mp-29469,72,JARVIS-DFT dft_3d/dft_2d
JVASP-31367,ZrBr,164,P-3m1,2D,,mp-504594,40,JARVIS-DFT dft_3d/dft_2d
JVASP-31373,Bi2Se3,164,P-3m1,2D,,mp-541837,40,JARVIS-DFT dft_3d/dft_2d
JVASP-31375,PdSeO3,11,P2_1/m,2D,,mp-545482,76,JARVIS-DFT dft_3d/dft_2d
JVASP-31377,NbBr2O,25,Pmm2,2D,,mp-550070,68,JARVIS-DFT dft_3d/dft_2d
JVASP-31378,SrSbSe2F,129,P4/nmm,2D,,mp-556194,84,JARVIS-DFT dft_3d/dft_2d
JVASP-31379,CoO2,12,C2/m,2D,,mp-556750,48,JARVIS-DFT dft_3d/dft_2d
JVASP-31418,SbAsO4,11,P2_1/m,2D,,mp-7784,80,JARVIS-DFT dft_3d/dft_2d
JVASP-31420,Te3As2,164,P-3m1,2D,,mp-9897,40,JARVIS-DFT dft_3d/dft_2d
JVASP-32145,IrC2,139,I4/mmm,3D,,mp-1009071,28,JARVIS-DFT dft_3d/dft_2d
JVASP-32741,HfI3,193,P6_3/mcm,3D,23947,mp-568002,72,JARVIS-DFT dft_3d/dft_2d
JVASP-32749,BiI,12,C2/m,3D,1559,mp-568388,64,JARVIS-DFT dft_3d/dft_2d
JVASP-32759,BiBr,12,C2/m,3D,1560,mp-568758,128,JARVIS-DFT dft_3d/dft_2d
JVASP-32834,InCl,63,Cmcm,3D,"2430,2431",mp-571555,28,JARVIS-DFT dft_3d/dft_2d
JVASP-33718,F,64,Cmce,3D,,mp-760482,24,JARVIS-DFT dft_3d/dft_2d
JVASP-34163,Si3W5,140,I4/mcm,3D,73331,mp-31219,168,JARVIS-DFT dft_3d/dft_2d
JVASP-34485,ZrCoF6,225,Fm-3m,3D,83724,mp-555491,60,JARVIS-DFT dft_3d/dft_2d
JVASP-34818,NiPb2N6O12,225,Fm-3m,3D,,mp-25102,136,JARVIS-DFT dft_3d/dft_2d
JVASP-34824,BiO2,72,Ibam,3D,,mp-25208,80,JARVIS-DFT dft_3d/dft_2d
JVASP-34889,AgBiSe2,166,R-3m,3D,"26518,26519",mp-27916,108,JARVIS-DFT dft_3d/dft_2d
JVASP-34934,HfAs2,62,Pnma,3D,42916,mp-29646,112,JARVIS-DFT dft_3d/dft_2d
JVASP-35007,NbGeSb,129,P4/nmm,3D,637231,mp-1018811,56,JARVIS-DFT dft_3d/dft_2d
JVASP-35013,NdTlCd,194,P6_3/mmc,3D,620196,mp-1018819,72,JARVIS-DFT dft_3d/dft_2d
JVASP-35027,PdCl2,58,Pnnm,3D,421220,mp-1018888,48,JARVIS-DFT dft_3d/dft_2d
JVASP-35056,CaSnHg,194,P6_3/mmc,3D,659596,mp-1019087,76,JARVIS-DFT dft_3d/dft_2d
JVASP-35057,KMgAs,129,P4/nmm,3D,610753,mp-1019089,56,JARVIS-DFT dft_3d/dft_2d
JVASP-35066,CaSnHg,186,P6_3mc,3D,602726,mp-1019104,76,JARVIS-DFT dft_3d/dft_2d
JVASP-35067,KMgBi,129,P4/nmm,3D,616748,mp-1019105,56,JARVIS-DFT dft_3d/dft_2d
JVASP-35072,SmSbTe,129,P4/nmm,3D,602285,mp-1019138,64,JARVIS-DFT dft_3d/dft_2d
JVASP-35074,SmSe2,129,P4/nmm,3D,"651880,651891",mp-1019253,64,JARVIS-DFT dft_3d/dft_2d
JVASP-35079,SrSnHg,186,P6_3mc,3D,602716,mp-1019259,76,JARVIS-DFT dft_3d/dft_2d
JVASP-35086,TaTi2N3,191,P6/mmm,3D,186418,mp-1019273,54,JARVIS-DFT dft_3d/dft_2d
JVASP-35095,TcB2,194,P6_3/mmc,3D,615553,mp-1019317,56,JARVIS-DFT dft_3d/dft_2d
JVASP-35103,ThSbTe,129,P4/nmm,3D,"602304,651640",mp-1019361,56,JARVIS-DFT dft_3d/dft_2d
JVASP-35105,ThTeAs,129,P4/nmm,3D,611471,mp-1019363,56,JARVIS-DFT dft_3d/dft_2d
JVASP-35194,ZnGeO3,161,R3c,3D,183725,mp-1020631,88,JARVIS-DFT dft_3d/dft_2d
JVASP-35214,Na2ZnSe2,72,Ibam,3D,,mp-1021465,100,JARVIS-DFT dft_3d/dft_2d
JVASP-35222,P3Pd,204,Im-3,3D,,mp-1021498,144,JARVIS-DFT dft_3d/dft_2d
JVASP-35288,ErInNi4,216,F-43m,3D,,mp-1024983,72,JARVIS-DFT dft_3d/dft_2d
JVASP-35289,TbInPt4,216,F-43m,3D,,mp-1024984,72,JARVIS-DFT dft_3d/dft_2d
JVASP-35338,TbSe2,129,P4/nmm,3D,,mp-1025077,64,JARVIS-DFT dft_3d/dft_2d
JVASP-35401,Rb2PdCl4,123,P4/mmm,3D,,mp-1025201,60,JARVIS-DFT dft_3d/dft_2d
JVASP-35414,ZnPd5Se,123,P4/mmm,3D,,mp-1025222,86,JARVIS-DFT dft_3d/dft_2d
JVASP-35449,AlPPt5,123,P4/mmm,3D,,mp-1025271,76,JARVIS-DFT dft_3d/dft_2d
JVASP-35469,SnPPd5,123,P4/mmm,3D,,mp-1025296,76,JARVIS-DFT dft_3d/dft_2d
JVASP-35477,CdAsPt5,123,P4/mmm,3D,,mp-1025311,80,JARVIS-DFT dft_3d/dft_2d
JVASP-35490,TlSiPt5,123,P4/mmm,3D,,mp-1025329,76,JARVIS-DFT dft_3d/dft_2d
JVASP-35491,In2AgSe4,82,I-4,3D,,mp-1025331,60,JARVIS-DFT dft_3d/dft_2d
JVASP-35524,InSiPt5,123,P4/mmm,3D,,mp-1025370,76,JARVIS-DFT dft_3d/dft_2d
JVASP-35528,CdAg2I4,121,I-42m,3D,,mp-1025377,68,JARVIS-DFT dft_3d/dft_2d
JVASP-35533,TlPPt5,123,P4/mmm,3D,,mp-1025383,76,JARVIS-DFT dft_3d/dft_2d
JVASP-35541,NbTl3Se4,217,I-43m,3D,600249,mp-1025396,68,JARVIS-DFT dft_3d/dft_2d
JVASP-35597,LiNbSe2,194,P6_3/mmc,3D,,mp-1025496,60,JARVIS-DFT dft_3d/dft_2d
JVASP-35621,Tl3VSe4,217,I-43m,3D,600248,mp-1025549,68,JARVIS-DFT dft_3d/dft_2d
JVASP-35623,GaPt,198,P2_13,3D,,mp-1025551,80,JARVIS-DFT dft_3d/dft_2d
JVASP-35642,KWO3,221,Pm-3m,3D,,mp-1040472,42,JARVIS-DFT dft_3d/dft_2d
JVASP-35654,Hf2SN2,164,P-3m1,3D,250915,mp-1017567,42,JARVIS-DFT dft_3d/dft_2d
JVASP-35656,HfBRh3,221,Pm-3m,3D,614447,mp-1017578,56,JARVIS-DFT dft_3d/dft_2d
JVASP-35659,LaPd3C,221,Pm-3m,3D,190801,mp-1017581,70,JARVIS-DFT dft_3d/dft_2d
JVASP-35664,MgBe2P2,164,P-3m1,3D,616328,mp-1017628,40,JARVIS-DFT dft_3d/dft_2d
JVASP-35666,ScBPd3,221,Pm-3m,3D,190796,mp-1017631,56,JARVIS-DFT dft_3d/dft_2d
JVASP-35667,Ni3SnN,221,Pm-3m,3D,183371,mp-1017632,50,JARVIS-DFT dft_3d/dft_2d
JVASP-35668,TlN,186,P6_3mc,3D,,mp-1017982,28,JARVIS-DFT dft_3d/dft_2d
JVASP-35673,Li2MgSi,216,F-43m,3D,,mp-1018009,20,JARVIS-DFT dft_3d/dft_2d
JVASP-35680,PbS,194,P6_3/mmc,3D,,mp-1018019,28,JARVIS-DFT dft_3d/dft_2d
JVASP-35698,Ti2InCo,225,Fm-3m,3D,,mp-1018043,44,JARVIS-DFT dft_3d/dft_2d
JVASP-35707,HfPt3,221,Pm-3m,3D,,mp-1018054,48,JARVIS-DFT dft_3d/dft_2d
JVASP-35711,GaSb,186,P6_3mc,3D,,mp-1018059,32,JARVIS-DFT dft_3d/dft_2d
JVASP-35715,ErH3,225,Fm-3m,3D,,mp-1018063,22,JARVIS-DFT dft_3d/dft_2d
JVASP-35727,Ga2BiAs,115,P-4m2,3D,,mp-1018076,32,JARVIS-DFT dft_3d/dft_2d
JVASP-35738,CaZnSe2,115,P-4m2,3D,,mp-1018089,46,JARVIS-DFT dft_3d/dft_2d
JVASP-35741,CaGaGeH,156,P3m1,3D,,mp-1018093,30,JARVIS-DFT dft_3d/dft_2d
JVASP-35742,BaGaSnH,156,P3m1,3D,,mp-1018094,30,JARVIS-DFT dft_3d/dft_2d
JVASP-35748,AlSb,186,P6_3mc,3D,,mp-1018100,32,JARVIS-DFT dft_3d/dft_2d
JVASP-35763,GaBi,216,F-43m,3D,,mp-1018126,16,JARVIS-DFT dft_3d/dft_2d
JVASP-35769,AlBi,216,F-43m,3D,,mp-1018132,16,JARVIS-DFT dft_3d/dft_2d
JVASP-35772,LaBiPt,216,F-43m,3D,,mp-1018136,46,JARVIS-DFT dft_3d/dft_2d
JVASP-35776,BaC2,166,R-3m,3D,,mp-1018141,28,JARVIS-DFT dft_3d/dft_2d
JVASP-35797,PtC,225,Fm-3m,3D,,mp-1018165,20,JARVIS-DFT dft_3d/dft_2d
JVASP-35806,ScPt3C,221,Pm-3m,3D,190793,mp-1018628,56,JARVIS-DFT dft_3d/dft_2d
JVASP-35808,CaBe2As2,164,P-3m1,3D,609867,mp-1018630,44,JARVIS-DFT dft_3d/dft_2d
JVASP-35817,TiSnO3,221,Pm-3m,3D,186724,mp-1018639,38,JARVIS-DFT dft_3d/dft_2d
JVASP-35823,YPt3C,221,Pm-3m,3D,190794,mp-1018645,56,JARVIS-DFT dft_3d/dft_2d
JVASP-35832,Ca2H3Br,164,P-3m1,3D,420928,mp-1018656,38,JARVIS-DFT dft_3d/dft_2d
JVASP-35833,CaBiAu,186,P6_3mc,3D,"248681,248683,248677,248685,248679",mp-1018657,64,JARVIS-DFT dft_3d/dft_2d
JVASP-35883,Hf2GaSb3,115,P-4m2,3D,189076,mp-1018709,56,JARVIS-DFT dft_3d/dft_2d
JVASP-35884,Hf2TaN3,191,P6/mmm,3D,186420,mp-1018710,54,JARVIS-DFT dft_3d/dft_2d
JVASP-35890,HfN2,194,P6_3/mmc,3D,290428,mp-1018716,48,JARVIS-DFT dft_3d/dft_2d
JVASP-35891,HfSb2,129,P4/nmm,3D,638876,mp-1018717,56,JARVIS-DFT dft_3d/dft_2d
JVASP-35892,HfTaNO3,25,Pmm2,3D,186407,mp-1018719,48,JARVIS-DFT dft_3d/dft_2d
JVASP-35893,HfVSi,129,P4/nmm,3D,638931,mp-1018720,64,JARVIS-DFT dft_3d/dft_2d
JVASP-35899,HfVGe,129,P4/nmm,3D,636594,mp-1018726,64,JARVIS-DFT dft_3d/dft_2d
JVASP-35909,KMgP,129,P4/nmm,3D,641231,mp-1018737,56,JARVIS-DFT dft_3d/dft_2d
JVASP-35935,Li3SmBi2,164,P-3m1,3D,192951,mp-1018780,38,JARVIS-DFT dft_3d/dft_2d
JVASP-35937,Li3YBi2,164,P-3m1,3D,616795,mp-1018782,34,JARVIS-DFT dft_3d/dft_2d
JVASP-35948,Sc2ZnSe4,227,Fd-3m,3D,,mp-1001016,148,JARVIS-DFT dft_3d/dft_2d
JVASP-35984,IrC,187,P-6m2,3D,,mp-1001827,20,JARVIS-DFT dft_3d/dft_2d
JVASP-35987,InBi,216,F-43m,3D,,mp-1001833,16,JARVIS-DFT dft_3d/dft_2d
JVASP-36023,TcB,216,F-43m,3D,,mp-1002184,20,JARVIS-DFT dft_3d/dft_2d
JVASP-36040,ErN,221,Pm-3m,3D,,mp-1002229,22,JARVIS-DFT dft_3d/dft_2d
JVASP-36109,BiB,216,F-43m,3D,,mp-1006880,16,JARVIS-DFT dft_3d/dft_2d
JVASP-36120,HfPd3,221,Pm-3m,3D,,mp-1007656,48,JARVIS-DFT dft_3d/dft_2d
JVASP-36123,InSb,186,P6_3mc,3D,,mp-1007661,32,JARVIS-DFT dft_3d/dft_2d
JVASP-36129,HgPt3,221,Pm-3m,3D,,mp-1007690,54,JARVIS-DFT dft_3d/dft_2d
JVASP-36137,HW,194,P6_3/mmc,3D,,mp-1007761,28,JARVIS-DFT dft_3d/dft_2d
JVASP-36138,TlAs,216,F-43m,3D,,mp-1007770,16,JARVIS-DFT dft_3d/dft_2d
JVASP-36140,TlN,216,F-43m,3D,,mp-1007778,14,JARVIS-DFT dft_3d/dft_2d
JVASP-36163,CrInNi2,225,Fm-3m,3D,,mp-1007991,44,JARVIS-DFT dft_3d/dft_2d
JVASP-36179,CdTe,225,Fm-3m,3D,,mp-1008471,40,JARVIS-DFT dft_3d/dft_2d
JVASP-36185,BiI3,225,Fm-3m,3D,,mp-1008490,32,JARVIS-DFT dft_3d/dft_2d
JVASP-36192,BC2N,115,P-4m2,3D,,mp-1008523,30,JARVIS-DFT dft_3d/dft_2d
JVASP-36193,BeSe,194,P6_3/mmc,3D,,mp-1008524,32,JARVIS-DFT dft_3d/dft_2d
JVASP-36197,B2AsP,115,P-4m2,3D,,mp-1008528,32,JARVIS-DFT dft_3d/dft_2d
JVASP-36204,BP,186,P6_3mc,3D,,mp-1008559,32,JARVIS-DFT dft_3d/dft_2d
JVASP-36210,YBiPd,216,F-43m,3D,,mp-1008624,32,JARVIS-DFT dft_3d/dft_2d
JVASP-36222,TiO2,225,Fm-3m,3D,,mp-1008677,24,JARVIS-DFT dft_3d/dft_2d
JVASP-36223,TiGePt,216,F-43m,3D,,mp-1008680,32,JARVIS-DFT dft_3d/dft_2d
JVASP-36229,ThH2,225,Fm-3m,3D,,mp-1008734,16,JARVIS-DFT dft_3d/dft_2d
JVASP-36235,SrC2,166,R-3m,3D,,mp-1008776,28,JARVIS-DFT dft_3d/dft_2d
JVASP-36237,RuO2,225,Fm-3m,3D,,mp-1008785,24,JARVIS-DFT dft_3d/dft_2d
JVASP-36238,MgTe,225,Fm-3m,3D,,mp-1008786,16,JARVIS-DFT dft_3d/dft_2d
JVASP-36243,RbCuO,216,F-43m,3D,,mp-1008807,30,JARVIS-DFT dft_3d/dft_2d
JVASP-36244,PtN2,187,P-6m2,3D,,mp-1008809,24,JARVIS-DFT dft_3d/dft_2d
JVASP-36254,NaAgO,216,F-43m,3D,,mp-1008866,26,JARVIS-DFT dft_3d/dft_2d
JVASP-36263,MgAgSb,216,F-43m,3D,,mp-1008903,28,JARVIS-DFT dft_3d/dft_2d
JVASP-36268,Mn2Ge,216,F-43m,3D,,mp-1008920,32,JARVIS-DFT dft_3d/dft_2d
JVASP-36272,DySb,221,Pm-3m,3D,,mp-1008924,24,JARVIS-DFT dft_3d/dft_2d
JVASP-36286,LiCdAs,216,F-43m,3D,,mp-1009006,22,JARVIS-DFT dft_3d/dft_2d
JVASP-36287,LuSb,221,Pm-3m,3D,,mp-1009007,34,JARVIS-DFT dft_3d/dft_2d
JVASP-36297,KAgO,216,F-43m,3D,,mp-1009048,30,JARVIS-DFT dft_3d/dft_2d
JVASP-36348,PdC,216,F-43m,3D,,mp-1009538,20,JARVIS-DFT dft_3d/dft_2d
JVASP-36352,DyBiPd,216,F-43m,3D,,mp-1009543,36,JARVIS-DFT dft_3d/dft_2d
JVASP-36373,CaC2,166,R-3m,3D,,mp-1009653,28,JARVIS-DFT dft_3d/dft_2d
JVASP-36385,Ca2Si,225,Fm-3m,3D,,mp-1009733,32,JARVIS-DFT dft_3d/dft_2d
JVASP-36398,AgN,187,P-6m2,3D,,mp-1009767,18,JARVIS-DFT dft_3d/dft_2d
JVASP-36402,RuC,216,F-43m,3D,,mp-1009792,20,JARVIS-DFT dft_3d/dft_2d
JVASP-36413,BaSiC,107,I4mm,3D,,mp-1009828,28,JARVIS-DFT dft_3d/dft_2d
JVASP-36428,ZrC,216,F-43m,3D,,mp-1009894,20,JARVIS-DFT dft_3d/dft_2d
JVASP-36448,Sr3N2,221,Pm-3m,3D,,mp-1013529,48,JARVIS-DFT dft_3d/dft_2d
JVASP-36449,Sr3BiP,221,Pm-3m,3D,,mp-1013530,52,JARVIS-DFT dft_3d/dft_2d
JVASP-36451,Sr3AsP,221,Pm-3m,3D,,mp-1013532,52,JARVIS-DFT dft_3d/dft_2d
JVASP-36454,Sr3SbP,221,Pm-3m,3D,,mp-1013535,52,JARVIS-DFT dft_3d/dft_2d
JVASP-36455,Sr3PN,221,Pm-3m,3D,,mp-1013536,50,JARVIS-DFT dft_3d/dft_2d
JVASP-36456,Sr3AsN,221,Pm-3m,3D,,mp-1013537,50,JARVIS-DFT dft_3d/dft_2d
JVASP-36458,Sr3SbAs,221,Pm-3m,3D,,mp-1013541,52,JARVIS-DFT dft_3d/dft_2d
JVASP-36459,Ca3BiN,221,Pm-3m,3D,,mp-1013542,50,JARVIS-DFT dft_3d/dft_2d
JVASP-36460,Ca3AsN,221,Pm-3m,3D,,mp-1013543,50,JARVIS-DFT dft_3d/dft_2d
JVASP-36462,Ca3BiAs,221,Pm-3m,3D,,mp-1013545,52,JARVIS-DFT dft_3d/dft_2d
JVASP-36463,Ca3Sb2,221,Pm-3m,3D,,mp-1013546,52,JARVIS-DFT dft_3d/dft_2d
JVASP-36464,Ca3P2,221,Pm-3m,3D,,mp-1013547,52,JARVIS-DFT dft_3d/dft_2d
JVASP-36465,Ca3SbN,221,Pm-3m,3D,,mp-1013548,50,JARVIS-DFT dft_3d/dft_2d
JVASP-36466,Ba3BiN,221,Pm-3m,3D,,mp-1013549,50,JARVIS-DFT dft_3d/dft_2d
JVASP-36473,Ba3SbN,221,Pm-3m,3D,,mp-1013557,50,JARVIS-DFT dft_3d/dft_2d
JVASP-36474,Ca3BiP,221,Pm-3m,3D,,mp-1013558,52,JARVIS-DFT dft_3d/dft_2d
JVASP-36475,Sr3As2,221,Pm-3m,3D,,mp-1013559,52,JARVIS-DFT dft_3d/dft_2d
JVASP-36476,Ba3As2,221,Pm-3m,3D,,mp-1013560,52,JARVIS-DFT dft_3d/dft_2d
JVASP-36479,Ba3BiAs,221,Pm-3m,3D,,mp-1013563,52,JARVIS-DFT dft_3d/dft_2d
JVASP-36480,Sr3BiAs,221,Pm-3m,3D,,mp-1013564,52,JARVIS-DFT dft_3d/dft_2d
JVASP-36484,Sr3Sb2,221,Pm-3m,3D,,mp-1013583,52,JARVIS-DFT dft_3d/dft_2d
JVASP-36486,Sr3BiSb,221,Pm-3m,3D,,mp-1013585,52,JARVIS-DFT dft_3d/dft_2d
JVASP-36492,Sr3BiP,221,Pm-3m,3D,,mp-1013643,52,JARVIS-DFT dft_3d/dft_2d
JVASP-36493,Ba3BiP,221,Pm-3m,3D,,mp-1013691,52,JARVIS-DFT dft_3d/dft_2d
JVASP-36495,Ca3BiSb,221,Pm-3m,3D,,mp-1013704,52,JARVIS-DFT dft_3d/dft_2d
JVASP-36496,Sr3BiAs,221,Pm-3m,3D,,mp-1013705,52,JARVIS-DFT dft_3d/dft_2d
JVASP-36497,Sr3BiSb,221,Pm-3m,3D,,mp-1013706,52,JARVIS-DFT dft_3d/dft_2d
JVASP-36499,Ba3SbN,221,Pm-3m,3D,,mp-1013708,50,JARVIS-DFT dft_3d/dft_2d
JVASP-36500,Ba3AsN,221,Pm-3m,3D,,mp-1013709,50,JARVIS-DFT dft_3d/dft_2d
JVASP-36501,Ba3BiN,221,Pm-3m,3D,,mp-1013710,50,JARVIS-DFT dft_3d/dft_2d
JVASP-36504,Ba3BiP,221,Pm-3m,3D,,mp-1013713,52,JARVIS-DFT dft_3d/dft_2d
JVASP-36505,Ba3SbAs,221,Pm-3m,3D,,mp-1013714,52,JARVIS-DFT dft_3d/dft_2d
JVASP-36506,Ba3BiAs,221,Pm-3m,3D,,mp-1013716,52,JARVIS-DFT dft_3d/dft_2d
JVASP-36507,Ba3BiSb,221,Pm-3m,3D,,mp-1013719,52,JARVIS-DFT dft_3d/dft_2d
JVASP-36510,Ca3BiSb,221,Pm-3m,3D,,mp-1013733,52,JARVIS-DFT dft_3d/dft_2d
JVASP-36511,Ba3AsN,221,Pm-3m,3D,,mp-1013734,50,JARVIS-DFT dft_3d/dft_2d
JVASP-36512,Ca3Bi2,221,Pm-3m,3D,,mp-1013735,52,JARVIS-DFT dft_3d/dft_2d
JVASP-36513,Ba3Bi2,221,Pm-3m,3D,,mp-1013736,52,JARVIS-DFT dft_3d/dft_2d
JVASP-36514,Ba3SbP,221,Pm-3m,3D,,mp-1013737,52,JARVIS-DFT dft_3d/dft_2d
JVASP-36515,Ca3SbAs,221,Pm-3m,3D,,mp-1013738,52,JARVIS-DFT dft_3d/dft_2d
JVASP-36598,HfHgO3,221,Pm-3m,3D,,mp-1016841,48,JARVIS-DFT dft_3d/dft_2d
JVASP-36603,SrIrO3,221,Pm-3m,3D,,mp-1016848,42,JARVIS-DFT dft_3d/dft_2d
JVASP-36617,CdSiO3,221,Pm-3m,3D,,mp-1016879,38,JARVIS-DFT dft_3d/dft_2d
JVASP-36622,CaGeO3,221,Pm-3m,3D,,mp-1016884,38,JARVIS-DFT dft_3d/dft_2d
JVASP-36625,ZnSnO3,221,Pm-3m,3D,,mp-1016902,44,JARVIS-DFT dft_3d/dft_2d
JVASP-36635,VHgO3,221,Pm-3m,3D,,mp-1016938,48,JARVIS-DFT dft_3d/dft_2d
JVASP-36637,MgZrO3,221,Pm-3m,3D,,mp-1017000,38,JARVIS-DFT dft_3d/dft_2d
JVASP-36648,MgTe,194,P6_3/mmc,3D,,mp-1017510,32,JARVIS-DFT dft_3d/dft_2d
JVASP-36653,IrC,221,Pm-3m,3D,,mp-1017519,20,JARVIS-DFT dft_3d/dft_2d
JVASP-36656,VPt,51,Pmma,3D,"649832,649822",mp-1017531,48,JARVIS-DFT dft_3d/dft_2d
JVASP-36658,YN,194,P6_3/mmc,3D,185557,mp-1017533,36,JARVIS-DFT dft_3d/dft_2d
JVASP-36659,ZnCdSe2,115,P-4m2,3D,188387,mp-1017534,46,JARVIS-DFT dft_3d/dft_2d
JVASP-36660,ZnO,194,P6_3/mmc,3D,181039,mp-1017539,48,JARVIS-DFT dft_3d/dft_2d
JVASP-36668,CaBe2P2,164,P-3m1,3D,616191,mp-1017548,44,JARVIS-DFT dft_3d/dft_2d
JVASP-36672,Bi2O3,164,P-3m1,3D,186365,mp-1017552,34,JARVIS-DFT dft_3d/dft_2d
JVASP-36674,CdNi3N,221,Pm-3m,3D,422859,mp-1017554,54,JARVIS-DFT dft_3d/dft_2d
JVASP-36680,CaWN3,12,C2/m,3D,,mp-989616,84,JARVIS-DFT dft_3d/dft_2d
JVASP-36689,SrWN3,1,P1,3D,,mp-989625,84,JARVIS-DFT dft_3d/dft_2d
JVASP-36699,CaMoN3,12,C2/m,3D,,mp-989635,84,JARVIS-DFT dft_3d/dft_2d
JVASP-36700,BaWN3,12,C2/m,3D,,mp-989636,84,JARVIS-DFT dft_3d/dft_2d
JVASP-36702,CaTcN3,12,C2/m,3D,,mp-989638,84,JARVIS-DFT dft_3d/dft_2d
JVASP-36709,YWN3,11,P2_1/m,3D,,mp-989645,84,JARVIS-DFT dft_3d/dft_2d
JVASP-36720,VCu3Te4,215,P-43m,3D,629351,mp-991652,80,JARVIS-DFT dft_3d/dft_2d
JVASP-36721,NbCu3Te4,215,P-43m,3D,"169544,628495",mp-991676,80,JARVIS-DFT dft_3d/dft_2d
JVASP-36754,LiAuO2,98,I4_122,3D,,mp-996959,52,JARVIS-DFT dft_3d/dft_2d
JVASP-36755,LiAuO2,15,C2/c,3D,,mp-996961,52,JARVIS-DFT dft_3d/dft_2d
JVASP-36756,LiAgO2,14,P2_1/c,3D,,mp-996962,52,JARVIS-DFT dft_3d/dft_2d
JVASP-36760,KAgO2,47,Pmmm,3D,,mp-996966,36,JARVIS-DFT dft_3d/dft_2d
JVASP-36761,TlCuO2,166,R-3m,3D,,mp-996967,32,JARVIS-DFT dft_3d/dft_2d
JVASP-36762,AgBiO2,12,C2/m,3D,,mp-996970,64,JARVIS-DFT dft_3d/dft_2d
JVASP-36771,AgBiO2,166,R-3m,3D,,mp-996982,32,JARVIS-DFT dft_3d/dft_2d
JVASP-36774,HAuO2,31,Pmn2_1,3D,,mp-996985,52,JARVIS-DFT dft_3d/dft_2d
JVASP-36794,TlAuO2,194,P6_3/mmc,3D,,mp-997008,64,JARVIS-DFT dft_3d/dft_2d
JVASP-36811,TlCuO2,194,P6_3/mmc,3D,,mp-997029,64,JARVIS-DFT dft_3d/dft_2d
JVASP-36880,TlAgBr3,1,P1,3D,,mp-998154,44,JARVIS-DFT dft_3d/dft_2d
JVASP-37006,YSb,221,Pm-3m,3D,,mp-998897,20,JARVIS-DFT dft_3d/dft_2d
JVASP-37007,YN,187,P-6m2,3D,,mp-998899,18,JARVIS-DFT dft_3d/dft_2d
JVASP-37009,ThC,221,Pm-3m,3D,,mp-998901,20,JARVIS-DFT dft_3d/dft_2d
JVASP-37024,TlCdSe2,164,P-3m1,3D,,mp-998946,36,JARVIS-DFT dft_3d/dft_2d
JVASP-37063,TcN,194,P6_3/mmc,3D,,mp-999117,36,JARVIS-DFT dft_3d/dft_2d
JVASP-37209,SiSnO3,221,Pm-3m,3D,,mp-978493,34,JARVIS-DFT dft_3d/dft_2d
JVASP-37215,Si2TcOs,225,Fm-3m,3D,,mp-978500,40,JARVIS-DFT dft_3d/dft_2d
JVASP-37222,SmTh3,221,Pm-3m,3D,,mp-978507,52,JARVIS-DFT dft_3d/dft_2d
JVASP-37231,SmAg2Hg,225,Fm-3m,3D,,mp-978516,58,JARVIS-DFT dft_3d/dft_2d
JVASP-37250,SmSnPd2,225,Fm-3m,3D,,mp-978538,48,JARVIS-DFT dft_3d/dft_2d
JVASP-37271,Sm2MgIr,225,Fm-3m,3D,,mp-978624,52,JARVIS-DFT dft_3d/dft_2d
JVASP-37293,SmY3,221,Pm-3m,3D,,mp-978823,52,JARVIS-DFT dft_3d/dft_2d
JVASP-37304,SrGaGeH,156,P3m1,3D,"173562,246818,173570",mp-978847,30,JARVIS-DFT dft_3d/dft_2d
JVASP-37308,SrGaSnH,156,P3m1,3D,173571,mp-978852,30,JARVIS-DFT dft_3d/dft_2d
JVASP-37325,TbYIr2,225,Fm-3m,3D,,mp-978912,52,JARVIS-DFT dft_3d/dft_2d
JVASP-37330,TbB4Ir4,86,P4_2/n,3D,614568,mp-978921,192,JARVIS-DFT dft_3d/dft_2d
JVASP-37338,SnPbO3,221,Pm-3m,3D,,mp-978952,34,JARVIS-DFT dft_3d/dft_2d
JVASP-37390,SrGaSiH,156,P3m1,3D,173569,mp-979137,30,JARVIS-DFT dft_3d/dft_2d
JVASP-37414,TaW3,225,Fm-3m,3D,,mp-979289,48,JARVIS-DFT dft_3d/dft_2d
JVASP-37415,TaZnOs2,225,Fm-3m,3D,,mp-979291,54,JARVIS-DFT dft_3d/dft_2d
JVASP-37449,DyYZn2,225,Fm-3m,3D,,mp-979712,64,JARVIS-DFT dft_3d/dft_2d
JVASP-37476,DyYCu2,225,Fm-3m,3D,,mp-979946,52,JARVIS-DFT dft_3d/dft_2d
JVASP-37520,SrAlGeH,156,P3m1,3D,247007,mp-980057,30,JARVIS-DFT dft_3d/dft_2d
JVASP-37575,YTlAg2,225,Fm-3m,3D,,mp-980661,44,JARVIS-DFT dft_3d/dft_2d
JVASP-37579,Zn2CuIr,225,Fm-3m,3D,,mp-980665,60,JARVIS-DFT dft_3d/dft_2d
JVASP-37603,Sr3CdO4,221,Pm-3m,3D,181060,mp-981103,72,JARVIS-DFT dft_3d/dft_2d
JVASP-37612,TbSmIr2,225,Fm-3m,3D,,mp-981213,56,JARVIS-DFT dft_3d/dft_2d
JVASP-37625,SrTlHg2,225,Fm-3m,3D,,mp-981311,56,JARVIS-DFT dft_3d/dft_2d
JVASP-37648,HgBi3,221,Pm-3m,3D,,mp-981390,42,JARVIS-DFT dft_3d/dft_2d
JVASP-37675,NaPd2Pb,225,Fm-3m,3D,,mp-981933,40,JARVIS-DFT dft_3d/dft_2d
JVASP-37693,Ge2O3,221,Pm-3m,3D,,mp-982048,34,JARVIS-DFT dft_3d/dft_2d
JVASP-37738,LiAl2Tc,225,Fm-3m,3D,,mp-982666,30,JARVIS-DFT dft_3d/dft_2d
JVASP-37755,Na3Tl,225,Fm-3m,3D,,mp-982873,32,JARVIS-DFT dft_3d/dft_2d
JVASP-37780,Ga3Bi,221,Pm-3m,3D,,mp-983237,32,JARVIS-DFT dft_3d/dft_2d
JVASP-37797,HfZnPt2,225,Fm-3m,3D,,mp-983430,54,JARVIS-DFT dft_3d/dft_2d
JVASP-37838,Ca2AgAu,225,Fm-3m,3D,,mp-983850,48,JARVIS-DFT dft_3d/dft_2d
JVASP-37875,BPbO3,221,Pm-3m,3D,,mp-984554,34,JARVIS-DFT dft_3d/dft_2d
JVASP-37896,CaAgHg2,225,Fm-3m,3D,,mp-984704,60,JARVIS-DFT dft_3d/dft_2d
JVASP-37905,BAs,186,P6_3mc,3D,,mp-984718,32,JARVIS-DFT dft_3d/dft_2d
JVASP-37907,Ba2AgSb,225,Fm-3m,3D,,mp-984720,44,JARVIS-DFT dft_3d/dft_2d
JVASP-37911,Ba2TlZn,225,Fm-3m,3D,,mp-984724,50,JARVIS-DFT dft_3d/dft_2d
JVASP-37918,Ca3Tl,194,P6_3/mmc,3D,,mp-984744,88,JARVIS-DFT dft_3d/dft_2d
JVASP-37928,CaTl2Cd,225,Fm-3m,3D,,mp-984769,40,JARVIS-DFT dft_3d/dft_2d
JVASP-37962,Ag3Rh,221,Pm-3m,3D,,mp-985297,48,JARVIS-DFT dft_3d/dft_2d
JVASP-38015,AgPb3,194,P6_3/mmc,3D,,mp-985702,72,JARVIS-DFT dft_3d/dft_2d
JVASP-38021,AgBiS2,123,P4/mmm,3D,,mp-985828,32,JARVIS-DFT dft_3d/dft_2d
JVASP-38027,SbBrO,129,P4/nmm,3D,,mp-989189,44,JARVIS-DFT dft_3d/dft_2d
JVASP-38028,SbOF,129,P4/nmm,3D,,mp-989191,40,JARVIS-DFT dft_3d/dft_2d
JVASP-38043,YWN3,26,Pmc2_1,3D,,mp-989407,84,JARVIS-DFT dft_3d/dft_2d
JVASP-38100,Rb2NaTlCl6,225,Fm-3m,3D,,mp-989563,76,JARVIS-DFT dft_3d/dft_2d
JVASP-38116,Rb2LiTlCl6,225,Fm-3m,3D,,mp-989579,70,JARVIS-DFT dft_3d/dft_2d
JVASP-38127,Ca6Sn2NF,225,Fm-3m,3D,,mp-989590,100,JARVIS-DFT dft_3d/dft_2d
JVASP-38129,Sr6Sn2NF,225,Fm-3m,3D,,mp-989592,100,JARVIS-DFT dft_3d/dft_2d
JVASP-38141,YWN3,63,Cmcm,3D,,mp-989609,84,JARVIS-DFT dft_3d/dft_2d
JVASP-38158,HgF2,136,P4_2/mnm,3D,,mp-974603,60,JARVIS-DFT dft_3d/dft_2d
JVASP-38233,Rb3Ir,225,Fm-3m,3D,,mp-974949,48,JARVIS-DFT dft_3d/dft_2d
JVASP-38290,RbSbO3,221,Pm-3m,3D,,mp-975206,38,JARVIS-DFT dft_3d/dft_2d
JVASP-38303,RbNa2Sb,225,Fm-3m,3D,,mp-975275,36,JARVIS-DFT dft_3d/dft_2d
JVASP-38333,NdDy3,221,Pm-3m,3D,,mp-975388,64,JARVIS-DFT dft_3d/dft_2d
JVASP-38342,RbF3,63,Cmcm,3D,,mp-975422,60,JARVIS-DFT dft_3d/dft_2d
JVASP-38357,InSb3,225,Fm-3m,3D,,mp-975512,32,JARVIS-DFT dft_3d/dft_2d
JVASP-38414,Li2TlSn,225,Fm-3m,3D,,mp-975780,20,JARVIS-DFT dft_3d/dft_2d
JVASP-38429,K3Ir,194,P6_3/mmc,3D,,mp-975821,96,JARVIS-DFT dft_3d/dft_2d
JVASP-38462,NaLi2Pb,225,Fm-3m,3D,,mp-975997,20,JARVIS-DFT dft_3d/dft_2d
JVASP-38528,NaCa2In,225,Fm-3m,3D,,mp-976261,40,JARVIS-DFT dft_3d/dft_2d
JVASP-38536,Hf3Ge2,127,P4/mbm,3D,636549,mp-976273,104,JARVIS-DFT dft_3d/dft_2d
JVASP-38564,Nd3Al,221,Pm-3m,3D,,mp-976358,56,JARVIS-DFT dft_3d/dft_2d
JVASP-38569,NdNi2Sb2,129,P4/nmm,3D,645623,mp-976380,112,JARVIS-DFT dft_3d/dft_2d
JVASP-38616,Hf3Au,221,Pm-3m,3D,,mp-976725,48,JARVIS-DFT dft_3d/dft_2d
JVASP-38627,NiAg3,221,Pm-3m,3D,,mp-976772,48,JARVIS-DFT dft_3d/dft_2d
JVASP-38631,NiAu3,221,Pm-3m,3D,,mp-976784,48,JARVIS-DFT dft_3d/dft_2d
JVASP-38634,Ni3Bi,221,Pm-3m,3D,,mp-976799,44,JARVIS-DFT dft_3d/dft_2d
JVASP-38635,KF2,136,P4_2/mnm,3D,,mp-976802,48,JARVIS-DFT dft_3d/dft_2d
JVASP-38637,NiAu3,194,P6_3/mmc,3D,,mp-976806,96,JARVIS-DFT dft_3d/dft_2d
JVASP-38642,MgPb3,187,P-6m2,3D,,mp-976828,32,JARVIS-DFT dft_3d/dft_2d
JVASP-38644,Ni3Pb,221,Pm-3m,3D,,mp-976830,44,JARVIS-DFT dft_3d/dft_2d
JVASP-38647,Ni3Sb,221,Pm-3m,3D,,mp-976847,44,JARVIS-DFT dft_3d/dft_2d
JVASP-38655,K2PtC2,164,P-3m1,3D,"421491,421492",mp-976876,52,JARVIS-DFT dft_3d/dft_2d
JVASP-38695,MgPdAu2,225,Fm-3m,3D,,mp-977113,44,JARVIS-DFT dft_3d/dft_2d
JVASP-38781,ZnPd2Au,225,Fm-3m,3D,,mp-977383,54,JARVIS-DFT dft_3d/dft_2d
JVASP-38806,NbTlO3,221,Pm-3m,3D,,mp-977408,38,JARVIS-DFT dft_3d/dft_2d
JVASP-38820,Ta2CrRu,225,Fm-3m,3D,,mp-977425,48,JARVIS-DFT dft_3d/dft_2d
JVASP-38826,ZrAlRh2,225,Fm-3m,3D,,mp-977435,44,JARVIS-DFT dft_3d/dft_2d
JVASP-38827,ZrAlRu2,225,Fm-3m,3D,,mp-977436,44,JARVIS-DFT dft_3d/dft_2d
JVASP-38829,MgInRh2,225,Fm-3m,3D,,mp-977438,40,JARVIS-DFT dft_3d/dft_2d
JVASP-38836,Nd2ZnIr,225,Fm-3m,3D,,mp-977445,62,JARVIS-DFT dft_3d/dft_2d
JVASP-38839,HgPd2Au,225,Fm-3m,3D,,mp-977454,54,JARVIS-DFT dft_3d/dft_2d
JVASP-38848,LiNd2Ru,225,Fm-3m,3D,,mp-977539,46,JARVIS-DFT dft_3d/dft_2d
JVASP-38849,CaBiPd2,225,Fm-3m,3D,,mp-977540,44,JARVIS-DFT dft_3d/dft_2d
JVASP-38859,ZrScOs2,225,Fm-3m,3D,,mp-977550,48,JARVIS-DFT dft_3d/dft_2d
JVASP-38870,NdCdAu2,225,Fm-3m,3D,,mp-977562,52,JARVIS-DFT dft_3d/dft_2d
JVASP-38897,Bi2Rh3S2,12,C2/m,3D,420725,mp-977592,128,JARVIS-DFT dft_3d/dft_2d
JVASP-38967,TiPt3,194,P6_3/mmc,3D,,mp-972220,96,JARVIS-DFT dft_3d/dft_2d
JVASP-38968,TaBeO3,221,Pm-3m,3D,,mp-972222,38,JARVIS-DFT dft_3d/dft_2d
JVASP-38969,TaGeRh,62,Pnma,3D,421092,mp-972224,128,JARVIS-DFT dft_3d/dft_2d
JVASP-39037,SmTa3,225,Fm-3m,3D,,mp-972514,52,JARVIS-DFT dft_3d/dft_2d
JVASP-39063,SmGaAu2,225,Fm-3m,3D,,mp-972626,48,JARVIS-DFT dft_3d/dft_2d
JVASP-39081,SnPb,187,P-6m2,3D,,mp-972692,16,JARVIS-DFT dft_3d/dft_2d
JVASP-39086,Si3W,194,P6_3/mmc,3D,,mp-972748,72,JARVIS-DFT dft_3d/dft_2d
JVASP-39092,Si2OsRu,225,Fm-3m,3D,,mp-972777,40,JARVIS-DFT dft_3d/dft_2d
JVASP-39115,ScAu3,194,P6_3/mmc,3D,,mp-972895,96,JARVIS-DFT dft_3d/dft_2d
JVASP-39117,Sc2GaIr,225,Fm-3m,3D,,mp-972899,44,JARVIS-DFT dft_3d/dft_2d
JVASP-39126,ScAlCO,166,R-3m,3D,419683,mp-972937,68,JARVIS-DFT dft_3d/dft_2d
JVASP-39135,Sc2OsAu,225,Fm-3m,3D,,mp-972966,48,JARVIS-DFT dft_3d/dft_2d
JVASP-39142,LiSmAu2,225,Fm-3m,3D,,mp-972993,42,JARVIS-DFT dft_3d/dft_2d
JVASP-39150,Na2CdHg,225,Fm-3m,3D,,mp-973056,46,JARVIS-DFT dft_3d/dft_2d
JVASP-39153,LaH3,139,I4/mmm,3D,,mp-973064,32,JARVIS-DFT dft_3d/dft_2d
JVASP-39169,ScBiPd2,225,Fm-3m,3D,,mp-973126,44,JARVIS-DFT dft_3d/dft_2d
JVASP-39202,SbTeO3,221,Pm-3m,3D,,mp-973269,34,JARVIS-DFT dft_3d/dft_2d
JVASP-39218,Li2MgGe,225,Fm-3m,3D,,mp-973325,20,JARVIS-DFT dft_3d/dft_2d
JVASP-39223,Li2MgHg,225,Fm-3m,3D,,mp-973343,30,JARVIS-DFT dft_3d/dft_2d
JVASP-39225,SbPt3,225,Fm-3m,3D,,mp-973353,44,JARVIS-DFT dft_3d/dft_2d
JVASP-39308,HgN,186,P6_3mc,3D,,mp-973674,48,JARVIS-DFT dft_3d/dft_2d
JVASP-39311,LuRhO3,221,Pm-3m,3D,,mp-973681,56,JARVIS-DFT dft_3d/dft_2d
JVASP-39345,PdAu3,221,Pm-3m,3D,"180872,180873",mp-973834,48,JARVIS-DFT dft_3d/dft_2d
JVASP-39356,LiLa2Al,225,Fm-3m,3D,,mp-973874,62,JARVIS-DFT dft_3d/dft_2d
JVASP-39386,OsN2,191,P6/mmm,3D,"260545,260546,260547,260548",mp-973935,24,JARVIS-DFT dft_3d/dft_2d
JVASP-39395,La2ZnAg,225,Fm-3m,3D,,mp-973957,82,JARVIS-DFT dft_3d/dft_2d
JVASP-39446,RuRh3,221,Pm-3m,3D,,mp-974335,48,JARVIS-DFT dft_3d/dft_2d
JVASP-39478,Re3Ge,139,I4/mmm,3D,,mp-974445,44,JARVIS-DFT dft_3d/dft_2d
JVASP-39483,Re3F,225,Fm-3m,3D,,mp-974458,42,JARVIS-DFT dft_3d/dft_2d
JVASP-39496,NaYSi,216,F-43m,3D,,mp-962060,28,JARVIS-DFT dft_3d/dft_2d
JVASP-39497,YMgTl,216,F-43m,3D,,mp-962061,28,JARVIS-DFT dft_3d/dft_2d
JVASP-39508,KYSn,216,F-43m,3D,,mp-962072,32,JARVIS-DFT dft_3d/dft_2d
JVASP-39510,YTlCd,216,F-43m,3D,,mp-962074,32,JARVIS-DFT dft_3d/dft_2d
JVASP-39511,SrMgSn,216,F-43m,3D,,mp-962075,28,JARVIS-DFT dft_3d/dft_2d
JVASP-39536,ZnCdS2,115,P-4m2,3D,"169186,168375",mp-971712,42,JARVIS-DFT dft_3d/dft_2d
JVASP-39656,TiNbRe2,225,Fm-3m,3D,,mp-865653,48,JARVIS-DFT dft_3d/dft_2d
JVASP-39657,Y2TlAg,225,Fm-3m,3D,,mp-865654,44,JARVIS-DFT dft_3d/dft_2d
JVASP-39668,Li2TlAg,225,Fm-3m,3D,,mp-865666,24,JARVIS-DFT dft_3d/dft_2d
JVASP-39685,Li2TlBi,225,Fm-3m,3D,,mp-865713,20,JARVIS-DFT dft_3d/dft_2d
JVASP-39794,LiZrPt2,225,Fm-3m,3D,,mp-865866,38,JARVIS-DFT dft_3d/dft_2d
JVASP-39795,Li2YTl,225,Fm-3m,3D,,mp-865867,24,JARVIS-DFT dft_3d/dft_2d
JVASP-39802,Li2AgHg,225,Fm-3m,3D,,mp-865874,34,JARVIS-DFT dft_3d/dft_2d
JVASP-39804,Ti2TcOs,225,Fm-3m,3D,,mp-865876,48,JARVIS-DFT dft_3d/dft_2d
JVASP-39808,Li2SmIn,225,Fm-3m,3D,,mp-865882,28,JARVIS-DFT dft_3d/dft_2d
JVASP-39816,Li2CaPb,225,Fm-3m,3D,,mp-865892,24,JARVIS-DFT dft_3d/dft_2d
JVASP-39819,GaGeRu2,225,Fm-3m,3D,,mp-865895,40,JARVIS-DFT dft_3d/dft_2d
JVASP-39840,TiVRe2,225,Fm-3m,3D,,mp-865916,48,JARVIS-DFT dft_3d/dft_2d
JVASP-39850,Cd2PdRh,225,Fm-3m,3D,,mp-865926,48,JARVIS-DFT dft_3d/dft_2d
JVASP-39853,Cd2PtRh,225,Fm-3m,3D,,mp-865929,48,JARVIS-DFT dft_3d/dft_2d
JVASP-39859,Li2MgSn,225,Fm-3m,3D,,mp-865935,20,JARVIS-DFT dft_3d/dft_2d
JVASP-39864,ThSnRu2,225,Fm-3m,3D,,mp-865944,44,JARVIS-DFT dft_3d/dft_2d
JVASP-39881,Li2CaSn,225,Fm-3m,3D,,mp-865964,24,JARVIS-DFT dft_3d/dft_2d
JVASP-39883,BeAlIr2,225,Fm-3m,3D,,mp-865966,40,JARVIS-DFT dft_3d/dft_2d
JVASP-39920,Dy2TlCd,225,Fm-3m,3D,,mp-866005,52,JARVIS-DFT dft_3d/dft_2d
JVASP-39926,DyThTc2,225,Fm-3m,3D,,mp-866011,52,JARVIS-DFT dft_3d/dft_2d
JVASP-39934,LiNdTl2,225,Fm-3m,3D,,mp-866019,34,JARVIS-DFT dft_3d/dft_2d
JVASP-39947,AlZnRh2,225,Fm-3m,3D,,mp-866033,50,JARVIS-DFT dft_3d/dft_2d
JVASP-39970,MgTaOs2,225,Fm-3m,3D,,mp-866071,44,JARVIS-DFT dft_3d/dft_2d
JVASP-39971,MgTaRh2,225,Fm-3m,3D,,mp-866072,44,JARVIS-DFT dft_3d/dft_2d
JVASP-39974,MgTaIr2,225,Fm-3m,3D,,mp-866075,44,JARVIS-DFT dft_3d/dft_2d
JVASP-39985,MgSiRh2,225,Fm-3m,3D,,mp-866087,40,JARVIS-DFT dft_3d/dft_2d
JVASP-39996,Ba2HgPb,225,Fm-3m,3D,,mp-866106,50,JARVIS-DFT dft_3d/dft_2d
JVASP-40004,Be2PdRh,225,Fm-3m,3D,,mp-866115,40,JARVIS-DFT dft_3d/dft_2d
JVASP-40022,TiBe2Ir,225,Fm-3m,3D,,mp-866139,40,JARVIS-DFT dft_3d/dft_2d
JVASP-40025,TiBeRh2,225,Fm-3m,3D,,mp-866143,44,JARVIS-DFT dft_3d/dft_2d
JVASP-40033,TiAlRu2,225,Fm-3m,3D,,mp-866155,44,JARVIS-DFT dft_3d/dft_2d
JVASP-40047,KTl2Bi,225,Fm-3m,3D,,mp-866169,36,JARVIS-DFT dft_3d/dft_2d
JVASP-40057,Li2NdTl,225,Fm-3m,3D,,mp-866179,28,JARVIS-DFT dft_3d/dft_2d
JVASP-40059,Li2NdIn,225,Fm-3m,3D,,mp-866181,28,JARVIS-DFT dft_3d/dft_2d
JVASP-40060,Ti2ZnRe,225,Fm-3m,3D,,mp-866183,54,JARVIS-DFT dft_3d/dft_2d
JVASP-40061,Ti3Pb,194,P6_3/mmc,3D,,mp-866184,88,JARVIS-DFT dft_3d/dft_2d
JVASP-40065,TlCdRh2,225,Fm-3m,3D,,mp-866188,44,JARVIS-DFT dft_3d/dft_2d
JVASP-40075,Li2SmTl,225,Fm-3m,3D,,mp-866200,28,JARVIS-DFT dft_3d/dft_2d
JVASP-40093,HfSnRh2,225,Fm-3m,3D,,mp-866221,44,JARVIS-DFT dft_3d/dft_2d
JVASP-40095,CaYHg2,225,Fm-3m,3D,,mp-866223,60,JARVIS-DFT dft_3d/dft_2d
JVASP-40107,Er2PdRu,225,Fm-3m,3D,,mp-866281,56,JARVIS-DFT dft_3d/dft_2d
JVASP-40108,CaThRh2,225,Fm-3m,3D,,mp-866282,48,JARVIS-DFT dft_3d/dft_2d
JVASP-40111,ErSnRu2,225,Fm-3m,3D,,mp-866285,48,JARVIS-DFT dft_3d/dft_2d
JVASP-40117,AgBr,216,F-43m,3D,,mp-866291,20,JARVIS-DFT dft_3d/dft_2d
JVASP-40196,CaSnS3,148,R-3,3D,,mp-866826,76,JARVIS-DFT dft_3d/dft_2d
JVASP-40201,CaSnS3,194,P6_3/mmc,3D,,mp-866833,76,JARVIS-DFT dft_3d/dft_2d
JVASP-40205,CaSnS3,46,Ima2,3D,,mp-866845,76,JARVIS-DFT dft_3d/dft_2d
JVASP-40207,CaSnS3,63,Cmcm,3D,,mp-866850,76,JARVIS-DFT dft_3d/dft_2d
JVASP-40222,LiDyTl2,225,Fm-3m,3D,,mp-867108,34,JARVIS-DFT dft_3d/dft_2d
JVASP-40227,Ca2AsAu,225,Fm-3m,3D,,mp-867113,44,JARVIS-DFT dft_3d/dft_2d
JVASP-40240,ScCdAg2,225,Fm-3m,3D,,mp-867127,48,JARVIS-DFT dft_3d/dft_2d
JVASP-40246,Ba2Sc2O5,123,P4/mmm,3D,,mp-867133,78,JARVIS-DFT dft_3d/dft_2d
JVASP-40248,ScZnPd2,225,Fm-3m,3D,,mp-867135,54,JARVIS-DFT dft_3d/dft_2d
JVASP-40253,SmZn2Ag,225,Fm-3m,3D,,mp-867140,64,JARVIS-DFT dft_3d/dft_2d
JVASP-40257,CaMgHg2,225,Fm-3m,3D,,mp-867144,56,JARVIS-DFT dft_3d/dft_2d
JVASP-40262,Sr2CdSn,225,Fm-3m,3D,,mp-867149,44,JARVIS-DFT dft_3d/dft_2d
JVASP-40278,Sr2SnHg,225,Fm-3m,3D,,mp-867169,50,JARVIS-DFT dft_3d/dft_2d
JVASP-40279,LiGaPt2,225,Fm-3m,3D,,mp-867170,34,JARVIS-DFT dft_3d/dft_2d
JVASP-40280,SrLi2Sn,225,Fm-3m,3D,,mp-867171,24,JARVIS-DFT dft_3d/dft_2d
JVASP-40282,SrInHg2,225,Fm-3m,3D,,mp-867173,56,JARVIS-DFT dft_3d/dft_2d
JVASP-40283,SrLi2Pb,225,Fm-3m,3D,,mp-867174,24,JARVIS-DFT dft_3d/dft_2d
JVASP-40288,SrCdHg2,225,Fm-3m,3D,,mp-867179,60,JARVIS-DFT dft_3d/dft_2d
JVASP-40299,Sr2BiAu,225,Fm-3m,3D,,mp-867193,44,JARVIS-DFT dft_3d/dft_2d
JVASP-40303,LiGaPd2,225,Fm-3m,3D,,mp-867198,34,JARVIS-DFT dft_3d/dft_2d
JVASP-40311,Sr2LiIn,225,Fm-3m,3D,,mp-867208,34,JARVIS-DFT dft_3d/dft_2d
JVASP-40313,LiCa2In,225,Fm-3m,3D,,mp-867211,34,JARVIS-DFT dft_3d/dft_2d
JVASP-40320,SmAgHg2,225,Fm-3m,3D,,mp-867218,64,JARVIS-DFT dft_3d/dft_2d
JVASP-40327,LaCdAg2,225,Fm-3m,3D,,mp-867225,62,JARVIS-DFT dft_3d/dft_2d
JVASP-40337,Tb2IrPd,225,Fm-3m,3D,,mp-867236,56,JARVIS-DFT dft_3d/dft_2d
JVASP-40348,TaAlFe2,225,Fm-3m,3D,,mp-867249,44,JARVIS-DFT dft_3d/dft_2d
JVASP-40350,LiZn2Pt,225,Fm-3m,3D,,mp-867251,50,JARVIS-DFT dft_3d/dft_2d
JVASP-40354,LiZn2Au,225,Fm-3m,3D,,mp-867255,50,JARVIS-DFT dft_3d/dft_2d
JVASP-40365,CaMgTl2,225,Fm-3m,3D,,mp-867266,36,JARVIS-DFT dft_3d/dft_2d
JVASP-40379,Be2IrPt,225,Fm-3m,3D,,mp-867280,40,JARVIS-DFT dft_3d/dft_2d
JVASP-40380,Tc3Pt,194,P6_3/mmc,3D,,mp-867281,96,JARVIS-DFT dft_3d/dft_2d
JVASP-40381,Tb2IrRh,225,Fm-3m,3D,,mp-867282,56,JARVIS-DFT dft_3d/dft_2d
JVASP-40398,Rb2Hf2O5,123,P4/mmm,3D,,mp-867300,78,JARVIS-DFT dft_3d/dft_2d
JVASP-40403,Be2RuAu,225,Fm-3m,3D,,mp-867307,40,JARVIS-DFT dft_3d/dft_2d
JVASP-40429,K2SbAu,63,Cmcm,3D,380340,mp-867335,88,JARVIS-DFT dft_3d/dft_2d
JVASP-40436,Er2NiOs,225,Fm-3m,3D,,mp-867344,56,JARVIS-DFT dft_3d/dft_2d
JVASP-40455,ThCdAg2,225,Fm-3m,3D,,mp-867372,48,JARVIS-DFT dft_3d/dft_2d
JVASP-40457,ThPbAu2,225,Fm-3m,3D,,mp-867418,44,JARVIS-DFT dft_3d/dft_2d
JVASP-40476,LiCuS,216,F-43m,3D,,mp-867689,40,JARVIS-DFT dft_3d/dft_2d
JVASP-40488,Nb3GeS6,193,P6_3/mcm,3D,412772,mp-867739,160,JARVIS-DFT dft_3d/dft_2d
JVASP-40498,Sc2CuAu,225,Fm-3m,3D,,mp-867756,48,JARVIS-DFT dft_3d/dft_2d
JVASP-40519,ScNbTc2,225,Fm-3m,3D,,mp-867795,48,JARVIS-DFT dft_3d/dft_2d
JVASP-40522,Ca2BiAu,225,Fm-3m,3D,,mp-867799,44,JARVIS-DFT dft_3d/dft_2d
JVASP-40525,Sc2CuOs,225,Fm-3m,3D,,mp-867802,48,JARVIS-DFT dft_3d/dft_2d
JVASP-40530,LiYTl2,225,Fm-3m,3D,,mp-867807,30,JARVIS-DFT dft_3d/dft_2d
JVASP-40531,LiYHg2,225,Fm-3m,3D,,mp-867810,50,JARVIS-DFT dft_3d/dft_2d
JVASP-40539,LiAlPd2,225,Fm-3m,3D,,mp-867820,34,JARVIS-DFT dft_3d/dft_2d
JVASP-40541,LiYAu2,225,Fm-3m,3D,,mp-867822,38,JARVIS-DFT dft_3d/dft_2d
JVASP-40551,LiHfPt2,225,Fm-3m,3D,,mp-867834,38,JARVIS-DFT dft_3d/dft_2d
JVASP-40567,Sm2NiIr,225,Fm-3m,3D,,mp-867852,56,JARVIS-DFT dft_3d/dft_2d
JVASP-40568,SmCdAg2,225,Fm-3m,3D,,mp-867853,52,JARVIS-DFT dft_3d/dft_2d
JVASP-40569,Ca2ZnRh,225,Fm-3m,3D,,mp-867854,54,JARVIS-DFT dft_3d/dft_2d
JVASP-40573,SmZnAu2,225,Fm-3m,3D,,mp-867860,58,JARVIS-DFT dft_3d/dft_2d
JVASP-40578,SmMgAu2,225,Fm-3m,3D,,mp-867867,48,JARVIS-DFT dft_3d/dft_2d
JVASP-40592,SmCdAu2,225,Fm-3m,3D,,mp-867882,52,JARVIS-DFT dft_3d/dft_2d
JVASP-40599,Sm2MgAl,225,Fm-3m,3D,,mp-867894,48,JARVIS-DFT dft_3d/dft_2d
JVASP-40603,DyAgHg2,225,Fm-3m,3D,,mp-867898,64,JARVIS-DFT dft_3d/dft_2d
JVASP-40627,ScGaPt2,225,Fm-3m,3D,,mp-867923,44,JARVIS-DFT dft_3d/dft_2d
JVASP-40644,SmInRh2,225,Fm-3m,3D,,mp-867978,48,JARVIS-DFT dft_3d/dft_2d
JVASP-40646,SmPbAu2,225,Fm-3m,3D,,mp-867985,48,JARVIS-DFT dft_3d/dft_2d
JVASP-40651,NaCoO2,194,P6_3/mmc,3D,246585,mp-868117,64,JARVIS-DFT dft_3d/dft_2d
JVASP-40743,HfNiSn,216,F-43m,3D,,mp-924128,32,JARVIS-DFT dft_3d/dft_2d
JVASP-40763,KBaP,216,F-43m,3D,,mp-961648,32,JARVIS-DFT dft_3d/dft_2d
JVASP-40764,ZrFeTe,216,F-43m,3D,,mp-961649,32,JARVIS-DFT dft_3d/dft_2d
JVASP-40766,ZrFeSe,216,F-43m,3D,,mp-961651,32,JARVIS-DFT dft_3d/dft_2d
JVASP-40768,FeSiW,216,F-43m,3D,,mp-961653,32,JARVIS-DFT dft_3d/dft_2d
JVASP-40770,YCdGa,216,F-43m,3D,,mp-961655,32,JARVIS-DFT dft_3d/dft_2d
JVASP-40772,YNiP,216,F-43m,3D,,mp-961657,32,JARVIS-DFT dft_3d/dft_2d
JVASP-40774,TiSiPd,216,F-43m,3D,,mp-961659,32,JARVIS-DFT dft_3d/dft_2d
JVASP-40775,TiFeSe,216,F-43m,3D,,mp-961660,32,JARVIS-DFT dft_3d/dft_2d
JVASP-40776,ZrSiPd,216,F-43m,3D,,mp-961661,32,JARVIS-DFT dft_3d/dft_2d
JVASP-40778,SrTePd,216,F-43m,3D,,mp-961663,32,JARVIS-DFT dft_3d/dft_2d
JVASP-40786,TiGePt,216,F-43m,3D,,mp-961671,32,JARVIS-DFT dft_3d/dft_2d
JVASP-40788,TiFeTe,216,F-43m,3D,,mp-961673,32,JARVIS-DFT dft_3d/dft_2d
JVASP-40793,ScCoTe,216,F-43m,3D,,mp-961678,32,JARVIS-DFT dft_3d/dft_2d
JVASP-40794,TaAlPt,216,F-43m,3D,,mp-961679,32,JARVIS-DFT dft_3d/dft_2d
JVASP-40795,NbAlPt,216,F-43m,3D,,mp-961680,32,JARVIS-DFT dft_3d/dft_2d
JVASP-40796,ZrGePt,216,F-43m,3D,,mp-961681,32,JARVIS-DFT dft_3d/dft_2d
JVASP-40797,TiSnPd,216,F-43m,3D,,mp-961682,32,JARVIS-DFT dft_3d/dft_2d
JVASP-40798,LiMgP,216,F-43m,3D,,mp-961683,18,JARVIS-DFT dft_3d/dft_2d
JVASP-40800,ZrSnPd,216,F-43m,3D,,mp-961687,32,JARVIS-DFT dft_3d/dft_2d
JVASP-40801,VGaPt,216,F-43m,3D,,mp-961688,32,JARVIS-DFT dft_3d/dft_2d
JVASP-40807,TiNiGe,216,F-43m,3D,,mp-961694,32,JARVIS-DFT dft_3d/dft_2d
JVASP-40811,LiZnP,216,F-43m,3D,,mp-961698,28,JARVIS-DFT dft_3d/dft_2d
JVASP-40816,NaLiPt,216,F-43m,3D,,mp-961703,22,JARVIS-DFT dft_3d/dft_2d
JVASP-40817,NbTlPt,216,F-43m,3D,,mp-961704,32,JARVIS-DFT dft_3d/dft_2d
JVASP-40818,TiPtPb,216,F-43m,3D,,mp-961705,32,JARVIS-DFT dft_3d/dft_2d
JVASP-40821,NbInPt,216,F-43m,3D,,mp-961708,32,JARVIS-DFT dft_3d/dft_2d
JVASP-40822,ZrPtPb,216,F-43m,3D,,mp-961709,32,JARVIS-DFT dft_3d/dft_2d
JVASP-40824,ZrSiPt,216,F-43m,3D,,mp-961711,32,JARVIS-DFT dft_3d/dft_2d
JVASP-40825,TaTlPt,216,F-43m,3D,,mp-961712,32,JARVIS-DFT dft_3d/dft_2d
JVASP-40826,ZrSnPt,216,F-43m,3D,,mp-961713,32,JARVIS-DFT dft_3d/dft_2d
JVASP-40829,VInPt,216,F-43m,3D,,mp-961717,32,JARVIS-DFT dft_3d/dft_2d
JVASP-40831,HfAsRh,216,F-43m,3D,,mp-961719,32,JARVIS-DFT dft_3d/dft_2d
JVASP-40834,TiBiRh,216,F-43m,3D,,mp-961722,32,JARVIS-DFT dft_3d/dft_2d
JVASP-40836,ZrBiRh,216,F-43m,3D,,mp-961724,32,JARVIS-DFT dft_3d/dft_2d
JVASP-40842,BaNaSb,216,F-43m,3D,,mp-961774,28,JARVIS-DFT dft_3d/dft_2d
JVASP-40843,SrCaSi,216,F-43m,3D,,mp-962057,32,JARVIS-DFT dft_3d/dft_2d
JVASP-40858,Ba2BiAu,225,Fm-3m,3D,,mp-862947,44,JARVIS-DFT dft_3d/dft_2d
JVASP-40907,CaHg3,194,P6_3/mmc,3D,,mp-863648,132,JARVIS-DFT dft_3d/dft_2d
JVASP-40971,ErCdPd2,225,Fm-3m,3D,,mp-863738,52,JARVIS-DFT dft_3d/dft_2d
JVASP-40977,Ca2PdAu,225,Fm-3m,3D,,mp-863744,48,JARVIS-DFT dft_3d/dft_2d
JVASP-41008,Nd2MgAl,225,Fm-3m,3D,,mp-864610,48,JARVIS-DFT dft_3d/dft_2d
JVASP-41014,BaHg2Pb,225,Fm-3m,3D,,mp-864618,56,JARVIS-DFT dft_3d/dft_2d
JVASP-41018,Nd2IrPd,225,Fm-3m,3D,,mp-864622,56,JARVIS-DFT dft_3d/dft_2d
JVASP-41039,ErAgHg2,225,Fm-3m,3D,,mp-864646,64,JARVIS-DFT dft_3d/dft_2d
JVASP-41041,Ta2OsW,225,Fm-3m,3D,,mp-864650,48,JARVIS-DFT dft_3d/dft_2d
JVASP-41062,Hf2MoIr,225,Fm-3m,3D,,mp-864684,48,JARVIS-DFT dft_3d/dft_2d
JVASP-41095,LiSnIr2,225,Fm-3m,3D,,mp-864768,34,JARVIS-DFT dft_3d/dft_2d
JVASP-41105,LiSnRh2,225,Fm-3m,3D,,mp-864784,34,JARVIS-DFT dft_3d/dft_2d
JVASP-41122,TbLiHg2,225,Fm-3m,3D,,mp-864804,54,JARVIS-DFT dft_3d/dft_2d
JVASP-41125,HfZnNi2,225,Fm-3m,3D,,mp-864807,54,JARVIS-DFT dft_3d/dft_2d
JVASP-41149,NdAgHg2,225,Fm-3m,3D,,mp-864893,64,JARVIS-DFT dft_3d/dft_2d
JVASP-41153,Zr2CuOs,225,Fm-3m,3D,,mp-864897,48,JARVIS-DFT dft_3d/dft_2d
JVASP-41154,Na2TlBi,225,Fm-3m,3D,,mp-864898,32,JARVIS-DFT dft_3d/dft_2d
JVASP-41159,MgSnIr2,225,Fm-3m,3D,,mp-864906,40,JARVIS-DFT dft_3d/dft_2d
JVASP-41162,HfAlRu2,225,Fm-3m,3D,,mp-864909,44,JARVIS-DFT dft_3d/dft_2d
JVASP-41170,MgZrAu2,225,Fm-3m,3D,,mp-864920,44,JARVIS-DFT dft_3d/dft_2d
JVASP-41211,Mg2PdRh,225,Fm-3m,3D,,mp-864969,40,JARVIS-DFT dft_3d/dft_2d
JVASP-41216,Hf2CuOs,225,Fm-3m,3D,,mp-864974,48,JARVIS-DFT dft_3d/dft_2d
JVASP-41217,Mg2PdPt,225,Fm-3m,3D,,mp-864975,40,JARVIS-DFT dft_3d/dft_2d
JVASP-41218,Mg2AgIr,225,Fm-3m,3D,,mp-864976,40,JARVIS-DFT dft_3d/dft_2d
JVASP-41242,HfScOs2,225,Fm-3m,3D,,mp-865001,48,JARVIS-DFT dft_3d/dft_2d
JVASP-41243,CaYRh2,225,Fm-3m,3D,,mp-865002,48,JARVIS-DFT dft_3d/dft_2d
JVASP-41244,Be2IrPd,225,Fm-3m,3D,,mp-865003,40,JARVIS-DFT dft_3d/dft_2d
JVASP-41249,HfGaRu2,225,Fm-3m,3D,,mp-865010,44,JARVIS-DFT dft_3d/dft_2d
JVASP-41256,HfGaRh2,225,Fm-3m,3D,,mp-865019,44,JARVIS-DFT dft_3d/dft_2d
JVASP-41257,HfMgIr2,225,Fm-3m,3D,,mp-865020,44,JARVIS-DFT dft_3d/dft_2d
JVASP-41271,HfTc2Sn,225,Fm-3m,3D,,mp-865039,44,JARVIS-DFT dft_3d/dft_2d
JVASP-41274,MgInIr2,225,Fm-3m,3D,,mp-865044,40,JARVIS-DFT dft_3d/dft_2d
JVASP-41281,NaCa2Tl,225,Fm-3m,3D,,mp-865051,40,JARVIS-DFT dft_3d/dft_2d
JVASP-41309,NaMgTl2,225,Fm-3m,3D,,mp-865110,32,JARVIS-DFT dft_3d/dft_2d
JVASP-41312,NaNdAu2,225,Fm-3m,3D,,mp-865113,48,JARVIS-DFT dft_3d/dft_2d
JVASP-41314,NaNdHg2,225,Fm-3m,3D,,mp-865115,60,JARVIS-DFT dft_3d/dft_2d
JVASP-41324,MgGaRh2,225,Fm-3m,3D,,mp-865125,40,JARVIS-DFT dft_3d/dft_2d
JVASP-41327,NaSr2Tl,225,Fm-3m,3D,,mp-865128,40,JARVIS-DFT dft_3d/dft_2d
JVASP-41358,HfBeRh2,225,Fm-3m,3D,,mp-865163,44,JARVIS-DFT dft_3d/dft_2d
JVASP-41374,Hf2FeOs,225,Fm-3m,3D,,mp-865179,48,JARVIS-DFT dft_3d/dft_2d
JVASP-41379,LiScPd2,225,Fm-3m,3D,,mp-865184,38,JARVIS-DFT dft_3d/dft_2d
JVASP-41380,MgBe2As2,164,P-3m1,3D,609872,mp-865185,40,JARVIS-DFT dft_3d/dft_2d
JVASP-41381,MgGaIr2,225,Fm-3m,3D,,mp-865186,40,JARVIS-DFT dft_3d/dft_2d
JVASP-41417,LiScTl2,225,Fm-3m,3D,,mp-865231,30,JARVIS-DFT dft_3d/dft_2d
JVASP-41443,Lu2ZnOs,225,Fm-3m,3D,,mp-865261,82,JARVIS-DFT dft_3d/dft_2d
JVASP-41451,NbAlOs2,225,Fm-3m,3D,,mp-865278,44,JARVIS-DFT dft_3d/dft_2d
JVASP-41453,NbAlFe2,225,Fm-3m,3D,,mp-865280,44,JARVIS-DFT dft_3d/dft_2d
JVASP-41508,DyTaRu2,225,Fm-3m,3D,,mp-865364,52,JARVIS-DFT dft_3d/dft_2d
JVASP-41554,Y2NiIr,225,Fm-3m,3D,,mp-865432,48,JARVIS-DFT dft_3d/dft_2d
JVASP-41563,TiAlOs2,225,Fm-3m,3D,,mp-865442,44,JARVIS-DFT dft_3d/dft_2d
JVASP-41569,TiGaRu2,225,Fm-3m,3D,,mp-865448,44,JARVIS-DFT dft_3d/dft_2d
JVASP-41589,V2CrOs,225,Fm-3m,3D,,mp-865485,48,JARVIS-DFT dft_3d/dft_2d
JVASP-41604,YAgHg2,225,Fm-3m,3D,,mp-865502,60,JARVIS-DFT dft_3d/dft_2d
JVASP-41658,LiNd2Ga,225,Fm-3m,3D,,mp-865578,42,JARVIS-DFT dft_3d/dft_2d
JVASP-41701,ThCdRh2,225,Fm-3m,3D,,mp-861646,48,JARVIS-DFT dft_3d/dft_2d
JVASP-41702,Li2PdPb,225,Fm-3m,3D,,mp-861651,24,JARVIS-DFT dft_3d/dft_2d
JVASP-41709,LiNdHg2,225,Fm-3m,3D,,mp-861660,54,JARVIS-DFT dft_3d/dft_2d
JVASP-41716,LiSbRh2,225,Fm-3m,3D,,mp-861667,34,JARVIS-DFT dft_3d/dft_2d
JVASP-41734,TaTlO3,221,Pm-3m,3D,,mp-861873,38,JARVIS-DFT dft_3d/dft_2d
JVASP-41755,LiGaCu2,225,Fm-3m,3D,,mp-861901,34,JARVIS-DFT dft_3d/dft_2d
JVASP-41757,LiBiRh2,225,Fm-3m,3D,,mp-861903,34,JARVIS-DFT dft_3d/dft_2d
JVASP-41762,CdGaRh2,225,Fm-3m,3D,,mp-861909,44,JARVIS-DFT dft_3d/dft_2d
JVASP-41765,LiDy2Al,225,Fm-3m,3D,,mp-861913,42,JARVIS-DFT dft_3d/dft_2d
JVASP-41773,LiPdAu2,225,Fm-3m,3D,,mp-861930,38,JARVIS-DFT dft_3d/dft_2d
JVASP-41775,LiZnAu2,225,Fm-3m,3D,,mp-861932,44,JARVIS-DFT dft_3d/dft_2d
JVASP-41779,LiPd3,221,Pm-3m,3D,,mp-861936,38,JARVIS-DFT dft_3d/dft_2d
JVASP-41780,Ba2AsAu,225,Fm-3m,3D,,mp-861937,44,JARVIS-DFT dft_3d/dft_2d
JVASP-41792,Ca2SbAu,225,Fm-3m,3D,,mp-861950,44,JARVIS-DFT dft_3d/dft_2d
JVASP-41822,Er2IrPd,225,Fm-3m,3D,,mp-861984,56,JARVIS-DFT dft_3d/dft_2d
JVASP-41834,Sc2ZnPt,225,Fm-3m,3D,,mp-862258,54,JARVIS-DFT dft_3d/dft_2d
JVASP-41845,BeGaRh2,225,Fm-3m,3D,,mp-862291,40,JARVIS-DFT dft_3d/dft_2d
JVASP-41848,LiAlPt2,225,Fm-3m,3D,,mp-862296,34,JARVIS-DFT dft_3d/dft_2d
JVASP-41868,Sc2NiIr,225,Fm-3m,3D,,mp-862360,48,JARVIS-DFT dft_3d/dft_2d
JVASP-41879,Sc2RuPt,225,Fm-3m,3D,,mp-862371,48,JARVIS-DFT dft_3d/dft_2d
JVASP-41890,Sc2AgOs,225,Fm-3m,3D,,mp-862431,48,JARVIS-DFT dft_3d/dft_2d
JVASP-41892,TaAlOs2,225,Fm-3m,3D,,mp-862445,44,JARVIS-DFT dft_3d/dft_2d
JVASP-41894,Sc2AgRu,225,Fm-3m,3D,,mp-862473,48,JARVIS-DFT dft_3d/dft_2d
JVASP-41897,LiErTl2,225,Fm-3m,3D,,mp-862492,34,JARVIS-DFT dft_3d/dft_2d
JVASP-41898,LiEr2Al,225,Fm-3m,3D,,mp-862493,42,JARVIS-DFT dft_3d/dft_2d
JVASP-41914,Re3Pd,194,P6_3/mmc,3D,,mp-862586,96,JARVIS-DFT dft_3d/dft_2d
JVASP-41918,Be2PtRh,225,Fm-3m,3D,,mp-862600,40,JARVIS-DFT dft_3d/dft_2d
JVASP-41924,LiHfIr2,225,Fm-3m,3D,,mp-862610,38,JARVIS-DFT dft_3d/dft_2d
JVASP-41932,GaPt3,140,I4/mcm,3D,,mp-862621,88,JARVIS-DFT dft_3d/dft_2d
JVASP-41938,ScSbRh2,225,Fm-3m,3D,,mp-862635,44,JARVIS-DFT dft_3d/dft_2d
JVASP-41948,Rb2Zr2O5,123,P4/mmm,3D,,mp-862664,78,JARVIS-DFT dft_3d/dft_2d
JVASP-42014,Sr2TlCd,225,Fm-3m,3D,,mp-862740,44,JARVIS-DFT dft_3d/dft_2d
JVASP-42020,Sr2PtAu,225,Fm-3m,3D,,mp-862747,48,JARVIS-DFT dft_3d/dft_2d
JVASP-42040,LiInPt2,225,Fm-3m,3D,,mp-862774,34,JARVIS-DFT dft_3d/dft_2d
JVASP-42099,ThGaAu2,225,Fm-3m,3D,,mp-862875,44,JARVIS-DFT dft_3d/dft_2d
JVASP-43095,CrSbO4,65,Cmmm,3D,,mp-774944,88,JARVIS-DFT dft_3d/dft_2d
JVASP-43952,Ta2CrNO5,8,Cm,3D,,mp-778348,144,JARVIS-DFT dft_3d/dft_2d
JVASP-44507,Li2MnBAsO7,11,P2_1/m,3D,,mp-772692,148,JARVIS-DFT dft_3d/dft_2d
JVASP-44705,MnSb4O12,1,P1,3D,,mp-773338,116,JARVIS-DFT dft_3d/dft_2d
JVASP-45852,Li2Nb2Fe3O10,1,P1,3D,,mp-767930,124,JARVIS-DFT dft_3d/dft_2d
JVASP-46057,Li2BiO3,52,Pnna,3D,,mp-768970,120,JARVIS-DFT dft_3d/dft_2d
JVASP-46728,Li4Mn3SbP4O16,6,Pm,3D,,mp-767241,180,JARVIS-DFT dft_3d/dft_2d
JVASP-50253,Tb2SbO2,139,I4/mmm,3D,,mp-755713,52,JARVIS-DFT dft_3d/dft_2d
JVASP-50293,AgSnO3,65,Cmmm,3D,,mp-755834,76,JARVIS-DFT dft_3d/dft_2d
JVASP-51097,TaFeSb,216,F-43m,3D,,mp-631267,32,JARVIS-DFT dft_3d/dft_2d
JVASP-51106,KHfNi,216,F-43m,3D,,mp-631296,36,JARVIS-DFT dft_3d/dft_2d
JVASP-51110,InReGe,216,F-43m,3D,,mp-631303,28,JARVIS-DFT dft_3d/dft_2d
JVASP-51113,SnIrSe2,216,F-43m,3D,,mp-631308,36,JARVIS-DFT dft_3d/dft_2d
JVASP-51117,InP2Pb,216,F-43m,3D,,mp-631312,32,JARVIS-DFT dft_3d/dft_2d
JVASP-51126,HgOsPb2,225,Fm-3m,3D,,mp-631323,46,JARVIS-DFT dft_3d/dft_2d
JVASP-51127,HfMnTl,216,F-43m,3D,,mp-631324,32,JARVIS-DFT dft_3d/dft_2d
JVASP-51128,ScHgW2,225,Fm-3m,3D,,mp-631325,54,JARVIS-DFT dft_3d/dft_2d
JVASP-51138,Na2LiTa,216,F-43m,3D,,mp-631339,30,JARVIS-DFT dft_3d/dft_2d
JVASP-51158,TlCuIr,216,F-43m,3D,,mp-631371,32,JARVIS-DFT dft_3d/dft_2d
JVASP-51174,SrHfRe2,216,F-43m,3D,,mp-631392,48,JARVIS-DFT dft_3d/dft_2d
JVASP-51180,CdPOs2,216,F-43m,3D,,mp-631403,44,JARVIS-DFT dft_3d/dft_2d
JVASP-51203,ReRuBr,216,F-43m,3D,,mp-631435,32,JARVIS-DFT dft_3d/dft_2d
JVASP-51208,LiTaBe,216,F-43m,3D,,mp-631449,22,JARVIS-DFT dft_3d/dft_2d
JVASP-51214,BeTcSe,216,F-43m,3D,,mp-631462,28,JARVIS-DFT dft_3d/dft_2d
JVASP-51217,YRhW2,225,Fm-3m,3D,,mp-631465,48,JARVIS-DFT dft_3d/dft_2d
JVASP-51220,SrScBe,216,F-43m,3D,,mp-631468,32,JARVIS-DFT dft_3d/dft_2d
JVASP-51241,BaMgOs2,225,Fm-3m,3D,,mp-631498,44,JARVIS-DFT dft_3d/dft_2d
JVASP-51244,ZrAlW,216,F-43m,3D,,mp-631503,32,JARVIS-DFT dft_3d/dft_2d
JVASP-51267,SiBPb,216,F-43m,3D,,mp-631526,24,JARVIS-DFT dft_3d/dft_2d
JVASP-51277,KBIr2,225,Fm-3m,3D,,mp-631536,44,JARVIS-DFT dft_3d/dft_2d
JVASP-51280,BiBCl,216,F-43m,3D,,mp-631539,22,JARVIS-DFT dft_3d/dft_2d
JVASP-51281,NiBTe,216,F-43m,3D,,mp-631540,28,JARVIS-DFT dft_3d/dft_2d
JVASP-51291,CaBiB,216,F-43m,3D,,mp-631550,28,JARVIS-DFT dft_3d/dft_2d
JVASP-51293,SrBiB,216,F-43m,3D,,mp-631552,28,JARVIS-DFT dft_3d/dft_2d
JVASP-51306,GaAs2W,216,F-43m,3D,,mp-631565,36,JARVIS-DFT dft_3d/dft_2d
JVASP-51313,GaReAs,216,F-43m,3D,,mp-631572,28,JARVIS-DFT dft_3d/dft_2d
JVASP-51314,Re2AuSe,216,F-43m,3D,,mp-631573,44,JARVIS-DFT dft_3d/dft_2d
JVASP-51319,BeSbAs2,225,Fm-3m,3D,,mp-631578,32,JARVIS-DFT dft_3d/dft_2d
JVASP-51322,AlTc2Pb,216,F-43m,3D,,mp-631582,40,JARVIS-DFT dft_3d/dft_2d
JVASP-51323,B2IrCl,225,Fm-3m,3D,,mp-631586,34,JARVIS-DFT dft_3d/dft_2d
JVASP-51336,ReSnGe,216,F-43m,3D,,mp-631754,28,JARVIS-DFT dft_3d/dft_2d
JVASP-51338,FePbW2,216,F-43m,3D,,mp-631895,44,JARVIS-DFT dft_3d/dft_2d
JVASP-51345,Ta2H,115,P-4m2,3D,28022,mp-632311,26,JARVIS-DFT dft_3d/dft_2d
JVASP-51457,V3Pt,221,Pm-3m,3D,105836,mp-636331,48,JARVIS-DFT dft_3d/dft_2d
JVASP-51471,YPb2,63,Cmcm,3D,105640,mp-636614,56,JARVIS-DFT dft_3d/dft_2d
JVASP-51474,YHf2Pb,225,Fm-3m,3D,,mp-636698,44,JARVIS-DFT dft_3d/dft_2d
JVASP-51558,InCuPt2,123,P4/mmm,3D,108380,mp-639659,44,JARVIS-DFT dft_3d/dft_2d
JVASP-51567,YSn6Ru4,121,I-42m,3D,54354,mp-639910,108,JARVIS-DFT dft_3d/dft_2d
JVASP-51748,NaH2Pd3,65,Cmmm,3D,74513,mp-643273,48,JARVIS-DFT dft_3d/dft_2d
JVASP-52132,Tb2O3,224,Pn-3m,3D,,mp-32927,100,JARVIS-DFT dft_3d/dft_2d
JVASP-52332,LiBiS2,123,P4/mmm,3D,,mp-753506,22,JARVIS-DFT dft_3d/dft_2d
JVASP-52617,Sm2O3,224,Pn-3m,3D,,mp-684768,100,JARVIS-DFT dft_3d/dft_2d
JVASP-52645,TePb,186,P6_3mc,3D,,mp-685022,64,JARVIS-DFT dft_3d/dft_2d
JVASP-52847,Ag7NO6,216,F-43m,3D,20563,mp-696470,126,JARVIS-DFT dft_3d/dft_2d
JVASP-53299,UNi2Sn,225,Fm-3m,3D,646802,mp-672374,48,JARVIS-DFT dft_3d/dft_2d
JVASP-53340,Dy2O3,224,Pn-3m,3D,,mp-673165,100,JARVIS-DFT dft_3d/dft_2d
JVASP-53970,NdMg2Ag,225,Fm-3m,3D,110801,mp-644504,44,JARVIS-DFT dft_3d/dft_2d
JVASP-54354,Hf5CuPb3,193,P6_3/mcm,3D,107314,mp-607409,192,JARVIS-DFT dft_3d/dft_2d
JVASP-54439,FeB2W2,127,P4/mbm,3D,43016,mp-613327,104,JARVIS-DFT dft_3d/dft_2d
JVASP-54483,Ta9Fe2S6,189,P-62m,3D,"63592,61415",mp-615821,168,JARVIS-DFT dft_3d/dft_2d
JVASP-54573,Ti3Ag,221,Pm-3m,3D,,mp-621131,48,JARVIS-DFT dft_3d/dft_2d
JVASP-54575,YInAu,189,P-62m,3D,"58513,612083",mp-621176,96,JARVIS-DFT dft_3d/dft_2d
JVASP-54581,YPbAu,216,F-43m,3D,58570,mp-621592,32,JARVIS-DFT dft_3d/dft_2d
JVASP-54631,CaCdPb,189,P-62m,3D,58877,mp-623089,96,JARVIS-DFT dft_3d/dft_2d
JVASP-54664,ScIr3C,221,Pm-3m,3D,77044,mp-624739,56,JARVIS-DFT dft_3d/dft_2d
JVASP-54786,NiHg4,229,Im-3m,3D,151197,mp-570835,84,JARVIS-DFT dft_3d/dft_2d
JVASP-54794,SmAgPb,186,P6_3mc,3D,107103,mp-570855,72,JARVIS-DFT dft_3d/dft_2d
JVASP-54796,DySn3,221,Pm-3m,3D,103370,mp-570860,40,JARVIS-DFT dft_3d/dft_2d
JVASP-54836,TaCr2,194,P6_3/mmc,3D,106524,mp-570963,144,JARVIS-DFT dft_3d/dft_2d
JVASP-54846,ThGe2Os2,139,I4/mmm,3D,637475,mp-571000,52,JARVIS-DFT dft_3d/dft_2d
JVASP-54890,RbW3Cl9,147,P-3,3D,260304,mp-571180,204,JARVIS-DFT dft_3d/dft_2d
JVASP-54893,HfCoSb,216,F-43m,3D,108294,mp-571185,32,JARVIS-DFT dft_3d/dft_2d
JVASP-54925,ZnI2,191,P6/mmm,3D,48016,mp-571292,68,JARVIS-DFT dft_3d/dft_2d
JVASP-54934,Nd3AlC,221,Pm-3m,3D,57528,mp-571330,64,JARVIS-DFT dft_3d/dft_2d
JVASP-54938,ThBi2,129,P4/nmm,3D,"617224,58861",mp-571335,56,JARVIS-DFT dft_3d/dft_2d
JVASP-55027,HfAlPt,190,P-62c,3D,"261008,156267",mp-571619,192,JARVIS-DFT dft_3d/dft_2d
JVASP-56062,ThRh2,194,P6_3/mmc,3D,105948,mp-568337,72,JARVIS-DFT dft_3d/dft_2d
JVASP-56093,LiInSn,216,F-43m,3D,639905,mp-568466,18,JARVIS-DFT dft_3d/dft_2d
JVASP-56106,As4C3,215,P-43m,3D,163831,mp-568505,56,JARVIS-DFT dft_3d/dft_2d
JVASP-56172,Mg3Si8Ir3,216,F-43m,3D,416868,mp-569313,248,JARVIS-DFT dft_3d/dft_2d
JVASP-56178,Te2Ir,62,Pnma,3D,93894,mp-569322,112,JARVIS-DFT dft_3d/dft_2d
JVASP-56232,LiCaBi,62,Pnma,3D,"58762,616539",mp-569501,88,JARVIS-DFT dft_3d/dft_2d
JVASP-56252,Ta3AlC2,194,P6_3/mmc,3D,249399,mp-569568,120,JARVIS-DFT dft_3d/dft_2d
JVASP-56312,TlPd3,221,Pm-3m,3D,,mp-569785,44,JARVIS-DFT dft_3d/dft_2d
JVASP-56327,YInAg2,225,Fm-3m,3D,58304,mp-569823,44,JARVIS-DFT dft_3d/dft_2d
JVASP-56367,K3Bi,194,P6_3/mmc,3D,26885,mp-569940,88,JARVIS-DFT dft_3d/dft_2d
JVASP-56561,ScBi,225,Fm-3m,3D,58856,mp-570632,20,JARVIS-DFT dft_3d/dft_2d
JVASP-56621,Tb3AlC,221,Pm-3m,3D,43866,mp-570822,64,JARVIS-DFT dft_3d/dft_2d
JVASP-56734,YSnAu,186,P6_3mc,3D,415826,mp-567197,64,JARVIS-DFT dft_3d/dft_2d
JVASP-56771,Li2AgSn,216,F-43m,3D,58318,mp-567347,24,JARVIS-DFT dft_3d/dft_2d
JVASP-56776,BiTe,225,Fm-3m,3D,44984,mp-567362,16,JARVIS-DFT dft_3d/dft_2d
JVASP-56928,Ba2Bi,139,I4/mmm,3D,2141,mp-567872,64,JARVIS-DFT dft_3d/dft_2d
JVASP-56931,Ti4CoBi2,140,I4/mcm,3D,150147,mp-567883,152,JARVIS-DFT dft_3d/dft_2d
JVASP-56974,Nb3Bi,223,Pm-3n,3D,58817,mp-568014,88,JARVIS-DFT dft_3d/dft_2d
JVASP-57644,Sm3Se4,220,I-43d,3D,"651872,651890",mp-1344,160,JARVIS-DFT dft_3d/dft_2d
JVASP-58259,Te2Ir,205,Pa-3,3D,"93893,641087",mp-10844,112,JARVIS-DFT dft_3d/dft_2d
JVASP-59088,Rb3Os2Br9,194,P6_3/mmc,3D,"56896,75452",mp-30167,264,JARVIS-DFT dft_3d/dft_2d
JVASP-59502,Ta5Ge3,193,P6_3/mcm,3D,"637960,56028",mp-17013,168,JARVIS-DFT dft_3d/dft_2d
JVASP-59656,InAs,205,Pa-3,3D,41993,mp-20412,128,JARVIS-DFT dft_3d/dft_2d
JVASP-59757,YMn6Sn6,191,P6/mmm,3D,"240144,240145,240146,240147,240148,240149,240150,240151",mp-22260,132,JARVIS-DFT dft_3d/dft_2d
JVASP-60235,P,53,Pmna,2D,,mp-157,32,JARVIS-DFT dft_3d/dft_2d
JVASP-60236,Nb2O5,12,C2/m,2D,,mp-1595,54,JARVIS-DFT dft_3d/dft_2d
JVASP-60237,Te2Au,164,P-3m1,2D,,mp-1662,28,JARVIS-DFT dft_3d/dft_2d
JVASP-60241,Ge3Sb2O9,174,P-6,2D,,mp-17708,94,JARVIS-DFT dft_3d/dft_2d
JVASP-60242,SiAs,12,C2/m,2D,,mp-1863,96,JARVIS-DFT dft_3d/dft_2d
JVASP-60244,FeSe,129,P4/nmm,2D,,mp-20311,40,JARVIS-DFT dft_3d/dft_2d
JVASP-60249,TeO2,14,P2_1/c,2D,,mp-2125,80,JARVIS-DFT dft_3d/dft_2d
JVASP-60253,UTe3,31,Pmn2_1,2D,,mp-22231,80,JARVIS-DFT dft_3d/dft_2d
JVASP-60254,InCuP2Se6,149,P312,2D,,mp-22449,84,JARVIS-DFT dft_3d/dft_2d
JVASP-60257,CuBr,129,P4/nmm,2D,,mp-22917,40,JARVIS-DFT dft_3d/dft_2d
JVASP-60261,CuBr,187,P-6m2,2D,,mp-23227,20,JARVIS-DFT dft_3d/dft_2d
JVASP-60262,Bi2O3,2,P-1,2D,,mp-23262,68,JARVIS-DFT dft_3d/dft_2d
JVASP-60264,TbCl3,59,Pmmn,2D,,mp-23293,68,JARVIS-DFT dft_3d/dft_2d
JVASP-60280,UBr4,12,C2/m,2D,,mp-27153,96,JARVIS-DFT dft_3d/dft_2d
JVASP-60286,AlPd5I2,123,P4/mmm,2D,,mp-27393,84,JARVIS-DFT dft_3d/dft_2d
JVASP-60291,ThI4,14,P2_1/c,2D,,mp-27697,176,JARVIS-DFT dft_3d/dft_2d
JVASP-60293,PdI2,14,P2_1/c,2D,,mp-27747,112,JARVIS-DFT dft_3d/dft_2d
JVASP-60294,UIN,129,P4/nmm,2D,,mp-27763,60,JARVIS-DFT dft_3d/dft_2d
JVASP-60300,NdBr3,59,Pmmn,2D,,mp-27975,80,JARVIS-DFT dft_3d/dft_2d
JVASP-60301,SiP,12,C2/m,2D,,mp-2798,96,JARVIS-DFT dft_3d/dft_2d
JVASP-60308,SbAsO3,1,P1,2D,,mp-28109,68,JARVIS-DFT dft_3d/dft_2d
JVASP-60337,Ag3SnP7,1,P1,2D,,mp-29849,100,JARVIS-DFT dft_3d/dft_2d
JVASP-60340,BaAl2Cl8,13,P2/c,2D,,mp-30023,152,JARVIS-DFT dft_3d/dft_2d
JVASP-60349,Ta3SBr7,8,Cm,2D,,mp-31015,98,JARVIS-DFT dft_3d/dft_2d
JVASP-60357,VBrO,59,Pmmn,2D,,mp-32497,52,JARVIS-DFT dft_3d/dft_2d
JVASP-60389,CrGeTe3,162,P-31m,2D,,mp-541449,88,JARVIS-DFT dft_3d/dft_2d
JVASP-60391,CoH2SeO4,1,P1,2D,,mp-541780,96,JARVIS-DFT dft_3d/dft_2d
JVASP-60392,CrPS4,2,P-1,2D,,mp-542096,88,JARVIS-DFT dft_3d/dft_2d
JVASP-60443,CrCl3,162,P-31m,2D,,mp-567504,60,JARVIS-DFT dft_3d/dft_2d
JVASP-60459,UTe3,11,P2_1/m,2D,,mp-568948,80,JARVIS-DFT dft_3d/dft_2d
JVASP-60477,RuCl3,162,P-31m,2D,,mp-570997,60,JARVIS-DFT dft_3d/dft_2d
JVASP-60482,TiCl3,12,C2/m,2D,,mp-571424,60,JARVIS-DFT dft_3d/dft_2d
JVASP-60483,NbCoTe2,14,P2_1/c,2D,,mp-571471,160,JARVIS-DFT dft_3d/dft_2d
JVASP-60484,HgBr2,164,P-3m1,2D,,mp-571558,102,JARVIS-DFT dft_3d/dft_2d
JVASP-60488,ReS2,2,P-1,2D,,mp-572758,96,JARVIS-DFT dft_3d/dft_2d
JVASP-60491,PbI2,164,P-3m1,2D,,mp-574189,24,JARVIS-DFT dft_3d/dft_2d
JVASP-60493,PbI2,164,P-3m1,2D,,mp-580202,24,JARVIS-DFT dft_3d/dft_2d
JVASP-60494,Re3Se4Cl,2,P-1,2D,,mp-580748,148,JARVIS-DFT dft_3d/dft_2d
JVASP-60504,ScHO2,31,Pmn2_1,2D,,mp-625150,52,JARVIS-DFT dft_3d/dft_2d
JVASP-60505,AlH3O3,2,P-1,2D,,mp-625316,64,JARVIS-DFT dft_3d/dft_2d
JVASP-60507,TeH2O4,7,Pc,2D,,mp-625526,72,JARVIS-DFT dft_3d/dft_2d
JVASP-60510,SrAl2Cl8,13,P2/c,2D,,mp-628726,152,JARVIS-DFT dft_3d/dft_2d
JVASP-60512,As2S3,1,P1,2D,,mp-641,68,JARVIS-DFT dft_3d/dft_2d
JVASP-60522,UTe5,4,P2_1,2D,,mp-651772,112,JARVIS-DFT dft_3d/dft_2d
JVASP-60525,VAgP2Se6,5,C2,2D,,mp-6543,88,JARVIS-DFT dft_3d/dft_2d
JVASP-60526,PbI2,164,P-3m1,2D,,mp-672671,24,JARVIS-DFT dft_3d/dft_2d
JVASP-60529,Li2UBr6,162,P-31m,2D,,mp-675438,68,JARVIS-DFT dft_3d/dft_2d
JVASP-60530,Y2GeI2,164,P-3m1,2D,,mp-676315,48,JARVIS-DFT dft_3d/dft_2d
JVASP-60536,MoCl3,162,P-31m,2D,,mp-684640,60,JARVIS-DFT dft_3d/dft_2d
JVASP-60543,GaAgP2Se6,149,P312,2D,,mp-7008,84,JARVIS-DFT dft_3d/dft_2d
JVASP-60549,BiBr3,14,P2_1/c,2D,,mp-752602,128,JARVIS-DFT dft_3d/dft_2d
JVASP-60558,YBr3,12,C2/m,2D,,mp-754815,72,JARVIS-DFT dft_3d/dft_2d
JVASP-60566,MoSe2,187,P-6m2,2D,,mp-7581,28,JARVIS-DFT dft_3d/dft_2d
JVASP-60573,WO2F2,38,Amm2,2D,,mp-764365,36,JARVIS-DFT dft_3d/dft_2d
JVASP-60578,CrP2S7,5,C2,2D,,mp-768680,70,JARVIS-DFT dft_3d/dft_2d
JVASP-60582,CoTeO4,10,P2/m,2D,,mp-771247,44,JARVIS-DFT dft_3d/dft_2d
JVASP-60589,NiTeO4,10,P2/m,2D,,mp-774160,44,JARVIS-DFT dft_3d/dft_2d
JVASP-60594,BN,187,P-6m2,2D,,mp-7991,14,JARVIS-DFT dft_3d/dft_2d
JVASP-60595,GaGeTe,164,P-3m1,2D,,mp-8211,48,JARVIS-DFT dft_3d/dft_2d
JVASP-60596,Ta2PdS6,12,C2/m,2D,,mp-8435,72,JARVIS-DFT dft_3d/dft_2d
JVASP-60597,Ta2PdSe6,12,C2/m,2D,,mp-8436,84,JARVIS-DFT dft_3d/dft_2d
JVASP-60603,TaFeTe3,11,P2_1/m,2D,,mp-8848,96,JARVIS-DFT dft_3d/dft_2d
JVASP-60604,SnSe,129,P4/nmm,2D,,mp-8936,32,JARVIS-DFT dft_3d/dft_2d
JVASP-60607,Al2Te5,12,C2/m,2D,,mp-9254,56,JARVIS-DFT dft_3d/dft_2d
JVASP-60612,SiAs2,26,Pmc2_1,2D,,mp-978553,96,JARVIS-DFT dft_3d/dft_2d
JVASP-60776,InS,129,P4/nmm,2D,,mp-19795,28,JARVIS-DFT dft_3d/dft_2d
JVASP-76195,CrI3,162,P-31m,2D,,mp-1213805,72,JARVIS-DFT dft_3d/dft_2d
JVASP-76869,Y2TlCu,71,Immm,3D,,mp-1096218,44,JARVIS-DFT dft_3d/dft_2d
JVASP-76891,Y2InCu,12,C2/m,3D,,mp-1096300,44,JARVIS-DFT dft_3d/dft_2d
JVASP-76930,Li2MgGa,71,Immm,3D,,mp-1096408,20,JARVIS-DFT dft_3d/dft_2d
JVASP-77062,Li2InSb,71,Immm,3D,,mp-1097086,20,JARVIS-DFT dft_3d/dft_2d
JVASP-78460,RbB,225,Fm-3m,3D,,mp-1061023,20,JARVIS-DFT dft_3d/dft_2d
JVASP-79710,Na2HgBi,12,C2/m,3D,,mp-1093583,42,JARVIS-DFT dft_3d/dft_2d
JVASP-80997,ZnNiPd2,71,Immm,3D,,mp-1096076,54,JARVIS-DFT dft_3d/dft_2d
JVASP-81240,Li2MgGa,71,Immm,3D,,mp-1096408,20,JARVIS-DFT dft_3d/dft_2d
JVASP-81597,LiPbAu2,71,Immm,3D,,mp-1097183,34,JARVIS-DFT dft_3d/dft_2d
JVASP-81634,Si2TcIr,71,Immm,3D,,mp-1097230,40,JARVIS-DFT dft_3d/dft_2d
JVASP-81775,Hf2CuMo,71,Immm,3D,,mp-1097409,48,JARVIS-DFT dft_3d/dft_2d
JVASP-85013,Fe3Sn2,166,R-3m,3D,71,mp-27505,104,JARVIS-DFT dft_3d/dft_2d
