icsd,formula,space_group_number,space_group_symbol,point_group,material_id,curated_flatband,best_flatband,atomic_flatband,high_quality,topology_soc,topology_nosoc,superconductor,nonzero_magnetisation,theory_entry,n_electrons,structure_type,a,b,c,alpha,beta,gamma,n_kagome,n_pyrochlore,n_lieb,n_bipartite,n_split,materials_project,cif_file,cif_symmetry_ops
16,Cu1 N6 O12 Pb1 Tl2,202,Fm-3,<i>m</i>-3,16,1,0,0,1,ESFD (SM),ESFD (SM),0,0,0,123,K2PbCu(NO2)6,10.7344,10.7344,10.7344,90,90,90,0,0,0,0,0,https://materialsproject.org/materials/icsd/16,cif/16.cif,96
19,C1 H4 Na4 O9 P2,81,P-4,-4,19,0,0,1,0,Trivial,Trivial,0,0,0,152,,8.489,8.489,6.468,90,90,90,0,0,0,0,0,https://materialsproject.org/materials/icsd/19,cif/19.cif,4
103,H12 Cu1 N2 O6 Sn1,2,P-1,-1,103,0,0,1,0,ESFD (SM),ESFD (SM),0,1,0,73,,5.643,6.621,4.885,91.83,93.58,107.69,0,0,0,0,0,https://materialsproject.org/materials/icsd/103,cif/103.cif,2
175,Ba1 Ni1 O3,194,P63/mmc,6/<i>mmm</i>,175,1,0,0,0,Trivial,Trivial,0,0,0,76,BaNiO3,5.629,5.629,4.811,90,90,120,0,0,0,2,0,https://materialsproject.org/materials/icsd/175,cif/175.cif,24
179,K2 N6 Ni1 O12 Sr1,202,Fm-3,<i>m</i>-3,179,1,0,0,1,ESFD (SM),ESFD (SM),0,0,0,140,K2PbCu(NO2)6,10.5063,10.5063,10.5063,90,90,90,0,0,0,0,0,https://materialsproject.org/materials/icsd/179,cif/179.cif,96
1000,C6 Cs2 Fe1 Li1 N6,225,Fm-3m,<i>m</i>-3<i>m</i>,1000,0,0,1,1,ESFD (SM),ESFD (SM),0,0,0,81,Cs2LiCo(CN)6,10.571,10.571,10.571,90,90,90,0,0,0,0,0,https://materialsproject.org/materials/icsd/1000,cif/1000.cif,192
1001,C6 Cs2 Fe1 Li1 N6,225,Fm-3m,<i>m</i>-3<i>m</i>,1000,0,0,1,1,ESFD (SM),ESFD (SM),0,0,0,81,Cs2LiCo(CN)6,10.571,10.571,10.571,90,90,90,0,0,0,0,0,https://materialsproject.org/materials/icsd/1001,cif/1001.cif,192
1010,Cl4 Nb1,12,C2/m,2/<i>m</i>,1010,0,0,1,1,Trivial,Trivial,0,0,0,82,,8.14,6.823,8.852,90,91.92,90,0,0,0,4,0,https://materialsproject.org/materials/icsd/1010,cif/1010.cif,8
1036,As1 Na3 S3,198,P213,23,1036,1,0,0,0,Trivial,Trivial,0,1,0,104,Na3AsS3,8.573,8.573,8.573,90,90,90,0,0,0,0,0,https://materialsproject.org/materials/icsd/1036,cif/1036.cif,12
1055,Cl2 Cu2 O1,70,Fddd,<i>mmm</i>,1055,1,0,0,0,SEBR (TI),ES (SM),0,0,0,84,,9.699,9.603,7.462,90,90,90,0,0,0,6,0,https://materialsproject.org/materials/icsd/1055,cif/1055.cif,32
1076,Cu1 La2 O4,64,Cmce,<i>mmm</i>,1076,1,0,0,0,ESFD (SM),ESFD (SM),0,0,0,114,La2CuO4,5.406,5.37,13.15,90,90,90,0,0,0,3,0,https://materialsproject.org/materials/icsd/1076,cif/1076.cif,16
1084,C2 N2 S3,62,Pnma,<i>mmm</i>,1084,0,0,1,0,Trivial,Trivial,0,0,0,144,S(SCN)2,10.06,12.715,4.24,90,90,90,0,0,0,0,0,https://materialsproject.org/materials/icsd/1084,cif/1084.cif,8
1108,Na2 O4 Te1,60,Pbcn,<i>mmm</i>,1108,0,0,1,0,Trivial,Trivial,0,0,0,128,,5.798,12.24,5.214,90,90,90,0,0,0,4,0,https://materialsproject.org/materials/icsd/1108,cif/1108.cif,8
1117,Cl1 Na1 O3,198,P213,23,1117,0,0,1,0,Trivial,Trivial,0,1,0,104,NaClO3,6.575,6.575,6.575,90,90,90,0,0,0,0,0,https://materialsproject.org/materials/icsd/1117,cif/1117.cif,12
1120,K2 O7 Zn6,102,P42nm,4<i>mm</i>,1120,1,0,0,0,Trivial,Trivial,0,0,0,264,K2Zn6O7,10.912,10.912,3.325,90,90,90,0,0,0,6,0,https://materialsproject.org/materials/icsd/1120,cif/1120.cif,8
1129,Ba1 Br1 F1,129,P4/nmm,4/<i>mmm</i>,1129,1,0,0,0,Trivial,Trivial,0,0,0,48,PbClF,4.508,4.508,7.441,90,90,90,0,0,0,0,0,https://materialsproject.org/materials/icsd/1129,cif/1129.cif,16
1135,H6 Li1 N1 O6,63,Cmcm,<i>mmm</i>,1135,0,0,1,0,Trivial,Trivial,0,0,0,96,LiNO3(H2O)3,6.8018,12.7132,5.999,90,90,90,0,0,0,0,0,https://materialsproject.org/materials/icsd/1135,cif/1135.cif,16
1140,H12 Ca1 Cl2 O6,150,P321,32,1140,0,0,1,0,Trivial,Trivial,0,1,0,64,CaCl2(H2O)6,7.876,7.876,3.954,90,90,120,0,0,0,0,0,https://materialsproject.org/materials/icsd/1140,cif/1140.cif,6
1141,H12 Br2 Ca1 O6,150,P321,32,1141,0,0,1,0,Trivial,Trivial,0,1,0,64,CaCl2(H2O)6,8.164,8.164,4.016,90,90,120,0,0,0,0,0,https://materialsproject.org/materials/icsd/1141,cif/1141.cif,6
1144,N3 Na1,166,R-3m,-3<i>m</i>,1144,1,0,0,0,Trivial,Trivial,0,0,0,16,NaN3(beta),3.646,3.646,15.223,90,90,120,0,0,0,0,0,https://materialsproject.org/materials/icsd/1144,cif/1144.cif,36
1177,Ba3 Ni1 O9 Sb2,186,P63mc,6<i>mm</i>,1177,1,0,0,1,Trivial,Trivial,0,0,0,208,Ba3NiSb2O9,5.837,5.837,14.392,90,90,120,0,0,0,3,0,https://materialsproject.org/materials/icsd/1177,cif/1177.cif,12
1194,C1 B1 F6 K1,14,P21/c,2/<i>m</i>,1194,0,0,1,0,Trivial,Trivial,0,0,0,232,,4.843,16.331,6.348,90,101.89,90,0,0,0,0,0,https://materialsproject.org/materials/icsd/1194,cif/1194.cif,4
1263,K2 S3,36,Cmc21,<i>mm</i>2,1263,0,0,1,1,Trivial,Trivial,0,1,0,72,K2S3,7.309,9.914,7.473,90,90,90,0,0,0,0,0,https://materialsproject.org/materials/icsd/1263,cif/1263.cif,8
1264,K2 Se3,36,Cmc21,<i>mm</i>2,1264,0,0,1,1,Trivial,Trivial,0,1,0,72,K2S3,7.692,10.408,7.717,90,90,90,0,0,0,0,0,https://materialsproject.org/materials/icsd/1264,cif/1264.cif,8
1274,Cu1 K2 N6 O12 Pb1,69,Fmmm,<i>mmm</i>,1274,1,0,0,1,ESFD (SM),ESFD (SM),0,0,0,135,K2SrCu2(NO2)6,10.741,10.734,10.538,90,90,90,0,0,0,0,0,https://materialsproject.org/materials/icsd/1274,cif/1274.cif,32
1301,Cl1 Na1 O3,198,P213,23,1117,0,0,1,1,Trivial,Trivial,0,1,0,104,NaClO3,6.57584,6.57584,6.57584,90,90,90,0,0,0,0,0,https://materialsproject.org/materials/icsd/1301,cif/1301.cif,12
1302,Br1 Na1 O3,198,P213,23,1302,0,0,1,1,Trivial,Trivial,0,1,0,104,NaClO3,6.70717,6.70717,6.70717,90,90,90,0,0,0,2,0,https://materialsproject.org/materials/icsd/1302,cif/1302.cif,12
1303,Ca1 Cu3 Ge4 O12,204,Im-3,<i>m</i>-3,1303,0,0,1,0,ESFD (SM),ESFD (SM),0,0,0,123,NaMn7O12,7.202,7.202,7.202,90,90,90,1,0,0,3,0,https://materialsproject.org/materials/icsd/1303,cif/1303.cif,48
1309,H12 F8 O6 Zr2,2,P-1,-1,1309,0,0,1,0,Trivial,Trivial,0,1,0,112,,5.948,6.964,7.572,90.55,105.06,118.72,0,0,0,0,0,https://materialsproject.org/materials/icsd/1309,cif/1309.cif,2
1321,H6 Cl1 Li1 O7,186,P63mc,6<i>mm</i>,1321,0,0,1,1,Trivial,Trivial,0,0,0,112,LiClO4(H2O)3,7.7192,7.7192,5.4531,90,90,120,0,0,0,0,0,https://materialsproject.org/materials/icsd/1321,cif/1321.cif,12
1322,Be4 O7 Te1,216,F-43m,-43<i>m</i>,1322,1,0,0,1,Trivial,Trivial,0,0,0,56,,7.577,7.577,7.577,90,90,90,0,1,0,4,0,https://materialsproject.org/materials/icsd/1322,cif/1322.cif,96
1372,H1 Cr1 O2,160,R3m,3<i>m</i>,1372,1,0,0,1,ESFD (SM),ESFD (SM),0,1,0,19,CrOOH(R3m),2.979,2.979,13.37,90,90,120,0,0,0,0,0,https://materialsproject.org/materials/icsd/1372,cif/1372.cif,18
1384,F1 Li1 O3 S1,12,C2/m,2/<i>m</i>,1384,0,0,1,1,Trivial,Trivial,0,0,0,64,CrPS4,8.54,7.62,4.98,90,90,90,0,0,0,2,0,https://materialsproject.org/materials/icsd/1384,cif/1384.cif,8
1413,O3 Pb1 Rb2,36,Cmc21,<i>mm</i>2,1413,1,0,0,0,Trivial,Trivial,0,1,0,80,Na2SiO3,10.838,7.494,6.011,90,90,90,0,0,0,3,0,https://materialsproject.org/materials/icsd/1413,cif/1413.cif,8
1439,H4 F1 Li1 N1 O3 P1,14,P21/c,2/<i>m</i>,1439,1,0,0,0,Trivial,Trivial,0,0,0,160,,5.463,5.049,14.362,90,90.82,90,0,0,0,0,0,https://materialsproject.org/materials/icsd/1439,cif/1439.cif,4
1449,Ba3 O5 Si1,140,I4/mcm,4/<i>mmm</i>,1449,1,0,0,1,Trivial,Trivial,0,0,0,128,Cs3CoCl5,7.3023,7.3023,11.2178,90,90,90,0,0,0,0,0,https://materialsproject.org/materials/icsd/1449,cif/1449.cif,32
1457,O7 Sc2 Si2,227,Fd-3m,<i>m</i>-3<i>m</i>,1457,1,0,0,1,Trivial,Trivial,0,0,0,112,Pyrochlore-NaCa(Nb2O6)F,9.287,9.287,9.287,90,90,90,2,2,0,4,0,https://materialsproject.org/materials/icsd/1457,cif/1457.cif,192
1487,H4 N1 O3 V1,57,Pbcm,<i>mmm</i>,1487,1,0,0,0,Trivial,Trivial,0,0,0,128,KVO3,4.909,11.786,5.83,90,90,90,0,0,0,0,0,https://materialsproject.org/materials/icsd/1487,cif/1487.cif,8
1504,O2 V1,136,P42/mnm,4/<i>mmm</i>,1504,1,0,0,1,ESFD (SM),ESFD (SM),0,0,0,34,Rutile-TiO2,4.5546,4.5546,2.8528,90,90,90,0,0,0,3,0,https://materialsproject.org/materials/icsd/1504,cif/1504.cif,16
1522,O3 Sr1 Zr1,140,I4/mcm,4/<i>mmm</i>,1522,1,1,0,1,Trivial,Trivial,0,0,0,64,Perovskite-SrTiO3,5.8504,5.8504,8.2952,90,90,90,0,0,0,4,0,https://materialsproject.org/materials/icsd/1522,cif/1522.cif,32
1528,F6 K2 Re1,164,P-3m1,-3<i>m</i>,1528,0,0,1,1,ESFD (SM),ESFD (SM),0,0,0,67,K2GeF6,5.879,5.879,4.611,90,90,120,0,0,0,0,0,https://materialsproject.org/materials/icsd/1528,cif/1528.cif,12
1602,H11 Na2 O8 P1,31,Pmn21,<i>mm</i>2,1602,0,0,1,0,Trivial,Trivial,0,0,0,132,,7.19,6.447,9.23,90,90,90,0,0,0,0,0,https://materialsproject.org/materials/icsd/1602,cif/1602.cif,4
1610,O3 Pb1 Ti1,99,P4mm,4<i>mm</i>,1610,1,0,0,0,Trivial,Trivial,0,1,0,26,Perovskite-PbTiO3,3.895,3.895,4.171,90,90,90,0,0,0,5,0,https://materialsproject.org/materials/icsd/1610,cif/1610.cif,8
1611,O3 Pb1 Ti1,99,P4mm,4<i>mm</i>,1610,1,0,0,0,Trivial,Trivial,0,1,0,26,Perovskite-PbTiO3,3.899,3.899,4.167,90,90,90,0,0,0,5,0,https://materialsproject.org/materials/icsd/1611,cif/1611.cif,8
1612,O3 Pb1 Ti1,99,P4mm,4<i>mm</i>,1610,1,0,0,0,Trivial,Trivial,0,1,0,26,Perovskite-PbTiO3,3.905,3.905,4.156,90,90,90,0,0,0,5,0,https://materialsproject.org/materials/icsd/1612,cif/1612.cif,8
1626,Na1 O6 S2 Tl3,164,P-3m1,-3<i>m</i>,1626,1,0,0,1,Trivial,Trivial,0,0,0,58,K2SO3,5.723,5.723,7.216,90,90,120,0,0,0,0,0,https://materialsproject.org/materials/icsd/1626,cif/1626.cif,12
1640,H12 Cl2 Hg1 O14,164,P-3m1,-3<i>m</i>,1640,0,0,1,1,Trivial,Trivial,0,0,0,122,Hg(H2O)6(ClO4)2,8.005,8.005,5.344,90,90,120,0,0,0,0,0,https://materialsproject.org/materials/icsd/1640,cif/1640.cif,12
1659,F2 K2 O5 P2,15,C2/c,2/<i>m</i>,1659,0,0,1,1,Trivial,Trivial,0,0,0,144,,12.614,7.585,7.195,90,90.91,90,0,0,0,0,0,https://materialsproject.org/materials/icsd/1659,cif/1659.cif,8
1668,Cl6 K2 Sn1,225,Fm-3m,<i>m</i>-3<i>m</i>,1668,1,1,0,1,Trivial,Trivial,0,0,0,64,K2PtCl6,9.9877,9.9877,9.9877,90,90,90,0,0,0,0,0,https://materialsproject.org/materials/icsd/1668,cif/1668.cif,192
1691,As1 F7 Xe1,14,P21/c,2/<i>m</i>,1691,0,0,1,0,Trivial,Trivial,0,0,0,248,XeFAsF6,6.308,6.275,16.023,90,99.97,90,0,0,0,0,0,https://materialsproject.org/materials/icsd/1691,cif/1691.cif,4
1830,Ba1 Cu1 K2 N6 O12,69,Fmmm,<i>mmm</i>,1830,1,0,0,1,ESFD (SM),ESFD (SM),0,0,0,141,K2SrCu2(NO2)6,11.219,10.728,10.685,90,90,90,0,0,0,0,0,https://materialsproject.org/materials/icsd/1830,cif/1830.cif,32
1834,H12 Mg1 O12 S2,2,P-1,-1,1834,0,0,1,0,Trivial,Trivial,0,0,0,98,MgS2O6(H2O)6,6.819,6.747,6.506,94.23,96.76,101.72,0,0,0,0,0,https://materialsproject.org/materials/icsd/1834,cif/1834.cif,2
1836,H12 O12 S2 Zn1,2,P-1,-1,1836,0,0,1,0,Trivial,Trivial,0,0,0,108,MgS2O6(H2O)6,6.799,6.752,6.491,94.58,96.2,101.47,0,0,0,0,0,https://materialsproject.org/materials/icsd/1836,cif/1836.cif,2
1845,Cl8 Mn1 Na6,225,Fm-3m,<i>m</i>-3<i>m</i>,1845,0,0,1,1,ESFD (SM),ESFD (SM),0,0,0,69,Mg6MnO8,11.2274,11.2274,11.2274,90,90,90,1,0,0,5,0,https://materialsproject.org/materials/icsd/1845,cif/1845.cif,192
1852,C1 H2 Na2 O4,29,Pca21,<i>mm</i>2,1852,0,0,1,0,Trivial,Trivial,0,0,0,128,Na2CO3H2O,6.472,10.724,5.259,90,90,90,0,0,0,0,0,https://materialsproject.org/materials/icsd/1852,cif/1852.cif,4
1858,H6 Cl1 Na1 O5,2,P-1,-1,1858,0,0,1,0,Trivial,Trivial,0,0,0,88,NaClO2(H2O)3,6.96,8.842,5.504,92.36,119.09,104.73,0,0,0,0,0,https://materialsproject.org/materials/icsd/1858,cif/1858.cif,2
1879,F6 Mo1,229,Im-3m,<i>m</i>-3<i>m</i>,1879,1,0,0,1,Trivial,Trivial,0,0,0,48,SF6,6.221,6.221,6.221,90,90,90,0,0,0,0,0,https://materialsproject.org/materials/icsd/1879,cif/1879.cif,96
1883,Na2 O7 W2,64,Cmce,<i>mmm</i>,1883,0,0,1,0,Trivial,Trivial,0,0,0,224,Na2Mo2O7,7.216,11.899,14.716,90,90,90,0,0,0,1,0,https://materialsproject.org/materials/icsd/1883,cif/1883.cif,16
1900,H3 N1 O4,33,Pna21,<i>mm</i>2,1900,0,0,1,0,Trivial,Trivial,0,0,0,128,H3ONO3,5.4647,8.6439,6.2308,90,90,90,0,0,0,0,0,https://materialsproject.org/materials/icsd/1900,cif/1900.cif,4
1901,H3 N1 O4,33,Pna21,<i>mm</i>2,1900,0,0,1,0,Trivial,ES (SM),0,1,0,128,H3ONO3,5.4759,8.7242,6.3275,90,90,90,0,0,0,0,0,https://materialsproject.org/materials/icsd/1901,cif/1901.cif,4
1904,F2 K3 Na1 O6 P2,164,P-3m1,-3<i>m</i>,1904,0,0,1,1,Trivial,Trivial,0,0,0,88,K3Na(SO4)2,5.761,5.761,7.374,90,90,120,0,0,0,0,0,https://materialsproject.org/materials/icsd/1904,cif/1904.cif,12
1913,H6 Cl1 Li1 O7,186,P63mc,6<i>mm</i>,1321,0,0,1,1,Trivial,Trivial,0,0,0,112,LiClO4(H2O)3,7.719,7.719,5.455,90,90,120,0,0,0,0,0,https://materialsproject.org/materials/icsd/1913,cif/1913.cif,12
1914,H6 Cl1 Li1 O7,186,P63mc,6<i>mm</i>,1321,0,0,1,1,Trivial,Trivial,0,0,0,112,LiClO4(H2O)3,7.719,7.719,5.455,90,90,120,0,0,0,0,0,https://materialsproject.org/materials/icsd/1914,cif/1914.cif,12
1915,H4 Cu1 Na2 O10 S2,14,P21/c,2/<i>m</i>,1915,0,0,1,0,ESFD (SM),ESFD (SM),0,0,0,178,Roselite,5.807,12.656,5.517,90,108.32,90,0,0,0,0,0,https://materialsproject.org/materials/icsd/1915,cif/1915.cif,4
1925,K2 O8 V3,100,P4bm,4<i>mm</i>,1925,0,0,1,1,ESFD (SM),ESFD (SM),0,1,0,162,Ba2TiOSi2O7,8.87,8.87,5.215,90,90,90,0,0,0,3,0,https://materialsproject.org/materials/icsd/1925,cif/1925.cif,8
1937,K2 N6 Ni1 O12 Pb1,202,Fm-3,<i>m</i>-3,1937,0,0,1,1,ESFD (SM),ESFD (SM),0,0,0,134,K2PbCu(NO2)6,10.5775,10.5775,10.5775,90,90,90,0,0,0,0,0,https://materialsproject.org/materials/icsd/1937,cif/1937.cif,96
1939,H2 B3 Na3 O7,62,Pnma,<i>mmm</i>,1939,0,0,1,0,Trivial,Trivial,0,0,0,224,,8.923,7.152,9.548,90,90,90,0,0,0,0,0,https://materialsproject.org/materials/icsd/1939,cif/1939.cif,8
1954,H6 Cl1 Na1 O5,2,P-1,-1,1858,0,0,1,0,Trivial,Trivial,0,0,0,88,NaClO2(H2O)3,5.492,6.412,8.832,72.06,87.73,70.88,0,0,0,0,0,https://materialsproject.org/materials/icsd/1954,cif/1954.cif,2
1975,Al4 B2 Co1 O10,14,P21/c,2/<i>m</i>,1975,0,0,1,0,ESFD (SM),ESFD (SM),0,1,0,174,Mg5(SiO4)2F2,7.221,4.371,9.534,90,108.45,90,0,0,0,2,0,https://materialsproject.org/materials/icsd/1975,cif/1975.cif,4
1982,Br4 K2 Pd1,123,P4/mmm,4/<i>mmm</i>,1982,1,0,0,1,Trivial,Trivial,0,0,0,56,K2PtCl4,7.409,7.409,4.309,90,90,90,0,0,0,0,0,https://materialsproject.org/materials/icsd/1982,cif/1982.cif,16
10004,Cu4 Na3 S4,55,Pbam,<i>mmm</i>,10004,1,0,0,1,ESFD (SM),ESFD (SM),0,0,0,142,,14.624,7.163,3.771,90,90,90,0,0,0,0,0,https://materialsproject.org/materials/icsd/10004,cif/10004.cif,8
10042,Cs1 I3 Mn1,194,P63/mmc,6/<i>mmm</i>,10042,1,0,0,0,ESFD (SM),ESFD (SM),0,0,0,74,BaNiO3,8.196,8.196,6.958,90,90,120,0,0,0,0,0,https://materialsproject.org/materials/icsd/10042,cif/10042.cif,24
10051,In2 Li3,166,R-3m,-3<i>m</i>,10051,1,0,0,1,ESFD (SM),ESFD (SM),0,0,0,9,Al2Li3,4.748,4.748,14.74,90,90,120,0,0,0,0,0,https://materialsproject.org/materials/icsd/10051,cif/10051.cif,36
10072,C2 N2 Se3,62,Pnma,<i>mmm</i>,10072,0,0,1,1,Trivial,Trivial,0,0,0,144,S(SCN)2,10.1397,13.4514,4.5139,90,90,90,0,0,0,0,0,https://materialsproject.org/materials/icsd/10072,cif/10072.cif,8
10104,La3 O10 Os2,12,C2/m,2/<i>m</i>,10104,1,0,0,1,ESFD (SM),ESFD (SM),0,0,0,109,,7.911,7.963,6.966,90,115.76,90,0,0,0,0,0,https://materialsproject.org/materials/icsd/10104,cif/10104.cif,8
10137,Cl5 Co1 Tl3,140,I4/mcm,4/<i>mmm</i>,10137,1,0,0,0,ESFD (SM),ESFD (SM),0,0,0,106,Cs3CoCl5,8.431,8.431,14.497,90,90,90,0,0,0,4,0,https://materialsproject.org/materials/icsd/10137,cif/10137.cif,32
10141,O2 V1,136,P42/mnm,4/<i>mmm</i>,1504,1,0,0,1,ESFD (SM),ESFD (SM),0,0,0,34,Rutile-TiO2,4.5561,4.5561,2.8598,90,90,90,0,0,0,3,0,https://materialsproject.org/materials/icsd/10141,cif/10141.cif,16
10142,O3 Sb1 Tl1,182,P6322,622,10142,1,1,0,0,Trivial,Trivial,0,1,0,104,,5.31,5.31,14.25,90,90,120,0,0,0,4,0,https://materialsproject.org/materials/icsd/10142,cif/10142.cif,12
10171,C1 H7 B3 O1,1,P1,1,10171,0,0,1,1,Trivial,Trivial,0,0,0,52,,8.304,5.667,5.683,102.48,75.96,104.07,0,0,0,0,0,https://materialsproject.org/materials/icsd/10171,cif/10171.cif,1
10179,C6 Cs2 Fe1 Li1 N6,225,Fm-3m,<i>m</i>-3<i>m</i>,1000,0,0,1,1,ESFD (SM),ESFD (SM),0,0,0,81,Cs2LiCo(CN)6,10.571,10.571,10.571,90,90,90,0,0,0,0,0,https://materialsproject.org/materials/icsd/10179,cif/10179.cif,192
10180,C6 Cs2 Li1 Mn1 N6,225,Fm-3m,<i>m</i>-3<i>m</i>,10180,0,0,1,1,Trivial,ESFD (SM),0,0,0,80,Cs2LiCo(CN)6,10.667,10.667,10.667,90,90,90,0,0,0,0,0,https://materialsproject.org/materials/icsd/10180,cif/10180.cif,192
10181,C6 Co1 Cs2 Li1 N6,225,Fm-3m,<i>m</i>-3<i>m</i>,10181,0,0,1,1,Trivial,Trivial,0,0,0,82,Cs2LiCo(CN)6,10.495,10.495,10.495,90,90,90,0,0,0,0,0,https://materialsproject.org/materials/icsd/10181,cif/10181.cif,192
10182,H2 N2 Na2 O4,57,Pbcm,<i>mmm</i>,10182,0,0,1,0,Trivial,Trivial,0,0,0,152,,6.359,9.765,6.667,90,90,90,0,0,0,0,0,https://materialsproject.org/materials/icsd/10182,cif/10182.cif,8
10185,Br4 Cs2 Cu1,62,Pnma,<i>mmm</i>,10185,1,0,0,1,ES (SM),ESFD (SM),0,0,0,228,Cs2CuCl4,10.168,7.954,12.914,90,90,90,0,0,0,0,0,https://materialsproject.org/materials/icsd/10185,cif/10185.cif,8
10206,Cl3 Cr1 Cs1,186,P63mc,6<i>mm</i>,10206,1,0,0,1,ES (SM),ESFD (SM),0,1,0,72,CsCrBr3,7.256,7.256,6.224,90,90,120,0,0,0,4,0,https://materialsproject.org/materials/icsd/10206,cif/10206.cif,12
10243,H8 I2 Ni1 O10,14,P21/c,2/<i>m</i>,10243,0,0,1,0,Trivial,Trivial,0,0,0,184,Mg(IO3)2(H2O)4,8.227,6.565,8.489,90,100.1,90,0,0,0,0,0,https://materialsproject.org/materials/icsd/10243,cif/10243.cif,4
10289,K1 N1 O3,62,Pnma,<i>mmm</i>,10289,0,0,1,0,Trivial,Trivial,0,0,0,128,Aragonite-CaCO3(oP20),5.4142,9.1659,6.4309,90,90,90,0,0,0,0,0,https://materialsproject.org/materials/icsd/10289,cif/10289.cif,8
10290,K1 N1 O3,62,Pnma,<i>mmm</i>,10289,0,0,1,0,Trivial,Trivial,0,0,0,128,Aragonite-CaCO3(oP20),5.423,9.1827,6.5189,90,90,90,0,0,0,0,0,https://materialsproject.org/materials/icsd/10290,cif/10290.cif,8
10302,Cl8 O9 Re4,2,P-1,-1,10302,0,0,1,0,Trivial,Trivial,0,0,0,138,,6.112,12.876,6.02,88.3,95.88,105.36,0,0,0,0,0,https://materialsproject.org/materials/icsd/10302,cif/10302.cif,2
10326,Br1 F4 K1,140,I4/mcm,4/<i>mmm</i>,10326,1,0,0,0,Trivial,Trivial,0,0,0,88,KBrF4,6.17,6.17,11.1,90,90,90,0,0,0,0,0,https://materialsproject.org/materials/icsd/10326,cif/10326.cif,32
10331,Ba1 Mn1 O3,194,P63/mmc,6/<i>mmm</i>,10331,1,0,0,0,ESFD (SM),ESFD (SM),0,0,0,70,BaNiO3,5.694,5.694,4.806,90,90,120,0,0,0,2,0,https://materialsproject.org/materials/icsd/10331,cif/10331.cif,24
10332,Ba1 Mn1 O3,194,P63/mmc,6/<i>mmm</i>,10331,1,0,0,0,ESFD (SM),ESFD (SM),0,0,0,70,BaNiO3,5.694,5.694,4.806,90,90,120,0,0,0,2,0,https://materialsproject.org/materials/icsd/10332,cif/10332.cif,24
10341,Ba1 Cr1 F6,166,R-3m,-3<i>m</i>,10341,0,0,1,0,ES (SM),ESFD (SM),0,0,0,58,BaSiF6,7.328,7.328,7.137,90,90,120,0,0,0,0,0,https://materialsproject.org/materials/icsd/10341,cif/10341.cif,36
10342,Cr1 F6 Sr1,166,R-3m,-3<i>m</i>,10342,0,0,1,0,ES (SM),ESFD (SM),0,0,0,58,BaSiF6,7.109,7.109,6.863,90,90,120,0,0,0,0,0,https://materialsproject.org/materials/icsd/10342,cif/10342.cif,36
10346,Cd1 Cr1 F6,148,R-3,-3,10346,0,0,1,0,Trivial,Trivial,0,1,0,60,LiSbF6,5.14,5.14,14.075,90,90,120,0,0,0,1,0,https://materialsproject.org/materials/icsd/10346,cif/10346.cif,18
10354,H2 Li1 N1,82,I-4,-4,10354,0,0,1,0,Trivial,Trivial,0,0,0,32,LiNH2,5.037,5.037,10.278,90,90,90,0,0,0,0,0,https://materialsproject.org/materials/icsd/10354,cif/10354.cif,8
10355,C2 Cu1 Na2 O6,14,P21/c,2/<i>m</i>,10355,0,0,1,1,ESFD (SM),ESFD (SM),0,0,0,114,CuNa2(CO3)2,6.18,8.19,5.64,90,116.2,90,0,0,0,1,0,https://materialsproject.org/materials/icsd/10355,cif/10355.cif,4
10383,Ge3 O9 Ta1 Tl1,188,P-6c2,-62<i>m</i>,10383,1,0,0,0,Trivial,Trivial,0,1,0,148,BaTiSi3O9,7.036,7.036,10.124,90,90,120,0,0,0,5,0,https://materialsproject.org/materials/icsd/10383,cif/10383.cif,12
10393,F4 O1 W1,12,C2/m,2/<i>m</i>,10393,0,0,1,1,Trivial,Trivial,0,0,0,160,WOF4,9.65,14.42,5.15,90,95.4,90,0,0,0,0,0,https://materialsproject.org/materials/icsd/10393,cif/10393.cif,8
10416,F2 O1 Pb2,137,P42/nmc,4/<i>mmm</i>,10416,1,0,0,1,Trivial,Trivial,0,0,0,112,,8.1546,8.1546,5.7218,90,90,90,0,0,0,3,0,https://materialsproject.org/materials/icsd/10416,cif/10416.cif,16
10452,C4 H8 Fe1 N6 S4,2,P-1,-1,10452,0,0,1,0,Trivial,Trivial,0,1,0,86,Fe(SC(NH2)2)2(NCS)2,10.114,7.662,3.897,105,81.8,96.4,0,0,0,0,0,https://materialsproject.org/materials/icsd/10452,cif/10452.cif,2
10462,Ca1 Co2 P2,139,I4/mmm,4/<i>mmm</i>,10462,1,0,0,1,SEBR (TI),ES (SM),1,0,0,30,ThCr2Si2,3.858,3.858,9.593,90,90,90,0,0,0,0,0,https://materialsproject.org/materials/icsd/10462,cif/10462.cif,32
10474,Cl3 Cs1 Sc1,194,P63/mmc,6/<i>mmm</i>,10474,1,0,0,0,ESFD (SM),ESFD (SM),0,0,0,66,BaNiO3,7.35,7.35,6.045,90,90,120,0,0,0,0,0,https://materialsproject.org/materials/icsd/10474,cif/10474.cif,24
10486,Ba1 Se3 V1,194,P63/mmc,6/<i>mmm</i>,10486,1,1,0,0,ESFD (SM),ESFD (SM),0,0,0,66,BaNiO3,6.999,6.999,5.8621,90,90,120,0,0,0,0,0,https://materialsproject.org/materials/icsd/10486,cif/10486.cif,24
10504,H1 Ca1 O4 P1,1,P1,1,10504,0,0,1,1,Trivial,Trivial,0,0,0,128,CaHPO4(P1),6.916,6.619,6.946,96.18,103.82,88.34,0,0,0,0,0,https://materialsproject.org/materials/icsd/10504,cif/10504.cif,1
10509,Al11 Mn4,2,P-1,-1,10509,1,0,0,0,ESFD (SM),ESFD (SM),0,1,0,61,Mn4Al11,5.095,8.879,5.051,89.35,100.47,105.08,0,0,0,0,0,https://materialsproject.org/materials/icsd/10509,cif/10509.cif,2
12111,Cl5 O4 Re2,1,P1,1,12111,0,0,1,1,ESFD (SM),ESFD (SM),0,0,0,73,,5.78,6.02,8.08,114.8,96.2,95,0,0,0,0,0,https://materialsproject.org/materials/icsd/12111,cif/12111.cif,1
12134,H2 B1 Na1 O7 Si2,4,P21,2,12134,1,0,0,1,Trivial,Trivial,0,0,0,112,NaBSi2O5(OH)2,7.9814,6.0657,4.9054,90,93.95,90,0,0,0,0,0,https://materialsproject.org/materials/icsd/12134,cif/12134.cif,2
14005,Ca1 Ge2 O5,2,P-1,-1,14005,1,0,0,0,Trivial,Trivial,0,0,0,80,CaGe2O5,6.53,8.8,7.4,90.75,121.25,91.05,0,0,0,3,0,https://materialsproject.org/materials/icsd/14005,cif/14005.cif,4
14077,Br3 Mn1 Rb1,194,P63/mmc,6/<i>mmm</i>,14077,1,0,0,0,ESFD (SM),ESFD (SM),0,0,0,74,BaNiO3,7.56,7.56,6.35,90,90,120,0,0,0,0,0,https://materialsproject.org/materials/icsd/14077,cif/14077.cif,24
14083,As1 F5 N4 S4,11,P21/m,2/<i>m</i>,14083,0,0,1,1,Trivial,Trivial,0,0,0,168,,5.593,11.062,7.682,90,109.1,90,0,0,0,0,0,https://materialsproject.org/materials/icsd/14083,cif/14083.cif,4
14087,Cl5 Co1 Cs3,140,I4/mcm,4/<i>mmm</i>,14087,0,0,1,1,ESFD (SM),ESFD (SM),0,0,0,142,Cs3CoCl5,9.063,9.063,14.45,90,90,90,0,0,0,4,0,https://materialsproject.org/materials/icsd/14087,cif/14087.cif,32
14092,Rb2 S3,36,Cmc21,<i>mm</i>2,14092,0,0,1,1,Trivial,Trivial,0,1,0,72,K2S3,7.513,10.375,7.769,90,90,90,0,0,0,0,0,https://materialsproject.org/materials/icsd/14092,cif/14092.cif,8
14093,Rb2 Se3,36,Cmc21,<i>mm</i>2,14093,0,0,1,1,Trivial,Trivial,0,1,0,72,K2S3,7.856,10.858,7.977,90,90,90,0,0,0,0,0,https://materialsproject.org/materials/icsd/14093,cif/14093.cif,8
14094,Cs2 S3,36,Cmc21,<i>mm</i>2,14094,0,0,1,1,Trivial,Trivial,0,1,0,72,K2S3,7.712,10.939,8.111,90,90,90,0,0,0,0,0,https://materialsproject.org/materials/icsd/14094,cif/14094.cif,8
14104,Cs1 F4 Mn1,129,P4/nmm,4/<i>mmm</i>,14104,1,0,0,0,Trivial,ES (SM),0,0,0,176,CsFeF4,7.944,7.944,6.3376,90,90,90,0,0,0,3,0,https://materialsproject.org/materials/icsd/14104,cif/14104.cif,16
14107,Al2 Cl8 Cu1,14,P21/c,2/<i>m</i>,14107,0,0,1,1,ESFD (SM),ESFD (SM),0,0,0,146,Al2CuCl8,6.614,7.376,12.319,90,94.11,90,0,0,0,11,0,https://materialsproject.org/materials/icsd/14107,cif/14107.cif,4
14119,Cs1 F7 Sb2,15,C2/c,2/<i>m</i>,14119,1,0,0,0,Trivial,Trivial,0,0,0,136,CsSb2F7,19.315,6.878,5.594,90,90.09,90,0,0,0,0,0,https://materialsproject.org/materials/icsd/14119,cif/14119.cif,8
14144,Co1 F2,136,P42/mnm,4/<i>mmm</i>,14144,1,0,0,1,ESFD (SM),ESFD (SM),0,0,0,46,Rutile-TiO2,4.6951,4.6951,3.1796,90,90,90,0,0,0,3,0,https://materialsproject.org/materials/icsd/14144,cif/14144.cif,16
14146,F2 Zn1,136,P42/mnm,4/<i>mmm</i>,14146,1,0,0,1,Trivial,Trivial,0,0,0,52,Rutile-TiO2,4.7034,4.7034,3.1335,90,90,90,0,0,0,3,0,https://materialsproject.org/materials/icsd/14146,cif/14146.cif,16
14155,C1 O3 Rb2,14,P21/c,2/<i>m</i>,14155,0,0,1,0,Trivial,Trivial,0,0,0,160,K2CO3(P21/c),5.87,10.12,7.33,90,97.65,90,0,0,0,0,0,https://materialsproject.org/materials/icsd/14155,cif/14155.cif,4
14158,K3 O4 Pt2,63,Cmcm,<i>mmm</i>,14158,1,0,0,0,ESFD (SM),ESFD (SM),0,0,0,142,K3Ni2O4,6.15,9.26,11.51,90,90,90,0,0,0,3,0,https://materialsproject.org/materials/icsd/14158,cif/14158.cif,16
14197,N2 O2 S3,15,C2/c,2/<i>m</i>,14197,0,0,1,1,Trivial,Trivial,0,0,0,80,S3N2O2,16.329,4.518,6.629,90,97.31,90,0,0,0,0,0,https://materialsproject.org/materials/icsd/14197,cif/14197.cif,8
14209,Cl9 Re3,166,R-3m,-3<i>m</i>,14209,0,0,1,1,Trivial,Trivial,0,0,0,168,ReCl3,10.33,10.33,20.36,90,90,120,0,0,0,0,0,https://materialsproject.org/materials/icsd/14209,cif/14209.cif,36
14213,B2 Cl4,61,Pbca,<i>mmm</i>,14213,0,0,1,1,Trivial,Trivial,0,0,0,136,ClO2,11.9,6.281,7.69,90,90,90,0,0,0,0,0,https://materialsproject.org/materials/icsd/14213,cif/14213.cif,8
14218,Cl4 Ga2,52,Pnna,<i>mmm</i>,14218,1,0,0,1,Trivial,Trivial,0,0,0,136,Ga2Cl4,7.24,9.72,9.5,90,90,90,0,0,0,4,0,https://materialsproject.org/materials/icsd/14218,cif/14218.cif,8
14246,O5 Pb2 S1,12,C2/m,2/<i>m</i>,14246,1,0,0,1,Trivial,Trivial,0,0,0,88,Pb2OSO4,13.769,5.698,7.079,90,115.93,90,0,0,0,1,0,https://materialsproject.org/materials/icsd/14246,cif/14246.cif,8
14247,O8 P2 Pb3,15,C2/c,2/<i>m</i>,14247,0,0,1,1,Trivial,Trivial,0,0,0,140,Pb3(PO4)2,13.816,5.692,9.429,90,102.36,90,0,0,0,0,0,https://materialsproject.org/materials/icsd/14247,cif/14247.cif,8
14266,Bi2 Mo1 O6,29,Pca21,<i>mm</i>2,14266,1,0,0,0,Trivial,Trivial,0,1,0,208,Bi2WO6(oP36),5.487,16.226,5.506,90,90,90,0,0,0,0,0,https://materialsproject.org/materials/icsd/14266,cif/14266.cif,4
14321,Mo3 O8 Zn2,186,P63mc,6<i>mm</i>,14321,1,0,0,1,Trivial,Trivial,0,1,0,180,Nolanite,5.759,5.759,9.903,90,90,120,0,0,0,3,0,https://materialsproject.org/materials/icsd/14321,cif/14321.cif,12
14324,F2 Pb1,62,Pnma,<i>mmm</i>,14324,1,0,0,0,Trivial,Trivial,0,0,0,72,PbCl2,6.44,3.899,7.651,90,90,90,0,0,0,0,0,https://materialsproject.org/materials/icsd/14324,cif/14324.cif,8
14332,O3 W1,14,P21/c,2/<i>m</i>,14332,1,0,0,0,Trivial,Trivial,0,0,0,192,WO3(mP32),7.297,7.539,7.688,90,90.91,90,0,0,0,4,0,https://materialsproject.org/materials/icsd/14332,cif/14332.cif,4
14334,C1 H4 N2 S1,62,Pnma,<i>mmm</i>,14334,0,0,1,0,Trivial,Trivial,0,0,0,96,SC(NH2)2,7.655,8.537,5.52,90,90,90,0,0,0,0,0,https://materialsproject.org/materials/icsd/14334,cif/14334.cif,8
14340,C2 N2 S1,61,Pbca,<i>mmm</i>,14340,0,0,1,0,Trivial,Trivial,0,0,0,192,S(CN)2,8.56,6.87,12.84,90,90,90,0,0,0,0,0,https://materialsproject.org/materials/icsd/14340,cif/14340.cif,8
14344,I1 Li1 O3,173,P63,6,14344,0,0,1,1,Trivial,Trivial,0,1,0,52,LiIO3,5.478,5.478,5.17,90,90,120,0,0,0,3,0,https://materialsproject.org/materials/icsd/14344,cif/14344.cif,6
14363,K1 Nb1 O3,38,Amm2,<i>mm</i>2,14363,1,0,0,0,Trivial,Trivial,0,0,0,40,Perovskite-BaTiO3(orh),5.697,3.971,5.721,90,90,90,0,0,0,3,0,https://materialsproject.org/materials/icsd/14363,cif/14363.cif,8
14377,I1 Li1 O3,173,P63,6,14344,0,0,1,1,Trivial,Trivial,0,1,0,52,LiIO3,5.4815,5.4815,5.1709,90,90,120,0,0,0,5,0,https://materialsproject.org/materials/icsd/14377,cif/14377.cif,6
15010,Cl3 Ni1 Rb1,194,P63/mmc,6/<i>mmm</i>,15010,1,0,0,0,ES (SM),ESFD (SM),0,0,0,80,BaNiO3,6.955,6.955,5.906,90,90,120,0,0,0,4,0,https://materialsproject.org/materials/icsd/15010,cif/15010.cif,24
15011,Br3 Ni1 Rb1,194,P63/mmc,6/<i>mmm</i>,15011,1,0,0,0,ES (SM),ESFD (SM),0,0,0,80,BaNiO3,7.268,7.268,6.208,90,90,120,0,0,0,4,0,https://materialsproject.org/materials/icsd/15011,cif/15011.cif,24
15017,H4 Ge4 Na4 O16 Sn2,2,P-1,-1,15017,1,0,0,0,Trivial,Trivial,0,1,0,128,,5.778,11.615,5.54,107.62,75.75,94.75,0,0,0,0,0,https://materialsproject.org/materials/icsd/15017,cif/15017.cif,2
15057,Fe1 P1,33,Pna21,<i>mm</i>2,15057,1,0,0,1,ES (SM),ESFD (SM),0,1,0,52,CoAs,5.193,5.792,3.099,90,90,90,0,0,0,0,0,https://materialsproject.org/materials/icsd/15057,cif/15057.cif,4
15071,O2 Ru1,136,P42/mnm,4/<i>mmm</i>,15071,1,0,0,1,Trivial,ES (SM),0,0,0,40,Rutile-TiO2,4.4919,4.4919,3.1066,90,90,90,0,0,0,2,0,https://materialsproject.org/materials/icsd/15071,cif/15071.cif,16
15082,H1 In1 O2,31,Pmn21,<i>mm</i>2,15082,1,0,0,1,Trivial,Trivial,0,1,0,32,CrOOH(oP8),5.26,4.56,3.27,90,90,90,0,0,0,0,0,https://materialsproject.org/materials/icsd/15082,cif/15082.cif,4
15087,H4 Cl2 Cu1 O2,53,Pmna,<i>mmm</i>,15087,0,0,1,1,ESFD (SM),ESFD (SM),0,0,0,82,,8.104,3.757,7.433,90,90,90,0,0,0,0,0,https://materialsproject.org/materials/icsd/15087,cif/15087.cif,8
15090,F3 Ni1 Rb1,194,P63/mmc,6/<i>mmm</i>,15090,1,0,0,0,ES (SM),ESFD (SM),0,0,0,240,BaFeO2+x,5.843,5.843,14.31,90,90,120,0,0,0,3,0,https://materialsproject.org/materials/icsd/15090,cif/15090.cif,24
15092,Cs1 F3 Ni1,194,P63/mmc,6/<i>mmm</i>,15092,0,0,1,0,ES (SM),ESFD (SM),0,0,0,80,BaNiO3,6.236,6.236,5.225,90,90,120,0,0,0,3,0,https://materialsproject.org/materials/icsd/15092,cif/15092.cif,24
15108,F6 Ni1 Pb1,148,R-3,-3,15108,1,0,0,0,Trivial,ESFD (SM),0,1,0,56,LiSbF6,5.21,5.21,14,90,90,120,0,0,0,3,0,https://materialsproject.org/materials/icsd/15108,cif/15108.cif,18
15145,Cl4 Cu1 Rb2,64,Cmce,<i>mmm</i>,15145,1,0,0,1,ESFD (SM),ESFD (SM),0,0,0,114,Rb2CuCl4,15.534,7.197,7.187,90,90,90,0,0,0,5,0,https://materialsproject.org/materials/icsd/15145,cif/15145.cif,16
15147,Br2 Cl2 Cu1 Rb2,64,Cmce,<i>mmm</i>,15147,1,0,0,1,ESFD (SM),ESFD (SM),0,0,0,114,Rb2CuCl4,16.252,7.242,7.26,90,90,90,0,0,0,2,0,https://materialsproject.org/materials/icsd/15147,cif/15147.cif,16
15165,La2 O7 Zr2,227,Fd-3m,<i>m</i>-3<i>m</i>,15165,1,0,0,0,Trivial,Trivial,0,0,0,144,Pyrochlore-NaCa(Nb2O6)F,10.786,10.786,10.786,90,90,90,2,2,0,6,0,https://materialsproject.org/materials/icsd/15165,cif/15165.cif,192
15169,F3 Hg1 Rb1,221,Pm-3m,<i>m</i>-3<i>m</i>,15169,1,0,0,0,Trivial,Trivial,0,0,0,42,Perovskite-CaTiO3,4.47,4.47,4.47,90,90,90,1,0,1,4,0,https://materialsproject.org/materials/icsd/15169,cif/15169.cif,48
15194,C1 Ca1 O3,62,Pnma,<i>mmm</i>,15194,0,0,1,1,Trivial,Trivial,0,0,0,96,Aragonite-CaCO3(oP20),4.9614,7.9671,5.7404,90,90,90,0,0,0,0,0,https://materialsproject.org/materials/icsd/15194,cif/15194.cif,8
15195,C1 O3 Sr1,62,Pnma,<i>mmm</i>,15195,0,0,1,1,Trivial,Trivial,0,0,0,128,Aragonite-CaCO3(oP20),5.09,8.358,5.997,90,90,90,0,0,0,0,0,https://materialsproject.org/materials/icsd/15195,cif/15195.cif,8
15196,C1 Ba1 O3,62,Pnma,<i>mmm</i>,15196,0,0,1,1,Trivial,Trivial,0,0,0,128,Aragonite-CaCO3(oP20),5.3126,8.8958,6.4284,90,90,90,0,0,0,0,0,https://materialsproject.org/materials/icsd/15196,cif/15196.cif,8
15198,C1 Ca1 O3,62,Pnma,<i>mmm</i>,15194,0,0,1,1,Trivial,Trivial,0,0,0,96,Aragonite-CaCO3(oP20),4.9616,7.9705,5.7394,90,90,90,0,0,0,0,0,https://materialsproject.org/materials/icsd/15198,cif/15198.cif,8
15203,F2 Mg3 O4 Si1,62,Pnma,<i>mmm</i>,15203,1,0,0,0,Trivial,Trivial,0,0,0,192,,4.7104,10.2718,8.7476,90,90,90,0,0,0,3,0,https://materialsproject.org/materials/icsd/15203,cif/15203.cif,8
15221,C4 Mn1 N1 O5,15,C2/c,2/<i>m</i>,15221,0,0,1,1,Trivial,Trivial,0,1,0,116,Fe(CO)5,11.72,6.74,9.65,90,107.8,90,0,0,0,0,0,https://materialsproject.org/materials/icsd/15221,cif/15221.cif,8
15225,H3 Al1,167,R-3c,-3<i>m</i>,15225,1,0,0,0,Trivial,Trivial,0,0,0,12,FeF3,4.4493,4.4493,11.8037,90,90,120,0,0,0,2,0,https://materialsproject.org/materials/icsd/15225,cif/15225.cif,36
15245,Cl5 Co1 Cs3,140,I4/mcm,4/<i>mmm</i>,14087,0,0,1,1,ESFD (SM),ESFD (SM),0,0,0,142,Cs3CoCl5,9.2315,9.2315,14.5535,90,90,90,0,0,0,1,0,https://materialsproject.org/materials/icsd/15245,cif/15245.cif,32
15246,Co1 F3 K1,221,Pm-3m,<i>m</i>-3<i>m</i>,15246,1,0,0,1,ESFD (SM),ESFD (SM),0,0,0,39,Perovskite-CaTiO3,4.0688,4.0688,4.0688,90,90,90,1,0,1,3,0,https://materialsproject.org/materials/icsd/15246,cif/15246.cif,48
15289,Ba1 Ni1 S2,129,P4/nmm,4/<i>mmm</i>,15289,1,0,0,0,SEBR (TI),ESFD (SM),0,0,0,64,BaNiS2,4.43,4.43,8.893,90,90,90,0,0,0,0,0,https://materialsproject.org/materials/icsd/15289,cif/15289.cif,16
15320,Cl12 Mo2 O4 P2,14,P21/c,2/<i>m</i>,15320,0,0,1,0,Trivial,Trivial,0,0,0,260,,6.264,13.341,12.089,90,100.27,90,0,0,0,0,0,https://materialsproject.org/materials/icsd/15320,cif/15320.cif,4
15336,Al6 Cl2 Na8 O24 Si6,218,P-43n,-43<i>m</i>,15336,1,0,0,0,Trivial,Trivial,0,1,0,208,Sodalite-frame,8.87,8.87,8.87,90,90,90,0,0,0,4,0,https://materialsproject.org/materials/icsd/15336,cif/15336.cif,24
15372,Cu1 F4 K2,139,I4/mmm,4/<i>mmm</i>,15372,1,0,0,1,ESFD (SM),ESFD (SM),0,0,0,57,K2MgF4,4.147,4.147,12.73,90,90,90,0,0,1,3,0,https://materialsproject.org/materials/icsd/15372,cif/15372.cif,32
15373,Cu2 F7 K3,139,I4/mmm,4/<i>mmm</i>,15373,1,0,0,1,Trivial,Trivial,0,0,0,98,Sr3Ti2O7,4.156,4.156,20.52,90,90,90,0,0,0,3,0,https://materialsproject.org/materials/icsd/15373,cif/15373.cif,32
15422,F4 N4 S4,114,P-421c,-42<i>m</i>,15422,0,0,1,0,Trivial,Trivial,0,0,0,144,(NSF)4,9.193,9.193,4.299,90,90,90,0,0,0,0,0,https://materialsproject.org/materials/icsd/15422,cif/15422.cif,8
15423,F3 K1 Mn1,221,Pm-3m,<i>m</i>-3<i>m</i>,15423,1,1,0,0,ESFD (SM),ESFD (SM),0,0,0,37,Perovskite-CaTiO3,4.182,4.182,4.182,90,90,90,1,0,1,4,0,https://materialsproject.org/materials/icsd/15423,cif/15423.cif,48
15424,F3 Fe1 K1,221,Pm-3m,<i>m</i>-3<i>m</i>,15424,1,1,0,0,Trivial,Trivial,0,0,0,38,Perovskite-CaTiO3,4.12,4.12,4.12,90,90,90,1,0,1,4,0,https://materialsproject.org/materials/icsd/15424,cif/15424.cif,48
15425,Co1 F3 K1,221,Pm-3m,<i>m</i>-3<i>m</i>,15246,1,0,0,0,ESFD (SM),ESFD (SM),0,0,0,39,Perovskite-CaTiO3,4.071,4.071,4.071,90,90,90,1,0,1,3,0,https://materialsproject.org/materials/icsd/15425,cif/15425.cif,48
15432,C1 H4 N2 O1,113,P-421m,-42<i>m</i>,15432,0,0,1,1,Trivial,Trivial,0,0,0,48,Urea,5.662,5.662,4.716,90,90,90,0,0,0,0,0,https://materialsproject.org/materials/icsd/15432,cif/15432.cif,8
15433,C1 H4 N2 O1,113,P-421m,-42<i>m</i>,15432,0,0,1,1,Trivial,Trivial,0,0,0,48,Urea,5.582,5.582,4.686,90,90,90,0,0,0,0,0,https://materialsproject.org/materials/icsd/15433,cif/15433.cif,8
15450,Ba2 O4 Ti1,14,P21/c,2/<i>m</i>,15450,0,0,1,1,Trivial,Trivial,0,0,0,192,Ca2SiO4,6.12,7.7,10.5,90,93.13,90,0,0,0,0,0,https://materialsproject.org/materials/icsd/15450,cif/15450.cif,4
15453,Ba1 O3 Ti1,99,P4mm,4<i>mm</i>,15453,1,0,0,0,Trivial,Trivial,0,0,0,32,Perovskite-PbTiO3,3.9945,3.9945,4.0335,90,90,90,0,0,0,3,0,https://materialsproject.org/materials/icsd/15453,cif/15453.cif,8
15454,Cl4 K2 O2 Os1,139,I4/mmm,4/<i>mmm</i>,15454,0,0,1,1,Trivial,Trivial,0,0,0,66,K2OsO2Cl4,6.991,6.991,8.752,90,90,90,0,0,0,0,0,https://materialsproject.org/materials/icsd/15454,cif/15454.cif,32
15472,N2,205,Pa-3,<i>m</i>-3,15472,0,0,1,0,Trivial,Trivial,0,0,0,40,N2(cP8),5.661,5.661,5.661,90,90,90,0,0,0,0,0,https://materialsproject.org/materials/icsd/15472,cif/15472.cif,24
15497,C6 I6 O6 Re3,148,R-3,-3,15497,0,0,1,1,ESFD (SM),ESFD (SM),0,0,0,123,,6.915,6.915,36.939,90,90,120,0,0,0,0,0,https://materialsproject.org/materials/icsd/15497,cif/15497.cif,18
15535,O2,166,R-3m,-3<i>m</i>,15535,0,0,1,1,Trivial,ESFD (SM),1,0,0,12,O2(hR2),2.8467,2.8467,10.2249,90,90,120,0,0,0,0,0,https://materialsproject.org/materials/icsd/15535,cif/15535.cif,36
15537,Ba1 S3 V1,194,P63/mmc,6/<i>mmm</i>,15537,1,1,0,0,ESFD (SM),ESFD (SM),1,0,0,66,BaNiO3,6.7283,6.7283,5.6263,90,90,120,0,0,0,0,0,https://materialsproject.org/materials/icsd/15537,cif/15537.cif,24
15586,Ca1 O4 W1,88,I41/a,4/<i>m</i>,15586,1,0,0,1,Trivial,Trivial,0,0,0,64,Scheelite-CaWO4,5.243,5.243,11.376,90,90,90,0,0,0,3,0,https://materialsproject.org/materials/icsd/15586,cif/15586.cif,16
15590,Cl3 Cu1 K1,14,P21/c,2/<i>m</i>,15590,1,0,0,1,Trivial,Trivial,0,1,0,164,KCuCl3,4.029,13.785,8.736,90,97.33,90,0,0,0,0,0,https://materialsproject.org/materials/icsd/15590,cif/15590.cif,4
15591,H3 B1 F4 O1,2,P-1,-1,15591,0,0,1,1,Trivial,Trivial,0,0,0,80,H3OBF4,4.758,6.047,6.352,80.4,79.48,88.25,0,0,0,0,0,https://materialsproject.org/materials/icsd/15591,cif/15591.cif,2
15674,Ba1 Ge4 O9,143,P3,3,15674,1,0,0,0,Trivial,Trivial,0,0,0,240,,11.61,11.61,4.74,90,90,120,0,0,0,3,0,https://materialsproject.org/materials/icsd/15674,cif/15674.cif,3
15691,F1 K2 O3 P1,62,Pnma,<i>mmm</i>,15691,0,0,1,1,Trivial,Trivial,0,0,0,192,Cs2CuCl4,7.543,10.16,5.953,90,90,90,0,0,0,0,0,https://materialsproject.org/materials/icsd/15691,cif/15691.cif,8
15699,Cl4 Cs2 Cu1,62,Pnma,<i>mmm</i>,15699,1,0,0,1,ES (SM),ESFD (SM),0,0,0,228,Cs2CuCl4,9.719,7.658,12.358,90,90,90,0,0,0,0,0,https://materialsproject.org/materials/icsd/15699,cif/15699.cif,8
15715,Ba2 O8 Si2 Ti1,100,P4bm,4<i>mm</i>,15715,1,0,0,0,Trivial,Trivial,0,1,0,160,Ba2TiOSi2O7,8.52,8.52,5.21,90,90,90,0,0,0,2,0,https://materialsproject.org/materials/icsd/15715,cif/15715.cif,8
15770,Co1 K1 O2,129,P4/nmm,4/<i>mmm</i>,15770,1,0,0,0,SEBR (TI),ES (SM),0,0,0,60,BaNiS2,3.811,3.811,7.908,90,90,90,0,0,0,0,0,https://materialsproject.org/materials/icsd/15770,cif/15770.cif,16
15772,Cs2 F6 Mo1 Tl1,225,Fm-3m,<i>m</i>-3<i>m</i>,15772,0,0,1,0,ESFD (SM),ESFD (SM),0,0,0,69,Elpasolite-K2NaAlF6,9.393,9.393,9.393,90,90,90,0,0,0,1,0,https://materialsproject.org/materials/icsd/15772,cif/15772.cif,192
15773,F6 K1 Mo1 Rb2,225,Fm-3m,<i>m</i>-3<i>m</i>,15773,0,0,1,0,ESFD (SM),ESFD (SM),0,0,0,75,Elpasolite-K2NaAlF6,8.911,8.911,8.911,90,90,90,0,0,0,1,0,https://materialsproject.org/materials/icsd/15773,cif/15773.cif,192
15775,F6 K1 Mo1 Tl2,225,Fm-3m,<i>m</i>-3<i>m</i>,15775,1,1,0,0,ESFD (SM),ESFD (SM),0,0,0,63,Elpasolite-K2NaAlF6,8.977,8.977,8.977,90,90,90,0,0,0,2,0,https://materialsproject.org/materials/icsd/15775,cif/15775.cif,192
15776,F6 Mo1 Na1 Tl2,225,Fm-3m,<i>m</i>-3<i>m</i>,15776,1,1,0,0,ESFD (SM),ESFD (SM),0,0,0,55,Elpasolite-K2NaAlF6,8.649,8.649,8.649,90,90,90,0,0,0,3,0,https://materialsproject.org/materials/icsd/15776,cif/15776.cif,192
15777,F6 K2 Mo1 Na1,225,Fm-3m,<i>m</i>-3<i>m</i>,15777,0,0,1,0,ESFD (SM),ESFD (SM),0,0,0,67,Elpasolite-K2NaAlF6,8.501,8.501,8.501,90,90,90,0,0,0,4,0,https://materialsproject.org/materials/icsd/15777,cif/15777.cif,192
15795,N2 O2 S3,15,C2/c,2/<i>m</i>,14197,0,0,1,0,Trivial,Trivial,0,0,0,80,S3N2O2,6.84,4.56,16.51999,90,97,90,0,0,0,0,0,https://materialsproject.org/materials/icsd/15795,cif/15795.cif,8
15800,B6 O13 Zn4,217,I-43m,-43<i>m</i>,15800,1,0,0,0,Trivial,Trivial,0,1,0,144,Zn4B6O13,7.48,7.48,7.48,90,90,90,0,0,0,3,0,https://materialsproject.org/materials/icsd/15800,cif/15800.cif,48
15805,Mg1 O3 Si1,14,P21/c,2/<i>m</i>,15805,1,0,0,0,Trivial,Trivial,0,0,0,192,Pyroxene-MgSiO3-LT,9.681,8.739,5.202,90,71.92,90,0,0,0,4,0,https://materialsproject.org/materials/icsd/15805,cif/15805.cif,4
15836,Cu1 Li1 O4 V1,74,Imma,<i>mmm</i>,15836,1,0,0,1,ESFD (SM),ESFD (SM),0,0,0,82,LiCuVO4,5.652,5.81,8.75,90,90,90,0,0,0,2,0,https://materialsproject.org/materials/icsd/15836,cif/15836.cif,16
15855,Fe1 Nb2 O6,60,Pbcn,<i>mmm</i>,15855,1,0,0,0,Trivial,Trivial,0,1,0,280,Columbite-MgNb2O6,14.2448,5.7276,5.0421,90,90,90,0,0,0,3,0,https://materialsproject.org/materials/icsd/15855,cif/15855.cif,8
15858,H8 Be1 N2 O10,122,I-42d,-42<i>m</i>,15858,0,0,1,0,Trivial,Trivial,0,0,0,160,,11.636,11.636,6.252,90,90,90,0,0,0,0,0,https://materialsproject.org/materials/icsd/15858,cif/15858.cif,16
15865,Bi2 Cu1 O4,130,P4/ncc,4/<i>mmm</i>,15865,1,0,0,1,ESFD (SM),ESFD (SM),1,0,0,180,Bi2CuO4,8.51,8.51,5.814,90,90,90,0,0,0,3,0,https://materialsproject.org/materials/icsd/15865,cif/15865.cif,16
15869,Ca1 O4 W1,88,I41/a,4/<i>m</i>,15586,1,0,0,1,Trivial,Trivial,0,0,0,64,Scheelite-CaWO4,5.243,5.243,11.376,90,90,90,0,0,0,3,0,https://materialsproject.org/materials/icsd/15869,cif/15869.cif,16
15874,C1 H3 N4 Na1 O1,51,Pmma,<i>mmm</i>,15874,0,0,1,1,Trivial,Trivial,0,0,0,68,,5.868,5.624,6.45,90,90,90,0,0,0,0,0,https://materialsproject.org/materials/icsd/15874,cif/15874.cif,8
15880,H1 K2 N1 O6 S2,15,C2/c,2/<i>m</i>,15880,0,0,1,0,Trivial,Trivial,0,0,0,144,K2NH(SO3)2,12.43,7.458,7.175,90,91.18,90,0,0,0,0,0,https://materialsproject.org/materials/icsd/15880,cif/15880.cif,8
15889,O2 V1,14,P21/c,2/<i>m</i>,15889,1,0,0,0,Trivial,Trivial,0,0,0,68,MoO2,5.743,4.517,5.375,90,122.61,90,0,0,0,3,0,https://materialsproject.org/materials/icsd/15889,cif/15889.cif,4
15932,Cl3 Cs1 V1,194,P63/mmc,6/<i>mmm</i>,15932,1,0,0,0,ESFD (SM),ESFD (SM),0,0,0,70,BaNiO3,7.228,7.228,6.03,90,90,120,0,0,0,4,0,https://materialsproject.org/materials/icsd/15932,cif/15932.cif,24
15934,Ba3 Nb6 O26 Si4,189,P-62m,-62<i>m</i>,15934,1,0,0,0,Trivial,Trivial,0,0,0,280,Ba3Si4Ta6O26,8.981,8.981,7.84,90,90,120,0,0,0,3,0,https://materialsproject.org/materials/icsd/15934,cif/15934.cif,12
15935,Ba3 O26 Si4 Ta6,189,P-62m,-62<i>m</i>,15935,1,0,0,0,Trivial,Trivial,0,0,0,232,Ba3Si4Ta6O26,9.001,9.001,7.734,90,90,120,0,0,0,3,0,https://materialsproject.org/materials/icsd/15935,cif/15935.cif,12
15936,O26 Si4 Sr3 Ta6,189,P-62m,-62<i>m</i>,15936,1,0,0,0,Trivial,Trivial,0,0,0,232,Ba3Si4Ta6O26,8.913,8.913,7.633,90,90,120,0,0,0,3,0,https://materialsproject.org/materials/icsd/15936,cif/15936.cif,12
15943,H4 Cl4 Cu1 K2 O2,136,P42/mnm,4/<i>mmm</i>,15943,0,0,1,0,ESFD (SM),ESFD (SM),0,0,0,146,(NH4)2CuCl4(H2O)2,7.465,7.465,7.896,90,90,90,0,0,0,0,0,https://materialsproject.org/materials/icsd/15943,cif/15943.cif,16
15949,Cs1 I3 Mn1,194,P63/mmc,6/<i>mmm</i>,10042,1,0,0,0,ESFD (SM),ESFD (SM),0,0,0,74,BaNiO3,8.19,8.19,6.958,90,90,120,0,0,0,0,0,https://materialsproject.org/materials/icsd/15949,cif/15949.cif,24
15950,Cs1 I3 Mn1,194,P63/mmc,6/<i>mmm</i>,10042,1,0,0,0,ESFD (SM),ESFD (SM),0,0,0,74,BaNiO3,8.119,8.119,6.889,90,90,120,0,0,0,0,0,https://materialsproject.org/materials/icsd/15950,cif/15950.cif,24
15951,Cs1 I3 Mn1,194,P63/mmc,6/<i>mmm</i>,10042,1,0,0,0,ESFD (SM),ESFD (SM),0,0,0,74,BaNiO3,8.101,8.101,6.871,90,90,120,0,0,0,0,0,https://materialsproject.org/materials/icsd/15951,cif/15951.cif,24
15952,Cs1 I3 Mn1,194,P63/mmc,6/<i>mmm</i>,10042,1,0,0,0,ESFD (SM),ESFD (SM),0,0,0,74,BaNiO3,8.111,8.111,6.871,90,90,120,0,0,0,0,0,https://materialsproject.org/materials/icsd/15952,cif/15952.cif,24
15959,C1 H2 Na2 O4,29,Pca21,<i>mm</i>2,1852,0,0,1,0,Trivial,Trivial,0,0,0,128,,10.743,5.254,6.453,90,90,90,0,0,0,0,0,https://materialsproject.org/materials/icsd/15959,cif/15959.cif,4
15961,F3 Y1,221,Pm-3m,<i>m</i>-3<i>m</i>,15961,0,0,1,0,Trivial,Trivial,0,0,0,96,,5.644,5.644,5.644,90,90,90,1,0,0,0,0,https://materialsproject.org/materials/icsd/15961,cif/15961.cif,48
15970,Al22 Na2 O34,194,P63/mmc,6/<i>mmm</i>,15970,1,0,0,0,Trivial,Trivial,0,0,0,272,NaAl11O17,5.584,5.584,22.45,90,90,120,0,0,0,5,0,https://materialsproject.org/materials/icsd/15970,cif/15970.cif,24
15984,O5 V2,31,Pmn21,<i>mm</i>2,15984,1,0,0,0,Trivial,Trivial,0,0,0,80,V2O5,11.503,4.369,3.557,90,90,90,0,0,0,1,0,https://materialsproject.org/materials/icsd/15984,cif/15984.cif,4
16005,B3 K3 O6,167,R-3c,-3<i>m</i>,16005,1,0,0,0,Trivial,Trivial,0,0,0,144,KBO2,12.76,12.76,7.34,90,90,120,0,0,0,0,0,https://materialsproject.org/materials/icsd/16005,cif/16005.cif,36
16013,Cl1 Fe1 O1,59,Pmmn,<i>mmm</i>,16013,1,0,0,1,ESFD (SM),ESFD (SM),0,0,0,42,FeOCl,3.78,7.917,3.302,90,90,90,0,0,0,1,0,https://materialsproject.org/materials/icsd/16013,cif/16013.cif,8
16029,Ba3 Nb6 O26 Si4,189,P-62m,-62<i>m</i>,15934,1,0,0,0,Trivial,Trivial,0,0,0,280,Ba3Si4Ta6O26,9,9,7.89,90,90,120,0,0,0,3,0,https://materialsproject.org/materials/icsd/16029,cif/16029.cif,12
16031,Cr1 O3,40,Ama2,<i>mm</i>2,16031,0,0,1,1,Trivial,Trivial,0,1,0,48,CrO3,4.789,8.557,5.743,90,90,90,0,0,0,0,0,https://materialsproject.org/materials/icsd/16031,cif/16031.cif,8
16052,H4 Cl4 Cu1 K2 O2,136,P42/mnm,4/<i>mmm</i>,15943,0,0,1,0,ESFD (SM),ESFD (SM),0,0,0,146,(NH4)2CuCl4(H2O)2,7.477,7.477,7.935,90,90,90,0,0,0,0,0,https://materialsproject.org/materials/icsd/16052,cif/16052.cif,16
16070,C1 H12 Ca1 O9,15,C2/c,2/<i>m</i>,16070,0,0,1,0,Trivial,Trivial,0,0,0,144,CaCO3(H2O)6,8.87,8.23,11.02,90,110.2,90,0,0,0,0,0,https://materialsproject.org/materials/icsd/16070,cif/16070.cif,8
16080,O3 W1,14,P21/c,2/<i>m</i>,14332,1,0,0,0,Trivial,Trivial,0,0,0,192,WO3(mP32),7.306,7.54,7.692,90,90.881,90,0,0,0,3,0,https://materialsproject.org/materials/icsd/16080,cif/16080.cif,4
16083,Ba1 S3 Ta1,194,P63/mmc,6/<i>mmm</i>,16083,1,0,0,0,ESFD (SM),ESFD (SM),0,0,0,66,BaNiO3,6.846,6.846,5.744,90,90,120,0,0,0,0,0,https://materialsproject.org/materials/icsd/16083,cif/16083.cif,24
16107,As4 S5,11,P21/m,2/<i>m</i>,16107,1,0,0,1,Trivial,Trivial,0,0,0,100,As4S5,7.98,8.1,7.14,90,101,90,0,0,0,0,0,https://materialsproject.org/materials/icsd/16107,cif/16107.cif,4
16121,C4 K3 N4 O2 Re1,2,P-1,-1,16121,0,0,1,0,Trivial,Trivial,0,0,0,82,,7.66,7.45,6.29,109.6,105.9,115.4,0,0,0,0,0,https://materialsproject.org/materials/icsd/16121,cif/16121.cif,2
16124,C10 Hg1 Mn2 O10,2,P-1,-1,16124,0,0,1,0,Trivial,Trivial,0,0,0,126,Hg(Mn(CO)5)2,6.325,9.479,6.33,90.86,81.66,97.44,0,0,0,0,0,https://materialsproject.org/materials/icsd/16124,cif/16124.cif,2
16127,Cu1 K2 N6 O12 Pb1,202,Fm-3,<i>m</i>-3,16127,0,0,1,1,ESFD (SM),ESFD (SM),0,0,0,135,K2PbCu(NO2)6,10.66,10.66,10.66,90,90,90,0,0,0,0,0,https://materialsproject.org/materials/icsd/16127,cif/16127.cif,96
16138,H11 Na2 O8 P1,31,Pmn21,<i>mm</i>2,1602,0,0,1,0,Trivial,Trivial,0,1,0,132,,7.17,6.36,9.07,90,90,90,0,0,0,0,0,https://materialsproject.org/materials/icsd/16138,cif/16138.cif,4
16141,Au1 K1 N4 O12,14,P21/c,2/<i>m</i>,16141,0,0,1,0,Trivial,Trivial,0,0,0,224,,9.21,7.14,10.04,90,128.6,90,0,0,0,0,0,https://materialsproject.org/materials/icsd/16141,cif/16141.cif,4
16143,F4 O1 Tc1,176,P63/m,6/<i>m</i>,16143,0,0,1,0,ESFD (SM),ESFD (SM),0,1,0,246,,9,9,7.92,90,90,120,0,0,0,0,0,https://materialsproject.org/materials/icsd/16143,cif/16143.cif,12
16146,H4 F1 N1 O3 S1,62,Pnma,<i>mmm</i>,16146,0,0,1,0,Trivial,Trivial,0,0,0,160,Barite#-BaSO4,8.972,5.996,7.542,90,90,90,0,0,0,0,0,https://materialsproject.org/materials/icsd/16146,cif/16146.cif,8
16152,H4 F2 N1 O2 P1,62,Pnma,<i>mmm</i>,16152,0,0,1,0,Trivial,Trivial,0,0,0,160,RbPO2F2,8.13,6.43,7.86,90,90,90,0,0,0,0,0,https://materialsproject.org/materials/icsd/16152,cif/16152.cif,8
16171,B4 Cr1 Y1,55,Pbam,<i>mmm</i>,16171,1,0,0,0,Trivial,Trivial,0,0,0,116,FeSmB4-CrYB4,5.972,11.46,3.461,90,90,90,0,0,0,0,0,https://materialsproject.org/materials/icsd/16171,cif/16171.cif,8
16217,Cu1 O2 Sr1,63,Cmcm,<i>mmm</i>,16217,1,0,0,0,ESFD (SM),ESFD (SM),1,0,0,66,SrCuO2,3.565,16.32599,3.921,90,90,90,0,0,0,0,0,https://materialsproject.org/materials/icsd/16217,cif/16217.cif,16
16254,Ag1 Cs2 F4,139,I4/mmm,4/<i>mmm</i>,16254,1,1,0,0,ESFD (SM),ESFD (SM),0,0,0,57,K2MgF4,4.581,4.581,14.192,90,90,90,0,0,1,4,0,https://materialsproject.org/materials/icsd/16254,cif/16254.cif,32
16255,Cs2 F6 Fe1 Na1,166,R-3m,-3<i>m</i>,16255,0,0,1,0,SEBR (TI),ESFD (SM),0,0,0,138,Ba2NiTeO6,6.281,6.281,30.532,90,90,120,0,0,0,0,0,https://materialsproject.org/materials/icsd/16255,cif/16255.cif,36
16296,P2 Pd3 S8,164,P-3m1,-3<i>m</i>,16296,1,0,0,0,Trivial,Trivial,0,0,0,88,Pd3P2S8,6.836,6.836,7.239,90,90,120,1,0,0,4,0,https://materialsproject.org/materials/icsd/16296,cif/16296.cif,12
16339,Cs1 N1 O3,59,Pmmn,<i>mmm</i>,16339,0,0,1,0,Trivial,Trivial,0,0,0,64,RbNO3(oP10),5.837,5.143,4.978,90,90,90,0,0,0,0,0,https://materialsproject.org/materials/icsd/16339,cif/16339.cif,8
16340,Cs1 N1 O3,59,Pmmn,<i>mmm</i>,16339,0,0,1,0,Trivial,Trivial,0,0,0,64,RbNO3(oP10),5.562,4.857,4.957,90,90,90,0,0,0,0,0,https://materialsproject.org/materials/icsd/16340,cif/16340.cif,8
16388,O7 Sr2 Ta2,36,Cmc21,<i>mm</i>2,16388,1,0,0,1,Trivial,Trivial,0,1,0,144,Sr2Nb2O7,3.94,27.15,5.692,90,90,90,0,0,0,3,0,https://materialsproject.org/materials/icsd/16388,cif/16388.cif,8
16397,Cl5 Co1 Cs3,140,I4/mcm,4/<i>mmm</i>,14087,0,0,1,1,ESFD (SM),ESFD (SM),0,0,0,142,Cs3CoCl5,9.2315,9.2315,14.5535,90,90,90,0,0,0,1,0,https://materialsproject.org/materials/icsd/16397,cif/16397.cif,32
16399,C4 Cs1 K1 N4 Ni1,2,P-1,-1,16399,0,0,1,0,Trivial,Trivial,0,1,0,128,,7.421,8.626,9.364,60.64,70.88,70.88,0,0,0,0,0,https://materialsproject.org/materials/icsd/16399,cif/16399.cif,2
16413,Al1 F4 K1,127,P4/mbm,4/<i>mmm</i>,16413,1,0,0,1,Trivial,Trivial,0,0,0,80,KAlF4(tP12),5.043,5.043,6.164,90,90,90,0,0,0,3,0,https://materialsproject.org/materials/icsd/16413,cif/16413.cif,16
16458,C8 K5 N8 Nb1,82,I-4,-4,16458,0,0,1,1,Trivial,Trivial,0,0,0,130,,9.22,9.22,9.144,90,90,90,0,0,0,0,0,https://materialsproject.org/materials/icsd/16458,cif/16458.cif,8
16543,As1 Mn1,62,Pnma,<i>mmm</i>,16543,1,0,0,0,NLC (TI),ES (SM),0,1,0,48,MnP,5.72,3.676,6.379,90,90,90,0,0,0,0,0,https://materialsproject.org/materials/icsd/16543,cif/16543.cif,8
16545,H3 B3 O6,62,Pnma,<i>mmm</i>,16545,0,0,1,0,Trivial,Trivial,0,0,0,192,,8.046,9.688,6.261,90,90,90,0,0,0,0,0,https://materialsproject.org/materials/icsd/16545,cif/16545.cif,8
16556,Cl5 Co1 Cs3,140,I4/mcm,4/<i>mmm</i>,14087,0,0,1,0,ESFD (SM),ESFD (SM),0,0,0,142,Cs3CoCl5,9.219,9.219,14.554,90,90,90,0,0,0,0,0,https://materialsproject.org/materials/icsd/16556,cif/16556.cif,32
16567,C8 Co2 O8,11,P21/m,2/<i>m</i>,16567,0,0,1,0,Trivial,Trivial,0,0,0,392,Co2(CO)8,6.62,15.59,11.31,90,90.01,90,0,0,0,0,0,https://materialsproject.org/materials/icsd/16567,cif/16567.cif,4
16576,Cd1 Cl4 Cs2,139,I4/mmm,4/<i>mmm</i>,16576,1,0,0,0,Trivial,Trivial,0,0,0,58,K2MgF4,5.26,5.26,16.88,90,90,90,0,0,1,5,0,https://materialsproject.org/materials/icsd/16576,cif/16576.cif,32
16608,H3 N1 Na1 O3 P1,173,P63,6,16608,0,0,1,0,Trivial,Trivial,0,1,0,64,,5.773,5.773,6.031,90,90,120,0,0,0,0,0,https://materialsproject.org/materials/icsd/16608,cif/16608.cif,6
16611,O5 P2,62,Pnma,<i>mmm</i>,16611,1,0,0,0,Trivial,Trivial,0,0,0,160,P2O5(oP28),9.23,7.18,4.94,90,90,90,0,0,0,6,0,https://materialsproject.org/materials/icsd/16611,cif/16611.cif,8
16616,Ca2 O4 Si1,14,P21/c,2/<i>m</i>,16616,1,0,0,1,Trivial,Trivial,0,0,0,128,Ca2SiO4,5.48,6.76,9.28,90,85.45,90,0,0,0,1,0,https://materialsproject.org/materials/icsd/16616,cif/16616.cif,4
16621,O3 Pb1 Ti1,99,P4mm,4<i>mm</i>,1610,1,0,0,0,Trivial,Trivial,0,1,0,26,Perovskite-PbTiO3,3.904,3.904,4.152,90,90,90,0,0,0,5,0,https://materialsproject.org/materials/icsd/16621,cif/16621.cif,8
16633,Br1 F4 K1,140,I4/mcm,4/<i>mmm</i>,10326,1,0,0,0,Trivial,ES (SM),0,0,0,88,,6.174,6.174,11.103,90,90,90,0,0,0,0,0,https://materialsproject.org/materials/icsd/16633,cif/16633.cif,32
16640,F6 Na1 Sb1,225,Fm-3m,<i>m</i>-3<i>m</i>,16640,1,0,0,1,Trivial,Trivial,0,0,0,48,Sn2F6,8.184,8.184,8.184,90,90,90,0,0,0,0,0,https://materialsproject.org/materials/icsd/16640,cif/16640.cif,192
16641,C2 H5 Na3 O8,15,C2/c,2/<i>m</i>,16641,0,0,1,0,Trivial,Trivial,0,0,0,128,Na3H(CO3)2(H2O)2,20.346,3.49,10.296,90,106.43,90,0,0,0,0,0,https://materialsproject.org/materials/icsd/16641,cif/16641.cif,8
16661,K2 O6 S2,150,P321,32,16661,0,0,1,1,Trivial,Trivial,0,1,0,198,K2S2O6,9.785,9.785,6.295,90,90,120,0,0,0,0,0,https://materialsproject.org/materials/icsd/16661,cif/16661.cif,6
16691,Ni1 O4 S1,63,Cmcm,<i>mmm</i>,16691,1,1,0,0,Trivial,ES (SM),0,0,0,80,CrVO4,5.155,7.842,6.338,90,90,90,0,0,0,3,0,https://materialsproject.org/materials/icsd/16691,cif/16691.cif,16
16692,C1 H4 N2 O1,113,P-421m,-42<i>m</i>,15432,0,0,1,0,Trivial,Trivial,0,0,0,48,Urea,5.661,5.661,4.712,90,90,90,0,0,0,0,0,https://materialsproject.org/materials/icsd/16692,cif/16692.cif,8
16700,Br1 F4 K1,140,I4/mcm,4/<i>mmm</i>,10326,1,0,0,1,Trivial,Trivial,0,0,0,88,KBrF4,6.174,6.174,11.103,90,90,90,0,0,0,0,0,https://materialsproject.org/materials/icsd/16700,cif/16700.cif,32
16701,K2 O5 S2,11,P21/m,2/<i>m</i>,16701,0,0,1,1,Trivial,Trivial,0,0,0,120,K2S2O5,6.936,6.166,7.548,90,102.61,90,0,0,0,0,0,https://materialsproject.org/materials/icsd/16701,cif/16701.cif,4
16714,Cl1 Na1 O3,198,P213,23,1117,0,0,1,0,Trivial,Trivial,0,1,0,104,NaClO3,6.57,6.57,6.57,90,90,90,0,0,0,0,0,https://materialsproject.org/materials/icsd/16714,cif/16714.cif,12
16727,H4 O6 V2,15,C2/c,2/<i>m</i>,16727,1,0,0,0,ESFD (SM),ESFD (SM),0,0,0,50,,8.8,3.95,5.96,90,90.67,90,0,0,0,0,0,https://materialsproject.org/materials/icsd/16727,cif/16727.cif,8
16729,F6 K1 Nb1,116,P-4c2,-42<i>m</i>,16729,1,0,0,0,Trivial,Trivial,0,1,0,128,KNbF6,5.18,5.18,10.05,90,90,90,0,0,0,3,0,https://materialsproject.org/materials/icsd/16729,cif/16729.cif,8
16741,Ni1 O4 S1,63,Cmcm,<i>mmm</i>,16691,1,1,0,0,Trivial,ES (SM),0,0,0,80,CrVO4,5.155,7.842,6.338,90,90,90,0,0,0,3,0,https://materialsproject.org/materials/icsd/16741,cif/16741.cif,16
16752,N4 Si3,159,P31c,3<i>m</i>,16752,1,0,0,0,Trivial,ESFD (SM),0,0,0,128,,7.753,7.753,5.618,90,90,120,0,0,0,0,0,https://materialsproject.org/materials/icsd/16752,cif/16752.cif,6
16765,C1 H4 N1 Na1 O2,14,P21/c,2/<i>m</i>,16765,1,0,0,0,Trivial,Trivial,0,0,0,104,,6.54,10.66,6.08,90,103,90,0,0,0,0,0,https://materialsproject.org/materials/icsd/16765,cif/16765.cif,4
16783,Ag1 Cs2 F6 K1,225,Fm-3m,<i>m</i>-3<i>m</i>,16783,0,0,1,0,ESFD (SM),ESFD (SM),0,0,0,80,Elpasolite-K2NaAlF6,9.175,9.175,9.175,90,90,90,0,0,0,4,0,https://materialsproject.org/materials/icsd/16783,cif/16783.cif,192
16795,F4 Pb1,139,I4/mmm,4/<i>mmm</i>,16795,1,0,0,0,Trivial,Trivial,0,0,0,32,SnF4,4.247,4.247,8.03,90,90,90,0,0,1,4,0,https://materialsproject.org/materials/icsd/16795,cif/16795.cif,32
16797,S4 V1,15,C2/c,2/<i>m</i>,16797,1,0,0,0,Trivial,Trivial,0,0,0,116,,6.78,10.42,12.11,90,100.8,90,0,0,0,0,0,https://materialsproject.org/materials/icsd/16797,cif/16797.cif,8
16810,O3 Re1,221,Pm-3m,<i>m</i>-3<i>m</i>,16810,1,0,0,0,ESFD (SM),ESFD (SM),0,0,0,25,ReO3,3.734,3.734,3.734,90,90,90,1,0,1,3,0,https://materialsproject.org/materials/icsd/16810,cif/16810.cif,48
16826,B6 O13 Zn4,217,I-43m,-43<i>m</i>,15800,1,0,0,0,Trivial,Trivial,0,1,0,144,Zn4B6O13,7.48,7.48,7.48,90,90,90,0,0,0,3,0,https://materialsproject.org/materials/icsd/16826,cif/16826.cif,48
16829,As2 Cu1 O4,135,P42/mbc,4/<i>mmm</i>,16829,1,1,0,0,ESFD (SM),ESFD (SM),0,0,0,180,Minium-Pb3O4,8.59,8.59,5.56,90,90,90,0,0,0,6,0,https://materialsproject.org/materials/icsd/16829,cif/16829.cif,16
16844,As1 Fe2,129,P4/nmm,4/<i>mmm</i>,16844,1,0,0,0,ESFD (SM),ESFD (SM),0,0,0,42,Cu2Sb,3.634,3.634,5.985,90,90,90,0,0,0,0,0,https://materialsproject.org/materials/icsd/16844,cif/16844.cif,16
16845,Al2 Ba1 O4,182,P6322,622,16845,1,0,0,0,Trivial,Trivial,0,1,0,80,BaAl2O4,5.209,5.209,8.761,90,90,120,0,0,0,5,0,https://materialsproject.org/materials/icsd/16845,cif/16845.cif,12
16850,As2 O3,227,Fd-3m,<i>m</i>-3<i>m</i>,16850,1,0,0,0,Trivial,Trivial,0,0,0,112,As2O3(cF80),11.07,11.07,11.07,90,90,90,0,0,0,10,0,https://materialsproject.org/materials/icsd/16850,cif/16850.cif,192
16872,F5 O1 Os1,62,Pnma,<i>mmm</i>,16872,0,0,1,1,ES (SM),ESFD (SM),0,0,0,196,OsOF5,9.54,8.669,5.019,90,90,90,0,0,0,0,0,https://materialsproject.org/materials/icsd/16872,cif/16872.cif,8
16879,K4 N2 O14 S4,2,P-1,-1,16879,0,0,1,0,Trivial,Trivial,0,0,0,154,,7.45,7.14,7.16,105,82,113,0,0,0,0,0,https://materialsproject.org/materials/icsd/16879,cif/16879.cif,2
16892,F6 K2 Pt1,164,P-3m1,-3<i>m</i>,16892,0,0,1,0,Trivial,Trivial,0,0,0,70,K2GeF6,5.76,5.76,4.64,90,90,120,0,0,0,0,0,https://materialsproject.org/materials/icsd/16892,cif/16892.cif,12
16899,Na2 O11 Si4 Ti1,87,I4/m,4/<i>m</i>,16899,0,0,1,0,Trivial,Trivial,0,0,0,176,Na2TiOSi4O10,10.7269,10.7269,7.9476,90,90,90,0,0,0,4,0,https://materialsproject.org/materials/icsd/16899,cif/16899.cif,16
16904,Ba1 O4 S1,62,Pnma,<i>mmm</i>,16904,0,0,1,1,Trivial,Trivial,0,0,0,160,Barite#-BaSO4,8.884,5.458,7.153,90,90,90,0,0,0,0,0,https://materialsproject.org/materials/icsd/16904,cif/16904.cif,8
16907,B1 Na1 O8 Si3,2,P-1,-1,16907,1,0,0,0,Trivial,Trivial,0,0,0,128,Feldspar#-(TC)-Albite,7.833,12.36,6.803,93.308,116.352,92.005,0,0,0,3,0,https://materialsproject.org/materials/icsd/16907,cif/16907.cif,4
16916,O4 Pb1 S1,62,Pnma,<i>mmm</i>,16916,0,0,1,1,Trivial,Trivial,0,0,0,136,Barite#-BaSO4,8.516,5.399,6.989,90,90,90,0,0,0,0,0,https://materialsproject.org/materials/icsd/16916,cif/16916.cif,8
16925,Ba1 F4 Zn1,36,Cmc21,<i>mm</i>2,16925,1,1,0,0,Trivial,Trivial,0,0,0,100,BaCuF4,4.206,14.563,5.841,90,90,90,0,0,0,3,0,https://materialsproject.org/materials/icsd/16925,cif/16925.cif,8
16933,Al22 Na2 O34,194,P63/mmc,6/<i>mmm</i>,15970,1,0,0,0,Trivial,Trivial,0,0,0,272,NaAl11O17,5.596,5.596,22.526,90,90,120,0,0,0,4,0,https://materialsproject.org/materials/icsd/16933,cif/16933.cif,24
16952,S2 Si1,122,I-42d,-42<i>m</i>,16952,1,0,0,1,Trivial,Trivial,0,1,0,32,SiS2,5.42,5.42,8.718,90,90,90,0,0,0,8,0,https://materialsproject.org/materials/icsd/16952,cif/16952.cif,16
16959,C6 Ag3 Co1 N6,162,P-31m,-3<i>m</i>,16959,1,0,0,0,Trivial,Trivial,0,0,0,96,H3Fe(CN)6,7.03,7.03,7.127,90,90,120,1,0,0,4,0,https://materialsproject.org/materials/icsd/16959,cif/16959.cif,12
16970,Al2 O5 Si1,2,P-1,-1,16970,0,0,1,0,Trivial,Trivial,0,0,0,160,Kyanite,7.09,7.72,5.56,90.09,101.03,105.74,0,0,0,1,0,https://materialsproject.org/materials/icsd/16970,cif/16970.cif,2
16972,K2 O8 S2,2,P-1,-1,16972,0,0,1,0,Trivial,Trivial,0,0,0,78,K2S2O8,5.1,6.83,5.4,106.9,90.17,102.6,0,0,0,0,0,https://materialsproject.org/materials/icsd/16972,cif/16972.cif,2
16976,Al2 O5 Si1,2,P-1,-1,16970,0,0,1,0,Trivial,Trivial,0,0,0,160,Kyanite,7.1192,7.8473,5.5724,89.977,101.121,106.006,0,0,0,3,0,https://materialsproject.org/materials/icsd/16976,cif/16976.cif,2
17003,O3 W1,14,P21/c,2/<i>m</i>,14332,1,0,0,0,Trivial,Trivial,0,0,0,192,WO3(mP32),7.3,7.53,7.68,90,90.9,90,0,0,0,2,0,https://materialsproject.org/materials/icsd/17003,cif/17003.cif,4
17007,In2 Se3,166,R-3m,-3<i>m</i>,17007,1,0,0,0,ES (SM),ESFD (SM),0,0,0,24,Bi2Te3,4.05,4.05,29.41,90,90,120,0,0,0,9,0,https://materialsproject.org/materials/icsd/17007,cif/17007.cif,36
17046,H4 Mg3 O9 Si2,157,P31m,3<i>m</i>,17046,1,0,0,1,Trivial,Trivial,0,0,0,72,Mg3Si2O5(OH)4(hP18),5.332,5.332,7.233,90,90,120,0,0,0,3,0,https://materialsproject.org/materials/icsd/17046,cif/17046.cif,6
18007,Mn1 S1,225,Fm-3m,<i>m</i>-3<i>m</i>,18007,1,0,0,0,ESFD (SM),ESFD (SM),0,0,0,13,NaCl,5.24,5.24,5.24,90,90,90,0,0,0,0,0,https://materialsproject.org/materials/icsd/18007,cif/18007.cif,192
18022,Be3 F9 K1 Zn1,188,P-6c2,-62<i>m</i>,18022,0,0,1,1,Trivial,Trivial,0,1,0,180,BaTiSi3O9,6.583,6.583,9.623,90,90,120,0,0,0,1,0,https://materialsproject.org/materials/icsd/18022,cif/18022.cif,12
18114,Ca2 O7 Si2 Zn1,113,P-421m,-42<i>m</i>,18114,1,0,0,1,Trivial,Trivial,0,1,0,132,Melilite-Ca2MgSi2O7,7.8279,7.8279,5.0138,90,90,90,0,0,0,3,0,https://materialsproject.org/materials/icsd/18114,cif/18114.cif,8
18115,As2 Cu1 O8 Zn2,2,P-1,-1,18115,0,0,1,0,ESFD (SM),ESFD (SM),0,1,0,93,Cu3(PO4)2(P1-),5.094,6.752,5.304,111,112,86,0,0,0,3,0,https://materialsproject.org/materials/icsd/18115,cif/18115.cif,2
18120,Cr1 Mg1 O4,12,C2/m,2/<i>m</i>,18120,1,0,0,0,Trivial,Trivial,0,0,0,128,CoMoO4,9.95,9.16,6.759,90,103.68,90,0,0,0,1,0,https://materialsproject.org/materials/icsd/18120,cif/18120.cif,8
18135,Ca1 O4 W1,88,I41/a,4/<i>m</i>,15586,1,0,0,1,Trivial,Trivial,0,0,0,64,Scheelite-CaWO4,5.2425,5.2425,11.3715,90,90,90,0,0,0,3,0,https://materialsproject.org/materials/icsd/18135,cif/18135.cif,16
18151,O5 Si1 Sr3,130,P4/ncc,4/<i>mmm</i>,18151,1,0,0,0,Trivial,Trivial,0,0,0,256,Sr3SiO5,6.934,6.934,10.72,90,90,90,0,0,0,0,0,https://materialsproject.org/materials/icsd/18151,cif/18151.cif,16
18191,F7 I1,41,Aea2,<i>mm</i>2,18191,0,0,1,0,Trivial,Trivial,0,0,0,112,,8.74,8.87,6.14,90,90,90,0,0,0,0,0,https://materialsproject.org/materials/icsd/18191,cif/18191.cif,8
18199,C3 As1 N3,5,C2,2,18199,0,0,1,1,Trivial,Trivial,0,1,0,64,,9.19,6.9,8.92,90,101.2,90,0,0,0,0,0,https://materialsproject.org/materials/icsd/18199,cif/18199.cif,4
18202,F4 N4 S4,114,P-421c,-42<i>m</i>,15422,0,0,1,1,Trivial,Trivial,0,0,0,144,(NSF)4,9.193,9.193,4.299,90,90,90,0,0,0,0,0,https://materialsproject.org/materials/icsd/18202,cif/18202.cif,8
18305,Na2 Nb4 O11,15,C2/c,2/<i>m</i>,18305,1,0,0,0,Trivial,Trivial,0,0,0,240,,10.84,6.162,12.745,90,106.37,90,0,0,0,1,0,https://materialsproject.org/materials/icsd/18305,cif/18305.cif,8
18307,O5 S1 V1,85,P4/n,4/<i>m</i>,18307,0,0,1,1,ESFD (SM),ESFD (SM),0,0,0,82,VOSO4-alpha,6.261,6.261,4.101,90,90,90,0,0,0,2,0,https://materialsproject.org/materials/icsd/18307,cif/18307.cif,8
18311,O2,12,C2/m,2/<i>m</i>,18311,0,0,1,0,Trivial,ES (SM),0,0,0,12,O2(mS4),5.403,3.429,5.086,90,132.53,90,0,0,0,0,0,https://materialsproject.org/materials/icsd/18311,cif/18311.cif,8
18317,Ba3 O26 Si4 Ta6,189,P-62m,-62<i>m</i>,15935,1,0,0,0,Trivial,Trivial,0,0,0,232,Ba3Si4Ta6O26,8.99,8.99,7.79,90,90,120,0,0,0,2,0,https://materialsproject.org/materials/icsd/18317,cif/18317.cif,12
19001,C1 Cs1 N1 S1,62,Pnma,<i>mmm</i>,19001,0,0,1,0,Trivial,Trivial,0,0,0,96,CsSCN,7.978,6.332,8.332,90,90,90,0,0,0,0,0,https://materialsproject.org/materials/icsd/19001,cif/19001.cif,8
19047,O7 P2 Si1,205,Pa-3,<i>m</i>-3,19047,1,0,0,0,Trivial,Trivial,0,0,0,224,ZrP2O7,7.473,7.473,7.473,90,90,90,0,0,0,3,0,https://materialsproject.org/materials/icsd/19047,cif/19047.cif,24
19075,F6 Rb3 Tl1,139,I4/mmm,4/<i>mmm</i>,19075,1,0,0,0,Trivial,Trivial,0,0,0,72,Rb3TlF6,6.53,6.53,9.43,90,90,90,0,0,0,0,0,https://materialsproject.org/materials/icsd/19075,cif/19075.cif,32
19076,Cs3 F6 Tl1,139,I4/mmm,4/<i>mmm</i>,19076,1,0,0,0,Trivial,Trivial,0,0,0,72,Rb3TlF6,6.79,6.79,9.64,90,90,90,0,0,0,0,0,https://materialsproject.org/materials/icsd/19076,cif/19076.cif,32
19077,F6 Rb3 Y1,139,I4/mmm,4/<i>mmm</i>,19077,1,1,0,0,Trivial,Trivial,0,0,0,80,Rb3TlF6,6.55,6.55,9.4,90,90,90,0,0,0,0,0,https://materialsproject.org/materials/icsd/19077,cif/19077.cif,32
19078,Cs3 F6 Y1,139,I4/mmm,4/<i>mmm</i>,19078,1,0,0,0,Trivial,Trivial,0,0,0,80,Rb3TlF6,6.89,6.89,9.78,90,90,90,0,0,0,0,0,https://materialsproject.org/materials/icsd/19078,cif/19078.cif,32
20003,F6 O9 Si2 Ti1 Y4,63,Cmcm,<i>mmm</i>,20003,1,0,0,0,Trivial,Trivial,0,0,0,304,,14.949,10.626,7.043,90,90,90,0,0,0,1,0,https://materialsproject.org/materials/icsd/20003,cif/20003.cif,16
20041,O1 Ti3,163,P-31c,-3<i>m</i>,20041,1,1,0,0,ES (SM),ESFD (SM),0,0,0,72,Ti3O,5.15,5.15,9.56,90,90,120,0,0,0,6,0,https://materialsproject.org/materials/icsd/20041,cif/20041.cif,12
20053,Ge2 In2 O7,12,C2/m,2/<i>m</i>,20053,0,0,1,1,Trivial,Trivial,0,0,0,56,Sc2Si2O7,6.59,4.91,8.72,90,90,102,0,0,0,3,0,https://materialsproject.org/materials/icsd/20053,cif/20053.cif,8
20069,Al4 Bi2 O9,55,Pbam,<i>mmm</i>,20069,1,0,0,0,Trivial,Trivial,0,0,0,152,Bi2Al4O9,7.7,8.13,5.71,90,90,90,0,0,0,1,0,https://materialsproject.org/materials/icsd/20069,cif/20069.cif,8
20114,Na2 O8 Si3 Zn1,4,P21,2,20114,1,0,0,1,Trivial,Trivial,0,1,0,148,,6.671,6.418,8.65,90,90,103.8,0,0,0,4,0,https://materialsproject.org/materials/icsd/20114,cif/20114.cif,2
20129,Ge1 Na2 O5 Ti1,129,P4/nmm,4/<i>mmm</i>,20129,1,0,0,0,Trivial,Trivial,0,0,0,80,Li2TiSiO5,6.67,6.67,5.56,90,90,90,0,0,0,2,0,https://materialsproject.org/materials/icsd/20129,cif/20129.cif,16
20140,B2 Co5 Ti3,127,P4/mbm,4/<i>mmm</i>,20140,1,0,0,0,ESFD (SM),ESFD (SM),0,0,0,126,Co5Ti3B2,8.489,8.489,3.038,90,90,90,0,0,0,0,0,https://materialsproject.org/materials/icsd/20140,cif/20140.cif,16
20145,Cl1 Zr1,166,R-3m,-3<i>m</i>,20145,1,0,0,0,SEBR (TI),ESFD (SM),0,0,0,22,ZrCl,3.41,3.41,26.66,90,90,120,0,0,0,0,0,https://materialsproject.org/materials/icsd/20145,cif/20145.cif,36
20157,F6 Fe1 Na3,4,P21,2,20157,0,0,1,1,ES (SM),ESFD (SM),0,1,0,106,Ca3UO6,5.514,5.734,7.973,90,90.42,90,0,0,0,3,0,https://materialsproject.org/materials/icsd/20157,cif/20157.cif,2
20172,Al5 B1 O9,36,Cmc21,<i>mm</i>2,20172,1,0,0,1,Trivial,Trivial,0,0,0,144,Al5(BO3)O6,5.6673,15.011,7.693,90,90,90,0,0,0,1,0,https://materialsproject.org/materials/icsd/20172,cif/20172.cif,8
20191,B1 Cd1 Li1 O3,174,P-6,-6,20191,1,0,0,1,Trivial,Trivial,0,0,0,102,LiCdBO3,8.309,8.309,3.259,90,90,120,0,0,0,2,0,https://materialsproject.org/materials/icsd/20191,cif/20191.cif,6
20223,Al3 B4 O12 Y1,155,R32,32,20223,1,0,0,1,Trivial,Trivial,0,1,0,104,Mg3Ca(CO3)4,9.295,9.295,7.243,90,90,120,0,0,0,1,0,https://materialsproject.org/materials/icsd/20223,cif/20223.cif,18
20228,Mn1 O2,62,Pnma,<i>mmm</i>,20228,1,0,0,0,ES (SM),ESFD (SM),0,0,0,76,VO2,9.32,4.46,2.85,90,90,90,0,0,0,2,0,https://materialsproject.org/materials/icsd/20228,cif/20228.cif,8
20229,Mn1 O2,136,P42/mnm,4/<i>mmm</i>,20229,1,1,0,0,ESFD (SM),ESFD (SM),0,0,0,38,Rutile-TiO2,4.388,4.388,2.865,90,90,90,0,0,0,2,0,https://materialsproject.org/materials/icsd/20229,cif/20229.cif,16
20275,Ca1 O2,139,I4/mmm,4/<i>mmm</i>,20275,1,0,0,0,Trivial,Trivial,0,0,0,14,KO2,5.01,5.01,5.92,90,90,90,0,0,0,0,0,https://materialsproject.org/materials/icsd/20275,cif/20275.cif,64
100140,C1 H2 Al1 Na1 O5,74,Imma,<i>mmm</i>,100140,0,0,1,1,Trivial,Trivial,0,0,0,80,,6.759,5.585,10.425,90,90,90,0,0,0,1,0,https://materialsproject.org/materials/icsd/100140,cif/100140.cif,16
100200,H2 Li1 O4 P1,33,Pna21,<i>mm</i>2,100200,0,0,1,0,Trivial,Trivial,0,0,0,128,LiH2AsO4,6.253,7.656,6.881,90,90,90,0,0,0,0,0,https://materialsproject.org/materials/icsd/100200,cif/100200.cif,4
100249,As2 Cu1 O8 Zn2,2,P-1,-1,18115,0,0,1,0,ESFD (SM),ESFD (SM),0,0,0,93,Cu3(PO4)2(P1-),5.092,6.695,5.304,110.16,112.09,86.74,0,0,0,3,0,https://materialsproject.org/materials/icsd/100249,cif/100249.cif,2
100290,B6 O13 Zn4,217,I-43m,-43<i>m</i>,15800,1,0,0,1,Trivial,Trivial,0,1,0,144,Zn4B6O13,7.4659,7.4659,7.4659,90,90,90,0,0,0,3,0,https://materialsproject.org/materials/icsd/100290,cif/100290.cif,48
100299,F7 K3 Zn2,139,I4/mmm,4/<i>mmm</i>,100299,1,0,0,1,Trivial,Trivial,0,0,0,100,Sr3Ti2O7,4.06,4.06,21.171,90,90,90,0,0,0,3,0,https://materialsproject.org/materials/icsd/100299,cif/100299.cif,32
100301,F6 Fe1 Zr1,225,Fm-3m,<i>m</i>-3<i>m</i>,100301,1,0,0,1,Trivial,Trivial,0,0,0,54,Sn2F6,8.088,8.088,8.088,90,90,90,0,0,0,3,0,https://materialsproject.org/materials/icsd/100301,cif/100301.cif,192
100303,C1 H4 N2 O1,113,P-421m,-42<i>m</i>,15432,0,0,1,1,Trivial,Trivial,0,0,0,48,Urea,5.645,5.645,4.704,90,90,90,0,0,0,0,0,https://materialsproject.org/materials/icsd/100303,cif/100303.cif,8
100304,C1 H4 N2 O1,113,P-421m,-42<i>m</i>,15432,0,0,1,1,Trivial,Trivial,0,0,0,48,Urea,5.578,5.578,4.695,90,90,90,0,0,0,0,0,https://materialsproject.org/materials/icsd/100304,cif/100304.cif,8
100305,C1 H4 N2 O1,113,P-421m,-42<i>m</i>,15432,0,0,1,1,Trivial,Trivial,0,0,0,48,Urea,5.572,5.572,4.686,90,90,90,0,0,0,0,0,https://materialsproject.org/materials/icsd/100305,cif/100305.cif,8
100355,Al4 Cu2 O7,216,F-43m,-43<i>m</i>,100355,1,1,0,0,ES (SM),ES (SM),0,0,0,76,YBaFe4O7,8.09,8.09,8.09,90,90,90,0,1,0,4,0,https://materialsproject.org/materials/icsd/100355,cif/100355.cif,96
100395,Al2 O5 Si1,58,Pnnm,<i>mmm</i>,100395,1,0,0,0,Trivial,Trivial,0,0,0,160,Al2SiO5-Andalusite,7.798,7.9031,5.5566,90,90,90,0,0,0,2,0,https://materialsproject.org/materials/icsd/100395,cif/100395.cif,8
100396,Al2 O5 Si1,58,Pnnm,<i>mmm</i>,100395,1,0,0,0,Trivial,Trivial,0,0,0,160,Al2SiO5-Andalusite,7.8355,7.9289,5.5611,90,90,90,0,0,0,2,0,https://materialsproject.org/materials/icsd/100396,cif/100396.cif,8
100397,Al2 O5 Si1,58,Pnnm,<i>mmm</i>,100395,1,0,0,0,Trivial,Trivial,0,0,0,160,Al2SiO5-Andalusite,7.8556,7.9424,5.5642,90,90,90,0,0,0,2,0,https://materialsproject.org/materials/icsd/100397,cif/100397.cif,8
100398,Al2 O5 Si1,58,Pnnm,<i>mmm</i>,100395,1,0,0,0,Trivial,Trivial,0,0,0,160,Al2SiO5-Andalusite,7.8759,7.9567,5.5664,90,90,90,0,0,0,2,0,https://materialsproject.org/materials/icsd/100398,cif/100398.cif,8
100399,Al2 O5 Si1,58,Pnnm,<i>mmm</i>,100395,1,0,0,0,Trivial,Trivial,0,0,0,160,Al2SiO5-Andalusite,7.8976,7.9735,5.5695,90,90,90,0,0,0,2,0,https://materialsproject.org/materials/icsd/100399,cif/100399.cif,8
100438,Co2 S2 Tl1,139,I4/mmm,4/<i>mmm</i>,100438,1,0,0,1,ESFD (SM),ESFD (SM),0,0,0,33,BaZn2P2,3.741,3.741,12.956,90,90,90,0,0,0,0,0,https://materialsproject.org/materials/icsd/100438,cif/100438.cif,32
100450,Al2 O5 Si1,62,Pnma,<i>mmm</i>,100450,1,0,0,0,Trivial,Trivial,0,0,0,160,Al2SiO5-Sillimanite,7.4883,7.6808,5.7774,90,90,90,0,0,0,4,0,https://materialsproject.org/materials/icsd/100450,cif/100450.cif,8
100451,Al2 O5 Si1,62,Pnma,<i>mmm</i>,100450,1,0,0,0,Trivial,Trivial,0,0,0,160,Al2SiO5-Sillimanite,7.4932,7.7035,5.7872,90,90,90,0,0,0,4,0,https://materialsproject.org/materials/icsd/100451,cif/100451.cif,8
100452,Al2 O5 Si1,62,Pnma,<i>mmm</i>,100450,1,0,0,0,Trivial,Trivial,0,0,0,160,Al2SiO5-Sillimanite,7.4967,7.7136,5.7921,90,90,90,0,0,0,4,0,https://materialsproject.org/materials/icsd/100452,cif/100452.cif,8
100453,Al2 O5 Si1,62,Pnma,<i>mmm</i>,100450,1,0,0,0,Trivial,Trivial,0,0,0,160,Al2SiO5-Sillimanite,7.4998,7.7255,5.7978,90,90,90,0,0,0,4,0,https://materialsproject.org/materials/icsd/100453,cif/100453.cif,8
100454,Al2 O5 Si1,62,Pnma,<i>mmm</i>,100450,1,0,0,0,Trivial,Trivial,0,0,0,160,Al2SiO5-Sillimanite,7.5035,7.7387,5.804,90,90,90,0,0,0,4,0,https://materialsproject.org/materials/icsd/100454,cif/100454.cif,8
100455,Al2 O5 Si1,2,P-1,-1,16970,0,0,1,0,Trivial,Trivial,0,0,0,160,Kyanite,7.1262,7.852,5.5724,89.99,101.11,106.03,0,0,0,3,0,https://materialsproject.org/materials/icsd/100455,cif/100455.cif,2
100456,Al2 O5 Si1,2,P-1,-1,16970,0,0,1,0,Trivial,Trivial,0,0,0,160,Kyanite,7.1423,7.8724,5.5968,89.94,101.18,105.99,0,0,0,3,0,https://materialsproject.org/materials/icsd/100456,cif/100456.cif,2
100457,Al2 O5 Si1,2,P-1,-1,16970,0,0,1,0,Trivial,Trivial,0,0,0,160,Kyanite,7.1582,7.8821,5.6089,89.9,101.21,105.98,0,0,0,3,0,https://materialsproject.org/materials/icsd/100457,cif/100457.cif,2
100477,C2 Ba1 Ca1 O6,150,P321,32,100477,0,0,1,1,Trivial,Trivial,0,0,0,168,,8.692,8.692,6.148,90,90,120,0,0,0,0,0,https://materialsproject.org/materials/icsd/100477,cif/100477.cif,6
100482,C2 Mg1 Na2 O6,148,R-3,-3,100482,0,0,1,1,Trivial,Trivial,0,0,0,48,Na2Mg(CO3)2,4.946,4.946,16.422,90,90,120,0,0,0,1,0,https://materialsproject.org/materials/icsd/100482,cif/100482.cif,18
100492,H16 As2 O16 Zn3,12,C2/m,2/<i>m</i>,100492,0,0,1,0,Trivial,Trivial,0,0,0,158,Vivianite,10.241,13.405,4.757,90,105.21,90,0,0,0,0,0,https://materialsproject.org/materials/icsd/100492,cif/100492.cif,8
100533,Fe1 Ti1,221,Pm-3m,<i>m</i>-3<i>m</i>,100533,1,0,0,1,SEBR (TI),ES (SM),1,0,0,12,CsCl,2.975,2.975,2.975,90,90,90,0,0,0,0,0,https://materialsproject.org/materials/icsd/100533,cif/100533.cif,48
100544,Ni2 O4 Si1,227,Fd-3m,<i>m</i>-3<i>m</i>,100544,1,0,0,0,Trivial,ESFD (SM),0,0,0,96,Spinel-Al2MgO4,8.0442,8.0442,8.0442,90,90,90,1,1,0,4,0,https://materialsproject.org/materials/icsd/100544,cif/100544.cif,192
100545,Ni2 O4 Si1,227,Fd-3m,<i>m</i>-3<i>m</i>,100544,1,0,0,0,Trivial,ESFD (SM),0,0,0,96,Spinel-Al2MgO4,8.0442,8.0442,8.0442,90,90,90,1,1,0,4,0,https://materialsproject.org/materials/icsd/100545,cif/100545.cif,192
100546,Ni2 O4 Si1,227,Fd-3m,<i>m</i>-3<i>m</i>,100544,1,0,0,1,Trivial,ESFD (SM),0,0,0,96,Spinel-Al2MgO4,8.095,8.095,8.095,90,90,90,1,1,0,4,0,https://materialsproject.org/materials/icsd/100546,cif/100546.cif,192
100547,Ni2 O4 Si1,227,Fd-3m,<i>m</i>-3<i>m</i>,100544,1,0,0,0,Trivial,ESFD (SM),0,0,0,96,Spinel-Al2MgO4,8.0302,8.0302,8.0302,90,90,90,1,1,0,4,0,https://materialsproject.org/materials/icsd/100547,cif/100547.cif,192
100548,Ni2 O4 Si1,227,Fd-3m,<i>m</i>-3<i>m</i>,100544,1,0,0,0,Trivial,ESFD (SM),0,0,0,96,Spinel-Al2MgO4,8.017,8.017,8.017,90,90,90,1,1,0,4,0,https://materialsproject.org/materials/icsd/100548,cif/100548.cif,192
100549,Ni2 O4 Si1,227,Fd-3m,<i>m</i>-3<i>m</i>,100544,1,0,0,0,Trivial,ESFD (SM),0,0,0,96,Spinel-Al2MgO4,8.0086,8.0086,8.0086,90,90,90,1,1,0,4,0,https://materialsproject.org/materials/icsd/100549,cif/100549.cif,192
100550,Ni2 O4 Si1,227,Fd-3m,<i>m</i>-3<i>m</i>,100544,1,0,0,0,Trivial,ESFD (SM),0,0,0,96,Spinel-Al2MgO4,8.0036,8.0036,8.0036,90,90,90,1,1,0,4,0,https://materialsproject.org/materials/icsd/100550,cif/100550.cif,192
100551,Ni2 O4 Si1,227,Fd-3m,<i>m</i>-3<i>m</i>,100544,1,0,0,0,Trivial,ESFD (SM),0,0,0,96,Spinel-Al2MgO4,8.0014,8.0014,8.0014,90,90,90,1,1,0,4,0,https://materialsproject.org/materials/icsd/100551,cif/100551.cif,192
100552,Fe2 O4 Si1,227,Fd-3m,<i>m</i>-3<i>m</i>,100552,1,0,0,1,Trivial,ES (SM),0,0,0,88,Spinel-Al2MgO4,8.236,8.236,8.236,90,90,90,1,1,0,3,0,https://materialsproject.org/materials/icsd/100552,cif/100552.cif,192
100562,F1 O1 Sc1,14,P21/c,2/<i>m</i>,100562,1,0,0,1,Trivial,Trivial,0,0,0,64,Baddeleyite-ZrO2(mP12),5.167,5.147,5.248,90,99.7,90,0,0,0,3,0,https://materialsproject.org/materials/icsd/100562,cif/100562.cif,4
100563,F1 O1 Sc1,14,P21/c,2/<i>m</i>,100562,1,0,0,1,Trivial,Trivial,0,0,0,64,Baddeleyite-ZrO2(mP12),5.167,5.147,5.248,90,99.7,90,0,0,0,3,0,https://materialsproject.org/materials/icsd/100563,cif/100563.cif,4
100564,F1 O1 Sc1,14,P21/c,2/<i>m</i>,100562,1,0,0,1,Trivial,Trivial,0,0,0,64,Baddeleyite-ZrO2(mP12),5.167,5.147,5.248,90,99.7,90,0,0,0,3,0,https://materialsproject.org/materials/icsd/100564,cif/100564.cif,4
100607,C1 Ca2 F2 O3,60,Pbcn,<i>mmm</i>,100607,0,0,1,0,Trivial,Trivial,0,0,0,160,Pb2F2CO3,7.65,7.55,6.548,90,90,90,0,0,0,0,0,https://materialsproject.org/materials/icsd/100607,cif/100607.cif,8
100623,Ba1 O4 S1,62,Pnma,<i>mmm</i>,16904,0,0,1,1,Trivial,Trivial,0,0,0,160,Barite#-BaSO4,7.157,8.884,5.457,90,90,90,0,0,0,0,0,https://materialsproject.org/materials/icsd/100623,cif/100623.cif,8
100681,O6 Pb3 S1,11,P21/m,2/<i>m</i>,100681,1,0,0,1,Trivial,Trivial,0,0,0,108,Pb3SO4O2,7.168,5.771,8.036,90,102.4,90,0,0,0,2,0,https://materialsproject.org/materials/icsd/100681,cif/100681.cif,4
100693,Na2 O3 Te1,14,P21/c,2/<i>m</i>,100693,1,0,0,0,Trivial,Trivial,0,0,0,104,Ag2SeO3,6.882,10.315,4.961,90,91.66,90,0,0,0,0,0,https://materialsproject.org/materials/icsd/100693,cif/100693.cif,4
100706,Fe1 Ga2 S4,164,P-3m1,-3<i>m</i>,100706,1,0,0,1,Trivial,Trivial,0,0,0,38,FeGa2S4,3.654,3.654,12.056,90,90,120,0,0,0,8,0,https://materialsproject.org/materials/icsd/100706,cif/100706.cif,12
100725,Mg2 O4 Si1,74,Imma,<i>mmm</i>,100725,1,0,0,1,Trivial,Trivial,0,0,0,128,Mn2GeO4,5.6983,11.438,8.2566,90,90,90,0,0,0,3,0,https://materialsproject.org/materials/icsd/100725,cif/100725.cif,16
100782,K3 O8 V3,164,P-3m1,-3<i>m</i>,100782,1,0,0,1,Trivial,ESFD (SM),0,0,0,90,K3Na(SO4)2,5.651,5.651,7.392,90,90,120,0,0,0,5,0,https://materialsproject.org/materials/icsd/100782,cif/100782.cif,12
100834,Cl8 Li6 V1,225,Fm-3m,<i>m</i>-3<i>m</i>,100834,0,0,1,0,ESFD (SM),ESFD (SM),0,0,0,67,Mg6MnO8,10.294,10.294,10.294,90,90,90,1,0,0,5,0,https://materialsproject.org/materials/icsd/100834,cif/100834.cif,192
102052,Cd1 Pt1,123,P4/mmm,4/<i>mmm</i>,102052,1,0,0,0,ES (SM),ES (SM),0,0,0,22,AuCu,2.951,2.951,3.815,90,90,90,0,0,0,0,0,https://materialsproject.org/materials/icsd/102052,cif/102052.cif,16
102053,Cd1 Pt1,123,P4/mmm,4/<i>mmm</i>,102052,1,0,0,0,ES (SM),ES (SM),0,0,0,22,AuCu,2.9582,2.9582,3.8163,90,90,90,0,0,0,0,0,https://materialsproject.org/materials/icsd/102053,cif/102053.cif,16
102061,Cd1 Sc1,221,Pm-3m,<i>m</i>-3<i>m</i>,102061,1,0,0,0,ESFD (SM),ESFD (SM),0,0,0,15,CsCl,3.513,3.513,3.513,90,90,90,0,0,0,0,0,https://materialsproject.org/materials/icsd/102061,cif/102061.cif,48
102318,Co2 Cr1 Ga1,225,Fm-3m,<i>m</i>-3<i>m</i>,102318,1,0,0,0,ESFD (SM),ESFD (SM),0,0,0,27,Heusler-AlCu2Mn,5.805,5.805,5.805,90,90,90,0,0,0,0,0,https://materialsproject.org/materials/icsd/102318,cif/102318.cif,192
102385,Co1 Fe2 Ga1,225,Fm-3m,<i>m</i>-3<i>m</i>,102385,1,1,0,0,SEBR (TI),ES (SM),0,0,0,28,Heusler-AlCu2Mn,5.767,5.767,5.767,90,90,90,0,0,0,0,0,https://materialsproject.org/materials/icsd/102385,cif/102385.cif,192
102386,Co2 Fe1 Ga1,225,Fm-3m,<i>m</i>-3<i>m</i>,102386,1,0,0,0,ESFD (SM),ESFD (SM),0,0,0,29,Heusler-AlCu2Mn,5.737,5.737,5.737,90,90,90,0,0,0,0,0,https://materialsproject.org/materials/icsd/102386,cif/102386.cif,192
102423,Co1 Ga1,221,Pm-3m,<i>m</i>-3<i>m</i>,102423,1,0,0,0,ES (SM),ES (SM),0,0,0,12,CsCl,2.8831,2.8831,2.8831,90,90,90,0,0,0,0,0,https://materialsproject.org/materials/icsd/102423,cif/102423.cif,48
102433,Co2 Ga1 Hf1,225,Fm-3m,<i>m</i>-3<i>m</i>,102433,1,1,0,0,ESFD (SM),ESFD (SM),0,0,0,25,Heusler-AlCu2Mn,6.032,6.032,6.032,90,90,90,0,0,0,0,0,https://materialsproject.org/materials/icsd/102433,cif/102433.cif,192
102438,Co2 Ga1 Mn1,225,Fm-3m,<i>m</i>-3<i>m</i>,102438,1,0,0,0,SEBR (TI),ES (SM),0,0,0,28,Heusler-AlCu2Mn,5.767,5.767,5.767,90,90,90,0,0,0,0,0,https://materialsproject.org/materials/icsd/102438,cif/102438.cif,192
102441,Co2 Ga1 Nb1,225,Fm-3m,<i>m</i>-3<i>m</i>,102441,1,0,0,0,SEBR (TI),ESFD (SM),0,0,0,34,Heusler-AlCu2Mn,5.95,5.95,5.95,90,90,90,0,0,0,0,0,https://materialsproject.org/materials/icsd/102441,cif/102441.cif,192
102451,Co2 Ga1 Ta1,225,Fm-3m,<i>m</i>-3<i>m</i>,102451,1,0,0,0,SEBR (TI),ESFD (SM),0,0,0,26,Heusler-AlCu2Mn,5.923,5.923,5.923,90,90,90,0,0,0,0,0,https://materialsproject.org/materials/icsd/102451,cif/102451.cif,192
102453,Co2 Ga1 Ti1,225,Fm-3m,<i>m</i>-3<i>m</i>,102453,1,0,0,0,ESFD (SM),ESFD (SM),0,0,0,25,Heusler-AlCu2Mn,5.848,5.848,5.848,90,90,90,0,0,0,0,0,https://materialsproject.org/materials/icsd/102453,cif/102453.cif,192
102454,Co2 Ga1 Ti1,225,Fm-3m,<i>m</i>-3<i>m</i>,102453,1,0,0,0,ESFD (SM),ESFD (SM),0,0,0,25,Heusler-AlCu2Mn,5.844,5.844,5.844,90,90,90,0,0,0,0,0,https://materialsproject.org/materials/icsd/102454,cif/102454.cif,192
102456,Co2 Ga1 V1,225,Fm-3m,<i>m</i>-3<i>m</i>,102456,1,0,0,0,SEBR (TI),ESFD (SM),0,0,0,26,Heusler-AlCu2Mn,5.782,5.782,5.782,90,90,90,0,0,0,0,0,https://materialsproject.org/materials/icsd/102456,cif/102456.cif,192
102483,Co2 Hf1 Sn1,225,Fm-3m,<i>m</i>-3<i>m</i>,102483,1,1,0,0,SEBR (TI),ESFD (SM),0,0,0,26,Heusler-AlCu2Mn,6.22,6.22,6.22,90,90,90,0,0,0,0,0,https://materialsproject.org/materials/icsd/102483,cif/102483.cif,192
102531,Co2 Mn1 Sn1,225,Fm-3m,<i>m</i>-3<i>m</i>,102531,1,0,0,0,ESFD (SM),ESFD (SM),0,0,0,29,Heusler-AlCu2Mn,6.01,6.01,6.01,90,90,90,0,0,0,0,0,https://materialsproject.org/materials/icsd/102531,cif/102531.cif,192
102532,Co2 Mn1 Sn1,225,Fm-3m,<i>m</i>-3<i>m</i>,102531,1,0,0,0,ESFD (SM),ESFD (SM),0,0,0,29,Heusler-AlCu2Mn,5.989,5.989,5.989,90,90,90,0,0,0,0,0,https://materialsproject.org/materials/icsd/102532,cif/102532.cif,192
102542,Co3 Mo1,194,P63/mmc,6/<i>mmm</i>,102542,1,1,0,0,ESFD (SM),ESFD (SM),0,0,0,66,Ni3Sn,5.1245,5.1245,4.1125,90,90,120,0,0,0,0,0,https://materialsproject.org/materials/icsd/102542,cif/102542.cif,24
102552,Co1 Nb1 Sn1,216,F-43m,-43<i>m</i>,102552,1,1,0,0,Trivial,Trivial,0,1,0,26,Heusler-AlLiSi,5.947,5.947,5.947,90,90,90,0,0,0,0,0,https://materialsproject.org/materials/icsd/102552,cif/102552.cif,96
102553,Co1 Nb1 Sn1,216,F-43m,-43<i>m</i>,102552,1,1,0,0,Trivial,Trivial,0,1,0,26,Heusler-AlLiSi,5.952,5.952,5.952,90,90,90,0,0,0,0,0,https://materialsproject.org/materials/icsd/102553,cif/102553.cif,96
102554,Co2 Nb1 Sn1,225,Fm-3m,<i>m</i>-3<i>m</i>,102554,1,0,0,0,ESFD (SM),ESFD (SM),0,0,0,35,Heusler-AlCu2Mn,6.143,6.143,6.143,90,90,90,0,0,0,0,0,https://materialsproject.org/materials/icsd/102554,cif/102554.cif,192
102555,Co2 Nb1 Sn1,225,Fm-3m,<i>m</i>-3<i>m</i>,102554,1,0,0,0,ESFD (SM),ESFD (SM),0,0,0,35,Heusler-AlCu2Mn,6.153,6.153,6.153,90,90,90,0,0,0,0,0,https://materialsproject.org/materials/icsd/102555,cif/102555.cif,192
102582,Co1 Ni1 Sn1,194,P63/mmc,6/<i>mmm</i>,102582,1,1,0,0,ESFD (SM),ESFD (SM),0,0,0,46,InNi2,4.12,4.12,5.208,90,90,120,0,0,0,0,0,https://materialsproject.org/materials/icsd/102582,cif/102582.cif,24
102642,Co1 Sc1,221,Pm-3m,<i>m</i>-3<i>m</i>,102642,1,0,0,0,NLC (TI),ES (SM),1,0,0,12,CsCl,3.145,3.145,3.145,90,90,90,0,0,0,0,0,https://materialsproject.org/materials/icsd/102642,cif/102642.cif,48
102646,Co2 Sc1 Sn1,225,Fm-3m,<i>m</i>-3<i>m</i>,102646,1,0,0,0,ESFD (SM),ESFD (SM),0,0,0,25,Heusler-AlCu2Mn,6.188,6.188,6.188,90,90,90,0,0,0,0,0,https://materialsproject.org/materials/icsd/102646,cif/102646.cif,192
102671,Co1 Sn1,191,P6/mmm,6/<i>mmm</i>,102671,1,0,0,0,ESFD (SM),ESFD (SM),0,0,0,39,CoSn,5.279,5.279,4.259,90,90,120,1,0,0,0,0,https://materialsproject.org/materials/icsd/102671,cif/102671.cif,24
102672,Co1 Sn2,140,I4/mcm,4/<i>mmm</i>,102672,1,0,0,0,ESFD (SM),ESFD (SM),1,0,0,34,Al2Cu,6.365,6.365,5.457,90,90,90,0,0,0,0,0,https://materialsproject.org/materials/icsd/102672,cif/102672.cif,32
102673,Co2 Sn1,194,P63/mmc,6/<i>mmm</i>,102673,1,0,0,0,SEBR (TI),ESFD (SM),0,0,0,44,InNi2,4.109,4.109,5.18,90,90,120,0,0,0,0,0,https://materialsproject.org/materials/icsd/102673,cif/102673.cif,24
102682,Co2 Sn1 Ti1,225,Fm-3m,<i>m</i>-3<i>m</i>,102682,1,1,0,0,SEBR (TI),ESFD (SM),0,0,0,26,Heusler-AlCu2Mn,6.06,6.06,6.06,90,90,90,0,0,0,0,0,https://materialsproject.org/materials/icsd/102682,cif/102682.cif,192
102683,Co2 Sn1 Ti1,225,Fm-3m,<i>m</i>-3<i>m</i>,102682,1,1,0,0,SEBR (TI),ESFD (SM),0,0,0,26,Heusler-AlCu2Mn,6.076,6.076,6.076,90,90,90,0,0,0,0,0,https://materialsproject.org/materials/icsd/102683,cif/102683.cif,192
102684,Co2 Sn1 V1,225,Fm-3m,<i>m</i>-3<i>m</i>,102684,1,0,0,0,ESFD (SM),ESFD (SM),0,0,0,27,Heusler-AlCu2Mn,5.98,5.98,5.98,90,90,90,0,0,0,0,0,https://materialsproject.org/materials/icsd/102684,cif/102684.cif,192
102685,Co2 Sn1 V1,225,Fm-3m,<i>m</i>-3<i>m</i>,102684,1,0,0,0,ESFD (SM),ESFD (SM),0,0,0,27,Heusler-AlCu2Mn,5.994,5.994,5.994,90,90,90,0,0,0,0,0,https://materialsproject.org/materials/icsd/102685,cif/102685.cif,192
102687,Co2 Sn1 Zr1,225,Fm-3m,<i>m</i>-3<i>m</i>,102687,1,1,0,0,SEBR (TI),ESFD (SM),0,0,0,26,Heusler-AlCu2Mn,6.233,6.233,6.233,90,90,90,0,0,0,0,0,https://materialsproject.org/materials/icsd/102687,cif/102687.cif,192
102689,Co3 Ta1,221,Pm-3m,<i>m</i>-3<i>m</i>,102689,1,0,0,0,ESFD (SM),ES (SM),0,0,0,32,Auricupride-AuCu3,3.67,3.67,3.67,90,90,90,1,0,0,0,0,https://materialsproject.org/materials/icsd/102689,cif/102689.cif,48
102705,Co1 Ti1,221,Pm-3m,<i>m</i>-3<i>m</i>,102705,1,0,0,0,ESFD (SM),ESFD (SM),1,0,0,13,CsCl,2.995,2.995,2.995,90,90,90,0,0,0,0,0,https://materialsproject.org/materials/icsd/102705,cif/102705.cif,48
102708,Co3 Ti1,221,Pm-3m,<i>m</i>-3<i>m</i>,102708,1,0,0,0,ESFD (SM),ESFD (SM),0,0,0,31,Auricupride-AuCu3,3.614,3.614,3.614,90,90,90,1,0,0,0,0,https://materialsproject.org/materials/icsd/102708,cif/102708.cif,48
102722,Co3 W1,194,P63/mmc,6/<i>mmm</i>,102722,1,1,0,0,ESFD (SM),ESFD (SM),0,0,0,66,Ni3Sn,5.12,5.12,4.12,90,90,120,0,0,0,0,0,https://materialsproject.org/materials/icsd/102722,cif/102722.cif,24
102731,Co5 Y1,191,P6/mmm,6/<i>mmm</i>,102731,1,0,0,0,ES (SM),ESFD (SM),0,0,0,56,CaCu5,4.942,4.942,3.976,90,90,120,1,0,0,0,0,https://materialsproject.org/materials/icsd/102731,cif/102731.cif,24
102732,Co5 Y1,191,P6/mmm,6/<i>mmm</i>,102731,1,0,0,0,ES (SM),ESFD (SM),0,0,0,56,CaCu5,4.95,4.95,3.97,90,90,120,1,0,0,0,0,https://materialsproject.org/materials/icsd/102732,cif/102732.cif,24
102737,Co1 Zr1,221,Pm-3m,<i>m</i>-3<i>m</i>,102737,1,0,0,0,ESFD (SM),ESFD (SM),1,0,0,13,CsCl,3.194,3.194,3.194,90,90,90,0,0,0,0,0,https://materialsproject.org/materials/icsd/102737,cif/102737.cif,48
102738,Co1 Zr1,221,Pm-3m,<i>m</i>-3<i>m</i>,102737,1,0,0,0,ESFD (SM),ESFD (SM),1,0,0,13,CsCl,3.181,3.181,3.181,90,90,90,0,0,0,0,0,https://materialsproject.org/materials/icsd/102738,cif/102738.cif,48
102755,Cr1 Fe2 Ga1,225,Fm-3m,<i>m</i>-3<i>m</i>,102755,1,1,0,0,ESFD (SM),ESFD (SM),0,0,0,25,Heusler-AlCu2Mn,5.824,5.824,5.824,90,90,90,0,0,0,0,0,https://materialsproject.org/materials/icsd/102755,cif/102755.cif,192
102799,Mn1 Sn2,140,I4/mcm,4/<i>mmm</i>,102799,1,0,0,0,ESFD (SM),ESFD (SM),1,0,0,30,Al2Cu,6.659,6.659,5.447,90,90,90,0,0,0,0,0,https://materialsproject.org/materials/icsd/102799,cif/102799.cif,32
102800,Fe1 Sn2,140,I4/mcm,4/<i>mmm</i>,102800,1,1,0,0,ES (SM),ES (SM),1,0,0,32,Al2Cu,6.539,6.539,5.325,90,90,90,0,0,0,0,0,https://materialsproject.org/materials/icsd/102800,cif/102800.cif,32
102996,Cu2 In1 Mn1,225,Fm-3m,<i>m</i>-3<i>m</i>,102996,1,1,0,0,SEBR (TI),ES (SM),0,0,0,32,Heusler-AlCu2Mn,6.217,6.217,6.217,90,90,90,0,0,0,0,0,https://materialsproject.org/materials/icsd/102996,cif/102996.cif,192
102997,Cu2 In1 Mn1,225,Fm-3m,<i>m</i>-3<i>m</i>,102996,1,1,0,0,SEBR (TI),ES (SM),0,0,0,32,Heusler-AlCu2Mn,6.206,6.206,6.206,90,90,90,0,0,0,0,0,https://materialsproject.org/materials/icsd/102997,cif/102997.cif,192
103079,Cu2 Ni1 Zn1,123,P4/mmm,4/<i>mmm</i>,103079,1,0,0,0,NLC (TI),ES (SM),0,0,0,44,CuInPt2,3.635,3.635,3.635,90,90,90,0,0,0,0,0,https://materialsproject.org/materials/icsd/103079,cif/103079.cif,16
103092,Cu1 Rh2 Sn1,225,Fm-3m,<i>m</i>-3<i>m</i>,103092,1,0,0,0,ESFD (SM),ESFD (SM),0,0,0,33,Heusler-AlCu2Mn,6.146,6.146,6.146,90,90,90,0,0,0,0,0,https://materialsproject.org/materials/icsd/103092,cif/103092.cif,192
103132,Cu3 Ti2,139,I4/mmm,4/<i>mmm</i>,103132,1,0,0,0,ESFD (SM),ESFD (SM),0,0,0,41,Al3Os2,3.14,3.14,13.962,90,90,90,0,0,0,0,0,https://materialsproject.org/materials/icsd/103132,cif/103132.cif,32
103142,Cu1 Y1,221,Pm-3m,<i>m</i>-3<i>m</i>,103142,1,0,0,0,ESFD (SM),ESFD (SM),1,0,0,22,CsCl,3.4757,3.4757,3.4757,90,90,90,0,0,0,0,0,https://materialsproject.org/materials/icsd/103142,cif/103142.cif,48
103473,Fe2 Ga1 V1,225,Fm-3m,<i>m</i>-3<i>m</i>,103473,1,1,0,0,Trivial,Trivial,0,0,0,24,Heusler-AlCu2Mn,5.782,5.782,5.782,90,90,90,0,0,0,0,0,https://materialsproject.org/materials/icsd/103473,cif/103473.cif,192
103474,Fe2 Ga1 V1,225,Fm-3m,<i>m</i>-3<i>m</i>,103473,1,1,0,0,Trivial,Trivial,0,0,0,24,Heusler-AlCu2Mn,5.777,5.777,5.777,90,90,90,0,0,0,0,0,https://materialsproject.org/materials/icsd/103474,cif/103474.cif,192
103582,Fe1 Pd3,221,Pm-3m,<i>m</i>-3<i>m</i>,103582,1,0,0,0,ESFD (SM),ESFD (SM),0,0,0,38,Auricupride-AuCu3,3.855,3.855,3.855,90,90,90,1,0,0,0,0,https://materialsproject.org/materials/icsd/103582,cif/103582.cif,48
103583,Fe1 Pd3,221,Pm-3m,<i>m</i>-3<i>m</i>,103582,1,0,0,0,ESFD (SM),ESFD (SM),0,0,0,38,Auricupride-AuCu3,3.848,3.848,3.848,90,90,90,1,0,0,0,0,https://materialsproject.org/materials/icsd/103583,cif/103583.cif,48
103618,Fe2 Sc1,227,Fd-3m,<i>m</i>-3<i>m</i>,103618,1,0,0,0,ESFD (SM),ESFD (SM),0,0,0,38,Laves(cub)-MgCu2,7.039,7.039,7.039,90,90,90,1,1,0,0,0,https://materialsproject.org/materials/icsd/103618,cif/103618.cif,192
103619,Fe2 Sc1,227,Fd-3m,<i>m</i>-3<i>m</i>,103618,1,0,0,0,ESFD (SM),ESFD (SM),0,0,0,38,Laves(cub)-MgCu2,7.036,7.036,7.036,90,90,90,1,1,0,0,0,https://materialsproject.org/materials/icsd/103619,cif/103619.cif,192
103634,Fe1 Sn1,191,P6/mmm,6/<i>mmm</i>,103634,1,0,0,0,ES (SM),ESFD (SM),0,0,0,36,CoSn,5.297,5.297,4.481,90,90,120,1,0,0,0,0,https://materialsproject.org/materials/icsd/103634,cif/103634.cif,24
103635,Fe1 Sn1,191,P6/mmm,6/<i>mmm</i>,103634,1,0,0,0,ES (SM),ESFD (SM),0,0,0,36,CoSn,5.307,5.307,4.445,90,90,120,1,0,0,0,0,https://materialsproject.org/materials/icsd/103635,cif/103635.cif,24
103636,Fe1 Sn2,140,I4/mcm,4/<i>mmm</i>,102800,1,1,0,0,ES (SM),ES (SM),1,0,0,32,Al2Cu,6.535,6.535,5.321,90,90,90,0,0,0,0,0,https://materialsproject.org/materials/icsd/103636,cif/103636.cif,32
103641,Fe2 Sn1 Ti1,225,Fm-3m,<i>m</i>-3<i>m</i>,103641,1,1,0,0,ESFD (SM),Trivial,0,0,0,24,Heusler-AlCu2Mn,6.074,6.074,6.074,90,90,90,0,0,0,0,0,https://materialsproject.org/materials/icsd/103641,cif/103641.cif,192
103642,Fe2 Sn1 Ti1,225,Fm-3m,<i>m</i>-3<i>m</i>,103641,1,1,0,0,ESFD (SM),Trivial,0,0,0,24,Heusler-AlCu2Mn,6.068,6.068,6.068,90,90,90,0,0,0,0,0,https://materialsproject.org/materials/icsd/103642,cif/103642.cif,192
103644,Fe2 Sn1 V1,225,Fm-3m,<i>m</i>-3<i>m</i>,103644,1,1,0,0,ESFD (SM),ESFD (SM),0,0,0,25,Heusler-AlCu2Mn,5.959,5.959,5.959,90,90,90,0,0,0,0,0,https://materialsproject.org/materials/icsd/103644,cif/103644.cif,192
103660,Fe1 Ti1,221,Pm-3m,<i>m</i>-3<i>m</i>,100533,1,0,0,0,SEBR (TI),ES (SM),1,0,0,12,CsCl,2.976,2.976,2.976,90,90,90,0,0,0,0,0,https://materialsproject.org/materials/icsd/103660,cif/103660.cif,48
103661,Fe1 Ti1,221,Pm-3m,<i>m</i>-3<i>m</i>,100533,1,0,0,0,SEBR (TI),ES (SM),1,0,0,12,CsCl,2.976,2.976,2.976,90,90,90,0,0,0,0,0,https://materialsproject.org/materials/icsd/103661,cif/103661.cif,48
103681,Fe1 V1,221,Pm-3m,<i>m</i>-3<i>m</i>,103681,1,0,0,0,ESFD (SM),ESFD (SM),0,0,0,13,CsCl,2.91,2.91,2.91,90,90,90,0,0,0,0,0,https://materialsproject.org/materials/icsd/103681,cif/103681.cif,48
103682,Fe1 V1,221,Pm-3m,<i>m</i>-3<i>m</i>,103681,1,0,0,0,ESFD (SM),ESFD (SM),0,0,0,13,CsCl,2.91,2.91,2.91,90,90,90,0,0,0,0,0,https://materialsproject.org/materials/icsd/103682,cif/103682.cif,48
103697,Fe2 Y1,227,Fd-3m,<i>m</i>-3<i>m</i>,103697,1,0,0,0,ESFD (SM),ESFD (SM),0,0,0,54,Laves(cub)-MgCu2,7.362,7.362,7.362,90,90,90,1,1,0,0,0,https://materialsproject.org/materials/icsd/103697,cif/103697.cif,192
103698,Fe2 Y1,227,Fd-3m,<i>m</i>-3<i>m</i>,103697,1,0,0,0,ESFD (SM),ESFD (SM),0,0,0,54,Laves(cub)-MgCu2,7.37,7.37,7.37,90,90,90,1,1,0,0,0,https://materialsproject.org/materials/icsd/103698,cif/103698.cif,192
103699,Fe5 Y1,191,P6/mmm,6/<i>mmm</i>,103699,1,0,0,0,ESFD (SM),ESFD (SM),0,0,0,51,CaCu5,4.87,4.87,4.06,90,90,120,1,0,0,0,0,https://materialsproject.org/materials/icsd/103699,cif/103699.cif,24
103734,Ga1 Hf1 Ni2,225,Fm-3m,<i>m</i>-3<i>m</i>,103734,1,0,0,0,ESFD (SM),ESFD (SM),1,0,0,27,Heusler-AlCu2Mn,6.045,6.045,6.045,90,90,90,0,0,0,0,0,https://materialsproject.org/materials/icsd/103734,cif/103734.cif,192
103856,Ga1 Ni3,221,Pm-3m,<i>m</i>-3<i>m</i>,103856,1,1,0,0,ESFD (SM),ESFD (SM),0,0,0,33,Auricupride-AuCu3,3.585,3.585,3.585,90,90,90,1,0,0,0,0,https://materialsproject.org/materials/icsd/103856,cif/103856.cif,48
103857,Ga1 Ni3,221,Pm-3m,<i>m</i>-3<i>m</i>,103856,1,1,0,0,ESFD (SM),ESFD (SM),0,0,0,33,Auricupride-AuCu3,3.583,3.583,3.583,90,90,90,1,0,0,0,0,https://materialsproject.org/materials/icsd/103857,cif/103857.cif,48
103861,Ga3 Ni5,65,Cmmm,<i>mmm</i>,103861,1,0,0,0,ESFD (SM),ESFD (SM),0,0,0,59,Ga3Pt5,7.53,6.72,3.77,90,90,90,0,0,0,0,0,https://materialsproject.org/materials/icsd/103861,cif/103861.cif,16
103874,Ga1 Ni2 Sc1,225,Fm-3m,<i>m</i>-3<i>m</i>,103874,1,0,0,0,ESFD (SM),ESFD (SM),0,0,0,26,Heusler-AlCu2Mn,6.025,6.025,6.025,90,90,90,0,0,0,0,0,https://materialsproject.org/materials/icsd/103874,cif/103874.cif,192
103885,Ga1 Ni1 Ti1,189,P-62m,-62<i>m</i>,103885,1,0,0,0,ESFD (SM),ESFD (SM),0,1,0,51,InMg2,6.798,6.798,3.167,90,90,120,0,0,0,0,0,https://materialsproject.org/materials/icsd/103885,cif/103885.cif,12
103886,Ga1 Ni2 Ti1,225,Fm-3m,<i>m</i>-3<i>m</i>,103886,1,0,0,0,ESFD (SM),ESFD (SM),0,0,0,27,Heusler-AlCu2Mn,5.88,5.88,5.88,90,90,90,0,0,0,0,0,https://materialsproject.org/materials/icsd/103886,cif/103886.cif,192
103948,Ga1 Rh1,221,Pm-3m,<i>m</i>-3<i>m</i>,103948,1,0,0,0,ES (SM),ES (SM),0,0,0,12,CsCl,3.0063,3.0063,3.0063,90,90,90,0,0,0,0,0,https://materialsproject.org/materials/icsd/103948,cif/103948.cif,48
103950,Ga1 Ru1,221,Pm-3m,<i>m</i>-3<i>m</i>,103950,1,0,0,0,ESFD (SM),ESFD (SM),0,0,0,11,CsCl,3.01,3.01,3.01,90,90,90,0,0,0,0,0,https://materialsproject.org/materials/icsd/103950,cif/103950.cif,48
103991,Ga1 Ti3,194,P63/mmc,6/<i>mmm</i>,103991,1,0,0,0,ESFD (SM),ESFD (SM),1,0,0,30,Ni3Sn,5.742,5.742,4.635,90,90,120,0,0,0,0,0,https://materialsproject.org/materials/icsd/103991,cif/103991.cif,24
104162,Ge1 Ni3,221,Pm-3m,<i>m</i>-3<i>m</i>,104162,1,1,0,0,SEBR (TI),ESFD (SM),0,0,0,34,Auricupride-AuCu3,3.571,3.571,3.571,90,90,90,1,0,0,0,0,https://materialsproject.org/materials/icsd/104162,cif/104162.cif,48
104188,Se4 Ti1 Zr1,10,P2/m,2/<i>m</i>,104188,1,0,0,0,NLC (TI),ES (SM),0,0,0,32,TiZrTe4,6.1,3.669,6.2,90,90,90,0,0,0,5,0,https://materialsproject.org/materials/icsd/104188,cif/104188.cif,4
104273,Hf5 Sn3,193,P63/mcm,6/<i>mmm</i>,104273,1,0,0,0,ES (SM),ES (SM),0,0,0,64,Mn5Si3,8.376,8.376,5.737,90,90,120,0,0,0,0,0,https://materialsproject.org/materials/icsd/104273,cif/104273.cif,24
104305,Hg1 La1,221,Pm-3m,<i>m</i>-3<i>m</i>,104305,1,0,0,0,ESFD (SM),ESFD (SM),0,0,0,23,CsCl,3.837,3.837,3.837,90,90,90,0,0,0,0,0,https://materialsproject.org/materials/icsd/104305,cif/104305.cif,48
104323,Hg1 Mn1,123,P4/mmm,4/<i>mmm</i>,104323,1,0,0,0,ESFD (SM),ESFD (SM),0,0,0,19,HgMn,3.288,3.288,3.313,90,90,90,0,0,0,0,0,https://materialsproject.org/materials/icsd/104323,cif/104323.cif,16
104324,Hg5 Mn2,127,P4/mbm,4/<i>mmm</i>,104324,1,0,0,0,ES (SM),ESFD (SM),1,0,0,148,Hg5Mn2,9.7577,9.7577,2.998,90,90,90,0,0,0,0,0,https://materialsproject.org/materials/icsd/104324,cif/104324.cif,16
104332,Hg1 Ni1,123,P4/mmm,4/<i>mmm</i>,104332,1,0,0,0,ES (SM),ES (SM),0,0,0,22,HgMn,2.985,2.985,3.14,90,90,90,0,0,0,0,0,https://materialsproject.org/materials/icsd/104332,cif/104332.cif,16
104337,Hg1 Pt1,123,P4/mmm,4/<i>mmm</i>,104337,1,0,0,0,ES (SM),ES (SM),0,0,0,22,AuCu,2.971,2.971,3.825,90,90,90,0,0,0,0,0,https://materialsproject.org/materials/icsd/104337,cif/104337.cif,16
104487,Ir1 Li1,187,P-6m2,-62<i>m</i>,104487,1,0,0,0,NLC (TI),ES (SM),0,1,0,10,LiPt,2.649,2.649,4.3968,90,90,120,0,0,0,0,0,https://materialsproject.org/materials/icsd/104487,cif/104487.cif,12
104498,Ir1 Mn1 Sn1,216,F-43m,-43<i>m</i>,104498,1,0,0,0,ESFD (SM),ESFD (SM),0,1,0,20,Heusler-AlLiSi,6.182,6.182,6.182,90,90,90,0,0,0,0,0,https://materialsproject.org/materials/icsd/104498,cif/104498.cif,96
104557,Ir1 Sc1,221,Pm-3m,<i>m</i>-3<i>m</i>,104557,1,0,0,0,NLC (TI),ES (SM),1,0,0,12,CsCl,3.205,3.205,3.205,90,90,90,0,0,0,0,0,https://materialsproject.org/materials/icsd/104557,cif/104557.cif,48
104558,Ir2 Sc1,227,Fd-3m,<i>m</i>-3<i>m</i>,104558,1,0,0,0,ESFD (SM),ESFD (SM),1,0,0,42,Laves(cub)-MgCu2,7.347,7.347,7.347,90,90,90,1,1,0,0,0,https://materialsproject.org/materials/icsd/104558,cif/104558.cif,192
104559,Ir2 Sc1,227,Fd-3m,<i>m</i>-3<i>m</i>,104558,1,0,0,0,ESFD (SM),ESFD (SM),1,0,0,42,Laves(cub)-MgCu2,7.348,7.348,7.348,90,90,90,1,1,0,0,0,https://materialsproject.org/materials/icsd/104559,cif/104559.cif,192
104561,Ir1 Sn1,194,P63/mmc,6/<i>mmm</i>,104561,1,0,0,0,ESFD (SM),ESFD (SM),0,0,0,26,Nickeline-NiAs,3.98,3.98,5.556,90,90,120,0,0,0,0,0,https://materialsproject.org/materials/icsd/104561,cif/104561.cif,24
104564,Ir2 Sr1,227,Fd-3m,<i>m</i>-3<i>m</i>,104564,1,0,0,0,ES (SM),ESFD (SM),1,0,0,56,Laves(cub)-MgCu2,7.849,7.849,7.849,90,90,90,1,1,0,0,0,https://materialsproject.org/materials/icsd/104564,cif/104564.cif,192
104601,Ir2 Y1,227,Fd-3m,<i>m</i>-3<i>m</i>,104601,1,0,0,0,ESFD (SM),ESFD (SM),1,0,0,58,Laves(cub)-MgCu2,7.5257,7.5257,7.5257,90,90,90,1,1,0,0,0,https://materialsproject.org/materials/icsd/104601,cif/104601.cif,192
104602,Ir2 Y1,227,Fd-3m,<i>m</i>-3<i>m</i>,104601,1,0,0,0,ESFD (SM),ESFD (SM),1,0,0,58,Laves(cub)-MgCu2,7.524,7.524,7.524,90,90,90,1,1,0,0,0,https://materialsproject.org/materials/icsd/104602,cif/104602.cif,192
104769,Li1 Pd1,221,Pm-3m,<i>m</i>-3<i>m</i>,104769,1,0,0,0,ESFD (SM),ESFD (SM),0,0,0,11,CsCl,2.986,2.986,2.986,90,90,90,0,0,0,0,0,https://materialsproject.org/materials/icsd/104769,cif/104769.cif,48
104770,Li1 Pd1,187,P-6m2,-62<i>m</i>,104770,1,0,0,0,ESFD (SM),ESFD (SM),0,1,0,11,LiPt,2.7673,2.7673,4.1306,90,90,120,0,0,0,0,0,https://materialsproject.org/materials/icsd/104770,cif/104770.cif,12
104771,Li1 Pd1,187,P-6m2,-62<i>m</i>,104770,1,0,0,0,ESFD (SM),ESFD (SM),0,1,0,11,LiPt,2.751,2.751,4.227,90,90,120,0,0,0,0,0,https://materialsproject.org/materials/icsd/104771,cif/104771.cif,12
104847,Mg1 Pd1,221,Pm-3m,<i>m</i>-3<i>m</i>,104847,1,0,0,0,SEBR (TI),ESFD (SM),0,0,0,12,CsCl,3.12,3.12,3.12,90,90,90,0,0,0,0,0,https://materialsproject.org/materials/icsd/104847,cif/104847.cif,48
104848,Mg1 Pd1,221,Pm-3m,<i>m</i>-3<i>m</i>,104847,1,0,0,0,SEBR (TI),ESFD (SM),0,0,0,12,CsCl,3.17,3.17,3.17,90,90,90,0,0,0,0,0,https://materialsproject.org/materials/icsd/104848,cif/104848.cif,48
104859,Mg1 Rh1,221,Pm-3m,<i>m</i>-3<i>m</i>,104859,1,1,0,0,ESFD (SM),ESFD (SM),0,0,0,11,CsCl,3.099,3.099,3.099,90,90,90,0,0,0,0,0,https://materialsproject.org/materials/icsd/104859,cif/104859.cif,48
104920,Mn1 Ni3,221,Pm-3m,<i>m</i>-3<i>m</i>,104920,1,0,0,0,ESFD (SM),ESFD (SM),0,0,0,37,Auricupride-AuCu3,3.593,3.593,3.593,90,90,90,1,0,0,0,0,https://materialsproject.org/materials/icsd/104920,cif/104920.cif,48
104926,Mn1 Ni2 Sn1,225,Fm-3m,<i>m</i>-3<i>m</i>,104926,1,1,0,0,ESFD (SM),ESFD (SM),0,0,0,31,Heusler-AlCu2Mn,6.054,6.054,6.054,90,90,90,0,0,0,0,0,https://materialsproject.org/materials/icsd/104926,cif/104926.cif,192
104927,Mn1 Ni2 Sn1,225,Fm-3m,<i>m</i>-3<i>m</i>,104926,1,1,0,0,ESFD (SM),ESFD (SM),0,0,0,31,Heusler-AlCu2Mn,6.059,6.059,6.059,90,90,90,0,0,0,0,0,https://materialsproject.org/materials/icsd/104927,cif/104927.cif,192
104936,Mn1 Pb1 Rh2,225,Fm-3m,<i>m</i>-3<i>m</i>,104936,1,0,0,0,ESFD (SM),ESFD (SM),0,0,0,29,Heusler-AlCu2Mn,6.332,6.332,6.332,90,90,90,0,0,0,0,0,https://materialsproject.org/materials/icsd/104936,cif/104936.cif,192
104937,Mn1 Pb1 Rh2,225,Fm-3m,<i>m</i>-3<i>m</i>,104936,1,0,0,0,ESFD (SM),ESFD (SM),0,0,0,29,Heusler-AlCu2Mn,6.332,6.332,6.332,90,90,90,0,0,0,0,0,https://materialsproject.org/materials/icsd/104937,cif/104937.cif,192
104945,Mn1 Pd2 Sn1,225,Fm-3m,<i>m</i>-3<i>m</i>,104945,1,0,0,0,ESFD (SM),ESFD (SM),0,0,0,31,Heusler-AlCu2Mn,6.38,6.38,6.38,90,90,90,0,0,0,0,0,https://materialsproject.org/materials/icsd/104945,cif/104945.cif,192
104946,Mn1 Pd2 Sn1,225,Fm-3m,<i>m</i>-3<i>m</i>,104945,1,0,0,0,ESFD (SM),ESFD (SM),0,0,0,31,Heusler-AlCu2Mn,6.383,6.383,6.383,90,90,90,0,0,0,0,0,https://materialsproject.org/materials/icsd/104946,cif/104946.cif,192
104955,Mn1 Pt1 Sn1,216,F-43m,-43<i>m</i>,104955,1,1,0,0,ESFD (SM),ESFD (SM),0,1,0,21,Heusler-AlLiSi,6.263,6.263,6.263,90,90,90,0,0,0,0,0,https://materialsproject.org/materials/icsd/104955,cif/104955.cif,96
104956,Mn1 Pt1 Sn1,216,F-43m,-43<i>m</i>,104955,1,1,0,0,ESFD (SM),ESFD (SM),0,1,0,21,Heusler-AlLiSi,6.264,6.264,6.264,90,90,90,0,0,0,0,0,https://materialsproject.org/materials/icsd/104956,cif/104956.cif,96
104960,Mn1 Rh1,221,Pm-3m,<i>m</i>-3<i>m</i>,104960,1,0,0,0,SEBR (TI),ESFD (SM),0,0,0,16,CsCl,3.044,3.044,3.044,90,90,90,0,0,0,0,0,https://materialsproject.org/materials/icsd/104960,cif/104960.cif,48
104964,Mn1 Rh2 Sn1,225,Fm-3m,<i>m</i>-3<i>m</i>,104964,1,0,0,0,ESFD (SM),ESFD (SM),0,0,0,29,Heusler-AlCu2Mn,6.232,6.232,6.232,90,90,90,0,0,0,0,0,https://materialsproject.org/materials/icsd/104964,cif/104964.cif,192
104965,Mn1 Rh2 Sn1,225,Fm-3m,<i>m</i>-3<i>m</i>,104964,1,0,0,0,ESFD (SM),ESFD (SM),0,0,0,29,Heusler-AlCu2Mn,6.252,6.252,6.252,90,90,90,0,0,0,0,0,https://materialsproject.org/materials/icsd/104965,cif/104965.cif,192
104980,Mn2 Sn1 W1,225,Fm-3m,<i>m</i>-3<i>m</i>,104980,1,0,0,0,SEBR (TI),ES (SM),0,0,0,24,Heusler-AlCu2Mn,6.317,6.317,6.317,90,90,90,0,0,0,0,0,https://materialsproject.org/materials/icsd/104980,cif/104980.cif,192
105001,Mn2 Y1,227,Fd-3m,<i>m</i>-3<i>m</i>,105001,1,0,0,0,ESFD (SM),ESFD (SM),0,0,0,50,Laves(cub)-MgCu2,7.687,7.687,7.687,90,90,90,1,1,0,0,0,https://materialsproject.org/materials/icsd/105001,cif/105001.cif,192
105002,Mn2 Y1,227,Fd-3m,<i>m</i>-3<i>m</i>,105001,1,0,0,0,ESFD (SM),ESFD (SM),0,0,0,50,Laves(cub)-MgCu2,7.675,7.675,7.675,90,90,90,1,1,0,0,0,https://materialsproject.org/materials/icsd/105002,cif/105002.cif,192
105017,Mn1 Zn1,221,Pm-3m,<i>m</i>-3<i>m</i>,105017,1,0,0,0,ESFD (SM),ESFD (SM),0,0,0,19,CsCl,3.07,3.07,3.07,90,90,90,0,0,0,0,0,https://materialsproject.org/materials/icsd/105017,cif/105017.cif,48
105020,Mn1 Zn3,221,Pm-3m,<i>m</i>-3<i>m</i>,105020,1,1,0,0,ESFD (SM),ESFD (SM),0,0,0,43,Auricupride-AuCu3,3.86,3.86,3.86,90,90,90,1,0,0,0,0,https://materialsproject.org/materials/icsd/105020,cif/105020.cif,48
105222,Nb1 Ru1,123,P4/mmm,4/<i>mmm</i>,105222,1,0,0,0,ESFD (SM),ESFD (SM),0,0,0,21,HgMn,3.053,3.053,3.408,90,90,90,0,0,0,0,0,https://materialsproject.org/materials/icsd/105222,cif/105222.cif,16
105327,Ni1 Rh2 Sn1,225,Fm-3m,<i>m</i>-3<i>m</i>,105327,1,1,0,0,SEBR (TI),ESFD (SM),0,0,0,32,Heusler-AlCu2Mn,6.136,6.136,6.136,90,90,90,0,0,0,0,0,https://materialsproject.org/materials/icsd/105327,cif/105327.cif,192
105334,Ni2 Sc1,227,Fd-3m,<i>m</i>-3<i>m</i>,105334,1,1,0,0,ESFD (SM),ESFD (SM),0,0,0,46,Laves(cub)-MgCu2,6.906,6.906,6.906,90,90,90,1,1,0,0,0,https://materialsproject.org/materials/icsd/105334,cif/105334.cif,192
105335,Ni2 Sc1,227,Fd-3m,<i>m</i>-3<i>m</i>,105334,1,1,0,0,ESFD (SM),ESFD (SM),0,0,0,46,Laves(cub)-MgCu2,6.926,6.926,6.926,90,90,90,1,1,0,0,0,https://materialsproject.org/materials/icsd/105335,cif/105335.cif,192
105336,Ni5 Sc1,191,P6/mmm,6/<i>mmm</i>,105336,1,1,0,0,ESFD (SM),ESFD (SM),0,0,0,53,CaCu5,4.69,4.69,3.887,90,90,120,1,0,0,0,0,https://materialsproject.org/materials/icsd/105336,cif/105336.cif,24
105339,Ni2 Sc1 Sn1,225,Fm-3m,<i>m</i>-3<i>m</i>,105339,1,1,0,1,ESFD (SM),ESFD (SM),0,0,0,27,Heusler-AlCu2Mn,6.228,6.228,6.228,90,90,90,0,0,0,0,0,https://materialsproject.org/materials/icsd/105339,cif/105339.cif,192
105343,Ni3 Si1,221,Pm-3m,<i>m</i>-3<i>m</i>,105343,1,1,0,0,SEBR (TI),ESFD (SM),0,0,0,34,Auricupride-AuCu3,3.506,3.506,3.506,90,90,90,1,0,0,0,0,https://materialsproject.org/materials/icsd/105343,cif/105343.cif,48
105344,Ni3 Si1,221,Pm-3m,<i>m</i>-3<i>m</i>,105343,1,1,0,0,SEBR (TI),ESFD (SM),0,0,0,34,Auricupride-AuCu3,3.51,3.51,3.51,90,90,90,1,0,0,0,0,https://materialsproject.org/materials/icsd/105344,cif/105344.cif,48
105353,Ni3 Sn1,221,Pm-3m,<i>m</i>-3<i>m</i>,105353,1,1,0,0,SEBR (TI),ESFD (SM),0,0,0,34,Auricupride-AuCu3,3.738,3.738,3.738,90,90,90,1,0,0,0,0,https://materialsproject.org/materials/icsd/105353,cif/105353.cif,48
105354,Ni3 Sn1,225,Fm-3m,<i>m</i>-3<i>m</i>,105354,1,0,0,0,ES (SM),ESFD (SM),0,0,0,34,Heusler-AlCu2Mn,5.98,5.98,5.98,90,90,90,0,0,0,0,0,https://materialsproject.org/materials/icsd/105354,cif/105354.cif,192
105357,Ni3 Sn1,194,P63/mmc,6/<i>mmm</i>,105357,1,0,0,0,ES (SM),ESFD (SM),0,0,0,68,Ni3Sn,5.286,5.286,4.243,90,90,120,0,0,0,0,0,https://materialsproject.org/materials/icsd/105357,cif/105357.cif,24
105376,Ni2 Sn1 V1,225,Fm-3m,<i>m</i>-3<i>m</i>,105376,1,0,0,0,ESFD (SM),ESFD (SM),1,0,0,29,Heusler-AlCu2Mn,6.037,6.037,6.037,90,90,90,0,0,0,0,0,https://materialsproject.org/materials/icsd/105376,cif/105376.cif,192
105377,Ni2 Sn1 V1,225,Fm-3m,<i>m</i>-3<i>m</i>,105376,1,0,0,0,ESFD (SM),ESFD (SM),1,0,0,29,Heusler-AlCu2Mn,6.035,6.035,6.035,90,90,90,0,0,0,0,0,https://materialsproject.org/materials/icsd/105377,cif/105377.cif,192
105458,Ni2 Y1,227,Fd-3m,<i>m</i>-3<i>m</i>,105458,1,1,0,0,ESFD (SM),ESFD (SM),1,0,0,62,Laves(cub)-MgCu2,7.181,7.181,7.181,90,90,90,1,1,0,0,0,https://materialsproject.org/materials/icsd/105458,cif/105458.cif,192
105459,Ni2 Y1,227,Fd-3m,<i>m</i>-3<i>m</i>,105458,1,1,0,0,ESFD (SM),ESFD (SM),1,0,0,62,Laves(cub)-MgCu2,7.182,7.182,7.182,90,90,90,1,1,0,0,0,https://materialsproject.org/materials/icsd/105459,cif/105459.cif,192
105462,Ni5 Y1,191,P6/mmm,6/<i>mmm</i>,105462,1,1,0,0,ESFD (SM),ESFD (SM),0,0,0,61,CaCu5,4.883,4.883,3.967,90,90,120,1,0,0,0,0,https://materialsproject.org/materials/icsd/105462,cif/105462.cif,24
105463,Ni5 Y1,191,P6/mmm,6/<i>mmm</i>,105462,1,1,0,0,ESFD (SM),ESFD (SM),0,0,0,61,CaCu5,4.887,4.887,3.952,90,90,120,1,0,0,0,0,https://materialsproject.org/materials/icsd/105463,cif/105463.cif,24
105469,Ni1 Zn1,123,P4/mmm,4/<i>mmm</i>,105469,1,0,0,0,ES (SM),ES (SM),0,0,0,22,HgMn,2.76,2.76,3.22,90,90,90,0,0,0,0,0,https://materialsproject.org/materials/icsd/105469,cif/105469.cif,16
105470,Ni1 Zn1,221,Pm-3m,<i>m</i>-3<i>m</i>,105470,1,0,0,0,ES (SM),ES (SM),0,0,0,22,CsCl,2.9142,2.9142,2.9142,90,90,90,0,0,0,0,0,https://materialsproject.org/materials/icsd/105470,cif/105470.cif,48
105477,Ni4 Zn1 Zr1,216,F-43m,-43<i>m</i>,105477,1,1,0,0,ESFD (SM),ESFD (SM),0,1,0,56,AuBe5,6.792,6.792,6.792,90,90,90,0,1,0,0,0,https://materialsproject.org/materials/icsd/105477,cif/105477.cif,96
105529,Al1 Ni3,221,Pm-3m,<i>m</i>-3<i>m</i>,105529,1,1,0,0,ESFD (SM),ESFD (SM),0,0,0,33,Auricupride-AuCu3,3.572,3.572,3.572,90,90,90,1,0,0,0,0,https://materialsproject.org/materials/icsd/105529,cif/105529.cif,48
105546,O3 Re1,221,Pm-3m,<i>m</i>-3<i>m</i>,16810,1,0,0,0,ESFD (SM),ESFD (SM),0,0,0,25,ReO3,3.747,3.747,3.747,90,90,90,1,0,1,3,0,https://materialsproject.org/materials/icsd/105546,cif/105546.cif,48
105673,Pd3 Sc1,221,Pm-3m,<i>m</i>-3<i>m</i>,105673,1,0,0,0,ESFD (SM),ESFD (SM),0,0,0,33,Auricupride-AuCu3,3.982,3.982,3.982,90,90,90,1,0,0,0,0,https://materialsproject.org/materials/icsd/105673,cif/105673.cif,48
105674,Pd3 Sc1,221,Pm-3m,<i>m</i>-3<i>m</i>,105673,1,0,0,0,ESFD (SM),ESFD (SM),0,0,0,33,Auricupride-AuCu3,3.969,3.969,3.969,90,90,90,1,0,0,0,0,https://materialsproject.org/materials/icsd/105674,cif/105674.cif,48
105689,Pd3 Sn1,221,Pm-3m,<i>m</i>-3<i>m</i>,105689,1,1,0,0,ESFD (SM),ESFD (SM),0,0,0,34,Auricupride-AuCu3,3.975,3.975,3.975,90,90,90,1,0,0,0,0,https://materialsproject.org/materials/icsd/105689,cif/105689.cif,48
105690,Pd3 Sn1,221,Pm-3m,<i>m</i>-3<i>m</i>,105689,1,1,0,0,ESFD (SM),ESFD (SM),0,0,0,34,Auricupride-AuCu3,3.976,3.976,3.976,90,90,90,1,0,0,0,0,https://materialsproject.org/materials/icsd/105690,cif/105690.cif,48
105707,Pd5 Sr1,191,P6/mmm,6/<i>mmm</i>,105707,1,1,0,0,SEBR (TI),ESFD (SM),0,0,0,60,CaCu5,5.411,5.411,4.416,90,90,120,1,0,0,0,0,https://materialsproject.org/materials/icsd/105707,cif/105707.cif,24
105724,Pd3 Ti1,221,Pm-3m,<i>m</i>-3<i>m</i>,105724,1,0,0,0,ESFD (SM),ESFD (SM),0,0,0,34,Auricupride-AuCu3,3.82,3.82,3.82,90,90,90,1,0,0,0,0,https://materialsproject.org/materials/icsd/105724,cif/105724.cif,48
105729,Pd3 Tl1,139,I4/mmm,4/<i>mmm</i>,105729,1,1,0,0,ESFD (SM),ESFD (SM),0,0,0,33,LiPd2Tl,4.146,4.146,7.497,90,90,90,0,0,0,0,0,https://materialsproject.org/materials/icsd/105729,cif/105729.cif,32
105739,Pd1 V3,223,Pm-3n,<i>m</i>-3<i>m</i>,105739,1,0,0,0,ESFD (SM),ESFD (SM),1,0,0,50,Cr3Si,4.828,4.828,4.828,90,90,90,0,0,0,0,0,https://materialsproject.org/materials/icsd/105739,cif/105739.cif,48
105819,Pt1 Tl1,191,P6/mmm,6/<i>mmm</i>,105819,1,0,0,0,ESFD (SM),ESFD (SM),0,0,0,39,CoSn,5.605,5.605,4.639,90,90,120,1,0,0,0,0,https://materialsproject.org/materials/icsd/105819,cif/105819.cif,24
105933,Rh2 Sn1 V1,225,Fm-3m,<i>m</i>-3<i>m</i>,105933,1,0,0,0,ESFD (SM),ESFD (SM),0,0,0,27,Heusler-AlCu2Mn,6.192,6.192,6.192,90,90,90,0,0,0,0,0,https://materialsproject.org/materials/icsd/105933,cif/105933.cif,192
105972,Rh1 Y1,221,Pm-3m,<i>m</i>-3<i>m</i>,105972,1,0,0,0,SEBR (TI),ES (SM),1,0,0,20,CsCl,3.407,3.407,3.407,90,90,90,0,0,0,0,0,https://materialsproject.org/materials/icsd/105972,cif/105972.cif,48
105973,Rh1 Y1,221,Pm-3m,<i>m</i>-3<i>m</i>,105972,1,0,0,0,SEBR (TI),ES (SM),1,0,0,20,CsCl,3.41,3.41,3.41,90,90,90,0,0,0,0,0,https://materialsproject.org/materials/icsd/105973,cif/105973.cif,48
105993,Ru1 Sn2,140,I4/mcm,4/<i>mmm</i>,105993,1,0,0,0,ES (SM),ES (SM),0,0,0,32,Al2Cu,6.389,6.389,5.693,90,90,90,0,0,0,0,0,https://materialsproject.org/materials/icsd/105993,cif/105993.cif,32
105995,Ru1 Ta1,123,P4/mmm,4/<i>mmm</i>,105995,1,0,0,0,ESFD (SM),ESFD (SM),0,0,0,13,HgMn,3.053,3.053,3.389,90,90,90,0,0,0,0,0,https://materialsproject.org/materials/icsd/105995,cif/105995.cif,16
105996,Ru1 Ta1,123,P4/mmm,4/<i>mmm</i>,105995,1,0,0,0,ESFD (SM),ESFD (SM),0,0,0,13,HgMn,3.096,3.096,3.297,90,90,90,0,0,0,0,0,https://materialsproject.org/materials/icsd/105996,cif/105996.cif,16
106004,Ru1 Ti1,221,Pm-3m,<i>m</i>-3<i>m</i>,106004,1,0,0,0,SEBR (TI),ES (SM),1,0,0,12,CsCl,3.067,3.067,3.067,90,90,90,0,0,0,0,0,https://materialsproject.org/materials/icsd/106004,cif/106004.cif,48
106005,Ru1 Ti1,221,Pm-3m,<i>m</i>-3<i>m</i>,106004,1,0,0,0,SEBR (TI),ES (SM),1,0,0,12,CsCl,3.063,3.063,3.063,90,90,90,0,0,0,0,0,https://materialsproject.org/materials/icsd/106005,cif/106005.cif,48
106022,Ru1 Zr1,221,Pm-3m,<i>m</i>-3<i>m</i>,106022,1,0,0,0,SEBR (TI),ES (SM),1,0,0,12,CsCl,3.253,3.253,3.253,90,90,90,0,0,0,0,0,https://materialsproject.org/materials/icsd/106022,cif/106022.cif,48
106195,Tl1 Y1,221,Pm-3m,<i>m</i>-3<i>m</i>,106195,1,0,0,0,ESFD (SM),ESFD (SM),0,0,0,14,CsCl,3.751,3.751,3.751,90,90,90,0,0,0,0,0,https://materialsproject.org/materials/icsd/106195,cif/106195.cif,48
106213,V4 Zn5,139,I4/mmm,4/<i>mmm</i>,106213,1,0,0,0,ES (SM),ESFD (SM),0,0,0,80,,8.91,8.91,3.224,90,90,90,0,0,0,0,0,https://materialsproject.org/materials/icsd/106213,cif/106213.cif,32
106225,Y1 Zn1,221,Pm-3m,<i>m</i>-3<i>m</i>,106225,1,0,0,0,ESFD (SM),ESFD (SM),1,0,0,23,CsCl,3.578,3.578,3.578,90,90,90,0,0,0,0,0,https://materialsproject.org/materials/icsd/106225,cif/106225.cif,48
106226,Y1 Zn1,221,Pm-3m,<i>m</i>-3<i>m</i>,106225,1,0,0,0,ESFD (SM),ESFD (SM),1,0,0,23,CsCl,3.577,3.577,3.577,90,90,90,0,0,0,0,0,https://materialsproject.org/materials/icsd/106226,cif/106226.cif,48
106236,Zn2 Zr1,227,Fd-3m,<i>m</i>-3<i>m</i>,106236,1,1,0,0,Trivial,ESFD (SM),1,0,0,56,Laves(cub)-MgCu2,7.395,7.395,7.395,90,90,90,1,1,0,0,0,https://materialsproject.org/materials/icsd/106236,cif/106236.cif,192
106237,Zn2 Zr1,227,Fd-3m,<i>m</i>-3<i>m</i>,106236,1,1,0,0,Trivial,ESFD (SM),1,0,0,56,Laves(cub)-MgCu2,7.397,7.397,7.397,90,90,90,1,1,0,0,0,https://materialsproject.org/materials/icsd/106237,cif/106237.cif,192
106303,Ba1 Bi1 Cu1,194,P63/mmc,6/<i>mmm</i>,106303,1,0,0,0,ES (SM),ESFD (SM),0,0,0,52,ZrBeSi,4.726,4.726,9.438,90,90,120,0,0,0,0,0,https://materialsproject.org/materials/icsd/106303,cif/106303.cif,24
106357,Ca1 Pd5,191,P6/mmm,6/<i>mmm</i>,106357,1,1,0,0,SEBR (TI),ESFD (SM),0,0,0,52,CaCu5,5.147,5.147,4.224,90,90,120,1,0,0,0,0,https://materialsproject.org/materials/icsd/106357,cif/106357.cif,24
106471,Co1 Ge1 La1,129,P4/nmm,4/<i>mmm</i>,106471,1,0,0,0,NLC (TI),ES (SM),0,0,0,48,PbClF,4.194,4.194,7.028,90,90,90,0,0,0,0,0,https://materialsproject.org/materials/icsd/106471,cif/106471.cif,16
106506,Co5 Y1,191,P6/mmm,6/<i>mmm</i>,102731,1,0,0,0,ES (SM),ESFD (SM),0,0,0,56,CaCu5,4.951,4.951,3.975,90,90,120,1,0,0,0,0,https://materialsproject.org/materials/icsd/106506,cif/106506.cif,24
106699,Fe2 Y1,227,Fd-3m,<i>m</i>-3<i>m</i>,103697,1,0,0,0,ESFD (SM),ESFD (SM),0,0,0,54,Laves(cub)-MgCu2,7.35,7.35,7.35,90,90,90,1,1,0,0,0,https://materialsproject.org/materials/icsd/106699,cif/106699.cif,192
106786,Hg2 Rh1,123,P4/mmm,4/<i>mmm</i>,106786,1,0,0,0,ESFD (SM),ESFD (SM),0,0,0,33,Hg2Pt,4.551,4.551,2.998,90,90,90,0,0,0,0,0,https://materialsproject.org/materials/icsd/106786,cif/106786.cif,16
106932,Mn1 N1,139,I4/mmm,4/<i>mmm</i>,106932,1,0,0,0,ES (SM),ESFD (SM),0,0,0,12,CoO,3.009,3.009,4.189,90,90,90,0,0,0,0,0,https://materialsproject.org/materials/icsd/106932,cif/106932.cif,32
107033,Mg1 Ni4 Y1,216,F-43m,-43<i>m</i>,107033,1,1,0,0,ESFD (SM),ESFD (SM),0,1,0,53,AuBe5,7.01,7.01,7.01,90,90,90,0,1,0,0,0,https://materialsproject.org/materials/icsd/107033,cif/107033.cif,96
107085,Ga1 Ir1 Li2,216,F-43m,-43<i>m</i>,107085,1,0,0,0,NLC (TI),ESFD (SM),0,1,0,14,CuHg2Ti,6.039,6.039,6.039,90,90,90,0,0,0,0,0,https://materialsproject.org/materials/icsd/107085,cif/107085.cif,96
107089,In1 Ir1 Li2,216,F-43m,-43<i>m</i>,107089,1,0,0,0,NLC (TI),ESFD (SM),0,1,0,14,CuHg2Ti,6.481,6.481,6.481,90,90,90,0,0,0,0,0,https://materialsproject.org/materials/icsd/107089,cif/107089.cif,96
107117,Co1 Sb1 V1,216,F-43m,-43<i>m</i>,107117,1,0,0,1,ESFD (SM),ESFD (SM),0,1,0,19,Heusler-AlLiSi,5.7993,5.7993,5.7993,90,90,90,0,0,0,0,0,https://materialsproject.org/materials/icsd/107117,cif/107117.cif,96
107253,Co5 Y1,191,P6/mmm,6/<i>mmm</i>,102731,1,0,0,0,ES (SM),ES (SM),0,0,1,56,CaCu5,5.124,5.124,3.996,90,90,120,1,0,0,0,0,https://materialsproject.org/materials/icsd/107253,cif/107253.cif,24
107256,Fe5 Y1,191,P6/mmm,6/<i>mmm</i>,103699,1,0,0,0,ESFD (SM),ESFD (SM),0,0,1,51,CaCu5,5.192,5.192,4.089,90,90,120,1,0,0,0,0,https://materialsproject.org/materials/icsd/107256,cif/107256.cif,24
107333,In1 Ni2 Sc2,127,P4/mbm,4/<i>mmm</i>,107333,1,0,0,1,ESFD (SM),ESFD (SM),0,0,0,58,U3Si2,7.1679,7.1679,3.33154,90,90,90,0,0,0,0,0,https://materialsproject.org/materials/icsd/107333,cif/107333.cif,16
107419,Ca1 Mg1 Ni4,216,F-43m,-43<i>m</i>,107419,1,1,0,0,NLC (TI),ESFD (SM),0,1,0,44,AuBe5,7.0117,7.0117,7.0117,90,90,90,0,1,0,0,0,https://materialsproject.org/materials/icsd/107419,cif/107419.cif,96
107420,La1 Mg1 Ni4,216,F-43m,-43<i>m</i>,107420,1,1,0,0,ESFD (SM),ESFD (SM),0,1,0,53,AuBe5,7.1794,7.1794,7.1794,90,90,90,0,1,0,0,0,https://materialsproject.org/materials/icsd/107420,cif/107420.cif,96
107424,Mg1 Ni4 Y1,216,F-43m,-43<i>m</i>,107033,1,1,0,0,ESFD (SM),ESFD (SM),0,1,0,53,AuBe5,7.1853,7.1853,7.1853,90,90,90,0,1,0,0,0,https://materialsproject.org/materials/icsd/107424,cif/107424.cif,96
107472,Co1 Hf1 Sn1,190,P-62c,-62<i>m</i>,107472,1,0,0,1,ESFD (SM),ESFD (SM),0,1,0,102,Mg2Ga,7.131,7.131,7.054,90,90,120,0,0,0,0,0,https://materialsproject.org/materials/icsd/107472,cif/107472.cif,12
107500,H6 Fe1 Mg2,225,Fm-3m,<i>m</i>-3<i>m</i>,107500,1,0,0,0,Trivial,Trivial,0,0,0,18,K2PtCl6,6.44686,6.44686,6.44686,90,90,90,0,0,0,0,0,https://materialsproject.org/materials/icsd/107500,cif/107500.cif,192
107514,F3 Fe1 K1,221,Pm-3m,<i>m</i>-3<i>m</i>,15424,1,1,0,0,Trivial,Trivial,0,0,0,38,Perovskite-CaTiO3,4.117,4.117,4.117,90,90,90,1,0,1,4,0,https://materialsproject.org/materials/icsd/107514,cif/107514.cif,48
107574,Rh1 Zn1,221,Pm-3m,<i>m</i>-3<i>m</i>,107574,1,0,0,1,ESFD (SM),ESFD (SM),0,0,0,21,CsCl,2.9997,2.9997,2.9997,90,90,90,0,0,0,0,0,https://materialsproject.org/materials/icsd/107574,cif/107574.cif,48
107617,Ge1 La1 Ti1,129,P4/nmm,4/<i>mmm</i>,107617,1,0,0,0,ESFD (SM),ESFD (SM),0,0,0,38,ZrSSi/UP2,4.157,4.157,8.013,90,90,90,0,0,0,0,0,https://materialsproject.org/materials/icsd/107617,cif/107617.cif,16
107665,C14 H24 K1 Mn1 N8,87,I4/m,4/<i>m</i>,107665,0,0,1,0,Trivial,ESFD (SM),0,1,0,136,((CH3)4N)2KMn(CN)6,8.848,8.848,12.222,90,90,90,0,0,0,0,0,https://materialsproject.org/materials/icsd/107665,cif/107665.cif,16
107666,C14 H24 Co1 N8 Rb1,87,I4/m,4/<i>m</i>,107666,0,0,1,0,Trivial,Trivial,0,1,0,138,((CH3)4N)2KMn(CN)6,8.847,8.847,12.331,90,90,90,0,0,0,0,0,https://materialsproject.org/materials/icsd/107666,cif/107666.cif,16
107814,Al1 Fe2 V1,225,Fm-3m,<i>m</i>-3<i>m</i>,107814,1,0,0,0,Trivial,Trivial,0,0,0,24,Heusler-AlCu2Mn,5.755,5.755,5.755,90,90,90,0,0,0,0,0,https://materialsproject.org/materials/icsd/107814,cif/107814.cif,192
107857,Al3 Nb1,139,I4/mmm,4/<i>mmm</i>,107857,1,0,0,0,ES (SM),ESFD (SM),1,0,0,22,Al3Ti,3.837,3.837,8.584,90,90,90,0,0,0,0,0,https://materialsproject.org/materials/icsd/107857,cif/107857.cif,32
107862,Al1 Ni3,123,P4/mmm,4/<i>mmm</i>,107862,1,0,0,0,ESFD (SM),ESFD (SM),0,0,0,33,CuInPt2,3.78,3.78,3.28,90,90,90,0,0,0,0,0,https://materialsproject.org/materials/icsd/107862,cif/107862.cif,16
107916,As1 B6,166,R-3m,-3<i>m</i>,107916,1,1,0,0,Trivial,Trivial,0,0,0,46,PB6,6.139,6.139,11.97,90,90,120,0,0,0,0,0,https://materialsproject.org/materials/icsd/107916,cif/107916.cif,36
107932,As1 Co1 Li1,129,P4/nmm,4/<i>mmm</i>,107932,1,0,0,0,ESFD (SM),ESFD (SM),0,0,0,30,Cu2Sb,3.758,3.758,6.17,90,90,90,0,0,0,0,0,https://materialsproject.org/materials/icsd/107932,cif/107932.cif,16
107955,As1 Mn1 Pd2,225,Fm-3m,<i>m</i>-3<i>m</i>,107955,1,0,0,0,ESFD (SM),ESFD (SM),0,0,0,32,Heusler-AlCu2Mn,6.187,6.187,6.187,90,90,90,0,0,0,0,0,https://materialsproject.org/materials/icsd/107955,cif/107955.cif,192
108128,C1 Ca1 Pd3,221,Pm-3m,<i>m</i>-3<i>m</i>,108128,1,0,0,0,ESFD (SM),ESFD (SM),0,0,0,36,Perovskite-CaTiO3,4.141,4.141,4.141,90,90,90,1,0,1,4,0,https://materialsproject.org/materials/icsd/108128,cif/108128.cif,48
108129,C1 Co3 Sn1,221,Pm-3m,<i>m</i>-3<i>m</i>,108129,1,0,0,0,ESFD (SM),ESFD (SM),0,0,0,35,Perovskite-CaTiO3,3.78,3.78,3.78,90,90,90,1,0,1,3,0,https://materialsproject.org/materials/icsd/108129,cif/108129.cif,48
108146,Ca1 Ir2,227,Fd-3m,<i>m</i>-3<i>m</i>,108146,1,0,0,0,ES (SM),ESFD (SM),1,0,0,40,Laves(cub)-MgCu2,7.545,7.545,7.545,90,90,90,1,1,0,0,0,https://materialsproject.org/materials/icsd/108146,cif/108146.cif,192
108289,Co2 Ge1,194,P63/mmc,6/<i>mmm</i>,108289,1,0,0,0,ES (SM),ESFD (SM),0,0,0,44,KZnAs,3.693,3.693,8.117,90,90,120,0,0,0,0,0,https://materialsproject.org/materials/icsd/108289,cif/108289.cif,24
108294,Co1 Hf1 Sb1,216,F-43m,-43<i>m</i>,108294,1,0,0,0,Trivial,Trivial,0,1,0,18,Heusler-AlLiSi,6.04,6.04,6.04,90,90,90,0,0,0,0,0,https://materialsproject.org/materials/icsd/108294,cif/108294.cif,96
108295,Co2 Hf1 Sn1,225,Fm-3m,<i>m</i>-3<i>m</i>,102483,1,1,0,0,SEBR (TI),ESFD (SM),0,0,0,26,Heusler-AlCu2Mn,6.227,6.227,6.227,90,90,90,0,0,0,0,0,https://materialsproject.org/materials/icsd/108295,cif/108295.cif,192
108319,Co1 Sn2,140,I4/mcm,4/<i>mmm</i>,102672,1,0,0,0,ESFD (SM),ESFD (SM),1,0,0,34,Al2Cu,6.348,6.348,5.441,90,90,90,0,0,0,0,0,https://materialsproject.org/materials/icsd/108319,cif/108319.cif,32
108321,Co2 Sn1 Zr1,225,Fm-3m,<i>m</i>-3<i>m</i>,102687,1,1,0,0,SEBR (TI),ESFD (SM),0,0,0,26,Heusler-AlCu2Mn,6.222,6.222,6.222,90,90,90,0,0,0,0,0,https://materialsproject.org/materials/icsd/108321,cif/108321.cif,192
108322,Co1 Ti1,221,Pm-3m,<i>m</i>-3<i>m</i>,102705,1,0,0,0,ESFD (SM),ESFD (SM),1,0,0,13,CsCl,3.002,3.002,3.002,90,90,90,0,0,0,0,0,https://materialsproject.org/materials/icsd/108322,cif/108322.cif,48
108436,Fe3 Ga1,225,Fm-3m,<i>m</i>-3<i>m</i>,108436,1,1,0,0,ESFD (SM),ESFD (SM),0,0,0,27,Heusler-AlCu2Mn,5.807,5.807,5.807,90,90,90,0,0,0,0,0,https://materialsproject.org/materials/icsd/108436,cif/108436.cif,192
108482,Ga1 Mn1 Pt1,216,F-43m,-43<i>m</i>,108482,1,0,0,0,ESFD (SM),ESFD (SM),0,1,0,20,Heusler-AlLiSi,6.15,6.15,6.15,90,90,90,0,0,0,0,0,https://materialsproject.org/materials/icsd/108482,cif/108482.cif,96
108521,Ge1 Nb3,221,Pm-3m,<i>m</i>-3<i>m</i>,108521,1,0,0,0,ESFD (SM),ESFD (SM),0,0,0,43,Auricupride-AuCu3,4.58,4.58,4.58,90,90,90,1,0,0,0,0,https://materialsproject.org/materials/icsd/108521,cif/108521.cif,48
108583,Mg1 Sc1,221,Pm-3m,<i>m</i>-3<i>m</i>,108583,1,0,0,0,ESFD (SM),ESFD (SM),0,0,0,5,CsCl,3.597,3.597,3.597,90,90,90,0,0,0,0,0,https://materialsproject.org/materials/icsd/108583,cif/108583.cif,48
108629,Nb3 Si1,221,Pm-3m,<i>m</i>-3<i>m</i>,108629,1,0,0,0,ESFD (SM),ESFD (SM),1,0,0,43,Auricupride-AuCu3,4.211,4.211,4.211,90,90,90,1,0,0,0,0,https://materialsproject.org/materials/icsd/108629,cif/108629.cif,48
108650,Ni7 Y2,166,R-3m,-3<i>m</i>,108650,1,0,0,0,ES (SM),ES (SM),0,0,0,184,Co7Gd2,4.924,4.924,36.07,90,90,120,1,0,0,0,0,https://materialsproject.org/materials/icsd/108650,cif/108650.cif,36
108651,O3 W1,221,Pm-3m,<i>m</i>-3<i>m</i>,108651,1,1,0,0,Trivial,Trivial,1,0,0,24,ReO3,3.838,3.838,3.838,90,90,90,1,0,1,3,0,https://materialsproject.org/materials/icsd/108651,cif/108651.cif,48
108675,Pd3 Tl1,123,P4/mmm,4/<i>mmm</i>,108675,1,0,0,0,ESFD (SM),ESFD (SM),0,0,0,33,CuInPt2,4.12,4.12,3.84,90,90,90,0,0,0,0,0,https://materialsproject.org/materials/icsd/108675,cif/108675.cif,16
108677,Pd3 V1,123,P4/mmm,4/<i>mmm</i>,108677,1,0,0,0,ESFD (SM),ESFD (SM),0,0,0,35,CuInPt2,3.84,3.84,3.87,90,90,90,0,0,0,0,0,https://materialsproject.org/materials/icsd/108677,cif/108677.cif,16
108812,Fe2 O5 P1,141,I41/amd,4/<i>mmm</i>,108812,1,0,0,0,ESFD (SM),ESFD (SM),0,0,0,102,Fe2OPO4,5.298,5.298,12.087,90,90,90,0,0,0,2,0,https://materialsproject.org/materials/icsd/108812,cif/108812.cif,32
108813,Fe2 O5 P1,141,I41/amd,4/<i>mmm</i>,108812,1,0,0,0,ESFD (SM),ESFD (SM),0,1,0,102,Fe2OPO4,5.344,5.344,12.46,90,90,90,0,0,0,3,0,https://materialsproject.org/materials/icsd/108813,cif/108813.cif,32
108826,O3 Sr1 V1,221,Pm-3m,<i>m</i>-3<i>m</i>,108826,1,1,0,0,ESFD (SM),ESFD (SM),0,0,0,33,Perovskite-CaTiO3,3.84,3.84,3.84,90,90,90,1,0,1,3,0,https://materialsproject.org/materials/icsd/108826,cif/108826.cif,48
108838,H3 Na2 O5 P1,2,P-1,-1,108838,0,0,1,1,Trivial,Trivial,0,0,0,80,,5.565,7.949,5.735,103.83,102.15,107.47,0,0,0,0,0,https://materialsproject.org/materials/icsd/108838,cif/108838.cif,2
108861,O2 Ru1,136,P42/mnm,4/<i>mmm</i>,15071,1,0,0,0,Trivial,ES (SM),0,0,0,40,Rutile-TiO2,4.493,4.493,3.105,90,90,90,0,0,0,2,0,https://materialsproject.org/materials/icsd/108861,cif/108861.cif,16
108903,Cr1 O3 Sr1,221,Pm-3m,<i>m</i>-3<i>m</i>,108903,1,0,0,0,ESFD (SM),ESFD (SM),0,0,0,34,Perovskite-CaTiO3,3.818,3.818,3.818,90,90,90,1,0,1,3,0,https://materialsproject.org/materials/icsd/108903,cif/108903.cif,48
108935,K3 Mn1 O4,121,I-42m,-42<i>m</i>,108935,0,0,1,0,Trivial,Trivial,0,1,0,58,K3VO4,5.9,5.9,8.01,90,90,90,0,0,0,0,0,https://materialsproject.org/materials/icsd/108935,cif/108935.cif,16
108983,O5 P1 V1,85,P4/n,4/<i>m</i>,108983,1,0,0,0,Trivial,Trivial,0,0,0,80,VOSO4-alpha,6.2,6.2,4.11,90,90,90,0,0,0,2,0,https://materialsproject.org/materials/icsd/108983,cif/108983.cif,8
108990,F4 Pd1 Sr1,140,I4/mcm,4/<i>mmm</i>,108990,0,0,1,0,Trivial,Trivial,0,0,0,96,KBrF4,5.793,5.793,10.747,90,90,90,0,0,0,0,0,https://materialsproject.org/materials/icsd/108990,cif/108990.cif,32
108991,Ba1 F4 Pd1,140,I4/mcm,4/<i>mmm</i>,108991,1,0,0,0,Trivial,Trivial,0,0,0,96,KBrF4,6.12,6.12,10.981,90,90,90,0,0,0,0,0,https://materialsproject.org/materials/icsd/108991,cif/108991.cif,32
108992,F4 Pb1 Pd1,140,I4/mcm,4/<i>mmm</i>,108992,1,0,0,0,Trivial,Trivial,0,0,0,84,KBrF4,5.873,5.873,10.833,90,90,90,0,0,0,0,0,https://materialsproject.org/materials/icsd/108992,cif/108992.cif,32
109006,Al1 Na1 O8 Si3,2,P-1,-1,109006,1,0,0,0,Trivial,Trivial,0,0,0,128,Feldspar#-(TC)-Albite,8.142,12.78,7.158,94.17,116.58,87.87,0,0,0,4,0,https://materialsproject.org/materials/icsd/109006,cif/109006.cif,4
109076,O3 Sr1 Tc1,221,Pm-3m,<i>m</i>-3<i>m</i>,109076,1,1,0,0,ESFD (SM),ESFD (SM),0,0,0,35,Perovskite-CaTiO3,3.95,3.95,3.95,90,90,90,1,0,1,3,0,https://materialsproject.org/materials/icsd/109076,cif/109076.cif,48
109145,I3 Nb1,193,P63/mcm,6/<i>mmm</i>,109145,1,1,0,0,ES (SM),ESFD (SM),0,0,0,68,ZrCl3,7.09,7.09,6.38,90,90,120,0,0,0,0,0,https://materialsproject.org/materials/icsd/109145,cif/109145.cif,24
109162,Ba2 In1 Nb1 O6,225,Fm-3m,<i>m</i>-3<i>m</i>,109162,1,0,0,0,Trivial,Trivial,0,0,0,72,Elpasolite-K2NaAlF6,8.279,8.279,8.279,90,90,90,0,0,0,1,0,https://materialsproject.org/materials/icsd/109162,cif/109162.cif,192
109165,Ni1 O6 Sr2 W1,225,Fm-3m,<i>m</i>-3<i>m</i>,109165,1,0,0,0,ESFD (SM),ESFD (SM),0,0,0,72,Elpasolite-K2NaAlF6,7.902,7.902,7.902,90,90,90,0,0,0,0,0,https://materialsproject.org/materials/icsd/109165,cif/109165.cif,192
109235,Al1 Pt3,123,P4/mmm,4/<i>mmm</i>,109235,1,0,0,0,ESFD (SM),ESFD (SM),0,0,0,33,CuInPt2,3.832,3.832,3.894,90,90,90,0,0,0,0,0,https://materialsproject.org/materials/icsd/109235,cif/109235.cif,16
109236,In1 Pt3,123,P4/mmm,4/<i>mmm</i>,109236,1,0,0,0,ESFD (SM),ESFD (SM),0,0,0,33,CuInPt2,3.93,3.93,3.87,90,90,90,0,0,0,0,0,https://materialsproject.org/materials/icsd/109236,cif/109236.cif,16
109251,Ba2 Ni1 O6 Re1,225,Fm-3m,<i>m</i>-3<i>m</i>,109251,1,0,0,0,ESFD (SM),ESFD (SM),0,0,0,73,Elpasolite-K2NaAlF6,8.04,8.04,8.04,90,90,90,0,0,0,3,0,https://materialsproject.org/materials/icsd/109251,cif/109251.cif,192
109252,Ba2 Fe1 O6 Re1,225,Fm-3m,<i>m</i>-3<i>m</i>,109252,1,1,0,0,ESFD (SM),ESFD (SM),0,0,0,71,Elpasolite-K2NaAlF6,8.05,8.05,8.05,90,90,90,0,0,0,3,0,https://materialsproject.org/materials/icsd/109252,cif/109252.cif,192
109254,Ba2 Co1 O6 Re1,225,Fm-3m,<i>m</i>-3<i>m</i>,109254,1,0,0,0,ESFD (SM),ESFD (SM),0,0,0,72,Elpasolite-K2NaAlF6,8.086,8.086,8.086,90,90,90,0,0,0,3,0,https://materialsproject.org/materials/icsd/109254,cif/109254.cif,192
109255,Ba2 O6 Re1 Zn1,225,Fm-3m,<i>m</i>-3<i>m</i>,109255,1,0,0,0,ESFD (SM),ESFD (SM),0,0,0,75,Elpasolite-K2NaAlF6,8.106,8.106,8.106,90,90,90,0,0,0,3,0,https://materialsproject.org/materials/icsd/109255,cif/109255.cif,192
109256,Ba2 Mn1 O6 Re1,225,Fm-3m,<i>m</i>-3<i>m</i>,109256,1,1,0,0,Trivial,Trivial,0,0,0,70,Elpasolite-K2NaAlF6,8.18,8.18,8.18,90,90,90,0,0,0,3,0,https://materialsproject.org/materials/icsd/109256,cif/109256.cif,192
109259,Ba2 Li1 O6 Re1,225,Fm-3m,<i>m</i>-3<i>m</i>,109259,1,0,0,0,Trivial,Trivial,0,0,0,64,Elpasolite-K2NaAlF6,8.1183,8.1183,8.1183,90,90,90,0,0,0,3,0,https://materialsproject.org/materials/icsd/109259,cif/109259.cif,192
109260,Ba2 Na1 O6 Re1,225,Fm-3m,<i>m</i>-3<i>m</i>,109260,1,0,0,0,Trivial,Trivial,0,0,0,64,Elpasolite-K2NaAlF6,8.2963,8.2963,8.2963,90,90,90,0,0,0,3,0,https://materialsproject.org/materials/icsd/109260,cif/109260.cif,192
109281,Ba1 N2 O6,205,Pa-3,<i>m</i>-3,109281,0,0,1,0,Trivial,Trivial,0,0,0,224,Sr(NO3)2,8.126,8.126,8.126,90,90,90,0,0,0,0,0,https://materialsproject.org/materials/icsd/109281,cif/109281.cif,24
109292,Sn3 Ti5,193,P63/mcm,6/<i>mmm</i>,109292,1,0,0,0,SEBR (TI),ES (SM),0,0,0,64,Mn5Si3,8.05,8.05,5.54,90,90,120,0,0,0,0,0,https://materialsproject.org/materials/icsd/109292,cif/109292.cif,24
109293,Cu1 F3 Rb1,123,P4/mmm,4/<i>mmm</i>,109293,1,0,0,0,ESFD (SM),ESFD (SM),0,0,0,41,Perovskite-BaTiO3(tet),4.26,4.26,3.95,90,90,90,0,0,1,4,0,https://materialsproject.org/materials/icsd/109293,cif/109293.cif,16
109310,Be2 Fe1 O10 Si2 Y2,14,P21/c,2/<i>m</i>,109310,0,0,1,0,Trivial,Trivial,0,1,0,204,Gadolinite,4.66,7.38,9.87,90,90,90,0,0,0,3,0,https://materialsproject.org/materials/icsd/109310,cif/109310.cif,4
109314,Be12 Pd1,139,I4/mmm,4/<i>mmm</i>,109314,1,0,0,0,ES (SM),ES (SM),1,0,0,34,ThMn12,7.271,7.271,4.251,90,90,90,0,0,0,0,0,https://materialsproject.org/materials/icsd/109314,cif/109314.cif,32
109325,Cl3 Cu1 K1,14,P21/c,2/<i>m</i>,15590,1,0,0,0,Trivial,Trivial,0,0,0,164,KCuCl3,4.05,13.87,8.87,90,98.12,90,0,0,0,0,0,https://materialsproject.org/materials/icsd/109325,cif/109325.cif,4
109327,Ba1 O3 Ti1,123,P4/mmm,4/<i>mmm</i>,109327,1,0,0,0,ES (SM),ESFD (SM),0,0,0,32,,3.993,3.993,4.034,90,90,90,0,0,0,3,0,https://materialsproject.org/materials/icsd/109327,cif/109327.cif,16
109343,Be2 Fe1 O10 Si2 Y2,14,P21/c,2/<i>m</i>,109310,0,0,1,0,Trivial,Trivial,0,1,0,204,Gadolinite,9.87,7.53,4.65,90,90,90,0,0,0,3,0,https://materialsproject.org/materials/icsd/109343,cif/109343.cif,4
109348,Au1 Mn1,221,Pm-3m,<i>m</i>-3<i>m</i>,109348,1,0,0,0,ESFD (SM),ESFD (SM),0,0,0,18,CsCl,3.222,3.222,3.222,90,90,90,0,0,0,0,0,https://materialsproject.org/materials/icsd/109348,cif/109348.cif,48
109349,Au1 Mn1,123,P4/mmm,4/<i>mmm</i>,109349,1,0,0,0,ES (SM),ESFD (SM),0,0,0,18,HgMn,3.27,3.27,3.165,90,90,90,0,0,0,0,0,https://materialsproject.org/materials/icsd/109349,cif/109349.cif,16
109365,Al1 F5 Tl2,63,Cmcm,<i>mmm</i>,109365,1,0,0,0,Trivial,Trivial,0,0,0,88,,10.06,8.24,7.46,90,90,90,0,0,0,0,0,https://materialsproject.org/materials/icsd/109365,cif/109365.cif,16
109366,Cr1 O3,40,Ama2,<i>mm</i>2,16031,0,0,1,0,Trivial,Trivial,0,0,0,48,CrO3,4.789,8.557,5.743,90,90,90,0,0,0,0,0,https://materialsproject.org/materials/icsd/109366,cif/109366.cif,8
109374,Fe1 S2,58,Pnnm,<i>mmm</i>,109374,1,0,0,1,Trivial,Trivial,0,0,0,40,Marcasite-FeS2(oP6),4.4446,5.4246,3.3864,90,90,90,0,0,0,0,0,https://materialsproject.org/materials/icsd/109374,cif/109374.cif,8
109429,C2 H12 F6 Fe1 O12 S2,12,C2/m,2/<i>m</i>,109429,0,0,1,0,Trivial,Trivial,0,1,0,154,V(H2O)6(CF3SO3)2,18.6415,6.9291,6.5938,90,104.742,90,0,0,0,0,0,https://materialsproject.org/materials/icsd/109429,cif/109429.cif,8
109432,O4 Pb1 S1,62,Pnma,<i>mmm</i>,16916,0,0,1,1,Trivial,Trivial,0,0,0,136,Barite#-BaSO4,8.4804,5.39864,6.96023,90,90,90,0,0,0,0,0,https://materialsproject.org/materials/icsd/109432,cif/109432.cif,8
109620,C3 H2 O4,76,P41,4,109620,0,0,1,0,Trivial,Trivial,0,0,0,152,,6.124,6.124,10.381,90,90,90,0,0,0,0,0,https://materialsproject.org/materials/icsd/109620,cif/109620.cif,4
109739,C3 H3 O6 Y1,160,R3m,3<i>m</i>,109739,1,0,0,0,Trivial,Trivial,0,0,0,62,La(HCOO)3,10.37,10.37,3.9384,90,90,120,0,0,0,0,0,https://materialsproject.org/materials/icsd/109739,cif/109739.cif,18
109784,C10 H14 N8 Ni1 O2,12,C2/m,2/<i>m</i>,109784,0,0,1,0,Trivial,Trivial,0,1,0,116,,13.3866,7.3166,8.0595,90,112.503,90,0,0,0,0,0,https://materialsproject.org/materials/icsd/109784,cif/109784.cif,8
109797,C10 H14 Co1 N8 O2,12,C2/m,2/<i>m</i>,109797,0,0,1,0,ESFD (SM),ESFD (SM),0,0,0,115,,13.525,7.383,8.094,90,112.399,90,0,0,0,0,0,https://materialsproject.org/materials/icsd/109797,cif/109797.cif,8
109889,C2 H4 F1 N1 O4 Sn1,14,P21/c,2/<i>m</i>,109889,0,0,1,0,Trivial,Trivial,0,0,0,208,,8.2736,9.6386,7.7473,90,111.229,90,0,0,0,0,0,https://materialsproject.org/materials/icsd/109889,cif/109889.cif,4
109890,C2 Cs2 F4 O4 Pt1,12,C2/m,2/<i>m</i>,109890,0,0,1,0,Trivial,Trivial,0,0,0,176,,14.5261,6.2719,9.6966,90,90.216,90,0,0,0,0,0,https://materialsproject.org/materials/icsd/109890,cif/109890.cif,8
109973,C4 H8 Cu1 N2 O6,14,P21/c,2/<i>m</i>,109973,1,0,0,0,ESFD (SM),ESFD (SM),0,0,0,162,,7.775,7.995,7.949,90,90,64.83,0,0,0,0,0,https://materialsproject.org/materials/icsd/109973,cif/109973.cif,4
110011,C4 H6 Cd1 O2 S4,15,C2/c,2/<i>m</i>,110011,0,0,1,0,Trivial,Trivial,0,0,0,140,,19.006,3.9728,12.5126,90,107.993,90,0,0,0,0,0,https://materialsproject.org/materials/icsd/110011,cif/110011.cif,8
110028,C4 H14 Br4 N2 Sn1,14,P21/c,2/<i>m</i>,110028,0,0,1,0,Trivial,Trivial,0,0,0,144,,6.592,12.029,8.326,90,96.114,90,0,0,0,0,0,https://materialsproject.org/materials/icsd/110028,cif/110028.cif,4
110229,C6 H24 F6 N2 O2 Sn1,12,C2/m,2/<i>m</i>,110229,0,0,1,0,Trivial,Trivial,0,0,0,116,,14.763,7.316,8.177,90,119.7,90,0,0,0,0,0,https://materialsproject.org/materials/icsd/110229,cif/110229.cif,8
110284,C3 H10 Cl1 N1 O4,4,P21,2,110284,0,0,1,0,Trivial,Trivial,0,0,0,116,,5.749,8.67,7.5585,90,102.66,90,0,0,0,0,0,https://materialsproject.org/materials/icsd/110284,cif/110284.cif,2
110285,C3 H10 Cl1 N1 O4,11,P21/m,2/<i>m</i>,110285,0,0,1,0,Trivial,Trivial,0,1,0,116,(CH3)3NHBF4,5.504,8.605,7.58,90,103.67,90,0,0,0,0,0,https://materialsproject.org/materials/icsd/110285,cif/110285.cif,4
110471,C2 H8 Br3 Cu1 N1 O1,2,P-1,-1,110471,0,0,1,0,Trivial,Trivial,0,0,0,118,C2H4OHNH3CuCl3,6.418,8.262,8.764,68.17,80.12,78.47,0,0,0,0,0,https://materialsproject.org/materials/icsd/110471,cif/110471.cif,2
110500,C5 H11 Cu1 N1 O6,15,C2/c,2/<i>m</i>,110500,1,0,0,0,ESFD (SM),ESFD (SM),0,1,0,166,,13.733,8.659,8.808,90,124.083,90,0,0,0,0,0,https://materialsproject.org/materials/icsd/110500,cif/110500.cif,8
110528,C2 H8 Cl1 N1 O1 Si1,2,P-1,-1,110528,0,0,1,0,Trivial,Trivial,0,0,0,76,,5.7284,6.5347,8.7954,101.236,102.126,95.056,0,0,0,0,0,https://materialsproject.org/materials/icsd/110528,cif/110528.cif,2
110536,C2 H8 I1 N1,12,C2/m,2/<i>m</i>,110536,0,0,1,1,Trivial,Trivial,0,0,0,56,,11.026,9.993,5.514,90,110.08,90,0,0,0,0,0,https://materialsproject.org/materials/icsd/110536,cif/110536.cif,8
110537,C2 H8 I1 N1,12,C2/m,2/<i>m</i>,110536,0,0,1,0,Trivial,Trivial,0,0,0,56,,10.814,9.87,5.46,90,109.331,90,0,0,0,0,0,https://materialsproject.org/materials/icsd/110537,cif/110537.cif,8
110635,C1 H6 N2 O3,62,Pnma,<i>mmm</i>,110635,0,0,1,0,Trivial,Trivial,0,0,0,152,,6.414,6.581,10.412,90,90,90,0,0,0,0,0,https://materialsproject.org/materials/icsd/110635,cif/110635.cif,8
110673,C2 H12 F6 N2 Si1,58,Pnnm,<i>mmm</i>,110673,0,0,1,0,Trivial,Trivial,0,0,0,152,,7.181,9.415,6.225,90,90,90,0,0,0,0,0,https://materialsproject.org/materials/icsd/110673,cif/110673.cif,8
110743,C4 H12 F1 N1 O4 Os1,39,Aem2,<i>mm</i>2,110743,0,0,1,0,Trivial,Trivial,0,1,0,144,,7.0174,11.401,10.925,90,90,90,0,0,0,0,0,https://materialsproject.org/materials/icsd/110743,cif/110743.cif,8
110809,Al1 Co2 Hf1,225,Fm-3m,<i>m</i>-3<i>m</i>,110809,1,0,0,0,ESFD (SM),ESFD (SM),0,0,0,25,Heusler-AlCu2Mn,6.009,6.009,6.009,90,90,90,0,0,0,0,0,https://materialsproject.org/materials/icsd/110809,cif/110809.cif,192
130003,Mo1 Zn7,225,Fm-3m,<i>m</i>-3<i>m</i>,130003,1,0,0,0,ES (SM),ES (SM),0,0,0,90,Ca7Ge,7.732,7.732,7.732,90,90,90,1,0,0,0,0,https://materialsproject.org/materials/icsd/130003,cif/130003.cif,192
130021,Al1 F3,221,Pm-3m,<i>m</i>-3<i>m</i>,130021,1,0,0,1,Trivial,Trivial,0,0,0,24,ReO3,3.6067,3.6067,3.6067,90,90,90,1,0,1,3,0,https://materialsproject.org/materials/icsd/130021,cif/130021.cif,48
130032,Cu2 Hf2 In1,136,P42/mnm,4/<i>mmm</i>,130032,1,0,0,0,ES (SM),ESFD (SM),0,0,0,132,Al2Zr3(tP20),7.155,7.155,6.77,90,90,90,0,0,0,0,0,https://materialsproject.org/materials/icsd/130032,cif/130032.cif,16
150082,H8 Cl6 Cs3 O4 V1,23,I222,222,150082,0,0,1,1,Trivial,ES (SM),0,0,0,106,,8.346,17.646,6.044,90,90,90,0,0,0,0,0,https://materialsproject.org/materials/icsd/150082,cif/150082.cif,8
150120,C4 H4 Cu1 O8 Sr1,13,P2/c,2/<i>m</i>,150120,0,0,1,1,ESFD (SM),ESFD (SM),0,1,0,178,CaCu(HCOO)4,7.3296,8.6402,6.669,90,97.22,90,0,0,0,0,0,https://materialsproject.org/materials/icsd/150120,cif/150120.cif,4
150193,F1 I1 Pb1,129,P4/nmm,4/<i>mmm</i>,150193,1,0,0,0,Trivial,Trivial,0,0,1,36,PrOI,4.231,4.231,8.77,90,90,90,0,0,0,0,0,https://materialsproject.org/materials/icsd/150193,cif/150193.cif,16
150194,F1 I1 Pb1,129,P4/nmm,4/<i>mmm</i>,150193,1,0,0,0,Trivial,Trivial,0,0,1,36,PbClF,4.27,4.27,7.844,90,90,90,0,0,0,0,0,https://materialsproject.org/materials/icsd/150194,cif/150194.cif,16
150195,F1 I1 Pb1,129,P4/nmm,4/<i>mmm</i>,150193,1,0,0,0,Trivial,Trivial,0,0,1,36,PbClF,4.254,4.254,7.684,90,90,90,0,0,0,0,0,https://materialsproject.org/materials/icsd/150195,cif/150195.cif,16
150206,La2 O7 Zr2,227,Fd-3m,<i>m</i>-3<i>m</i>,15165,1,0,0,0,Trivial,Trivial,0,0,0,144,Pyrochlore-NaCa(Nb2O6)F,10.802,10.802,10.802,90,90,90,2,2,0,6,0,https://materialsproject.org/materials/icsd/150206,cif/150206.cif,192
150258,La1 Mn1 O3,15,C2/c,2/<i>m</i>,150258,1,0,0,1,Trivial,Trivial,0,1,0,72,Perovskite-Sr2CoRuO6,5.491,7.767,5.492,90,90,90.01,0,0,0,3,0,https://materialsproject.org/materials/icsd/150258,cif/150258.cif,8
150279,Au1 Cr1 Te4,10,P2/m,2/<i>m</i>,150279,1,1,0,1,ESFD (SM),ESFD (SM),0,0,0,41,TiZrTe4,5.4774,4.0169,7.3692,90,90.604,90,0,0,0,0,0,https://materialsproject.org/materials/icsd/150279,cif/150279.cif,4
150300,Ag1 Cl2 Cs1,129,P4/nmm,4/<i>mmm</i>,150300,1,0,0,0,Trivial,Trivial,0,0,0,68,BaNiS2,5.10938,5.10938,9.85955,90,90,90,0,0,0,0,0,https://materialsproject.org/materials/icsd/150300,cif/150300.cif,16
150302,Ag1 Br2 Cs1,129,P4/nmm,4/<i>mmm</i>,150302,1,0,0,0,Trivial,Trivial,0,0,0,68,BaNiS2,5.3237,5.3237,10.21183,90,90,90,0,0,0,0,0,https://materialsproject.org/materials/icsd/150302,cif/150302.cif,16
150326,O8 Rb2 V3,100,P4bm,4<i>mm</i>,150326,0,0,1,1,ESFD (SM),ESFD (SM),0,1,0,162,Ba2TiOSi2O7,8.9229,8.9229,5.5014,90,90,90,0,0,0,3,0,https://materialsproject.org/materials/icsd/150326,cif/150326.cif,8
150387,O4 Sn1 Sr2,139,I4/mmm,4/<i>mmm</i>,150387,1,0,0,1,Trivial,Trivial,0,0,0,48,K2MgF4,4.05493,4.05493,12.66944,90,90,90,0,0,1,3,0,https://materialsproject.org/materials/icsd/150387,cif/150387.cif,32
150388,O4 Sn1 Sr2,139,I4/mmm,4/<i>mmm</i>,150387,1,0,0,1,Trivial,Trivial,0,0,0,48,K2MgF4,4.05919,4.05919,12.68423,90,90,90,0,0,1,3,0,https://materialsproject.org/materials/icsd/150388,cif/150388.cif,32
150389,O4 Sn1 Sr2,139,I4/mmm,4/<i>mmm</i>,150387,1,0,0,1,Trivial,Trivial,0,0,0,48,K2MgF4,4.06375,4.06375,12.69851,90,90,90,0,0,1,3,0,https://materialsproject.org/materials/icsd/150389,cif/150389.cif,32
150390,O4 Sn1 Sr2,139,I4/mmm,4/<i>mmm</i>,150387,1,0,0,1,Trivial,Trivial,0,0,0,48,K2MgF4,4.06817,4.06817,12.71169,90,90,90,0,0,1,3,0,https://materialsproject.org/materials/icsd/150390,cif/150390.cif,32
150430,Na1 O3 Ta1,62,Pnma,<i>mmm</i>,150430,1,0,0,1,Trivial,Trivial,0,0,0,96,Perovskite-GdFeO3,5.48109,5.52351,7.79483,90,90,90,0,0,0,3,0,https://materialsproject.org/materials/icsd/150430,cif/150430.cif,8
150527,Al2 Zr1,194,P63/mmc,6/<i>mmm</i>,150527,1,0,0,0,SEBR (TI),ES (SM),1,0,0,40,Laves(2H)-MgZn2,5.2824,5.2824,8.7482,90,90,120,0,0,0,0,0,https://materialsproject.org/materials/icsd/150527,cif/150527.cif,24
150619,Be1 Co1,221,Pm-3m,<i>m</i>-3<i>m</i>,150619,1,0,0,0,ESFD (SM),ESFD (SM),0,0,0,11,CsCl,2.6,2.6,2.6,90,90,90,0,0,0,0,0,https://materialsproject.org/materials/icsd/150619,cif/150619.cif,48
150648,Ni5 Zr1,216,F-43m,-43<i>m</i>,150648,1,1,0,0,ES (SM),ESFD (SM),0,1,0,54,AuBe5,6.71,6.71,6.71,90,90,90,0,0,0,0,0,https://materialsproject.org/materials/icsd/150648,cif/150648.cif,96
150674,Cr1 Li1 S2,164,P-3m1,-3<i>m</i>,150674,1,0,0,0,ESFD (SM),ESFD (SM),0,1,0,19,LiTiS2,3.4637,3.4637,6.0369,90,90,120,0,0,0,0,0,https://materialsproject.org/materials/icsd/150674,cif/150674.cif,12
150701,Fe1 Mo1 O6 Sr2,87,I4/m,4/<i>m</i>,150701,1,1,0,1,Trivial,Trivial,0,1,0,70,Sr2NiWO6,5.57522,5.57522,7.89251,90,90,90,0,0,0,3,0,https://materialsproject.org/materials/icsd/150701,cif/150701.cif,16
150702,Fe1 O6 Re1 Sr2,87,I4/m,4/<i>m</i>,150702,1,1,0,1,ESFD (SM),ESFD (SM),0,1,0,71,Sr2NiWO6,5.56108,5.56108,7.90089,90,90,90,0,0,0,3,0,https://materialsproject.org/materials/icsd/150702,cif/150702.cif,16
150703,Ba1 La1 Mn2 O6,123,P4/mmm,4/<i>mmm</i>,150703,1,0,0,1,ESFD (SM),ESFD (SM),0,0,0,71,Perovskite_double(layered)#PrBaMn2O5+x,3.9178,3.9178,7.807,90,90,90,0,0,0,3,0,https://materialsproject.org/materials/icsd/150703,cif/150703.cif,16
150743,Mn2 Y1,227,Fd-3m,<i>m</i>-3<i>m</i>,105001,1,0,0,0,ESFD (SM),ESFD (SM),0,0,0,50,Laves(cub)-MgCu2,7.678,7.678,7.678,90,90,90,1,1,0,0,0,https://materialsproject.org/materials/icsd/150743,cif/150743.cif,192
150744,Fe2 Y1,227,Fd-3m,<i>m</i>-3<i>m</i>,103697,1,0,0,0,ESFD (SM),ESFD (SM),0,0,0,54,Laves(cub)-MgCu2,7.355,7.355,7.355,90,90,90,1,1,0,0,0,https://materialsproject.org/materials/icsd/150744,cif/150744.cif,192
150746,Ni2 Y1,227,Fd-3m,<i>m</i>-3<i>m</i>,105458,1,1,0,0,ESFD (SM),ESFD (SM),1,0,0,62,Laves(cub)-MgCu2,7.184,7.184,7.184,90,90,90,1,1,0,0,0,https://materialsproject.org/materials/icsd/150746,cif/150746.cif,192
150829,C1 Mn3 Zn1,221,Pm-3m,<i>m</i>-3<i>m</i>,150829,1,0,0,0,ESFD (SM),ESFD (SM),0,0,0,37,Perovskite-CaTiO3,3.9239,3.9239,3.9239,90,90,90,1,0,1,3,0,https://materialsproject.org/materials/icsd/150829,cif/150829.cif,48
150913,Cu1 O2,63,Cmcm,<i>mmm</i>,150913,1,0,0,1,ESFD (SM),ESFD (SM),0,0,0,46,,11.4794,13.406,2.7519,90,90,90,0,0,0,6,0,https://materialsproject.org/materials/icsd/150913,cif/150913.cif,16
150926,Ni3 Sn1,194,P63/mmc,6/<i>mmm</i>,105357,1,0,0,0,ES (SM),ESFD (SM),0,0,0,68,Ni3Sn,5.309,5.309,4.256,90,90,120,0,0,0,0,0,https://materialsproject.org/materials/icsd/150926,cif/150926.cif,24
150936,Ru1 Ti1,221,Pm-3m,<i>m</i>-3<i>m</i>,150936,1,0,0,0,SEBR (TI),ES (SM),0,0,0,12,CsCl,3.07,3.07,3.07,90,90,90,0,0,0,0,0,https://materialsproject.org/materials/icsd/150936,cif/150936.cif,48
150937,Co1 Ti1,221,Pm-3m,<i>m</i>-3<i>m</i>,102705,1,0,0,0,ESFD (SM),ESFD (SM),1,0,0,13,CsCl,2.987,2.987,2.987,90,90,90,0,0,0,0,0,https://materialsproject.org/materials/icsd/150937,cif/150937.cif,48
150938,Fe1 Ti1,221,Pm-3m,<i>m</i>-3<i>m</i>,150938,1,0,0,0,SEBR (TI),ES (SM),0,0,0,12,CsCl,2.976,2.976,2.976,90,90,90,0,0,0,0,0,https://materialsproject.org/materials/icsd/150938,cif/150938.cif,48
150939,Ni5 Zr1,216,F-43m,-43<i>m</i>,150648,1,1,0,0,ES (SM),ESFD (SM),0,1,0,54,AuBe5,6.7064,6.7064,6.7064,90,90,90,0,0,0,0,0,https://materialsproject.org/materials/icsd/150939,cif/150939.cif,96
150985,C4 H12 N2 O2,59,Pmmn,<i>mmm</i>,150985,0,0,1,0,Trivial,Trivial,0,0,0,100,,8.331,7.1751,5.4622,90,90,90,0,0,0,0,0,https://materialsproject.org/materials/icsd/150985,cif/150985.cif,8
150997,C5 H12 N2 O1,31,Pmn21,<i>mm</i>2,150997,0,0,1,0,Trivial,Trivial,0,0,0,96,,7.0288,5.4914,8.7054,90,90,90,0,0,0,0,0,https://materialsproject.org/materials/icsd/150997,cif/150997.cif,4
151032,C1 H2 F3 Na1 O4 S1,62,Pnma,<i>mmm</i>,151032,0,0,1,0,Trivial,Trivial,0,0,0,232,,6.4531,5.3803,17.453,90,90,90,0,0,0,0,0,https://materialsproject.org/materials/icsd/151032,cif/151032.cif,8
151036,C1 H3 Cl2 N1 O2 S1,62,Pnma,<i>mmm</i>,151036,0,0,1,0,Trivial,Trivial,0,0,0,176,,6.151,9.373,9.703,90,90,90,0,0,0,0,0,https://materialsproject.org/materials/icsd/151036,cif/151036.cif,8
151104,Al3 V1,139,I4/mmm,4/<i>mmm</i>,151104,1,1,0,0,ES (SM),ESFD (SM),1,0,0,14,Al3Ti,3.779,3.779,8.322,90,90,90,0,0,0,0,0,https://materialsproject.org/materials/icsd/151104,cif/151104.cif,32
151138,C2 Hg1 O4,4,P21,2,151138,0,0,1,0,Trivial,Trivial,0,1,0,88,HgC2O4,5.023,5.224,6.43,90,108.66,90,0,0,0,0,0,https://materialsproject.org/materials/icsd/151138,cif/151138.cif,2
151139,C2 Hg1 O4,4,P21,2,151138,0,0,1,0,Trivial,Trivial,0,1,0,88,HgC2O4,5.029,5.228,6.437,90,108.82,90,0,0,0,0,0,https://materialsproject.org/materials/icsd/151139,cif/151139.cif,2
151153,C4 H6 Na2 O7,15,C2/c,2/<i>m</i>,151153,0,0,1,0,Trivial,Trivial,0,0,0,132,,16.252,3.549,14.675,90,115.56,90,0,0,0,0,0,https://materialsproject.org/materials/icsd/151153,cif/151153.cif,8
151176,C8 H24 F6 N2 Pt1,87,I4/m,4/<i>m</i>,151176,0,0,1,0,Trivial,Trivial,0,0,0,118,,8.0733,8.0733,11.401,90,90,90,0,0,0,0,0,https://materialsproject.org/materials/icsd/151176,cif/151176.cif,16
151184,C3 F6,2,P-1,-1,151184,0,0,1,1,Trivial,Trivial,0,0,0,108,,6.072,6.233,6.569,92.33,108.75,94.31,0,0,0,0,0,https://materialsproject.org/materials/icsd/151184,cif/151184.cif,2
151185,C8 H24 F6 N2 Os1,148,R-3,-3,151185,0,0,1,0,Trivial,ESFD (SM),0,0,0,116,,8.0565,8.0565,20.02,90,90,120,0,0,0,0,0,https://materialsproject.org/materials/icsd/151185,cif/151185.cif,18
151196,In1 Ni3,194,P63/mmc,6/<i>mmm</i>,151196,1,1,0,0,ESFD (SM),ESFD (SM),0,0,0,66,Ni3Sn,5.32,5.32,4.242,90,90,120,0,0,0,0,0,https://materialsproject.org/materials/icsd/151196,cif/151196.cif,24
151207,Co1 Cu2 Sn1,225,Fm-3m,<i>m</i>-3<i>m</i>,151207,1,0,0,0,ESFD (SM),ESFD (SM),0,0,0,35,Heusler-AlCu2Mn,5.98,5.98,5.98,90,90,90,0,0,0,0,0,https://materialsproject.org/materials/icsd/151207,cif/151207.cif,192
151224,C3 H6 O3,161,R3c,3<i>m</i>,151224,0,0,1,1,Trivial,Trivial,0,0,0,72,(CH2)3O3,9.32,9.32,8.196,90,90,120,0,0,0,0,0,https://materialsproject.org/materials/icsd/151224,cif/151224.cif,18
151227,C5 H11 Cu1 N1 O6,15,C2/c,2/<i>m</i>,110500,1,0,0,0,ESFD (SM),ESFD (SM),0,0,0,166,,11.4204,8.7139,8.8502,90,96.247,90,0,0,0,0,0,https://materialsproject.org/materials/icsd/151227,cif/151227.cif,8
151313,C4 H4 Mo2 O8,14,P21/c,2/<i>m</i>,151313,0,0,1,0,Trivial,Trivial,0,0,0,160,,7.939,11.193,5.5271,90,110.86,90,0,0,0,0,0,https://materialsproject.org/materials/icsd/151313,cif/151313.cif,4
151315,C4 H4 Ca1 Cu1 O8,13,P2/c,2/<i>m</i>,151315,0,0,1,1,ESFD (SM),ESFD (SM),0,0,0,162,CaCu(HCOO)4,7.3,8.493,6.449,90,97.57,90,0,0,0,0,0,https://materialsproject.org/materials/icsd/151315,cif/151315.cif,4
151343,C3 H6 O3,161,R3c,3<i>m</i>,151224,0,0,1,1,Trivial,Trivial,0,1,0,72,(CH2)3O3,9.395,9.395,8.35,90,90,120,0,0,0,0,0,https://materialsproject.org/materials/icsd/151343,cif/151343.cif,18
151385,Al1 Ni3,221,Pm-3m,<i>m</i>-3<i>m</i>,105529,1,1,0,0,ESFD (SM),ESFD (SM),0,0,0,33,Auricupride-AuCu3,3.56,3.56,3.56,90,90,90,1,0,0,0,0,https://materialsproject.org/materials/icsd/151385,cif/151385.cif,48
151390,Co1 Sn1,191,P6/mmm,6/<i>mmm</i>,102671,1,0,0,0,ESFD (SM),ESFD (SM),0,0,0,39,CoSn,5.268,5.268,4.249,90,90,120,1,0,0,0,0,https://materialsproject.org/materials/icsd/151390,cif/151390.cif,24
151435,Cr2 Li14 N8 O1,147,P-3,-3,151435,1,0,0,1,Trivial,Trivial,0,0,0,72,Na14Mn2O9,5.8332,5.8332,8.2793,90,90,120,0,0,0,1,0,https://materialsproject.org/materials/icsd/151435,cif/151435.cif,6
151488,C1 H12 Ca1 O9,15,C2/c,2/<i>m</i>,16070,0,0,1,0,Trivial,Trivial,0,0,0,144,CaCO3(H2O)6,8.8053,8.3138,11.0328,90,110.598,90,0,0,0,0,0,https://materialsproject.org/materials/icsd/151488,cif/151488.cif,8
151568,Ca1 Ge2 O5,2,P-1,-1,14005,1,0,0,1,Trivial,Trivial,0,0,0,80,CaGe2O5,6.5286,8.7863,6.8616,88.215,113.026,90.988,0,0,0,2,0,https://materialsproject.org/materials/icsd/151568,cif/151568.cif,4
151569,Ca1 Ge2 O5,2,P-1,-1,14005,1,0,0,1,Trivial,Trivial,0,0,0,80,CaGe2O5,6.5413,8.7996,6.8718,88.358,113.02,90.895,0,0,0,2,0,https://materialsproject.org/materials/icsd/151569,cif/151569.cif,4
151570,Ca1 Ge2 O5,2,P-1,-1,14005,1,0,0,1,Trivial,Trivial,0,0,0,80,CaGe2O5,6.5495,8.8058,6.8758,88.608,113.007,90.749,0,0,0,3,0,https://materialsproject.org/materials/icsd/151570,cif/151570.cif,4
151571,Ca1 Ge2 O5,2,P-1,-1,14005,1,0,0,1,Trivial,Trivial,0,0,0,80,CaGe2O5,6.5574,8.8117,6.8794,88.942,112.989,90.555,0,0,0,3,0,https://materialsproject.org/materials/icsd/151571,cif/151571.cif,4
151572,Ca1 Ge2 O5,2,P-1,-1,14005,1,0,0,1,Trivial,Trivial,0,0,0,80,CaGe2O5,6.5635,8.816,6.8818,89.342,112.972,90.343,0,0,0,2,0,https://materialsproject.org/materials/icsd/151572,cif/151572.cif,4
151573,Ca1 Ge2 O5,2,P-1,-1,14005,1,0,0,1,Trivial,Trivial,0,0,0,80,CaGe2O5,6.565,8.8168,6.8822,89.472,112.967,90.273,0,0,0,2,0,https://materialsproject.org/materials/icsd/151573,cif/151573.cif,4
151574,Ca1 Ge2 O5,2,P-1,-1,14005,1,0,0,1,Trivial,Trivial,0,0,0,80,CaGe2O5,6.5658,8.8177,6.8833,89.51,112.963,90.255,0,0,0,2,0,https://materialsproject.org/materials/icsd/151574,cif/151574.cif,4
151575,Ca1 Ge2 O5,2,P-1,-1,14005,1,0,0,1,Trivial,Trivial,0,0,0,80,CaGe2O5,6.5664,8.8172,6.8825,89.762,112.962,90.119,0,0,0,2,0,https://materialsproject.org/materials/icsd/151575,cif/151575.cif,4
151576,Ca1 Ge2 O5,2,P-1,-1,14005,1,0,0,1,Trivial,Trivial,0,0,0,80,CaGe2O5,6.5678,8.8187,6.8833,89.857,112.96,90.072,0,0,0,2,0,https://materialsproject.org/materials/icsd/151576,cif/151576.cif,4
151577,Ca1 Ge2 O5,2,P-1,-1,14005,1,0,0,1,Trivial,Trivial,0,0,0,80,CaGe2O5,6.5684,8.8193,6.8834,89.866,112.959,90.068,0,0,0,2,0,https://materialsproject.org/materials/icsd/151577,cif/151577.cif,4
151586,Ca1 Ge2 O5,2,P-1,-1,14005,1,0,0,0,Trivial,Trivial,0,0,1,80,CaGe2O5,6.5286,8.7863,6.8616,88.215,113.026,90.988,0,0,0,2,0,https://materialsproject.org/materials/icsd/151586,cif/151586.cif,4
151617,Fe1 Mo1 O6 Sr2,139,I4/mmm,4/<i>mmm</i>,151617,1,1,0,0,Trivial,Trivial,0,0,0,70,Cs2Au2Cl6,5.573,5.573,7.908,90,90,90,0,0,0,3,0,https://materialsproject.org/materials/icsd/151617,cif/151617.cif,32
151695,C6 Cs2 Fe1 Mn1 N6,225,Fm-3m,<i>m</i>-3<i>m</i>,151695,0,0,1,1,ESFD (SM),ESFD (SM),0,0,0,87,Cs2LiCo(CN)6,10.4872,10.4872,10.4872,90,90,90,0,0,0,0,0,https://materialsproject.org/materials/icsd/151695,cif/151695.cif,192
151696,C6 Cd1 Cs2 Fe1 N6,225,Fm-3m,<i>m</i>-3<i>m</i>,151696,0,0,1,1,Trivial,Trivial,0,0,0,92,Cs2LiCo(CN)6,10.6195,10.6195,10.6195,90,90,90,0,0,0,0,0,https://materialsproject.org/materials/icsd/151696,cif/151696.cif,192
151703,Mg1 O6 Sr2 W1,87,I4/m,4/<i>m</i>,151703,1,1,0,1,Trivial,Trivial,0,0,0,64,Sr2NiWO6,5.5849,5.5849,7.9455,90,90,90,0,0,0,3,0,https://materialsproject.org/materials/icsd/151703,cif/151703.cif,16
151706,C6 Cs2 Fe1 N6 Ni1,225,Fm-3m,<i>m</i>-3<i>m</i>,151706,0,0,1,1,ESFD (SM),ESFD (SM),0,0,0,90,Cs2LiCo(CN)6,10.235,10.235,10.235,90,90,90,0,0,0,0,0,https://materialsproject.org/materials/icsd/151706,cif/151706.cif,192
151720,Fe1 Nb2 O6,60,Pbcn,<i>mmm</i>,15855,1,0,0,0,Trivial,Trivial,0,1,0,280,Columbite-MgNb2O6,14.2702,5.7351,5.0517,90,90,90,0,0,0,3,0,https://materialsproject.org/materials/icsd/151720,cif/151720.cif,8
151787,Cl2 Co1 O2 Sr2,139,I4/mmm,4/<i>mmm</i>,151787,1,0,0,1,ESFD (SM),ESFD (SM),0,0,0,55,Ca2CuCl2O2,4.06022,4.06022,15.1171,90,90,90,0,0,1,3,0,https://materialsproject.org/materials/icsd/151787,cif/151787.cif,32
151788,Cl2 Co1 O2 Sr2,139,I4/mmm,4/<i>mmm</i>,151787,1,0,0,1,ESFD (SM),ESFD (SM),0,0,0,55,Ca2CuCl2O2,4.05013,4.05013,15.0247,90,90,90,0,0,1,3,0,https://materialsproject.org/materials/icsd/151788,cif/151788.cif,32
151789,Br2 Co1 O2 Sr2,139,I4/mmm,4/<i>mmm</i>,151789,1,0,0,1,ESFD (SM),ESFD (SM),0,0,0,55,Ca2CuCl2O2,4.08891,4.08891,16.4077,90,90,90,0,0,1,4,0,https://materialsproject.org/materials/icsd/151789,cif/151789.cif,32
151790,Br2 Co1 O2 Sr2,139,I4/mmm,4/<i>mmm</i>,151789,1,0,0,1,ESFD (SM),ESFD (SM),0,0,0,55,Ca2CuCl2O2,4.07478,4.07478,16.2426,90,90,90,0,0,1,4,0,https://materialsproject.org/materials/icsd/151790,cif/151790.cif,32
151907,Li1 Mn2 O4,227,Fd-3m,<i>m</i>-3<i>m</i>,151907,1,0,0,0,ESFD (SM),ESFD (SM),0,0,0,78,Spinel-Al2MgO4,8.2455,8.2455,8.2455,90,90,90,1,1,0,3,0,https://materialsproject.org/materials/icsd/151907,cif/151907.cif,192
151929,Cu1 O2 Sc1,194,P63/mmc,6/<i>mmm</i>,151929,1,1,0,0,Trivial,Trivial,0,0,0,52,CuFeO2,3.2187,3.2187,11.4037,90,90,120,0,0,0,0,0,https://materialsproject.org/materials/icsd/151929,cif/151929.cif,24
151987,Br5 Cs1 Sn2,140,I4/mcm,4/<i>mmm</i>,151987,1,0,0,0,Trivial,Trivial,0,0,0,104,InSn2I5,8.5054,8.5054,15.3146,90,90,90,0,0,0,5,0,https://materialsproject.org/materials/icsd/151987,cif/151987.cif,32
152131,Al1 Ni1 Zr1,189,P-62m,-62<i>m</i>,152131,1,0,0,1,ESFD (SM),ESFD (SM),0,1,0,51,ZrNiAl-Fe2P,6.906,6.906,3.464,90,90,120,0,0,0,0,0,https://materialsproject.org/materials/icsd/152131,cif/152131.cif,12
152339,Fe1 Sn1,191,P6/mmm,6/<i>mmm</i>,103634,1,0,0,0,ES (SM),ESFD (SM),0,0,0,36,CoSn,5.3002,5.3002,4.4504,90,90,120,1,0,0,0,0,https://materialsproject.org/materials/icsd/152339,cif/152339.cif,24
152440,Ni1 O6 Os1 Sr2,87,I4/m,4/<i>m</i>,152440,1,0,0,1,Trivial,Trivial,0,0,0,74,Sr2NiWO6,5.5377,5.5377,7.9198,90,90,90,0,0,0,3,0,https://materialsproject.org/materials/icsd/152440,cif/152440.cif,16
152441,Ni1 O6 Os1 Sr2,87,I4/m,4/<i>m</i>,152440,1,0,0,1,Trivial,Trivial,0,0,0,74,Sr2NiWO6,5.5326,5.5326,7.922,90,90,90,0,0,0,3,0,https://materialsproject.org/materials/icsd/152441,cif/152441.cif,16
152442,Ni1 O6 Os1 Sr2,87,I4/m,4/<i>m</i>,152440,1,0,0,1,Trivial,Trivial,0,0,0,74,Sr2NiWO6,5.4947,5.4947,7.9901,90,90,90,0,0,0,3,0,https://materialsproject.org/materials/icsd/152442,cif/152442.cif,16
152443,Ni1 O6 Os1 Sr2,87,I4/m,4/<i>m</i>,152440,1,0,0,1,Trivial,Trivial,0,0,0,74,Sr2NiWO6,5.4947,5.4947,7.9922,90,90,90,0,0,0,3,0,https://materialsproject.org/materials/icsd/152443,cif/152443.cif,16
152572,Ba2 Mg1 O6 W1,225,Fm-3m,<i>m</i>-3<i>m</i>,152572,1,0,0,1,Trivial,Trivial,0,0,0,64,Elpasolite-K2NaAlF6,8.1345,8.1345,8.1345,90,90,90,0,0,0,3,0,https://materialsproject.org/materials/icsd/152572,cif/152572.cif,192
152573,Ba2 Mg1 O6 W1,225,Fm-3m,<i>m</i>-3<i>m</i>,152572,1,0,0,1,Trivial,Trivial,0,0,0,64,Elpasolite-K2NaAlF6,8.2489,8.2489,8.2489,90,90,90,0,0,0,3,0,https://materialsproject.org/materials/icsd/152573,cif/152573.cif,192
152574,Mg1 O6 Sr2 W1,87,I4/m,4/<i>m</i>,151703,1,1,0,1,Trivial,Trivial,0,0,0,64,Sr2NiWO6,5.5876,5.5876,7.949,90,90,90,0,0,0,3,0,https://materialsproject.org/materials/icsd/152574,cif/152574.cif,16
152575,Mg1 O6 Sr2 W1,225,Fm-3m,<i>m</i>-3<i>m</i>,152575,1,0,0,1,Trivial,Trivial,0,0,0,64,Elpasolite-K2NaAlF6,7.9524,7.9524,7.9524,90,90,90,0,0,0,3,0,https://materialsproject.org/materials/icsd/152575,cif/152575.cif,192
152576,Mg1 O6 Sr2 W1,225,Fm-3m,<i>m</i>-3<i>m</i>,152575,1,0,0,1,Trivial,Trivial,0,0,0,64,Elpasolite-K2NaAlF6,8.0387,8.0387,8.0387,90,90,90,0,0,0,3,0,https://materialsproject.org/materials/icsd/152576,cif/152576.cif,192
152588,Ni1 O6 Pb1 Sr3,167,R-3c,-3<i>m</i>,152588,1,1,0,1,Trivial,ESFD (SM),0,0,0,160,K4CdCl6,9.6926,9.6926,11.308,90,90,120,0,0,0,3,0,https://materialsproject.org/materials/icsd/152588,cif/152588.cif,36
152589,Ni1 O6 Pb1 Sr3,167,R-3c,-3<i>m</i>,152588,1,1,0,1,Trivial,ESFD (SM),0,0,0,160,K4CdCl6,9.6531,9.6531,11.271,90,90,120,0,0,0,3,0,https://materialsproject.org/materials/icsd/152589,cif/152589.cif,36
152590,Ni1 O6 Pb1 Sr3,167,R-3c,-3<i>m</i>,152588,1,1,0,1,Trivial,ESFD (SM),0,0,0,160,K4CdCl6,9.6268,9.6268,11.2473,90,90,120,0,0,0,3,0,https://materialsproject.org/materials/icsd/152590,cif/152590.cif,36
152591,Ni1 O6 Pb1 Sr3,167,R-3c,-3<i>m</i>,152588,1,1,0,1,Trivial,ESFD (SM),0,0,0,160,K4CdCl6,9.5946,9.5946,11.2178,90,90,120,0,0,0,3,0,https://materialsproject.org/materials/icsd/152591,cif/152591.cif,36
152592,Ni1 O6 Pb1 Sr3,167,R-3c,-3<i>m</i>,152588,1,1,0,1,Trivial,ESFD (SM),0,0,0,160,K4CdCl6,9.5523,9.5523,11.1772,90,90,120,0,0,0,3,0,https://materialsproject.org/materials/icsd/152592,cif/152592.cif,36
152593,Ni1 O6 Pb1 Sr3,167,R-3c,-3<i>m</i>,152588,1,1,0,1,Trivial,ESFD (SM),0,0,0,160,K4CdCl6,9.5223,9.5223,11.151,90,90,120,0,0,0,3,0,https://materialsproject.org/materials/icsd/152593,cif/152593.cif,36
152679,Ba2 Ir1 O6 Y1,225,Fm-3m,<i>m</i>-3<i>m</i>,152679,1,0,0,1,Trivial,ESFD (SM),0,0,0,76,Elpasolite-K2NaAlF6,8.35032,8.35032,8.35032,90,90,90,0,0,0,3,0,https://materialsproject.org/materials/icsd/152679,cif/152679.cif,192
152758,Al1 I3 O9,173,P63,6,152758,0,0,1,1,Trivial,Trivial,0,1,0,156,Fe(IO3)3,9.003,9.003,5.2406,90,90,120,0,0,0,3,0,https://materialsproject.org/materials/icsd/152758,cif/152758.cif,6
153055,Mg1 Pd3,221,Pm-3m,<i>m</i>-3<i>m</i>,153055,1,0,0,0,ESFD (SM),ESFD (SM),0,0,0,32,Auricupride-AuCu3,3.9178,3.9178,3.9178,90,90,90,1,0,0,0,0,https://materialsproject.org/materials/icsd/153055,cif/153055.cif,48
153058,La1 Ni1 O2,123,P4/mmm,4/<i>mmm</i>,153058,1,0,0,1,ESFD (SM),ESFD (SM),0,0,0,33,LaNiO2,3.959,3.959,3.375,90,90,90,0,0,1,3,0,https://materialsproject.org/materials/icsd/153058,cif/153058.cif,16
153101,Ca2 Cl1 N1,166,R-3m,-3<i>m</i>,153101,1,1,0,1,Trivial,Trivial,0,0,0,16,Delafossite-NaCrS2,3.6665,3.6665,19.7187,90,90,120,0,0,0,4,0,https://materialsproject.org/materials/icsd/153101,cif/153101.cif,36
153105,Br1 Ca2 N1,166,R-3m,-3<i>m</i>,153105,1,1,0,1,Trivial,Trivial,0,0,0,16,Delafossite-NaCrS2,3.7186,3.7186,20.5668,90,90,120,0,0,0,4,0,https://materialsproject.org/materials/icsd/153105,cif/153105.cif,36
153173,Ca1 O3 Ti1,140,I4/mcm,4/<i>mmm</i>,153173,1,1,0,1,Trivial,Trivial,0,0,0,48,Perovskite-SrTiO3,5.4984,5.4984,7.7828,90,90,90,0,0,0,3,0,https://materialsproject.org/materials/icsd/153173,cif/153173.cif,32
153174,Ca1 O3 Ti1,221,Pm-3m,<i>m</i>-3<i>m</i>,153174,1,0,0,1,Trivial,Trivial,1,0,0,24,Perovskite-CaTiO3,3.8967,3.8967,3.8967,90,90,90,1,0,1,3,0,https://materialsproject.org/materials/icsd/153174,cif/153174.cif,48
153222,La2 O7 Zr2,227,Fd-3m,<i>m</i>-3<i>m</i>,15165,1,0,0,1,Trivial,Trivial,0,0,0,144,Pyrochlore-NaCa(Nb2O6)F,10.8047,10.8047,10.8047,90,90,90,2,2,0,6,0,https://materialsproject.org/materials/icsd/153222,cif/153222.cif,192
153307,Ga1 La1 O3,62,Pnma,<i>mmm</i>,153307,1,0,0,1,Trivial,Trivial,0,0,0,128,Perovskite-GdFeO3,5.5272,5.4943,7.7781,90,90,90,0,0,0,3,0,https://materialsproject.org/materials/icsd/153307,cif/153307.cif,8
153327,Ni1 O6 Sr2 W1,87,I4/m,4/<i>m</i>,153327,1,1,0,1,Trivial,Trivial,0,1,0,72,Sr2NiWO6,5.5613,5.5613,7.9185,90,90,90,0,0,0,3,0,https://materialsproject.org/materials/icsd/153327,cif/153327.cif,16
153406,O3 Pb1 Ti1,221,Pm-3m,<i>m</i>-3<i>m</i>,153406,1,0,0,1,Trivial,Trivial,0,0,0,26,Perovskite-CaTiO3,3.971,3.971,3.971,90,90,90,1,0,1,3,0,https://materialsproject.org/materials/icsd/153406,cif/153406.cif,48
153453,O2 Si1,152,P3121,32,153453,1,0,0,0,Trivial,Trivial,0,1,0,48,"Quartz,low",4.921,4.921,5.416,90,90,120,0,0,0,4,0,https://materialsproject.org/materials/icsd/153453,cif/153453.cif,6
153454,O2 Si1,152,P3121,32,153453,1,0,0,0,Trivial,Trivial,0,1,0,48,"Quartz,low",4.921,4.921,5.416,90,90,120,0,0,0,4,0,https://materialsproject.org/materials/icsd/153454,cif/153454.cif,6
153543,Co1 Mo1 O6 Sr2,225,Fm-3m,<i>m</i>-3<i>m</i>,153543,1,1,0,1,ESFD (SM),ESFD (SM),0,0,0,71,Elpasolite-K2NaAlF6,7.9388,7.9388,7.9388,90,90,90,0,0,0,3,0,https://materialsproject.org/materials/icsd/153543,cif/153543.cif,192
153544,Co1 Mo1 O6 Sr2,87,I4/m,4/<i>m</i>,153544,1,1,0,1,ESFD (SM),ESFD (SM),0,0,0,71,Sr2NiWO6,5.5616,5.5616,7.947,90,90,90,0,0,0,3,0,https://materialsproject.org/materials/icsd/153544,cif/153544.cif,16
153545,Co1 Mo1 O6 Sr2,87,I4/m,4/<i>m</i>,153544,1,1,0,1,ESFD (SM),ESFD (SM),0,0,0,71,Sr2NiWO6,5.5469,5.5469,7.9674,90,90,90,0,0,0,3,0,https://materialsproject.org/materials/icsd/153545,cif/153545.cif,16
153546,Co1 Mo1 O6 Sr2,87,I4/m,4/<i>m</i>,153544,1,1,0,1,ESFD (SM),ESFD (SM),0,0,0,71,Sr2NiWO6,5.5761,5.5761,7.8809,90,90,90,0,0,0,3,0,https://materialsproject.org/materials/icsd/153546,cif/153546.cif,16
153699,Fe1 Li1 O4 P1,62,Pnma,<i>mmm</i>,153699,0,0,1,0,Trivial,Trivial,0,0,1,152,Olivine-Mg2SiO4,10.3904,6.0483,4.7259,90,90,90,0,0,0,1,0,https://materialsproject.org/materials/icsd/153699,cif/153699.cif,8
153814,La2 O7 Zr2,227,Fd-3m,<i>m</i>-3<i>m</i>,15165,1,0,0,0,Trivial,Trivial,0,0,1,144,Pyrochlore-NaCa(Nb2O6)F,10.724,10.724,10.724,90,90,90,2,2,0,6,0,https://materialsproject.org/materials/icsd/153814,cif/153814.cif,192
153831,Al1 La1 O3,221,Pm-3m,<i>m</i>-3<i>m</i>,153831,1,0,0,0,Trivial,Trivial,0,0,0,32,Perovskite-CaTiO3,3.8113,3.8113,3.8113,90,90,90,1,0,1,3,0,https://materialsproject.org/materials/icsd/153831,cif/153831.cif,48
153832,Al1 La1 O3,221,Pm-3m,<i>m</i>-3<i>m</i>,153831,1,0,0,0,Trivial,Trivial,0,0,0,32,Perovskite-CaTiO3,3.81447,3.81447,3.81447,90,90,90,1,0,1,3,0,https://materialsproject.org/materials/icsd/153832,cif/153832.cif,48
153833,Al1 La1 O3,221,Pm-3m,<i>m</i>-3<i>m</i>,153831,1,0,0,0,Trivial,Trivial,0,0,0,32,Perovskite-CaTiO3,3.81767,3.81767,3.81767,90,90,90,1,0,1,3,0,https://materialsproject.org/materials/icsd/153833,cif/153833.cif,48
153834,Al1 La1 O3,221,Pm-3m,<i>m</i>-3<i>m</i>,153831,1,0,0,0,Trivial,Trivial,0,0,0,32,Perovskite-CaTiO3,3.82085,3.82085,3.82085,90,90,90,1,0,1,3,0,https://materialsproject.org/materials/icsd/153834,cif/153834.cif,48
153835,Al1 La1 O3,221,Pm-3m,<i>m</i>-3<i>m</i>,153831,1,0,0,0,Trivial,Trivial,0,0,0,32,Perovskite-CaTiO3,3.82457,3.82457,3.82457,90,90,90,1,0,1,3,0,https://materialsproject.org/materials/icsd/153835,cif/153835.cif,48
153836,Al1 La1 O3,221,Pm-3m,<i>m</i>-3<i>m</i>,153831,1,0,0,0,Trivial,Trivial,0,0,0,32,Perovskite-CaTiO3,3.82782,3.82782,3.82782,90,90,90,1,0,1,3,0,https://materialsproject.org/materials/icsd/153836,cif/153836.cif,48
153864,Fe1 K1 Mo2 O8,164,P-3m1,-3<i>m</i>,153864,1,1,0,1,ESFD (SM),ESFD (SM),0,1,0,77,KAl(MoO4)2,5.665,5.665,7.138,90,90,120,0,0,0,5,0,https://materialsproject.org/materials/icsd/153864,cif/153864.cif,12
153887,Ga1 N1,186,P63mc,6<i>mm</i>,153887,1,0,0,1,Trivial,Trivial,1,0,0,16,Wurtzite-ZnS(2H),3.181,3.181,5.184,90,90,120,0,0,0,0,0,https://materialsproject.org/materials/icsd/153887,cif/153887.cif,12
153888,Ga1 N1,186,P63mc,6<i>mm</i>,153887,1,0,0,1,Trivial,Trivial,1,0,0,16,Wurtzite-ZnS(2H),3.143,3.143,5.73,90,90,120,0,0,0,0,0,https://materialsproject.org/materials/icsd/153888,cif/153888.cif,12
153889,Ga1 N1,186,P63mc,6<i>mm</i>,153887,1,0,0,1,Trivial,Trivial,1,0,0,16,Wurtzite-ZnS(2H),3.2,3.2,5.28,90,90,120,0,0,0,0,0,https://materialsproject.org/materials/icsd/153889,cif/153889.cif,12
153890,Ga1 N1,186,P63mc,6<i>mm</i>,153887,1,0,0,1,Trivial,Trivial,1,0,0,16,Wurtzite-ZnS(2H),3.142,3.142,5.72,90,90,120,0,0,0,0,0,https://materialsproject.org/materials/icsd/153890,cif/153890.cif,12
153891,Ga1 N1,186,P63mc,6<i>mm</i>,153887,1,0,0,1,Trivial,Trivial,1,0,0,16,Wurtzite-ZnS(2H),3.19,3.19,5.28,90,90,120,0,0,0,0,0,https://materialsproject.org/materials/icsd/153891,cif/153891.cif,12
154073,Ca1 F3 K1,221,Pm-3m,<i>m</i>-3<i>m</i>,154073,1,0,0,0,Trivial,Trivial,0,0,0,32,Perovskite-CaTiO3,4.4584,4.4584,4.4584,90,90,90,1,0,1,4,0,https://materialsproject.org/materials/icsd/154073,cif/154073.cif,48
154074,Ca1 F3 K1,221,Pm-3m,<i>m</i>-3<i>m</i>,154073,1,0,0,0,Trivial,Trivial,0,0,0,32,Perovskite-CaTiO3,4.4584,4.4584,4.4584,90,90,90,1,0,1,4,0,https://materialsproject.org/materials/icsd/154074,cif/154074.cif,48
154117,Fe1 Li1 O4 P1,62,Pnma,<i>mmm</i>,153699,0,0,1,1,Trivial,Trivial,0,0,0,152,Olivine-Mg2SiO4,6.004,10.324,4.6953,90,90,90,0,0,0,1,0,https://materialsproject.org/materials/icsd/154117,cif/154117.cif,8
154123,H4 Cu2 Na2 O13 Si4,2,P-1,-1,154123,1,1,0,1,Trivial,Trivial,0,1,0,122,,5.2254,6.4126,8.516,101.1,94.3,102.5,0,0,0,1,0,https://materialsproject.org/materials/icsd/154123,cif/154123.cif,2
154175,Li2 O7 Sr1 Ta2,139,I4/mmm,4/<i>mmm</i>,154175,1,0,0,1,Trivial,Trivial,0,0,0,64,Li2SrTa2O7,3.9499,3.9499,18.2,90,90,90,0,0,0,3,0,https://materialsproject.org/materials/icsd/154175,cif/154175.cif,32
154181,Ba1 S3 V1,194,P63/mmc,6/<i>mmm</i>,15537,1,1,0,1,ESFD (SM),ESFD (SM),1,0,0,66,BaNiO3,6.713,6.713,5.615,90,90,120,0,0,0,0,0,https://materialsproject.org/materials/icsd/154181,cif/154181.cif,24
154182,Ba1 S3 V1,36,Cmc21,<i>mm</i>2,154182,1,0,0,1,ESFD (SM),ESFD (SM),0,1,0,66,BaVS3,6.751,11.485,5.597,90,90,90,0,0,0,3,0,https://materialsproject.org/materials/icsd/154182,cif/154182.cif,8
154257,Br3 Rb1 Ti1,194,P63/mmc,6/<i>mmm</i>,154257,1,0,0,1,ES (SM),ESFD (SM),0,0,0,68,BaNiO3,7.527,7.527,6.316,90,90,120,0,0,0,0,0,https://materialsproject.org/materials/icsd/154257,cif/154257.cif,24
154258,Cs1 I3 Ti1,194,P63/mmc,6/<i>mmm</i>,154258,1,0,0,1,ES (SM),ESFD (SM),0,0,0,68,BaNiO3,8.214,8.214,6.789,90,90,120,0,0,0,0,0,https://materialsproject.org/materials/icsd/154258,cif/154258.cif,24
154273,O4 Pb1 S1,62,Pnma,<i>mmm</i>,16916,0,0,1,1,Trivial,Trivial,0,0,0,136,Barite#-BaSO4,8.475,5.396,6.95,90,90,90,0,0,0,0,0,https://materialsproject.org/materials/icsd/154273,cif/154273.cif,8
154286,Ba1 O4 S1,62,Pnma,<i>mmm</i>,16904,0,0,1,1,Trivial,Trivial,0,0,0,160,Barite#-BaSO4,8.896,5.462,7.171,90,90,90,0,0,0,0,0,https://materialsproject.org/materials/icsd/154286,cif/154286.cif,8
154289,O2 Si1,152,P3121,32,153453,1,0,0,1,Trivial,Trivial,0,1,0,48,"Quartz,low",4.91444,4.91444,5.40646,90,90,120,0,0,0,4,0,https://materialsproject.org/materials/icsd/154289,cif/154289.cif,6
154344,Ba1 O3 Ti1,221,Pm-3m,<i>m</i>-3<i>m</i>,154344,1,0,0,1,Trivial,Trivial,0,0,0,32,Perovskite-CaTiO3,3.9732,3.9732,3.9732,90,90,90,1,0,1,3,0,https://materialsproject.org/materials/icsd/154344,cif/154344.cif,48
154346,Ba1 O3 Ti1,38,Amm2,<i>mm</i>2,154346,1,0,0,1,Trivial,ES (SM),0,1,0,32,,3.9594,5.6266,5.6435,90,90,90,0,0,0,3,0,https://materialsproject.org/materials/icsd/154346,cif/154346.cif,8
154360,Al2 O7 Rb2 Sb2,164,P-3m1,-3<i>m</i>,154360,1,0,0,1,Trivial,Trivial,0,0,0,76,Rb2Al3Sb2O7,5.6604,5.6604,8.368,90,90,120,0,0,0,5,0,https://materialsproject.org/materials/icsd/154360,cif/154360.cif,12
154363,Al2 As2 Cs2 O7,44,Imm2,<i>mm</i>2,154363,0,0,1,1,Trivial,Trivial,0,1,0,76,,5.469,10.0381,8.885,90,90,90,0,0,0,4,0,https://materialsproject.org/materials/icsd/154363,cif/154363.cif,8
154512,H6 K2 O10 Se1 Te1,15,C2/c,2/<i>m</i>,154512,0,0,1,0,Trivial,Trivial,0,0,0,192,,11.572,6.437,13.938,90,106.07,90,0,0,0,2,0,https://materialsproject.org/materials/icsd/154512,cif/154512.cif,8
154601,O2 Ti1,141,I41/amd,4/<i>mmm</i>,154601,1,0,0,1,Trivial,Trivial,0,0,0,32,Anatase-TiO2,3.796,3.796,9.444,90,90,90,0,0,0,2,0,https://materialsproject.org/materials/icsd/154601,cif/154601.cif,32
154602,O2 Ti1,141,I41/amd,4/<i>mmm</i>,154601,1,0,0,1,Trivial,Trivial,0,0,0,32,Anatase-TiO2,3.799,3.799,9.509,90,90,90,0,0,0,2,0,https://materialsproject.org/materials/icsd/154602,cif/154602.cif,32
154603,O2 Ti1,141,I41/amd,4/<i>mmm</i>,154601,1,0,0,1,Trivial,Trivial,0,0,0,32,Anatase-TiO2,3.785,3.785,9.482,90,90,90,0,0,0,2,0,https://materialsproject.org/materials/icsd/154603,cif/154603.cif,32
154604,O2 Ti1,141,I41/amd,4/<i>mmm</i>,154601,1,0,0,1,Trivial,Trivial,0,0,0,32,Anatase-TiO2,3.786,3.786,9.495,90,90,90,0,0,0,2,0,https://materialsproject.org/materials/icsd/154604,cif/154604.cif,32
154607,O2 Ti1,141,I41/amd,4/<i>mmm</i>,154601,1,0,0,0,Trivial,Trivial,0,0,0,32,Anatase-TiO2,3.79,3.79,9.41,90,90,90,0,0,0,3,0,https://materialsproject.org/materials/icsd/154607,cif/154607.cif,32
154608,O2 Ti1,141,I41/amd,4/<i>mmm</i>,154601,1,0,0,0,Trivial,Trivial,0,0,0,32,Anatase-TiO2,3.85,3.85,9.46,90,90,90,0,0,0,2,0,https://materialsproject.org/materials/icsd/154608,cif/154608.cif,32
154609,O2 Ti1,141,I41/amd,4/<i>mmm</i>,154601,1,0,0,0,Trivial,Trivial,0,0,0,32,Anatase-TiO2,3.77,3.77,9.42,90,90,90,0,0,0,3,0,https://materialsproject.org/materials/icsd/154609,cif/154609.cif,32
154610,O2 Ti1,141,I41/amd,4/<i>mmm</i>,154601,1,0,0,0,Trivial,Trivial,0,0,0,32,Anatase-TiO2,3.8,3.8,9.46,90,90,90,0,0,0,2,0,https://materialsproject.org/materials/icsd/154610,cif/154610.cif,32
154681,C1 Ca1 F1 K1 O3,187,P-6m2,-62<i>m</i>,154681,1,0,0,1,Trivial,Trivial,0,0,0,40,KCaCO3F,5.09724,5.09724,4.45539,90,90,120,0,0,0,0,0,https://materialsproject.org/materials/icsd/154681,cif/154681.cif,12
154682,C1 Ca1 F1 K1 O3,187,P-6m2,-62<i>m</i>,154681,1,0,0,1,Trivial,Trivial,0,0,0,40,KCaCO3F,5.10556,5.10556,4.45803,90,90,120,0,0,0,0,0,https://materialsproject.org/materials/icsd/154682,cif/154682.cif,12
154683,C1 Ca1 F1 K1 O3,187,P-6m2,-62<i>m</i>,154681,1,0,0,1,Trivial,Trivial,0,0,0,40,KCaCO3F,5.11615,5.11615,4.46165,90,90,120,0,0,0,0,0,https://materialsproject.org/materials/icsd/154683,cif/154683.cif,12
154685,C1 Ca1 F1 K1 O3,187,P-6m2,-62<i>m</i>,154681,1,0,0,1,Trivial,Trivial,0,0,0,40,KCaCO3F,5.13338,5.13338,4.46751,90,90,120,0,0,0,0,0,https://materialsproject.org/materials/icsd/154685,cif/154685.cif,12
154716,O6 Se2 Sn1,205,Pa-3,<i>m</i>-3,154716,1,0,0,0,Trivial,Trivial,0,0,0,208,Sr(NO3)2,8.1725,8.1725,8.1725,90,90,90,0,0,0,3,0,https://materialsproject.org/materials/icsd/154716,cif/154716.cif,24
154752,La2 O7 Zr2,227,Fd-3m,<i>m</i>-3<i>m</i>,15165,1,0,0,0,Trivial,Trivial,0,0,1,144,Pyrochlore-NaCa(Nb2O6)F,10.793,10.793,10.793,90,90,90,2,2,0,6,0,https://materialsproject.org/materials/icsd/154752,cif/154752.cif,192
154802,Ba3 Cr1 N3,176,P63/m,6/<i>m</i>,154802,1,0,0,1,ESFD (SM),ESFD (SM),0,0,0,102,Ba3FeN3,8.201,8.201,5.497,90,90,120,0,0,0,2,0,https://materialsproject.org/materials/icsd/154802,cif/154802.cif,12
154803,Cr1 N3 Sr3,176,P63/m,6/<i>m</i>,154803,1,0,0,1,ESFD (SM),ESFD (SM),0,0,0,102,Ba3FeN3,7.724,7.724,5.249,90,90,120,0,0,0,3,0,https://materialsproject.org/materials/icsd/154803,cif/154803.cif,12
154804,As1 Cl3 F6 S3,2,P-1,-1,154804,0,0,1,1,Trivial,Trivial,0,1,0,172,SCl2SSClAsF6,8.026,10.023,7.609,111.7,115.87,82.36,0,0,0,0,0,https://materialsproject.org/materials/icsd/154804,cif/154804.cif,2
154808,H6 Cu1 O5 Sr1,13,P2/c,2/<i>m</i>,154808,0,0,1,1,ESFD (SM),ESFD (SM),0,0,0,114,,5.458,6.257,7.879,90,108.28,90,0,0,0,0,0,https://materialsproject.org/materials/icsd/154808,cif/154808.cif,4
154994,F2 Pb1,62,Pnma,<i>mmm</i>,14324,1,0,0,1,Trivial,Trivial,0,0,0,72,PbCl2,6.4567,3.9071,7.666,90,90,90,0,0,0,0,0,https://materialsproject.org/materials/icsd/154994,cif/154994.cif,8
154995,F2 Pb1,62,Pnma,<i>mmm</i>,14324,1,0,0,1,Trivial,Trivial,0,0,0,72,PbCl2,6.372,3.868,7.603,90,90,90,0,0,0,0,0,https://materialsproject.org/materials/icsd/154995,cif/154995.cif,8
154996,F2 Pb1,62,Pnma,<i>mmm</i>,14324,1,0,0,1,Trivial,Trivial,0,0,0,72,PbCl2,6.278,3.8294,7.549,90,90,90,0,0,0,0,0,https://materialsproject.org/materials/icsd/154996,cif/154996.cif,8
154997,F2 Pb1,62,Pnma,<i>mmm</i>,14324,1,0,0,1,Trivial,Trivial,0,0,0,72,PbCl2,6.213,3.8088,7.52,90,90,90,0,0,0,0,0,https://materialsproject.org/materials/icsd/154997,cif/154997.cif,8
154998,F2 Pb1,62,Pnma,<i>mmm</i>,14324,1,0,0,1,Trivial,Trivial,0,0,0,72,PbCl2,6.165,3.7963,7.503,90,90,90,0,0,0,0,0,https://materialsproject.org/materials/icsd/154998,cif/154998.cif,8
155004,Ba1 Cl1 F1,129,P4/nmm,4/<i>mmm</i>,155004,0,0,1,0,Trivial,Trivial,0,0,1,48,PbClF,4.45,4.45,7.317,90,90,90,0,0,0,0,0,https://materialsproject.org/materials/icsd/155004,cif/155004.cif,16
155005,Ba1 Br1 F1,129,P4/nmm,4/<i>mmm</i>,1129,1,0,0,0,Trivial,Trivial,0,0,1,48,PbClF,4.536,4.536,7.639,90,90,90,0,0,0,0,0,https://materialsproject.org/materials/icsd/155005,cif/155005.cif,16
155009,F1 I1 Sr1,129,P4/nmm,4/<i>mmm</i>,155009,1,0,0,0,Trivial,Trivial,0,0,1,48,PrOI,4.305,4.305,8.916,90,90,90,0,0,0,0,0,https://materialsproject.org/materials/icsd/155009,cif/155009.cif,16
155010,Cl1 F1 Pb1,129,P4/nmm,4/<i>mmm</i>,155010,1,0,0,0,Trivial,Trivial,0,0,1,36,PbClF,4.163,4.163,7.34,90,90,90,0,0,0,0,0,https://materialsproject.org/materials/icsd/155010,cif/155010.cif,16
155011,Br1 F1 Pb1,129,P4/nmm,4/<i>mmm</i>,155011,1,0,0,0,Trivial,Trivial,0,0,1,36,PbClF,4.231,4.231,7.76,90,90,90,0,0,0,0,0,https://materialsproject.org/materials/icsd/155011,cif/155011.cif,16
155012,F1 I1 Pb1,129,P4/nmm,4/<i>mmm</i>,150193,1,0,0,0,Trivial,Trivial,0,0,1,36,PrOI,4.25,4.25,9.152,90,90,90,0,0,0,0,0,https://materialsproject.org/materials/icsd/155012,cif/155012.cif,16
155126,B1 Li3 N2,141,I41/amd,4/<i>mmm</i>,155126,1,1,0,1,Trivial,Trivial,0,0,0,64,Li3BN2(tI48),6.5992,6.5992,10.3483,90,90,90,0,0,0,3,0,https://materialsproject.org/materials/icsd/155126,cif/155126.cif,32
155127,B1 Li3 N2,141,I41/amd,4/<i>mmm</i>,155126,1,1,0,0,Trivial,Trivial,0,0,1,64,Li3BN2(tI48),6.6224,6.6224,10.3305,90,90,90,0,0,0,3,0,https://materialsproject.org/materials/icsd/155127,cif/155127.cif,32
155151,Fe1 O4 Sb2,135,P42/mbc,4/<i>mmm</i>,155151,1,0,0,1,Trivial,Trivial,0,0,0,168,Minium-Pb3O4,8.5758,8.5758,5.8983,90,90,90,0,0,0,3,0,https://materialsproject.org/materials/icsd/155151,cif/155151.cif,16
155156,B1 Be2 F2 K1 O3,155,R32,32,155156,1,0,0,0,Trivial,Trivial,0,1,0,48,,4.4261,4.4261,18.7617,90,90,120,0,0,0,0,0,https://materialsproject.org/materials/icsd/155156,cif/155156.cif,18
155174,Ba2 Fe1 O6 Re1,139,I4/mmm,4/<i>mmm</i>,155174,1,1,0,1,ESFD (SM),ESFD (SM),0,0,0,71,Cs2Au2Cl6,5.68278,5.68278,8.02337,90,90,90,0,0,0,3,0,https://materialsproject.org/materials/icsd/155174,cif/155174.cif,32
155175,Ba2 Fe1 O6 Re1,225,Fm-3m,<i>m</i>-3<i>m</i>,109252,1,1,0,1,ESFD (SM),ESFD (SM),0,0,0,71,Elpasolite-K2NaAlF6,8.063328,8.063328,8.063328,90,90,90,0,0,0,3,0,https://materialsproject.org/materials/icsd/155175,cif/155175.cif,192
155253,Ba2 O6 Sb1 Y1,225,Fm-3m,<i>m</i>-3<i>m</i>,155253,1,0,0,1,Trivial,Trivial,0,0,0,72,Elpasolite-K2NaAlF6,8.4117,8.4117,8.4117,90,90,90,0,0,0,3,0,https://materialsproject.org/materials/icsd/155253,cif/155253.cif,192
155273,Mo1 Ni1 O6 Sr2,87,I4/m,4/<i>m</i>,155273,1,0,0,1,Trivial,Trivial,0,0,0,72,Sr2NiWO6,5.5473,5.5473,7.897,90,90,90,0,0,0,3,0,https://materialsproject.org/materials/icsd/155273,cif/155273.cif,16
155274,Mo1 Ni1 O6 Sr2,87,I4/m,4/<i>m</i>,155273,1,0,0,1,Trivial,Trivial,0,0,0,72,Sr2NiWO6,5.5266,5.5266,7.9044,90,90,90,0,0,0,3,0,https://materialsproject.org/materials/icsd/155274,cif/155274.cif,16
155282,Li1 Mn2 O4,227,Fd-3m,<i>m</i>-3<i>m</i>,151907,1,0,0,1,ESFD (SM),ESFD (SM),0,0,0,78,Spinel-Al2MgO4,8.24726,8.24726,8.24726,90,90,90,1,1,0,3,0,https://materialsproject.org/materials/icsd/155282,cif/155282.cif,192
155306,Mg1 O6 Sr2 W1,87,I4/m,4/<i>m</i>,151703,1,1,0,1,Trivial,Trivial,0,0,0,64,Sr2NiWO6,5.5882,5.5882,7.9452,90,90,90,0,0,0,3,0,https://materialsproject.org/materials/icsd/155306,cif/155306.cif,16
155307,Mg1 O6 Sr2 W1,87,I4/m,4/<i>m</i>,151703,1,1,0,1,Trivial,Trivial,0,0,0,64,Sr2NiWO6,5.5832,5.5832,7.9468,90,90,90,0,0,0,3,0,https://materialsproject.org/materials/icsd/155307,cif/155307.cif,16
155308,Mg1 O6 Sr2 W1,87,I4/m,4/<i>m</i>,151703,1,1,0,1,Trivial,Trivial,0,0,0,64,Sr2NiWO6,5.5763,5.5763,7.9471,90,90,90,0,0,0,3,0,https://materialsproject.org/materials/icsd/155308,cif/155308.cif,16
155309,Mg1 O6 Sr2 W1,87,I4/m,4/<i>m</i>,151703,1,1,0,1,Trivial,Trivial,0,0,0,64,Sr2NiWO6,5.5717,5.5717,7.9496,90,90,90,0,0,0,3,0,https://materialsproject.org/materials/icsd/155309,cif/155309.cif,16
155310,Mg1 O6 Sr2 W1,87,I4/m,4/<i>m</i>,151703,1,1,0,1,Trivial,Trivial,0,0,0,64,Sr2NiWO6,5.5692,5.5692,7.9514,90,90,90,0,0,0,3,0,https://materialsproject.org/materials/icsd/155310,cif/155310.cif,16
155316,Ba2 O8 Si2 Ti1,100,P4bm,4<i>mm</i>,15715,1,0,0,1,Trivial,Trivial,0,1,0,160,Ba2TiOSi2O7,8.5159,8.5159,5.2184,90,90,90,0,0,0,2,0,https://materialsproject.org/materials/icsd/155316,cif/155316.cif,8
155317,B2 Cu1 O6 Pb2,14,P21/c,2/<i>m</i>,155317,1,0,0,1,ESFD (SM),ESFD (SM),0,0,0,122,,5.6311,8.7628,6.2025,90,115.706,90,0,0,0,2,0,https://materialsproject.org/materials/icsd/155317,cif/155317.cif,4
155346,Ba2 O6 Sb1 Y1,225,Fm-3m,<i>m</i>-3<i>m</i>,155253,1,0,0,1,Trivial,Trivial,0,0,0,72,Elpasolite-K2NaAlF6,8.40955,8.40955,8.40955,90,90,90,0,0,0,3,0,https://materialsproject.org/materials/icsd/155346,cif/155346.cif,192
155423,Ca1 O4 W1,88,I41/a,4/<i>m</i>,15586,1,0,0,0,Trivial,Trivial,0,0,0,64,Scheelite-CaWO4,5.205,5.205,11.275,90,90,90,0,0,0,3,0,https://materialsproject.org/materials/icsd/155423,cif/155423.cif,16
155554,F3 La1,139,I4/mmm,4/<i>mmm</i>,155554,1,0,0,0,Trivial,Trivial,0,0,1,32,LaF3,3.881,3.881,6.083,90,90,90,0,0,0,0,0,https://materialsproject.org/materials/icsd/155554,cif/155554.cif,32
155580,Fe1 Li1 O4 P1,62,Pnma,<i>mmm</i>,153699,0,0,1,1,Trivial,Trivial,0,0,0,152,Olivine-Mg2SiO4,10.32,6.002,4.6885,90,90,90,0,0,0,1,0,https://materialsproject.org/materials/icsd/155580,cif/155580.cif,8
155635,Fe1 Li1 O4 P1,62,Pnma,<i>mmm</i>,153699,0,0,1,1,Trivial,Trivial,0,0,0,152,Olivine-Mg2SiO4,10.3009,5.9925,4.6942,90,90,90,0,0,0,1,0,https://materialsproject.org/materials/icsd/155635,cif/155635.cif,8
155665,Li1 Mn2 O4,227,Fd-3m,<i>m</i>-3<i>m</i>,151907,1,0,0,1,ESFD (SM),ESFD (SM),0,0,0,78,Spinel-Al2MgO4,8.24509,8.24509,8.24509,90,90,90,1,1,0,3,0,https://materialsproject.org/materials/icsd/155665,cif/155665.cif,192
155732,Mo1 Ni1 O6 Sr2,87,I4/m,4/<i>m</i>,155273,1,0,0,1,Trivial,Trivial,0,0,0,72,Sr2NiWO6,5.54726,5.54726,7.89701,90,90,90,0,0,0,3,0,https://materialsproject.org/materials/icsd/155732,cif/155732.cif,16
155733,Mo1 Ni1 O6 Sr2,225,Fm-3m,<i>m</i>-3<i>m</i>,155733,1,0,0,1,ESFD (SM),ESFD (SM),0,0,0,72,Elpasolite-K2NaAlF6,7.9019,7.9019,7.9019,90,90,90,0,0,0,3,0,https://materialsproject.org/materials/icsd/155733,cif/155733.cif,192
155791,Ca1 O4 W1,88,I41/a,4/<i>m</i>,15586,1,0,0,0,Trivial,Trivial,0,0,1,64,Scheelite-CaWO4,5.205,5.205,11.275,90,90,90,0,0,0,3,0,https://materialsproject.org/materials/icsd/155791,cif/155791.cif,16
155817,Ag1 Cs2 F4,64,Cmce,<i>mmm</i>,155817,1,0,0,0,ESFD (SM),ESFD (SM),0,0,0,114,Rb2CuCl4,6.4764,6.4807,14.18704,90,90,90,0,0,0,4,0,https://materialsproject.org/materials/icsd/155817,cif/155817.cif,16
155818,Ag1 Cs2 F4,64,Cmce,<i>mmm</i>,155817,1,0,0,0,ESFD (SM),ESFD (SM),0,0,0,114,Rb2CuCl4,6.4345,6.439,14.1495,90,90,90,0,0,0,4,0,https://materialsproject.org/materials/icsd/155818,cif/155818.cif,16
155831,Cr1 O2,136,P42/mnm,4/<i>mmm</i>,155831,1,0,0,0,Trivial,Trivial,0,0,0,36,Rutile-TiO2,4.371,4.371,2.8967,90,90,90,0,0,0,3,0,https://materialsproject.org/materials/icsd/155831,cif/155831.cif,16
155832,Cr1 O2,58,Pnnm,<i>mmm</i>,155832,1,0,0,0,Trivial,ES (SM),0,0,0,36,CaCl2,4.4874,4.2818,2.8779,90,90,90,0,0,0,3,0,https://materialsproject.org/materials/icsd/155832,cif/155832.cif,8
155834,Co1 O3 Y1,62,Pnma,<i>mmm</i>,155834,1,0,0,1,Trivial,Trivial,0,0,0,152,Perovskite-GdFeO3,5.1372,5.4197,7.3644,90,90,90,0,0,0,3,0,https://materialsproject.org/materials/icsd/155834,cif/155834.cif,8
155835,Co1 O3 Y1,62,Pnma,<i>mmm</i>,155834,1,0,0,1,Trivial,Trivial,0,0,0,152,Perovskite-GdFeO3,5.1593,5.4314,7.3907,90,90,90,0,0,0,3,0,https://materialsproject.org/materials/icsd/155835,cif/155835.cif,8
155836,Co1 O3 Y1,62,Pnma,<i>mmm</i>,155834,1,0,0,1,Trivial,Trivial,0,0,0,152,Perovskite-GdFeO3,5.175,5.4506,7.4043,90,90,90,0,0,0,3,0,https://materialsproject.org/materials/icsd/155836,cif/155836.cif,8
155837,Co1 O3 Y1,62,Pnma,<i>mmm</i>,155834,1,0,0,1,Trivial,Trivial,0,0,0,152,Perovskite-GdFeO3,5.1942,5.4825,7.4232,90,90,90,0,0,0,3,0,https://materialsproject.org/materials/icsd/155837,cif/155837.cif,8
155838,Co1 O3 Y1,62,Pnma,<i>mmm</i>,155834,1,0,0,1,Trivial,Trivial,0,0,0,152,Perovskite-GdFeO3,5.209,5.509,7.4375,90,90,90,0,0,0,3,0,https://materialsproject.org/materials/icsd/155838,cif/155838.cif,8
155839,Co1 Fe1,221,Pm-3m,<i>m</i>-3<i>m</i>,155839,1,0,0,0,ESFD (SM),ESFD (SM),0,0,1,17,CsCl,2.868,2.868,2.868,90,90,90,0,0,0,0,0,https://materialsproject.org/materials/icsd/155839,cif/155839.cif,48
155847,Cr3 O8,12,C2/m,2/<i>m</i>,155847,1,1,0,0,NLC (TI),ES (SM),0,1,1,66,,8.4067,5.2656,6.0462,90,91.03,90,0,0,0,3,0,https://materialsproject.org/materials/icsd/155847,cif/155847.cif,8
155848,Cr3 O8,12,C2/m,2/<i>m</i>,155848,1,0,0,0,Trivial,Trivial,0,0,1,66,,6.7524,5.6422,7.715,90,117.85,90,0,0,0,0,0,https://materialsproject.org/materials/icsd/155848,cif/155848.cif,8
155928,Co1 Si1,221,Pm-3m,<i>m</i>-3<i>m</i>,155928,1,0,0,0,ESFD (SM),ESFD (SM),0,0,0,13,CsCl,2.8162,2.8162,2.8162,90,90,90,0,0,0,0,0,https://materialsproject.org/materials/icsd/155928,cif/155928.cif,48
156236,O8 Si1 Sn6,186,P63mc,6<i>mm</i>,156236,1,0,0,1,Trivial,Trivial,0,1,0,152,,7.3742,7.3742,11.9598,90,90,120,0,0,0,5,0,https://materialsproject.org/materials/icsd/156236,cif/156236.cif,12
156259,Ga1 N1,186,P63mc,6<i>mm</i>,153887,1,0,0,0,Trivial,Trivial,1,0,1,16,Wurtzite-ZnS(2H),3.1596,3.1596,5.1501,90,90,120,0,0,0,0,0,https://materialsproject.org/materials/icsd/156259,cif/156259.cif,12
156338,Ge3 N4,227,Fd-3m,<i>m</i>-3<i>m</i>,156338,1,0,0,0,Trivial,Trivial,1,0,1,64,Spinel-Al2MgO4,8.3125,8.3125,8.3125,90,90,90,1,0,0,3,0,https://materialsproject.org/materials/icsd/156338,cif/156338.cif,192
156366,Cu2 F6 Hg2 S1,227,Fd-3m,<i>m</i>-3<i>m</i>,156366,1,0,0,1,ESFD (SM),ESFD (SM),0,0,0,188,Pyrochlore-NaCa(Nb2O6)F,10.6882,10.6882,10.6882,90,90,90,2,2,0,6,0,https://materialsproject.org/materials/icsd/156366,cif/156366.cif,192
156367,Cu2 F6 Hg2 S1,227,Fd-3m,<i>m</i>-3<i>m</i>,156366,1,0,0,1,ESFD (SM),ESFD (SM),0,0,0,188,Pyrochlore-NaCa(Nb2O6)F,10.6943,10.6943,10.6943,90,90,90,2,2,0,6,0,https://materialsproject.org/materials/icsd/156367,cif/156367.cif,192
156368,Cu2 F6 Hg2 S1,227,Fd-3m,<i>m</i>-3<i>m</i>,156366,1,0,0,1,ESFD (SM),ESFD (SM),0,0,0,188,Pyrochlore-NaCa(Nb2O6)F,10.7154,10.7154,10.7154,90,90,90,2,2,0,6,0,https://materialsproject.org/materials/icsd/156368,cif/156368.cif,192
156481,O8,12,C2/m,2/<i>m</i>,156481,0,0,1,0,Trivial,Trivial,0,0,0,48,O8,8.141,5.747,3.773,90,117.07,90,0,0,0,0,0,https://materialsproject.org/materials/icsd/156481,cif/156481.cif,8
156676,H4 Ag1 Cr2 O10 Sc1,2,P-1,-1,156676,0,0,1,1,Trivial,Trivial,0,0,0,90,,5.586,6.054,7.432,110.74,90.21,117.34,0,0,0,0,0,https://materialsproject.org/materials/icsd/156676,cif/156676.cif,2
156678,H4 Cr4 Cs2 Cu1 O16,2,P-1,-1,156678,0,0,1,1,ESFD (SM),ESFD (SM),0,0,0,153,K2Zn(Cr2O7)2(H2O)2,7.462,7.819,7.847,93.19,99.57,116.34,0,0,0,0,0,https://materialsproject.org/materials/icsd/156678,cif/156678.cif,2
156838,O2 Ti1,141,I41/amd,4/<i>mmm</i>,154601,1,0,0,1,Trivial,Trivial,0,0,0,32,Anatase-TiO2,3.7927,3.7927,9.5091,90,90,90,0,0,0,2,0,https://materialsproject.org/materials/icsd/156838,cif/156838.cif,32
157016,Ga1 O6 Sb1 Sr2,225,Fm-3m,<i>m</i>-3<i>m</i>,157016,1,1,0,1,Trivial,Trivial,0,0,0,64,Elpasolite-K2NaAlF6,7.89169,7.89169,7.89169,90,90,90,0,0,0,3,0,https://materialsproject.org/materials/icsd/157016,cif/157016.cif,192
157017,Ga1 O6 Sb1 Sr2,225,Fm-3m,<i>m</i>-3<i>m</i>,157016,1,1,0,1,Trivial,Trivial,0,0,0,64,Elpasolite-K2NaAlF6,7.89544,7.89544,7.89544,90,90,90,0,0,0,3,0,https://materialsproject.org/materials/icsd/157017,cif/157017.cif,192
157018,Ga1 O6 Sb1 Sr2,225,Fm-3m,<i>m</i>-3<i>m</i>,157016,1,1,0,1,Trivial,Trivial,0,0,0,64,Elpasolite-K2NaAlF6,7.89952,7.89952,7.89952,90,90,90,0,0,0,3,0,https://materialsproject.org/materials/icsd/157018,cif/157018.cif,192
157019,Ga1 O6 Sb1 Sr2,225,Fm-3m,<i>m</i>-3<i>m</i>,157016,1,1,0,1,Trivial,Trivial,0,0,0,64,Elpasolite-K2NaAlF6,7.90344,7.90344,7.90344,90,90,90,0,0,0,3,0,https://materialsproject.org/materials/icsd/157019,cif/157019.cif,192
157020,Mo1 Ni1 O6 Sr2,87,I4/m,4/<i>m</i>,155273,1,0,0,1,Trivial,Trivial,0,0,0,72,Sr2NiWO6,5.54606,5.54606,7.894,90,90,90,0,0,0,3,0,https://materialsproject.org/materials/icsd/157020,cif/157020.cif,16
157021,Mo1 Ni1 O6 Sr2,87,I4/m,4/<i>m</i>,155273,1,0,0,1,Trivial,Trivial,0,0,0,72,Sr2NiWO6,5.54829,5.54829,7.8928,90,90,90,0,0,0,3,0,https://materialsproject.org/materials/icsd/157021,cif/157021.cif,16
157022,Mo1 Ni1 O6 Sr2,87,I4/m,4/<i>m</i>,155273,1,0,0,1,Trivial,Trivial,0,0,0,72,Sr2NiWO6,5.55083,5.55083,7.8907,90,90,90,0,0,0,3,0,https://materialsproject.org/materials/icsd/157022,cif/157022.cif,16
157023,Mo1 Ni1 O6 Sr2,87,I4/m,4/<i>m</i>,155273,1,0,0,1,Trivial,Trivial,0,0,0,72,Sr2NiWO6,5.55329,5.55329,7.8908,90,90,90,0,0,0,3,0,https://materialsproject.org/materials/icsd/157023,cif/157023.cif,16
157024,Mo1 Ni1 O6 Sr2,87,I4/m,4/<i>m</i>,157024,1,0,0,1,SEBR (TI),NLC-SM (SM),0,1,0,72,Sr2NiWO6,5.55858,5.55858,7.89,90,90,90,0,0,0,3,0,https://materialsproject.org/materials/icsd/157024,cif/157024.cif,16
157025,Mo1 Ni1 O6 Sr2,87,I4/m,4/<i>m</i>,155273,1,0,0,1,Trivial,Trivial,0,0,0,72,Sr2NiWO6,5.5642,5.5642,7.8879,90,90,90,0,0,0,3,0,https://materialsproject.org/materials/icsd/157025,cif/157025.cif,16
157026,Mo1 Ni1 O6 Sr2,87,I4/m,4/<i>m</i>,157024,1,0,0,1,SEBR (TI),NLC-SM (SM),0,1,0,72,Sr2NiWO6,5.57061,5.57061,7.8847,90,90,90,0,0,0,3,0,https://materialsproject.org/materials/icsd/157026,cif/157026.cif,16
157027,Mo1 Ni1 O6 Sr2,225,Fm-3m,<i>m</i>-3<i>m</i>,155733,1,0,0,1,ESFD (SM),ESFD (SM),0,0,0,72,Elpasolite-K2NaAlF6,7.8848,7.8848,7.8848,90,90,90,0,0,0,3,0,https://materialsproject.org/materials/icsd/157027,cif/157027.cif,192
157166,C1 H1 K1 O3,2,P-1,-1,157166,0,0,1,0,Trivial,Trivial,0,0,0,64,KHCO3(aP12),6.1443,5.2974,4.2133,95.109,100.743,108.934,0,0,0,0,0,https://materialsproject.org/materials/icsd/157166,cif/157166.cif,2
157301,C1 Ca1 O3,62,Pnma,<i>mmm</i>,15194,0,0,1,0,Trivial,Trivial,0,0,1,96,CaCO3(Pbnm),4.341,6.432,8.424,90,90,90,0,0,0,0,0,https://materialsproject.org/materials/icsd/157301,cif/157301.cif,8
157302,C1 Ca1 O3,62,Pnma,<i>mmm</i>,15194,0,0,1,0,Trivial,Trivial,0,0,1,96,CaCO3(Pbnm),4.531,6.64,8.477,90,90,90,0,0,0,0,0,https://materialsproject.org/materials/icsd/157302,cif/157302.cif,8
157398,Ga1 N1,186,P63mc,6<i>mm</i>,153887,1,0,0,1,Trivial,Trivial,1,0,0,16,Wurtzite-ZnS(2H),3.1972,3.1972,5.207,90,90,120,0,0,0,0,0,https://materialsproject.org/materials/icsd/157398,cif/157398.cif,12
157402,O4 Sr2 Ti1,139,I4/mmm,4/<i>mmm</i>,157402,1,0,0,0,Trivial,Trivial,1,0,1,48,K2MgF4,3.884,3.884,12.6,90,90,90,0,0,1,3,0,https://materialsproject.org/materials/icsd/157402,cif/157402.cif,32
157428,Ca1 O4 W1,88,I41/a,4/<i>m</i>,15586,1,0,0,1,Trivial,Trivial,0,0,0,64,Scheelite-CaWO4,5.241,5.241,11.3632,90,90,90,0,0,0,1,0,https://materialsproject.org/materials/icsd/157428,cif/157428.cif,16
157433,Cu1 F1 S1 Sr1,129,P4/nmm,4/<i>mmm</i>,157433,1,0,0,0,Trivial,Trivial,0,0,0,68,ZrCuSiAs-CuHfSi2,3.957,3.957,8.6598,90,90,90,0,0,0,0,0,https://materialsproject.org/materials/icsd/157433,cif/157433.cif,16
157457,Al2 Ca1 O4,173,P63,6,157457,1,0,0,0,Trivial,Trivial,0,0,0,192,BaMgSiO4,8.7402,8.7402,8.0904,90,90,120,0,0,0,2,0,https://materialsproject.org/materials/icsd/157457,cif/157457.cif,6
157477,Ba5 Nb4 O15,164,P-3m1,-3<i>m</i>,157477,1,0,0,1,Trivial,Trivial,0,0,0,192,Ba5Ta4O15,5.79517,5.79517,11.79163,90,90,120,1,0,0,5,0,https://materialsproject.org/materials/icsd/157477,cif/157477.cif,12
157512,Ga1 N1,186,P63mc,6<i>mm</i>,153887,1,0,0,0,Trivial,Trivial,1,0,1,16,Wurtzite-ZnS(2H),3.18,3.18,5.1834,90,90,120,0,0,0,0,0,https://materialsproject.org/materials/icsd/157512,cif/157512.cif,12
157549,Al1 Bi1 O3,221,Pm-3m,<i>m</i>-3<i>m</i>,157549,1,0,0,0,Trivial,Trivial,0,0,1,26,Perovskite-CaTiO3,3.724,3.724,3.724,90,90,90,1,0,1,3,0,https://materialsproject.org/materials/icsd/157549,cif/157549.cif,48
157550,Bi1 Ga1 O3,221,Pm-3m,<i>m</i>-3<i>m</i>,157550,1,0,0,0,Trivial,Trivial,0,0,1,26,Perovskite-CaTiO3,3.816,3.816,3.816,90,90,90,1,0,1,3,0,https://materialsproject.org/materials/icsd/157550,cif/157550.cif,48
157603,Fe1 Mo1 O6 Sr2,225,Fm-3m,<i>m</i>-3<i>m</i>,157603,1,1,0,1,Trivial,Trivial,0,0,0,70,Elpasolite-K2NaAlF6,7.9072,7.9072,7.9072,90,90,90,0,0,0,3,0,https://materialsproject.org/materials/icsd/157603,cif/157603.cif,192
157756,C1 Bi1 Ca1 F1 O4,54,Pcca,<i>mmm</i>,157756,0,0,1,0,Trivial,Trivial,0,0,0,168,,5.3641,5.3641,13.5771,90,90,90,0,0,0,0,0,https://materialsproject.org/materials/icsd/157756,cif/157756.cif,8
157800,Cr1 Cu1 O2,166,R-3m,-3<i>m</i>,157800,1,0,0,1,ESFD (SM),ESFD (SM),1,1,0,29,Delafossite-NaCrS2,2.9748,2.9748,17.1016,90,90,120,0,0,0,0,0,https://materialsproject.org/materials/icsd/157800,cif/157800.cif,36
157886,O6 Sb1 Sr2 Y1,225,Fm-3m,<i>m</i>-3<i>m</i>,157886,1,1,0,0,Trivial,Trivial,0,0,0,72,Elpasolite-K2NaAlF6,8.249,8.249,8.249,90,90,90,0,0,0,3,0,https://materialsproject.org/materials/icsd/157886,cif/157886.cif,192
157887,O6 Sb1 Sr2 Y1,225,Fm-3m,<i>m</i>-3<i>m</i>,157886,1,1,0,0,Trivial,Trivial,0,0,1,72,Elpasolite-K2NaAlF6,8.405,8.405,8.405,90,90,90,0,0,0,3,0,https://materialsproject.org/materials/icsd/157887,cif/157887.cif,192
157933,Cr1 O4 Y1,141,I41/amd,4/<i>mmm</i>,157933,1,0,0,1,ESFD (SM),ESFD (SM),0,0,0,82,Zircon-ZrSiO4,7.1074,7.1074,6.2486,90,90,90,0,0,0,2,0,https://materialsproject.org/materials/icsd/157933,cif/157933.cif,32
157941,Fe3 Si1,225,Fm-3m,<i>m</i>-3<i>m</i>,157941,1,0,0,0,ES (SM),ES (SM),0,0,1,28,Heusler-AlCu2Mn,5.602,5.602,5.602,90,90,90,0,0,0,0,0,https://materialsproject.org/materials/icsd/157941,cif/157941.cif,192
157982,C2 Ba1 Ca1 O6,4,P21,2,157982,0,0,1,0,Trivial,Trivial,0,1,0,112,CaBa(CO3)2,8.15,5.22,6.58,90,106.13,90,0,0,0,0,0,https://materialsproject.org/materials/icsd/157982,cif/157982.cif,2
157988,O5 V2,31,Pmn21,<i>mm</i>2,15984,1,0,0,0,Trivial,Trivial,0,1,0,80,V2O5,11.48,4.36,3.555,90,90,90,0,0,0,2,0,https://materialsproject.org/materials/icsd/157988,cif/157988.cif,4
157992,C1 Ca1 O3,62,Pnma,<i>mmm</i>,15194,0,0,1,1,Trivial,Trivial,0,0,0,96,Aragonite-CaCO3(oP20),4.96524,7.96358,5.7484,90,90,90,0,0,0,0,0,https://materialsproject.org/materials/icsd/157992,cif/157992.cif,8
157993,C1 Ca1 O3,62,Pnma,<i>mmm</i>,15194,0,0,1,1,Trivial,Trivial,0,0,0,96,Aragonite-CaCO3(oP20),4.96259,7.96782,5.74186,90,90,90,0,0,0,0,0,https://materialsproject.org/materials/icsd/157993,cif/157993.cif,8
157994,C1 Ca1 O3,62,Pnma,<i>mmm</i>,15194,0,0,1,1,Trivial,Trivial,0,0,0,96,Aragonite-CaCO3(oP20),4.96667,7.96437,5.75207,90,90,90,0,0,0,0,0,https://materialsproject.org/materials/icsd/157994,cif/157994.cif,8
157995,C1 Ca1 O3,62,Pnma,<i>mmm</i>,15194,0,0,1,1,Trivial,Trivial,0,0,0,96,Aragonite-CaCO3(oP20),4.96937,7.9591,5.75278,90,90,90,0,0,0,0,0,https://materialsproject.org/materials/icsd/157995,cif/157995.cif,8
157996,C1 Ca1 O3,62,Pnma,<i>mmm</i>,15194,0,0,1,1,Trivial,Trivial,0,0,0,96,Aragonite-CaCO3(oP20),4.963,7.9642,5.74318,90,90,90,0,0,0,0,0,https://materialsproject.org/materials/icsd/157996,cif/157996.cif,8
157997,C1 Ca1 O3,62,Pnma,<i>mmm</i>,15194,0,0,1,1,Trivial,Trivial,0,0,0,96,Aragonite-CaCO3(oP20),4.96883,7.96079,5.75281,90,90,90,0,0,0,0,0,https://materialsproject.org/materials/icsd/157997,cif/157997.cif,8
158194,Ga1 S8 V4,216,F-43m,-43<i>m</i>,158194,1,0,0,1,ESFD (SM),ESFD (SM),0,1,0,71,GaMo4S8(HT),9.66302,9.66302,9.66302,90,90,90,0,0,0,4,0,https://materialsproject.org/materials/icsd/158194,cif/158194.cif,96
158198,Ga1 Mo4 S8,216,F-43m,-43<i>m</i>,158198,1,0,0,1,ESFD (SM),ESFD (SM),0,1,0,75,GaMo4S8(HT),9.7272,9.7272,9.7272,90,90,90,0,0,0,3,0,https://materialsproject.org/materials/icsd/158198,cif/158198.cif,96
158378,C1 Ba1 O3,62,Pnma,<i>mmm</i>,15196,0,0,1,1,Trivial,Trivial,0,0,0,128,Aragonite-CaCO3(oP20),5.3103,8.9122,6.4365,90,90,90,0,0,0,0,0,https://materialsproject.org/materials/icsd/158378,cif/158378.cif,8
158379,C1 Ba1 O3,62,Pnma,<i>mmm</i>,15196,0,0,1,1,Trivial,Trivial,0,0,0,128,Aragonite-CaCO3(oP20),5.314,8.9146,6.4642,90,90,90,0,0,0,0,0,https://materialsproject.org/materials/icsd/158379,cif/158379.cif,8
158380,C1 Ba1 O3,62,Pnma,<i>mmm</i>,15196,0,0,1,1,Trivial,Trivial,0,0,0,128,Aragonite-CaCO3(oP20),5.319,8.9189,6.5019,90,90,90,0,0,0,0,0,https://materialsproject.org/materials/icsd/158380,cif/158380.cif,8
158381,C1 Ba1 O3,62,Pnma,<i>mmm</i>,15196,0,0,1,1,Trivial,Trivial,0,0,0,128,Aragonite-CaCO3(oP20),5.3226,8.9212,6.5374,90,90,90,0,0,0,0,0,https://materialsproject.org/materials/icsd/158381,cif/158381.cif,8
158382,C1 Ba1 O3,62,Pnma,<i>mmm</i>,15196,0,0,1,1,Trivial,Trivial,0,0,0,128,Aragonite-CaCO3(oP20),5.3264,8.9247,6.5751,90,90,90,0,0,0,0,0,https://materialsproject.org/materials/icsd/158382,cif/158382.cif,8
158383,C1 Ba1 O3,62,Pnma,<i>mmm</i>,15196,0,0,1,1,Trivial,Trivial,0,0,0,128,Aragonite-CaCO3(oP20),5.3293,8.9275,6.6076,90,90,90,0,0,0,0,0,https://materialsproject.org/materials/icsd/158383,cif/158383.cif,8
158384,C1 Ba1 O3,62,Pnma,<i>mmm</i>,15196,0,0,1,1,Trivial,Trivial,0,0,0,128,Aragonite-CaCO3(oP20),5.3322,8.931,6.6537,90,90,90,0,0,0,0,0,https://materialsproject.org/materials/icsd/158384,cif/158384.cif,8
158385,C1 Ba1 O3,62,Pnma,<i>mmm</i>,15196,0,0,1,1,Trivial,Trivial,0,0,0,128,Aragonite-CaCO3(oP20),5.3336,8.9354,6.6877,90,90,90,0,0,0,0,0,https://materialsproject.org/materials/icsd/158385,cif/158385.cif,8
158386,C1 Ba1 O3,62,Pnma,<i>mmm</i>,15196,0,0,1,1,Trivial,Trivial,0,0,0,128,Aragonite-CaCO3(oP20),5.3337,8.9361,6.6949,90,90,90,0,0,0,0,0,https://materialsproject.org/materials/icsd/158386,cif/158386.cif,8
158387,C1 Ba1 O3,62,Pnma,<i>mmm</i>,15196,0,0,1,1,Trivial,Trivial,0,0,0,128,Aragonite-CaCO3(oP20),5.3338,8.9403,6.7252,90,90,90,0,0,0,0,0,https://materialsproject.org/materials/icsd/158387,cif/158387.cif,8
158388,C1 Ba1 O3,62,Pnma,<i>mmm</i>,15196,0,0,1,1,Trivial,Trivial,0,0,0,128,Aragonite-CaCO3(oP20),5.3333,8.9417,6.7339,90,90,90,0,0,0,0,0,https://materialsproject.org/materials/icsd/158388,cif/158388.cif,8
158389,C1 Ba1 O3,160,R3m,3<i>m</i>,158389,0,0,1,1,Trivial,Trivial,0,0,0,32,BaCO3(hR5),5.2223,5.2223,10.4829,90,90,120,0,0,0,0,0,https://materialsproject.org/materials/icsd/158389,cif/158389.cif,18
158390,C1 Ba1 O3,160,R3m,3<i>m</i>,158389,0,0,1,1,Trivial,Trivial,0,0,0,32,BaCO3(hR5),5.2212,5.2212,10.4921,90,90,120,0,0,0,0,0,https://materialsproject.org/materials/icsd/158390,cif/158390.cif,18
158647,Mn1 S1,225,Fm-3m,<i>m</i>-3<i>m</i>,18007,1,0,0,0,ESFD (SM),ESFD (SM),0,0,0,13,NaCl,5.2245,5.2245,5.2245,90,90,90,0,0,0,0,0,https://materialsproject.org/materials/icsd/158647,cif/158647.cif,192
158648,Mn1 S1,225,Fm-3m,<i>m</i>-3<i>m</i>,18007,1,0,0,0,ESFD (SM),ESFD (SM),0,0,0,13,NaCl,5.157,5.157,5.157,90,90,90,0,0,0,0,0,https://materialsproject.org/materials/icsd/158648,cif/158648.cif,192
158649,Mn1 S1,225,Fm-3m,<i>m</i>-3<i>m</i>,18007,1,0,0,0,ESFD (SM),ESFD (SM),0,0,0,13,NaCl,5.078,5.078,5.078,90,90,90,0,0,0,0,0,https://materialsproject.org/materials/icsd/158649,cif/158649.cif,192
158650,Mn1 S1,225,Fm-3m,<i>m</i>-3<i>m</i>,18007,1,0,0,0,ESFD (SM),ESFD (SM),0,0,0,13,NaCl,5.022,5.022,5.022,90,90,90,0,0,0,0,0,https://materialsproject.org/materials/icsd/158650,cif/158650.cif,192
158651,Mn1 S1,225,Fm-3m,<i>m</i>-3<i>m</i>,18007,1,0,0,0,ESFD (SM),ESFD (SM),0,0,0,13,NaCl,4.977,4.977,4.977,90,90,90,0,0,0,0,0,https://materialsproject.org/materials/icsd/158651,cif/158651.cif,192
158652,Mn1 S1,225,Fm-3m,<i>m</i>-3<i>m</i>,18007,1,0,0,0,ESFD (SM),ESFD (SM),0,0,0,13,NaCl,4.895,4.895,4.895,90,90,90,0,0,0,0,0,https://materialsproject.org/materials/icsd/158652,cif/158652.cif,192
158756,Al1 Bi1 O3,221,Pm-3m,<i>m</i>-3<i>m</i>,157549,1,0,0,0,Trivial,Trivial,0,0,1,26,Perovskite-CaTiO3,3.723,3.723,3.723,90,90,90,1,0,1,3,0,https://materialsproject.org/materials/icsd/158756,cif/158756.cif,48
158757,Bi1 Ga1 O3,221,Pm-3m,<i>m</i>-3<i>m</i>,157550,1,0,0,0,Trivial,Trivial,0,0,1,26,Perovskite-CaTiO3,3.818,3.818,3.818,90,90,90,1,0,1,3,0,https://materialsproject.org/materials/icsd/158757,cif/158757.cif,48
158758,Bi1 In1 O3,221,Pm-3m,<i>m</i>-3<i>m</i>,158758,1,0,0,0,Trivial,Trivial,0,0,1,26,Perovskite-CaTiO3,4.193,4.193,4.193,90,90,90,1,0,1,4,0,https://materialsproject.org/materials/icsd/158758,cif/158758.cif,48
158759,Bi1 O3 Sc1,221,Pm-3m,<i>m</i>-3<i>m</i>,158759,1,0,0,0,Trivial,Trivial,0,0,1,26,Perovskite-CaTiO3,4.084,4.084,4.084,90,90,90,1,0,1,4,0,https://materialsproject.org/materials/icsd/158759,cif/158759.cif,48
158878,N4 O12 Pd1 Rb2,14,P21/c,2/<i>m</i>,158878,0,0,1,0,Trivial,Trivial,0,0,0,240,,7.843,7.97,9.725,90,100.39,90,0,0,0,0,0,https://materialsproject.org/materials/icsd/158878,cif/158878.cif,4
158901,C1 Ca2 F2 O3,60,Pbcn,<i>mmm</i>,100607,0,0,1,0,Trivial,Trivial,0,0,0,160,Pb2F2CO3,7.65,7.55,6.548,90,90,90,0,0,0,0,0,https://materialsproject.org/materials/icsd/158901,cif/158901.cif,8
158916,Fe1 O4 Sb2,135,P42/mbc,4/<i>mmm</i>,158916,1,0,0,0,ES (SM),ES (SM),0,0,0,168,Minium-Pb3O4,8.59,8.59,5.92,90,90,90,0,0,0,3,0,https://materialsproject.org/materials/icsd/158916,cif/158916.cif,16
158955,Br6 K2 Sn1,225,Fm-3m,<i>m</i>-3<i>m</i>,158955,1,0,0,0,Trivial,Trivial,0,0,0,64,K2PtCl6,10.48,10.48,10.48,90,90,90,0,0,0,0,0,https://materialsproject.org/materials/icsd/158955,cif/158955.cif,192
158976,Cr1 Ge3 La1,194,P63/mmc,6/<i>mmm</i>,158976,1,0,0,1,ESFD (SM),ESFD (SM),0,0,0,58,BaNiO3,6.2004,6.2004,5.766,90,90,120,0,0,0,0,0,https://materialsproject.org/materials/icsd/158976,cif/158976.cif,24
159107,Fe1 Li1 O4 P1,62,Pnma,<i>mmm</i>,153699,0,0,1,1,Trivial,ES (SM),0,1,0,152,Olivine-Mg2SiO4,10.3297,6.0115,4.7017,90,90,90,0,0,0,0,0,https://materialsproject.org/materials/icsd/159107,cif/159107.cif,8
159177,H3 Cs1 Mg1,59,Pmmn,<i>mmm</i>,159177,1,0,0,0,Trivial,Trivial,0,0,1,84,CsMgH3,9.9922,6.1405,8.5768,90,90,90,0,0,0,2,0,https://materialsproject.org/materials/icsd/159177,cif/159177.cif,8
159207,N4 Si3,159,P31c,3<i>m</i>,159207,1,0,0,0,ES (SM),ESFD (SM),0,1,1,128,Si3N4(P31c),7.8099,7.8099,5.6545,90,90,120,0,0,0,2,0,https://materialsproject.org/materials/icsd/159207,cif/159207.cif,6
159250,Ga1 N1,186,P63mc,6<i>mm</i>,153887,1,0,0,0,Trivial,Trivial,1,1,0,16,Nickeline-NiAs,3.172,3.172,5.175,90,90,120,0,0,0,0,0,https://materialsproject.org/materials/icsd/159250,cif/159250.cif,12
159266,Cr1 O4 Sr1,14,P21/c,2/<i>m</i>,159266,0,0,1,0,Trivial,Trivial,0,0,0,160,Monazite-CePO4(mP),7.0897,7.3939,6.7553,90,103.197,90,0,0,0,0,0,https://materialsproject.org/materials/icsd/159266,cif/159266.cif,4
159280,F1 I1 Sr1,129,P4/nmm,4/<i>mmm</i>,155009,1,0,0,0,Trivial,Trivial,0,0,1,48,PrOI,4.296,4.296,8.888,90,90,90,0,0,0,0,0,https://materialsproject.org/materials/icsd/159280,cif/159280.cif,16
159321,La2 O7 Zr2,227,Fd-3m,<i>m</i>-3<i>m</i>,15165,1,0,0,0,Trivial,Trivial,0,0,1,144,Pyrochlore-NaCa(Nb2O6)F,10.882,10.882,10.882,90,90,90,2,2,0,6,0,https://materialsproject.org/materials/icsd/159321,cif/159321.cif,192
159351,C2 H6 Ca1 O7,2,P-1,-1,159351,0,0,1,0,Trivial,Trivial,0,0,0,116,CaC2O4(H2O)3,7.145,8.6,6.099,112.3,108.87,89.92,0,0,0,0,0,https://materialsproject.org/materials/icsd/159351,cif/159351.cif,2
159390,F6 K3 N1 O3 Si1,194,P63/mmc,6/<i>mmm</i>,159390,0,0,1,1,Trivial,Trivial,0,0,0,192,BaFeO2+x,5.6268,5.6268,14.5186,90,90,120,0,0,0,0,0,https://materialsproject.org/materials/icsd/159390,cif/159390.cif,24
159479,H2 K1 O9 S2 Ti1,11,P21/m,2/<i>m</i>,159479,0,0,1,1,ESFD (SM),ESFD (SM),0,1,0,162,KFe(SO4)2H2O,7.6492,5.258,9.0485,90,101.742,90,0,0,0,0,0,https://materialsproject.org/materials/icsd/159479,cif/159479.cif,4
159550,Mg1 O3 Si1,14,P21/c,2/<i>m</i>,15805,1,0,0,0,Trivial,Trivial,0,0,1,192,,6.928,6,3.464,90,109.47,90,0,0,0,0,0,https://materialsproject.org/materials/icsd/159550,cif/159550.cif,4
159551,Mg1 O3 Si1,14,P21/c,2/<i>m</i>,15805,1,0,0,0,Trivial,Trivial,0,0,1,192,Pyroxene-MgSiO3-LT,7.559,6.928,4,90,105.3,90,0,0,0,1,0,https://materialsproject.org/materials/icsd/159551,cif/159551.cif,4
159552,Mg1 O3 Si1,14,P21/c,2/<i>m</i>,15805,1,0,0,0,Trivial,Trivial,0,0,1,192,Pyroxene-MgSiO3-LT,9.725,8.872,5.122,90,108.9,90,0,0,0,2,0,https://materialsproject.org/materials/icsd/159552,cif/159552.cif,4
159553,Mg1 O3 Si1,14,P21/c,2/<i>m</i>,15805,1,0,0,0,Trivial,Trivial,0,0,1,192,Pyroxene-MgSiO3-LT,9.764,8.953,5.169,90,108.8,90,0,0,0,2,0,https://materialsproject.org/materials/icsd/159553,cif/159553.cif,4
159678,H6 B1 N1,31,Pmn21,<i>mm</i>2,159678,0,0,1,1,Trivial,Trivial,0,0,0,28,NH3BH3,5.541,4.705,5.0237,90,90,90,0,0,0,0,0,https://materialsproject.org/materials/icsd/159678,cif/159678.cif,4
159910,O2 Ti1,141,I41/amd,4/<i>mmm</i>,154601,1,0,0,1,Trivial,Trivial,0,0,0,32,Anatase-TiO2,3.7927,3.7927,9.5091,90,90,90,0,0,0,2,0,https://materialsproject.org/materials/icsd/159910,cif/159910.cif,32
159955,Mg2 O4 Si1,74,Imma,<i>mmm</i>,100725,1,0,0,1,Trivial,Trivial,0,0,0,128,Mn2GeO4,5.7008,11.4407,8.2582,90,90,90,0,0,0,3,0,https://materialsproject.org/materials/icsd/159955,cif/159955.cif,16
160108,Si1 Sr1,123,P4/mmm,4/<i>mmm</i>,160108,1,0,0,0,ES (SM),ESFD (SM),0,0,1,14,HgMn,4.926,4.926,4.414,90,90,90,0,0,0,0,0,https://materialsproject.org/materials/icsd/160108,cif/160108.cif,16
160148,Ge1 Na2 O5 Ti1,129,P4/nmm,4/<i>mmm</i>,20129,1,0,0,0,Trivial,Trivial,0,0,0,80,Li2TiSiO5,6.6481,6.6481,5.153,90,90,90,0,0,0,2,0,https://materialsproject.org/materials/icsd/160148,cif/160148.cif,16
160149,Ge1 Na2 O5 Ti1,59,Pmmn,<i>mmm</i>,160149,1,0,0,1,Trivial,Trivial,0,0,0,80,,6.664,6.643,5.125,90,90,90,0,0,0,2,0,https://materialsproject.org/materials/icsd/160149,cif/160149.cif,8
160172,Ba2 O6 Ta1 Y1,225,Fm-3m,<i>m</i>-3<i>m</i>,160172,1,0,0,1,Trivial,Trivial,0,0,0,72,Elpasolite-K2NaAlF6,8.43539,8.43539,8.43539,90,90,90,0,0,0,3,0,https://materialsproject.org/materials/icsd/160172,cif/160172.cif,192
160196,Cr1 O3 Pb1,221,Pm-3m,<i>m</i>-3<i>m</i>,160196,1,0,0,1,ESFD (SM),ESFD (SM),0,0,0,28,Perovskite-CaTiO3,4.002,4.002,4.002,90,90,90,1,0,1,3,0,https://materialsproject.org/materials/icsd/160196,cif/160196.cif,48
160233,Ga1 La1 O3,62,Pnma,<i>mmm</i>,153307,1,0,0,1,Trivial,Trivial,0,0,0,128,Perovskite-GdFeO3,5.52288,5.49293,7.77302,90,90,90,0,0,0,3,0,https://materialsproject.org/materials/icsd/160233,cif/160233.cif,8
160234,Ga1 La1 O3,62,Pnma,<i>mmm</i>,153307,1,0,0,1,Trivial,Trivial,0,0,0,128,Perovskite-GdFeO3,5.51402,5.47813,7.75004,90,90,90,0,0,0,3,0,https://materialsproject.org/materials/icsd/160234,cif/160234.cif,8
160235,Ga1 La1 O3,62,Pnma,<i>mmm</i>,153307,1,0,0,1,Trivial,Trivial,0,0,0,128,Perovskite-GdFeO3,5.50819,5.46937,7.73832,90,90,90,0,0,0,3,0,https://materialsproject.org/materials/icsd/160235,cif/160235.cif,8
160321,Cu1 Li2 O7 P2,15,C2/c,2/<i>m</i>,160321,1,0,0,1,ESFD (SM),ESFD (SM),0,1,0,130,Na2PdP2O7,15.336,4.8733,8.6259,90,114.795,90,0,0,0,2,0,https://materialsproject.org/materials/icsd/160321,cif/160321.cif,8
160378,C1 Al1 Sc2,194,P63/mmc,6/<i>mmm</i>,160378,1,0,0,0,ESFD (SM),ESFD (SM),0,0,1,26,AlCr2C,3.2275,3.2275,14.8729,90,90,120,0,0,0,8,0,https://materialsproject.org/materials/icsd/160378,cif/160378.cif,24
160380,C1 In1 Sc2,194,P63/mmc,6/<i>mmm</i>,160380,1,0,0,0,ESFD (SM),ESFD (SM),0,0,1,26,AlCr2C,3.2752,3.2752,15.082,90,90,120,0,0,0,8,0,https://materialsproject.org/materials/icsd/160380,cif/160380.cif,24
160430,B1 F22 K3 Na4 Si3,44,Imm2,<i>mm</i>2,160430,0,0,1,0,Trivial,Trivial,0,0,0,200,,5.522,17.106,9.175,90,90,90,0,0,0,1,0,https://materialsproject.org/materials/icsd/160430,cif/160430.cif,8
160691,C1 Cr2 La1 Si2,123,P4/mmm,4/<i>mmm</i>,160691,1,0,0,0,ESFD (SM),ESFD (SM),0,0,0,35,CeCr2Si2C,4.0646,4.0646,5.4196,90,90,90,0,0,1,2,0,https://materialsproject.org/materials/icsd/160691,cif/160691.cif,16
160705,Co1 In1 Mn2,216,F-43m,-43<i>m</i>,160705,1,0,0,0,Trivial,ESFD (SM),0,1,0,26,CuHg2Ti,6.142,6.142,6.142,90,90,90,0,0,0,0,0,https://materialsproject.org/materials/icsd/160705,cif/160705.cif,96
160706,Co1 Mn2 Si1,216,F-43m,-43<i>m</i>,160706,1,0,0,0,ESFD (SM),ESFD (SM),0,1,1,27,CuHg2Ti,5.8,5.8,5.8,90,90,90,0,0,0,0,0,https://materialsproject.org/materials/icsd/160706,cif/160706.cif,96
160707,Co1 Ge1 Mn2,216,F-43m,-43<i>m</i>,160707,1,0,0,0,ESFD (SM),ESFD (SM),0,1,0,27,CuHg2Ti,5.8,5.8,5.8,90,90,90,0,0,0,0,0,https://materialsproject.org/materials/icsd/160707,cif/160707.cif,96
160708,Co1 Mn2 Sn1,216,F-43m,-43<i>m</i>,160708,1,0,0,0,ESFD (SM),ESFD (SM),0,1,0,27,CuHg2Ti,6.0588,6.0588,6.0588,90,90,90,0,0,0,0,0,https://materialsproject.org/materials/icsd/160708,cif/160708.cif,96
160709,Co1 Mn2 Sb1,216,F-43m,-43<i>m</i>,160709,1,0,0,0,Trivial,Trivial,0,1,0,28,CuHg2Ti,5.9042,5.9042,5.9042,90,90,90,0,0,0,0,0,https://materialsproject.org/materials/icsd/160709,cif/160709.cif,96
160776,Fe1 Li1 O4 P1,62,Pnma,<i>mmm</i>,153699,0,0,1,1,Trivial,Trivial,0,0,0,152,Olivine-Mg2SiO4,10.3296,6.0116,4.7018,90,90,90,0,0,0,1,0,https://materialsproject.org/materials/icsd/160776,cif/160776.cif,8
160793,Cr1 O4 Sr1,14,P21/c,2/<i>m</i>,159266,0,0,1,1,Trivial,Trivial,0,0,0,160,Monazite-CePO4(mP),6.73,7.33,7.07,90,103.9,90,0,0,0,0,0,https://materialsproject.org/materials/icsd/160793,cif/160793.cif,4
160822,Al1 Cs1 O4 Si1,33,Pna21,<i>mm</i>2,160822,1,0,0,1,Trivial,Trivial,0,0,0,160,KNiPO4,9.414,5.435,8.875,90,90,90,0,0,0,4,0,https://materialsproject.org/materials/icsd/160822,cif/160822.cif,4
160823,Al1 O4 Rb1 Si1,33,Pna21,<i>mm</i>2,160823,1,0,0,1,Trivial,Trivial,0,1,0,160,KNiPO4,9.217,5.321,8.724,90,90,90,0,0,0,4,0,https://materialsproject.org/materials/icsd/160823,cif/160823.cif,4
160894,H1 As1 Cu1 O5 Zn1,58,Pnnm,<i>mmm</i>,160894,1,0,0,0,Trivial,Trivial,0,0,0,236,Al2SiO5-Andalusite,8.5839,8.529,5.9696,90,90,90,0,0,0,2,0,https://materialsproject.org/materials/icsd/160894,cif/160894.cif,8
160914,H12 Fe5 La1,191,P6/mmm,6/<i>mmm</i>,160914,1,0,0,0,ESFD (SM),ESFD (SM),0,0,1,63,,5.762,5.762,4.222,90,90,120,1,0,0,1,0,https://materialsproject.org/materials/icsd/160914,cif/160914.cif,24
160942,O7 P2 V1,15,C2/c,2/<i>m</i>,160942,1,0,0,1,ESFD (SM),ESFD (SM),0,0,0,114,VO(PO3)3,15.0924,4.1919,9.5706,90,126.464,90,0,0,0,1,0,https://materialsproject.org/materials/icsd/160942,cif/160942.cif,8
160943,O7 P2 V1,15,C2/c,2/<i>m</i>,160942,1,0,0,1,ESFD (SM),ESFD (SM),0,1,0,114,VO(PO3)3,15.2226,4.2511,9.6543,90,126.877,90,0,0,0,1,0,https://materialsproject.org/materials/icsd/160943,cif/160943.cif,8
160944,O7 P2 V1,15,C2/c,2/<i>m</i>,160942,1,0,0,1,ESFD (SM),ESFD (SM),0,0,0,114,VO(PO3)3,15.4226,4.3272,9.7763,90,127.494,90,0,0,0,1,0,https://materialsproject.org/materials/icsd/160944,cif/160944.cif,8
161017,H2 Li1 N1,82,I-4,-4,10354,0,0,1,0,Trivial,Trivial,0,0,0,32,LiNH2,5.03442,5.03442,10.25558,90,90,90,0,0,0,0,0,https://materialsproject.org/materials/icsd/161017,cif/161017.cif,8
161023,Mg2 O4 Si1,227,Fd-3m,<i>m</i>-3<i>m</i>,161023,1,0,0,0,Trivial,Trivial,0,0,1,64,Spinel-Al2MgO4,8.0351,8.0351,8.0351,90,90,90,1,1,0,3,0,https://materialsproject.org/materials/icsd/161023,cif/161023.cif,192
161057,Al2 Mg1 O4,63,Cmcm,<i>mmm</i>,161057,1,0,0,0,Trivial,Trivial,0,0,1,64,,2.803,9.261,9.458,90,90,90,0,0,0,3,0,https://materialsproject.org/materials/icsd/161057,cif/161057.cif,16
161063,C1 Sn1 Ti2,194,P63/mmc,6/<i>mmm</i>,161063,1,0,0,0,SEBR (TI),ESFD (SM),0,0,1,32,AlCr2C,3.0961,3.0961,13.4041,90,90,120,0,0,0,6,0,https://materialsproject.org/materials/icsd/161063,cif/161063.cif,24
161064,C1 Sn1 Ti2,194,P63/mmc,6/<i>mmm</i>,161063,1,0,0,0,SEBR (TI),ESFD (SM),0,0,1,32,AlCr2C,3.0374,3.0374,13.1766,90,90,120,0,0,0,6,0,https://materialsproject.org/materials/icsd/161064,cif/161064.cif,24
161077,N1 Y1,216,F-43m,-43<i>m</i>,161077,1,0,0,0,Trivial,Trivial,0,1,1,16,Sphalerite-ZnS(cF8),5.19669,5.19669,5.19669,90,90,90,0,0,0,0,0,https://materialsproject.org/materials/icsd/161077,cif/161077.cif,96
161080,F2 Pb1,62,Pnma,<i>mmm</i>,14324,1,0,0,0,Trivial,Trivial,0,0,0,72,PbCl2,6.438,3.897,7.65,90,90,90,0,0,0,0,0,https://materialsproject.org/materials/icsd/161080,cif/161080.cif,8
161099,Bi2 O7 Rh2,227,Fd-3m,<i>m</i>-3<i>m</i>,161099,1,0,0,0,ESFD (SM),ESFD (SM),0,0,1,140,Pyrochlore-NaCa(Nb2O6)F,10.19,10.19,10.19,90,90,90,2,2,0,5,0,https://materialsproject.org/materials/icsd/161099,cif/161099.cif,192
161100,Bi2 O7 Ti2,227,Fd-3m,<i>m</i>-3<i>m</i>,161100,1,0,0,0,Trivial,Trivial,0,0,1,120,Pyrochlore-NaCa(Nb2O6)F,10.23,10.23,10.23,90,90,90,2,2,0,6,0,https://materialsproject.org/materials/icsd/161100,cif/161100.cif,192
161102,Bi2 O7 Ru2,227,Fd-3m,<i>m</i>-3<i>m</i>,161102,1,0,0,0,Trivial,Trivial,0,0,1,136,Pyrochlore-NaCa(Nb2O6)F,10.205,10.205,10.205,90,90,90,2,2,0,5,0,https://materialsproject.org/materials/icsd/161102,cif/161102.cif,192
161103,Bi2 Ir2 O7,227,Fd-3m,<i>m</i>-3<i>m</i>,161103,1,0,0,0,ESFD (SM),ESFD (SM),0,0,1,140,Pyrochlore-NaCa(Nb2O6)F,10.25,10.25,10.25,90,90,90,2,2,0,5,0,https://materialsproject.org/materials/icsd/161103,cif/161103.cif,192
161104,Bi2 O7 Pt2,227,Fd-3m,<i>m</i>-3<i>m</i>,161104,1,1,0,0,Trivial,Trivial,0,0,1,144,Pyrochlore-NaCa(Nb2O6)F,10.345,10.345,10.345,90,90,90,2,2,0,6,0,https://materialsproject.org/materials/icsd/161104,cif/161104.cif,192
161109,Fe1 Sn1,191,P6/mmm,6/<i>mmm</i>,103634,1,0,0,0,ES (SM),ESFD (SM),0,0,0,36,CoSn,5.297,5.297,4.4494,90,90,120,1,0,0,0,0,https://materialsproject.org/materials/icsd/161109,cif/161109.cif,24
161110,Co1 Sn1,191,P6/mmm,6/<i>mmm</i>,102671,1,0,0,0,ESFD (SM),ESFD (SM),0,0,0,39,CoSn,5.2794,5.2794,4.2598,90,90,120,1,0,0,0,0,https://materialsproject.org/materials/icsd/161110,cif/161110.cif,24
161111,In1 Ni1,191,P6/mmm,6/<i>mmm</i>,161111,1,1,0,0,ESFD (SM),ESFD (SM),0,0,0,39,CoSn,5.2436,5.2436,4.3505,90,90,120,1,0,0,0,0,https://materialsproject.org/materials/icsd/161111,cif/161111.cif,24
161112,Fe1 Sn1,191,P6/mmm,6/<i>mmm</i>,103634,1,0,0,0,ES (SM),ESFD (SM),0,0,1,36,CoSn,5.283,5.283,4.454,90,90,120,1,0,0,0,0,https://materialsproject.org/materials/icsd/161112,cif/161112.cif,24
161113,Co1 Sn1,191,P6/mmm,6/<i>mmm</i>,102671,1,0,0,0,ESFD (SM),ESFD (SM),0,0,1,39,CoSn,5.302,5.302,4.226,90,90,120,1,0,0,0,0,https://materialsproject.org/materials/icsd/161113,cif/161113.cif,24
161114,In1 Ni1,191,P6/mmm,6/<i>mmm</i>,161111,1,1,0,0,ESFD (SM),ESFD (SM),0,0,1,39,CoSn,5.287,5.287,4.383,90,90,120,1,0,0,0,0,https://materialsproject.org/materials/icsd/161114,cif/161114.cif,24
161115,Co1 Sn1,191,P6/mmm,6/<i>mmm</i>,102671,1,0,0,0,ESFD (SM),ESFD (SM),0,0,0,39,CoSn,5.224,5.224,4.207,90,90,120,1,0,0,0,0,https://materialsproject.org/materials/icsd/161115,cif/161115.cif,24
161116,Co1 Sn1,191,P6/mmm,6/<i>mmm</i>,102671,1,0,0,0,ESFD (SM),ESFD (SM),0,0,0,39,CoSn,5.074,5.074,4.075,90,90,120,1,0,0,0,0,https://materialsproject.org/materials/icsd/161116,cif/161116.cif,24
161117,Co1 Sn1,191,P6/mmm,6/<i>mmm</i>,102671,1,0,0,0,ESFD (SM),ESFD (SM),0,0,1,39,CoSn,5.234,5.234,4.166,90,90,120,1,0,0,0,0,https://materialsproject.org/materials/icsd/161117,cif/161117.cif,24
161118,Co1 Sn1,191,P6/mmm,6/<i>mmm</i>,102671,1,0,0,0,ESFD (SM),ESFD (SM),0,0,1,39,CoSn,4.942,4.942,3.944,90,90,120,1,0,0,0,0,https://materialsproject.org/materials/icsd/161118,cif/161118.cif,24
161119,Fe1 Sn1,191,P6/mmm,6/<i>mmm</i>,103634,1,0,0,0,ES (SM),ESFD (SM),0,0,0,36,CoSn,5.156,5.156,4.311,90,90,120,1,0,0,0,0,https://materialsproject.org/materials/icsd/161119,cif/161119.cif,24
161120,Fe1 Sn1,191,P6/mmm,6/<i>mmm</i>,103634,1,0,0,0,ES (SM),ESFD (SM),0,0,0,36,CoSn,5.019,5.019,4.176,90,90,120,1,0,0,0,0,https://materialsproject.org/materials/icsd/161120,cif/161120.cif,24
161121,Fe1 Sn1,191,P6/mmm,6/<i>mmm</i>,103634,1,0,0,0,ES (SM),ESFD (SM),0,0,1,36,CoSn,5.107,5.107,4.275,90,90,120,1,0,0,0,0,https://materialsproject.org/materials/icsd/161121,cif/161121.cif,24
161122,Fe1 Sn1,191,P6/mmm,6/<i>mmm</i>,103634,1,0,0,0,ES (SM),ESFD (SM),0,0,1,36,CoSn,4.906,4.906,4.043,90,90,120,1,0,0,0,0,https://materialsproject.org/materials/icsd/161122,cif/161122.cif,24
161123,In1 Ni1,191,P6/mmm,6/<i>mmm</i>,161111,1,1,0,0,ESFD (SM),ESFD (SM),0,0,0,39,CoSn,5.069,5.069,4.202,90,90,120,1,0,0,0,0,https://materialsproject.org/materials/icsd/161123,cif/161123.cif,24
161124,In1 Ni1,191,P6/mmm,6/<i>mmm</i>,161111,1,1,0,0,ESFD (SM),ESFD (SM),0,0,0,39,CoSn,4.968,4.968,4.154,90,90,120,1,0,0,0,0,https://materialsproject.org/materials/icsd/161124,cif/161124.cif,24
161125,In1 Ni1,191,P6/mmm,6/<i>mmm</i>,161111,1,1,0,0,ESFD (SM),ESFD (SM),0,0,1,39,CoSn,5.073,5.073,4.195,90,90,120,1,0,0,0,0,https://materialsproject.org/materials/icsd/161125,cif/161125.cif,24
161126,In1 Ni1,191,P6/mmm,6/<i>mmm</i>,161111,1,1,0,0,ESFD (SM),ESFD (SM),0,0,1,39,CoSn,4.819,4.819,3.981,90,90,120,1,0,0,0,0,https://materialsproject.org/materials/icsd/161126,cif/161126.cif,24
161133,Fe2 Si1,164,P-3m1,-3<i>m</i>,161133,1,0,0,0,SEBR (TI),ES (SM),0,0,1,40,Fe2Si(HT),3.921,3.921,4.881,90,90,120,0,0,0,0,0,https://materialsproject.org/materials/icsd/161133,cif/161133.cif,12
161272,Al1 F3 K2 O4 S1,60,Pbcn,<i>mmm</i>,161272,0,0,1,0,Trivial,Trivial,0,0,0,288,,10.81,8.336,6.822,90,90,90,0,0,0,4,0,https://materialsproject.org/materials/icsd/161272,cif/161272.cif,8
161340,Ba1 O3 Ti1,99,P4mm,4<i>mm</i>,15453,1,0,0,1,Trivial,Trivial,0,0,0,32,Perovskite-PbTiO3,3.9988,3.9988,4.0222,90,90,90,0,0,0,3,0,https://materialsproject.org/materials/icsd/161340,cif/161340.cif,8
161341,Ba1 O3 Ti1,38,Amm2,<i>mm</i>2,154346,1,0,0,1,Trivial,ES (SM),0,1,0,32,,4.0094,5.6214,5.6386,90,90,90,0,0,0,3,0,https://materialsproject.org/materials/icsd/161341,cif/161341.cif,8
161391,F2 Pb1,62,Pnma,<i>mmm</i>,14324,1,0,0,0,Trivial,Trivial,0,0,0,72,PbCl2,6.408,3.877,7.647,90,90,90,0,0,0,0,0,https://materialsproject.org/materials/icsd/161391,cif/161391.cif,8
161392,F2 Pb1,62,Pnma,<i>mmm</i>,14324,1,0,0,0,Trivial,Trivial,0,0,0,72,PbCl2,6.442,3.898,7.653,90,90,90,0,0,0,0,0,https://materialsproject.org/materials/icsd/161392,cif/161392.cif,8
161393,F2 Pb1,62,Pnma,<i>mmm</i>,14324,1,0,0,0,Trivial,Trivial,0,0,0,72,PbCl2,6.404,3.876,7.648,90,90,90,0,0,0,0,0,https://materialsproject.org/materials/icsd/161393,cif/161393.cif,8
161394,F2 Pb1,62,Pnma,<i>mmm</i>,14324,1,0,0,0,Trivial,Trivial,0,0,0,72,PbCl2,6.442,3.896,7.651,90,90,90,0,0,0,0,0,https://materialsproject.org/materials/icsd/161394,cif/161394.cif,8
161418,Ba1 O3 Ti1,99,P4mm,4<i>mm</i>,15453,1,0,0,1,Trivial,Trivial,0,0,0,32,Perovskite-PbTiO3,3.9988,3.9988,4.0222,90,90,90,0,0,0,3,0,https://materialsproject.org/materials/icsd/161418,cif/161418.cif,8
161419,Ba1 O3 Ti1,38,Amm2,<i>mm</i>2,154346,1,0,0,1,Trivial,ES (SM),0,1,0,32,Perovskite-BaTiO3(orh),4.0094,5.6214,5.6386,90,90,90,0,0,0,3,0,https://materialsproject.org/materials/icsd/161419,cif/161419.cif,8
161479,Fe1 Li1 O4 P1,62,Pnma,<i>mmm</i>,153699,0,0,1,1,Trivial,Trivial,0,0,0,152,Olivine-Mg2SiO4,10.3229,6.0052,4.6939,90,90,90,0,0,0,3,0,https://materialsproject.org/materials/icsd/161479,cif/161479.cif,8
161593,Hf1 O3 Sr1,221,Pm-3m,<i>m</i>-3<i>m</i>,161593,1,0,0,0,Trivial,Trivial,0,0,1,32,Perovskite-CaTiO3,4.0609,4.0609,4.0609,90,90,90,1,0,1,3,0,https://materialsproject.org/materials/icsd/161593,cif/161593.cif,48
161594,Hf1 O3 Sr1,99,P4mm,4<i>mm</i>,161594,1,0,0,0,Trivial,Trivial,0,0,1,32,Perovskite-PbTiO3,4.0439,4.0439,4.109,90,90,90,0,0,0,3,0,https://materialsproject.org/materials/icsd/161594,cif/161594.cif,8
161702,Hf1 O3 Pb1,221,Pm-3m,<i>m</i>-3<i>m</i>,161702,1,0,0,1,Trivial,Trivial,0,0,0,26,Perovskite-CaTiO3,4.1372,4.1372,4.1372,90,90,90,1,0,1,4,0,https://materialsproject.org/materials/icsd/161702,cif/161702.cif,48
161709,O3 Pb1 Ti1,99,P4mm,4<i>mm</i>,1610,1,0,0,0,Trivial,Trivial,0,1,0,26,Perovskite-PbTiO3,3.901,3.901,4.151,90,90,90,0,0,0,5,0,https://materialsproject.org/materials/icsd/161709,cif/161709.cif,8
161737,Mg1 Sc1,221,Pm-3m,<i>m</i>-3<i>m</i>,108583,1,0,0,0,ESFD (SM),ESFD (SM),0,0,1,5,CsCl,3.5801,3.5801,3.5801,90,90,90,0,0,0,0,0,https://materialsproject.org/materials/icsd/161737,cif/161737.cif,48
161754,Co1 N1,216,F-43m,-43<i>m</i>,161754,1,0,0,0,ESFD (SM),ESFD (SM),0,1,1,14,Sphalerite-ZnS(cF8),4.297,4.297,4.297,90,90,90,0,0,0,0,0,https://materialsproject.org/materials/icsd/161754,cif/161754.cif,96
161782,Ga1 La1 O3,62,Pnma,<i>mmm</i>,153307,1,0,0,0,Trivial,Trivial,0,0,1,128,Perovskite-GdFeO3,5.511,7.7641,5.4988,90,90,90,0,0,0,3,0,https://materialsproject.org/materials/icsd/161782,cif/161782.cif,8
161817,C1 Ca1 O3,62,Pnma,<i>mmm</i>,15194,0,0,1,0,Trivial,Trivial,0,0,1,96,Aragonite-CaCO3(oP20),5.0192,8.0393,5.7952,90,90,90,0,0,0,0,0,https://materialsproject.org/materials/icsd/161817,cif/161817.cif,8
161908,O2 Ti1,141,I41/amd,4/<i>mmm</i>,154601,1,0,0,0,Trivial,Trivial,0,0,1,32,Anatase-TiO2,3.838,3.838,9.64249,90,90,90,0,0,0,2,0,https://materialsproject.org/materials/icsd/161908,cif/161908.cif,32
161910,Co1 La1 O1 P1,129,P4/nmm,4/<i>mmm</i>,161910,1,0,0,0,ESFD (SM),ESFD (SM),0,0,1,62,ZrCuSiAs-CuHfSi2,3.94,3.94,8.376,90,90,90,0,0,0,0,0,https://materialsproject.org/materials/icsd/161910,cif/161910.cif,16
161911,Co1 La1 O1 P1,129,P4/nmm,4/<i>mmm</i>,161910,1,0,0,0,ESFD (SM),ESFD (SM),0,0,0,62,ZrCuSiAs-CuHfSi2,3.9681,3.9681,8.3779,90,90,90,0,0,0,0,0,https://materialsproject.org/materials/icsd/161911,cif/161911.cif,16
161928,La1 Mn1 O3,62,Pnma,<i>mmm</i>,161928,1,0,0,0,Trivial,ES (SM),0,1,0,144,Perovskite-GdFeO3,5.505,7.807,5.544,90,90,90,0,0,0,3,0,https://materialsproject.org/materials/icsd/161928,cif/161928.cif,8
161929,La1 Mn1 O3,62,Pnma,<i>mmm</i>,161928,1,0,0,0,Trivial,ES (SM),0,1,0,144,Perovskite-GdFeO3,5.4975,7.7889,5.5405,90,90,90,0,0,0,3,0,https://materialsproject.org/materials/icsd/161929,cif/161929.cif,8
162043,O3 Pb1 Ti1,221,Pm-3m,<i>m</i>-3<i>m</i>,153406,1,0,0,0,Trivial,Trivial,0,0,1,26,Perovskite-CaTiO3,3.887,3.887,3.887,90,90,90,1,0,1,3,0,https://materialsproject.org/materials/icsd/162043,cif/162043.cif,48
162044,O3 Pb1 Ti1,99,P4mm,4<i>mm</i>,1610,1,0,0,0,Trivial,Trivial,0,1,1,26,Perovskite-PbTiO3,3.857,3.857,4.023,90,90,90,0,0,0,5,0,https://materialsproject.org/materials/icsd/162044,cif/162044.cif,8
162045,O3 Pb1 Ti1,99,P4mm,4<i>mm</i>,1610,1,0,0,1,Trivial,Trivial,0,1,0,26,Perovskite-PbTiO3,3.890673,3.890673,4.167553,90,90,90,0,0,0,5,0,https://materialsproject.org/materials/icsd/162045,cif/162045.cif,8
162046,O3 Pb1 Ti1,99,P4mm,4<i>mm</i>,1610,1,0,0,0,Trivial,Trivial,0,1,1,26,Perovskite-PbTiO3,3.864,3.864,4.042,90,90,90,0,0,0,5,0,https://materialsproject.org/materials/icsd/162046,cif/162046.cif,8
162047,O3 Pb1 Ti1,221,Pm-3m,<i>m</i>-3<i>m</i>,153406,1,0,0,1,Trivial,Trivial,0,0,0,26,Perovskite-CaTiO3,3.9692,3.9692,3.9692,90,90,90,1,0,1,3,0,https://materialsproject.org/materials/icsd/162047,cif/162047.cif,48
162048,O3 Pb1 Ti1,99,P4mm,4<i>mm</i>,1610,1,0,0,1,Trivial,Trivial,0,1,0,26,Perovskite-PbTiO3,3.904,3.904,4.1575,90,90,90,0,0,0,5,0,https://materialsproject.org/materials/icsd/162048,cif/162048.cif,8
162056,As1 Fe1 Li1,129,P4/nmm,4/<i>mmm</i>,162056,1,0,0,0,ES (SM),ES (SM),1,0,0,28,Cu2Sb,3.7715,3.7715,6.3574,90,90,90,0,0,0,0,0,https://materialsproject.org/materials/icsd/162056,cif/162056.cif,16
162073,F6 Pb2 Zn1,138,P42/ncm,4/<i>mmm</i>,162073,1,0,0,0,Trivial,Trivial,0,0,1,248,,5.6325,5.6325,16.2474,90,90,90,0,0,0,6,0,https://materialsproject.org/materials/icsd/162073,cif/162073.cif,16
162074,F6 Pb2 Zn1,138,P42/ncm,4/<i>mmm</i>,162073,1,0,0,0,Trivial,Trivial,0,0,0,248,,5.6325,5.6325,16.2474,90,90,90,0,0,0,6,0,https://materialsproject.org/materials/icsd/162074,cif/162074.cif,16
162099,H6 Cl2 Cu3 O6 Zn1,164,P-3m1,-3<i>m</i>,162099,1,0,0,1,ESFD (SM),ESFD (SM),0,0,0,101,,6.3302,6.3302,5.70167,90,90,120,1,0,0,2,0,https://materialsproject.org/materials/icsd/162099,cif/162099.cif,12
162100,Ca1 Cu3 O12 Sn4,204,Im-3,<i>m</i>-3,162100,0,0,1,1,ESFD (SM),ESFD (SM),0,0,0,123,NaMn7O12,7.6424,7.6424,7.6424,90,90,90,1,0,0,3,0,https://materialsproject.org/materials/icsd/162100,cif/162100.cif,48
162101,Cu3 O12 Sn4 Sr1,204,Im-3,<i>m</i>-3,162101,0,0,1,1,ESFD (SM),ESFD (SM),0,0,0,131,NaMn7O12,7.67613,7.67613,7.67613,90,90,90,1,0,0,3,0,https://materialsproject.org/materials/icsd/162101,cif/162101.cif,48
162102,Cu3 O12 Pb1 Sn4,204,Im-3,<i>m</i>-3,162102,0,0,1,1,ESFD (SM),ESFD (SM),0,0,0,125,NaMn7O12,7.69053,7.69053,7.69053,90,90,90,1,0,0,3,0,https://materialsproject.org/materials/icsd/162102,cif/162102.cif,48
162105,Co1 N3,204,Im-3,<i>m</i>-3,162105,1,0,0,0,SEBR (TI),ESFD (SM),0,0,1,96,Skutterudite-CoAs3,6.592,6.592,6.592,90,90,90,0,0,0,0,0,https://materialsproject.org/materials/icsd/162105,cif/162105.cif,48
162106,Co1 N3,204,Im-3,<i>m</i>-3,162106,1,0,0,0,ESFD (SM),ESFD (SM),0,0,1,96,Skutterudite-CoAs3,6.289,6.289,6.289,90,90,90,0,0,0,0,0,https://materialsproject.org/materials/icsd/162106,cif/162106.cif,48
162107,N3 Rh1,204,Im-3,<i>m</i>-3,162107,1,0,0,0,Trivial,ESFD (SM),0,0,1,96,Skutterudite-CoAs3,6.935,6.935,6.935,90,90,90,0,0,0,0,0,https://materialsproject.org/materials/icsd/162107,cif/162107.cif,48
162108,N3 Rh1,204,Im-3,<i>m</i>-3,162108,1,0,0,0,ESFD (SM),ESFD (SM),0,0,1,96,Skutterudite-CoAs3,6.609,6.609,6.609,90,90,90,0,0,0,0,0,https://materialsproject.org/materials/icsd/162108,cif/162108.cif,48
162119,La1 Mg1 Ni4,216,F-43m,-43<i>m</i>,107420,1,1,0,1,ESFD (SM),ESFD (SM),0,1,0,53,AuBe5,7.165,7.165,7.165,90,90,90,0,1,0,0,0,https://materialsproject.org/materials/icsd/162119,cif/162119.cif,96
162158,Br6 Cs4 Pb1,167,R-3c,-3<i>m</i>,162158,1,0,0,1,Trivial,Trivial,0,0,0,164,K4CdCl6,13.7219,13.7219,17.3153,90,90,120,0,0,0,5,0,https://materialsproject.org/materials/icsd/162158,cif/162158.cif,36
162250,As1 Fe1 Li1,129,P4/nmm,4/<i>mmm</i>,162056,1,0,0,0,ES (SM),ES (SM),1,0,0,28,Cu2Sb,3.7914,3.7914,6.3639,90,90,90,0,0,0,0,0,https://materialsproject.org/materials/icsd/162250,cif/162250.cif,16
162261,H4 Cs2 Mg1,139,I4/mmm,4/<i>mmm</i>,162261,1,1,0,0,Trivial,Trivial,0,0,1,24,K2MgF4,4.325,4.325,14.696,90,90,90,0,0,1,4,0,https://materialsproject.org/materials/icsd/162261,cif/162261.cif,32
162282,Fe1 Li1 O4 P1,62,Pnma,<i>mmm</i>,153699,0,0,1,1,Trivial,Trivial,0,0,0,152,Olivine-Mg2SiO4,10.3294,6.0086,4.6948,90,90,90,0,0,0,3,0,https://materialsproject.org/materials/icsd/162282,cif/162282.cif,8
162347,Mg2 O4 Si1,227,Fd-3m,<i>m</i>-3<i>m</i>,161023,1,0,0,0,Trivial,Trivial,0,0,1,64,Spinel-Al2MgO4,8.091,8.091,8.091,90,90,90,1,1,0,4,0,https://materialsproject.org/materials/icsd/162347,cif/162347.cif,192
162348,Mg2 O4 Si1,227,Fd-3m,<i>m</i>-3<i>m</i>,161023,1,0,0,0,Trivial,Trivial,0,0,1,64,Spinel-Al2MgO4,7.842,7.842,7.842,90,90,90,1,1,0,3,0,https://materialsproject.org/materials/icsd/162348,cif/162348.cif,192
162384,H12 Mn2 N4 O8 Zn1,216,F-43m,-43<i>m</i>,162384,0,0,1,0,Trivial,Trivial,0,1,0,106,Zn(NH3)4(MnO4)2,10.335,10.335,10.335,90,90,90,0,0,0,0,0,https://materialsproject.org/materials/icsd/162384,cif/162384.cif,96
162406,Mg2 O4 Si1,227,Fd-3m,<i>m</i>-3<i>m</i>,161023,1,0,0,1,Trivial,Trivial,0,0,0,64,Spinel-Al2MgO4,8.0649,8.0649,8.0649,90,90,90,1,1,0,4,0,https://materialsproject.org/materials/icsd/162406,cif/162406.cif,192
162491,Al6 Cl2 Na8 O24 Si6,218,P-43n,-43<i>m</i>,15336,1,0,0,0,Trivial,Trivial,0,1,0,208,Sodalite-frame,8.880679,8.880679,8.880679,90,90,90,0,0,0,4,0,https://materialsproject.org/materials/icsd/162491,cif/162491.cif,24
162616,O2 Si1,198,P213,23,162616,1,0,0,0,Trivial,Trivial,0,0,1,128,SnWO4,7.2679,7.2679,7.2679,90,90,90,0,0,0,4,0,https://materialsproject.org/materials/icsd/162616,cif/162616.cif,12
162617,O2 Si1,198,P213,23,162616,1,0,0,0,Trivial,Trivial,0,1,1,128,SnWO4,7.13,7.13,7.13,90,90,90,0,0,0,4,0,https://materialsproject.org/materials/icsd/162617,cif/162617.cif,12
162620,O2 Si1,227,Fd-3m,<i>m</i>-3<i>m</i>,162620,0,0,1,0,Trivial,Trivial,0,0,1,32,Cristobalite high,7.417,7.417,7.417,90,90,90,1,1,0,4,0,https://materialsproject.org/materials/icsd/162620,cif/162620.cif,192
162623,O2 Si1,194,P63/mmc,6/<i>mmm</i>,162623,1,0,0,0,Trivial,Trivial,0,0,1,64,Tridymite,5.2484,5.2484,8.5683,90,90,120,1,0,0,4,0,https://materialsproject.org/materials/icsd/162623,cif/162623.cif,24
162624,O2 Si1,194,P63/mmc,6/<i>mmm</i>,162623,1,0,0,0,Trivial,Trivial,0,0,1,64,Tridymite,5.1908,5.1908,8.4702,90,90,120,1,0,0,4,0,https://materialsproject.org/materials/icsd/162624,cif/162624.cif,24
162724,Fe1 La1 O1 P1,129,P4/nmm,4/<i>mmm</i>,162724,1,0,0,0,Trivial,ES (SM),0,0,0,60,ZrCuSiAs-CuHfSi2,3.96306,3.96306,8.5087,90,90,90,0,0,0,0,0,https://materialsproject.org/materials/icsd/162724,cif/162724.cif,16
162750,H5 N3 O3,14,P21/c,2/<i>m</i>,162750,0,0,1,0,Trivial,Trivial,0,0,0,152,H3NNH2NO3,8.015,5.725,8.156,90,92.3,90,0,0,0,0,0,https://materialsproject.org/materials/icsd/162750,cif/162750.cif,4
162766,Bi2 O6 Ti1 Zn1,99,P4mm,4<i>mm</i>,162766,1,0,0,0,Trivial,Trivial,0,1,1,62,,3.785,3.785,9.955,90,90,90,0,0,0,3,0,https://materialsproject.org/materials/icsd/162766,cif/162766.cif,8
162767,Bi2 O6 Ti1 Zn1,99,P4mm,4<i>mm</i>,162766,1,0,0,0,Trivial,Trivial,0,1,1,62,,5.306,5.306,4.9925,90,90,90,0,0,0,2,0,https://materialsproject.org/materials/icsd/162767,cif/162767.cif,8
162768,Bi2 O6 Ti1 Zn1,99,P4mm,4<i>mm</i>,162766,1,0,0,0,Trivial,Trivial,0,1,1,124,,5.327,5.327,9.822,90,90,90,0,0,0,4,0,https://materialsproject.org/materials/icsd/162768,cif/162768.cif,8
162777,O3 Ru1 Sr1,221,Pm-3m,<i>m</i>-3<i>m</i>,162777,1,1,0,1,ESFD (SM),ESFD (SM),0,0,0,36,Perovskite-CaTiO3,3.9229,3.9229,3.9229,90,90,90,1,0,1,3,0,https://materialsproject.org/materials/icsd/162777,cif/162777.cif,48
162808,As1 F1 Fe1 Sr1,129,P4/nmm,4/<i>mmm</i>,162808,1,0,0,0,Trivial,ES (SM),1,0,0,60,ZrCuSiAs-CuHfSi2,3.999383,3.999383,8.97274,90,90,90,0,0,0,0,0,https://materialsproject.org/materials/icsd/162808,cif/162808.cif,16
162897,Se1 Ti1,129,P4/nmm,4/<i>mmm</i>,162897,1,0,0,0,ES (SM),ES (SM),0,0,1,20,Litharge,4.1,4.1,5.13,90,90,90,0,0,0,0,0,https://materialsproject.org/materials/icsd/162897,cif/162897.cif,16
162898,Se1 V1,129,P4/nmm,4/<i>mmm</i>,162898,1,0,0,0,ESFD (SM),ESFD (SM),0,0,1,22,,3.52,3.52,6,90,90,90,0,0,0,0,0,https://materialsproject.org/materials/icsd/162898,cif/162898.cif,16
162899,Cr1 Se1,129,P4/nmm,4/<i>mmm</i>,162899,1,0,0,0,Trivial,ES (SM),0,0,1,24,,3.44,3.44,5.86,90,90,90,0,0,0,0,0,https://materialsproject.org/materials/icsd/162899,cif/162899.cif,16
162900,Mn1 Se1,129,P4/nmm,4/<i>mmm</i>,162900,1,0,0,0,ESFD (SM),ESFD (SM),0,0,1,26,FeSe,3.48,3.48,5.62,90,90,90,0,0,0,0,0,https://materialsproject.org/materials/icsd/162900,cif/162900.cif,16
162901,Fe1 Se1,129,P4/nmm,4/<i>mmm</i>,162901,1,0,0,0,ES (SM),ESFD (SM),1,0,1,28,FeSe,3.58,3.58,5.31,90,90,90,0,0,0,0,0,https://materialsproject.org/materials/icsd/162901,cif/162901.cif,16
162902,Co1 Se1,129,P4/nmm,4/<i>mmm</i>,162902,1,0,0,0,ESFD (SM),ESFD (SM),0,0,1,30,FeSe,3.53,3.53,5.25,90,90,90,0,0,0,0,0,https://materialsproject.org/materials/icsd/162902,cif/162902.cif,16
162919,Ca1 O3 Ti1,140,I4/mcm,4/<i>mmm</i>,153173,1,1,0,1,Trivial,Trivial,0,0,0,48,Perovskite-SrTiO3,5.4841,5.4841,7.765,90,90,90,0,0,0,3,0,https://materialsproject.org/materials/icsd/162919,cif/162919.cif,32
162920,Ca1 O3 Ti1,140,I4/mcm,4/<i>mmm</i>,153173,1,1,0,1,Trivial,Trivial,0,0,0,48,Perovskite-SrTiO3,5.4872,5.4872,7.766,90,90,90,0,0,0,3,0,https://materialsproject.org/materials/icsd/162920,cif/162920.cif,32
162921,Ca1 O3 Ti1,140,I4/mcm,4/<i>mmm</i>,153173,1,1,0,1,Trivial,Trivial,0,0,0,48,Perovskite-SrTiO3,5.4895,5.4895,7.768,90,90,90,0,0,0,3,0,https://materialsproject.org/materials/icsd/162921,cif/162921.cif,32
162922,Ca1 O3 Ti1,140,I4/mcm,4/<i>mmm</i>,153173,1,1,0,1,Trivial,Trivial,0,0,0,48,Perovskite-SrTiO3,5.4928,5.4928,7.769,90,90,90,0,0,0,3,0,https://materialsproject.org/materials/icsd/162922,cif/162922.cif,32
162923,Ca1 O3 Ti1,140,I4/mcm,4/<i>mmm</i>,153173,1,1,0,1,Trivial,Trivial,0,0,0,48,Perovskite-SrTiO3,5.495,5.495,7.773,90,90,90,0,0,0,3,0,https://materialsproject.org/materials/icsd/162923,cif/162923.cif,32
162924,Ca1 O3 Ti1,221,Pm-3m,<i>m</i>-3<i>m</i>,153174,1,0,0,1,Trivial,Trivial,1,0,0,24,Perovskite-CaTiO3,3.8873,3.8873,3.8873,90,90,90,1,0,1,3,0,https://materialsproject.org/materials/icsd/162924,cif/162924.cif,48
162925,Ca1 O3 Ti1,221,Pm-3m,<i>m</i>-3<i>m</i>,153174,1,0,0,1,Trivial,Trivial,1,0,0,24,Perovskite-CaTiO3,3.8889,3.8889,3.8889,90,90,90,1,0,1,3,0,https://materialsproject.org/materials/icsd/162925,cif/162925.cif,48
162926,Ca1 O3 Ti1,221,Pm-3m,<i>m</i>-3<i>m</i>,153174,1,0,0,1,Trivial,Trivial,1,0,0,24,Perovskite-CaTiO3,3.8917,3.8917,3.8917,90,90,90,1,0,1,3,0,https://materialsproject.org/materials/icsd/162926,cif/162926.cif,48
162927,C2 Co1 N7 Sr6,18,P21212,222,162927,0,0,1,0,Trivial,ES (SM),0,1,0,224,Sr6NCoN2(CN2)2,9.8807,14.6474,3.8569,90,90,90,0,0,0,0,0,https://materialsproject.org/materials/icsd/162927,cif/162927.cif,4
162981,Bi1 Cs1 Nb2 O7,26,Pmc21,<i>mm</i>2,162981,1,0,0,1,Trivial,Trivial,0,0,0,164,CsBiNb2O7,5.49945,5.42638,11.3846,90,90,90,0,0,0,6,0,https://materialsproject.org/materials/icsd/162981,cif/162981.cif,4
162982,Bi1 Cs1 Nb2 O7,26,Pmc21,<i>mm</i>2,162981,1,0,0,1,Trivial,Trivial,0,1,0,164,CsBiNb2O7,5.52598,5.4558,11.4457,90,90,90,0,0,0,4,0,https://materialsproject.org/materials/icsd/162982,cif/162982.cif,4
162983,Bi1 Cs1 Nb2 O7,26,Pmc21,<i>mm</i>2,162981,1,0,0,1,Trivial,Trivial,0,1,0,164,CsBiNb2O7,5.55375,5.4966,11.5086,90,90,90,0,0,0,4,0,https://materialsproject.org/materials/icsd/162983,cif/162983.cif,4
162984,Bi1 Cs1 Nb2 O7,26,Pmc21,<i>mm</i>2,162981,1,0,0,1,Trivial,Trivial,0,0,0,164,CsBiNb2O7,5.49484,5.42153,11.3721,90,90,90,0,0,0,6,0,https://materialsproject.org/materials/icsd/162984,cif/162984.cif,4
163013,H4 Cl2 Cu1 O2,53,Pmna,<i>mmm</i>,15087,0,0,1,1,ESFD (SM),ESFD (SM),0,0,0,82,,8.0717,3.7408,7.4088,90,90,90,0,0,0,0,0,https://materialsproject.org/materials/icsd/163013,cif/163013.cif,8
163014,H12 Cl4 Cu1 N2 O2,136,P42/mnm,4/<i>mmm</i>,163014,0,0,1,0,ESFD (SM),ESFD (SM),0,0,0,146,(NH4)2CuCl4(H2O)2,7.5908,7.5908,7.967,90,90,90,0,0,0,0,0,https://materialsproject.org/materials/icsd/163014,cif/163014.cif,16
163143,As1 Fe1 Na1,129,P4/nmm,4/<i>mmm</i>,163143,1,0,0,0,ES (SM),ESFD (SM),1,0,0,28,PbClF,3.9494,3.9494,7.0396,90,90,90,0,0,0,0,0,https://materialsproject.org/materials/icsd/163143,cif/163143.cif,16
163144,As1 Fe1 Na1,129,P4/nmm,4/<i>mmm</i>,163143,1,0,0,0,ES (SM),ESFD (SM),1,0,0,28,PbClF,3.94729,3.94729,6.99112,90,90,90,0,0,0,0,0,https://materialsproject.org/materials/icsd/163144,cif/163144.cif,16
163195,Mg1 Pd1,221,Pm-3m,<i>m</i>-3<i>m</i>,104847,1,0,0,1,SEBR (TI),ESFD (SM),0,0,0,12,CsCl,3.157,3.157,3.157,90,90,90,0,0,0,0,0,https://materialsproject.org/materials/icsd/163195,cif/163195.cif,48
163228,Fe1 O3 Sr1,221,Pm-3m,<i>m</i>-3<i>m</i>,163228,1,0,0,0,ESFD (SM),ESFD (SM),0,0,0,36,Perovskite-CaTiO3,3.856,3.856,3.856,90,90,90,1,0,1,3,0,https://materialsproject.org/materials/icsd/163228,cif/163228.cif,48
163253,Cr1 Cu1 O2,166,R-3m,-3<i>m</i>,157800,1,0,0,1,ESFD (SM),ESFD (SM),1,0,0,29,Delafossite-NaCrS2,2.976,2.976,17.1104,90,90,120,0,0,0,0,0,https://materialsproject.org/materials/icsd/163253,cif/163253.cif,36
163254,Cr1 Cu1 O2,166,R-3m,-3<i>m</i>,157800,1,0,0,1,ESFD (SM),ESFD (SM),1,1,0,29,Delafossite-NaCrS2,2.9719,2.9719,17.1198,90,90,120,0,0,0,0,0,https://materialsproject.org/materials/icsd/163254,cif/163254.cif,36
163255,Cr1 Cu1 O2,166,R-3m,-3<i>m</i>,157800,1,0,0,1,ESFD (SM),ESFD (SM),1,0,0,29,Delafossite-NaCrS2,2.9685,2.9685,17.138,90,90,120,0,0,0,0,0,https://materialsproject.org/materials/icsd/163255,cif/163255.cif,36
163322,Mn1 Sb1,194,P63/mmc,6/<i>mmm</i>,163322,1,0,0,0,SEBR (TI),ES (SM),1,0,0,24,Nickeline-NiAs,4.138,4.138,5.781,90,90,120,0,0,0,0,0,https://materialsproject.org/materials/icsd/163322,cif/163322.cif,24
163353,Ni3 Si1,221,Pm-3m,<i>m</i>-3<i>m</i>,105343,1,1,0,0,SEBR (TI),ESFD (SM),0,0,0,34,Auricupride-AuCu3,3.5188,3.5188,3.5188,90,90,90,1,0,0,0,0,https://materialsproject.org/materials/icsd/163353,cif/163353.cif,48
163373,Ba2 O6 Sb1 Y1,225,Fm-3m,<i>m</i>-3<i>m</i>,155253,1,0,0,1,Trivial,Trivial,0,0,0,72,Elpasolite-K2NaAlF6,8.4117,8.4117,8.4117,90,90,90,0,0,0,3,0,https://materialsproject.org/materials/icsd/163373,cif/163373.cif,192
163376,H8 B2 K1 Na1,156,P3m1,3<i>m</i>,163376,1,0,0,0,Trivial,Trivial,0,0,1,24,,4.70347,4.70347,7.2914,90,90,120,0,0,0,0,0,https://materialsproject.org/materials/icsd/163376,cif/163376.cif,6
163382,O1 Zn1,221,Pm-3m,<i>m</i>-3<i>m</i>,163382,1,0,0,0,Trivial,Trivial,0,0,1,18,CsCl,2.608,2.608,2.608,90,90,90,0,0,0,0,0,https://materialsproject.org/materials/icsd/163382,cif/163382.cif,48
163387,Bi2 O7 Ru2,227,Fd-3m,<i>m</i>-3<i>m</i>,161102,1,0,0,1,Trivial,Trivial,0,0,0,136,Pyrochlore-NaCa(Nb2O6)F,10.2925,10.2925,10.2925,90,90,90,2,2,0,6,0,https://materialsproject.org/materials/icsd/163387,cif/163387.cif,192
163496,As1 Fe1 La1 O1,129,P4/nmm,4/<i>mmm</i>,163496,1,0,0,0,Trivial,ES (SM),0,0,1,60,ZrCuSiAs-CuHfSi2,4.0141,4.0141,8.6401,90,90,90,0,0,0,0,0,https://materialsproject.org/materials/icsd/163496,cif/163496.cif,16
163497,As1 Fe1 La1 O1,129,P4/nmm,4/<i>mmm</i>,163496,1,0,0,0,Trivial,ES (SM),0,0,1,60,ZrCuSiAs-CuHfSi2,4.0407,4.0407,8.6431,90,90,90,0,0,0,0,0,https://materialsproject.org/materials/icsd/163497,cif/163497.cif,16
163503,C1 In1 Sc2,194,P63/mmc,6/<i>mmm</i>,160380,1,0,0,0,ESFD (SM),ESFD (SM),0,0,1,26,AlCr2C,3.275,3.275,15.081,90,90,120,0,0,0,8,0,https://materialsproject.org/materials/icsd/163503,cif/163503.cif,24
163510,C1 In1 Sc2,194,P63/mmc,6/<i>mmm</i>,160380,1,0,0,0,ESFD (SM),ESFD (SM),0,0,1,26,AlCr2C,3.226,3.226,14.813,90,90,120,0,0,0,8,0,https://materialsproject.org/materials/icsd/163510,cif/163510.cif,24
163511,C1 In1 Sc2,194,P63/mmc,6/<i>mmm</i>,160380,1,0,0,0,ESFD (SM),ESFD (SM),0,0,1,26,AlCr2C,3.148,3.148,14.471,90,90,120,0,0,0,8,0,https://materialsproject.org/materials/icsd/163511,cif/163511.cif,24
163559,Fe1 Se1,129,P4/nmm,4/<i>mmm</i>,162901,1,0,0,0,ES (SM),ESFD (SM),1,0,0,28,FeSe,3.7658,3.7658,5.4988,90,90,90,0,0,0,0,0,https://materialsproject.org/materials/icsd/163559,cif/163559.cif,16
163560,Fe1 Se1,129,P4/nmm,4/<i>mmm</i>,162901,1,0,0,0,ES (SM),ESFD (SM),1,0,0,28,FeSe,3.761,3.761,5.4794,90,90,90,0,0,0,0,0,https://materialsproject.org/materials/icsd/163560,cif/163560.cif,16
163561,Fe1 Se1,129,P4/nmm,4/<i>mmm</i>,162901,1,0,0,0,ES (SM),ESFD (SM),1,0,0,28,FeSe,3.7555,3.7555,5.4598,90,90,90,0,0,0,0,0,https://materialsproject.org/materials/icsd/163561,cif/163561.cif,16
163562,Fe1 Se1,129,P4/nmm,4/<i>mmm</i>,162901,1,0,0,0,ES (SM),ESFD (SM),1,0,0,28,FeSe,3.7501,3.7501,5.4398,90,90,90,0,0,0,0,0,https://materialsproject.org/materials/icsd/163562,cif/163562.cif,16
163600,O12 Rb1 Se2 V3,173,P63,6,163600,1,0,0,0,Trivial,Trivial,0,0,0,216,KSe2V3O12,7.1364,7.1364,11.4687,90,90,120,0,0,0,6,0,https://materialsproject.org/materials/icsd/163600,cif/163600.cif,6
163601,O12 Se2 Tl1 V3,173,P63,6,163601,1,0,0,0,Trivial,Trivial,0,1,0,204,KSe2V3O12,7.1248,7.1248,11.4287,90,90,120,0,0,0,8,0,https://materialsproject.org/materials/icsd/163601,cif/163601.cif,6
163660,H8 Cl6 N2 Sn1,225,Fm-3m,<i>m</i>-3<i>m</i>,163660,1,1,0,1,Trivial,Trivial,0,0,0,64,K2PtCl6,10.064,10.064,10.064,90,90,90,0,0,0,0,0,https://materialsproject.org/materials/icsd/163660,cif/163660.cif,192
163697,Cu1 Y1,221,Pm-3m,<i>m</i>-3<i>m</i>,103142,1,0,0,0,ESFD (SM),ESFD (SM),1,0,0,22,CsCl,3.474,3.474,3.474,90,90,90,0,0,0,0,0,https://materialsproject.org/materials/icsd/163697,cif/163697.cif,48
163792,F2 O24 P6 Sr10,176,P63/m,6/<i>m</i>,163792,0,0,1,0,Trivial,Trivial,0,0,0,288,"Apatite#-(HE,P63/m)",9.715,9.715,7.283,90,90,120,0,0,0,2,0,https://materialsproject.org/materials/icsd/163792,cif/163792.cif,12
163817,Nb2 O7 Sn2,227,Fd-3m,<i>m</i>-3<i>m</i>,163817,1,1,0,0,Trivial,Trivial,0,0,1,152,Pyrochlore-NaCa(Nb2O6)F,10.635,10.635,10.635,90,90,90,2,2,0,6,0,https://materialsproject.org/materials/icsd/163817,cif/163817.cif,192
163818,O7 Sn2 Ta2,227,Fd-3m,<i>m</i>-3<i>m</i>,163818,1,1,0,0,Trivial,Trivial,0,0,1,120,Pyrochlore-NaCa(Nb2O6)F,10.586,10.586,10.586,90,90,90,2,2,0,6,0,https://materialsproject.org/materials/icsd/163818,cif/163818.cif,192
163835,As1 Fe1 La1 O1,129,P4/nmm,4/<i>mmm</i>,163496,1,0,0,0,Trivial,ES (SM),0,0,1,60,ZrCuSiAs-CuHfSi2,3.996,3.996,8.636,90,90,90,0,0,0,0,0,https://materialsproject.org/materials/icsd/163835,cif/163835.cif,16
163868,As1 Fe1 La1 O1,129,P4/nmm,4/<i>mmm</i>,163496,1,0,0,0,Trivial,ES (SM),0,0,0,60,ZrCuSiAs-CuHfSi2,4.0301,4.0301,8.7368,90,90,90,0,0,0,0,0,https://materialsproject.org/materials/icsd/163868,cif/163868.cif,16
163870,As1 Fe1 Li1,129,P4/nmm,4/<i>mmm</i>,162056,1,0,0,0,ES (SM),ES (SM),1,0,0,28,Cu2Sb,3.7914,3.7914,6.3639,90,90,90,0,0,0,0,0,https://materialsproject.org/materials/icsd/163870,cif/163870.cif,16
163889,H4 Mg3 O9 Si2,157,P31m,3<i>m</i>,17046,1,0,0,0,Trivial,Trivial,0,0,1,72,Mg3Si2O5(OH)4(hP18),5.3638,5.3638,7.4059,90,90,120,0,0,0,6,0,https://materialsproject.org/materials/icsd/163889,cif/163889.cif,6
163890,H4 Mg3 O9 Si2,157,P31m,3<i>m</i>,17046,1,0,0,0,Trivial,Trivial,0,0,1,72,Mg3Si2O5(OH)4(hP18),5.3867,5.3867,7.372,90,90,120,0,0,0,5,0,https://materialsproject.org/materials/icsd/163890,cif/163890.cif,6
163915,As1 F1 Fe1 Sr1,129,P4/nmm,4/<i>mmm</i>,162808,1,0,0,0,Trivial,ES (SM),1,0,0,60,ZrCuSiAs-CuHfSi2,3.993,3.993,8.9546,90,90,90,0,0,0,0,0,https://materialsproject.org/materials/icsd/163915,cif/163915.cif,16
163981,Mo1 O6 Te1 Zn1,18,P21212,222,163981,1,0,0,1,Trivial,Trivial,0,0,0,120,CoTeMoO6,5.263,5.0426,8.9105,90,90,90,0,0,0,3,0,https://materialsproject.org/materials/icsd/163981,cif/163981.cif,4
164049,H3 Al1 O3,2,P-1,-1,164049,1,0,0,0,Trivial,Trivial,0,0,1,48,Doyleite-Al(OH)3,5.08,5.384,5.041,99.96,118.79,105.11,0,0,0,0,0,https://materialsproject.org/materials/icsd/164049,cif/164049.cif,2
164050,H3 Al1 O3,2,P-1,-1,164049,1,0,0,0,Trivial,Trivial,0,0,1,96,Al(OH)3(nordstandite),5.056,8.869,6.302,127.75,81.34,88.98,0,0,0,0,0,https://materialsproject.org/materials/icsd/164050,cif/164050.cif,2
164054,F3 La1,225,Fm-3m,<i>m</i>-3<i>m</i>,164054,0,0,1,0,Trivial,Trivial,0,0,1,32,BiF3,5.87,5.87,5.87,90,90,90,0,0,0,0,0,https://materialsproject.org/materials/icsd/164054,cif/164054.cif,192
164056,F3 La1,139,I4/mmm,4/<i>mmm</i>,155554,1,0,0,0,Trivial,Trivial,0,0,1,32,LaF3,4.02,4.02,6.27,90,90,90,0,0,0,0,0,https://materialsproject.org/materials/icsd/164056,cif/164056.cif,32
164171,Fe1 Mg1 O4 Si1,62,Pnma,<i>mmm</i>,164171,1,0,0,0,Trivial,Trivial,0,0,1,152,Olivine-Mg2SiO4,4.8065,10.3759,6.0609,90,90,90,0,0,0,2,0,https://materialsproject.org/materials/icsd/164171,cif/164171.cif,8
164172,Fe1 Mg1 O4 Si1,62,Pnma,<i>mmm</i>,164171,1,0,0,0,Trivial,Trivial,0,0,1,152,Olivine-Mg2SiO4,4.8065,10.3759,6.0609,90,90,90,0,0,0,4,0,https://materialsproject.org/materials/icsd/164172,cif/164172.cif,8
164176,Ba1 Fe2 O5 Y1,47,Pmmm,<i>mmm</i>,164176,1,0,0,0,ESFD (SM),ESFD (SM),0,0,1,67,YBaFe2O5(Pmmm),3.93182,3.91718,7.56826,90,90,90,0,0,0,3,0,https://materialsproject.org/materials/icsd/164176,cif/164176.cif,8
164620,Hf1 O3 Sr1,221,Pm-3m,<i>m</i>-3<i>m</i>,161593,1,0,0,0,Trivial,Trivial,0,0,1,32,Perovskite-CaTiO3,4.136,4.136,4.136,90,90,90,1,0,1,4,0,https://materialsproject.org/materials/icsd/164620,cif/164620.cif,48
165076,Ca1 O3 Ti1,221,Pm-3m,<i>m</i>-3<i>m</i>,153174,1,0,0,0,Trivial,Trivial,1,0,0,24,Perovskite-CaTiO3,3.923,3.923,3.923,90,90,90,1,0,1,3,0,https://materialsproject.org/materials/icsd/165076,cif/165076.cif,48
165120,As2 Rh2 Sr1,139,I4/mmm,4/<i>mmm</i>,165120,1,0,0,0,SEBR (TI),ES (SM),0,0,1,38,ThCr2Si2,4.0801,4.0801,12.199,90,90,90,0,0,0,0,0,https://materialsproject.org/materials/icsd/165120,cif/165120.cif,32
165165,Al1 Fe1,221,Pm-3m,<i>m</i>-3<i>m</i>,165165,1,0,0,0,ESFD (SM),ESFD (SM),0,0,0,11,CsCl,2.9681,2.9681,2.9681,90,90,90,0,0,0,0,0,https://materialsproject.org/materials/icsd/165165,cif/165165.cif,48
165190,H1 Ca5 Sn3,140,I4/mcm,4/<i>mmm</i>,165190,1,0,0,1,ESFD (SM),ESFD (SM),0,0,0,46,Sr5Pb3F,8.1433,8.1433,15.096,90,90,90,0,0,0,0,0,https://materialsproject.org/materials/icsd/165190,cif/165190.cif,32
165206,F6 Li1 Os1,148,R-3,-3,165206,0,0,1,1,ESFD (SM),ESFD (SM),0,0,0,51,LiSbF6,5.10558,5.10558,13.6106,90,90,120,0,0,0,3,0,https://materialsproject.org/materials/icsd/165206,cif/165206.cif,18
165207,F6 Ir1 Li1,148,R-3,-3,165207,0,0,1,1,Trivial,ESFD (SM),0,1,0,52,LiSbF6,5.06148,5.06148,13.626,90,90,120,0,0,0,3,0,https://materialsproject.org/materials/icsd/165207,cif/165207.cif,18
165208,F6 Li1 Pt1,148,R-3,-3,165208,0,0,1,1,ESFD (SM),ESFD (SM),0,0,0,53,LiSbF6,5.02686,5.02686,13.6559,90,90,120,0,0,0,3,0,https://materialsproject.org/materials/icsd/165208,cif/165208.cif,18
165211,F6 Li2 Rh1,136,P42/mnm,4/<i>mmm</i>,165211,0,0,1,1,ESFD (SM),ESFD (SM),0,0,0,106,ZnSb2O6,4.6388,4.6388,9.0557,90,90,90,0,0,0,3,0,https://materialsproject.org/materials/icsd/165211,cif/165211.cif,16
165212,F6 Li2 Pd1,136,P42/mnm,4/<i>mmm</i>,165212,0,0,1,1,Trivial,Trivial,0,0,0,108,ZnSb2O6,4.63281,4.63281,9.02336,90,90,90,0,0,0,3,0,https://materialsproject.org/materials/icsd/165212,cif/165212.cif,16
165213,F6 Li1 Os1,148,R-3,-3,165206,0,0,1,1,ESFD (SM),ESFD (SM),0,0,0,51,LiSbF6,5.1111,5.1111,13.625,90,90,120,0,0,0,3,0,https://materialsproject.org/materials/icsd/165213,cif/165213.cif,18
165214,F6 Li1 Os1,148,R-3,-3,165206,0,0,1,1,ESFD (SM),ESFD (SM),0,0,0,51,LiSbF6,5.0512,5.0512,13.5932,90,90,120,0,0,0,3,0,https://materialsproject.org/materials/icsd/165214,cif/165214.cif,18
165216,F6 Li2 Pt1,136,P42/mnm,4/<i>mmm</i>,165216,0,0,1,1,Trivial,Trivial,0,0,0,108,ZnSb2O6,4.6378,4.6378,9.1,90,90,90,0,0,0,3,0,https://materialsproject.org/materials/icsd/165216,cif/165216.cif,16
165262,I1 La2 Ni2,187,P-6m2,-62<i>m</i>,165262,1,0,0,1,ESFD (SM),ESFD (SM),0,1,0,49,,4.1387,4.1387,8.814,90,90,120,0,0,0,0,0,https://materialsproject.org/materials/icsd/165262,cif/165262.cif,12
165294,H3 Al1,167,R-3c,-3<i>m</i>,15225,1,0,0,0,Trivial,Trivial,0,0,0,12,FeF3,4.449,4.449,11.804,90,90,120,0,0,0,2,0,https://materialsproject.org/materials/icsd/165294,cif/165294.cif,36
165315,K1 P1 Pd1 S4,136,P42/mnm,4/<i>mmm</i>,165315,1,0,0,1,Trivial,Trivial,0,0,0,192,KNiPS4,8.5337,8.5337,10.5595,90,90,90,0,0,0,8,0,https://materialsproject.org/materials/icsd/165315,cif/165315.cif,16
165316,K2 P2 Pd1 S6,62,Pnma,<i>mmm</i>,165316,1,0,0,0,Trivial,Trivial,0,0,0,296,,15.612,7.0724,10.08,90,90,90,0,0,0,0,0,https://materialsproject.org/materials/icsd/165316,cif/165316.cif,8
165333,Cl16 Re4 S4 Te4,82,I-4,-4,165333,0,0,1,1,Trivial,Trivial,0,1,0,188,Re4Te4(TeBr2)4Br8,10.823,10.823,12.92,90,90,90,0,0,0,0,0,https://materialsproject.org/materials/icsd/165333,cif/165333.cif,8
165335,Cl16 Re4 Te8,82,I-4,-4,165335,0,0,1,1,Trivial,Trivial,0,1,0,188,Re4Te4(TeBr2)4Br8,10.742,10.742,13.616,90,90,90,0,0,0,0,0,https://materialsproject.org/materials/icsd/165335,cif/165335.cif,8
165371,H4 F1 K1 O2,26,Pmc21,<i>mm</i>2,165371,0,0,1,1,Trivial,Trivial,0,1,0,64,Ba(OH)2H2O,4.082,5.182,8.825,90,90,90,0,0,0,0,0,https://materialsproject.org/materials/icsd/165371,cif/165371.cif,4
165372,H4 F1 K1 O2,26,Pmc21,<i>mm</i>2,165371,0,0,1,1,Trivial,Trivial,0,1,0,64,Ba(OH)2H2O,4.083,5.184,8.831,90,90,90,0,0,0,0,0,https://materialsproject.org/materials/icsd/165372,cif/165372.cif,4
165373,H4 F1 K1 O2,26,Pmc21,<i>mm</i>2,165371,0,0,1,1,Trivial,Trivial,0,1,0,64,Ba(OH)2H2O,4.062,5.157,8.778,90,90,90,0,0,0,0,0,https://materialsproject.org/materials/icsd/165373,cif/165373.cif,4
165378,Cs2 Mn1 S6 Te2,165,P-3c1,-3<i>m</i>,165378,1,0,0,1,ESFD (SM),ESFD (SM),0,0,0,146,,6.974,6.974,15.896,90,90,120,0,0,0,10,0,https://materialsproject.org/materials/icsd/165378,cif/165378.cif,12
165385,H8 Cu1 F6 O4 Si1,14,P21/c,2/<i>m</i>,165385,0,0,1,0,ESFD (SM),ESFD (SM),0,1,0,178,CuZrF6(H2O)4,5.3434,9.619,7.234,90,105.16,90,0,0,0,0,0,https://materialsproject.org/materials/icsd/165385,cif/165385.cif,4
165401,C1 Cl18 Rb4 Zr6,12,C2/m,2/<i>m</i>,165401,0,0,1,1,Trivial,Trivial,0,0,0,190,,10.46,17.239,9.721,90,115.05,90,0,0,0,4,0,https://materialsproject.org/materials/icsd/165401,cif/165401.cif,8
165425,B1 F8 N1,57,Pbcm,<i>mmm</i>,165425,0,0,1,0,Trivial,Trivial,0,0,0,256,,5.1733,9.902,9.7533,90,90,90,0,0,0,0,0,https://materialsproject.org/materials/icsd/165425,cif/165425.cif,8
165467,H2 Li1 N1,82,I-4,-4,10354,0,0,1,0,Trivial,Trivial,0,0,1,32,LiNH2,5.041,5.041,10.58,90,90,90,0,0,0,0,0,https://materialsproject.org/materials/icsd/165467,cif/165467.cif,8
165498,O3 Pb1 Ti1,99,P4mm,4<i>mm</i>,1610,1,0,0,1,Trivial,Trivial,0,1,0,26,Perovskite-PbTiO3,3.9022,3.9022,4.1437,90,90,90,0,0,0,5,0,https://materialsproject.org/materials/icsd/165498,cif/165498.cif,8
165579,Cl1 Li1 O4,62,Pnma,<i>mmm</i>,165579,0,0,1,1,Trivial,Trivial,0,0,0,128,LiClO4,8.6447,6.8512,4.8254,90,90,90,0,0,0,2,0,https://materialsproject.org/materials/icsd/165579,cif/165579.cif,8
165614,K8 Tl10 Zn1,126,P4/nnc,4/<i>mmm</i>,165614,1,0,0,0,ES (SM),Trivial,0,0,0,228,,10.319,10.319,13.859,90,90,90,0,0,0,0,0,https://materialsproject.org/materials/icsd/165614,cif/165614.cif,16
165871,Li1 Mn2 O4,227,Fd-3m,<i>m</i>-3<i>m</i>,151907,1,0,0,0,ESFD (SM),ESFD (SM),0,0,0,78,Spinel-Al2MgO4,8.2419,8.2419,8.2419,90,90,90,1,1,0,3,0,https://materialsproject.org/materials/icsd/165871,cif/165871.cif,192
165872,Li1 Mn2 O4,227,Fd-3m,<i>m</i>-3<i>m</i>,151907,1,0,0,0,ESFD (SM),ESFD (SM),0,0,0,78,Spinel-Al2MgO4,8.2455,8.2455,8.2455,90,90,90,1,1,0,3,0,https://materialsproject.org/materials/icsd/165872,cif/165872.cif,192
165902,Al1 Ni2 Ti1,225,Fm-3m,<i>m</i>-3<i>m</i>,165902,1,0,0,1,ESFD (SM),ESFD (SM),1,0,0,27,Heusler-AlCu2Mn,5.895,5.895,5.895,90,90,90,0,0,0,0,0,https://materialsproject.org/materials/icsd/165902,cif/165902.cif,192
165958,Fe1 Se1,129,P4/nmm,4/<i>mmm</i>,162901,1,0,0,0,ES (SM),ESFD (SM),1,0,0,28,FeSe,3.7696,3.7696,5.5,90,90,90,0,0,0,0,0,https://materialsproject.org/materials/icsd/165958,cif/165958.cif,16
165959,Fe1 Se1,129,P4/nmm,4/<i>mmm</i>,162901,1,0,0,0,ES (SM),ESFD (SM),1,0,0,28,FeSe,3.7705,3.7705,5.508,90,90,90,0,0,0,0,0,https://materialsproject.org/materials/icsd/165959,cif/165959.cif,16
165960,Fe1 Se1,129,P4/nmm,4/<i>mmm</i>,162901,1,0,0,0,ES (SM),ESFD (SM),1,0,0,28,FeSe,3.7724,3.7724,5.516,90,90,90,0,0,0,0,0,https://materialsproject.org/materials/icsd/165960,cif/165960.cif,16
165988,N1 Na3,221,Pm-3m,<i>m</i>-3<i>m</i>,165988,1,1,0,0,ESFD (SM),ESFD (SM),0,0,0,8,ReO3,4.7244,4.7244,4.7244,90,90,90,1,0,1,5,0,https://materialsproject.org/materials/icsd/165988,cif/165988.cif,48
165989,N1 Na3,191,P6/mmm,6/<i>mmm</i>,165989,1,0,0,0,ES (SM),ESFD (SM),0,0,0,8,Li3N,4.4414,4.4414,4.6133,90,90,120,0,0,0,0,0,https://materialsproject.org/materials/icsd/165989,cif/165989.cif,24
165992,N1 Na3,185,P63cm,6<i>mm</i>,165992,1,0,0,0,Trivial,Trivial,0,0,0,48,LaF3(P63mc),7.0356,7.0356,7.1661,90,90,120,0,0,0,0,0,https://materialsproject.org/materials/icsd/165992,cif/165992.cif,12
165993,N1 Na3,185,P63cm,6<i>mm</i>,165992,1,0,0,0,Trivial,Trivial,0,0,1,48,LaF3(P63mc),7.0356,7.0356,7.1661,90,90,120,0,0,0,0,0,https://materialsproject.org/materials/icsd/165993,cif/165993.cif,12
166016,As2 Ca1 Fe2,139,I4/mmm,4/<i>mmm</i>,166016,1,0,0,0,SEBR (TI),ES (SM),0,0,1,28,ThCr2Si2,3.985,3.985,10.426,90,90,90,0,0,0,0,0,https://materialsproject.org/materials/icsd/166016,cif/166016.cif,32
166021,Cr1 O2,136,P42/mnm,4/<i>mmm</i>,155831,1,0,0,0,Trivial,Trivial,0,0,0,36,Rutile-TiO2,4.43106,4.43106,2.9122,90,90,90,0,0,0,2,0,https://materialsproject.org/materials/icsd/166021,cif/166021.cif,16
166022,Cr1 O2,136,P42/mnm,4/<i>mmm</i>,155831,1,0,0,0,Trivial,Trivial,0,0,0,36,Rutile-TiO2,4.41593,4.41593,2.91572,90,90,90,0,0,0,2,0,https://materialsproject.org/materials/icsd/166022,cif/166022.cif,16
166023,Cr1 O2,136,P42/mnm,4/<i>mmm</i>,155831,1,0,0,0,Trivial,Trivial,0,0,0,36,Rutile-TiO2,4.4159,4.4159,2.9156,90,90,90,0,0,0,2,0,https://materialsproject.org/materials/icsd/166023,cif/166023.cif,16
166024,Cr1 O2,136,P42/mnm,4/<i>mmm</i>,155831,1,0,0,0,Trivial,Trivial,0,0,0,36,Rutile-TiO2,4.4159,4.4159,2.9156,90,90,90,0,0,0,2,0,https://materialsproject.org/materials/icsd/166024,cif/166024.cif,16
166025,Cr1 O2,136,P42/mnm,4/<i>mmm</i>,155831,1,0,0,0,Trivial,Trivial,0,0,0,36,Rutile-TiO2,4.4173,4.4173,2.915,90,90,90,0,0,0,2,0,https://materialsproject.org/materials/icsd/166025,cif/166025.cif,16
166026,Cr1 O2,136,P42/mnm,4/<i>mmm</i>,155831,1,0,0,0,Trivial,Trivial,0,0,0,36,Rutile-TiO2,4.4193,4.4193,2.915,90,90,90,0,0,0,2,0,https://materialsproject.org/materials/icsd/166026,cif/166026.cif,16
166027,Cr1 O2,136,P42/mnm,4/<i>mmm</i>,155831,1,0,0,0,Trivial,Trivial,0,0,0,36,Rutile-TiO2,4.4216,4.4216,2.9148,90,90,90,0,0,0,2,0,https://materialsproject.org/materials/icsd/166027,cif/166027.cif,16
166028,Cr1 O2,136,P42/mnm,4/<i>mmm</i>,155831,1,0,0,0,Trivial,Trivial,0,0,0,36,Rutile-TiO2,4.4264,4.4264,2.9145,90,90,90,0,0,0,2,0,https://materialsproject.org/materials/icsd/166028,cif/166028.cif,16
166049,Fe2 S3 Tl1,63,Cmcm,<i>mmm</i>,166049,1,0,0,1,ESFD (SM),ESFD (SM),0,0,0,74,CsCu2Cl3,9.083,10.754,5.412,90,90,90,0,0,0,3,0,https://materialsproject.org/materials/icsd/166049,cif/166049.cif,16
166085,C1 Ca1 O3,62,Pnma,<i>mmm</i>,15194,0,0,1,1,Trivial,Trivial,0,0,0,96,Aragonite-CaCO3(oP20),4.96062,7.97006,5.74181,90,90,90,0,0,0,0,0,https://materialsproject.org/materials/icsd/166085,cif/166085.cif,8
166086,C1 Ca1 O3,62,Pnma,<i>mmm</i>,15194,0,0,1,1,Trivial,Trivial,0,0,0,96,Aragonite-CaCO3(oP20),4.96062,7.97006,5.74181,90,90,90,0,0,0,0,0,https://materialsproject.org/materials/icsd/166086,cif/166086.cif,8
166087,C1 Ca1 O3,62,Pnma,<i>mmm</i>,15194,0,0,1,1,Trivial,Trivial,0,0,0,96,Aragonite-CaCO3(oP20),4.96174,7.96918,5.74265,90,90,90,0,0,0,0,0,https://materialsproject.org/materials/icsd/166087,cif/166087.cif,8
166088,C1 O3 Sr1,62,Pnma,<i>mmm</i>,15195,0,0,1,1,Trivial,Trivial,0,0,0,128,Aragonite-CaCO3(oP20),5.107499,8.41382,6.026924,90,90,90,0,0,0,0,0,https://materialsproject.org/materials/icsd/166088,cif/166088.cif,8
166089,C1 O3 Pb1,62,Pnma,<i>mmm</i>,166089,1,0,0,1,Trivial,Trivial,0,0,0,104,Aragonite-CaCO3(oP20),5.18324,8.4992,6.14746,90,90,90,0,0,0,0,0,https://materialsproject.org/materials/icsd/166089,cif/166089.cif,8
166090,C1 Ba1 O3,62,Pnma,<i>mmm</i>,15196,0,0,1,1,Trivial,Trivial,0,0,0,128,Aragonite-CaCO3(oP20),5.31459,8.90428,6.43409,90,90,90,0,0,0,0,0,https://materialsproject.org/materials/icsd/166090,cif/166090.cif,8
166091,C1 Ba1 O3,62,Pnma,<i>mmm</i>,15196,0,0,1,1,Trivial,Trivial,0,0,0,128,Aragonite-CaCO3(oP20),5.3164,8.9056,6.43383,90,90,90,0,0,0,0,0,https://materialsproject.org/materials/icsd/166091,cif/166091.cif,8
166198,Ga2 O3,12,C2/m,2/<i>m</i>,166198,1,0,0,0,Trivial,Trivial,0,0,1,48,Ga2O3,12.208,3.031,5.751,90,103.63,90,0,0,0,3,0,https://materialsproject.org/materials/icsd/166198,cif/166198.cif,8
166207,Ba1 F4 Sn1,129,P4/nmm,4/<i>mmm</i>,166207,1,0,0,0,Trivial,Trivial,0,0,0,84,PbSnF4,4.345,4.345,11.228,90,90,90,0,0,0,6,0,https://materialsproject.org/materials/icsd/166207,cif/166207.cif,16
166225,Ba1 O3 Ti1,221,Pm-3m,<i>m</i>-3<i>m</i>,154344,1,0,0,1,Trivial,Trivial,0,0,0,32,Perovskite-CaTiO3,4.01914,4.01914,4.01914,90,90,90,1,0,1,3,0,https://materialsproject.org/materials/icsd/166225,cif/166225.cif,48
166253,H1 In1 O2,31,Pmn21,<i>mm</i>2,15082,1,0,0,0,Trivial,Trivial,0,1,1,32,CrOOH(oP8),5.381,4.649,3.349,90,90,90,0,0,0,0,0,https://materialsproject.org/materials/icsd/166253,cif/166253.cif,4
166255,H1 In1 O2,198,P213,23,166255,1,0,0,0,Trivial,Trivial,0,0,1,64,,5.423,5.423,5.423,90,90,90,0,0,0,0,0,https://materialsproject.org/materials/icsd/166255,cif/166255.cif,12
166256,H1 In1 O2,198,P213,23,166255,1,0,0,0,Trivial,Trivial,0,1,1,64,,5.265,5.265,5.265,90,90,90,0,0,0,0,0,https://materialsproject.org/materials/icsd/166256,cif/166256.cif,12
166441,Fe1 Se1,67,Cmme,<i>mmm</i>,166441,1,0,0,1,NLC (TI),ES (SM),0,0,0,28,PbO(oS8),5.0835,5.1126,5.0304,90,90,90,0,0,0,0,0,https://materialsproject.org/materials/icsd/166441,cif/166441.cif,16
166442,Fe1 Se1,194,P63/mmc,6/<i>mmm</i>,166442,1,0,0,0,ES (SM),ESFD (SM),0,0,0,28,Nickeline-NiAs,3.5904,3.5904,5.8661,90,90,120,0,0,0,0,0,https://materialsproject.org/materials/icsd/166442,cif/166442.cif,24
166443,Fe1 Se1,194,P63/mmc,6/<i>mmm</i>,166442,1,0,0,0,ES (SM),ESFD (SM),0,0,0,28,Nickeline-NiAs,3.509,3.509,5.684,90,90,120,0,0,0,0,0,https://materialsproject.org/materials/icsd/166443,cif/166443.cif,24
166444,Fe1 Se1,194,P63/mmc,6/<i>mmm</i>,166442,1,0,0,0,ES (SM),ESFD (SM),0,0,0,28,Nickeline-NiAs,3.439,3.439,5.463,90,90,120,0,0,0,0,0,https://materialsproject.org/materials/icsd/166444,cif/166444.cif,24
166456,Fe1 Li1 P1,129,P4/nmm,4/<i>mmm</i>,166456,1,0,0,0,SEBR (TI),ES (SM),0,0,1,28,Cu2Sb,3.692,3.692,6.031,90,90,90,0,0,0,0,0,https://materialsproject.org/materials/icsd/166456,cif/166456.cif,16
166457,As1 Fe1 Li1,129,P4/nmm,4/<i>mmm</i>,162056,1,0,0,0,ES (SM),ESFD (SM),1,0,1,28,Cu2Sb,3.791,3.791,6.364,90,90,90,0,0,0,0,0,https://materialsproject.org/materials/icsd/166457,cif/166457.cif,16
166485,Cr1 O2,136,P42/mnm,4/<i>mmm</i>,155831,1,0,0,0,Trivial,Trivial,0,0,0,36,Rutile-TiO2,4.422,4.422,2.918,90,90,90,0,0,0,2,0,https://materialsproject.org/materials/icsd/166485,cif/166485.cif,16
166566,Bi2 O7 Ru2,227,Fd-3m,<i>m</i>-3<i>m</i>,161102,1,0,0,0,Trivial,Trivial,0,0,0,136,Pyrochlore-NaCa(Nb2O6)F,10.294,10.294,10.294,90,90,90,2,2,0,6,0,https://materialsproject.org/materials/icsd/166566,cif/166566.cif,192
166567,Bi2 O7 Ru2,227,Fd-3m,<i>m</i>-3<i>m</i>,161102,1,0,0,0,Trivial,Trivial,0,0,0,136,Pyrochlore-NaCa(Nb2O6)F,10.295,10.295,10.295,90,90,90,2,2,0,6,0,https://materialsproject.org/materials/icsd/166567,cif/166567.cif,192
166586,F5 K1 N1 O1 Os1,11,P21/m,2/<i>m</i>,166586,0,0,1,0,ESFD (SM),ESFD (SM),0,0,0,126,KOsNOF5,9.228,6.045,4.747,90,98.44,90,0,0,0,0,0,https://materialsproject.org/materials/icsd/166586,cif/166586.cif,4
166587,Cs1 F5 N1 O1 Os1,11,P21/m,2/<i>m</i>,166587,0,0,1,0,ESFD (SM),ESFD (SM),0,0,0,126,KOsNOF5,9.492,6.509,4.939,90,97.57,90,0,0,0,0,0,https://materialsproject.org/materials/icsd/166587,cif/166587.cif,4
166589,H12 F6 O6 Sn2 Zn1,2,P-1,-1,166589,1,0,0,1,Trivial,Trivial,0,0,0,110,Co(H2O)6(SnF3)2,6.791,6.986,7.057,102.32,107.76,78.86,0,0,0,0,0,https://materialsproject.org/materials/icsd/166589,cif/166589.cif,2
166590,H12 Cd1 F6 O6 Sn2,2,P-1,-1,166590,0,0,1,1,Trivial,Trivial,0,0,0,110,Co(H2O)6(SnF3)2,6.832,7.139,7.196,77.94,71.81,79.42,0,0,0,0,0,https://materialsproject.org/materials/icsd/166590,cif/166590.cif,2
166673,Co1 O6 Ta2,136,P42/mnm,4/<i>mmm</i>,166673,1,0,0,0,ESFD (SM),ESFD (SM),0,0,0,110,ZnSb2O6,4.715,4.715,9.128,90,90,90,0,0,0,3,0,https://materialsproject.org/materials/icsd/166673,cif/166673.cif,16
166674,Co1 O6 Ta2,136,P42/mnm,4/<i>mmm</i>,166673,1,0,0,0,ESFD (SM),ESFD (SM),0,0,0,110,ZnSb2O6,4.715,4.715,9.127,90,90,90,0,0,0,3,0,https://materialsproject.org/materials/icsd/166674,cif/166674.cif,16
166766,K2 N4 O12 Pd1,14,P21/c,2/<i>m</i>,166766,0,0,1,0,Trivial,Trivial,0,0,0,240,,7.864,7.5323,9.4401,90,99.494,90,0,0,0,0,0,https://materialsproject.org/materials/icsd/166766,cif/166766.cif,4
166815,Fe1 Li1 O4 P1,62,Pnma,<i>mmm</i>,153699,0,0,1,0,Trivial,Trivial,0,0,1,152,Olivine-Mg2SiO4,10.638,5.963,4.528,90,90,90,0,0,0,2,0,https://materialsproject.org/materials/icsd/166815,cif/166815.cif,8
166816,Fe1 Mo1 O6 Sr2,87,I4/m,4/<i>m</i>,150701,1,1,0,1,Trivial,Trivial,0,1,0,70,Sr2NiWO6,5.5711,5.5711,7.8993,90,90,90,0,0,0,3,0,https://materialsproject.org/materials/icsd/166816,cif/166816.cif,16
166827,Al6 Cl2 Na8 O24 Si6,218,P-43n,-43<i>m</i>,15336,1,0,0,0,Trivial,Trivial,0,1,0,208,Sodalite-frame,8.8767,8.8767,8.8767,90,90,90,0,0,0,4,0,https://materialsproject.org/materials/icsd/166827,cif/166827.cif,24
166912,C12 H36 Br2 P4 Tc1,121,I-42m,-42<i>m</i>,166912,0,0,1,0,ESFD (SM),ESFD (SM),0,1,0,125,,9.4771,9.4771,12.123,90,90,90,0,0,0,0,0,https://materialsproject.org/materials/icsd/166912,cif/166912.cif,16
167237,Cr1 O2,136,P42/mnm,4/<i>mmm</i>,155831,1,0,0,1,Trivial,Trivial,0,0,0,36,Rutile-TiO2,4.4185,4.4185,2.9149,90,90,90,0,0,0,2,0,https://materialsproject.org/materials/icsd/167237,cif/167237.cif,16
167293,Al2 O5 Si1,2,P-1,-1,16970,0,0,1,0,Trivial,Trivial,0,0,0,160,Kyanite,7.128,7.856,5.58,89.96,101.14,105.98,0,0,0,3,0,https://materialsproject.org/materials/icsd/167293,cif/167293.cif,2
167294,Al2 O5 Si1,2,P-1,-1,16970,0,0,1,0,Trivial,Trivial,0,0,0,160,Kyanite,7.1301,7.867,5.576,90.14,101.14,106.12,0,0,0,3,0,https://materialsproject.org/materials/icsd/167294,cif/167294.cif,2
167295,Al2 O5 Si1,2,P-1,-1,16970,0,0,1,0,Trivial,Trivial,0,0,0,160,Kyanite,7.128,7.855,5.577,90.05,101.12,105.98,0,0,0,3,0,https://materialsproject.org/materials/icsd/167295,cif/167295.cif,2
167307,Al5 B1 O9,36,Cmc21,<i>mm</i>2,20172,1,0,0,1,Trivial,Trivial,0,0,0,144,Al5(BO3)O6,5.678,15.015,7.7,90,90,90,0,0,0,1,0,https://materialsproject.org/materials/icsd/167307,cif/167307.cif,8
167308,Al5 B1 O9,36,Cmc21,<i>mm</i>2,20172,1,0,0,1,Trivial,Trivial,0,1,0,144,Al5(BO3)O6,5.68,15.02,7.698,90,90,90,0,0,0,3,0,https://materialsproject.org/materials/icsd/167308,cif/167308.cif,8
167309,Al5 B1 O9,36,Cmc21,<i>mm</i>2,20172,1,0,0,1,Trivial,Trivial,0,0,0,144,Al5(BO3)O6,5.677,15.02,7.694,90,90,90,0,0,0,1,0,https://materialsproject.org/materials/icsd/167309,cif/167309.cif,8
167310,Al5 B1 O9,36,Cmc21,<i>mm</i>2,20172,1,0,0,1,Trivial,Trivial,0,0,0,144,Al5(BO3)O6,5.668,14.99,7.683,90,90,90,0,0,0,1,0,https://materialsproject.org/materials/icsd/167310,cif/167310.cif,8
167311,Al5 B1 O9,36,Cmc21,<i>mm</i>2,20172,1,0,0,1,Trivial,Trivial,0,0,0,144,Al5(BO3)O6,5.662,14.94,7.669,90,90,90,0,0,0,1,0,https://materialsproject.org/materials/icsd/167311,cif/167311.cif,8
167312,Al5 B1 O9,36,Cmc21,<i>mm</i>2,20172,1,0,0,1,Trivial,Trivial,0,0,0,144,Al5(BO3)O6,5.655,14.86,7.652,90,90,90,0,0,0,1,0,https://materialsproject.org/materials/icsd/167312,cif/167312.cif,8
167313,Al5 B1 O9,36,Cmc21,<i>mm</i>2,20172,1,0,0,1,Trivial,Trivial,0,0,0,144,Al5(BO3)O6,5.648,14.79,7.644,90,90,90,0,0,0,1,0,https://materialsproject.org/materials/icsd/167313,cif/167313.cif,8
167314,Al5 B1 O9,36,Cmc21,<i>mm</i>2,20172,1,0,0,1,Trivial,Trivial,0,1,0,144,Al5(BO3)O6,5.639,14.76,7.635,90,90,90,0,0,0,1,0,https://materialsproject.org/materials/icsd/167314,cif/167314.cif,8
167315,Al5 B1 O9,36,Cmc21,<i>mm</i>2,20172,1,0,0,1,Trivial,Trivial,0,0,0,144,Al5(BO3)O6,5.641,14.76,7.626,90,90,90,0,0,0,1,0,https://materialsproject.org/materials/icsd/167315,cif/167315.cif,8
167316,Al5 B1 O9,36,Cmc21,<i>mm</i>2,20172,1,0,0,1,Trivial,Trivial,0,1,0,144,Al5(BO3)O6,5.639,14.73,7.618,90,90,90,0,0,0,1,0,https://materialsproject.org/materials/icsd/167316,cif/167316.cif,8
167376,Fe1 Na1 O2,166,R-3m,-3<i>m</i>,167376,1,0,0,0,ESFD (SM),ESFD (SM),0,1,0,21,Delafossite-NaCrS2,3.025,3.025,16.088,90,90,120,0,0,0,0,0,https://materialsproject.org/materials/icsd/167376,cif/167376.cif,36
167377,Fe1 Na1 O2,166,R-3m,-3<i>m</i>,167376,1,0,0,0,ESFD (SM),ESFD (SM),0,1,0,21,Delafossite-NaCrS2,3.018,3.018,16.047,90,90,120,0,0,0,0,0,https://materialsproject.org/materials/icsd/167377,cif/167377.cif,36
167393,Cl1 Fe1 O1,59,Pmmn,<i>mmm</i>,16013,1,0,0,0,ESFD (SM),ESFD (SM),0,0,0,42,FeOCl,3.775,7.864,3.303,90,90,90,0,0,0,1,0,https://materialsproject.org/materials/icsd/167393,cif/167393.cif,8
167519,Ba1 O4 S1,62,Pnma,<i>mmm</i>,16904,0,0,1,1,Trivial,Trivial,0,0,0,160,Barite#-BaSO4,7.215,8.949,5.501,90,90,90,0,0,0,0,0,https://materialsproject.org/materials/icsd/167519,cif/167519.cif,8
167530,Mo3 O12 Rb2 Se1,173,P63,6,167530,1,0,0,0,Trivial,Trivial,0,1,0,228,Cs2(Mo3SeO12),7.2992,7.2992,11.978,90,90,120,0,0,0,6,0,https://materialsproject.org/materials/icsd/167530,cif/167530.cif,6
167531,Mo3 O12 Se1 Tl2,159,P31c,3<i>m</i>,167531,1,0,0,0,Trivial,Trivial,0,1,0,204,Rb2TeW3O12,7.2867,7.2867,11.794,90,90,120,0,0,0,6,0,https://materialsproject.org/materials/icsd/167531,cif/167531.cif,6
167555,F3 La1,139,I4/mmm,4/<i>mmm</i>,155554,1,0,0,0,Trivial,Trivial,0,0,1,32,,4.1114,4.1114,5.1224,90,90,90,0,0,0,0,0,https://materialsproject.org/materials/icsd/167555,cif/167555.cif,32
167556,F3 La1,225,Fm-3m,<i>m</i>-3<i>m</i>,164054,0,0,1,0,Trivial,Trivial,0,0,1,32,BiF3,5.5838,5.5838,5.5838,90,90,90,0,0,0,0,0,https://materialsproject.org/materials/icsd/167556,cif/167556.cif,192
167655,Pd3 Ti1,221,Pm-3m,<i>m</i>-3<i>m</i>,105724,1,0,0,0,ESFD (SM),ESFD (SM),0,0,1,34,Auricupride-AuCu3,3.926,3.926,3.926,90,90,90,1,0,0,0,0,https://materialsproject.org/materials/icsd/167655,cif/167655.cif,48
167811,Al3 V1,139,I4/mmm,4/<i>mmm</i>,151104,1,1,0,0,ES (SM),ESFD (SM),1,0,1,14,Al3Ti,3.702,3.702,8.177,90,90,90,0,0,0,0,0,https://materialsproject.org/materials/icsd/167811,cif/167811.cif,32
167834,Ca1 Se1,216,F-43m,-43<i>m</i>,167834,1,0,0,0,Trivial,Trivial,0,1,1,8,Sphalerite-ZnS(cF8),6.6,6.6,6.6,90,90,90,0,0,0,0,0,https://materialsproject.org/materials/icsd/167834,cif/167834.cif,96
167858,Ag1 N1,225,Fm-3m,<i>m</i>-3<i>m</i>,167858,1,0,0,0,ESFD (SM),ESFD (SM),0,0,1,16,NaCl,4.59,4.59,4.59,90,90,90,0,0,0,0,0,https://materialsproject.org/materials/icsd/167858,cif/167858.cif,192
168162,H3 Al1,167,R-3c,-3<i>m</i>,15225,1,0,0,0,Trivial,Trivial,0,0,0,12,FeF3,4.3508,4.3508,11.8201,90,90,120,0,0,0,2,0,https://materialsproject.org/materials/icsd/168162,cif/168162.cif,36
168206,As1 Fe1 Li1,67,Cmme,<i>mmm</i>,168206,1,0,0,0,NLC (TI),ES (SM),0,0,1,28,NaFeAs,5.26,5.41,6.24,90,90,90,0,0,0,0,0,https://materialsproject.org/materials/icsd/168206,cif/168206.cif,16
168215,Ba2 O6 Re1 Y1,225,Fm-3m,<i>m</i>-3<i>m</i>,168215,1,0,0,1,ESFD (SM),ESFD (SM),0,0,0,74,Elpasolite-K2NaAlF6,8.3395,8.3395,8.3395,90,90,90,0,0,0,3,0,https://materialsproject.org/materials/icsd/168215,cif/168215.cif,192
168216,Ba2 O6 Re1 Y1,225,Fm-3m,<i>m</i>-3<i>m</i>,168215,1,0,0,1,ESFD (SM),ESFD (SM),0,0,0,74,Elpasolite-K2NaAlF6,8.36278,8.36278,8.36278,90,90,90,0,0,0,1,0,https://materialsproject.org/materials/icsd/168216,cif/168216.cif,192
168410,C2 Ba1,139,I4/mmm,4/<i>mmm</i>,168410,1,0,0,0,Trivial,Trivial,0,0,1,18,CaC2,4.332,4.332,7.171,90,90,90,0,0,0,0,0,https://materialsproject.org/materials/icsd/168410,cif/168410.cif,32
168415,Si3 Ti5,193,P63/mcm,6/<i>mmm</i>,168415,1,0,0,0,SEBR (TI),ES (SM),1,0,1,64,Mn5Si3,7.463,7.463,5.132,90,90,120,0,0,0,0,0,https://materialsproject.org/materials/icsd/168415,cif/168415.cif,24
168448,K2 Se1,225,Fm-3m,<i>m</i>-3<i>m</i>,168448,1,1,0,0,Trivial,Trivial,0,0,1,24,Fluorite-CaF2,7.751,7.751,7.751,90,90,90,0,0,0,0,0,https://materialsproject.org/materials/icsd/168448,cif/168448.cif,192
168463,Mg1 O6 Sr2 W1,87,I4/m,4/<i>m</i>,151703,1,1,0,0,Trivial,Trivial,0,0,1,64,Sr2NiWO6,5.5791,5.5791,7.9381,90,90,90,0,0,0,3,0,https://materialsproject.org/materials/icsd/168463,cif/168463.cif,16
168524,C4 Cd1 K2 N4,227,Fd-3m,<i>m</i>-3<i>m</i>,168524,0,0,1,1,Trivial,Trivial,0,0,0,132,K2Zn(CN)4,12.8601,12.8601,12.8601,90,90,90,1,1,0,3,0,https://materialsproject.org/materials/icsd/168524,cif/168524.cif,192
168575,C14 H24 Co1 Cs1 N8,12,C2/m,2/<i>m</i>,168575,0,0,1,0,Trivial,Trivial,0,0,0,138,,8.855,8.926,12.599,90,90.29,90,0,0,0,0,0,https://materialsproject.org/materials/icsd/168575,cif/168575.cif,8
168592,La6 Mn2 S10,193,P63/mcm,6/<i>mmm</i>,168592,1,0,0,0,ES (SM),ES (SM),0,0,0,140,,8.12,8.12,7.26,90,90,120,0,0,0,5,0,https://materialsproject.org/materials/icsd/168592,cif/168592.cif,24
168723,C6 H12 Co1 N8 O8,2,P-1,-1,168723,0,0,1,0,ESFD (SM),ESFD (SM),0,0,0,133,Fe(O2N2CN)2N2C4H4(H2O)4,6.7301,7.091,8.6218,109.184,90.647,107.858,0,0,0,0,0,https://materialsproject.org/materials/icsd/168723,cif/168723.cif,2
168724,C6 H4 Cu1 N8 O4,2,P-1,-1,168724,0,0,1,1,ESFD (SM),ESFD (SM),0,1,0,103,,6.3272,6.8535,6.9057,112.863,102.779,103.167,0,0,0,0,0,https://materialsproject.org/materials/icsd/168724,cif/168724.cif,2
168763,Ba1 O3 Ti1,99,P4mm,4<i>mm</i>,15453,1,0,0,0,Trivial,Trivial,0,0,0,32,Perovskite-PbTiO3,3.9950473,3.9950473,4.0253999,90,90,90,0,0,0,4,0,https://materialsproject.org/materials/icsd/168763,cif/168763.cif,8
168775,As1 F1 Fe1 Sr1,129,P4/nmm,4/<i>mmm</i>,162808,1,0,0,0,Trivial,ES (SM),1,0,0,60,ZrCuSiAs-CuHfSi2,3.9996,3.9996,8.9618,90,90,90,0,0,0,0,0,https://materialsproject.org/materials/icsd/168775,cif/168775.cif,16
168792,H2 Li1 N1,82,I-4,-4,10354,0,0,1,0,Trivial,Trivial,0,0,1,32,LiNH2,5.015,5.015,10.472,90,90,90,0,0,0,0,0,https://materialsproject.org/materials/icsd/168792,cif/168792.cif,8
168793,H2 Li1 N1,82,I-4,-4,10354,0,0,1,0,Trivial,Trivial,0,0,1,32,LiNH2,4.934,4.934,10.274,90,90,90,0,0,0,0,0,https://materialsproject.org/materials/icsd/168793,cif/168793.cif,8
168803,H4 B1 Li1,13,P2/c,2/<i>m</i>,168803,0,0,1,0,Trivial,Trivial,0,0,1,32,,11.343,6.993,8.78,90,90,90,0,0,0,0,0,https://materialsproject.org/materials/icsd/168803,cif/168803.cif,4
168810,Bi2 O3,160,R3m,3<i>m</i>,168810,1,0,0,0,Trivial,Trivial,0,1,1,56,,5.78,5.78,5.78,88.8,88.8,88.8,0,0,0,4,0,https://materialsproject.org/materials/icsd/168810,cif/168810.cif,6
168902,Ca1 Mn1 O3,221,Pm-3m,<i>m</i>-3<i>m</i>,168902,1,1,0,0,ESFD (SM),ESFD (SM),0,0,1,27,Perovskite-CaTiO3,3.6465,3.6465,3.6465,90,90,90,1,0,1,3,0,https://materialsproject.org/materials/icsd/168902,cif/168902.cif,48
168903,Ca1 Mn1 O3,221,Pm-3m,<i>m</i>-3<i>m</i>,168902,1,1,0,0,ESFD (SM),ESFD (SM),0,0,1,27,Perovskite-CaTiO3,3.7151,3.7151,3.7151,90,90,90,1,0,1,3,0,https://materialsproject.org/materials/icsd/168903,cif/168903.cif,48
168905,Ca1 Mn1 O3,221,Pm-3m,<i>m</i>-3<i>m</i>,168902,1,1,0,0,ESFD (SM),ESFD (SM),0,0,1,27,Perovskite-CaTiO3,3.7056,3.7056,3.7056,90,90,90,1,0,1,3,0,https://materialsproject.org/materials/icsd/168905,cif/168905.cif,48
168953,Re1 Ti2,164,P-3m1,-3<i>m</i>,168953,1,0,0,0,ESFD (SM),ESFD (SM),0,0,1,15,Cd2Ce,4.381,4.381,2.835,90,90,120,0,0,0,0,0,https://materialsproject.org/materials/icsd/168953,cif/168953.cif,12
169008,Sn3 Ti5,193,P63/mcm,6/<i>mmm</i>,109292,1,0,0,0,SEBR (TI),ES (SM),0,0,1,64,Mn5Si3,8.065,8.065,5.435,90,90,120,0,0,0,0,0,https://materialsproject.org/materials/icsd/169008,cif/169008.cif,24
169051,H16 Mg7 V1,225,Fm-3m,<i>m</i>-3<i>m</i>,169051,1,0,0,0,ESFD (SM),ESFD (SM),0,0,1,35,Mg7TiH16,9.38,9.38,9.38,90,90,90,1,0,0,0,0,https://materialsproject.org/materials/icsd/169051,cif/169051.cif,192
169052,H16 Mg7 Nb1,225,Fm-3m,<i>m</i>-3<i>m</i>,169052,1,0,0,0,ESFD (SM),ESFD (SM),0,0,1,43,Mg7TiH16,9.322,9.322,9.322,90,90,90,1,0,0,0,0,https://materialsproject.org/materials/icsd/169052,cif/169052.cif,192
169110,H4 F1 Fe1 Na1 O6 S1,11,P21/m,2/<i>m</i>,169110,0,0,1,0,Trivial,Trivial,0,1,0,124,NaFeSO4F(H2O)2,5.75959,7.38273,7.250447,90,113.3225,90,0,0,0,0,0,https://materialsproject.org/materials/icsd/169110,cif/169110.cif,4
169112,H4 F1 Na1 Ni1 O6 S1,11,P21/m,2/<i>m</i>,169112,0,0,1,0,Trivial,ES (SM),0,1,0,128,NaFeSO4F(H2O)2,5.70118,7.27603,7.15634,90,113.8883,90,0,0,0,0,0,https://materialsproject.org/materials/icsd/169112,cif/169112.cif,4
169166,Co1 Sb1,194,P63/mmc,6/<i>mmm</i>,169166,1,0,0,0,SEBR (TI),ESFD (SM),1,0,0,28,Nickeline-NiAs,3.89269,3.89269,5.33324,90,90,120,0,0,0,0,0,https://materialsproject.org/materials/icsd/169166,cif/169166.cif,24
169167,Co1 Sb1,194,P63/mmc,6/<i>mmm</i>,169166,1,0,0,0,SEBR (TI),ESFD (SM),1,0,0,28,Nickeline-NiAs,3.91904,3.91904,5.21553,90,90,120,0,0,0,0,0,https://materialsproject.org/materials/icsd/169167,cif/169167.cif,24
169168,Co1 Sb1,194,P63/mmc,6/<i>mmm</i>,169166,1,0,0,0,SEBR (TI),ESFD (SM),1,0,0,28,Nickeline-NiAs,3.92844,3.92844,5.22127,90,90,120,0,0,0,0,0,https://materialsproject.org/materials/icsd/169168,cif/169168.cif,24
169169,Co1 Sb1,194,P63/mmc,6/<i>mmm</i>,169166,1,0,0,0,SEBR (TI),ESFD (SM),1,0,0,28,Nickeline-NiAs,3.93742,3.93742,5.22849,90,90,120,0,0,0,0,0,https://materialsproject.org/materials/icsd/169169,cif/169169.cif,24
169171,C2 H30 Mg1 O18 S2,148,R-3,-3,169171,0,0,1,0,Trivial,Trivial,0,0,0,160,,9.2715,9.2715,21.1298,90,90,120,0,0,0,0,0,https://materialsproject.org/materials/icsd/169171,cif/169171.cif,18
169175,As1 Fe1 Li1,129,P4/nmm,4/<i>mmm</i>,162056,1,0,0,0,ES (SM),ES (SM),1,0,0,28,PbClF,3.7678,3.7678,6.3151,90,90,90,0,0,0,0,0,https://materialsproject.org/materials/icsd/169175,cif/169175.cif,16
169176,Cl4 Cs2 Cu1,62,Pnma,<i>mmm</i>,15699,1,0,0,0,ES (SM),ESFD (SM),0,0,0,228,Cs2CuCl4,9.753,7.609,12.394,90,90,90,0,0,0,0,0,https://materialsproject.org/materials/icsd/169176,cif/169176.cif,8
169179,Br4 Cs2 Cu1,62,Pnma,<i>mmm</i>,10185,1,0,0,0,ES (SM),ESFD (SM),0,0,0,228,Cs2CuCl4,10.17,7.956,12.915,90,90,90,0,0,0,0,0,https://materialsproject.org/materials/icsd/169179,cif/169179.cif,8
169252,Fe1 Se1,194,P63/mmc,6/<i>mmm</i>,166442,1,0,0,1,ES (SM),ESFD (SM),0,0,0,28,Nickeline-NiAs,3.6361,3.6361,5.907,90,90,120,0,0,0,0,0,https://materialsproject.org/materials/icsd/169252,cif/169252.cif,24
169253,Fe1 Se1,129,P4/nmm,4/<i>mmm</i>,169253,1,0,0,0,SEBR (TI),ESFD (SM),0,0,0,28,FeSe,3.7665,3.7665,5.4359,90,90,90,0,0,0,0,0,https://materialsproject.org/materials/icsd/169253,cif/169253.cif,16
169254,Fe1 Se1,194,P63/mmc,6/<i>mmm</i>,166442,1,0,0,1,ES (SM),ESFD (SM),0,0,0,28,Nickeline-NiAs,3.5996,3.5996,5.9071,90,90,120,0,0,0,0,0,https://materialsproject.org/materials/icsd/169254,cif/169254.cif,24
169255,Fe1 Se1,129,P4/nmm,4/<i>mmm</i>,169253,1,0,0,0,SEBR (TI),ESFD (SM),0,0,0,28,FeSe,3.7526,3.7526,5.3915,90,90,90,0,0,0,0,0,https://materialsproject.org/materials/icsd/169255,cif/169255.cif,16
169256,Fe1 Se1,194,P63/mmc,6/<i>mmm</i>,166442,1,0,0,1,ES (SM),ESFD (SM),0,0,0,28,Nickeline-NiAs,3.5941,3.5941,5.8736,90,90,120,0,0,0,0,0,https://materialsproject.org/materials/icsd/169256,cif/169256.cif,24
169257,Fe1 Se1,129,P4/nmm,4/<i>mmm</i>,169253,1,0,0,0,SEBR (TI),ESFD (SM),0,0,0,28,FeSe,3.7401,3.7401,5.3397,90,90,90,0,0,0,0,0,https://materialsproject.org/materials/icsd/169257,cif/169257.cif,16
169258,Fe1 Se1,194,P63/mmc,6/<i>mmm</i>,166442,1,0,0,1,ES (SM),ESFD (SM),0,0,0,28,Nickeline-NiAs,3.5839,3.5839,5.8302,90,90,120,0,0,0,0,0,https://materialsproject.org/materials/icsd/169258,cif/169258.cif,24
169259,Fe1 Se1,129,P4/nmm,4/<i>mmm</i>,169253,1,0,0,0,SEBR (TI),ESFD (SM),0,0,0,28,FeSe,3.7218,3.7218,5.294,90,90,90,0,0,0,0,0,https://materialsproject.org/materials/icsd/169259,cif/169259.cif,16
169260,Fe1 Se1,194,P63/mmc,6/<i>mmm</i>,166442,1,0,0,1,ES (SM),ESFD (SM),0,0,0,28,Nickeline-NiAs,3.5652,3.5652,5.7855,90,90,120,0,0,0,0,0,https://materialsproject.org/materials/icsd/169260,cif/169260.cif,24
169261,Fe1 Se1,129,P4/nmm,4/<i>mmm</i>,169253,1,0,0,0,SEBR (TI),ESFD (SM),0,0,0,28,FeSe,3.7105,3.7105,5.2748,90,90,90,0,0,0,0,0,https://materialsproject.org/materials/icsd/169261,cif/169261.cif,16
169262,Fe1 Se1,194,P63/mmc,6/<i>mmm</i>,166442,1,0,0,1,ES (SM),ESFD (SM),0,0,0,28,Nickeline-NiAs,3.5561,3.5561,5.7487,90,90,120,0,0,0,0,0,https://materialsproject.org/materials/icsd/169262,cif/169262.cif,24
169263,Fe1 Se1,129,P4/nmm,4/<i>mmm</i>,169253,1,0,0,0,SEBR (TI),ESFD (SM),0,0,0,28,FeSe,3.6928,3.6928,5.225,90,90,90,0,0,0,0,0,https://materialsproject.org/materials/icsd/169263,cif/169263.cif,16
169264,Fe1 Se1,194,P63/mmc,6/<i>mmm</i>,166442,1,0,0,1,ES (SM),ESFD (SM),0,0,0,28,Nickeline-NiAs,3.5348,3.5348,5.6898,90,90,120,0,0,0,0,0,https://materialsproject.org/materials/icsd/169264,cif/169264.cif,24
169265,Fe1 Se1,129,P4/nmm,4/<i>mmm</i>,169253,1,0,0,0,SEBR (TI),ESFD (SM),0,0,0,28,FeSe,3.6733,3.6733,5.1809,90,90,90,0,0,0,0,0,https://materialsproject.org/materials/icsd/169265,cif/169265.cif,16
169266,Fe1 Se1,194,P63/mmc,6/<i>mmm</i>,166442,1,0,0,1,ES (SM),ESFD (SM),0,0,0,28,Nickeline-NiAs,3.5209,3.5209,5.6053,90,90,120,0,0,0,0,0,https://materialsproject.org/materials/icsd/169266,cif/169266.cif,24
169267,Fe1 Se1,129,P4/nmm,4/<i>mmm</i>,169253,1,0,0,0,SEBR (TI),ESFD (SM),0,0,0,28,FeSe,3.6543,3.6543,5.1461,90,90,90,0,0,0,0,0,https://materialsproject.org/materials/icsd/169267,cif/169267.cif,16
169268,Fe1 Se1,194,P63/mmc,6/<i>mmm</i>,166442,1,0,0,1,ES (SM),ESFD (SM),0,0,0,28,Nickeline-NiAs,3.4985,3.4985,5.5576,90,90,120,0,0,0,0,0,https://materialsproject.org/materials/icsd/169268,cif/169268.cif,24
169269,Fe1 Se1,129,P4/nmm,4/<i>mmm</i>,169253,1,0,0,0,SEBR (TI),ESFD (SM),0,0,0,28,FeSe,3.6357,3.6357,5.1123,90,90,90,0,0,0,0,0,https://materialsproject.org/materials/icsd/169269,cif/169269.cif,16
169270,Fe1 Se1,194,P63/mmc,6/<i>mmm</i>,166442,1,0,0,1,ES (SM),ESFD (SM),0,0,0,28,Nickeline-NiAs,3.4822,3.4822,5.5069,90,90,120,0,0,0,0,0,https://materialsproject.org/materials/icsd/169270,cif/169270.cif,24
169271,Fe1 Se1,129,P4/nmm,4/<i>mmm</i>,169253,1,0,0,0,SEBR (TI),ESFD (SM),0,0,0,28,FeSe,3.6103,3.6103,5.0447,90,90,90,0,0,0,0,0,https://materialsproject.org/materials/icsd/169271,cif/169271.cif,16
169272,Fe1 Se1,194,P63/mmc,6/<i>mmm</i>,166442,1,0,0,1,ES (SM),ESFD (SM),0,0,0,28,Nickeline-NiAs,3.4474,3.4474,5.4534,90,90,120,0,0,0,0,0,https://materialsproject.org/materials/icsd/169272,cif/169272.cif,24
169283,Fe1 Se1,67,Cmme,<i>mmm</i>,169283,1,0,0,1,Trivial,ES (SM),0,0,0,28,PbO(oS8),5.2659,5.2925,5.3283,90,90,90,0,0,0,0,0,https://materialsproject.org/materials/icsd/169283,cif/169283.cif,16
169284,Fe1 Se1,194,P63/mmc,6/<i>mmm</i>,166442,1,0,0,1,ES (SM),ESFD (SM),0,0,0,28,Nickeline-NiAs,3.5879,3.5879,5.8592,90,90,120,0,0,0,0,0,https://materialsproject.org/materials/icsd/169284,cif/169284.cif,24
169285,Fe1 Se1,67,Cmme,<i>mmm</i>,169285,1,0,0,1,NLC (TI),ES (SM),0,0,0,28,PbO(oS8),5.2878,5.241,5.3412,90,90,90,0,0,0,0,0,https://materialsproject.org/materials/icsd/169285,cif/169285.cif,16
169286,Fe1 Se1,194,P63/mmc,6/<i>mmm</i>,166442,1,0,0,1,ES (SM),ESFD (SM),0,0,0,28,Nickeline-NiAs,3.5626,3.5626,5.8546,90,90,120,0,0,0,0,0,https://materialsproject.org/materials/icsd/169286,cif/169286.cif,24
169288,Fe1 Se1,194,P63/mmc,6/<i>mmm</i>,166442,1,0,0,1,ES (SM),ESFD (SM),0,0,0,28,Nickeline-NiAs,3.5568,3.5568,5.8144,90,90,120,0,0,0,0,0,https://materialsproject.org/materials/icsd/169288,cif/169288.cif,24
169290,Fe1 Se1,194,P63/mmc,6/<i>mmm</i>,166442,1,0,0,1,ES (SM),ESFD (SM),0,0,0,28,Nickeline-NiAs,3.5472,3.5472,5.8157,90,90,120,0,0,0,0,0,https://materialsproject.org/materials/icsd/169290,cif/169290.cif,24
169292,Fe1 Se1,194,P63/mmc,6/<i>mmm</i>,166442,1,0,0,1,ES (SM),ESFD (SM),0,0,0,28,Nickeline-NiAs,3.543,3.543,5.7726,90,90,120,0,0,0,0,0,https://materialsproject.org/materials/icsd/169292,cif/169292.cif,24
169294,Fe1 Se1,194,P63/mmc,6/<i>mmm</i>,166442,1,0,0,1,ES (SM),ESFD (SM),0,0,0,28,Nickeline-NiAs,3.535,3.535,5.7691,90,90,120,0,0,0,0,0,https://materialsproject.org/materials/icsd/169294,cif/169294.cif,24
169295,Fe1 Se1,67,Cmme,<i>mmm</i>,166441,1,0,0,1,NLC (TI),ES (SM),0,0,0,28,PbO(oS8),5.1891,5.2281,5.1877,90,90,90,0,0,0,0,0,https://materialsproject.org/materials/icsd/169295,cif/169295.cif,16
169296,Fe1 Se1,194,P63/mmc,6/<i>mmm</i>,166442,1,0,0,1,ES (SM),ESFD (SM),0,0,0,28,Nickeline-NiAs,3.5152,3.5152,5.7388,90,90,120,0,0,0,0,0,https://materialsproject.org/materials/icsd/169296,cif/169296.cif,24
169298,Fe1 Se1,194,P63/mmc,6/<i>mmm</i>,166442,1,0,0,1,ES (SM),ESFD (SM),0,0,0,28,Nickeline-NiAs,3.4959,3.4959,5.7382,90,90,120,0,0,0,0,0,https://materialsproject.org/materials/icsd/169298,cif/169298.cif,24
169299,Fe1 Se1,67,Cmme,<i>mmm</i>,166441,1,0,0,1,NLC (TI),ES (SM),0,0,0,28,PbO(oS8),5.1763,5.1533,5.1473,90,90,90,0,0,0,0,0,https://materialsproject.org/materials/icsd/169299,cif/169299.cif,16
169300,Fe1 Se1,194,P63/mmc,6/<i>mmm</i>,166442,1,0,0,1,ES (SM),ESFD (SM),0,0,0,28,Nickeline-NiAs,3.4801,3.4801,5.6793,90,90,120,0,0,0,0,0,https://materialsproject.org/materials/icsd/169300,cif/169300.cif,24
169302,Fe1 Se1,194,P63/mmc,6/<i>mmm</i>,166442,1,0,0,1,ES (SM),ESFD (SM),0,0,0,28,Nickeline-NiAs,3.408,3.408,5.906,90,90,120,0,0,0,0,0,https://materialsproject.org/materials/icsd/169302,cif/169302.cif,24
169303,Fe1 Se1,67,Cmme,<i>mmm</i>,166441,1,0,0,1,NLC (TI),ES (SM),0,0,0,28,PbO(oS8),5.0985,5.1285,5.0702,90,90,90,0,0,0,0,0,https://materialsproject.org/materials/icsd/169303,cif/169303.cif,16
169306,Fe1 Se1,67,Cmme,<i>mmm</i>,166441,1,0,0,1,NLC (TI),ES (SM),0,0,0,28,PbO(oS8),5.0642,5.0874,5.0169,90,90,90,0,0,0,0,0,https://materialsproject.org/materials/icsd/169306,cif/169306.cif,16
169307,Fe1 Se1,194,P63/mmc,6/<i>mmm</i>,166442,1,0,0,1,ES (SM),ESFD (SM),0,0,0,28,Nickeline-NiAs,3.339,3.339,5.953,90,90,120,0,0,0,0,0,https://materialsproject.org/materials/icsd/169307,cif/169307.cif,24
169309,Fe1 Se1,67,Cmme,<i>mmm</i>,166441,1,0,0,1,NLC (TI),ES (SM),0,0,0,28,PbO(oS8),4.891,4.959,5.073,90,90,90,0,0,0,0,0,https://materialsproject.org/materials/icsd/169309,cif/169309.cif,16
169311,Fe1 Se1,67,Cmme,<i>mmm</i>,166441,1,0,0,1,NLC (TI),ES (SM),0,0,0,28,PbO(oS8),4.926,4.894,4.963,90,90,90,0,0,0,0,0,https://materialsproject.org/materials/icsd/169311,cif/169311.cif,16
169313,Fe1 Se1,67,Cmme,<i>mmm</i>,166441,1,0,0,1,NLC (TI),ES (SM),0,0,0,28,PbO(oS8),4.934,4.865,4.939,90,90,90,0,0,0,0,0,https://materialsproject.org/materials/icsd/169313,cif/169313.cif,16
169315,Fe1 Se1,67,Cmme,<i>mmm</i>,166441,1,0,0,1,NLC (TI),ES (SM),0,0,0,28,PbO(oS8),4.861,4.902,4.922,90,90,90,0,0,0,0,0,https://materialsproject.org/materials/icsd/169315,cif/169315.cif,16
169377,Fe1 Mo1 O6 Sr2,139,I4/mmm,4/<i>mmm</i>,151617,1,1,0,0,Trivial,Trivial,0,0,0,70,Cs2Au2Cl6,5.573,5.573,7.902,90,90,90,0,0,0,3,0,https://materialsproject.org/materials/icsd/169377,cif/169377.cif,32
169396,N1 Pd1,221,Pm-3m,<i>m</i>-3<i>m</i>,169396,1,0,0,0,ESFD (SM),ESFD (SM),0,0,1,15,CsCl,2.71,2.71,2.71,90,90,90,0,0,0,0,0,https://materialsproject.org/materials/icsd/169396,cif/169396.cif,48
169407,C1 Sc1,216,F-43m,-43<i>m</i>,169407,1,0,0,0,ESFD (SM),ESFD (SM),0,1,1,7,Sphalerite-ZnS(cF8),5.121,5.121,5.121,90,90,90,0,0,0,0,0,https://materialsproject.org/materials/icsd/169407,cif/169407.cif,96
169412,Al2 O5 Si1,58,Pnnm,<i>mmm</i>,100395,1,0,0,0,Trivial,Trivial,0,0,1,160,Al2SiO5-Andalusite,7.7646,7.8769,5.6527,90,90,90,0,0,0,1,0,https://materialsproject.org/materials/icsd/169412,cif/169412.cif,8
169468,Co2 Ge1 Ti1,225,Fm-3m,<i>m</i>-3<i>m</i>,169468,1,1,0,0,ESFD (SM),ESFD (SM),0,0,1,26,Heusler-AlCu2Mn,5.759,5.759,5.759,90,90,90,0,0,0,0,0,https://materialsproject.org/materials/icsd/169468,cif/169468.cif,192
169469,Co2 Ge1 Ti1,225,Fm-3m,<i>m</i>-3<i>m</i>,169468,1,1,0,0,ESFD (SM),ESFD (SM),0,0,0,26,Heusler-AlCu2Mn,5.823,5.823,5.823,90,90,90,0,0,0,0,0,https://materialsproject.org/materials/icsd/169469,cif/169469.cif,192
169548,Al1 Fe1,221,Pm-3m,<i>m</i>-3<i>m</i>,165165,1,0,0,0,ESFD (SM),ESFD (SM),0,0,0,11,CsCl,2.97,2.97,2.97,90,90,90,0,0,0,0,0,https://materialsproject.org/materials/icsd/169548,cif/169548.cif,48
169549,Al1 Fe1,221,Pm-3m,<i>m</i>-3<i>m</i>,165165,1,0,0,0,ESFD (SM),ESFD (SM),0,0,0,11,CsCl,2.9681,2.9681,2.9681,90,90,90,0,0,0,0,0,https://materialsproject.org/materials/icsd/169549,cif/169549.cif,48
169583,H12 Cu1 N4 O8 Re2,2,P-1,-1,169583,0,0,1,1,ESFD (SM),ESFD (SM),0,0,0,105,,6.5167,6.779,7.4627,67.336,80.004,70.687,0,0,0,0,0,https://materialsproject.org/materials/icsd/169583,cif/169583.cif,2
169664,C4 H6 B1 Cr1 F5 N2,15,C2/c,2/<i>m</i>,169664,0,0,1,0,Trivial,Trivial,0,1,0,152,,12.2555,10.4744,7.2559,90,83.019,90,0,0,0,0,0,https://materialsproject.org/materials/icsd/169664,cif/169664.cif,8
169731,Co2 Ga1 Ni1,225,Fm-3m,<i>m</i>-3<i>m</i>,169731,1,0,0,0,ESFD (SM),ESFD (SM),0,0,1,31,Heusler-AlCu2Mn,5.68,5.68,5.68,90,90,90,0,0,0,0,0,https://materialsproject.org/materials/icsd/169731,cif/169731.cif,192
169758,C4 N4 Pt1 Zn1,132,P42/mcm,4/<i>mmm</i>,169758,0,0,1,1,Trivial,Trivial,0,0,0,116,PdZn(CN)4,5.3592,5.3592,13.455,90,90,90,0,0,0,0,0,https://materialsproject.org/materials/icsd/169758,cif/169758.cif,16
169759,C4 N4 Pd1 Zn1,132,P42/mcm,4/<i>mmm</i>,169759,0,0,1,1,Trivial,Trivial,0,0,0,116,PdZn(CN)4,5.3718,5.3718,13.4271,90,90,90,0,0,0,0,0,https://materialsproject.org/materials/icsd/169759,cif/169759.cif,16
169760,C4 N4 Ni1 Zn1,132,P42/mcm,4/<i>mmm</i>,169760,0,0,1,1,Trivial,Trivial,0,0,0,116,PdZn(CN)4,5.2629,5.2629,12.987,90,90,90,0,0,0,0,0,https://materialsproject.org/materials/icsd/169760,cif/169760.cif,16
169766,Cr1 Te1,216,F-43m,-43<i>m</i>,169766,1,0,0,0,NLC (TI),ES (SM),0,1,1,12,Sphalerite-ZnS(cF8),6.263,6.263,6.263,90,90,90,0,0,0,0,0,https://materialsproject.org/materials/icsd/169766,cif/169766.cif,96
169767,Cr1 Te1,225,Fm-3m,<i>m</i>-3<i>m</i>,169767,1,0,0,0,ESFD (SM),ESFD (SM),0,0,1,12,NaCl,5.727,5.727,5.727,90,90,90,0,0,0,0,0,https://materialsproject.org/materials/icsd/169767,cif/169767.cif,192
169890,C1 Ca1 O3,62,Pnma,<i>mmm</i>,15194,0,0,1,1,Trivial,Trivial,0,0,0,96,Aragonite-CaCO3(oP20),4.9556,7.9779,5.742,90,90,90,0,0,0,0,0,https://materialsproject.org/materials/icsd/169890,cif/169890.cif,8
169891,C1 Ca1 O3,62,Pnma,<i>mmm</i>,15194,0,0,1,1,Trivial,Trivial,0,0,0,96,Aragonite-CaCO3(oP20),4.9566,7.9808,5.7464,90,90,90,0,0,0,0,0,https://materialsproject.org/materials/icsd/169891,cif/169891.cif,8
169892,C1 Ca1 O3,62,Pnma,<i>mmm</i>,15194,0,0,1,1,Trivial,Trivial,0,0,0,96,Aragonite-CaCO3(oP20),4.9576,7.9835,5.7503,90,90,90,0,0,0,0,0,https://materialsproject.org/materials/icsd/169892,cif/169892.cif,8
169893,C1 Ca1 O3,62,Pnma,<i>mmm</i>,15194,0,0,1,1,Trivial,Trivial,0,0,0,96,Aragonite-CaCO3(oP20),4.9586,7.9867,5.7547,90,90,90,0,0,0,0,0,https://materialsproject.org/materials/icsd/169893,cif/169893.cif,8
169894,C1 Ca1 O3,62,Pnma,<i>mmm</i>,15194,0,0,1,1,Trivial,Trivial,0,0,0,96,Aragonite-CaCO3(oP20),4.9594,7.9893,5.7584,90,90,90,0,0,0,0,0,https://materialsproject.org/materials/icsd/169894,cif/169894.cif,8
169895,C1 Ca1 O3,62,Pnma,<i>mmm</i>,15194,0,0,1,1,Trivial,Trivial,0,0,0,96,Aragonite-CaCO3(oP20),4.9605,7.9925,5.7629,90,90,90,0,0,0,0,0,https://materialsproject.org/materials/icsd/169895,cif/169895.cif,8
169896,C1 Ca1 O3,62,Pnma,<i>mmm</i>,15194,0,0,1,1,Trivial,Trivial,0,0,0,96,Aragonite-CaCO3(oP20),4.9614,7.9954,5.7668,90,90,90,0,0,0,0,0,https://materialsproject.org/materials/icsd/169896,cif/169896.cif,8
169897,C1 Ca1 O3,62,Pnma,<i>mmm</i>,15194,0,0,1,1,Trivial,Trivial,0,0,0,96,Aragonite-CaCO3(oP20),4.9624,7.9989,5.7714,90,90,90,0,0,0,0,0,https://materialsproject.org/materials/icsd/169897,cif/169897.cif,8
169898,C1 Ca1 O3,62,Pnma,<i>mmm</i>,15194,0,0,1,1,Trivial,Trivial,0,0,0,96,Aragonite-CaCO3(oP20),4.9635,8.0024,5.776,90,90,90,0,0,0,0,0,https://materialsproject.org/materials/icsd/169898,cif/169898.cif,8
169899,C1 Ca1 O3,62,Pnma,<i>mmm</i>,15194,0,0,1,1,Trivial,Trivial,0,0,0,96,Aragonite-CaCO3(oP20),4.9644,8.0057,5.7805,90,90,90,0,0,0,0,0,https://materialsproject.org/materials/icsd/169899,cif/169899.cif,8
169900,C1 Ca1 O3,62,Pnma,<i>mmm</i>,15194,0,0,1,1,Trivial,Trivial,0,0,0,96,Aragonite-CaCO3(oP20),4.9653,8.0088,5.7847,90,90,90,0,0,0,0,0,https://materialsproject.org/materials/icsd/169900,cif/169900.cif,8
169901,C1 Ca1 O3,62,Pnma,<i>mmm</i>,15194,0,0,1,1,Trivial,Trivial,0,0,0,96,Aragonite-CaCO3(oP20),4.9664,8.0126,5.7898,90,90,90,0,0,0,0,0,https://materialsproject.org/materials/icsd/169901,cif/169901.cif,8
169902,C1 Ca1 O3,62,Pnma,<i>mmm</i>,15194,0,0,1,1,Trivial,Trivial,0,0,0,96,Aragonite-CaCO3(oP20),4.9672,8.0157,5.7938,90,90,90,0,0,0,0,0,https://materialsproject.org/materials/icsd/169902,cif/169902.cif,8
169903,C1 Ca1 O3,62,Pnma,<i>mmm</i>,15194,0,0,1,1,Trivial,Trivial,0,0,0,96,Aragonite-CaCO3(oP20),4.9683,8.0196,5.7989,90,90,90,0,0,0,0,0,https://materialsproject.org/materials/icsd/169903,cif/169903.cif,8
169904,C1 Ca1 O3,62,Pnma,<i>mmm</i>,15194,0,0,1,1,Trivial,Trivial,0,0,0,96,Aragonite-CaCO3(oP20),4.9693,8.0234,5.8037,90,90,90,0,0,0,0,0,https://materialsproject.org/materials/icsd/169904,cif/169904.cif,8
169905,C1 Ca1 O3,62,Pnma,<i>mmm</i>,15194,0,0,1,1,Trivial,Trivial,0,0,0,96,Aragonite-CaCO3(oP20),4.9703,8.0272,5.8087,90,90,90,0,0,0,0,0,https://materialsproject.org/materials/icsd/169905,cif/169905.cif,8
169906,C1 Ca1 O3,62,Pnma,<i>mmm</i>,15194,0,0,1,1,Trivial,Trivial,0,0,0,96,Aragonite-CaCO3(oP20),4.9713,8.0311,5.8141,90,90,90,0,0,0,0,0,https://materialsproject.org/materials/icsd/169906,cif/169906.cif,8
169907,C1 Ca1 O3,62,Pnma,<i>mmm</i>,15194,0,0,1,1,Trivial,Trivial,0,0,0,96,Aragonite-CaCO3(oP20),4.9721,8.0344,5.8183,90,90,90,0,0,0,0,0,https://materialsproject.org/materials/icsd/169907,cif/169907.cif,8
169909,C1 Ca1 O3,62,Pnma,<i>mmm</i>,15194,0,0,1,1,Trivial,Trivial,0,0,0,96,Aragonite-CaCO3(oP20),4.9744,8.0432,5.83,90,90,90,0,0,0,0,0,https://materialsproject.org/materials/icsd/169909,cif/169909.cif,8
169910,C1 Ca1 O3,62,Pnma,<i>mmm</i>,15194,0,0,1,1,Trivial,Trivial,0,0,0,96,Aragonite-CaCO3(oP20),4.975,8.0446,5.8329,90,90,90,0,0,0,0,0,https://materialsproject.org/materials/icsd/169910,cif/169910.cif,8
169911,C1 Ca1 O3,62,Pnma,<i>mmm</i>,15194,0,0,1,1,Trivial,Trivial,0,0,0,96,Aragonite-CaCO3(oP20),4.9767,8.0486,5.8396,90,90,90,0,0,0,0,0,https://materialsproject.org/materials/icsd/169911,cif/169911.cif,8
169912,C1 Ca1 O3,62,Pnma,<i>mmm</i>,15194,0,0,1,1,Trivial,Trivial,0,0,0,96,Aragonite-CaCO3(oP20),4.9778,8.0528,5.8462,90,90,90,0,0,0,0,0,https://materialsproject.org/materials/icsd/169912,cif/169912.cif,8
169970,Fe1 Se1,129,P4/nmm,4/<i>mmm</i>,162901,1,0,0,0,ES (SM),ESFD (SM),1,0,1,28,FeSe,3.656,3.656,5.375,90,90,90,0,0,0,0,0,https://materialsproject.org/materials/icsd/169970,cif/169970.cif,16
169974,Fe1 Te1,129,P4/nmm,4/<i>mmm</i>,169974,1,0,0,0,ES (SM),ESFD (SM),0,0,1,28,FeSe,3.7634,3.7634,5.9322,90,90,90,0,0,0,0,0,https://materialsproject.org/materials/icsd/169974,cif/169974.cif,16
169980,H1 Ni1 O2,156,P3m1,3<i>m</i>,169980,1,0,0,0,ESFD (SM),ESFD (SM),0,1,1,23,,2.81,2.81,4.84,90,90,120,0,0,0,2,0,https://materialsproject.org/materials/icsd/169980,cif/169980.cif,6
170043,H6 K2 O10 Se1 Te1,15,C2/c,2/<i>m</i>,154512,0,0,1,0,Trivial,Trivial,0,1,0,192,,11.536,6.427,13.898,90,105.95,90,0,0,0,2,0,https://materialsproject.org/materials/icsd/170043,cif/170043.cif,8
170090,C1 H4 N2 O1,113,P-421m,-42<i>m</i>,15432,0,0,1,1,Trivial,Trivial,0,0,0,48,Urea,5.578,5.578,4.686,90,90,90,0,0,0,0,0,https://materialsproject.org/materials/icsd/170090,cif/170090.cif,8
170225,C1 Ca1 O3,62,Pnma,<i>mmm</i>,15194,0,0,1,1,Trivial,Trivial,0,0,0,96,Aragonite-CaCO3(oP20),4.96183,7.96914,5.742852,90,90,90,0,0,0,0,0,https://materialsproject.org/materials/icsd/170225,cif/170225.cif,8
170227,Cu1 S4 Ti2,227,Fd-3m,<i>m</i>-3<i>m</i>,170227,1,0,0,1,ESFD (SM),ESFD (SM),1,0,0,86,Spinel-Al2MgO4,10.0059,10.0059,10.0059,90,90,90,1,1,0,8,0,https://materialsproject.org/materials/icsd/170227,cif/170227.cif,192
170476,O2 Si1,227,Fd-3m,<i>m</i>-3<i>m</i>,162620,0,0,1,0,Trivial,Trivial,0,0,1,128,,15.29681,15.29681,15.29681,90,90,90,0,0,0,4,0,https://materialsproject.org/materials/icsd/170476,cif/170476.cif,192
170481,O2 Si1,194,P63/mmc,6/<i>mmm</i>,162623,1,0,0,0,Trivial,Trivial,0,0,1,192,,10.00243,10.00243,10.18004,90,90,120,1,0,0,4,0,https://materialsproject.org/materials/icsd/170481,cif/170481.cif,24
170492,O2 Si1,167,R-3c,-3<i>m</i>,170492,1,0,0,0,Trivial,Trivial,0,0,1,192,,18.45532,18.45532,7.48346,90,90,120,0,0,0,1,0,https://materialsproject.org/materials/icsd/170492,cif/170492.cif,36
170495,O2 Si1,163,P-31c,-3<i>m</i>,170495,1,0,0,0,ES (SM),ESFD (SM),0,0,1,192,,10.86794,10.86794,4.7239,90,90,120,0,0,0,0,0,https://materialsproject.org/materials/icsd/170495,cif/170495.cif,12
170496,O2 Si1,194,P63/mmc,6/<i>mmm</i>,162623,1,0,0,0,Trivial,Trivial,0,0,1,96,,9.06854,9.06854,5.18794,90,90,120,1,0,0,4,0,https://materialsproject.org/materials/icsd/170496,cif/170496.cif,24
170500,O2 Si1,132,P42/mcm,4/<i>mmm</i>,170500,1,0,0,0,Trivial,Trivial,0,0,1,128,,8.11427,8.11427,5.44596,90,90,90,0,0,0,4,0,https://materialsproject.org/materials/icsd/170500,cif/170500.cif,16
170502,O2 Si1,125,P4/nbm,4/<i>mmm</i>,170502,1,0,0,0,ES (SM),ES (SM),0,0,1,256,,11.96453,11.96453,4.25211,90,90,90,0,0,0,0,0,https://materialsproject.org/materials/icsd/170502,cif/170502.cif,16
170503,O2 Si1,126,P4/nnc,4/<i>mmm</i>,170503,1,0,0,0,ES (SM),ES (SM),0,0,1,256,,10.33781,10.33781,4.79775,90,90,90,0,0,0,0,0,https://materialsproject.org/materials/icsd/170503,cif/170503.cif,16
170504,O2 Si1,210,F4132,432,170504,1,0,0,0,ESFD (SM),ESFD (SM),0,1,1,192,,10.83547,10.83547,10.83547,90,90,90,0,0,0,1,0,https://materialsproject.org/materials/icsd/170504,cif/170504.cif,96
170506,O2 Si1,211,I432,432,170506,1,0,0,0,ESFD (SM),ESFD (SM),0,1,1,192,,9.68882,9.68882,9.68882,90,90,90,0,0,0,1,0,https://materialsproject.org/materials/icsd/170506,cif/170506.cif,48
170511,O2 Si1,118,P-4n2,-42<i>m</i>,170511,1,0,0,0,Trivial,Trivial,0,1,1,128,,6.87194,6.87194,6.81655,90,90,90,0,0,0,4,0,https://materialsproject.org/materials/icsd/170511,cif/170511.cif,8
170514,O2 Si1,167,R-3c,-3<i>m</i>,170492,1,0,0,0,Trivial,Trivial,0,0,1,192,,7.42831,7.42831,29.99637,90,90,120,0,0,0,1,0,https://materialsproject.org/materials/icsd/170514,cif/170514.cif,36
170515,O2 Si1,167,R-3c,-3<i>m</i>,170515,1,0,0,0,ES (SM),ESFD (SM),0,0,1,96,,10.24406,10.24406,4.45861,90,90,120,0,0,0,1,0,https://materialsproject.org/materials/icsd/170515,cif/170515.cif,36
170519,O2 Si1,177,P622,622,170519,0,0,1,0,Trivial,Trivial,0,1,1,192,,12.78345,12.78345,3.72082,90,90,120,0,0,0,2,0,https://materialsproject.org/materials/icsd/170519,cif/170519.cif,12
170520,O2 Si1,177,P622,622,170519,0,0,1,0,Trivial,Trivial,0,1,1,192,,12.8247,12.8247,3.6668,90,90,120,0,0,0,2,0,https://materialsproject.org/materials/icsd/170520,cif/170520.cif,12
170522,O2 Si1,177,P622,622,170519,0,0,1,0,Trivial,Trivial,0,1,1,192,,12.68331,12.68331,3.60756,90,90,120,0,0,0,2,0,https://materialsproject.org/materials/icsd/170522,cif/170522.cif,12
170527,O2 Si1,68,Ccce,<i>mmm</i>,170527,1,0,0,0,Trivial,Trivial,0,0,1,128,,8.33168,7.50371,11.03365,90,90,90,0,0,0,2,0,https://materialsproject.org/materials/icsd/170527,cif/170527.cif,16
170532,O2 Si1,116,P-4c2,-42<i>m</i>,170532,1,0,0,0,Trivial,Trivial,0,0,1,128,,6.57585,6.57585,7.2706,90,90,90,0,0,0,2,0,https://materialsproject.org/materials/icsd/170532,cif/170532.cif,8
170533,O2 Si1,48,Pnnn,<i>mmm</i>,170533,1,0,0,0,Trivial,Trivial,0,0,1,128,,9.33308,4.47933,8.06658,90,90,90,0,0,0,1,0,https://materialsproject.org/materials/icsd/170533,cif/170533.cif,8
170535,O2 Si1,50,Pban,<i>mmm</i>,170535,1,0,0,0,Trivial,Trivial,0,0,1,128,,9.10822,9.53351,3.66611,90,90,90,0,0,0,2,0,https://materialsproject.org/materials/icsd/170535,cif/170535.cif,8
170536,O2 Si1,1,P1,1,170536,0,0,1,0,Trivial,Trivial,0,1,1,128,,3.1995,9.34791,9.5113,88.49825,88.33954,89.6815,0,0,0,0,0,https://materialsproject.org/materials/icsd/170536,cif/170536.cif,1
170537,O2 Si1,126,P4/nnc,4/<i>mmm</i>,170537,1,0,0,0,Trivial,Trivial,0,0,1,256,,10.56397,10.56397,5.15554,90,90,90,0,0,0,0,0,https://materialsproject.org/materials/icsd/170537,cif/170537.cif,16
170538,O2 Si1,125,P4/nbm,4/<i>mmm</i>,170538,1,1,0,0,NLC (TI),ES (SM),0,0,1,128,,9.37893,9.37893,3.88183,90,90,90,0,0,0,1,0,https://materialsproject.org/materials/icsd/170538,cif/170538.cif,16
170539,O2 Si1,167,R-3c,-3<i>m</i>,170492,1,0,0,0,Trivial,Trivial,0,0,1,96,,15.81941,15.81941,4.56155,90,90,120,0,0,0,2,0,https://materialsproject.org/materials/icsd/170539,cif/170539.cif,36
170545,O2 Si1,206,Ia-3,<i>m</i>-3,170545,1,0,0,0,Trivial,Trivial,0,0,1,128,,8.4696,8.4696,8.4696,90,90,90,0,0,0,4,0,https://materialsproject.org/materials/icsd/170545,cif/170545.cif,48
170552,O2 Si1,162,P-31m,-3<i>m</i>,170552,1,0,0,0,SEBR (TI),SEBR-SM (SM),0,0,1,96,,8.37598,8.37598,3.88479,90,90,120,0,0,0,1,0,https://materialsproject.org/materials/icsd/170552,cif/170552.cif,12
170586,C1 H1 K1 N2 O2,122,I-42d,-42<i>m</i>,170586,0,0,1,1,Trivial,Trivial,0,1,0,144,,9.2329,9.2329,9.3868,90,90,90,0,0,0,0,0,https://materialsproject.org/materials/icsd/170586,cif/170586.cif,16
170760,H2 As1 In1 O5,2,P-1,-1,170760,1,0,0,1,Trivial,Trivial,0,0,0,80,MgMoO4H2O,5.5,5.72,6.685,98.9,94.6,107.55,0,0,0,0,0,https://materialsproject.org/materials/icsd/170760,cif/170760.cif,2
170772,Al1 La1 O3,221,Pm-3m,<i>m</i>-3<i>m</i>,153831,1,0,0,1,Trivial,Trivial,0,0,0,32,Perovskite-CaTiO3,3.7913,3.7913,3.7913,90,90,90,1,0,1,3,0,https://materialsproject.org/materials/icsd/170772,cif/170772.cif,48
170796,H5 N3 O3,14,P21/c,2/<i>m</i>,162750,0,0,1,0,Trivial,Trivial,0,0,0,152,H3NNH2NO3,7.9649,5.6569,8.1221,90,91.34,90,0,0,0,0,0,https://materialsproject.org/materials/icsd/170796,cif/170796.cif,4
170799,C4 H14 Cl4 N2 Sn1,14,P21/c,2/<i>m</i>,170799,0,0,1,0,Trivial,Trivial,0,0,0,144,,6.319,8.153,11.529,90,100.786,90,0,0,0,0,0,https://materialsproject.org/materials/icsd/170799,cif/170799.cif,4
170847,O7 P2 Sn2,14,P21/c,2/<i>m</i>,170847,1,0,0,1,Trivial,Trivial,0,0,0,120,,7.1765,9.2874,5.2968,90,106.034,90,0,0,0,0,0,https://materialsproject.org/materials/icsd/170847,cif/170847.cif,4
170925,C1 H3 F1 O2,62,Pnma,<i>mmm</i>,170925,0,0,1,1,Trivial,Trivial,0,0,0,104,,6.551,5.651,7.347,90,90,90,0,0,0,0,0,https://materialsproject.org/materials/icsd/170925,cif/170925.cif,8
171007,Ca2 Cl2 Cu1 O10 Te4,2,P-1,-1,171007,0,0,1,1,ESFD (SM),ESFD (SM),0,0,0,113,,5.421,7.266,8.717,71.6,79.26,77.63,0,0,0,2,0,https://materialsproject.org/materials/icsd/171007,cif/171007.cif,2
171011,C2 H6 O1 Se1,2,P-1,-1,171011,1,0,0,1,Trivial,Trivial,0,0,0,52,,4.9794,6.147,6.8905,106.85,90.177,94.213,0,0,0,0,0,https://materialsproject.org/materials/icsd/171011,cif/171011.cif,2
171064,Mg2 O4 Si1,74,Imma,<i>mmm</i>,100725,1,0,0,1,Trivial,Trivial,0,0,0,128,Mn2GeO4,5.6998,11.4383,8.2573,90,90,90,0,0,0,3,0,https://materialsproject.org/materials/icsd/171064,cif/171064.cif,16
171065,Mg2 O4 Si1,74,Imma,<i>mmm</i>,100725,1,0,0,1,Trivial,Trivial,0,0,0,128,Mn2GeO4,5.6941,11.4597,8.2556,90,90,90,0,0,0,3,0,https://materialsproject.org/materials/icsd/171065,cif/171065.cif,16
171066,Mg2 O4 Si1,74,Imma,<i>mmm</i>,100725,1,0,0,1,Trivial,Trivial,0,0,0,128,Mn2GeO4,5.689,11.483,8.2527,90,90,90,0,0,0,3,0,https://materialsproject.org/materials/icsd/171066,cif/171066.cif,16
171090,Al1 Na1 O8 Si3,2,P-1,-1,109006,1,0,0,1,Trivial,Trivial,0,0,0,128,Feldspar#-(TC)-Albite,7.7176,12.5592,7.0113,93.963,117.177,88.132,0,0,0,3,0,https://materialsproject.org/materials/icsd/171090,cif/171090.cif,4
171091,Al1 Na1 O8 Si3,2,P-1,-1,109006,1,0,0,1,Trivial,Trivial,0,0,0,128,Feldspar#-(TC)-Albite,7.5713,12.517,6.9697,93.797,117.448,87.508,0,0,0,4,0,https://materialsproject.org/materials/icsd/171091,cif/171091.cif,4
171092,Al1 Na1 O8 Si3,2,P-1,-1,109006,1,0,0,1,Trivial,Trivial,0,0,0,128,Feldspar#-(TC)-Albite,7.5028,12.4933,6.9463,93.903,117.791,86.786,0,0,0,3,0,https://materialsproject.org/materials/icsd/171092,cif/171092.cif,4
171172,Ba2 O6 Ta1 Y1,225,Fm-3m,<i>m</i>-3<i>m</i>,160172,1,0,0,1,Trivial,Trivial,0,0,0,72,Elpasolite-K2NaAlF6,8.42811,8.42811,8.42811,90,90,90,0,0,0,3,0,https://materialsproject.org/materials/icsd/171172,cif/171172.cif,192
171173,Ba2 O6 Ta1 Y1,225,Fm-3m,<i>m</i>-3<i>m</i>,160172,1,0,0,1,Trivial,Trivial,0,0,0,72,Elpasolite-K2NaAlF6,8.39707,8.39707,8.39707,90,90,90,0,0,0,4,0,https://materialsproject.org/materials/icsd/171173,cif/171173.cif,192
171174,Ba2 O6 Ta1 Y1,225,Fm-3m,<i>m</i>-3<i>m</i>,160172,1,0,0,1,Trivial,Trivial,0,0,0,72,Elpasolite-K2NaAlF6,8.38092,8.38092,8.38092,90,90,90,0,0,0,3,0,https://materialsproject.org/materials/icsd/171174,cif/171174.cif,192
171175,Ba2 O6 Ta1 Y1,225,Fm-3m,<i>m</i>-3<i>m</i>,160172,1,0,0,1,Trivial,Trivial,0,0,0,72,Elpasolite-K2NaAlF6,8.37435,8.37435,8.37435,90,90,90,0,0,0,3,0,https://materialsproject.org/materials/icsd/171175,cif/171175.cif,192
171178,Be1 F4 Tl2,62,Pnma,<i>mmm</i>,171178,1,0,0,1,Trivial,Trivial,0,0,0,144,Cs2BeF4,7.7238,5.90226,10.4499,90,90,90,0,0,0,0,0,https://materialsproject.org/materials/icsd/171178,cif/171178.cif,8
171179,Be1 F4 Tl2,62,Pnma,<i>mmm</i>,171178,1,0,0,1,Trivial,Trivial,0,0,0,144,Cs2BeF4,7.69999,5.86734,10.4039,90,90,90,0,0,0,0,0,https://materialsproject.org/materials/icsd/171179,cif/171179.cif,8
171180,Be1 F4 Tl2,62,Pnma,<i>mmm</i>,171178,1,0,0,1,Trivial,Trivial,0,0,0,144,Cs2BeF4,7.6902,5.84889,10.37848,90,90,90,0,0,0,0,0,https://materialsproject.org/materials/icsd/171180,cif/171180.cif,8
171181,Be1 F4 Tl2,62,Pnma,<i>mmm</i>,171178,1,0,0,1,Trivial,Trivial,0,0,0,144,Cs2BeF4,7.68265,5.83059,10.35278,90,90,90,0,0,0,0,0,https://materialsproject.org/materials/icsd/171181,cif/171181.cif,8
171182,Be1 F4 Tl2,62,Pnma,<i>mmm</i>,171178,1,0,0,1,Trivial,Trivial,0,0,0,144,Cs2BeF4,7.67874,5.81248,10.32788,90,90,90,0,0,0,0,0,https://materialsproject.org/materials/icsd/171182,cif/171182.cif,8
171183,Be1 F4 Tl2,62,Pnma,<i>mmm</i>,171178,1,0,0,1,Trivial,Trivial,0,0,0,144,Cs2BeF4,7.67735,5.80377,10.31316,90,90,90,0,0,0,0,0,https://materialsproject.org/materials/icsd/171183,cif/171183.cif,8
171198,Mn1 Sn2,140,I4/mcm,4/<i>mmm</i>,102799,1,0,0,1,ESFD (SM),ESFD (SM),1,0,0,30,Al2Cu,6.6438,6.6438,5.4206,90,90,90,0,0,0,0,0,https://materialsproject.org/materials/icsd/171198,cif/171198.cif,32
171202,C3 H10 B1 F4 N1,11,P21/m,2/<i>m</i>,171202,0,0,1,0,Trivial,Trivial,0,1,0,116,(CH3)3NHBF4,5.46,8.496,7.433,90,103.8,90,0,0,0,0,0,https://materialsproject.org/materials/icsd/171202,cif/171202.cif,4
171236,Br8 S9 Ta4,107,I4mm,4<i>mm</i>,171236,0,0,1,1,Trivial,Trivial,0,1,0,130,,12.765,12.765,6.966,90,90,90,0,0,0,1,0,https://materialsproject.org/materials/icsd/171236,cif/171236.cif,16
171333,C2 N2 Se3,62,Pnma,<i>mmm</i>,10072,0,0,1,1,Trivial,Trivial,0,0,0,144,S(SCN)2,10.054,13.332,4.454,90,90,90,0,0,0,0,0,https://materialsproject.org/materials/icsd/171333,cif/171333.cif,8
171372,H5 N1 O3 Se1,2,P-1,-1,171372,0,0,1,1,Trivial,Trivial,0,0,0,68,,5.066,5.9587,6.9337,70.473,72.124,89.791,0,0,0,0,0,https://materialsproject.org/materials/icsd/171372,cif/171372.cif,2
171374,Na2 O8 S2,2,P-1,-1,171374,0,0,1,1,Trivial,Trivial,0,0,0,62,,4.78,5.575,6.091,101.871,103.337,97.418,0,0,0,0,0,https://materialsproject.org/materials/icsd/171374,cif/171374.cif,2
171430,F2 Sb2 Se4 Sr2,129,P4/nmm,4/<i>mmm</i>,171430,1,0,0,0,Trivial,Trivial,0,0,0,68,CeBiOS2,4.19264,4.19264,14.2145,90,90,90,0,0,0,0,0,https://materialsproject.org/materials/icsd/171430,cif/171430.cif,16
171433,Ba1 Co2 O5 Y1,47,Pmmm,<i>mmm</i>,171433,1,0,0,0,ESFD (SM),ESFD (SM),0,0,0,69,Perovskite_double#NdBaCo2O5.5-x,3.89219,3.88498,7.4808,90,90,90,0,0,0,3,0,https://materialsproject.org/materials/icsd/171433,cif/171433.cif,8
171449,H2 F5 N1 Te1,4,P21,2,171449,0,0,1,1,Trivial,Trivial,0,0,0,96,,5.163,9.083,5.262,90,112.223,90,0,0,0,0,0,https://materialsproject.org/materials/icsd/171449,cif/171449.cif,2
171451,I1 La1,194,P63/mmc,6/<i>mmm</i>,171451,1,0,0,1,SEBR (TI),ES (SM),0,0,0,36,LaI,3.9292,3.9292,9.712,90,90,120,0,0,0,0,0,https://materialsproject.org/materials/icsd/171451,cif/171451.cif,24
171458,C2 Na2 O4,14,P21/c,2/<i>m</i>,171458,0,0,1,0,Trivial,Trivial,0,0,0,68,Na2C2O4,3.482,5.262,10.432,90,93.08,90,0,0,0,0,0,https://materialsproject.org/materials/icsd/171458,cif/171458.cif,4
171459,C2 Na2 O4,14,P21/c,2/<i>m</i>,171458,0,0,1,0,Trivial,Trivial,0,0,1,68,Na2C2O4,3.556,5.286,10.591,90,93.84,90,0,0,0,0,0,https://materialsproject.org/materials/icsd/171459,cif/171459.cif,4
171479,Ba3 Mn1 Nb2 O9,164,P-3m1,-3<i>m</i>,171479,1,0,0,1,ESFD (SM),ESFD (SM),0,0,0,117,Ba3SrTa2O9,5.81249,5.81249,7.14368,90,90,120,1,0,0,3,0,https://materialsproject.org/materials/icsd/171479,cif/171479.cif,12
171579,Mn1 O3 Ti1,148,R-3,-3,171579,1,1,0,1,SEBR (TI),SEBR-SM (SM),0,1,0,58,Ilmenite-FeTiO3,5.1386,5.1386,14.2857,90,90,120,0,0,0,3,0,https://materialsproject.org/materials/icsd/171579,cif/171579.cif,18
171662,C1 F3 O3 Rb1 S1,4,P21,2,171662,0,0,1,1,Trivial,Trivial,0,0,0,116,RbSO3CF3,10.3434,5.82833,5.19818,90,104.278,90,0,0,0,0,0,https://materialsproject.org/materials/icsd/171662,cif/171662.cif,2
171689,C2 H6 O4 S1,43,Fdd2,<i>mm</i>2,171689,0,0,1,1,Trivial,Trivial,0,0,0,88,,12.0568,15.9176,5.8001,90,90,90,0,0,0,0,0,https://materialsproject.org/materials/icsd/171689,cif/171689.cif,16
171813,F3 Mg1 Na1,221,Pm-3m,<i>m</i>-3<i>m</i>,171813,1,0,0,1,Trivial,Trivial,0,0,0,24,Perovskite-CaTiO3,3.876,3.876,3.876,90,90,90,1,0,1,3,0,https://materialsproject.org/materials/icsd/171813,cif/171813.cif,48
171866,Mn1 O2,62,Pnma,<i>mmm</i>,20228,1,0,0,1,ES (SM),ESFD (SM),0,0,0,76,VO2,9.2734,2.8638,4.5219,90,90,90,0,0,0,2,0,https://materialsproject.org/materials/icsd/171866,cif/171866.cif,8
171988,Ba2 Ca1 O6 Os1,225,Fm-3m,<i>m</i>-3<i>m</i>,171988,1,0,0,1,ESFD (SM),ESFD (SM),0,0,0,66,Elpasolite-K2NaAlF6,8.359,8.359,8.359,90,90,90,0,0,0,3,0,https://materialsproject.org/materials/icsd/171988,cif/171988.cif,192
171989,Ba2 Ca1 O6 Os1,225,Fm-3m,<i>m</i>-3<i>m</i>,171988,1,0,0,1,ESFD (SM),ESFD (SM),0,0,0,66,Elpasolite-K2NaAlF6,8.344,8.344,8.344,90,90,90,0,0,0,3,0,https://materialsproject.org/materials/icsd/171989,cif/171989.cif,192
172053,C4 H8 N2 O4,12,C2/m,2/<i>m</i>,172053,0,0,1,1,Trivial,Trivial,0,0,0,58,,8.205,10.506,4.146,90,109.58,90,0,0,0,0,0,https://materialsproject.org/materials/icsd/172053,cif/172053.cif,8
172054,C4 H8 N2 O4,12,C2/m,2/<i>m</i>,172053,0,0,1,1,Trivial,Trivial,0,0,0,58,,8.24,10.538,4.182,90,109.04,90,0,0,0,0,0,https://materialsproject.org/materials/icsd/172054,cif/172054.cif,8
172060,H2 Na3 O6 Os1,11,P21/m,2/<i>m</i>,172060,0,0,1,1,ESFD (SM),ESFD (SM),0,0,0,98,,5.7605,9.2995,5.9485,90,118.168,90,0,0,0,2,0,https://materialsproject.org/materials/icsd/172060,cif/172060.cif,4
172166,Ba2 In1 Nb1 O6,225,Fm-3m,<i>m</i>-3<i>m</i>,109162,1,0,0,1,Trivial,Trivial,0,0,0,72,Elpasolite-K2NaAlF6,8.2819,8.2819,8.2819,90,90,90,0,0,0,4,0,https://materialsproject.org/materials/icsd/172166,cif/172166.cif,192
172178,O2 Ru1,136,P42/mnm,4/<i>mmm</i>,15071,1,0,0,1,Trivial,ES (SM),0,0,0,40,Rutile-TiO2,4.4923,4.4923,3.0995,90,90,90,0,0,0,2,0,https://materialsproject.org/materials/icsd/172178,cif/172178.cif,16
172212,Fe1 Mo1 O6 Sr2,87,I4/m,4/<i>m</i>,150701,1,1,0,1,Trivial,Trivial,0,1,0,70,Sr2NiWO6,5.5529,5.5529,7.8993,90,90,90,0,0,0,3,0,https://materialsproject.org/materials/icsd/172212,cif/172212.cif,16
172330,Ga1 O6 Sr2 Ta1,87,I4/m,4/<i>m</i>,172330,1,0,0,1,Trivial,Trivial,0,0,0,64,Sr2NiWO6,5.57539,5.57539,7.8949,90,90,90,0,0,0,3,0,https://materialsproject.org/materials/icsd/172330,cif/172330.cif,16
172335,C2 Cu1 F6 O6 S2,2,P-1,-1,172335,0,0,1,1,ESFD (SM),ESFD (SM),0,0,0,109,,4.98965,10.7668,4.82189,103.523,118.085,79.459,0,0,0,1,0,https://materialsproject.org/materials/icsd/172335,cif/172335.cif,2
172343,F1 O3 P1 Rb2,62,Pnma,<i>mmm</i>,172343,0,0,1,1,Trivial,Trivial,0,0,0,192,Cs2BeF4,7.8714,6.1236,10.5424,90,90,90,0,0,0,0,0,https://materialsproject.org/materials/icsd/172343,cif/172343.cif,8
172344,F1 O3 P1 Rb2,62,Pnma,<i>mmm</i>,172343,0,0,1,1,Trivial,Trivial,0,0,0,192,Cs2BeF4,7.8403,6.1034,10.4813,90,90,90,0,0,0,0,0,https://materialsproject.org/materials/icsd/172344,cif/172344.cif,8
172345,Cs2 F1 O3 P1,62,Pnma,<i>mmm</i>,172345,0,0,1,1,Trivial,Trivial,0,0,0,192,Cs2BeF4,8.308,6.3812,11.036,90,90,90,0,0,0,0,0,https://materialsproject.org/materials/icsd/172345,cif/172345.cif,8
172346,Cs2 F1 O3 P1,62,Pnma,<i>mmm</i>,172345,0,0,1,1,Trivial,Trivial,0,0,0,192,Cs2BeF4,8.2821,6.3577,10.9827,90,90,90,0,0,0,0,0,https://materialsproject.org/materials/icsd/172346,cif/172346.cif,8
172377,H12 Cs1 Fe1 O10 P1,216,F-43m,-43<i>m</i>,172377,0,0,1,1,Trivial,Trivial,0,1,0,94,CsMg(H2O)6PO4,10.06024,10.06024,10.06024,90,90,90,0,0,0,0,0,https://materialsproject.org/materials/icsd/172377,cif/172377.cif,96
172524,C4 H4 Cr1 K1 O10,12,C2/m,2/<i>m</i>,172524,0,0,1,1,ESFD (SM),ESFD (SM),0,1,0,95,KCr(C2O4)2(H2O)2,6.6012,7.2585,9.8539,90,92.228,90,0,0,0,0,0,https://materialsproject.org/materials/icsd/172524,cif/172524.cif,8
172595,Cl1 N1 Sr2,166,R-3m,-3<i>m</i>,172595,1,0,0,1,Trivial,Trivial,0,0,0,32,Delafossite-NaCrS2,3.8886,3.8886,20.8977,90,90,120,0,0,0,0,0,https://materialsproject.org/materials/icsd/172595,cif/172595.cif,36
172596,Cl1 N1 Sr2,166,R-3m,-3<i>m</i>,172595,1,0,0,1,Trivial,Trivial,0,0,0,32,Delafossite-NaCrS2,3.8795,3.8795,20.8358,90,90,120,0,0,0,0,0,https://materialsproject.org/materials/icsd/172596,cif/172596.cif,36
172600,Br1 N1 Sr2,166,R-3m,-3<i>m</i>,172600,1,0,0,1,Trivial,Trivial,0,0,0,32,Delafossite-NaCrS2,3.9324,3.9324,21.838,90,90,120,0,0,0,4,0,https://materialsproject.org/materials/icsd/172600,cif/172600.cif,36
172601,Br1 N1 Sr2,166,R-3m,-3<i>m</i>,172600,1,0,0,1,Trivial,Trivial,0,0,0,32,Delafossite-NaCrS2,3.9211,3.9211,21.761,90,90,120,0,0,0,4,0,https://materialsproject.org/materials/icsd/172601,cif/172601.cif,36
172720,Al2 O5 Si1,62,Pnma,<i>mmm</i>,100450,1,0,0,0,Trivial,Trivial,0,0,0,160,Al2SiO5-Sillimanite,7.48388,7.6726,5.76807,90,90,90,0,0,0,4,0,https://materialsproject.org/materials/icsd/172720,cif/172720.cif,8
172721,Al2 O5 Si1,62,Pnma,<i>mmm</i>,100450,1,0,0,0,Trivial,Trivial,0,0,0,160,Al2SiO5-Sillimanite,7.4604,7.6395,5.7584,90,90,90,0,0,0,4,0,https://materialsproject.org/materials/icsd/172721,cif/172721.cif,8
172722,Al2 O5 Si1,62,Pnma,<i>mmm</i>,100450,1,0,0,0,Trivial,Trivial,0,0,0,160,Al2SiO5-Sillimanite,7.42183,7.5868,5.74298,90,90,90,0,0,0,4,0,https://materialsproject.org/materials/icsd/172722,cif/172722.cif,8
172723,Al2 O5 Si1,62,Pnma,<i>mmm</i>,100450,1,0,0,0,Trivial,Trivial,0,0,0,160,Al2SiO5-Sillimanite,7.39939,7.5576,5.73421,90,90,90,0,0,0,2,0,https://materialsproject.org/materials/icsd/172723,cif/172723.cif,8
172724,Al2 O5 Si1,62,Pnma,<i>mmm</i>,100450,1,0,0,0,Trivial,Trivial,0,0,0,160,Al2SiO5-Sillimanite,7.3717,7.5243,5.72421,90,90,90,0,0,0,3,0,https://materialsproject.org/materials/icsd/172724,cif/172724.cif,8
172725,Al2 O5 Si1,58,Pnnm,<i>mmm</i>,100395,1,0,0,0,Trivial,Trivial,0,0,0,160,Al2SiO5-Andalusite,7.793,7.89734,5.55583,90,90,90,0,0,0,2,0,https://materialsproject.org/materials/icsd/172725,cif/172725.cif,8
172726,Al2 O5 Si1,58,Pnnm,<i>mmm</i>,100395,1,0,0,0,Trivial,Trivial,0,0,0,160,Al2SiO5-Andalusite,7.7568,7.87268,5.54488,90,90,90,0,0,0,2,0,https://materialsproject.org/materials/icsd/172726,cif/172726.cif,8
172727,Al2 O5 Si1,58,Pnnm,<i>mmm</i>,100395,1,0,0,0,Trivial,Trivial,0,0,0,160,Al2SiO5-Andalusite,7.732,7.85659,5.53642,90,90,90,0,0,0,2,0,https://materialsproject.org/materials/icsd/172727,cif/172727.cif,8
172728,Al2 O5 Si1,58,Pnnm,<i>mmm</i>,100395,1,0,0,0,Trivial,Trivial,0,0,0,160,Al2SiO5-Andalusite,7.7186,7.8467,5.5329,90,90,90,0,0,0,2,0,https://materialsproject.org/materials/icsd/172728,cif/172728.cif,8
172729,Al2 O5 Si1,58,Pnnm,<i>mmm</i>,100395,1,0,0,0,Trivial,Trivial,0,0,0,160,Al2SiO5-Andalusite,7.7014,7.8354,5.52629,90,90,90,0,0,0,2,0,https://materialsproject.org/materials/icsd/172729,cif/172729.cif,8
172730,Al2 O5 Si1,58,Pnnm,<i>mmm</i>,100395,1,0,0,0,Trivial,Trivial,0,0,0,160,Al2SiO5-Andalusite,7.6704,7.81452,5.51589,90,90,90,0,0,0,2,0,https://materialsproject.org/materials/icsd/172730,cif/172730.cif,8
172731,Al2 O5 Si1,58,Pnnm,<i>mmm</i>,100395,1,0,0,0,Trivial,Trivial,0,0,0,160,Al2SiO5-Andalusite,7.6313,7.78625,5.50175,90,90,90,0,0,0,2,0,https://materialsproject.org/materials/icsd/172731,cif/172731.cif,8
172732,Al2 O5 Si1,58,Pnnm,<i>mmm</i>,100395,1,0,0,0,Trivial,Trivial,0,0,0,160,Al2SiO5-Andalusite,7.5922,7.76,5.4872,90,90,90,0,0,0,2,0,https://materialsproject.org/materials/icsd/172732,cif/172732.cif,8
172796,Cu1 F1 S1 Sr1,129,P4/nmm,4/<i>mmm</i>,172796,1,0,0,0,NLC (TI),ESFD (SM),0,0,0,68,ZrCuSiAs-CuHfSi2,3.956,3.956,8.659,90,90,90,0,0,0,0,0,https://materialsproject.org/materials/icsd/172796,cif/172796.cif,16
172914,O2 Ti1,141,I41/amd,4/<i>mmm</i>,154601,1,0,0,1,Trivial,Trivial,0,0,0,32,Anatase-TiO2,3.78465,3.78465,9.5123,90,90,90,0,0,0,2,0,https://materialsproject.org/materials/icsd/172914,cif/172914.cif,32
172916,O2 Ti1,141,I41/amd,4/<i>mmm</i>,154601,1,0,0,1,Trivial,Trivial,0,0,0,32,Anatase-TiO2,3.785,3.785,9.5133,90,90,90,0,0,0,2,0,https://materialsproject.org/materials/icsd/172916,cif/172916.cif,32
172988,H3 As2 Li1 O7,12,C2/m,2/<i>m</i>,172988,1,0,0,1,Trivial,Trivial,0,0,0,112,,11.456,9.133,5.63,90,115.56,90,0,0,0,0,0,https://materialsproject.org/materials/icsd/172988,cif/172988.cif,8
173014,Al2 O3,1,P1,1,173014,1,0,0,1,Trivial,Trivial,0,0,0,48,,3.4009,2.7895,7.0762,90,90,90,0,0,0,0,0,https://materialsproject.org/materials/icsd/173014,cif/173014.cif,1
173026,Ca5 Sb3,193,P63/mcm,6/<i>mmm</i>,173026,1,0,0,1,ESFD (SM),ESFD (SM),0,0,0,50,Mn5Si3,9.0312,9.0312,7.0254,90,90,120,0,0,0,0,0,https://materialsproject.org/materials/icsd/173026,cif/173026.cif,24
173119,Mg1 Mo1 O6 Sr2,2,P-1,-1,173119,1,0,0,1,Trivial,Trivial,0,0,0,64,Perovskite-Ba2LaRuO6(I1-),5.566661,5.566118,7.919158,89.9907,89.9723,89.9962,0,0,0,3,0,https://materialsproject.org/materials/icsd/173119,cif/173119.cif,4
173179,H2 Li1 N1,82,I-4,-4,10354,0,0,1,1,Trivial,Trivial,0,0,0,32,,5.04309,5.04309,10.2262,90,90,90,0,0,0,0,0,https://materialsproject.org/materials/icsd/173179,cif/173179.cif,8
173374,B1 Br3,176,P63/m,6/<i>m</i>,173374,1,0,0,1,Trivial,Trivial,0,0,0,48,BCl3,6.4304,6.4304,6.8466,90,90,120,0,0,0,0,0,https://materialsproject.org/materials/icsd/173374,cif/173374.cif,12
173375,B1 I3,176,P63/m,6/<i>m</i>,173375,1,0,0,1,Trivial,Trivial,1,0,0,48,,6.9966,6.9966,7.2615,90,90,120,0,0,0,0,0,https://materialsproject.org/materials/icsd/173375,cif/173375.cif,12
173432,As1 Fe1 La1 O1,129,P4/nmm,4/<i>mmm</i>,163496,1,0,0,0,Trivial,ES (SM),0,0,0,60,ZrCuSiAs-CuHfSi2,4.03533,4.03533,8.7409,90,90,90,0,0,0,0,0,https://materialsproject.org/materials/icsd/173432,cif/173432.cif,16
173434,Fe1 O2 Sr1,123,P4/mmm,4/<i>mmm</i>,173434,1,0,0,1,ES (SM),ESFD (SM),0,0,0,30,LaNiO2,3.99107,3.99107,3.47481,90,90,90,0,0,1,3,0,https://materialsproject.org/materials/icsd/173434,cif/173434.cif,16
173438,Ca1 Fe1 O2,123,P4/mmm,4/<i>mmm</i>,173438,1,0,0,1,ES (SM),ESFD (SM),0,0,0,22,LaNiO2,3.89079,3.89079,3.35433,90,90,90,0,0,1,3,0,https://materialsproject.org/materials/icsd/173438,cif/173438.cif,16
173487,Ni1 O6 Re1 Sr2,87,I4/m,4/<i>m</i>,173487,1,0,0,1,ESFD (SM),ESFD (SM),0,1,0,73,Sr2NiWO6,5.5452,5.5452,7.9179,90,90,90,0,0,0,3,0,https://materialsproject.org/materials/icsd/173487,cif/173487.cif,16
173488,Co1 O6 Re1 Sr2,87,I4/m,4/<i>m</i>,173488,1,1,0,1,SEBR (TI),NLC-SM (SM),0,1,0,72,Sr2NiWO6,5.5631,5.5631,7.9516,90,90,90,0,0,0,3,0,https://materialsproject.org/materials/icsd/173488,cif/173488.cif,16
173490,Ni1 O6 Re1 Sr2,87,I4/m,4/<i>m</i>,173487,1,0,0,1,ESFD (SM),ESFD (SM),0,0,0,73,Sr2NiWO6,5.5024,5.5024,7.9607,90,90,90,0,0,0,3,0,https://materialsproject.org/materials/icsd/173490,cif/173490.cif,16
173504,Ba1 Co1 O3,194,P63/mmc,6/<i>mmm</i>,173504,1,0,0,0,ESFD (SM),ESFD (SM),0,0,0,74,BaNiO3,5.6525,5.6525,4.7629,90,90,120,0,0,0,2,0,https://materialsproject.org/materials/icsd/173504,cif/173504.cif,24
173552,C6 Ag3 Fe1 N6,162,P-31m,-3<i>m</i>,173552,1,0,0,0,ESFD (SM),ESFD (SM),0,1,0,95,H3Fe(CN)6,6.7172,6.7172,7.5196,90,90,120,1,0,0,4,0,https://materialsproject.org/materials/icsd/173552,cif/173552.cif,12
173553,C6 Ag3 Fe1 N6,162,P-31m,-3<i>m</i>,173552,1,0,0,0,ESFD (SM),ESFD (SM),0,1,0,95,H3Fe(CN)6,6.96257,6.96257,7.269,90,90,120,1,0,0,4,0,https://materialsproject.org/materials/icsd/173553,cif/173553.cif,12
173748,F2 O7 Te2 V2,2,P-1,-1,173748,1,0,0,1,Trivial,Trivial,0,0,0,78,Cu3(PO4)2(P1-),4.882,5.112,7.243,108.17,91.64,92.63,0,0,0,2,0,https://materialsproject.org/materials/icsd/173748,cif/173748.cif,2
173757,Na1 O3 Ta1,62,Pnma,<i>mmm</i>,150430,1,0,0,0,Trivial,Trivial,0,0,0,96,Perovskite-GdFeO3,5.5883,5.6584,7.9309,90,90,90,0,0,0,3,0,https://materialsproject.org/materials/icsd/173757,cif/173757.cif,8
173760,Co3 S2 Sn2,166,R-3m,-3<i>m</i>,173760,1,1,0,1,ESFD (SM),ESFD (SM),0,0,0,47,Ni3Pb2S2,5.35739,5.35739,13.1274,90,90,120,1,0,0,3,0,https://materialsproject.org/materials/icsd/173760,cif/173760.cif,36
173761,Co3 S2 Sn2,166,R-3m,-3<i>m</i>,173760,1,1,0,1,ESFD (SM),ESFD (SM),0,0,0,47,Ni3Pb2S2,5.35853,5.35853,13.1385,90,90,120,1,0,0,3,0,https://materialsproject.org/materials/icsd/173761,cif/173761.cif,36
173762,Co3 S2 Sn2,166,R-3m,-3<i>m</i>,173760,1,1,0,1,ESFD (SM),ESFD (SM),0,1,0,47,Ni3Pb2S2,5.35891,5.35891,13.141,90,90,120,1,0,0,3,0,https://materialsproject.org/materials/icsd/173762,cif/173762.cif,36
173763,Co3 S2 Sn2,166,R-3m,-3<i>m</i>,173760,1,1,0,1,ESFD (SM),ESFD (SM),0,1,0,47,Ni3Pb2S2,5.36107,5.36107,13.1567,90,90,120,1,0,0,3,0,https://materialsproject.org/materials/icsd/173763,cif/173763.cif,36
173764,Co3 S2 Sn2,166,R-3m,-3<i>m</i>,173760,1,1,0,1,ESFD (SM),ESFD (SM),0,1,0,47,Ni3Pb2S2,5.36855,5.36855,13.1903,90,90,120,1,0,0,3,0,https://materialsproject.org/materials/icsd/173764,cif/173764.cif,36
173795,La2 O7 Zr2,227,Fd-3m,<i>m</i>-3<i>m</i>,173795,1,0,0,0,SEBR (TI),ESFD (SM),0,0,0,144,Pyrochlore-NaCa(Nb2O6)F,10.8076,10.8076,10.8076,90,90,90,2,2,0,6,0,https://materialsproject.org/materials/icsd/173795,cif/173795.cif,192
173842,Ba1 O8 P2 Zr1,164,P-3m1,-3<i>m</i>,173842,1,0,0,1,Trivial,Trivial,0,0,0,72,KAl(MoO4)2,5.2145,5.2145,7.8165,90,90,120,0,0,0,2,0,https://materialsproject.org/materials/icsd/173842,cif/173842.cif,12
173863,O5 Te1 Tl1 V1,33,Pna21,<i>mm</i>2,173863,1,0,0,0,Trivial,Trivial,0,1,0,176,TlTeVO5,7.313,8.747,7.887,90,90,90,0,0,0,1,0,https://materialsproject.org/materials/icsd/173863,cif/173863.cif,4
173864,O5 Te1 Tl1 V1,33,Pna21,<i>mm</i>2,173863,1,0,0,0,Trivial,Trivial,0,1,0,176,TlTeVO5,7.1,8.427,7.414,90,90,90,0,0,0,1,0,https://materialsproject.org/materials/icsd/173864,cif/173864.cif,4
173891,Cu1 La2 O4,64,Cmce,<i>mmm</i>,1076,1,0,0,1,ESFD (SM),ESFD (SM),0,0,0,114,La2CuO4,5.3337,5.4143,13.1258,90,90,90,0,0,0,3,0,https://materialsproject.org/materials/icsd/173891,cif/173891.cif,16
173893,Cu1 La2 O4,64,Cmce,<i>mmm</i>,1076,1,0,0,1,ESFD (SM),ESFD (SM),0,0,0,114,La2CuO4,5.335,5.4209,13.1068,90,90,90,0,0,0,3,0,https://materialsproject.org/materials/icsd/173893,cif/173893.cif,16
173895,Cu1 La2 O4,64,Cmce,<i>mmm</i>,1076,1,0,0,1,ESFD (SM),ESFD (SM),0,0,0,114,La2CuO4,5.3349,5.4204,13.1072,90,90,90,0,0,0,3,0,https://materialsproject.org/materials/icsd/173895,cif/173895.cif,16
173932,O2,12,C2/m,2/<i>m</i>,18311,0,0,1,0,Trivial,ES (SM),0,1,0,12,O2(mS4),5.389,3.433,5.071,90,132.27,90,0,0,0,0,0,https://materialsproject.org/materials/icsd/173932,cif/173932.cif,8
173933,O2,12,C2/m,2/<i>m</i>,18311,0,0,1,0,Trivial,ES (SM),0,0,0,12,O2(mS4),5.403,3.433,5.079,90,132.32,90,0,0,0,0,0,https://materialsproject.org/materials/icsd/173933,cif/173933.cif,8
173934,O2,166,R-3m,-3<i>m</i>,15535,0,0,1,0,Trivial,ESFD (SM),1,0,0,12,O2(hR2),3.289,3.289,11.281,90,90,120,0,0,0,0,0,https://materialsproject.org/materials/icsd/173934,cif/173934.cif,36
174027,Co1 O1,139,I4/mmm,4/<i>mmm</i>,174027,1,0,0,0,ESFD (SM),ESFD (SM),0,0,0,15,CoO,4.261,4.261,4.254,90,90,90,0,0,0,0,0,https://materialsproject.org/materials/icsd/174027,cif/174027.cif,64
174041,Br3 Cs1 Fe1,194,P63/mmc,6/<i>mmm</i>,174041,1,0,0,0,Trivial,Trivial,0,0,0,76,BaNiO3,7.51,7.51,6.315,90,90,120,0,0,0,0,0,https://materialsproject.org/materials/icsd/174041,cif/174041.cif,24
174048,H6 N1 O4 P1,122,I-42d,-42<i>m</i>,174048,0,0,1,1,Trivial,Trivial,0,1,0,80,"(K,NH4)H2PO4",7.473,7.473,7.551,90,90,90,0,0,0,1,0,https://materialsproject.org/materials/icsd/174048,cif/174048.cif,16
174049,H6 N1 O4 P1,122,I-42d,-42<i>m</i>,174048,0,0,1,1,Trivial,Trivial,0,1,0,80,"(K,NH4)H2PO4",7.483,7.483,7.554,90,90,90,0,0,0,1,0,https://materialsproject.org/materials/icsd/174049,cif/174049.cif,16
174050,H6 N1 O4 P1,122,I-42d,-42<i>m</i>,174048,0,0,1,1,Trivial,Trivial,0,1,0,80,"(K,NH4)H2PO4",7.493,7.493,7.558,90,90,90,0,0,0,2,0,https://materialsproject.org/materials/icsd/174050,cif/174050.cif,16
174061,H6 As1 N1 O4,122,I-42d,-42<i>m</i>,174061,0,0,1,1,Trivial,Trivial,0,1,0,80,"(K,NH4)H2PO4",7.674,7.674,7.709,90,90,90,0,0,0,3,0,https://materialsproject.org/materials/icsd/174061,cif/174061.cif,16
174065,C1 Ba3 Cl4 O3,62,Pnma,<i>mmm</i>,174065,0,0,1,0,Trivial,Trivial,0,0,0,320,,8.4074,9.5886,12.4833,90,90,90,0,0,0,0,0,https://materialsproject.org/materials/icsd/174065,cif/174065.cif,8
174116,Cu1 F4 K2,64,Cmce,<i>mmm</i>,174116,1,0,0,0,ESFD (SM),ESFD (SM),0,0,1,114,Rb2CuCl4,5.8655,5.8655,12.734,90,90,90,0,0,0,3,0,https://materialsproject.org/materials/icsd/174116,cif/174116.cif,16
174118,O3 Ti1 Y1,62,Pnma,<i>mmm</i>,174118,1,0,0,0,ES (SM),ESFD (SM),1,0,0,132,Perovskite-GdFeO3,5.3376,5.6827,7.6147,90,90,90,0,0,0,3,0,https://materialsproject.org/materials/icsd/174118,cif/174118.cif,8
174238,H12 Li3 O10 V1,146,R3,3,174238,0,0,1,1,Trivial,Trivial,0,1,0,80,,9.629,9.629,8.692,90,90,120,0,0,0,0,0,https://materialsproject.org/materials/icsd/174238,cif/174238.cif,9
174289,Ba2 Bi1 Ir1 O6,225,Fm-3m,<i>m</i>-3<i>m</i>,174289,1,0,0,1,Trivial,ESFD (SM),0,0,0,70,Elpasolite-K2NaAlF6,8.51779,8.51779,8.51779,90,90,90,0,0,0,1,0,https://materialsproject.org/materials/icsd/174289,cif/174289.cif,192
174342,Al2 B1 La1 Ru2,123,P4/mmm,4/<i>mmm</i>,174342,1,0,0,1,NLC (TI),ESFD (SM),0,0,0,36,PrCr2Si2C,4.2105,4.2105,5.6613,90,90,90,0,0,1,3,0,https://materialsproject.org/materials/icsd/174342,cif/174342.cif,16
174489,S2 Ti1,164,P-3m1,-3<i>m</i>,174489,1,0,0,0,Trivial,Trivial,1,0,1,16,CdI2,3.314,3.314,5.438,90,90,120,0,0,0,4,0,https://materialsproject.org/materials/icsd/174489,cif/174489.cif,12
174577,Pb1 Se2,140,I4/mcm,4/<i>mmm</i>,174577,1,0,0,1,Trivial,Trivial,0,0,0,32,SrS2,6.42695,6.42695,7.70254,90,90,90,0,0,0,0,0,https://materialsproject.org/materials/icsd/174577,cif/174577.cif,32
180108,B4 Cu1 Li2 O10 Pb2,15,C2/c,2/<i>m</i>,180108,0,0,1,0,ESFD (SM),ESFD (SM),0,1,0,186,,16.8419,4.7895,13.8976,90,125.362,90,0,0,0,2,0,https://materialsproject.org/materials/icsd/180108,cif/180108.cif,8
180138,Ba1 O3 Sn1,221,Pm-3m,<i>m</i>-3<i>m</i>,180138,1,0,0,0,Trivial,Trivial,0,0,0,32,Perovskite-CaTiO3,4.109,4.109,4.109,90,90,90,1,0,1,4,0,https://materialsproject.org/materials/icsd/180138,cif/180138.cif,48
180180,La1 Mn1 O3,62,Pnma,<i>mmm</i>,161928,1,0,0,0,Trivial,ES (SM),0,1,0,144,Perovskite-GdFeO3,5.5397,5.4891,7.7928,90,90,90,0,0,0,3,0,https://materialsproject.org/materials/icsd/180180,cif/180180.cif,8
180289,Ba1 Li2 O4 Si1,185,P63cm,6<i>mm</i>,180289,1,0,0,0,Trivial,Trivial,0,1,0,240,,8.10408,8.10408,10.60829,90,90,120,0,0,0,4,0,https://materialsproject.org/materials/icsd/180289,cif/180289.cif,12
180314,Ca5 F1 O12 P3,176,P63/m,6/<i>m</i>,180314,1,0,0,0,Trivial,Trivial,0,0,1,208,"Apatite#-(HE,P63/m)",9.48,9.48,6.9,90,90,120,0,0,0,0,0,https://materialsproject.org/materials/icsd/180314,cif/180314.cif,12
180324,Al2 O10 Rb2 Si3,43,Fdd2,<i>mm</i>2,180324,1,0,0,0,Trivial,Trivial,0,0,0,192,Natrolite-frame,17.608,18.687,6.5544,90,90,90,0,0,0,4,0,https://materialsproject.org/materials/icsd/180324,cif/180324.cif,16
180337,Ba1 O4 S1,62,Pnma,<i>mmm</i>,16904,0,0,1,1,Trivial,Trivial,0,0,0,160,Barite#-BaSO4,8.8575,5.4404,7.13721,90,90,90,0,0,0,0,0,https://materialsproject.org/materials/icsd/180337,cif/180337.cif,8
180338,Ba1 O4 S1,62,Pnma,<i>mmm</i>,16904,0,0,1,1,Trivial,Trivial,0,0,0,160,Barite#-BaSO4,8.4159,5.1077,6.6914,90,90,90,0,0,0,0,0,https://materialsproject.org/materials/icsd/180338,cif/180338.cif,8
180339,Ba1 O4 S1,62,Pnma,<i>mmm</i>,16904,0,0,1,1,Trivial,Trivial,0,0,0,160,Barite#-BaSO4,8.3321,5.0618,6.6073,90,90,90,0,0,0,0,0,https://materialsproject.org/materials/icsd/180339,cif/180339.cif,8
180389,F1 Fe1 Li1 O4 S1,2,P-1,-1,180389,1,0,0,0,Trivial,Trivial,0,1,1,92,LiCoSO4F,5.13,5.46,7.14,106.43,107.71,98.07,0,0,0,2,0,https://materialsproject.org/materials/icsd/180389,cif/180389.cif,2
180394,Bi2 O7 Ti2,227,Fd-3m,<i>m</i>-3<i>m</i>,161100,1,0,0,0,Trivial,Trivial,0,0,1,120,Pyrochlore-NaCa(Nb2O6)F,10.376,10.376,10.376,90,90,90,2,2,0,6,0,https://materialsproject.org/materials/icsd/180394,cif/180394.cif,192
180438,As1 Fe1 La1 O1,129,P4/nmm,4/<i>mmm</i>,163496,1,0,0,0,Trivial,ES (SM),0,0,0,60,ZrCuSiAs-CuHfSi2,4.02758,4.02748,8.7191,90,90,90,0,0,0,0,0,https://materialsproject.org/materials/icsd/180438,cif/180438.cif,16
180439,As1 Fe1 La1 O1,129,P4/nmm,4/<i>mmm</i>,163496,1,0,0,0,Trivial,ES (SM),0,0,0,60,ZrCuSiAs-CuHfSi2,4.02814,4.02814,8.7218,90,90,90,0,0,0,0,0,https://materialsproject.org/materials/icsd/180439,cif/180439.cif,16
180440,As1 Fe1 La1 O1,129,P4/nmm,4/<i>mmm</i>,163496,1,0,0,0,Trivial,ES (SM),0,0,0,60,ZrCuSiAs-CuHfSi2,4.0322,4.0322,8.7364,90,90,90,0,0,0,0,0,https://materialsproject.org/materials/icsd/180440,cif/180440.cif,16
180445,Mg1 O3 Si1,14,P21/c,2/<i>m</i>,15805,1,0,0,0,Trivial,Trivial,0,0,1,192,Pyroxene-MgSiO3-LT,9.544,8.755,5.14,90,107.78,90,0,0,0,1,0,https://materialsproject.org/materials/icsd/180445,cif/180445.cif,4
180457,C1 Ni1,225,Fm-3m,<i>m</i>-3<i>m</i>,180457,1,0,0,0,SEBR (TI),ESFD (SM),0,0,1,14,NaCl,4.077,4.077,4.077,90,90,90,0,0,0,0,0,https://materialsproject.org/materials/icsd/180457,cif/180457.cif,192
180528,As2 Fe2 O6 Sc2 Sr4,129,P4/nmm,4/<i>mmm</i>,180528,1,0,0,0,Trivial,ES (SM),1,0,0,108,Sr2CuGaO3S,4.05,4.05,15.809,90,90,90,0,0,0,6,0,https://materialsproject.org/materials/icsd/180528,cif/180528.cif,16
180547,H6 B1 N1,31,Pmn21,<i>mm</i>2,159678,0,0,1,0,Trivial,Trivial,0,0,1,28,,5.395,4.887,4.986,90,90,90,0,0,0,0,0,https://materialsproject.org/materials/icsd/180547,cif/180547.cif,4
180562,Na1 O2,58,Pnnm,<i>mmm</i>,180562,1,0,0,0,ESFD (SM),ESFD (SM),0,0,1,26,,4.292,5.54,3.447,90,90,90,0,0,0,0,0,https://materialsproject.org/materials/icsd/180562,cif/180562.cif,8
180563,K1 O2,139,I4/mmm,4/<i>mmm</i>,180563,1,0,0,0,ESFD (SM),ESFD (SM),0,0,1,21,CaC2,3.899,3.899,6.797,90,90,90,0,0,0,0,0,https://materialsproject.org/materials/icsd/180563,cif/180563.cif,32
180564,O2 Rb1,139,I4/mmm,4/<i>mmm</i>,180564,1,0,0,0,ESFD (SM),ESFD (SM),0,0,1,21,CaC2,4.2,4.2,7.205,90,90,90,0,0,0,0,0,https://materialsproject.org/materials/icsd/180564,cif/180564.cif,32
180570,Na2 O1,225,Fm-3m,<i>m</i>-3<i>m</i>,180570,1,0,0,0,Trivial,Trivial,0,0,1,8,Fluorite-CaF2,5.503,5.503,5.503,90,90,90,0,0,0,0,0,https://materialsproject.org/materials/icsd/180570,cif/180570.cif,192
180596,B3 Ca4 La1 O10,8,Cm,<i>m</i>,180596,0,0,1,0,Trivial,Trivial,0,1,0,88,Ca5(BO3)3F,8.17079,16.08406,3.62844,90,101.352,90,0,0,0,0,0,https://materialsproject.org/materials/icsd/180596,cif/180596.cif,4
180602,Fe1 Te1,129,P4/nmm,4/<i>mmm</i>,180602,1,0,0,0,SEBR (TI),ESFD (SM),1,0,0,28,FeSe,3.821,3.821,6.285,90,90,90,0,0,0,0,0,https://materialsproject.org/materials/icsd/180602,cif/180602.cif,16
180778,Cl1 O2,61,Pbca,<i>mmm</i>,180778,0,0,1,1,Trivial,Trivial,0,0,0,152,ClO2,10.818,6.6632,5.5519,90,90,90,0,0,0,0,0,https://materialsproject.org/materials/icsd/180778,cif/180778.cif,8
180801,C4 H12 F6 N10 Si1,2,P-1,-1,180801,0,0,1,0,Trivial,Trivial,0,0,0,124,,6.1567,7.4881,7.5529,99.651,107.189,109.324,0,0,0,0,0,https://materialsproject.org/materials/icsd/180801,cif/180801.cif,2
180845,H2 Cs1 N1 O3 S1,62,Pnma,<i>mmm</i>,180845,0,0,1,0,Trivial,Trivial,0,0,0,160,CdSO3H2O,8.4016,6.783,8.3217,90,90,90,0,0,0,0,0,https://materialsproject.org/materials/icsd/180845,cif/180845.cif,8
180950,F2 Pb1,225,Fm-3m,<i>m</i>-3<i>m</i>,180950,1,0,0,0,Trivial,Trivial,0,0,0,18,Fluorite-CaF2,5.9425,5.9425,5.9425,90,90,90,0,0,0,0,0,https://materialsproject.org/materials/icsd/180950,cif/180950.cif,192
180951,F2 Pb1,225,Fm-3m,<i>m</i>-3<i>m</i>,180950,1,0,0,0,Trivial,Trivial,0,0,0,18,Fluorite-CaF2,5.9046,5.9046,5.9046,90,90,90,0,0,0,0,0,https://materialsproject.org/materials/icsd/180951,cif/180951.cif,192
180952,F2 Pb1,225,Fm-3m,<i>m</i>-3<i>m</i>,180950,1,0,0,0,Trivial,Trivial,0,0,0,18,Fluorite-CaF2,5.8898,5.8898,5.8898,90,90,90,0,0,0,0,0,https://materialsproject.org/materials/icsd/180952,cif/180952.cif,192
180953,F2 Pb1,225,Fm-3m,<i>m</i>-3<i>m</i>,180950,1,0,0,0,Trivial,Trivial,0,0,0,18,Fluorite-CaF2,5.87963,5.87963,5.87963,90,90,90,0,0,0,0,0,https://materialsproject.org/materials/icsd/180953,cif/180953.cif,192
180972,Fe1 O1,225,Fm-3m,<i>m</i>-3<i>m</i>,180972,1,0,0,0,Trivial,ES (SM),0,0,0,14,NaCl,4.285,4.285,4.285,90,90,90,0,0,0,0,0,https://materialsproject.org/materials/icsd/180972,cif/180972.cif,192
180973,Fe1 O1,225,Fm-3m,<i>m</i>-3<i>m</i>,180972,1,0,0,0,Trivial,ES (SM),0,0,0,14,NaCl,4.317,4.317,4.317,90,90,90,0,0,0,0,0,https://materialsproject.org/materials/icsd/180973,cif/180973.cif,192
180974,Fe1 O1,225,Fm-3m,<i>m</i>-3<i>m</i>,180972,1,0,0,0,Trivial,ES (SM),0,0,0,14,NaCl,4.354,4.354,4.354,90,90,90,0,0,0,0,0,https://materialsproject.org/materials/icsd/180974,cif/180974.cif,192
180990,C4 H8 Co1 O8,15,C2/c,2/<i>m</i>,180990,0,0,1,0,ESFD (SM),ESFD (SM),0,0,0,162,,8.9773,13.3876,6.6945,90,99.685,90,0,0,0,0,0,https://materialsproject.org/materials/icsd/180990,cif/180990.cif,8
181056,Cr1 Te1,216,F-43m,-43<i>m</i>,169766,1,0,0,0,NLC (TI),ES (SM),0,1,1,12,Sphalerite-ZnS(cF8),6.16,6.16,6.16,90,90,90,0,0,0,0,0,https://materialsproject.org/materials/icsd/181056,cif/181056.cif,96
181074,Ca5 Ge3,140,I4/mcm,4/<i>mmm</i>,181074,1,1,0,0,ES (SM),ESFD (SM),0,0,1,44,Cr5B3,7.727,7.727,14.828,90,90,90,0,0,0,0,0,https://materialsproject.org/materials/icsd/181074,cif/181074.cif,32
181075,Ca5 Ge3,130,P4/ncc,4/<i>mmm</i>,181075,1,0,0,0,NLC (TI),ES (SM),0,0,1,88,Ba5Si3,7.728,7.728,14.826,90,90,90,0,0,0,0,0,https://materialsproject.org/materials/icsd/181075,cif/181075.cif,16
181076,Ca5 Ge3,108,I4cm,4<i>mm</i>,181076,1,0,0,0,ES (SM),ESFD (SM),0,0,1,44,Sr5Si3,7.727,7.727,14.826,90,90,90,0,0,0,0,0,https://materialsproject.org/materials/icsd/181076,cif/181076.cif,16
181086,Ca1 O3 Sn1,221,Pm-3m,<i>m</i>-3<i>m</i>,181086,1,0,0,0,Trivial,Trivial,0,0,1,24,Perovskite-CaTiO3,3.964639,3.964639,3.964639,90,90,90,1,0,1,3,0,https://materialsproject.org/materials/icsd/181086,cif/181086.cif,48
181087,Ca1 O3 Sn1,221,Pm-3m,<i>m</i>-3<i>m</i>,181086,1,0,0,0,Trivial,Trivial,0,0,1,24,Perovskite-CaTiO3,3.879,3.879,3.879,90,90,90,1,0,1,3,0,https://materialsproject.org/materials/icsd/181087,cif/181087.cif,48
181089,O3 Sn1 Sr1,221,Pm-3m,<i>m</i>-3<i>m</i>,181089,1,0,0,0,Trivial,Trivial,0,0,1,32,Perovskite-CaTiO3,4.0002,4.0002,4.0002,90,90,90,1,0,1,3,0,https://materialsproject.org/materials/icsd/181089,cif/181089.cif,48
181091,Ba1 O3 Sn1,221,Pm-3m,<i>m</i>-3<i>m</i>,180138,1,0,0,0,Trivial,Trivial,0,0,1,32,Perovskite-CaTiO3,4.06252,4.06252,4.06252,90,90,90,1,0,1,3,0,https://materialsproject.org/materials/icsd/181091,cif/181091.cif,48
181115,Bi1 O3 Sc1,221,Pm-3m,<i>m</i>-3<i>m</i>,158759,1,0,0,0,Trivial,Trivial,0,0,1,26,Perovskite-CaTiO3,3.961,3.961,3.961,90,90,90,1,0,1,3,0,https://materialsproject.org/materials/icsd/181115,cif/181115.cif,48
181116,Bi1 O3 Sc1,221,Pm-3m,<i>m</i>-3<i>m</i>,158759,1,0,0,0,Trivial,Trivial,0,0,1,26,Perovskite-CaTiO3,4.062,4.062,4.062,90,90,90,1,0,1,3,0,https://materialsproject.org/materials/icsd/181116,cif/181116.cif,48
181117,Bi1 O3 Sc1,221,Pm-3m,<i>m</i>-3<i>m</i>,158759,1,0,0,0,Trivial,Trivial,0,0,1,26,Perovskite-CaTiO3,3.973,3.973,3.973,90,90,90,1,0,1,3,0,https://materialsproject.org/materials/icsd/181117,cif/181117.cif,48
181118,Bi1 O3 Sc1,221,Pm-3m,<i>m</i>-3<i>m</i>,158759,1,0,0,0,Trivial,Trivial,0,0,1,26,Perovskite-CaTiO3,3.908,3.908,3.908,90,90,90,1,0,1,3,0,https://materialsproject.org/materials/icsd/181118,cif/181118.cif,48
181119,Bi1 O3 Sc1,221,Pm-3m,<i>m</i>-3<i>m</i>,158759,1,0,0,0,Trivial,Trivial,0,0,1,26,Perovskite-CaTiO3,3.854,3.854,3.854,90,90,90,1,0,1,3,0,https://materialsproject.org/materials/icsd/181119,cif/181119.cif,48
181120,Bi1 O3 Sc1,221,Pm-3m,<i>m</i>-3<i>m</i>,158759,1,0,0,0,Trivial,Trivial,0,0,1,26,Perovskite-CaTiO3,3.812,3.812,3.812,90,90,90,1,0,1,3,0,https://materialsproject.org/materials/icsd/181120,cif/181120.cif,48
181185,B2 Co2 La1,139,I4/mmm,4/<i>mmm</i>,181185,1,1,0,0,ESFD (SM),ESFD (SM),0,0,1,35,ThCr2Si2,3.606,3.606,10.232,90,90,90,0,0,0,0,0,https://materialsproject.org/materials/icsd/181185,cif/181185.cif,32
181289,Ru1 Zr1,221,Pm-3m,<i>m</i>-3<i>m</i>,181289,1,0,0,0,SEBR (TI),ES (SM),0,0,1,12,CsCl,3.262,3.262,3.262,90,90,90,0,0,0,0,0,https://materialsproject.org/materials/icsd/181289,cif/181289.cif,48
181324,Mn1 Te1,216,F-43m,-43<i>m</i>,181324,1,0,0,0,ESFD (SM),ESFD (SM),0,1,1,13,Sphalerite-ZnS(cF8),6.25,6.25,6.25,90,90,90,0,0,0,0,0,https://materialsproject.org/materials/icsd/181324,cif/181324.cif,96
181338,Al1 Ti3,194,P63/mmc,6/<i>mmm</i>,181338,1,0,0,0,ESFD (SM),ESFD (SM),0,0,1,30,Ni3Sn,5.765,5.765,4.625,90,90,120,0,0,0,0,0,https://materialsproject.org/materials/icsd/181338,cif/181338.cif,24
181358,Ga1 N1,186,P63mc,6<i>mm</i>,153887,1,0,0,0,Trivial,Trivial,1,0,1,16,Wurtzite-ZnS(2H),3.2209,3.2209,5.2368,90,90,120,0,0,0,0,0,https://materialsproject.org/materials/icsd/181358,cif/181358.cif,12
181465,Mg1 O1,223,Pm-3n,<i>m</i>-3<i>m</i>,181465,1,1,0,0,Trivial,Trivial,0,0,1,48,,5.633,5.633,5.633,90,90,90,0,0,0,0,0,https://materialsproject.org/materials/icsd/181465,cif/181465.cif,48
181500,S2 Ti1,164,P-3m1,-3<i>m</i>,174489,1,0,0,0,Trivial,Trivial,1,0,1,16,CdI2,3.312,3.312,5.449,90,90,120,0,0,0,4,0,https://materialsproject.org/materials/icsd/181500,cif/181500.cif,12
181557,F2 Pb1,225,Fm-3m,<i>m</i>-3<i>m</i>,180950,1,0,0,0,Trivial,Trivial,0,0,1,18,Fluorite-CaF2,5.942,5.942,5.942,90,90,90,0,0,0,0,0,https://materialsproject.org/materials/icsd/181557,cif/181557.cif,192
181650,Ga3 Nb1 O14 Si2 Sr3,150,P321,32,181650,1,0,0,0,Trivial,Trivial,0,0,1,144,Ca3Ga2Ge4O14,8.282,8.282,5.073,90,90,120,0,0,0,4,0,https://materialsproject.org/materials/icsd/181650,cif/181650.cif,6
181720,Fe1 Pd3,221,Pm-3m,<i>m</i>-3<i>m</i>,103582,1,0,0,0,ESFD (SM),ESFD (SM),0,0,1,38,Auricupride-AuCu3,3.8919,3.8919,3.8919,90,90,90,1,0,0,0,0,https://materialsproject.org/materials/icsd/181720,cif/181720.cif,48
181750,Cr1 O6 Sr2 Zr1,225,Fm-3m,<i>m</i>-3<i>m</i>,181750,1,0,0,0,ESFD (SM),ESFD (SM),0,0,1,66,Elpasolite-K2NaAlF6,8.063,8.063,8.063,90,90,90,0,0,0,3,0,https://materialsproject.org/materials/icsd/181750,cif/181750.cif,192
181751,Mn1 Nb1 O6 Sr2,225,Fm-3m,<i>m</i>-3<i>m</i>,181751,1,0,0,0,Trivial,ESFD (SM),0,0,1,76,Elpasolite-K2NaAlF6,7.853,7.853,7.853,90,90,90,0,0,0,3,0,https://materialsproject.org/materials/icsd/181751,cif/181751.cif,192
181752,Fe1 Mo1 O6 Sr2,225,Fm-3m,<i>m</i>-3<i>m</i>,157603,1,1,0,0,Trivial,Trivial,0,0,1,70,Elpasolite-K2NaAlF6,7.9667,7.9667,7.9667,90,90,90,0,0,0,3,0,https://materialsproject.org/materials/icsd/181752,cif/181752.cif,192
181768,Ir2 Si2 Y1,139,I4/mmm,4/<i>mmm</i>,181768,1,0,0,0,ESFD (SM),ESFD (SM),1,0,1,37,ThCr2Si2,4.0862,4.0862,10.0008,90,90,90,0,0,0,0,0,https://materialsproject.org/materials/icsd/181768,cif/181768.cif,32
181769,Ir2 Si2 Y1,139,I4/mmm,4/<i>mmm</i>,181768,1,0,0,0,ESFD (SM),ESFD (SM),1,0,1,37,ThCr2Si2,4.1543,4.1543,10.1334,90,90,90,0,0,0,0,0,https://materialsproject.org/materials/icsd/181769,cif/181769.cif,32
181770,Ir2 Si2 Y1,129,P4/nmm,4/<i>mmm</i>,181770,1,0,0,0,ESFD (SM),ESFD (SM),0,0,1,74,Be2CaGe2,4.1343,4.1343,9.9103,90,90,90,0,0,0,0,0,https://materialsproject.org/materials/icsd/181770,cif/181770.cif,16
181782,Ca1 Mn1 O3,221,Pm-3m,<i>m</i>-3<i>m</i>,168902,1,1,0,0,ESFD (SM),ESFD (SM),0,0,1,27,Perovskite-CaTiO3,3.776,3.776,3.776,90,90,90,1,0,1,3,0,https://materialsproject.org/materials/icsd/181782,cif/181782.cif,48
182001,Mn1 O6 Pb2 Re1,225,Fm-3m,<i>m</i>-3<i>m</i>,182001,1,0,0,1,Trivial,Trivial,0,0,0,58,Elpasolite-K2NaAlF6,8.1098,8.1098,8.1098,90,90,90,0,0,0,3,0,https://materialsproject.org/materials/icsd/182001,cif/182001.cif,192
182051,Ca2 Ge1 O4,164,P-3m1,-3<i>m</i>,182051,1,1,0,0,Trivial,Trivial,0,0,0,64,K3Na(SO4)2,5.52,5.52,7.16,90,90,120,0,0,0,3,0,https://materialsproject.org/materials/icsd/182051,cif/182051.cif,12
182052,Ca2 O4 Si1,164,P-3m1,-3<i>m</i>,182052,1,1,0,0,Trivial,Trivial,0,0,0,64,K3Na(SO4)2,5.47,5.47,7.23,90,90,120,0,0,0,1,0,https://materialsproject.org/materials/icsd/182052,cif/182052.cif,12
182053,Ca2 O4 Si1,186,P63mc,6<i>mm</i>,182053,1,0,0,0,Trivial,Trivial,0,0,0,64,Na2MnO4,5.47,5.47,7.23,90,90,120,0,0,0,1,0,https://materialsproject.org/materials/icsd/182053,cif/182053.cif,12
182054,Ca2 O4 Si1,186,P63mc,6<i>mm</i>,182053,1,0,0,0,Trivial,Trivial,0,0,0,64,Na2MnO4,5.47,5.47,7.23,90,90,120,0,0,0,1,0,https://materialsproject.org/materials/icsd/182054,cif/182054.cif,12
182247,O3 Sr1 Ti1,140,I4/mcm,4/<i>mmm</i>,182247,1,0,0,0,Trivial,Trivial,0,0,1,64,Perovskite-SrTiO3,5.5134,5.5134,7.8072,90,90,90,0,0,0,3,0,https://materialsproject.org/materials/icsd/182247,cif/182247.cif,32
182248,O3 Sr1 Ti1,46,Ima2,<i>mm</i>2,182248,1,0,0,0,Trivial,Trivial,0,0,1,64,,7.8341,5.5036,5.5043,90,90,90,0,0,0,3,0,https://materialsproject.org/materials/icsd/182248,cif/182248.cif,8
182249,Fe1 S1,129,P4/nmm,4/<i>mmm</i>,182249,1,0,0,0,Trivial,ES (SM),1,0,1,28,FeSe,3.655,3.655,5.033,90,90,90,0,0,0,0,0,https://materialsproject.org/materials/icsd/182249,cif/182249.cif,16
182250,Fe1 S1,129,P4/nmm,4/<i>mmm</i>,182249,1,0,0,0,Trivial,ES (SM),1,0,1,28,FeSe,3.752,3.752,5.033,90,90,90,0,0,0,0,0,https://materialsproject.org/materials/icsd/182250,cif/182250.cif,16
182251,Fe1 S1,129,P4/nmm,4/<i>mmm</i>,182249,1,0,0,0,Trivial,ES (SM),1,0,1,28,Litharge,3.961,3.961,5.033,90,90,90,0,0,0,0,0,https://materialsproject.org/materials/icsd/182251,cif/182251.cif,16
182276,As2 Ca1 Fe2,139,I4/mmm,4/<i>mmm</i>,182276,1,0,0,0,SEBR (TI),ES (SM),1,0,0,28,ThCr2Si2,3.9052,3.9052,11.402,90,90,90,0,0,0,0,0,https://materialsproject.org/materials/icsd/182276,cif/182276.cif,32
182277,As2 Ca1 Fe2,139,I4/mmm,4/<i>mmm</i>,166016,1,0,0,0,SEBR (TI),ES (SM),0,0,0,28,ThCr2Si2,3.6727,3.6727,9.3173,90,90,90,0,0,0,0,0,https://materialsproject.org/materials/icsd/182277,cif/182277.cif,32
182278,As2 Ca1 Fe2,139,I4/mmm,4/<i>mmm</i>,166016,1,0,0,0,SEBR (TI),ES (SM),0,0,0,28,ThCr2Si2,3.9396,3.9396,10.258,90,90,90,0,0,0,0,0,https://materialsproject.org/materials/icsd/182278,cif/182278.cif,32
182279,As2 Ca1 Fe2,139,I4/mmm,4/<i>mmm</i>,166016,1,0,0,0,SEBR (TI),ES (SM),0,0,0,28,ThCr2Si2,3.7439,3.7439,9.4616,90,90,90,0,0,0,0,0,https://materialsproject.org/materials/icsd/182279,cif/182279.cif,32
182284,Mn1 O3 Y1,194,P63/mmc,6/<i>mmm</i>,182284,1,0,0,1,SEBR (TI),ES (SM),0,0,0,72,Be3N2,3.618961,3.618961,11.3409,90,90,120,0,0,0,1,0,https://materialsproject.org/materials/icsd/182284,cif/182284.cif,24
182300,H6 B1 N1,31,Pmn21,<i>mm</i>2,159678,0,0,1,0,Trivial,Trivial,0,0,1,28,NH3BH3,5.268,4.322,4.84,90,90,90,0,0,0,0,0,https://materialsproject.org/materials/icsd/182300,cif/182300.cif,4
182301,H6 B1 N1,31,Pmn21,<i>mm</i>2,159678,0,0,1,0,Trivial,Trivial,0,0,1,28,,5.172,4.968,5.612,90,90,90,0,0,0,0,0,https://materialsproject.org/materials/icsd/182301,cif/182301.cif,4
182308,H2 Li1 O4 P1,33,Pna21,<i>mm</i>2,100200,0,0,1,0,Trivial,Trivial,0,0,0,128,LiH2AsO4,6.241,7.643,6.87,90,90,90,0,0,0,0,0,https://materialsproject.org/materials/icsd/182308,cif/182308.cif,4
182309,H2 Li1 O4 P1,33,Pna21,<i>mm</i>2,100200,0,0,1,0,Trivial,Trivial,0,0,0,128,LiH2AsO4,6.23,7.623,6.875,90,90,90,0,0,0,0,0,https://materialsproject.org/materials/icsd/182309,cif/182309.cif,4
182352,N3 O1 Ta2,191,P6/mmm,6/<i>mmm</i>,182352,1,0,0,0,ESFD (SM),ESFD (SM),0,0,1,31,Ta2BN3,5.282,5.282,2.701,90,90,120,1,0,0,3,0,https://materialsproject.org/materials/icsd/182352,cif/182352.cif,24
182353,F1 N3 Ta2,191,P6/mmm,6/<i>mmm</i>,182353,1,0,0,0,SEBR (TI),ES (SM),0,0,1,32,Ta2BN3,5.301,5.301,2.717,90,90,120,1,0,0,3,0,https://materialsproject.org/materials/icsd/182353,cif/182353.cif,24
182360,O1 Zn1,221,Pm-3m,<i>m</i>-3<i>m</i>,163382,1,0,0,0,Trivial,Trivial,0,0,1,18,CsCl,2.27,2.27,2.27,90,90,90,0,0,0,0,0,https://materialsproject.org/materials/icsd/182360,cif/182360.cif,48
182429,Ga1 Ti3,194,P63/mmc,6/<i>mmm</i>,103991,1,0,0,0,ESFD (SM),ESFD (SM),1,0,0,30,Ni3Sn,5.7528,5.7528,4.6568,90,90,120,0,0,0,0,0,https://materialsproject.org/materials/icsd/182429,cif/182429.cif,24
182470,H2 Li1 N1,82,I-4,-4,10354,0,0,1,0,Trivial,Trivial,0,0,1,32,LiNH2,4.9683,4.9683,10.3926,90,90,90,0,0,0,0,0,https://materialsproject.org/materials/icsd/182470,cif/182470.cif,8
182471,H2 Li1 N1,82,I-4,-4,10354,0,0,1,0,Trivial,Trivial,0,0,1,32,LiNH2,4.7313,4.7313,10.0288,90,90,90,0,0,0,0,0,https://materialsproject.org/materials/icsd/182471,cif/182471.cif,8
182484,Cr1 Ni1 Sb1,216,F-43m,-43<i>m</i>,182484,1,0,0,0,ESFD (SM),ESFD (SM),0,1,1,21,Heusler-AlLiSi,6.025,6.025,6.025,90,90,90,0,0,0,0,0,https://materialsproject.org/materials/icsd/182484,cif/182484.cif,96
182485,Mn1 Ni1 Sb1,216,F-43m,-43<i>m</i>,182485,1,1,0,0,ES (SM),Trivial,0,1,1,22,Heusler-AlLiSi,5.897,5.897,5.897,90,90,90,0,0,0,0,0,https://materialsproject.org/materials/icsd/182485,cif/182485.cif,96
182507,Rh1 Si1,221,Pm-3m,<i>m</i>-3<i>m</i>,182507,1,0,0,0,ESFD (SM),ESFD (SM),0,0,1,13,CsCl,2.935,2.935,2.935,90,90,90,0,0,0,0,0,https://materialsproject.org/materials/icsd/182507,cif/182507.cif,48
182533,H3 Al1,167,R-3c,-3<i>m</i>,15225,1,0,0,0,Trivial,Trivial,0,0,1,12,FeF3,4.502,4.502,11.848,90,90,120,0,0,0,2,0,https://materialsproject.org/materials/icsd/182533,cif/182533.cif,36
182544,Fe1 Se1,129,P4/nmm,4/<i>mmm</i>,162901,1,0,0,0,ES (SM),ES (SM),1,0,1,28,FeSe,3.6647,3.6647,5.3471,90,90,90,0,0,0,0,0,https://materialsproject.org/materials/icsd/182544,cif/182544.cif,16
182545,Fe1 Se1,67,Cmme,<i>mmm</i>,169283,1,0,0,0,Trivial,ES (SM),0,0,1,28,,5.2833,5.2925,5.4478,90,90,90,0,0,0,0,0,https://materialsproject.org/materials/icsd/182545,cif/182545.cif,16
182572,B2 Co2 La1,139,I4/mmm,4/<i>mmm</i>,181185,1,1,0,1,ESFD (SM),ESFD (SM),0,0,0,35,ThCr2Si2,3.61082,3.61082,10.2052,90,90,90,0,0,0,0,0,https://materialsproject.org/materials/icsd/182572,cif/182572.cif,32
182573,B2 Co2 La1,139,I4/mmm,4/<i>mmm</i>,181185,1,1,0,0,ESFD (SM),ESFD (SM),0,0,1,35,ThCr2Si2,3.606,3.606,10.232,90,90,90,0,0,0,0,0,https://materialsproject.org/materials/icsd/182573,cif/182573.cif,32
182604,Ba1 F4 Zn1,36,Cmc21,<i>mm</i>2,16925,1,1,0,1,Trivial,Trivial,0,0,0,100,BaCuF4,4.197,14.39,5.788,90,90,90,0,0,0,2,0,https://materialsproject.org/materials/icsd/182604,cif/182604.cif,8
182605,Ba1 F4 Zn1,36,Cmc21,<i>mm</i>2,16925,1,1,0,1,Trivial,Trivial,0,0,0,100,BaCuF4,4.195,14.22,5.743,90,90,90,0,0,0,2,0,https://materialsproject.org/materials/icsd/182605,cif/182605.cif,8
182606,Ba1 F4 Zn1,36,Cmc21,<i>mm</i>2,16925,1,1,0,1,Trivial,Trivial,0,0,0,100,BaCuF4,4.191,14.09,5.709,90,90,90,0,0,0,3,0,https://materialsproject.org/materials/icsd/182606,cif/182606.cif,8
182607,Ba1 F4 Zn1,36,Cmc21,<i>mm</i>2,16925,1,1,0,1,Trivial,Trivial,0,1,0,100,BaCuF4,4.188,13.95,5.687,90,90,90,0,0,0,2,0,https://materialsproject.org/materials/icsd/182607,cif/182607.cif,8
182609,Ba1 F4 Zn1,36,Cmc21,<i>mm</i>2,16925,1,1,0,1,Trivial,Trivial,0,0,0,100,BaCuF4,4.2057,14.5754,5.8435,90,90,90,0,0,0,3,0,https://materialsproject.org/materials/icsd/182609,cif/182609.cif,8
182710,Co1 Nb2 O6,60,Pbcn,<i>mmm</i>,182710,1,0,0,0,ES (SM),ESFD (SM),0,0,0,284,Columbite-MgNb2O6,14.125,5.701,5.038,90,90,90,0,0,0,2,0,https://materialsproject.org/materials/icsd/182710,cif/182710.cif,8
182711,Co1 Nb2 O6,60,Pbcn,<i>mmm</i>,182710,1,0,0,0,ES (SM),ESFD (SM),0,0,0,284,Columbite-MgNb2O6,14.124,5.701,5.037,90,90,90,0,0,0,2,0,https://materialsproject.org/materials/icsd/182711,cif/182711.cif,8
182717,Li1 Mn2 O4,227,Fd-3m,<i>m</i>-3<i>m</i>,151907,1,0,0,0,ESFD (SM),ESFD (SM),0,0,0,78,Spinel-Al2MgO4,8.236,8.236,8.236,90,90,90,1,1,0,3,0,https://materialsproject.org/materials/icsd/182717,cif/182717.cif,192
182734,H4 B1 Na1,215,P-43m,-43<i>m</i>,182734,1,0,0,0,Trivial,Trivial,0,0,1,32,,6.044,6.044,6.044,90,90,90,0,0,0,0,0,https://materialsproject.org/materials/icsd/182734,cif/182734.cif,24
182742,K2 Te1,225,Fm-3m,<i>m</i>-3<i>m</i>,182742,1,1,0,0,Trivial,Trivial,0,0,1,24,Fluorite-CaF2,8.114,8.114,8.114,90,90,90,0,0,0,0,0,https://materialsproject.org/materials/icsd/182742,cif/182742.cif,192
182743,Rb2 Te1,225,Fm-3m,<i>m</i>-3<i>m</i>,182743,1,0,0,0,Trivial,Trivial,0,0,1,24,Fluorite-CaF2,8.46,8.46,8.46,90,90,90,0,0,0,0,0,https://materialsproject.org/materials/icsd/182743,cif/182743.cif,192
182755,Cs2 Cu3 F12 Zr1,166,R-3m,-3<i>m</i>,182755,1,0,0,1,ESFD (SM),ESFD (SM),0,0,0,139,Cs2Te(Te3O12),7.156,7.156,20.447,90,90,120,1,0,0,3,0,https://materialsproject.org/materials/icsd/182755,cif/182755.cif,36
182761,C1,139,I4/mmm,4/<i>mmm</i>,182761,1,0,0,0,Trivial,Trivial,0,0,1,16,Si(I4/mmm),4.329,4.329,2.483,90,90,90,0,0,0,0,0,https://materialsproject.org/materials/icsd/182761,cif/182761.cif,32
182762,O3 Sr1 Ti1,140,I4/mcm,4/<i>mmm</i>,182247,1,0,0,1,Trivial,Trivial,0,0,0,64,Perovskite-SrTiO3,5.5134,5.5134,7.8072,90,90,90,0,0,0,3,0,https://materialsproject.org/materials/icsd/182762,cif/182762.cif,32
182763,O3 Sr1 Ti1,140,I4/mcm,4/<i>mmm</i>,182247,1,0,0,1,Trivial,Trivial,0,0,0,64,Perovskite-SrTiO3,5.5138,5.5138,7.8067,90,90,90,0,0,0,3,0,https://materialsproject.org/materials/icsd/182763,cif/182763.cif,32
182764,O3 Sr1 Ti1,140,I4/mcm,4/<i>mmm</i>,182247,1,0,0,1,Trivial,Trivial,0,0,0,64,Perovskite-SrTiO3,5.5148,5.5148,7.8068,90,90,90,0,0,0,3,0,https://materialsproject.org/materials/icsd/182764,cif/182764.cif,32
182798,Fe1 O4 Sb2,135,P42/mbc,4/<i>mmm</i>,155151,1,0,0,1,Trivial,Trivial,0,0,0,168,Minium-Pb3O4,8.61754,8.61754,5.92069,90,90,90,0,0,0,3,0,https://materialsproject.org/materials/icsd/182798,cif/182798.cif,16
182829,Mn2 Ru1 Sn1,216,F-43m,-43<i>m</i>,182829,1,0,0,0,NLC (TI),ESFD (SM),0,1,0,26,CuHg2Ti,6.2195,6.2195,6.2195,90,90,90,0,0,0,0,0,https://materialsproject.org/materials/icsd/182829,cif/182829.cif,96
182830,Mn2 Ru1 Si1,216,F-43m,-43<i>m</i>,182830,1,0,0,0,ESFD (SM),ESFD (SM),0,1,0,26,CuHg2Ti,5.826,5.826,5.826,90,90,90,0,0,0,0,0,https://materialsproject.org/materials/icsd/182830,cif/182830.cif,96
182837,Co2 K1 Se2,139,I4/mmm,4/<i>mmm</i>,182837,1,0,0,0,ESFD (SM),ESFD (SM),0,0,1,39,BaZn2P2,3.7566,3.7566,14.1065,90,90,90,0,0,0,0,0,https://materialsproject.org/materials/icsd/182837,cif/182837.cif,32
182838,Co2 K1 Se2,139,I4/mmm,4/<i>mmm</i>,182837,1,0,0,0,ESFD (SM),ESFD (SM),0,0,1,39,BaZn2P2,3.8935,3.8935,13.4845,90,90,90,0,0,0,0,0,https://materialsproject.org/materials/icsd/182838,cif/182838.cif,32
182944,F1 Fe1 Li1 O4 S1,2,P-1,-1,180389,1,0,0,1,Trivial,Trivial,0,1,0,92,LiCoSO4F,5.18003,5.49165,7.2289,106.4864,107.186,97.9098,0,0,0,2,0,https://materialsproject.org/materials/icsd/182944,cif/182944.cif,2
182948,Ni1 O1,225,Fm-3m,<i>m</i>-3<i>m</i>,182948,1,0,0,0,ESFD (SM),ESFD (SM),0,0,0,16,NaCl,4.1517,4.1517,4.1517,90,90,90,0,0,0,0,0,https://materialsproject.org/materials/icsd/182948,cif/182948.cif,192
183037,H2 K1 O4 P1,43,Fdd2,<i>mm</i>2,183037,0,0,1,1,Trivial,Trivial,0,1,0,80,KH2PO4(LT),10.544,10.481,6.92,90,90,90,0,0,0,2,0,https://materialsproject.org/materials/icsd/183037,cif/183037.cif,16
183043,Co1 Mn2 Sn1,216,F-43m,-43<i>m</i>,160708,1,0,0,0,ESFD (SM),ESFD (SM),0,1,0,27,CuHg2Ti,6.083,6.083,6.083,90,90,90,0,0,0,0,0,https://materialsproject.org/materials/icsd/183043,cif/183043.cif,96
183094,Ni2 Y1,227,Fd-3m,<i>m</i>-3<i>m</i>,105458,1,1,0,0,ESFD (SM),ESFD (SM),1,0,1,62,Laves(cub)-MgCu2,7.318,7.318,7.318,90,90,90,1,1,0,0,0,https://materialsproject.org/materials/icsd/183094,cif/183094.cif,192
183095,Mg1 Ni4 Y1,216,F-43m,-43<i>m</i>,107033,1,1,0,0,ESFD (SM),ESFD (SM),0,1,1,53,AuBe5,7.0517,7.0517,7.0517,90,90,90,0,1,0,0,0,https://materialsproject.org/materials/icsd/183095,cif/183095.cif,96
183096,As2 O3,86,P42/n,4/<i>m</i>,183096,1,0,0,0,Trivial,Trivial,0,0,1,112,,7.04,7.04,8.31,90,90,90,0,0,0,6,0,https://materialsproject.org/materials/icsd/183096,cif/183096.cif,8
183098,As2 O3,227,Fd-3m,<i>m</i>-3<i>m</i>,16850,1,0,0,0,Trivial,Trivial,0,0,1,112,As2O3(cF80),11.54,11.54,11.54,90,90,90,0,0,0,10,0,https://materialsproject.org/materials/icsd/183098,cif/183098.cif,192
183110,Ca1 Cu3 O12 Ru4,204,Im-3,<i>m</i>-3,183110,1,0,0,0,ESFD (SM),ESFD (SM),0,0,0,139,NaMn7O12,7.4178,7.4178,7.4178,90,90,90,1,0,0,3,0,https://materialsproject.org/materials/icsd/183110,cif/183110.cif,48
183160,C1 Y1,216,F-43m,-43<i>m</i>,183160,1,0,0,0,ESFD (SM),ESFD (SM),0,1,1,15,Sphalerite-ZnS(cF8),5.47,5.47,5.47,90,90,90,0,0,0,0,0,https://materialsproject.org/materials/icsd/183160,cif/183160.cif,96
183162,C1 Zr1,216,F-43m,-43<i>m</i>,183162,1,0,0,0,Trivial,Trivial,0,1,1,8,Sphalerite-ZnS(cF8),5.11,5.11,5.11,90,90,90,0,0,0,0,0,https://materialsproject.org/materials/icsd/183162,cif/183162.cif,96
183180,N1 Y1,216,F-43m,-43<i>m</i>,161077,1,0,0,0,Trivial,Trivial,0,1,1,16,Sphalerite-ZnS(cF8),5.29,5.29,5.29,90,90,90,0,0,0,0,0,https://materialsproject.org/materials/icsd/183180,cif/183180.cif,96
183195,Ag1 N1,225,Fm-3m,<i>m</i>-3<i>m</i>,167858,1,0,0,0,ESFD (SM),ESFD (SM),0,0,1,16,NaCl,4.61,4.61,4.61,90,90,90,0,0,0,0,0,https://materialsproject.org/materials/icsd/183195,cif/183195.cif,192
183242,Pb1 S1,221,Pm-3m,<i>m</i>-3<i>m</i>,183242,1,0,0,0,Trivial,Trivial,0,0,1,10,CsCl,3.75,3.75,3.75,90,90,90,0,0,0,0,0,https://materialsproject.org/materials/icsd/183242,cif/183242.cif,48
183385,La1 Ni3 Rh2,191,P6/mmm,6/<i>mmm</i>,183385,1,0,0,0,ESFD (SM),ESFD (SM),0,0,1,59,CaCu5,4.9802,4.9802,4.094,90,90,120,1,0,0,0,0,https://materialsproject.org/materials/icsd/183385,cif/183385.cif,24
183408,O3 W1,221,Pm-3m,<i>m</i>-3<i>m</i>,108651,1,1,0,0,Trivial,Trivial,1,0,1,24,ReO3,3.834,3.834,3.834,90,90,90,1,0,1,3,0,https://materialsproject.org/materials/icsd/183408,cif/183408.cif,48
183446,Ca1 Mo1 O4,88,I41/a,4/<i>m</i>,183446,1,0,0,0,Trivial,Trivial,0,0,0,64,Scheelite-CaWO4,5.243,5.243,11.381,90,90,90,0,0,0,0,0,https://materialsproject.org/materials/icsd/183446,cif/183446.cif,16
183447,Ca1 Mo1 O4,88,I41/a,4/<i>m</i>,183446,1,0,0,0,Trivial,Trivial,0,0,0,64,Scheelite-CaWO4,5.239,5.239,11.381,90,90,90,0,0,0,4,0,https://materialsproject.org/materials/icsd/183447,cif/183447.cif,16
183452,O3 Sr1 Tc1,140,I4/mcm,4/<i>mmm</i>,183452,1,0,0,1,ESFD (SM),ESFD (SM),0,0,0,70,Perovskite-SrTiO3,5.5937,5.5937,7.922,90,90,90,0,0,0,3,0,https://materialsproject.org/materials/icsd/183452,cif/183452.cif,32
183453,O3 Sr1 Tc1,221,Pm-3m,<i>m</i>-3<i>m</i>,109076,1,1,0,1,ESFD (SM),ESFD (SM),0,0,0,35,Perovskite-CaTiO3,3.9714,3.9714,3.9714,90,90,90,1,0,1,3,0,https://materialsproject.org/materials/icsd/183453,cif/183453.cif,48
183487,Hf5 Sn3,193,P63/mcm,6/<i>mmm</i>,104273,1,0,0,1,ES (SM),ES (SM),0,0,0,64,Mn5Si3,8.36562,8.36562,5.70775,90,90,120,0,0,0,0,0,https://materialsproject.org/materials/icsd/183487,cif/183487.cif,24
183701,O2 Si1,217,I-43m,-43<i>m</i>,183701,1,1,0,1,Trivial,Trivial,0,0,0,96,,8.8111,8.8111,8.8111,90,90,90,0,0,0,4,0,https://materialsproject.org/materials/icsd/183701,cif/183701.cif,48
183712,Ba1 Cu1 F1 S1,129,P4/nmm,4/<i>mmm</i>,183712,1,0,0,0,Trivial,Trivial,0,0,0,68,ZrCuSiAs-CuHfSi2,4.1229,4.1229,9.0063,90,90,90,0,0,0,0,0,https://materialsproject.org/materials/icsd/183712,cif/183712.cif,16
183767,O2 Ti1,141,I41/amd,4/<i>mmm</i>,154601,1,0,0,0,Trivial,Trivial,0,0,1,32,Anatase-TiO2,3.764,3.764,9.461,90,90,90,0,0,0,2,0,https://materialsproject.org/materials/icsd/183767,cif/183767.cif,32
183771,Ba2 Mg1 O6 W1,225,Fm-3m,<i>m</i>-3<i>m</i>,152572,1,0,0,0,Trivial,Trivial,0,0,1,64,Elpasolite-K2NaAlF6,8.016625,8.016625,8.016625,90,90,90,0,0,0,3,0,https://materialsproject.org/materials/icsd/183771,cif/183771.cif,192
183837,K2 S1,225,Fm-3m,<i>m</i>-3<i>m</i>,183837,1,1,0,0,Trivial,Trivial,0,0,0,24,Fluorite-CaF2,7.35,7.35,7.35,90,90,90,0,0,0,0,0,https://materialsproject.org/materials/icsd/183837,cif/183837.cif,192
183874,Fe1 Li1 O4 P1,62,Pnma,<i>mmm</i>,153699,0,0,1,1,Trivial,Trivial,0,0,0,152,Olivine-Mg2SiO4,10.32,6.0068,4.6993,90,90,90,0,0,0,4,0,https://materialsproject.org/materials/icsd/183874,cif/183874.cif,8
183914,Ca1 F6 Si1,148,R-3,-3,183914,0,0,1,1,Trivial,Trivial,0,0,0,48,LiSbF6,5.3497,5.3497,13.5831,90,90,120,0,0,0,0,0,https://materialsproject.org/materials/icsd/183914,cif/183914.cif,18
183925,Ba1 Cl1 F1,129,P4/nmm,4/<i>mmm</i>,155004,0,0,1,0,Trivial,Trivial,0,0,1,48,PbClF,4.46,4.46,7.359,90,90,90,0,0,0,0,0,https://materialsproject.org/materials/icsd/183925,cif/183925.cif,16
183932,Ba1 O3 Ti1,99,P4mm,4<i>mm</i>,15453,1,0,0,0,Trivial,Trivial,0,0,0,32,Perovskite-PbTiO3,4.3178,4.3178,4.1061,90,90,90,0,0,0,4,0,https://materialsproject.org/materials/icsd/183932,cif/183932.cif,8
184052,Ba1 Hf1 N2,129,P4/nmm,4/<i>mmm</i>,184052,1,0,0,0,Trivial,Trivial,0,0,1,48,BaNiS2,4.1527,4.1527,8.3481,90,90,90,0,0,0,0,0,https://materialsproject.org/materials/icsd/184052,cif/184052.cif,16
184053,Ba1 Hf1 N2,129,P4/nmm,4/<i>mmm</i>,184052,1,0,0,0,Trivial,Trivial,0,0,1,48,BaNiS2,4.2311,4.2311,8.5911,90,90,90,0,0,0,0,0,https://materialsproject.org/materials/icsd/184053,cif/184053.cif,16
184054,Ba1 Hf1 N2,129,P4/nmm,4/<i>mmm</i>,184052,1,0,0,0,Trivial,Trivial,0,0,1,48,BaNiS2,4.0577,4.0577,8.1218,90,90,90,0,0,0,0,0,https://materialsproject.org/materials/icsd/184054,cif/184054.cif,16
184055,Ba1 Hf1 N2,129,P4/nmm,4/<i>mmm</i>,184052,1,0,0,0,Trivial,Trivial,0,0,1,48,BaNiS2,4.0949,4.0949,8.1553,90,90,90,0,0,0,0,0,https://materialsproject.org/materials/icsd/184055,cif/184055.cif,16
184056,Ba1 Hf1 N2,129,P4/nmm,4/<i>mmm</i>,184052,1,0,0,0,Trivial,Trivial,0,0,1,48,BaNiS2,4.1651,4.1651,8.3313,90,90,90,0,0,0,0,0,https://materialsproject.org/materials/icsd/184056,cif/184056.cif,16
184057,Ba1 Hf1 N2,129,P4/nmm,4/<i>mmm</i>,184052,1,0,0,0,Trivial,Trivial,0,0,1,48,BaNiS2,4.0536,4.0536,7.9877,90,90,90,0,0,0,0,0,https://materialsproject.org/materials/icsd/184057,cif/184057.cif,16
184078,Co1 O3 Sr1,221,Pm-3m,<i>m</i>-3<i>m</i>,184078,1,0,0,0,ESFD (SM),ESFD (SM),0,0,0,37,Perovskite-CaTiO3,3.855,3.855,3.855,90,90,90,1,0,1,3,0,https://materialsproject.org/materials/icsd/184078,cif/184078.cif,48
184089,La2 O7 Zr2,227,Fd-3m,<i>m</i>-3<i>m</i>,173795,1,0,0,0,SEBR (TI),ESFD (SM),0,0,0,144,Pyrochlore-NaCa(Nb2O6)F,10.811,10.811,10.811,90,90,90,2,2,0,6,0,https://materialsproject.org/materials/icsd/184089,cif/184089.cif,192
184090,La2 O7 Zr2,227,Fd-3m,<i>m</i>-3<i>m</i>,173795,1,0,0,0,SEBR (TI),ESFD (SM),0,0,0,144,Pyrochlore-NaCa(Nb2O6)F,10.828,10.828,10.828,90,90,90,2,2,0,6,0,https://materialsproject.org/materials/icsd/184090,cif/184090.cif,192
184091,La2 O7 Zr2,227,Fd-3m,<i>m</i>-3<i>m</i>,173795,1,0,0,0,SEBR (TI),ESFD (SM),0,0,0,144,Pyrochlore-NaCa(Nb2O6)F,10.848,10.848,10.848,90,90,90,2,2,0,6,0,https://materialsproject.org/materials/icsd/184091,cif/184091.cif,192
184092,La2 O7 Zr2,227,Fd-3m,<i>m</i>-3<i>m</i>,173795,1,0,0,0,SEBR (TI),ESFD (SM),0,0,0,144,Pyrochlore-NaCa(Nb2O6)F,10.869,10.869,10.869,90,90,90,2,2,0,6,0,https://materialsproject.org/materials/icsd/184092,cif/184092.cif,192
184093,La2 O7 Zr2,227,Fd-3m,<i>m</i>-3<i>m</i>,173795,1,0,0,0,SEBR (TI),ESFD (SM),0,0,0,144,Pyrochlore-NaCa(Nb2O6)F,10.892,10.892,10.892,90,90,90,2,2,0,6,0,https://materialsproject.org/materials/icsd/184093,cif/184093.cif,192
184094,La2 O7 Zr2,227,Fd-3m,<i>m</i>-3<i>m</i>,173795,1,0,0,0,SEBR (TI),ESFD (SM),0,0,0,144,Pyrochlore-NaCa(Nb2O6)F,10.91,10.91,10.91,90,90,90,2,2,0,6,0,https://materialsproject.org/materials/icsd/184094,cif/184094.cif,192
184095,La2 O7 Zr2,227,Fd-3m,<i>m</i>-3<i>m</i>,173795,1,0,0,0,SEBR (TI),ESFD (SM),0,0,0,144,Pyrochlore-NaCa(Nb2O6)F,10.915,10.915,10.915,90,90,90,2,2,0,6,0,https://materialsproject.org/materials/icsd/184095,cif/184095.cif,192
184096,La2 O7 Zr2,227,Fd-3m,<i>m</i>-3<i>m</i>,173795,1,0,0,0,SEBR (TI),ESFD (SM),0,0,0,144,Pyrochlore-NaCa(Nb2O6)F,10.921,10.921,10.921,90,90,90,2,2,0,6,0,https://materialsproject.org/materials/icsd/184096,cif/184096.cif,192
184097,La2 O7 Zr2,227,Fd-3m,<i>m</i>-3<i>m</i>,173795,1,0,0,0,SEBR (TI),ESFD (SM),0,0,0,144,Pyrochlore-NaCa(Nb2O6)F,10.927,10.927,10.927,90,90,90,2,2,0,6,0,https://materialsproject.org/materials/icsd/184097,cif/184097.cif,192
184098,La2 O7 Zr2,227,Fd-3m,<i>m</i>-3<i>m</i>,173795,1,0,0,0,SEBR (TI),ESFD (SM),0,0,0,144,Pyrochlore-NaCa(Nb2O6)F,10.933,10.933,10.933,90,90,90,2,2,0,6,0,https://materialsproject.org/materials/icsd/184098,cif/184098.cif,192
184099,La2 O7 Zr2,227,Fd-3m,<i>m</i>-3<i>m</i>,173795,1,0,0,0,SEBR (TI),ESFD (SM),0,0,0,144,Pyrochlore-NaCa(Nb2O6)F,10.939,10.939,10.939,90,90,90,2,2,0,6,0,https://materialsproject.org/materials/icsd/184099,cif/184099.cif,192
184100,La2 O7 Zr2,227,Fd-3m,<i>m</i>-3<i>m</i>,173795,1,0,0,0,SEBR (TI),ESFD (SM),0,0,0,144,Pyrochlore-NaCa(Nb2O6)F,10.945,10.945,10.945,90,90,90,2,2,0,6,0,https://materialsproject.org/materials/icsd/184100,cif/184100.cif,192
184101,La2 O7 Zr2,227,Fd-3m,<i>m</i>-3<i>m</i>,173795,1,0,0,0,SEBR (TI),ESFD (SM),0,0,0,144,Pyrochlore-NaCa(Nb2O6)F,10.951,10.951,10.951,90,90,90,2,2,0,6,0,https://materialsproject.org/materials/icsd/184101,cif/184101.cif,192
184102,La2 O7 Zr2,227,Fd-3m,<i>m</i>-3<i>m</i>,173795,1,0,0,0,SEBR (TI),ESFD (SM),0,0,0,144,Pyrochlore-NaCa(Nb2O6)F,10.957,10.957,10.957,90,90,90,2,2,0,6,0,https://materialsproject.org/materials/icsd/184102,cif/184102.cif,192
184164,La1 Mg1 Ni4,216,F-43m,-43<i>m</i>,107420,1,1,0,0,ESFD (SM),ESFD (SM),0,1,0,53,AuBe5,7.168,7.168,7.168,90,90,90,0,1,0,0,0,https://materialsproject.org/materials/icsd/184164,cif/184164.cif,96
184219,F2 Zn1,136,P42/mnm,4/<i>mmm</i>,14146,1,0,0,0,Trivial,Trivial,0,0,1,52,Rutile-TiO2,4.6337,4.6337,3.0919,90,90,90,0,0,0,3,0,https://materialsproject.org/materials/icsd/184219,cif/184219.cif,16
184279,Ca1 Cu3 Ge4 O12,204,Im-3,<i>m</i>-3,1303,0,0,1,0,ESFD (SM),ESFD (SM),0,0,0,123,NaMn7O12,7.267,7.267,7.267,90,90,90,1,0,0,3,0,https://materialsproject.org/materials/icsd/184279,cif/184279.cif,48
184281,Ca1 Cu3 O12 Sn4,204,Im-3,<i>m</i>-3,162100,0,0,1,0,ESFD (SM),ESFD (SM),0,0,0,123,NaMn7O12,7.6424,7.6424,7.6424,90,90,90,1,0,0,3,0,https://materialsproject.org/materials/icsd/184281,cif/184281.cif,48
184327,Ga2 O3,12,C2/m,2/<i>m</i>,166198,1,0,0,0,Trivial,Trivial,0,0,0,48,Ga2O3,12.42,3.035,5.736,90,103.063,90,0,0,0,3,0,https://materialsproject.org/materials/icsd/184327,cif/184327.cif,8
184338,Ba1 O3 Sn1,221,Pm-3m,<i>m</i>-3<i>m</i>,180138,1,0,0,0,Trivial,Trivial,0,0,0,32,Perovskite-CaTiO3,4.118,4.118,4.118,90,90,90,1,0,1,4,0,https://materialsproject.org/materials/icsd/184338,cif/184338.cif,48
184368,O2 Ti1,141,I41/amd,4/<i>mmm</i>,154601,1,0,0,0,Trivial,Trivial,0,0,1,32,Anatase-TiO2,3.778,3.778,9.549,90,90,90,0,0,0,2,0,https://materialsproject.org/materials/icsd/184368,cif/184368.cif,32
184375,Fe1 N1,225,Fm-3m,<i>m</i>-3<i>m</i>,184375,1,0,0,0,ESFD (SM),ESFD (SM),0,0,1,13,NaCl,3.9966,3.9966,3.9966,90,90,90,0,0,0,0,0,https://materialsproject.org/materials/icsd/184375,cif/184375.cif,192
184376,Fe1 N1,216,F-43m,-43<i>m</i>,184376,1,0,0,0,ESFD (SM),ESFD (SM),0,1,1,13,Sphalerite-ZnS(cF8),4.232,4.232,4.232,90,90,90,0,0,0,0,0,https://materialsproject.org/materials/icsd/184376,cif/184376.cif,96
184378,Co1 N1,216,F-43m,-43<i>m</i>,161754,1,0,0,0,ESFD (SM),ESFD (SM),0,1,1,14,Sphalerite-ZnS(cF8),4.2511,4.2511,4.2511,90,90,90,0,0,0,0,0,https://materialsproject.org/materials/icsd/184378,cif/184378.cif,96
184446,Al1 Cr1 Fe2,225,Fm-3m,<i>m</i>-3<i>m</i>,184446,1,1,0,0,ESFD (SM),ESFD (SM),0,0,0,25,Heusler-AlCu2Mn,5.789,5.789,5.789,90,90,90,0,0,0,0,0,https://materialsproject.org/materials/icsd/184446,cif/184446.cif,192
184448,Cr1 Fe2 Ga1,225,Fm-3m,<i>m</i>-3<i>m</i>,102755,1,1,0,0,ESFD (SM),ESFD (SM),0,0,0,25,Heusler-AlCu2Mn,5.789,5.789,5.789,90,90,90,0,0,0,0,0,https://materialsproject.org/materials/icsd/184448,cif/184448.cif,192
184455,O3 Sr1 Ti1,221,Pm-3m,<i>m</i>-3<i>m</i>,184455,1,0,0,0,Trivial,Trivial,1,0,0,32,Perovskite-CaTiO3,3.9035,3.9035,3.9035,90,90,90,1,0,1,3,0,https://materialsproject.org/materials/icsd/184455,cif/184455.cif,48
184467,Cr1 Cu1 O2,166,R-3m,-3<i>m</i>,157800,1,0,0,0,ESFD (SM),ESFD (SM),1,0,0,29,Delafossite-NaCrS2,2.962,2.962,17.01,90,90,120,0,0,0,0,0,https://materialsproject.org/materials/icsd/184467,cif/184467.cif,36
184497,Te1 Zn1,225,Fm-3m,<i>m</i>-3<i>m</i>,184497,1,0,0,0,Trivial,Trivial,0,0,1,18,NaCl,5.767,5.767,5.767,90,90,90,0,0,0,0,0,https://materialsproject.org/materials/icsd/184497,cif/184497.cif,192
184562,As1 F6 Na1,148,R-3,-3,184562,0,0,1,1,Trivial,Trivial,0,0,0,48,LiSbF6,5.3375,5.3375,13.9645,90,90,120,0,0,0,0,0,https://materialsproject.org/materials/icsd/184562,cif/184562.cif,18
184563,As1 F6 Na1,148,R-3,-3,184562,0,0,1,0,Trivial,Trivial,0,0,1,48,LiSbF6,5.3566,5.3566,13.8649,90,90,120,0,0,0,0,0,https://materialsproject.org/materials/icsd/184563,cif/184563.cif,18
184564,As1 F6 Na1,225,Fm-3m,<i>m</i>-3<i>m</i>,184564,0,0,1,1,Trivial,Trivial,0,0,0,48,Sn2F6,7.8608,7.8608,7.8608,90,90,90,0,0,0,0,0,https://materialsproject.org/materials/icsd/184564,cif/184564.cif,192
184565,As1 F6 Na1,225,Fm-3m,<i>m</i>-3<i>m</i>,184564,0,0,1,0,Trivial,Trivial,0,0,1,48,Sn2F6,7.8608,7.8608,7.8608,90,90,90,0,0,0,0,0,https://materialsproject.org/materials/icsd/184565,cif/184565.cif,192
184626,Ni1 O1,225,Fm-3m,<i>m</i>-3<i>m</i>,182948,1,0,0,0,ESFD (SM),ESFD (SM),0,0,1,16,NaCl,4.147,4.147,4.147,90,90,90,0,0,0,0,0,https://materialsproject.org/materials/icsd/184626,cif/184626.cif,192
184645,As1 Fe1 La1 O1,129,P4/nmm,4/<i>mmm</i>,163496,1,0,0,0,Trivial,ES (SM),0,0,0,60,ZrCuSiAs-CuHfSi2,4.032,4.032,8.738,90,90,90,0,0,0,0,0,https://materialsproject.org/materials/icsd/184645,cif/184645.cif,16
184649,Mn1 O3 Ti1,148,R-3,-3,171579,1,1,0,0,SEBR (TI),SEBR-SM (SM),0,1,1,58,Ilmenite-FeTiO3,5.1386,5.1386,14.3126,90,90,120,0,0,0,3,0,https://materialsproject.org/materials/icsd/184649,cif/184649.cif,18
184652,Fe1 Li1 O4 P1,62,Pnma,<i>mmm</i>,153699,0,0,1,0,Trivial,Trivial,0,0,1,152,Olivine-Mg2SiO4,10.41,6.08,4.75,90,90,90,0,0,0,1,0,https://materialsproject.org/materials/icsd/184652,cif/184652.cif,8
184714,Mg1 Mo1 O6 Te1,18,P21212,222,184714,1,0,0,1,Trivial,Trivial,0,1,0,100,,5.0378,5.2691,8.8985,90,90,90,0,0,0,3,0,https://materialsproject.org/materials/icsd/184714,cif/184714.cif,4
184791,Hf1 O3 Sr1,221,Pm-3m,<i>m</i>-3<i>m</i>,161593,1,0,0,0,Trivial,Trivial,0,0,1,32,Perovskite-CaTiO3,4.283,4.283,4.283,90,90,90,1,0,1,4,0,https://materialsproject.org/materials/icsd/184791,cif/184791.cif,48
184824,Ca5 Cl1 O12 P3,176,P63/m,6/<i>m</i>,184824,0,0,1,0,Trivial,Trivial,0,0,0,208,"Apatite#-(HE,P63/m)",9.6184,9.6184,6.7979,90,90,120,0,0,0,0,0,https://materialsproject.org/materials/icsd/184824,cif/184824.cif,12
184825,Ca5 Cl1 O12 P3,176,P63/m,6/<i>m</i>,184824,0,0,1,0,Trivial,Trivial,0,0,0,208,"Apatite#-(HE,P63/m)",9.653,9.653,6.828,90,90,120,0,0,0,0,0,https://materialsproject.org/materials/icsd/184825,cif/184825.cif,12
184862,Fe1 Li1 O4 P1,62,Pnma,<i>mmm</i>,153699,0,0,1,1,Trivial,Trivial,0,0,0,152,Olivine-Mg2SiO4,10.3158,5.9979,4.6865,90,90,90,0,0,0,0,0,https://materialsproject.org/materials/icsd/184862,cif/184862.cif,8
184863,Fe1 Li1 O4 P1,62,Pnma,<i>mmm</i>,153699,0,0,1,1,Trivial,Trivial,0,0,0,152,Olivine-Mg2SiO4,10.3006,5.9901,4.6782,90,90,90,0,0,0,3,0,https://materialsproject.org/materials/icsd/184863,cif/184863.cif,8
184905,Fe5 Y1,191,P6/mmm,6/<i>mmm</i>,103699,1,0,0,0,ESFD (SM),ESFD (SM),0,0,1,51,CaCu5,5.03,5.03,3.87,90,90,120,1,0,0,0,0,https://materialsproject.org/materials/icsd/184905,cif/184905.cif,24
184909,Ba2 Fe1 Mo1 O6,225,Fm-3m,<i>m</i>-3<i>m</i>,184909,1,1,0,0,Trivial,Trivial,0,0,1,70,Elpasolite-K2NaAlF6,7.9798,7.9798,7.9798,90,90,90,0,0,0,3,0,https://materialsproject.org/materials/icsd/184909,cif/184909.cif,192
184910,Ba2 Co1 Mo1 O6,225,Fm-3m,<i>m</i>-3<i>m</i>,184910,1,1,0,0,ESFD (SM),ESFD (SM),0,0,1,71,Elpasolite-K2NaAlF6,8.011,8.011,8.011,90,90,90,0,0,0,3,0,https://materialsproject.org/materials/icsd/184910,cif/184910.cif,192
184911,Fe1 Mo1 O6 Sr2,139,I4/mmm,4/<i>mmm</i>,151617,1,1,0,0,Trivial,Trivial,0,0,0,70,Cs2Au2Cl6,5.587,5.587,7.894,90,90,90,0,0,0,3,0,https://materialsproject.org/materials/icsd/184911,cif/184911.cif,32
184918,Ni1 O1,225,Fm-3m,<i>m</i>-3<i>m</i>,182948,1,0,0,0,ESFD (SM),ESFD (SM),0,0,0,16,NaCl,4.179,4.179,4.179,90,90,90,0,0,0,0,0,https://materialsproject.org/materials/icsd/184918,cif/184918.cif,192
184921,O3 Sr1 Ti1,221,Pm-3m,<i>m</i>-3<i>m</i>,184455,1,0,0,0,Trivial,Trivial,1,0,1,32,Perovskite-CaTiO3,3.95,3.95,3.95,90,90,90,1,0,1,3,0,https://materialsproject.org/materials/icsd/184921,cif/184921.cif,48
184922,K1 O3 Ta1,221,Pm-3m,<i>m</i>-3<i>m</i>,184922,1,0,0,0,Trivial,Trivial,1,0,1,32,Perovskite-CaTiO3,4.04,4.04,4.04,90,90,90,1,0,1,3,0,https://materialsproject.org/materials/icsd/184922,cif/184922.cif,48
184925,As1 Mn1,216,F-43m,-43<i>m</i>,184925,1,0,0,0,Trivial,Trivial,0,1,1,12,Sphalerite-ZnS(cF8),5.419,5.419,5.419,90,90,90,0,0,0,0,0,https://materialsproject.org/materials/icsd/184925,cif/184925.cif,96
184926,Ga1 N1,186,P63mc,6<i>mm</i>,153887,1,0,0,0,Trivial,Trivial,1,0,1,16,Wurtzite-ZnS(2H),3.184,3.184,5.203,90,90,120,0,0,0,0,0,https://materialsproject.org/materials/icsd/184926,cif/184926.cif,12
185106,Cd1 Ni4 Sc1,216,F-43m,-43<i>m</i>,185106,1,1,0,0,ESFD (SM),ESFD (SM),0,1,0,55,AuBe5,6.869,6.869,6.869,90,90,90,0,1,0,0,0,https://materialsproject.org/materials/icsd/185106,cif/185106.cif,96
185279,La1 Mn1 O3,62,Pnma,<i>mmm</i>,161928,1,0,0,0,Trivial,ES (SM),0,1,0,144,Perovskite-GdFeO3,5.739,7.693,5.534,90,90,90,0,0,0,3,0,https://materialsproject.org/materials/icsd/185279,cif/185279.cif,8
185308,Fe1 Li1 O4 P1,62,Pnma,<i>mmm</i>,153699,0,0,1,0,Trivial,Trivial,0,0,0,152,Olivine-Mg2SiO4,10.294,5.987,4.696,90,90,90,0,0,0,1,0,https://materialsproject.org/materials/icsd/185308,cif/185308.cif,8
185350,O1 Sn1,129,P4/nmm,4/<i>mmm</i>,185350,1,0,0,0,ES (SM),ES (SM),0,0,1,20,Litharge,3.801,3.801,4.843,90,90,90,0,0,0,0,0,https://materialsproject.org/materials/icsd/185350,cif/185350.cif,16
185374,Ba1 O3 Ti1,221,Pm-3m,<i>m</i>-3<i>m</i>,154344,1,0,0,0,Trivial,Trivial,0,0,1,32,Perovskite-CaTiO3,4.034,4.034,4.034,90,90,90,1,0,1,3,0,https://materialsproject.org/materials/icsd/185374,cif/185374.cif,48
185384,C2 B1 F2 Li1 O4,63,Cmcm,<i>mmm</i>,185384,0,0,1,1,Trivial,Trivial,0,0,0,100,,6.2623,11.4366,6.3002,90,90,90,0,0,0,0,0,https://materialsproject.org/materials/icsd/185384,cif/185384.cif,16
185407,Ba1 O3 Ti1,99,P4mm,4<i>mm</i>,15453,1,0,0,0,Trivial,Trivial,0,0,0,32,Perovskite-PbTiO3,3.99307,3.99307,4.03238,90,90,90,0,0,0,5,0,https://materialsproject.org/materials/icsd/185407,cif/185407.cif,8
185464,Fe1 Se1,129,P4/nmm,4/<i>mmm</i>,162901,1,0,0,0,ES (SM),ESFD (SM),1,0,0,28,FeSe,3.75993,3.75993,5.4822,90,90,90,0,0,0,0,0,https://materialsproject.org/materials/icsd/185464,cif/185464.cif,16
185488,C12 H36 Cl2 P4 W1,121,I-42m,-42<i>m</i>,185488,0,0,1,0,Trivial,ESFD (SM),0,1,0,124,,9.4987,9.4987,12.1058,90,90,90,0,0,0,0,0,https://materialsproject.org/materials/icsd/185488,cif/185488.cif,16
185489,C12 H36 Cl2 Mo1 P4,121,I-42m,-42<i>m</i>,185489,0,0,1,0,Trivial,ESFD (SM),0,1,0,124,,9.5193,9.5193,12.1083,90,90,90,0,0,0,0,0,https://materialsproject.org/materials/icsd/185489,cif/185489.cif,16
185517,Fe2 O4 Si1,227,Fd-3m,<i>m</i>-3<i>m</i>,100552,1,0,0,0,Trivial,ES (SM),0,0,0,88,Spinel-Al2MgO4,8.2312,8.2312,8.2312,90,90,90,1,1,0,4,0,https://materialsproject.org/materials/icsd/185517,cif/185517.cif,192
185518,Fe2 O4 Si1,227,Fd-3m,<i>m</i>-3<i>m</i>,100552,1,0,0,0,Trivial,ES (SM),0,0,0,88,Spinel-Al2MgO4,8.2189,8.2189,8.2189,90,90,90,1,1,0,4,0,https://materialsproject.org/materials/icsd/185518,cif/185518.cif,192
185519,Fe2 O4 Si1,227,Fd-3m,<i>m</i>-3<i>m</i>,100552,1,0,0,0,Trivial,ES (SM),0,0,0,88,Spinel-Al2MgO4,8.1914,8.1914,8.1914,90,90,90,1,1,0,4,0,https://materialsproject.org/materials/icsd/185519,cif/185519.cif,192
185520,Fe2 O4 Si1,227,Fd-3m,<i>m</i>-3<i>m</i>,100552,1,0,0,0,Trivial,ES (SM),0,0,0,88,Spinel-Al2MgO4,8.1836,8.1836,8.1836,90,90,90,1,1,0,4,0,https://materialsproject.org/materials/icsd/185520,cif/185520.cif,192
185521,Fe2 O4 Si1,227,Fd-3m,<i>m</i>-3<i>m</i>,100552,1,0,0,0,Trivial,ES (SM),0,0,0,88,Spinel-Al2MgO4,8.1648,8.1648,8.1648,90,90,90,1,1,0,4,0,https://materialsproject.org/materials/icsd/185521,cif/185521.cif,192
185522,Fe2 O4 Si1,227,Fd-3m,<i>m</i>-3<i>m</i>,100552,1,0,0,0,Trivial,ES (SM),0,0,0,88,Spinel-Al2MgO4,8.1501,8.1501,8.1501,90,90,90,1,1,0,4,0,https://materialsproject.org/materials/icsd/185522,cif/185522.cif,192
185523,Fe2 O4 Si1,227,Fd-3m,<i>m</i>-3<i>m</i>,100552,1,0,0,0,Trivial,ES (SM),0,0,0,88,Spinel-Al2MgO4,8.1354,8.1354,8.1354,90,90,90,1,1,0,4,0,https://materialsproject.org/materials/icsd/185523,cif/185523.cif,192
185555,Ag1 N1,225,Fm-3m,<i>m</i>-3<i>m</i>,167858,1,0,0,0,ESFD (SM),ESFD (SM),0,0,1,16,NaCl,4.59,4.59,4.59,90,90,90,0,0,0,0,0,https://materialsproject.org/materials/icsd/185555,cif/185555.cif,192
185610,Al2 Fe1 O4,227,Fd-3m,<i>m</i>-3<i>m</i>,185610,1,0,0,0,ES (SM),ESFD (SM),0,0,1,76,Spinel-Al2MgO4,8.224,8.224,8.224,90,90,90,1,1,0,3,0,https://materialsproject.org/materials/icsd/185610,cif/185610.cif,192
185615,Ba1 O3 Sn1,221,Pm-3m,<i>m</i>-3<i>m</i>,180138,1,0,0,0,Trivial,Trivial,0,0,0,32,Perovskite-CaTiO3,4.1176,4.1176,4.1176,90,90,90,1,0,1,4,0,https://materialsproject.org/materials/icsd/185615,cif/185615.cif,48
185623,In1 Ni3,194,P63/mmc,6/<i>mmm</i>,151196,1,1,0,0,ESFD (SM),ESFD (SM),0,0,1,66,Ni3Sn,5.357,5.357,4.227,90,90,120,0,0,0,0,0,https://materialsproject.org/materials/icsd/185623,cif/185623.cif,24
185624,In1 Ni2,194,P63/mmc,6/<i>mmm</i>,185624,1,0,0,0,ESFD (SM),ESFD (SM),0,0,1,46,InNi2,4.317,4.317,5.273,90,90,120,0,0,0,0,0,https://materialsproject.org/materials/icsd/185624,cif/185624.cif,24
185625,In1 Ni1,191,P6/mmm,6/<i>mmm</i>,161111,1,1,0,0,ESFD (SM),ESFD (SM),0,0,1,39,CoSn,5.274,5.274,4.376,90,90,120,1,0,0,0,0,https://materialsproject.org/materials/icsd/185625,cif/185625.cif,24
185627,In1 Ni3,194,P63/mmc,6/<i>mmm</i>,151196,1,1,0,0,ESFD (SM),ESFD (SM),0,0,1,66,Ni3Sn,5.207,5.207,4.109,90,90,120,0,0,0,0,0,https://materialsproject.org/materials/icsd/185627,cif/185627.cif,24
185637,Pd3 Ti1,221,Pm-3m,<i>m</i>-3<i>m</i>,105724,1,0,0,0,ESFD (SM),ESFD (SM),0,0,1,34,Auricupride-AuCu3,3.927,3.927,3.927,90,90,90,1,0,0,0,0,https://materialsproject.org/materials/icsd/185637,cif/185637.cif,48
185664,Co1 In1 Ti2,216,F-43m,-43<i>m</i>,185664,1,0,0,0,ESFD (SM),ESFD (SM),0,1,1,20,CuHg2Ti,6.36,6.36,6.36,90,90,90,0,0,0,0,0,https://materialsproject.org/materials/icsd/185664,cif/185664.cif,96
185693,Ge1 O3 Pb1,221,Pm-3m,<i>m</i>-3<i>m</i>,185693,1,0,0,0,Trivial,Trivial,0,0,0,26,Perovskite-CaTiO3,3.8231,3.8231,3.8231,90,90,90,1,0,1,3,0,https://materialsproject.org/materials/icsd/185693,cif/185693.cif,48
185694,Ge1 O3 Pb1,221,Pm-3m,<i>m</i>-3<i>m</i>,185693,1,0,0,0,Trivial,Trivial,0,0,0,26,Perovskite-CaTiO3,3.819,3.819,3.819,90,90,90,1,0,1,3,0,https://materialsproject.org/materials/icsd/185694,cif/185694.cif,48
185695,Ge1 O3 Pb1,221,Pm-3m,<i>m</i>-3<i>m</i>,185693,1,0,0,0,Trivial,Trivial,0,0,0,26,Perovskite-CaTiO3,3.8169,3.8169,3.8169,90,90,90,1,0,1,3,0,https://materialsproject.org/materials/icsd/185695,cif/185695.cif,48
185696,Ge1 O3 Pb1,221,Pm-3m,<i>m</i>-3<i>m</i>,185693,1,0,0,0,Trivial,Trivial,0,0,0,26,Perovskite-CaTiO3,3.8048,3.8048,3.8048,90,90,90,1,0,1,3,0,https://materialsproject.org/materials/icsd/185696,cif/185696.cif,48
185697,Ge1 O3 Pb1,221,Pm-3m,<i>m</i>-3<i>m</i>,185693,1,0,0,0,Trivial,Trivial,0,0,0,26,Perovskite-CaTiO3,3.7685,3.7685,3.7685,90,90,90,1,0,1,3,0,https://materialsproject.org/materials/icsd/185697,cif/185697.cif,48
185698,Ge1 O3 Pb1,221,Pm-3m,<i>m</i>-3<i>m</i>,185693,1,0,0,0,Trivial,Trivial,0,0,0,26,Perovskite-CaTiO3,3.7371,3.7371,3.7371,90,90,90,1,0,1,3,0,https://materialsproject.org/materials/icsd/185698,cif/185698.cif,48
185699,Ge1 O3 Pb1,221,Pm-3m,<i>m</i>-3<i>m</i>,185693,1,0,0,0,Trivial,Trivial,0,0,0,26,Perovskite-CaTiO3,3.7167,3.7167,3.7167,90,90,90,1,0,1,3,0,https://materialsproject.org/materials/icsd/185699,cif/185699.cif,48
185700,Ge1 O3 Pb1,221,Pm-3m,<i>m</i>-3<i>m</i>,185693,1,0,0,0,Trivial,Trivial,0,0,0,26,Perovskite-CaTiO3,3.6977,3.6977,3.6977,90,90,90,1,0,1,3,0,https://materialsproject.org/materials/icsd/185700,cif/185700.cif,48
185701,Ge1 O3 Pb1,221,Pm-3m,<i>m</i>-3<i>m</i>,185693,1,0,0,0,Trivial,Trivial,0,0,0,26,Perovskite-CaTiO3,3.6696,3.6696,3.6696,90,90,90,1,0,1,3,0,https://materialsproject.org/materials/icsd/185701,cif/185701.cif,48
185831,La1 O3 V1,62,Pnma,<i>mmm</i>,185831,1,0,0,1,Trivial,ES (SM),0,1,0,136,Perovskite-GdFeO3,5.5552,5.5493,7.8432,90,90,90,0,0,0,3,0,https://materialsproject.org/materials/icsd/185831,cif/185831.cif,8
185847,Ba2 O6 W1 Zn1,225,Fm-3m,<i>m</i>-3<i>m</i>,185847,1,0,0,1,Trivial,Trivial,0,0,0,74,Elpasolite-K2NaAlF6,8.116,8.116,8.116,90,90,90,0,0,0,1,0,https://materialsproject.org/materials/icsd/185847,cif/185847.cif,192
185882,Al1 Ti2 Zn1,216,F-43m,-43<i>m</i>,185882,1,0,0,0,ESFD (SM),ESFD (SM),0,1,1,23,CuHg2Ti,6.411,6.411,6.411,90,90,90,0,0,0,0,0,https://materialsproject.org/materials/icsd/185882,cif/185882.cif,96
185885,Cr1 O2,136,P42/mnm,4/<i>mmm</i>,155831,1,0,0,0,Trivial,Trivial,0,0,1,36,Rutile-TiO2,4.433,4.433,2.92,90,90,90,0,0,0,2,0,https://materialsproject.org/materials/icsd/185885,cif/185885.cif,16
185886,Cr1 O2,58,Pnnm,<i>mmm</i>,155832,1,0,0,0,Trivial,Trivial,0,0,1,36,CaCl2,4.393,4.291,2.881,90,90,90,0,0,0,2,0,https://materialsproject.org/materials/icsd/185886,cif/185886.cif,8
185893,Al1 Ni3,221,Pm-3m,<i>m</i>-3<i>m</i>,105529,1,1,0,0,ESFD (SM),ESFD (SM),0,0,1,33,Auricupride-AuCu3,3.6755,3.6755,3.6755,90,90,90,1,0,0,0,0,https://materialsproject.org/materials/icsd/185893,cif/185893.cif,48
185936,Co2 Fe1 Ge1,225,Fm-3m,<i>m</i>-3<i>m</i>,185936,1,0,0,0,ESFD (SM),ESFD (SM),0,0,1,30,Heusler-AlCu2Mn,5.758,5.758,5.758,90,90,90,0,0,0,0,0,https://materialsproject.org/materials/icsd/185936,cif/185936.cif,192
185944,Cu1 Y1,221,Pm-3m,<i>m</i>-3<i>m</i>,103142,1,0,0,0,ESFD (SM),ESFD (SM),1,0,1,22,CsCl,3.52,3.52,3.52,90,90,90,0,0,0,0,0,https://materialsproject.org/materials/icsd/185944,cif/185944.cif,48
185966,Al1 Co2 Ti1,225,Fm-3m,<i>m</i>-3<i>m</i>,185966,1,1,0,0,ESFD (SM),ESFD (SM),0,0,1,25,Heusler-AlCu2Mn,5.8465,5.8465,5.8465,90,90,90,0,0,0,0,0,https://materialsproject.org/materials/icsd/185966,cif/185966.cif,192
185969,Co2 Si1 Ti1,225,Fm-3m,<i>m</i>-3<i>m</i>,185969,1,1,0,0,ESFD (SM),ESFD (SM),0,0,1,26,Heusler-AlCu2Mn,5.764,5.764,5.764,90,90,90,0,0,0,0,0,https://materialsproject.org/materials/icsd/185969,cif/185969.cif,192
185970,Bi1 Cl1 O1,129,P4/nmm,4/<i>mmm</i>,185970,1,0,0,0,Trivial,Trivial,0,0,1,36,PrOI,3.757,3.757,7.198,90,90,90,0,0,0,0,0,https://materialsproject.org/materials/icsd/185970,cif/185970.cif,16
185972,Bi1 I1 O1,129,P4/nmm,4/<i>mmm</i>,185972,1,0,0,0,Trivial,Trivial,0,0,1,36,PrOI,3.866,3.866,8.98,90,90,90,0,0,0,0,0,https://materialsproject.org/materials/icsd/185972,cif/185972.cif,16
185999,Cr1 Fe2 Sn1,225,Fm-3m,<i>m</i>-3<i>m</i>,185999,1,1,0,0,ESFD (SM),ESFD (SM),0,0,1,26,Heusler-AlCu2Mn,5.974,5.974,5.974,90,90,90,0,0,0,0,0,https://materialsproject.org/materials/icsd/185999,cif/185999.cif,192
186000,Al3 Nb1,139,I4/mmm,4/<i>mmm</i>,107857,1,0,0,0,ES (SM),ESFD (SM),1,0,1,22,Al3Ti,3.801,3.801,8.538,90,90,90,0,0,0,0,0,https://materialsproject.org/materials/icsd/186000,cif/186000.cif,32
186027,Cu1 O6 Sr2 W1,87,I4/m,4/<i>m</i>,186027,1,0,0,1,ESFD (SM),ESFD (SM),0,0,0,73,Sr2NiWO6,5.42998,5.42998,8.41459,90,90,90,0,0,0,3,0,https://materialsproject.org/materials/icsd/186027,cif/186027.cif,16
186038,Cu1 Mo1 O6 Sr2,87,I4/m,4/<i>m</i>,186038,1,0,0,1,ESFD (SM),ESFD (SM),0,1,0,73,Sr2NiWO6,5.42583,5.42583,8.37245,90,90,90,0,0,0,3,0,https://materialsproject.org/materials/icsd/186038,cif/186038.cif,16
186056,Fe2 In1 Ti1,225,Fm-3m,<i>m</i>-3<i>m</i>,186056,1,0,0,0,ESFD (SM),ESFD (SM),0,0,1,23,Heusler-AlCu2Mn,6.06,6.06,6.06,90,90,90,0,0,0,0,0,https://materialsproject.org/materials/icsd/186056,cif/186056.cif,192
186057,Fe2 Ge1 Ti1,225,Fm-3m,<i>m</i>-3<i>m</i>,186057,1,1,0,0,Trivial,Trivial,0,0,1,24,Heusler-AlCu2Mn,5.74,5.74,5.74,90,90,90,0,0,0,0,0,https://materialsproject.org/materials/icsd/186057,cif/186057.cif,192
186058,Fe2 Sn1 Ti1,225,Fm-3m,<i>m</i>-3<i>m</i>,103641,1,1,0,0,ESFD (SM),Trivial,0,0,1,24,Heusler-AlCu2Mn,6.03,6.03,6.03,90,90,90,0,0,0,0,0,https://materialsproject.org/materials/icsd/186058,cif/186058.cif,192
186059,As1 Fe2 Ti1,225,Fm-3m,<i>m</i>-3<i>m</i>,186059,1,1,0,0,ESFD (SM),ESFD (SM),0,0,1,25,Heusler-AlCu2Mn,5.74,5.74,5.74,90,90,90,0,0,0,0,0,https://materialsproject.org/materials/icsd/186059,cif/186059.cif,192
186060,Fe2 Sb1 Ti1,225,Fm-3m,<i>m</i>-3<i>m</i>,186060,1,1,0,0,ESFD (SM),ESFD (SM),0,0,1,25,Heusler-AlCu2Mn,6,6,6,90,90,90,0,0,0,0,0,https://materialsproject.org/materials/icsd/186060,cif/186060.cif,192
186262,H4 B1 Li1,186,P63mc,6<i>mm</i>,186262,1,0,0,1,Trivial,Trivial,0,0,0,16,LiBH4(hP12),4.3228,4.3228,7.0368,90,90,120,0,0,0,0,0,https://materialsproject.org/materials/icsd/186262,cif/186262.cif,12
186404,Al1 Ni1 Zr1,189,P-62m,-62<i>m</i>,152131,1,0,0,0,ESFD (SM),ESFD (SM),0,1,1,51,ZrNiAl-Fe2P,6.91,6.91,3.508,90,90,120,0,0,0,0,0,https://materialsproject.org/materials/icsd/186404,cif/186404.cif,12
186426,Ba1 O4 S1,62,Pnma,<i>mmm</i>,16904,0,0,1,0,Trivial,Trivial,0,0,0,160,Barite#-BaSO4,8.8721,5.4522,7.1491,90,90,90,0,0,0,0,0,https://materialsproject.org/materials/icsd/186426,cif/186426.cif,8
186437,Ba1 O3 Ti1,221,Pm-3m,<i>m</i>-3<i>m</i>,154344,1,0,0,0,Trivial,Trivial,0,0,1,32,Perovskite-CaTiO3,3.958,3.958,3.958,90,90,90,1,0,1,3,0,https://materialsproject.org/materials/icsd/186437,cif/186437.cif,48
186457,Ba1 O3 Ti1,99,P4mm,4<i>mm</i>,15453,1,0,0,0,Trivial,Trivial,0,0,1,32,Perovskite-PbTiO3,3.952,3.952,3.987,90,90,90,0,0,0,3,0,https://materialsproject.org/materials/icsd/186457,cif/186457.cif,8
186458,Ba1 O3 Ti1,99,P4mm,4<i>mm</i>,15453,1,0,0,0,Trivial,Trivial,0,0,1,32,Perovskite-PbTiO3,4.007,4.007,4.186,90,90,90,0,0,0,5,0,https://materialsproject.org/materials/icsd/186458,cif/186458.cif,8
186459,Ba1 O3 Ti1,99,P4mm,4<i>mm</i>,15453,1,0,0,0,Trivial,Trivial,0,0,1,32,Perovskite-PbTiO3,3.968,3.968,4.137,90,90,90,0,0,0,5,0,https://materialsproject.org/materials/icsd/186459,cif/186459.cif,8
186460,Ba1 O3 Ti1,38,Amm2,<i>mm</i>2,154346,1,0,0,0,Trivial,Trivial,0,0,1,32,Perovskite-BaTiO3(orh),3.951,5.614,5.623,90,90,90,0,0,0,3,0,https://materialsproject.org/materials/icsd/186460,cif/186460.cif,8
186572,Fe2 K1 S2,139,I4/mmm,4/<i>mmm</i>,186572,1,0,0,0,ESFD (SM),ESFD (SM),1,0,1,37,BaZn2P2,3.7207,3.7207,13.1697,90,90,90,0,0,0,0,0,https://materialsproject.org/materials/icsd/186572,cif/186572.cif,32
186575,C2 Ba1,139,I4/mmm,4/<i>mmm</i>,168410,1,0,0,0,Trivial,Trivial,0,0,0,18,CaC2,4.3643,4.3643,7.0966,90,90,90,0,0,0,0,0,https://materialsproject.org/materials/icsd/186575,cif/186575.cif,32
186588,Cu1 La2 O4,64,Cmce,<i>mmm</i>,1076,1,0,0,0,ESFD (SM),ESFD (SM),0,0,0,114,La2CuO4,5.3563,5.4033,13.1519,90,90,90,0,0,0,3,0,https://materialsproject.org/materials/icsd/186588,cif/186588.cif,16
186607,Al1 Cs1 O4 Si1,33,Pna21,<i>mm</i>2,160822,1,0,0,1,Trivial,Trivial,0,0,0,160,KNiPO4,9.4373,5.4336,8.8829,90,90,90,0,0,0,4,0,https://materialsproject.org/materials/icsd/186607,cif/186607.cif,4
186608,Al1 Cs1 O4 Si1,33,Pna21,<i>mm</i>2,160822,1,0,0,1,Trivial,Trivial,0,1,0,160,KNiPO4,9.4077,5.4335,9.0061,90,90,90,0,0,0,4,0,https://materialsproject.org/materials/icsd/186608,cif/186608.cif,4
186609,Al1 Cs1 O4 Si1,33,Pna21,<i>mm</i>2,160822,1,0,0,1,Trivial,Trivial,0,1,0,160,KNiPO4,9.3797,5.4341,9.1205,90,90,90,0,0,0,4,0,https://materialsproject.org/materials/icsd/186609,cif/186609.cif,4
186610,Al1 Cs1 O4 Si1,33,Pna21,<i>mm</i>2,160822,1,0,0,1,Trivial,Trivial,0,1,0,160,KNiPO4,9.3456,5.4357,9.2489,90,90,90,0,0,0,4,0,https://materialsproject.org/materials/icsd/186610,cif/186610.cif,4
186620,Cu1 In1 O2,194,P63/mmc,6/<i>mmm</i>,186620,1,0,0,0,Trivial,Trivial,0,0,1,52,CuFeO2,3.3926,3.3926,11.6757,90,90,120,0,0,0,0,0,https://materialsproject.org/materials/icsd/186620,cif/186620.cif,24
186636,Fe1 Sb2,140,I4/mcm,4/<i>mmm</i>,186636,1,0,0,0,NLC (TI),ESFD (SM),0,0,0,36,Al2Cu,6.8441,6.8441,5.2563,90,90,90,0,0,0,0,0,https://materialsproject.org/materials/icsd/186636,cif/186636.cif,32
186638,Fe1 Sb2,140,I4/mcm,4/<i>mmm</i>,186636,1,0,0,0,NLC (TI),ES (SM),0,0,0,36,Al2Cu,6.8227,6.8227,5.1902,90,90,90,0,0,0,0,0,https://materialsproject.org/materials/icsd/186638,cif/186638.cif,32
186639,Fe1 Sb2,140,I4/mcm,4/<i>mmm</i>,186636,1,0,0,0,NLC (TI),ESFD (SM),0,0,0,36,Al2Cu,6.8032,6.8032,5.1569,90,90,90,0,0,0,0,0,https://materialsproject.org/materials/icsd/186639,cif/186639.cif,32
186640,Fe1 Sb2,140,I4/mcm,4/<i>mmm</i>,186636,1,0,0,0,NLC (TI),ES (SM),0,0,0,36,Al2Cu,6.7985,6.7985,5.131,90,90,90,0,0,0,0,0,https://materialsproject.org/materials/icsd/186640,cif/186640.cif,32
186641,Fe1 Sb2,140,I4/mcm,4/<i>mmm</i>,186636,1,0,0,0,NLC (TI),ES (SM),0,0,0,36,Al2Cu,6.7761,6.7761,5.112,90,90,90,0,0,0,0,0,https://materialsproject.org/materials/icsd/186641,cif/186641.cif,32
186642,Fe1 Sb2,140,I4/mcm,4/<i>mmm</i>,186636,1,0,0,0,NLC (TI),ES (SM),0,0,0,36,Al2Cu,6.721,6.721,5.0723,90,90,90,0,0,0,0,0,https://materialsproject.org/materials/icsd/186642,cif/186642.cif,32
186725,O3 Sr1 Ti1,221,Pm-3m,<i>m</i>-3<i>m</i>,184455,1,0,0,0,Trivial,Trivial,1,0,1,32,Perovskite-CaTiO3,3.92,3.92,3.92,90,90,90,1,0,1,3,0,https://materialsproject.org/materials/icsd/186725,cif/186725.cif,48
186727,O3 Pb1 Ti1,99,P4mm,4<i>mm</i>,1610,1,0,0,0,Trivial,Trivial,0,1,0,26,Perovskite-PbTiO3,3.8987,3.8987,4.138,90,90,90,0,0,0,3,0,https://materialsproject.org/materials/icsd/186727,cif/186727.cif,8
186801,Bi2 O6 Ti1 Zn1,99,P4mm,4<i>mm</i>,162766,1,0,0,0,Trivial,Trivial,0,1,1,62,,3.74,3.74,9.586,90,90,90,0,0,0,2,0,https://materialsproject.org/materials/icsd/186801,cif/186801.cif,8
186830,Co1 Fe1 Ga1 Mn1,216,F-43m,-43<i>m</i>,186830,1,0,0,0,ESFD (SM),ESFD (SM),0,1,1,27,CuHg2Ti,5.811,5.811,5.811,90,90,90,0,0,0,0,0,https://materialsproject.org/materials/icsd/186830,cif/186830.cif,96
186831,Co1 Fe1 Ge1 Mn1,216,F-43m,-43<i>m</i>,186831,1,0,0,0,Trivial,Trivial,0,1,1,28,CuHg2Ti,5.763,5.763,5.763,90,90,90,0,0,0,0,0,https://materialsproject.org/materials/icsd/186831,cif/186831.cif,96
186836,Cr1 O2,136,P42/mnm,4/<i>mmm</i>,155831,1,0,0,0,Trivial,ES (SM),0,0,1,36,Rutile-TiO2,4.456,4.456,2.829,90,90,90,0,0,0,3,0,https://materialsproject.org/materials/icsd/186836,cif/186836.cif,16
186838,Cr1 O2,225,Fm-3m,<i>m</i>-3<i>m</i>,186838,1,0,0,0,ESFD (SM),ESFD (SM),0,0,1,18,Fluorite-CaF2,4.658,4.658,4.658,90,90,90,0,0,0,0,0,https://materialsproject.org/materials/icsd/186838,cif/186838.cif,192
186883,F6 K2 Na1 V1,225,Fm-3m,<i>m</i>-3<i>m</i>,186883,0,0,1,0,ESFD (SM),ESFD (SM),0,0,0,66,Elpasolite-K2NaAlF6,8.318,8.318,8.318,90,90,90,0,0,0,3,0,https://materialsproject.org/materials/icsd/186883,cif/186883.cif,192
186895,O3 Sr1 Ti1,221,Pm-3m,<i>m</i>-3<i>m</i>,184455,1,0,0,0,Trivial,Trivial,1,0,0,32,Perovskite-CaTiO3,3.906056,3.906056,3.906056,90,90,90,1,0,1,3,0,https://materialsproject.org/materials/icsd/186895,cif/186895.cif,48
186899,Ba1 O3 Sn1,221,Pm-3m,<i>m</i>-3<i>m</i>,180138,1,0,0,0,Trivial,Trivial,0,0,1,32,Perovskite-CaTiO3,4.055,4.055,4.055,90,90,90,1,0,1,3,0,https://materialsproject.org/materials/icsd/186899,cif/186899.cif,48
186944,Ca2 O7 Si2 Zn1,113,P-421m,-42<i>m</i>,18114,1,0,0,1,Trivial,Trivial,0,1,0,132,Melilite-Ca2MgSi2O7,7.8273,7.8273,5.0159,90,90,90,0,0,0,1,0,https://materialsproject.org/materials/icsd/186944,cif/186944.cif,8
187039,O4 Sn1 Zn2,227,Fd-3m,<i>m</i>-3<i>m</i>,187039,1,0,0,0,Trivial,Trivial,0,0,1,104,Spinel-Al2MgO4,8.785,8.785,8.785,90,90,90,1,1,0,4,0,https://materialsproject.org/materials/icsd/187039,cif/187039.cif,192
187040,Cd2 O4 Sn1,227,Fd-3m,<i>m</i>-3<i>m</i>,187040,1,0,0,0,Trivial,Trivial,0,0,1,104,Spinel-Al2MgO4,8.631,8.631,8.631,90,90,90,1,1,0,6,0,https://materialsproject.org/materials/icsd/187040,cif/187040.cif,192
187082,Al3 B4 O12 Y1,155,R32,32,20223,1,0,0,0,Trivial,Trivial,0,1,0,104,Mg3Ca(CO3)4,9.293,9.293,7.236,90,90,120,0,0,0,2,0,https://materialsproject.org/materials/icsd/187082,cif/187082.cif,18
187133,As1 Fe1 Li1,194,P63/mmc,6/<i>mmm</i>,187133,1,0,0,0,ES (SM),ESFD (SM),0,0,1,28,,3.2769,3.2769,4.3085,90,90,120,0,0,0,0,0,https://materialsproject.org/materials/icsd/187133,cif/187133.cif,24
187134,Fe1 Li1 P1,63,Cmcm,<i>mmm</i>,187134,1,0,0,0,NLC (TI),ES (SM),0,0,1,28,,3.674,7.3378,3.8703,90,90,90,0,0,0,0,0,https://materialsproject.org/materials/icsd/187134,cif/187134.cif,16
187240,C4 H12 Cd1 N6 O2 S4,2,P-1,-1,187240,0,0,1,1,Trivial,Trivial,0,0,0,106,,5.8533,7.3527,8.863,73.413,76.926,88.856,0,0,0,0,0,https://materialsproject.org/materials/icsd/187240,cif/187240.cif,2
187244,H8 N2 S8,12,C2/m,2/<i>m</i>,187244,0,0,1,0,Trivial,Trivial,0,0,0,132,,15.083,8.35,10.271,90,123.52,90,0,0,0,0,0,https://materialsproject.org/materials/icsd/187244,cif/187244.cif,8
187255,Mg1 Ni1,123,P4/mmm,4/<i>mmm</i>,187255,1,0,0,0,NLC (TI),ESFD (SM),0,0,1,12,HgMn,2.987,2.987,3.127,90,90,90,0,0,0,0,0,https://materialsproject.org/materials/icsd/187255,cif/187255.cif,16
187256,Mg1 Ni1,221,Pm-3m,<i>m</i>-3<i>m</i>,187256,1,0,0,0,SEBR (TI),ESFD (SM),0,0,1,12,CsCl,3.05,3.05,3.05,90,90,90,0,0,0,0,0,https://materialsproject.org/materials/icsd/187256,cif/187256.cif,48
187257,H1 Mg1 Ni1,123,P4/mmm,4/<i>mmm</i>,187257,1,0,0,0,ESFD (SM),ESFD (SM),0,0,1,13,,3.09,3.09,3.26,90,90,90,0,0,0,1,0,https://materialsproject.org/materials/icsd/187257,cif/187257.cif,16
187291,Ba1 O3 Ti1,221,Pm-3m,<i>m</i>-3<i>m</i>,154344,1,0,0,0,Trivial,Trivial,0,0,1,32,Perovskite-CaTiO3,3.97863,3.97863,3.97863,90,90,90,1,0,1,3,0,https://materialsproject.org/materials/icsd/187291,cif/187291.cif,48
187292,Ba1 O3 Ti1,123,P4/mmm,4/<i>mmm</i>,187292,1,0,0,0,Trivial,Trivial,0,0,1,32,Perovskite-BaTiO3(tet),3.97876,3.97876,3.97831,90,90,90,0,0,1,3,0,https://materialsproject.org/materials/icsd/187292,cif/187292.cif,16
187293,Ca1 O3 Ti1,221,Pm-3m,<i>m</i>-3<i>m</i>,153174,1,0,0,0,Trivial,Trivial,1,0,1,24,Perovskite-CaTiO3,3.8967,3.8967,3.8967,90,90,90,1,0,1,3,0,https://materialsproject.org/materials/icsd/187293,cif/187293.cif,48
187294,Ca1 O3 Ti1,65,Cmmm,<i>mmm</i>,187294,1,0,0,0,Trivial,Trivial,0,0,1,24,,5.38338,5.38329,3.80664,90,90,90,0,0,0,3,0,https://materialsproject.org/materials/icsd/187294,cif/187294.cif,16
187295,O3 Pb1 Ti1,221,Pm-3m,<i>m</i>-3<i>m</i>,153406,1,0,0,0,Trivial,Trivial,0,0,1,26,Perovskite-CaTiO3,3.97112,3.97112,3.97112,90,90,90,1,0,1,3,0,https://materialsproject.org/materials/icsd/187295,cif/187295.cif,48
187296,O3 Sr1 Ti1,221,Pm-3m,<i>m</i>-3<i>m</i>,184455,1,0,0,0,Trivial,Trivial,1,0,1,32,Perovskite-CaTiO3,3.8947,3.8947,3.8947,90,90,90,1,0,1,3,0,https://materialsproject.org/materials/icsd/187296,cif/187296.cif,48
187303,H6 B1 N1,31,Pmn21,<i>mm</i>2,159678,0,0,1,0,Trivial,Trivial,0,0,1,28,NH3BH3,5.297,4.719,5.086,90,90,90,0,0,0,0,0,https://materialsproject.org/materials/icsd/187303,cif/187303.cif,4
187480,O3 Sr1 Ti1,221,Pm-3m,<i>m</i>-3<i>m</i>,184455,1,0,0,0,Trivial,Trivial,1,0,1,32,Perovskite-CaTiO3,3.911,3.911,3.911,90,90,90,1,0,1,3,0,https://materialsproject.org/materials/icsd/187480,cif/187480.cif,48
187481,O3 Sr1 Zr1,221,Pm-3m,<i>m</i>-3<i>m</i>,187481,1,0,0,0,Trivial,Trivial,0,0,1,32,Perovskite-CaTiO3,4.076,4.076,4.076,90,90,90,1,0,1,4,0,https://materialsproject.org/materials/icsd/187481,cif/187481.cif,48
187484,O3 Ru1 Sr1,221,Pm-3m,<i>m</i>-3<i>m</i>,162777,1,1,0,0,ESFD (SM),ESFD (SM),0,0,1,36,Perovskite-CaTiO3,3.94,3.94,3.94,90,90,90,1,0,1,3,0,https://materialsproject.org/materials/icsd/187484,cif/187484.cif,48
187490,Ge2 K1 O9 V3,194,P63/mmc,6/<i>mmm</i>,187490,1,0,0,1,Trivial,Trivial,0,0,0,172,,5.8624,5.8624,13.7094,90,90,120,1,0,0,6,0,https://materialsproject.org/materials/icsd/187490,cif/187490.cif,24
187492,Fe1 Ga1 Ni2,225,Fm-3m,<i>m</i>-3<i>m</i>,187492,1,0,0,0,ESFD (SM),ESFD (SM),0,0,1,31,Heusler-AlCu2Mn,5.77,5.77,5.77,90,90,90,0,0,0,0,0,https://materialsproject.org/materials/icsd/187492,cif/187492.cif,192
187505,O3 Pb1 Ti1,221,Pm-3m,<i>m</i>-3<i>m</i>,153406,1,0,0,0,Trivial,Trivial,0,0,1,26,Perovskite-CaTiO3,3.97,3.97,3.97,90,90,90,1,0,1,3,0,https://materialsproject.org/materials/icsd/187505,cif/187505.cif,48
187534,Ir2 O7 Y2,227,Fd-3m,<i>m</i>-3<i>m</i>,187534,1,1,0,1,ESFD (SM),ESFD (SM),0,0,0,164,Pyrochlore-NaCa(Nb2O6)F,10.1058,10.1058,10.1058,90,90,90,2,2,0,5,0,https://materialsproject.org/materials/icsd/187534,cif/187534.cif,192
187535,Cs1 Fe2 Se3,63,Cmcm,<i>mmm</i>,187535,1,0,0,1,ESFD (SM),ESFD (SM),0,0,0,86,CsCu2Cl3,9.8426,11.8297,5.6904,90,90,90,0,0,0,0,0,https://materialsproject.org/materials/icsd/187535,cif/187535.cif,16
187561,Cu1 O6 Te1 Tl4,2,P-1,-1,187561,0,0,1,1,NLC (TI),NLC-SM (SM),0,1,0,130,,5.8629,8.7848,9.2572,66.046,74.201,79.254,0,0,0,3,0,https://materialsproject.org/materials/icsd/187561,cif/187561.cif,2
187596,As1 Ni1 Rh1,129,P4/nmm,4/<i>mmm</i>,187596,1,0,0,0,ES (SM),ESFD (SM),0,0,0,48,Cu2Sb,3.5498,3.5498,6.1573,90,90,90,0,0,0,0,0,https://materialsproject.org/materials/icsd/187596,cif/187596.cif,16
187619,O3 Sr1 Ti1,221,Pm-3m,<i>m</i>-3<i>m</i>,184455,1,0,0,0,Trivial,Trivial,1,0,1,32,Perovskite-CaTiO3,3.946,3.946,3.946,90,90,90,1,0,1,3,0,https://materialsproject.org/materials/icsd/187619,cif/187619.cif,48
187637,O3 Pb1 V1,221,Pm-3m,<i>m</i>-3<i>m</i>,187637,1,1,0,0,ESFD (SM),ESFD (SM),0,0,0,27,Perovskite-CaTiO3,3.8361,3.8361,3.8361,90,90,90,1,0,1,3,0,https://materialsproject.org/materials/icsd/187637,cif/187637.cif,48
187662,Mg1 Mo1 O6 Sr2,87,I4/m,4/<i>m</i>,187662,1,1,0,1,Trivial,Trivial,0,0,0,64,Sr2NiWO6,5.5712,5.5712,7.9234,90,90,90,0,0,0,3,0,https://materialsproject.org/materials/icsd/187662,cif/187662.cif,16
187669,Mn1 Mo1 O6 Sr2,87,I4/m,4/<i>m</i>,187669,1,1,0,1,ESFD (SM),ESFD (SM),0,1,0,69,Sr2NiWO6,5.679,5.679,8.0602,90,90,90,0,0,0,3,0,https://materialsproject.org/materials/icsd/187669,cif/187669.cif,16
187705,Fe1 Na1 O2,166,R-3m,-3<i>m</i>,167376,1,0,0,1,ESFD (SM),ESFD (SM),0,1,0,21,Delafossite-NaCrS2,3.025,3.025,16.112,90,90,120,0,0,0,0,0,https://materialsproject.org/materials/icsd/187705,cif/187705.cif,36
187717,Ir1 N1,131,P42/mmc,4/<i>mmm</i>,187717,1,0,0,0,Trivial,ES (SM),0,0,1,28,PdO,2.767,2.767,6.162,90,90,90,0,0,0,0,0,https://materialsproject.org/materials/icsd/187717,cif/187717.cif,16
187735,N4 Si3,159,P31c,3<i>m</i>,159207,1,0,0,0,ES (SM),ESFD (SM),0,1,1,128,Si3N4(P31c),7.781,7.781,5.641,90,90,120,0,0,0,4,0,https://materialsproject.org/materials/icsd/187735,cif/187735.cif,6
187920,Al2 Fe1 O4,227,Fd-3m,<i>m</i>-3<i>m</i>,185610,1,0,0,1,ES (SM),ESFD (SM),0,0,0,76,Spinel-Al2MgO4,8.1551,8.1551,8.1551,90,90,90,1,1,0,3,0,https://materialsproject.org/materials/icsd/187920,cif/187920.cif,192
187963,Co3 W1,221,Pm-3m,<i>m</i>-3<i>m</i>,187963,1,1,0,0,ESFD (SM),ESFD (SM),0,0,1,33,Auricupride-AuCu3,3.599,3.599,3.599,90,90,90,1,0,0,0,0,https://materialsproject.org/materials/icsd/187963,cif/187963.cif,48
187964,Co3 Ti1,221,Pm-3m,<i>m</i>-3<i>m</i>,102708,1,0,0,0,ESFD (SM),ESFD (SM),0,0,1,31,Auricupride-AuCu3,3.6042,3.6042,3.6042,90,90,90,1,0,0,0,0,https://materialsproject.org/materials/icsd/187964,cif/187964.cif,48
187965,Co3 V1,221,Pm-3m,<i>m</i>-3<i>m</i>,187965,1,0,0,0,SEBR (TI),ES (SM),0,0,1,32,Auricupride-AuCu3,3.5141,3.5141,3.5141,90,90,90,1,0,0,0,0,https://materialsproject.org/materials/icsd/187965,cif/187965.cif,48
187966,Co3 Nb1,221,Pm-3m,<i>m</i>-3<i>m</i>,187966,1,0,0,0,SEBR (TI),ES (SM),0,0,1,40,Auricupride-AuCu3,3.6444,3.6444,3.6444,90,90,90,1,0,0,0,0,https://materialsproject.org/materials/icsd/187966,cif/187966.cif,48
187967,Co3 Ta1,221,Pm-3m,<i>m</i>-3<i>m</i>,102689,1,0,0,0,ESFD (SM),ES (SM),0,0,1,32,Auricupride-AuCu3,3.6373,3.6373,3.6373,90,90,90,1,0,0,0,0,https://materialsproject.org/materials/icsd/187967,cif/187967.cif,48
187969,Co3 Mo1,221,Pm-3m,<i>m</i>-3<i>m</i>,187969,1,1,0,0,ESFD (SM),ESFD (SM),0,0,1,33,Auricupride-AuCu3,3.5942,3.5942,3.5942,90,90,90,1,0,0,0,0,https://materialsproject.org/materials/icsd/187969,cif/187969.cif,48
187973,Al1 Co1,221,Pm-3m,<i>m</i>-3<i>m</i>,187973,1,0,0,0,SEBR (TI),ESFD (SM),0,0,1,12,CsCl,2.8516,2.8516,2.8516,90,90,90,0,0,0,0,0,https://materialsproject.org/materials/icsd/187973,cif/187973.cif,48
187975,Co1 Ti1,221,Pm-3m,<i>m</i>-3<i>m</i>,102705,1,0,0,0,ESFD (SM),ESFD (SM),1,0,1,13,CsCl,2.9766,2.9766,2.9766,90,90,90,0,0,0,0,0,https://materialsproject.org/materials/icsd/187975,cif/187975.cif,48
187981,Co1 Mn1,221,Pm-3m,<i>m</i>-3<i>m</i>,187981,1,0,0,0,SEBR (TI),ESFD (SM),0,0,1,16,CsCl,2.8536,2.8536,2.8536,90,90,90,0,0,0,0,0,https://materialsproject.org/materials/icsd/187981,cif/187981.cif,48
187982,Co1 Fe1,221,Pm-3m,<i>m</i>-3<i>m</i>,155839,1,0,0,0,ESFD (SM),ESFD (SM),0,0,1,17,CsCl,2.8432,2.8432,2.8432,90,90,90,0,0,0,0,0,https://materialsproject.org/materials/icsd/187982,cif/187982.cif,48
187983,Co1 Ni1,221,Pm-3m,<i>m</i>-3<i>m</i>,187983,1,0,0,0,ESFD (SM),ESFD (SM),0,0,1,19,CsCl,2.8003,2.8003,2.8003,90,90,90,0,0,0,0,0,https://materialsproject.org/materials/icsd/187983,cif/187983.cif,48
187984,Co3 Ti1,221,Pm-3m,<i>m</i>-3<i>m</i>,102708,1,0,0,0,ESFD (SM),ESFD (SM),0,0,1,31,Auricupride-AuCu3,3.601,3.601,3.601,90,90,90,1,0,0,0,0,https://materialsproject.org/materials/icsd/187984,cif/187984.cif,48
187985,Co3 Ta1,221,Pm-3m,<i>m</i>-3<i>m</i>,102689,1,0,0,0,ESFD (SM),ES (SM),0,0,1,32,Auricupride-AuCu3,3.637,3.637,3.637,90,90,90,1,0,0,0,0,https://materialsproject.org/materials/icsd/187985,cif/187985.cif,48
187987,Co3 W1,221,Pm-3m,<i>m</i>-3<i>m</i>,187963,1,1,0,0,ESFD (SM),ESFD (SM),0,0,1,33,Auricupride-AuCu3,3.598,3.598,3.598,90,90,90,1,0,0,0,0,https://materialsproject.org/materials/icsd/187987,cif/187987.cif,48
187988,Co3 V1,221,Pm-3m,<i>m</i>-3<i>m</i>,187965,1,0,0,0,SEBR (TI),ES (SM),0,0,1,32,Auricupride-AuCu3,3.514,3.514,3.514,90,90,90,1,0,0,0,0,https://materialsproject.org/materials/icsd/187988,cif/187988.cif,48
187989,Al1 Ni3,221,Pm-3m,<i>m</i>-3<i>m</i>,105529,1,1,0,0,ESFD (SM),ESFD (SM),0,0,1,33,Auricupride-AuCu3,3.568,3.568,3.568,90,90,90,1,0,0,0,0,https://materialsproject.org/materials/icsd/187989,cif/187989.cif,48
187991,Co3 Ta1,194,P63/mmc,6/<i>mmm</i>,187991,1,0,0,0,ES (SM),ESFD (SM),0,0,1,64,Ni3Sn,5.171,5.171,4.152,90,90,120,0,0,0,0,0,https://materialsproject.org/materials/icsd/187991,cif/187991.cif,24
187993,Co3 W1,194,P63/mmc,6/<i>mmm</i>,102722,1,1,0,0,ESFD (SM),ESFD (SM),0,0,1,66,Ni3Sn,5.116,5.116,4.098,90,90,120,0,0,0,0,0,https://materialsproject.org/materials/icsd/187993,cif/187993.cif,24
188005,Cl5 K2 O1 Tc1,62,Pnma,<i>mmm</i>,188005,0,0,1,0,Trivial,Trivial,0,0,0,264,K2OsNCl5,13.0815,9.8982,6.7623,90,90,90,0,0,0,0,0,https://materialsproject.org/materials/icsd/188005,cif/188005.cif,8
188038,Cd1 Mo1 O6 Te1,113,P-421m,-42<i>m</i>,188038,1,0,0,1,Trivial,Trivial,0,1,0,120,,5.286,5.286,9.066,90,90,90,0,0,0,2,0,https://materialsproject.org/materials/icsd/188038,cif/188038.cif,8
188056,Al2 Ba1 O8 Si2,147,P-3,-3,188056,1,0,0,1,Trivial,Trivial,0,0,0,72,BaAl2Si2O8,5.301,5.301,7.788,90,90,120,0,0,0,0,0,https://materialsproject.org/materials/icsd/188056,cif/188056.cif,6
188111,Cu2 Li1 O2,62,Pnma,<i>mmm</i>,188111,1,0,0,0,ES (SM),ESFD (SM),0,0,0,140,NaCu2O2,5.733,2.8591,12.417,90,90,90,0,0,0,3,0,https://materialsproject.org/materials/icsd/188111,cif/188111.cif,8
188149,Ba1 O3 Sn1,221,Pm-3m,<i>m</i>-3<i>m</i>,180138,1,0,0,1,Trivial,Trivial,0,0,0,32,Perovskite-CaTiO3,4.1168,4.1168,4.1168,90,90,90,1,0,1,4,0,https://materialsproject.org/materials/icsd/188149,cif/188149.cif,48
188269,Fe1 Nb2,227,Fd-3m,<i>m</i>-3<i>m</i>,188269,1,0,0,0,SEBR (TI),ES (SM),0,0,1,68,Laves(cub)-MgCu2,7.393,7.393,7.393,90,90,90,1,1,0,0,0,https://materialsproject.org/materials/icsd/188269,cif/188269.cif,192
188273,Cr1 Ni2,227,Fd-3m,<i>m</i>-3<i>m</i>,188273,1,0,0,0,SEBR (TI),ES (SM),0,0,1,52,Laves(cub)-MgCu2,6.483,6.483,6.483,90,90,90,1,1,0,0,0,https://materialsproject.org/materials/icsd/188273,cif/188273.cif,192
188325,Ir2 Si2 Y1,129,P4/nmm,4/<i>mmm</i>,181770,1,0,0,0,ESFD (SM),ESFD (SM),0,0,0,74,Be2CaGe2,4.0938,4.0938,9.6856,90,90,90,0,0,0,0,0,https://materialsproject.org/materials/icsd/188325,cif/188325.cif,16
188326,Ir2 Si2 Y1,139,I4/mmm,4/<i>mmm</i>,181768,1,0,0,0,ESFD (SM),ESFD (SM),1,0,1,37,ThCr2Si2,4.0483,4.0483,9.8152,90,90,90,0,0,0,0,0,https://materialsproject.org/materials/icsd/188326,cif/188326.cif,32
188397,Al1 Co2 V1,225,Fm-3m,<i>m</i>-3<i>m</i>,188397,1,0,0,0,ESFD (SM),ESFD (SM),0,0,1,26,Heusler-AlCu2Mn,6.076,6.076,6.076,90,90,90,0,0,0,0,0,https://materialsproject.org/materials/icsd/188397,cif/188397.cif,192
188401,La1 Mn1 O3,221,Pm-3m,<i>m</i>-3<i>m</i>,188401,1,1,0,0,Trivial,ESFD (SM),0,0,0,36,Perovskite-CaTiO3,3.9114,3.9114,3.9114,90,90,90,1,0,1,3,0,https://materialsproject.org/materials/icsd/188401,cif/188401.cif,48
188415,Mn1 O3 Sr1,221,Pm-3m,<i>m</i>-3<i>m</i>,188415,1,1,0,0,ESFD (SM),ESFD (SM),0,0,0,35,Perovskite-CaTiO3,3.8511,3.8511,3.8511,90,90,90,1,0,1,3,0,https://materialsproject.org/materials/icsd/188415,cif/188415.cif,48
188448,O3 Sr1 Zr1,221,Pm-3m,<i>m</i>-3<i>m</i>,187481,1,0,0,0,Trivial,Trivial,0,0,1,32,Perovskite-CaTiO3,4.0954,4.0954,4.0954,90,90,90,1,0,1,4,0,https://materialsproject.org/materials/icsd/188448,cif/188448.cif,48
188449,O3 Sr1 Zr1,99,P4mm,4<i>mm</i>,188449,1,0,0,0,Trivial,Trivial,0,1,1,32,Perovskite-PbTiO3,4.0734,4.0734,4.1627,90,90,90,0,0,0,3,0,https://materialsproject.org/materials/icsd/188449,cif/188449.cif,8
188451,O3 Sr1 Zr1,140,I4/mcm,4/<i>mmm</i>,1522,1,1,0,0,Trivial,Trivial,0,0,1,64,Perovskite-SrTiO3,5.6797,5.6797,8.2649,90,90,90,0,0,0,4,0,https://materialsproject.org/materials/icsd/188451,cif/188451.cif,32
188466,Bi1 Fe1 O3,99,P4mm,4<i>mm</i>,188466,1,0,0,0,ESFD (SM),ESFD (SM),0,1,1,31,Perovskite-PbTiO3,3.71,3.71,3.896,90,90,90,0,0,0,3,0,https://materialsproject.org/materials/icsd/188466,cif/188466.cif,8
188467,Bi1 Fe1 O3,99,P4mm,4<i>mm</i>,188466,1,0,0,0,ESFD (SM),ESFD (SM),0,1,1,31,,3.64,3.64,4.805,90,90,90,0,0,0,2,0,https://materialsproject.org/materials/icsd/188467,cif/188467.cif,8
188493,Li2 N1 O2 P1,36,Cmc21,<i>mm</i>2,188493,0,0,1,0,Trivial,Trivial,0,0,0,48,Na2SiO3,9.0692,5.3999,4.6856,90,90,90,0,0,0,0,0,https://materialsproject.org/materials/icsd/188493,cif/188493.cif,8
188494,Li2 N1 O2 P1,36,Cmc21,<i>mm</i>2,188493,0,0,1,0,Trivial,Trivial,0,1,1,48,Na2SiO3,8.86,5.3,4.64,90,90,90,0,0,0,0,0,https://materialsproject.org/materials/icsd/188494,cif/188494.cif,8
188521,Cu1 Na1 O1,119,I-4m2,-42<i>m</i>,188521,1,0,0,0,Trivial,Trivial,0,0,1,72,LiCuO(I4-2m),9.014,9.014,4.886,90,90,90,0,0,0,1,0,https://materialsproject.org/materials/icsd/188521,cif/188521.cif,16
188522,Cu1 K1 O1,119,I-4m2,-42<i>m</i>,188522,1,0,0,0,Trivial,Trivial,0,0,1,104,LiCuO(I4-2m),9.56,9.56,5.593,90,90,90,0,0,0,0,0,https://materialsproject.org/materials/icsd/188522,cif/188522.cif,16
188523,Cu1 O1 Rb1,119,I-4m2,-42<i>m</i>,188523,0,0,1,0,Trivial,Trivial,0,0,1,104,LiCuO(I4-2m),9.71,9.71,5.913,90,90,90,0,0,0,0,0,https://materialsproject.org/materials/icsd/188523,cif/188523.cif,16
188524,Ag1 Na1 O1,119,I-4m2,-42<i>m</i>,188524,1,0,0,0,Trivial,Trivial,0,0,1,72,LiCuO(I4-2m),9.67,9.67,4.7,90,90,90,0,0,0,4,0,https://materialsproject.org/materials/icsd/188524,cif/188524.cif,16
188525,Ag1 K1 O1,119,I-4m2,-42<i>m</i>,188525,1,0,0,0,Trivial,Trivial,0,0,1,104,LiCuO(I4-2m),10.08,10.08,5.615,90,90,90,0,0,0,1,0,https://materialsproject.org/materials/icsd/188525,cif/188525.cif,16
188644,Ba1 O3 Ti1,99,P4mm,4<i>mm</i>,15453,1,0,0,0,Trivial,Trivial,0,1,0,32,Perovskite-PbTiO3,3.9957,3.9957,4.0256,90,90,90,0,0,0,3,0,https://materialsproject.org/materials/icsd/188644,cif/188644.cif,8
188654,B1 Ba1 Cl1 F4,31,Pmn21,<i>mm</i>2,188654,0,0,1,1,Trivial,Trivial,0,1,0,96,,5.228,9.351,4.734,90,90,90,0,0,0,0,0,https://materialsproject.org/materials/icsd/188654,cif/188654.cif,4
188659,C1 H3 F1 K2 O4,11,P21/m,2/<i>m</i>,188659,0,0,1,1,Trivial,Trivial,0,0,0,112,,5.4228,7.1572,7.4539,90,105.121,90,0,0,0,0,0,https://materialsproject.org/materials/icsd/188659,cif/188659.cif,4
188660,H6 In1 N1 O6 P2,186,P63mc,6<i>mm</i>,188660,0,0,1,0,Trivial,Trivial,0,1,0,120,,5.4705,5.4705,13.0895,90,90,120,0,0,0,2,0,https://materialsproject.org/materials/icsd/188660,cif/188660.cif,12
188890,C1 O2,122,I-42d,-42<i>m</i>,188890,1,0,0,0,Trivial,Trivial,0,1,0,32,,3.594,3.594,5.917,90,90,90,0,0,0,2,0,https://materialsproject.org/materials/icsd/188890,cif/188890.cif,16
189047,Cr1 Cu1 O2,166,R-3m,-3<i>m</i>,157800,1,0,0,0,ESFD (SM),ESFD (SM),1,0,0,29,Delafossite-NaCrS2,2.973,2.973,17.112,90,90,120,0,0,0,0,0,https://materialsproject.org/materials/icsd/189047,cif/189047.cif,36
189057,Fe1 Li1 O4 P1,62,Pnma,<i>mmm</i>,153699,0,0,1,1,Trivial,Trivial,0,0,0,152,Olivine-Mg2SiO4,10.3288,6.0065,4.6934,90,90,90,0,0,0,2,0,https://materialsproject.org/materials/icsd/189057,cif/189057.cif,8
189086,C1 Sc1,216,F-43m,-43<i>m</i>,169407,1,0,0,0,ESFD (SM),ESFD (SM),0,1,1,7,Sphalerite-ZnS(cF8),5.084,5.084,5.084,90,90,90,0,0,0,0,0,https://materialsproject.org/materials/icsd/189086,cif/189086.cif,96
189111,Fe1 Ti1,221,Pm-3m,<i>m</i>-3<i>m</i>,150938,1,0,0,0,SEBR (TI),ES (SM),0,0,0,12,CsCl,2.979,2.979,2.979,90,90,90,0,0,0,0,0,https://materialsproject.org/materials/icsd/189111,cif/189111.cif,48
189112,Fe1 Ti1,221,Pm-3m,<i>m</i>-3<i>m</i>,150938,1,0,0,0,SEBR (TI),ES (SM),0,0,0,12,CsCl,2.935,2.935,2.935,90,90,90,0,0,0,0,0,https://materialsproject.org/materials/icsd/189112,cif/189112.cif,48
189155,Cl2 Cu2 O6 Pb1 Te2,4,P21,2,189155,1,0,0,1,Trivial,Trivial,0,1,0,176,BaCu2Cl2Te2O6,7.2401,7.2688,8.2846,90,96.416,90,0,0,0,3,0,https://materialsproject.org/materials/icsd/189155,cif/189155.cif,2
189174,Bi1 Cu1 O1 Se1,129,P4/nmm,4/<i>mmm</i>,189174,1,0,0,0,Trivial,Trivial,0,0,0,56,ZrCuSiAs-CuHfSi2,3.93026,3.93026,8.93193,90,90,90,0,0,0,0,0,https://materialsproject.org/materials/icsd/189174,cif/189174.cif,16
189201,Ni5 Zr1,216,F-43m,-43<i>m</i>,150648,1,1,0,1,ES (SM),ESFD (SM),0,1,0,54,AuBe5,6.687,6.687,6.687,90,90,90,0,0,0,0,0,https://materialsproject.org/materials/icsd/189201,cif/189201.cif,96
189222,Co2 Si1 Ti1,225,Fm-3m,<i>m</i>-3<i>m</i>,185969,1,1,0,0,ESFD (SM),ESFD (SM),0,0,0,26,Heusler-AlCu2Mn,5.722,5.722,5.722,90,90,90,0,0,0,0,0,https://materialsproject.org/materials/icsd/189222,cif/189222.cif,192
189225,Co1 Ti1,221,Pm-3m,<i>m</i>-3<i>m</i>,102705,1,0,0,0,ESFD (SM),ESFD (SM),1,0,0,13,CsCl,2.996,2.996,2.996,90,90,90,0,0,0,0,0,https://materialsproject.org/materials/icsd/189225,cif/189225.cif,48
189247,H16 B3 Li3 N2,4,P21,2,189247,0,0,1,0,Trivial,Trivial,0,0,0,76,,7.8984,7.0663,7.4985,90,93.339,90,0,0,0,0,0,https://materialsproject.org/materials/icsd/189247,cif/189247.cif,2
189318,O2 Ti1,141,I41/amd,4/<i>mmm</i>,154601,1,0,0,0,Trivial,Trivial,0,0,1,32,Anatase-TiO2,3.806,3.806,9.737,90,90,90,0,0,0,2,0,https://materialsproject.org/materials/icsd/189318,cif/189318.cif,32
189367,F3 K1 Mn1,221,Pm-3m,<i>m</i>-3<i>m</i>,15423,1,1,0,1,ESFD (SM),ESFD (SM),0,0,0,37,Perovskite-CaTiO3,4.18946,4.18946,4.18946,90,90,90,1,0,1,4,0,https://materialsproject.org/materials/icsd/189367,cif/189367.cif,48
189368,Co1 F3 K1,221,Pm-3m,<i>m</i>-3<i>m</i>,15246,1,0,0,1,ESFD (SM),ESFD (SM),0,0,0,39,Perovskite-CaTiO3,4.07558,4.07558,4.07558,90,90,90,1,0,1,4,0,https://materialsproject.org/materials/icsd/189368,cif/189368.cif,48
189381,Ba1 O3 Ti1,99,P4mm,4<i>mm</i>,15453,1,0,0,0,Trivial,Trivial,0,1,0,32,Perovskite-PbTiO3,3.99567,3.99567,4.02557,90,90,90,0,0,0,3,0,https://materialsproject.org/materials/icsd/189381,cif/189381.cif,8
189680,C3 H15 N6 P1 S1,173,P63,6,189680,0,0,1,0,Trivial,Trivial,0,0,0,136,,9.1213,9.1213,7.1103,90,90,120,0,0,0,0,0,https://materialsproject.org/materials/icsd/189680,cif/189680.cif,6
189752,H1 Ca1 Ni5,1,P1,1,189752,1,1,0,0,ESFD (SM),ESFD (SM),0,1,1,53,HCaNi5,5.06,4.98,3.984,89.09,90,120.53,0,0,0,0,0,https://materialsproject.org/materials/icsd/189752,cif/189752.cif,1
189753,H1 Ca1 Ni5,1,P1,1,189752,1,1,0,0,ESFD (SM),ESFD (SM),0,1,1,53,HCaNi5,4.891,5.074,3.967,90,90,118.82,0,0,0,0,0,https://materialsproject.org/materials/icsd/189753,cif/189753.cif,1
189825,Li1 S2 Ti1,166,R-3m,-3<i>m</i>,189825,1,0,0,1,ESFD (SM),ESFD (SM),0,0,0,17,Delafossite-NaCrS2,3.5298,3.5298,18.0751,90,90,120,0,0,0,0,0,https://materialsproject.org/materials/icsd/189825,cif/189825.cif,36
189826,Li1 S2 Ti1,166,R-3m,-3<i>m</i>,189825,1,0,0,0,ESFD (SM),ESFD (SM),0,0,1,17,Delafossite-NaCrS2,3.599,3.599,18.465,90,90,120,0,0,0,0,0,https://materialsproject.org/materials/icsd/189826,cif/189826.cif,36
189844,H12 Br2 Mg1 O6,12,C2/m,2/<i>m</i>,189844,1,0,0,1,Trivial,Trivial,0,0,0,64,,10.2299,7.2642,6.1964,90,93.025,90,0,0,0,0,0,https://materialsproject.org/materials/icsd/189844,cif/189844.cif,8
189939,F1 Mn1 P1 Sr1,129,P4/nmm,4/<i>mmm</i>,189939,1,0,0,0,ESFD (SM),ESFD (SM),0,0,0,58,ZrCuSiAs-CuHfSi2,4.0461,4.0461,8.9844,90,90,90,0,0,0,0,0,https://materialsproject.org/materials/icsd/189939,cif/189939.cif,16
189940,As1 F1 Mn1 Sr1,129,P4/nmm,4/<i>mmm</i>,189940,1,0,0,0,ESFD (SM),ESFD (SM),0,0,0,58,ZrCuSiAs-CuHfSi2,4.1393,4.1393,9.1289,90,90,90,0,0,0,0,0,https://materialsproject.org/materials/icsd/189940,cif/189940.cif,16
189941,F1 Mn1 Sb1 Sr1,129,P4/nmm,4/<i>mmm</i>,189941,1,0,0,0,ESFD (SM),ESFD (SM),0,0,0,58,ZrCuSiAs-CuHfSi2,4.3286,4.3286,9.5057,90,90,90,0,0,0,0,0,https://materialsproject.org/materials/icsd/189941,cif/189941.cif,16
189944,Co1 Zr1,221,Pm-3m,<i>m</i>-3<i>m</i>,102737,1,0,0,0,ESFD (SM),ESFD (SM),1,0,0,13,CsCl,3.179,3.179,3.179,90,90,90,0,0,0,0,0,https://materialsproject.org/materials/icsd/189944,cif/189944.cif,48
189946,Co1 Sb1,194,P63/mmc,6/<i>mmm</i>,169166,1,0,0,0,SEBR (TI),ESFD (SM),1,0,0,28,Nickeline-NiAs,3.897,3.897,5.165,90,90,120,0,0,0,0,0,https://materialsproject.org/materials/icsd/189946,cif/189946.cif,24
190042,Fe1 O7 Ti3,44,Imm2,<i>mm</i>2,190042,1,0,0,0,Trivial,ES (SM),0,1,0,62,,9.9522,2.7397,5.9953,90,90,90,0,0,0,0,0,https://materialsproject.org/materials/icsd/190042,cif/190042.cif,8
190064,O4 Pb1 S1,62,Pnma,<i>mmm</i>,16916,0,0,1,1,Trivial,Trivial,0,0,0,136,Barite#-BaSO4,6.95802,8.48024,5.39754,90,90,90,0,0,0,0,0,https://materialsproject.org/materials/icsd/190064,cif/190064.cif,8
190065,Ba1 O4 S1,62,Pnma,<i>mmm</i>,16904,0,0,1,1,Trivial,Trivial,0,0,0,160,Barite#-BaSO4,7.15505,8.88101,5.45447,90,90,90,0,0,0,0,0,https://materialsproject.org/materials/icsd/190065,cif/190065.cif,8
190072,C1 Ca1 O3,62,Pnma,<i>mmm</i>,15194,0,0,1,0,Trivial,Trivial,0,0,0,96,Aragonite-CaCO3(oP20),4.9596,7.9644,5.7416,90,90,90,0,0,0,0,0,https://materialsproject.org/materials/icsd/190072,cif/190072.cif,8
190074,C1 O3 Pb1,62,Pnma,<i>mmm</i>,166089,1,0,0,0,Trivial,Trivial,0,0,0,104,Aragonite-CaCO3(oP20),5.182,8.4953,6.1436,90,90,90,0,0,0,0,0,https://materialsproject.org/materials/icsd/190074,cif/190074.cif,8
190075,C1 Ba1 O3,62,Pnma,<i>mmm</i>,15196,0,0,1,0,Trivial,Trivial,0,0,0,128,Aragonite-CaCO3(oP20),5.3193,8.9056,6.4353,90,90,90,0,0,0,0,0,https://materialsproject.org/materials/icsd/190075,cif/190075.cif,8
190085,Al5 B1 O9,36,Cmc21,<i>mm</i>2,20172,1,0,0,1,Trivial,Trivial,0,0,0,144,Al5(BO3)O6,5.5494,14.35,7.481,90,90,90,0,0,0,4,0,https://materialsproject.org/materials/icsd/190085,cif/190085.cif,8
190131,Co2 Sn1 Zr1,225,Fm-3m,<i>m</i>-3<i>m</i>,102687,1,1,0,0,SEBR (TI),ESFD (SM),0,0,0,26,Heusler-AlCu2Mn,6.227,6.227,6.227,90,90,90,0,0,0,0,0,https://materialsproject.org/materials/icsd/190131,cif/190131.cif,192
190368,O2,166,R-3m,-3<i>m</i>,15535,0,0,1,1,Trivial,ESFD (SM),1,0,0,12,O2(hR2),2.826,2.826,10.16,90,90,120,0,0,0,0,0,https://materialsproject.org/materials/icsd/190368,cif/190368.cif,36
190369,O2,166,R-3m,-3<i>m</i>,15535,0,0,1,1,Trivial,ESFD (SM),1,0,0,12,O2(hR2),2.83,2.83,10.21,90,90,120,0,0,0,0,0,https://materialsproject.org/materials/icsd/190369,cif/190369.cif,36
190424,Ga1 N1,186,P63mc,6<i>mm</i>,153887,1,0,0,0,Trivial,Trivial,1,0,1,16,Wurtzite-ZnS(2H),3.066,3.066,5.005,90,90,120,0,0,0,0,0,https://materialsproject.org/materials/icsd/190424,cif/190424.cif,12
190591,Ni1 O6 Sr2 W1,87,I4/m,4/<i>m</i>,153327,1,1,0,0,Trivial,Trivial,0,0,0,72,Sr2NiWO6,5.5608,5.5608,7.9191,90,90,90,0,0,0,3,0,https://materialsproject.org/materials/icsd/190591,cif/190591.cif,16
190593,Co1 O6 Sr2 W1,87,I4/m,4/<i>m</i>,190593,1,1,0,0,ESFD (SM),ESFD (SM),0,0,0,71,Sr2NiWO6,5.582,5.582,7.9774,90,90,90,0,0,0,3,0,https://materialsproject.org/materials/icsd/190593,cif/190593.cif,16
190594,Cu1 O6 Sr2 W1,87,I4/m,4/<i>m</i>,186027,1,0,0,0,ESFD (SM),ESFD (SM),0,0,0,73,Sr2NiWO6,5.4291,5.4291,8.4154,90,90,90,0,0,0,3,0,https://materialsproject.org/materials/icsd/190594,cif/190594.cif,16
190601,Ba1 O3 Sn1,221,Pm-3m,<i>m</i>-3<i>m</i>,180138,1,0,0,1,Trivial,Trivial,0,0,0,32,Perovskite-CaTiO3,4.1151,4.1151,4.1151,90,90,90,1,0,1,4,0,https://materialsproject.org/materials/icsd/190601,cif/190601.cif,48
190613,Ba2 Fe1 Mo1 O6,225,Fm-3m,<i>m</i>-3<i>m</i>,184909,1,1,0,1,Trivial,Trivial,0,0,0,70,Elpasolite-K2NaAlF6,8.0506,8.0506,8.0506,90,90,90,0,0,0,3,0,https://materialsproject.org/materials/icsd/190613,cif/190613.cif,192
190614,Ba2 Fe1 Mo1 O6,225,Fm-3m,<i>m</i>-3<i>m</i>,184909,1,1,0,1,Trivial,Trivial,0,0,0,70,Elpasolite-K2NaAlF6,8.0851,8.0851,8.0851,90,90,90,0,0,0,3,0,https://materialsproject.org/materials/icsd/190614,cif/190614.cif,192
190615,Co2 Nb1 Sn1,225,Fm-3m,<i>m</i>-3<i>m</i>,102554,1,0,0,0,ESFD (SM),ESFD (SM),0,0,0,35,Heusler-AlCu2Mn,6.1465,6.1465,6.1465,90,90,90,0,0,0,0,0,https://materialsproject.org/materials/icsd/190615,cif/190615.cif,192
190624,N1 Y1,216,F-43m,-43<i>m</i>,161077,1,0,0,0,Trivial,Trivial,0,1,1,16,Sphalerite-ZnS(cF8),5.28,5.28,5.28,90,90,90,0,0,0,0,0,https://materialsproject.org/materials/icsd/190624,cif/190624.cif,96
190630,O3 W1,14,P21/c,2/<i>m</i>,14332,1,0,0,0,Trivial,Trivial,0,0,1,192,WO3(mP32),7.32,7.46,7.6,90,90.78,90,0,0,0,3,0,https://materialsproject.org/materials/icsd/190630,cif/190630.cif,4
190631,O3 W1,14,P21/c,2/<i>m</i>,14332,1,0,0,0,Trivial,Trivial,0,0,1,96,WO3(HP),5.21,5.09,7.5,90,92.2,90,0,0,0,3,0,https://materialsproject.org/materials/icsd/190631,cif/190631.cif,4
190632,O3 W1,14,P21/c,2/<i>m</i>,14332,1,0,0,0,Trivial,Trivial,0,0,1,96,,7.22,4.61,6.12,90,134.1,90,0,0,0,2,0,https://materialsproject.org/materials/icsd/190632,cif/190632.cif,4
190647,Mn1 O6 Sb1 Sr2,107,I4mm,4<i>mm</i>,190647,1,0,0,0,Trivial,ESFD (SM),0,1,0,68,,5.526,5.526,8.039,90,90,90,0,0,0,3,0,https://materialsproject.org/materials/icsd/190647,cif/190647.cif,16
190656,As3 Li1 O12 Zr2,167,R-3c,-3<i>m</i>,190656,1,0,0,0,Trivial,Trivial,0,0,0,192,NaZr2(PO4)3,9.16,9.16,22.906,90,90,120,0,0,0,3,0,https://materialsproject.org/materials/icsd/190656,cif/190656.cif,36
190705,As2 Ba1 Pd2,123,P4/mmm,4/<i>mmm</i>,190705,1,0,0,0,ES (SM),ESFD (SM),0,0,0,40,CeMg2Si2,4.3438,4.3438,5.7536,90,90,90,0,0,0,0,0,https://materialsproject.org/materials/icsd/190705,cif/190705.cif,16
190716,C1,139,I4/mmm,4/<i>mmm</i>,182761,1,0,0,0,Trivial,Trivial,0,0,1,16,Si(I4/mmm),4.3809,4.3809,2.5118,90,90,90,0,0,0,0,0,https://materialsproject.org/materials/icsd/190716,cif/190716.cif,32
190717,C1,139,I4/mmm,4/<i>mmm</i>,182761,1,0,0,0,Trivial,Trivial,0,0,1,48,,9.4924,9.4924,2.8412,90,90,90,0,0,0,0,0,https://materialsproject.org/materials/icsd/190717,cif/190717.cif,32
190718,C1,139,I4/mmm,4/<i>mmm</i>,182761,1,0,0,0,Trivial,Trivial,0,0,1,48,,6.6475,6.6475,6.6971,90,90,90,0,0,0,0,0,https://materialsproject.org/materials/icsd/190718,cif/190718.cif,32
190719,C1,139,I4/mmm,4/<i>mmm</i>,182761,1,0,0,0,Trivial,Trivial,0,0,1,80,,11.6917,11.6917,6.8225,90,90,90,0,0,0,0,0,https://materialsproject.org/materials/icsd/190719,cif/190719.cif,32
190731,Cu1 O4 Sb2,106,P42bc,4<i>mm</i>,190731,1,0,0,1,ES (SM),ESFD (SM),0,1,0,180,,8.76033,8.76033,5.79786,90,90,90,0,0,0,5,0,https://materialsproject.org/materials/icsd/190731,cif/190731.cif,8
190771,Fe1 Li1 O4 P1,62,Pnma,<i>mmm</i>,153699,0,0,1,0,Trivial,Trivial,0,0,0,152,Olivine-Mg2SiO4,10.32,6.004,4.6907,90,90,90,0,0,0,3,0,https://materialsproject.org/materials/icsd/190771,cif/190771.cif,8
190772,Fe1 Li1 O4 P1,62,Pnma,<i>mmm</i>,153699,0,0,1,0,Trivial,Trivial,0,0,0,152,Olivine-Mg2SiO4,10.3233,6.0044,4.6918,90,90,90,0,0,0,1,0,https://materialsproject.org/materials/icsd/190772,cif/190772.cif,8
190785,O2 Ti1,141,I41/amd,4/<i>mmm</i>,154601,1,0,0,0,Trivial,Trivial,0,0,1,32,Anatase-TiO2,3.8074,3.8074,9.705,90,90,90,0,0,0,2,0,https://materialsproject.org/materials/icsd/190785,cif/190785.cif,32
190835,Ba1 O3 Ti1,99,P4mm,4<i>mm</i>,15453,1,0,0,0,Trivial,Trivial,0,1,0,32,Perovskite-PbTiO3,3.9957,3.9957,4.0256,90,90,90,0,0,0,3,0,https://materialsproject.org/materials/icsd/190835,cif/190835.cif,8
190920,K1 Nb1 O3,221,Pm-3m,<i>m</i>-3<i>m</i>,190920,1,0,0,1,Trivial,Trivial,0,0,0,40,Perovskite-CaTiO3,4.02543,4.02543,4.02543,90,90,90,1,0,1,3,0,https://materialsproject.org/materials/icsd/190920,cif/190920.cif,48
190921,K1 Nb1 O3,99,P4mm,4<i>mm</i>,190921,1,0,0,1,Trivial,Trivial,0,0,0,40,Perovskite-PbTiO3,3.99788,3.99788,4.06451,90,90,90,0,0,0,5,0,https://materialsproject.org/materials/icsd/190921,cif/190921.cif,8
190922,K1 Nb1 O3,38,Amm2,<i>mm</i>2,14363,1,0,0,1,Trivial,Trivial,0,0,0,40,Perovskite-BaTiO3(orh),3.97408,5.69645,5.72255,90,90,90,0,0,0,5,0,https://materialsproject.org/materials/icsd/190922,cif/190922.cif,8
190924,Ba1 O3 Ti1,221,Pm-3m,<i>m</i>-3<i>m</i>,154344,1,0,0,1,Trivial,Trivial,0,0,0,32,Perovskite-CaTiO3,4.00789,4.00789,4.00789,90,90,90,1,0,1,3,0,https://materialsproject.org/materials/icsd/190924,cif/190924.cif,48
190937,N2 Na1 Ta1,166,R-3m,-3<i>m</i>,190937,1,0,0,0,Trivial,Trivial,0,0,0,16,Delafossite-NaCrS2,3.1396,3.1396,16.896,90,90,120,0,0,0,0,0,https://materialsproject.org/materials/icsd/190937,cif/190937.cif,36
190941,B1 Ba2 Br1 O3,164,P-3m1,-3<i>m</i>,190941,1,0,0,1,Trivial,Trivial,0,0,0,96,,5.5157,5.5157,11.019,90,90,120,0,0,0,0,0,https://materialsproject.org/materials/icsd/190941,cif/190941.cif,12
190972,Fe1 Ti1,221,Pm-3m,<i>m</i>-3<i>m</i>,100533,1,0,0,0,SEBR (TI),ES (SM),1,0,1,12,CsCl,2.95,2.95,2.95,90,90,90,0,0,0,0,0,https://materialsproject.org/materials/icsd/190972,cif/190972.cif,48
190996,Mn1 Sc2 Si1,225,Fm-3m,<i>m</i>-3<i>m</i>,190996,1,0,0,0,ESFD (SM),ESFD (SM),0,0,1,17,Heusler-AlCu2Mn,6.41,6.41,6.41,90,90,90,0,0,0,0,0,https://materialsproject.org/materials/icsd/190996,cif/190996.cif,192
190998,Ge1 Mn1 Sc2,225,Fm-3m,<i>m</i>-3<i>m</i>,190998,1,0,0,0,ESFD (SM),ESFD (SM),0,0,1,17,Heusler-AlCu2Mn,6.47,6.47,6.47,90,90,90,0,0,0,0,0,https://materialsproject.org/materials/icsd/190998,cif/190998.cif,192
191009,Al2 Zr1,194,P63/mmc,6/<i>mmm</i>,191009,1,0,0,0,SEBR (TI),ES (SM),0,0,1,40,Laves(2H)-MgZn2,5.297,5.297,8.78,90,90,120,0,0,0,0,0,https://materialsproject.org/materials/icsd/191009,cif/191009.cif,24
191113,Al3 Ni5,65,Cmmm,<i>mmm</i>,191113,1,0,0,1,ESFD (SM),ESFD (SM),0,0,0,59,Ga3Pt5,7.554,6.522,3.789,90,90,90,0,0,0,0,0,https://materialsproject.org/materials/icsd/191113,cif/191113.cif,16
191170,Mn1 Sn1,221,Pm-3m,<i>m</i>-3<i>m</i>,191170,1,1,0,0,ESFD (SM),ESFD (SM),0,0,1,11,CsCl,3.367,3.367,3.367,90,90,90,0,0,0,0,0,https://materialsproject.org/materials/icsd/191170,cif/191170.cif,48
191171,Mn1 Sn1,216,F-43m,-43<i>m</i>,191171,1,1,0,0,ESFD (SM),ESFD (SM),0,1,1,11,Sphalerite-ZnS(cF8),6.202,6.202,6.202,90,90,90,0,0,0,0,0,https://materialsproject.org/materials/icsd/191171,cif/191171.cif,96
191173,Mn1 Sb1,225,Fm-3m,<i>m</i>-3<i>m</i>,191173,1,0,0,0,SEBR (TI),ES (SM),0,0,1,12,NaCl,5.594,5.594,5.594,90,90,90,0,0,0,0,0,https://materialsproject.org/materials/icsd/191173,cif/191173.cif,192
191175,Mn1 Sb1,216,F-43m,-43<i>m</i>,191175,1,0,0,0,Trivial,Trivial,0,1,1,12,Sphalerite-ZnS(cF8),6.208,6.208,6.208,90,90,90,0,0,0,0,0,https://materialsproject.org/materials/icsd/191175,cif/191175.cif,96
191176,Mn1 Sb1,194,P63/mmc,6/<i>mmm</i>,163322,1,0,0,0,SEBR (TI),ES (SM),1,0,1,24,Nickeline-NiAs,4.093,4.093,5.585,90,90,120,0,0,0,0,0,https://materialsproject.org/materials/icsd/191176,cif/191176.cif,24
191186,Al1 Pt3,123,P4/mmm,4/<i>mmm</i>,109235,1,0,0,0,ESFD (SM),ESFD (SM),0,0,1,33,CuInPt2,3.826,3.826,3.865,90,90,90,0,0,0,0,0,https://materialsproject.org/materials/icsd/191186,cif/191186.cif,16
191203,Ba1 O3 V1,221,Pm-3m,<i>m</i>-3<i>m</i>,191203,1,1,0,1,ESFD (SM),ESFD (SM),0,0,0,33,Perovskite-CaTiO3,3.94288,3.94288,3.94288,90,90,90,1,0,1,3,0,https://materialsproject.org/materials/icsd/191203,cif/191203.cif,48
191232,N1 Pd3,225,Fm-3m,<i>m</i>-3<i>m</i>,191232,1,0,0,0,ESFD (SM),ESFD (SM),0,0,1,35,Heusler-AlCu2Mn,6.043,6.043,6.043,90,90,90,0,0,0,0,0,https://materialsproject.org/materials/icsd/191232,cif/191232.cif,192
191243,N1 Pd1,221,Pm-3m,<i>m</i>-3<i>m</i>,169396,1,0,0,0,ESFD (SM),ESFD (SM),0,0,1,15,CsCl,2.779,2.779,2.779,90,90,90,0,0,0,0,0,https://materialsproject.org/materials/icsd/191243,cif/191243.cif,48
191252,Al2 Ba1 O8 Si2,147,P-3,-3,188056,1,0,0,1,Trivial,Trivial,0,0,0,72,BaAl2Si2O8,5.29611,5.29611,7.78588,90,90,120,0,0,0,4,0,https://materialsproject.org/materials/icsd/191252,cif/191252.cif,6
191281,Fe1 K2 O7 P2,113,P-421m,-42<i>m</i>,191281,1,0,0,1,Trivial,ES (SM),0,1,0,156,Melilite-Ca2MgSi2O7,8.092,8.092,5.496,90,90,90,0,0,0,0,0,https://materialsproject.org/materials/icsd/191281,cif/191281.cif,8
191282,Cu1 K2 O7 P2,113,P-421m,-42<i>m</i>,191282,1,0,0,1,ESFD (SM),ESFD (SM),0,1,0,162,Melilite-Ca2MgSi2O7,8.056,8.056,5.46,90,90,90,0,0,0,2,0,https://materialsproject.org/materials/icsd/191282,cif/191282.cif,8
191342,O5 Te2,4,P21,2,191342,1,0,0,0,Trivial,Trivial,0,1,1,84,Te2O5,5.598,4.805,8.16,90,102.94,90,0,0,0,3,0,https://materialsproject.org/materials/icsd/191342,cif/191342.cif,2
191359,O6 Sr2 V1 Zr1,139,I4/mmm,4/<i>mmm</i>,191359,1,1,0,0,ESFD (SM),ESFD (SM),0,0,1,65,Cs2Au2Cl6,5.6783,5.6783,8.0297,90,90,90,0,0,0,3,0,https://materialsproject.org/materials/icsd/191359,cif/191359.cif,32
191360,Hf1 O6 Sr2 V1,139,I4/mmm,4/<i>mmm</i>,191360,1,1,0,0,ESFD (SM),ESFD (SM),0,0,1,65,Cs2Au2Cl6,5.6437,5.6437,7.9824,90,90,90,0,0,0,3,0,https://materialsproject.org/materials/icsd/191360,cif/191360.cif,32
191364,Co1 Hf1 O6 Sr2,139,I4/mmm,4/<i>mmm</i>,191364,1,0,0,0,ESFD (SM),ESFD (SM),0,0,1,69,Cs2Au2Cl6,5.5726,5.5726,7.8785,90,90,90,0,0,0,3,0,https://materialsproject.org/materials/icsd/191364,cif/191364.cif,32
191365,Fe1 O6 Sr2 Zr1,139,I4/mmm,4/<i>mmm</i>,191365,1,0,0,0,Trivial,ESFD (SM),0,0,1,68,Cs2Au2Cl6,5.6146,5.6146,7.939,90,90,90,0,0,0,0,0,https://materialsproject.org/materials/icsd/191365,cif/191365.cif,32
191366,Fe1 Hf1 O6 Sr2,139,I4/mmm,4/<i>mmm</i>,191366,1,0,0,0,Trivial,ESFD (SM),0,0,1,68,Cs2Au2Cl6,5.581,5.581,7.8921,90,90,90,0,0,0,3,0,https://materialsproject.org/materials/icsd/191366,cif/191366.cif,32
191414,Al1 La1 O3,221,Pm-3m,<i>m</i>-3<i>m</i>,153831,1,0,0,1,Trivial,Trivial,0,0,0,32,Perovskite-CaTiO3,3.8077,3.8077,3.8077,90,90,90,1,0,1,3,0,https://materialsproject.org/materials/icsd/191414,cif/191414.cif,48
191415,Al1 La1 O3,221,Pm-3m,<i>m</i>-3<i>m</i>,153831,1,0,0,1,Trivial,Trivial,0,0,0,32,Perovskite-CaTiO3,3.8097,3.8097,3.8097,90,90,90,1,0,1,3,0,https://materialsproject.org/materials/icsd/191415,cif/191415.cif,48
191416,Al1 La1 O3,221,Pm-3m,<i>m</i>-3<i>m</i>,153831,1,0,0,1,Trivial,Trivial,0,0,0,32,Perovskite-CaTiO3,3.8093,3.8093,3.8093,90,90,90,1,0,1,3,0,https://materialsproject.org/materials/icsd/191416,cif/191416.cif,48
191417,Al1 La1 O3,221,Pm-3m,<i>m</i>-3<i>m</i>,153831,1,0,0,1,Trivial,Trivial,0,0,0,32,Perovskite-CaTiO3,3.8085,3.8085,3.8085,90,90,90,1,0,1,3,0,https://materialsproject.org/materials/icsd/191417,cif/191417.cif,48
191424,Al1 La1 O3,221,Pm-3m,<i>m</i>-3<i>m</i>,153831,1,0,0,1,Trivial,Trivial,0,0,0,32,Perovskite-CaTiO3,3.808,3.808,3.808,90,90,90,1,0,1,3,0,https://materialsproject.org/materials/icsd/191424,cif/191424.cif,48
191425,Al1 La1 O3,221,Pm-3m,<i>m</i>-3<i>m</i>,153831,1,0,0,1,Trivial,Trivial,0,0,0,32,Perovskite-CaTiO3,3.8089,3.8089,3.8089,90,90,90,1,0,1,3,0,https://materialsproject.org/materials/icsd/191425,cif/191425.cif,48
191426,Al1 La1 O3,221,Pm-3m,<i>m</i>-3<i>m</i>,153831,1,0,0,1,Trivial,Trivial,0,0,0,32,Perovskite-CaTiO3,3.81,3.81,3.81,90,90,90,1,0,1,3,0,https://materialsproject.org/materials/icsd/191426,cif/191426.cif,48
191427,Al1 La1 O3,221,Pm-3m,<i>m</i>-3<i>m</i>,153831,1,0,0,1,Trivial,Trivial,0,0,0,32,Perovskite-CaTiO3,3.8119,3.8119,3.8119,90,90,90,1,0,1,3,0,https://materialsproject.org/materials/icsd/191427,cif/191427.cif,48
191428,Al1 La1 O3,221,Pm-3m,<i>m</i>-3<i>m</i>,153831,1,0,0,1,Trivial,Trivial,0,0,0,32,Perovskite-CaTiO3,3.8159,3.8159,3.8159,90,90,90,1,0,1,3,0,https://materialsproject.org/materials/icsd/191428,cif/191428.cif,48
191429,Al1 La1 O3,221,Pm-3m,<i>m</i>-3<i>m</i>,153831,1,0,0,1,Trivial,Trivial,0,0,0,32,Perovskite-CaTiO3,3.8259,3.8259,3.8259,90,90,90,1,0,1,3,0,https://materialsproject.org/materials/icsd/191429,cif/191429.cif,48
191464,Al1 La1 O3,221,Pm-3m,<i>m</i>-3<i>m</i>,153831,1,0,0,0,Trivial,Trivial,0,0,1,32,Perovskite-CaTiO3,3.82,3.82,3.82,90,90,90,1,0,1,3,0,https://materialsproject.org/materials/icsd/191464,cif/191464.cif,48
191491,Rb1 Sb1,216,F-43m,-43<i>m</i>,191491,1,0,0,0,ESFD (SM),ESFD (SM),0,1,1,14,Sphalerite-ZnS(cF8),8.516,8.516,8.516,90,90,90,0,0,0,0,0,https://materialsproject.org/materials/icsd/191491,cif/191491.cif,96
191493,Rb1 Te1,216,F-43m,-43<i>m</i>,191493,1,0,0,0,ESFD (SM),ESFD (SM),0,1,1,15,Sphalerite-ZnS(cF8),8.449,8.449,8.449,90,90,90,0,0,0,0,0,https://materialsproject.org/materials/icsd/191493,cif/191493.cif,96
191506,Mg2 O4 Si1,227,Fd-3m,<i>m</i>-3<i>m</i>,161023,1,0,0,0,Trivial,Trivial,0,0,1,64,Spinel-Al2MgO4,8.0877,8.0877,8.0877,90,90,90,1,1,0,4,0,https://materialsproject.org/materials/icsd/191506,cif/191506.cif,192
191556,Mg1 Ni4 Y1,216,F-43m,-43<i>m</i>,107033,1,1,0,1,ESFD (SM),ESFD (SM),0,1,0,53,AuBe5,7.0129,7.0129,7.0129,90,90,90,0,1,0,0,0,https://materialsproject.org/materials/icsd/191556,cif/191556.cif,96
191563,Ba2 Mg1 O6 Te1,225,Fm-3m,<i>m</i>-3<i>m</i>,191563,1,0,0,1,Trivial,Trivial,0,0,0,64,Elpasolite-K2NaAlF6,8.1234,8.1234,8.1234,90,90,90,0,0,0,3,0,https://materialsproject.org/materials/icsd/191563,cif/191563.cif,192
191592,Cs1 Fe1 Mo2 O8,147,P-3,-3,191592,1,1,0,0,ESFD (SM),ESFD (SM),0,1,0,77,CsV(SO4)2,5.5646,5.5646,7.9796,90,90,120,0,0,0,5,0,https://materialsproject.org/materials/icsd/191592,cif/191592.cif,6
191631,Mn1 Ni2 Sn1,225,Fm-3m,<i>m</i>-3<i>m</i>,104926,1,1,0,0,ESFD (SM),ESFD (SM),0,0,1,31,Heusler-AlCu2Mn,6.057,6.057,6.057,90,90,90,0,0,0,0,0,https://materialsproject.org/materials/icsd/191631,cif/191631.cif,192
191639,Cs1 N1 Rb1,216,F-43m,-43<i>m</i>,191639,1,0,0,0,ESFD (SM),ESFD (SM),0,1,1,23,Heusler-AlLiSi,7.35,7.35,7.35,90,90,90,0,0,0,0,0,https://materialsproject.org/materials/icsd/191639,cif/191639.cif,96
191640,Cs1 P1 Rb1,216,F-43m,-43<i>m</i>,191640,1,0,0,0,ESFD (SM),ESFD (SM),0,1,1,23,Heusler-AlLiSi,8.34,8.34,8.34,90,90,90,0,0,0,0,0,https://materialsproject.org/materials/icsd/191640,cif/191640.cif,96
191641,As1 Cs1 Rb1,216,F-43m,-43<i>m</i>,191641,1,0,0,0,ESFD (SM),ESFD (SM),0,1,1,23,Heusler-AlLiSi,8.53,8.53,8.53,90,90,90,0,0,0,0,0,https://materialsproject.org/materials/icsd/191641,cif/191641.cif,96
191648,As1 Co1 Mn2,216,F-43m,-43<i>m</i>,191648,1,1,0,0,ES (SM),Trivial,0,1,1,28,CuHg2Ti,5.68,5.68,5.68,90,90,90,0,0,0,0,0,https://materialsproject.org/materials/icsd/191648,cif/191648.cif,96
191657,Al1 Co1 Fe1 Ti1,216,F-43m,-43<i>m</i>,191657,1,1,0,0,Trivial,Trivial,0,1,1,24,CuHg2Ti,5.8,5.8,5.8,90,90,90,0,0,0,0,0,https://materialsproject.org/materials/icsd/191657,cif/191657.cif,96
191658,Co1 Fe1 Ga1 Ti1,216,F-43m,-43<i>m</i>,191658,1,1,0,0,ESFD (SM),ESFD (SM),0,1,1,24,CuHg2Ti,5.81,5.81,5.81,90,90,90,0,0,0,0,0,https://materialsproject.org/materials/icsd/191658,cif/191658.cif,96
191659,Co1 Fe1 Si1 Ti1,216,F-43m,-43<i>m</i>,191659,1,1,0,0,ESFD (SM),ESFD (SM),0,1,1,25,CuHg2Ti,5.71,5.71,5.71,90,90,90,0,0,0,0,0,https://materialsproject.org/materials/icsd/191659,cif/191659.cif,96
191660,Co1 Fe1 Ge1 Ti1,216,F-43m,-43<i>m</i>,191660,1,1,0,0,ESFD (SM),ESFD (SM),0,1,1,25,CuHg2Ti,5.79,5.79,5.79,90,90,90,0,0,0,0,0,https://materialsproject.org/materials/icsd/191660,cif/191660.cif,96
191661,As1 Co1 Fe1 Ti1,216,F-43m,-43<i>m</i>,191661,1,1,0,0,ESFD (SM),ESFD (SM),0,1,1,26,CuHg2Ti,5.83,5.83,5.83,90,90,90,0,0,0,0,0,https://materialsproject.org/materials/icsd/191661,cif/191661.cif,96
191662,Co1 Fe1 Sb1 Ti1,216,F-43m,-43<i>m</i>,191662,1,1,0,0,ESFD (SM),ESFD (SM),0,1,1,26,CuHg2Ti,6.06,6.06,6.06,90,90,90,0,0,0,0,0,https://materialsproject.org/materials/icsd/191662,cif/191662.cif,96
191664,Co1 Fe1 Ga1 V1,216,F-43m,-43<i>m</i>,191664,1,1,0,0,ESFD (SM),ESFD (SM),0,1,1,25,CuHg2Ti,5.73,5.73,5.73,90,90,90,0,0,0,0,0,https://materialsproject.org/materials/icsd/191664,cif/191664.cif,96
191667,As1 Co1 Fe1 V1,216,F-43m,-43<i>m</i>,191667,1,0,0,0,ESFD (SM),ESFD (SM),0,1,1,27,CuHg2Ti,5.75,5.75,5.75,90,90,90,0,0,0,0,0,https://materialsproject.org/materials/icsd/191667,cif/191667.cif,96
191668,Co1 Fe1 Sb1 V1,216,F-43m,-43<i>m</i>,191668,1,0,0,0,ESFD (SM),ESFD (SM),0,1,1,27,CuHg2Ti,5.99,5.99,5.99,90,90,90,0,0,0,0,0,https://materialsproject.org/materials/icsd/191668,cif/191668.cif,96
191681,Ba2 Fe1 Mo1 O6,225,Fm-3m,<i>m</i>-3<i>m</i>,184909,1,1,0,0,Trivial,Trivial,0,0,1,70,Elpasolite-K2NaAlF6,8.095,8.095,8.095,90,90,90,0,0,0,3,0,https://materialsproject.org/materials/icsd/191681,cif/191681.cif,192
191683,Fe1 Te1 V1,216,F-43m,-43<i>m</i>,191683,1,0,0,0,ESFD (SM),ESFD (SM),0,1,1,19,Heusler-AlLiSi,5.82,5.82,5.82,90,90,90,0,0,0,0,0,https://materialsproject.org/materials/icsd/191683,cif/191683.cif,96
191684,Co1 Cr1 Te1,216,F-43m,-43<i>m</i>,191684,1,0,0,0,ESFD (SM),ESFD (SM),0,1,1,21,Heusler-AlLiSi,5.87,5.87,5.87,90,90,90,0,0,0,0,0,https://materialsproject.org/materials/icsd/191684,cif/191684.cif,96
191749,Ca2 Pb1,225,Fm-3m,<i>m</i>-3<i>m</i>,191749,1,0,0,0,Trivial,Trivial,0,0,1,8,Fluorite-CaF2,7.44,7.44,7.44,90,90,90,0,0,0,0,0,https://materialsproject.org/materials/icsd/191749,cif/191749.cif,192
191773,Ga1 N1,186,P63mc,6<i>mm</i>,153887,1,0,0,0,Trivial,Trivial,1,0,1,16,Wurtzite-ZnS(2H),3.131,3.131,5.104,90,90,120,0,0,0,0,0,https://materialsproject.org/materials/icsd/191773,cif/191773.cif,12
191776,Co1 O1,225,Fm-3m,<i>m</i>-3<i>m</i>,191776,1,0,0,0,ESFD (SM),ESFD (SM),0,0,0,15,NaCl,4.26077,4.26077,4.26077,90,90,90,0,0,0,0,0,https://materialsproject.org/materials/icsd/191776,cif/191776.cif,192
191783,Mn1 Sb1,194,P63/mmc,6/<i>mmm</i>,163322,1,0,0,0,SEBR (TI),ES (SM),1,0,1,24,Nickeline-NiAs,3.863,3.863,5.2923,90,90,120,0,0,0,0,0,https://materialsproject.org/materials/icsd/191783,cif/191783.cif,24
191786,Mn1 Sb1,216,F-43m,-43<i>m</i>,191175,1,0,0,0,Trivial,Trivial,0,1,1,12,Sphalerite-ZnS(cF8),6.166,6.166,6.166,90,90,90,0,0,0,0,0,https://materialsproject.org/materials/icsd/191786,cif/191786.cif,96
191787,As1 Mn1,216,F-43m,-43<i>m</i>,184925,1,0,0,0,Trivial,Trivial,0,1,1,12,Sphalerite-ZnS(cF8),5.643,5.643,5.643,90,90,90,0,0,0,0,0,https://materialsproject.org/materials/icsd/191787,cif/191787.cif,96
191788,Mn1 P1,216,F-43m,-43<i>m</i>,191788,1,0,0,0,Trivial,Trivial,0,1,1,12,Sphalerite-ZnS(cF8),5.308,5.308,5.308,90,90,90,0,0,0,0,0,https://materialsproject.org/materials/icsd/191788,cif/191788.cif,96
191790,Ni1 O3 Y1,14,P21/c,2/<i>m</i>,191790,1,0,0,1,Trivial,Trivial,0,1,0,156,Perovskite-Ba2LaRuO6,5.19168,5.52174,7.43067,90,90.061,90,0,0,0,3,0,https://materialsproject.org/materials/icsd/191790,cif/191790.cif,4
191828,O3 Sr1 Ti1,221,Pm-3m,<i>m</i>-3<i>m</i>,184455,1,0,0,0,Trivial,Trivial,1,0,1,32,Perovskite-CaTiO3,3.878,3.878,3.878,90,90,90,1,0,1,3,0,https://materialsproject.org/materials/icsd/191828,cif/191828.cif,48
191829,O3 Sr1 Zr1,221,Pm-3m,<i>m</i>-3<i>m</i>,187481,1,0,0,0,Trivial,Trivial,0,0,1,32,Perovskite-CaTiO3,4.095,4.095,4.095,90,90,90,1,0,1,4,0,https://materialsproject.org/materials/icsd/191829,cif/191829.cif,48
192060,Ba1 Cu1 O7 P2,2,P-1,-1,192060,1,0,0,1,NLC (TI),NLC-SM (SM),0,1,0,146,BaZnP2O7,5.2334,7.5827,7.3527,103.0006,95.5772,90.867,0,0,0,4,0,https://materialsproject.org/materials/icsd/192060,cif/192060.cif,2
192140,F3 Na1 Ni1,62,Pnma,<i>mmm</i>,192140,1,1,0,0,Trivial,ES (SM),0,0,0,128,Perovskite-GdFeO3,5.483,7.598,5.275,90,90,90,0,0,0,3,0,https://materialsproject.org/materials/icsd/192140,cif/192140.cif,8
192142,F3 Na1 Ni1,62,Pnma,<i>mmm</i>,192140,1,1,0,0,Trivial,ES (SM),0,0,0,128,Perovskite-GdFeO3,5.416,7.354,4.996,90,90,90,0,0,0,3,0,https://materialsproject.org/materials/icsd/192142,cif/192142.cif,8
192144,F3 Na1 Ni1,62,Pnma,<i>mmm</i>,192140,1,1,0,0,Trivial,ES (SM),0,0,0,128,Perovskite-GdFeO3,5.405,7.313,4.955,90,90,90,0,0,0,3,0,https://materialsproject.org/materials/icsd/192144,cif/192144.cif,8
192309,As2 Ca1 Fe2,139,I4/mmm,4/<i>mmm</i>,182276,1,0,0,0,SEBR (TI),ES (SM),1,0,0,28,ThCr2Si2,3.8986,3.8986,11.598,90,90,90,0,0,0,0,0,https://materialsproject.org/materials/icsd/192309,cif/192309.cif,32
192310,As2 Ca1 Fe2,139,I4/mmm,4/<i>mmm</i>,182276,1,0,0,0,SEBR (TI),ES (SM),1,0,0,28,ThCr2Si2,3.8925,3.8925,11.68,90,90,90,0,0,0,0,0,https://materialsproject.org/materials/icsd/192310,cif/192310.cif,32
192311,As2 Ca1 Fe2,139,I4/mmm,4/<i>mmm</i>,182276,1,0,0,0,SEBR (TI),ES (SM),1,0,0,28,ThCr2Si2,3.8909,3.8909,11.7682,90,90,90,0,0,0,0,0,https://materialsproject.org/materials/icsd/192311,cif/192311.cif,32
192314,O3 Sr1 Ti1,221,Pm-3m,<i>m</i>-3<i>m</i>,184455,1,0,0,0,Trivial,Trivial,1,0,0,32,Perovskite-CaTiO3,3.9049,3.9049,3.9049,90,90,90,1,0,1,3,0,https://materialsproject.org/materials/icsd/192314,cif/192314.cif,48
192327,Co1 Nb1 O6 Sr2,87,I4/m,4/<i>m</i>,192327,1,1,0,0,Trivial,Trivial,0,0,0,78,Sr2NiWO6,5.596,5.596,7.9881,90,90,90,0,0,0,3,0,https://materialsproject.org/materials/icsd/192327,cif/192327.cif,16
192369,Li1 Mn2 O4,227,Fd-3m,<i>m</i>-3<i>m</i>,151907,1,0,0,1,ESFD (SM),ESFD (SM),0,0,0,78,Spinel-Al2MgO4,8.2513,8.2513,8.2513,90,90,90,1,1,0,3,0,https://materialsproject.org/materials/icsd/192369,cif/192369.cif,192
192404,Na1 Nb1 O3,63,Cmcm,<i>mmm</i>,192404,1,1,0,1,Trivial,Trivial,0,0,0,128,Perovskite-NaTaO3,7.8679,7.8624,7.8713,90,90,90,0,0,0,3,0,https://materialsproject.org/materials/icsd/192404,cif/192404.cif,16
192405,Na1 Nb1 O3,63,Cmcm,<i>mmm</i>,192404,1,1,0,1,Trivial,Trivial,0,0,0,128,Perovskite-NaTaO3,7.8711,7.86756,7.8753,90,90,90,0,0,0,3,0,https://materialsproject.org/materials/icsd/192405,cif/192405.cif,16
192406,Na1 Nb1 O3,127,P4/mbm,4/<i>mmm</i>,192406,1,1,0,1,Trivial,Trivial,0,0,0,64,Perovskite-NaNbO3(tP10),5.56816,5.56816,3.93976,90,90,90,0,0,0,3,0,https://materialsproject.org/materials/icsd/192406,cif/192406.cif,16
192407,Na1 Nb1 O3,221,Pm-3m,<i>m</i>-3<i>m</i>,192407,1,0,0,1,Trivial,Trivial,0,0,0,32,Perovskite-CaTiO3,3.94018,3.94018,3.94018,90,90,90,1,0,1,3,0,https://materialsproject.org/materials/icsd/192407,cif/192407.cif,48
192408,Na1 Nb1 O3,221,Pm-3m,<i>m</i>-3<i>m</i>,192407,1,0,0,1,Trivial,Trivial,0,0,0,32,Perovskite-CaTiO3,3.94192,3.94192,3.94192,90,90,90,1,0,1,3,0,https://materialsproject.org/materials/icsd/192408,cif/192408.cif,48
192409,F3 K1 Mg1,221,Pm-3m,<i>m</i>-3<i>m</i>,192409,1,0,0,1,Trivial,Trivial,0,0,0,32,Perovskite-CaTiO3,4.003,4.003,4.003,90,90,90,1,0,1,3,0,https://materialsproject.org/materials/icsd/192409,cif/192409.cif,48
192470,Ag1 Fe2 Ga1 Te4,121,I-42m,-42<i>m</i>,192470,1,0,0,1,Trivial,ES (SM),0,1,0,54,Stannite-Cu2FeSnS4,6.3409,6.3409,12.0233,90,90,90,0,0,0,0,0,https://materialsproject.org/materials/icsd/192470,cif/192470.cif,16
192566,Ge1 Mn1 Ni2,225,Fm-3m,<i>m</i>-3<i>m</i>,192566,1,0,0,0,ESFD (SM),ESFD (SM),0,0,0,31,Heusler-AlCu2Mn,5.8224,5.8224,5.8224,90,90,90,0,0,0,0,0,https://materialsproject.org/materials/icsd/192566,cif/192566.cif,192
192739,As1 Fe1 La1 O1,129,P4/nmm,4/<i>mmm</i>,163496,1,0,0,0,Trivial,ES (SM),0,0,0,60,ZrCuSiAs-CuHfSi2,4.037,4.037,8.759,90,90,90,0,0,0,0,0,https://materialsproject.org/materials/icsd/192739,cif/192739.cif,16
192774,C2 H6 Cd1 I2 N2 O2,2,P-1,-1,192774,1,0,0,1,Trivial,Trivial,0,0,0,62,,4.179,7.641,8.228,115.39,95.37,93.47,0,0,0,0,0,https://materialsproject.org/materials/icsd/192774,cif/192774.cif,2
192816,As1 Li1 Mn1,216,F-43m,-43<i>m</i>,192816,1,0,0,1,ESFD (SM),ESFD (SM),0,1,0,13,Heusler-AlLiSi,6.154,6.154,6.154,90,90,90,0,0,0,0,0,https://materialsproject.org/materials/icsd/192816,cif/192816.cif,96
192817,As1 Li1 Mn1,129,P4/nmm,4/<i>mmm</i>,192817,1,0,0,0,ESFD (SM),ESFD (SM),0,0,0,26,LiMnAs,4.2555,4.2555,6.1641,90,90,90,0,0,0,0,0,https://materialsproject.org/materials/icsd/192817,cif/192817.cif,16
192818,As1 Li1 Mn1,129,P4/nmm,4/<i>mmm</i>,192817,1,0,0,0,ESFD (SM),ESFD (SM),0,0,0,26,LiMnAs,4.262,4.262,6.169,90,90,90,0,0,0,0,0,https://materialsproject.org/materials/icsd/192818,cif/192818.cif,16
192819,As1 Li1 Mn1,129,P4/nmm,4/<i>mmm</i>,192817,1,0,0,0,ESFD (SM),ESFD (SM),0,0,0,26,LiMnAs,4.262,4.262,6.169,90,90,90,0,0,0,0,0,https://materialsproject.org/materials/icsd/192819,cif/192819.cif,16
192820,As1 Li1 Mn1,129,P4/nmm,4/<i>mmm</i>,192817,1,0,0,0,ESFD (SM),ESFD (SM),0,0,0,26,LiMnAs,4.267,4.267,6.178,90,90,90,0,0,0,0,0,https://materialsproject.org/materials/icsd/192820,cif/192820.cif,16
192821,As1 Li1 Mn1,129,P4/nmm,4/<i>mmm</i>,192817,1,0,0,0,ESFD (SM),ESFD (SM),0,0,0,26,LiMnAs,4.27,4.27,6.186,90,90,90,0,0,0,0,0,https://materialsproject.org/materials/icsd/192821,cif/192821.cif,16
192822,As1 Li1 Mn1,129,P4/nmm,4/<i>mmm</i>,192817,1,0,0,0,ESFD (SM),ESFD (SM),0,0,0,26,LiMnAs,4.273,4.273,6.19,90,90,90,0,0,0,0,0,https://materialsproject.org/materials/icsd/192822,cif/192822.cif,16
192823,As1 Li1 Mn1,129,P4/nmm,4/<i>mmm</i>,192817,1,0,0,0,ESFD (SM),ESFD (SM),0,0,0,26,LiMnAs,4.273,4.273,6.185,90,90,90,0,0,0,0,0,https://materialsproject.org/materials/icsd/192823,cif/192823.cif,16
192844,Ba2 Ca1 O6 Os1,225,Fm-3m,<i>m</i>-3<i>m</i>,171988,1,0,0,1,ESFD (SM),ESFD (SM),0,0,0,66,Elpasolite-K2NaAlF6,8.3619,8.3619,8.3619,90,90,90,0,0,0,3,0,https://materialsproject.org/materials/icsd/192844,cif/192844.cif,192
192845,Ba2 Ca1 O6 Os1,225,Fm-3m,<i>m</i>-3<i>m</i>,171988,1,0,0,1,ESFD (SM),ESFD (SM),0,0,0,66,Elpasolite-K2NaAlF6,8.3462,8.3462,8.3462,90,90,90,0,0,0,3,0,https://materialsproject.org/materials/icsd/192845,cif/192845.cif,192
192873,Bi1 Mn1,194,P63/mmc,6/<i>mmm</i>,192873,1,0,0,0,ES (SM),ES (SM),1,0,0,24,Nickeline-NiAs,4.2764,4.2764,6.0724,90,90,120,0,0,0,0,0,https://materialsproject.org/materials/icsd/192873,cif/192873.cif,24
192874,Bi1 Mn1,194,P63/mmc,6/<i>mmm</i>,192873,1,0,0,0,ES (SM),ES (SM),1,1,0,24,Nickeline-NiAs,4.2801,4.2801,6.0813,90,90,120,0,0,0,0,0,https://materialsproject.org/materials/icsd/192874,cif/192874.cif,24
192875,Bi1 Mn1,194,P63/mmc,6/<i>mmm</i>,192873,1,0,0,0,ES (SM),ES (SM),1,0,0,24,Nickeline-NiAs,4.2833,4.2833,6.0911,90,90,120,0,0,0,0,0,https://materialsproject.org/materials/icsd/192875,cif/192875.cif,24
192876,Bi1 Mn1,194,P63/mmc,6/<i>mmm</i>,192873,1,0,0,0,ES (SM),ES (SM),1,1,0,24,Nickeline-NiAs,4.2862,4.2862,6.1044,90,90,120,0,0,0,0,0,https://materialsproject.org/materials/icsd/192876,cif/192876.cif,24
192877,Bi1 Mn1,194,P63/mmc,6/<i>mmm</i>,192873,1,0,0,0,ES (SM),ES (SM),1,0,0,24,Nickeline-NiAs,4.2891,4.2891,6.1165,90,90,120,0,0,0,0,0,https://materialsproject.org/materials/icsd/192877,cif/192877.cif,24
192878,Bi1 Mn1,194,P63/mmc,6/<i>mmm</i>,192873,1,0,0,0,ES (SM),ES (SM),1,0,0,24,Nickeline-NiAs,4.2909,4.2909,6.1234,90,90,120,0,0,0,0,0,https://materialsproject.org/materials/icsd/192878,cif/192878.cif,24
192879,Bi1 Mn1,194,P63/mmc,6/<i>mmm</i>,192873,1,0,0,0,ES (SM),ES (SM),1,1,0,24,Nickeline-NiAs,4.2937,4.2937,6.135,90,90,120,0,0,0,0,0,https://materialsproject.org/materials/icsd/192879,cif/192879.cif,24
192880,Bi1 Mn1,194,P63/mmc,6/<i>mmm</i>,192873,1,0,0,0,ES (SM),ES (SM),1,1,0,24,Nickeline-NiAs,4.2965,4.2965,6.1455,90,90,120,0,0,0,0,0,https://materialsproject.org/materials/icsd/192880,cif/192880.cif,24
192881,Bi1 Mn1,194,P63/mmc,6/<i>mmm</i>,192873,1,0,0,0,ES (SM),ES (SM),1,1,0,24,Nickeline-NiAs,4.3014,4.3014,6.1635,90,90,120,0,0,0,0,0,https://materialsproject.org/materials/icsd/192881,cif/192881.cif,24
192889,Ba1 O3 Ti1,99,P4mm,4<i>mm</i>,15453,1,0,0,0,Trivial,Trivial,0,0,0,32,Perovskite-PbTiO3,3.998,3.998,4.022,90,90,90,0,0,0,3,0,https://materialsproject.org/materials/icsd/192889,cif/192889.cif,8
193047,Ca1 O4 W1,88,I41/a,4/<i>m</i>,15586,1,0,0,0,Trivial,Trivial,0,0,0,64,Scheelite-CaWO4,5.236,5.236,11.356,90,90,90,0,0,0,4,0,https://materialsproject.org/materials/icsd/193047,cif/193047.cif,16
193088,F3 Mg1 Na1,127,P4/mbm,4/<i>mmm</i>,193088,1,0,0,1,Trivial,Trivial,0,0,0,48,Perovskite-NaNbO3(tP10),5.55376,5.55376,3.92846,90,90,90,0,0,0,3,0,https://materialsproject.org/materials/icsd/193088,cif/193088.cif,16
193089,F3 Mg1 Na1,221,Pm-3m,<i>m</i>-3<i>m</i>,171813,1,0,0,1,Trivial,Trivial,0,0,0,24,Perovskite-CaTiO3,3.92695,3.92695,3.92695,90,90,90,1,0,1,3,0,https://materialsproject.org/materials/icsd/193089,cif/193089.cif,48
193216,Co1 K1 O9 P3,188,P-6c2,-62<i>m</i>,193216,0,0,1,1,ES (SM),ESFD (SM),0,1,0,174,,6.6161,6.6161,9.788,90,90,120,0,0,0,1,0,https://materialsproject.org/materials/icsd/193216,cif/193216.cif,12
193265,O2 Ti1,141,I41/amd,4/<i>mmm</i>,154601,1,0,0,0,Trivial,Trivial,0,0,0,32,Anatase-TiO2,3.7819,3.7819,9.5271,90,90,90,0,0,0,2,0,https://materialsproject.org/materials/icsd/193265,cif/193265.cif,32
193267,O2 Ti1,141,I41/amd,4/<i>mmm</i>,154601,1,0,0,0,Trivial,Trivial,0,0,0,32,Anatase-TiO2,3.7845,3.7845,9.5111,90,90,90,0,0,0,2,0,https://materialsproject.org/materials/icsd/193267,cif/193267.cif,32
193269,O2 Ti1,141,I41/amd,4/<i>mmm</i>,154601,1,0,0,0,Trivial,Trivial,0,0,0,32,Anatase-TiO2,3.8015,3.8015,9.5503,90,90,90,0,0,0,2,0,https://materialsproject.org/materials/icsd/193269,cif/193269.cif,32
193271,O2 Ti1,141,I41/amd,4/<i>mmm</i>,154601,1,0,0,0,Trivial,Trivial,0,0,0,32,Anatase-TiO2,3.7818,3.7818,9.5275,90,90,90,0,0,0,2,0,https://materialsproject.org/materials/icsd/193271,cif/193271.cif,32
193352,Bi2 O12 S3,15,C2/c,2/<i>m</i>,193352,0,0,1,0,Trivial,Trivial,0,0,0,200,,17.3383,6.77803,8.30978,90,101.43,90,0,0,0,0,0,https://materialsproject.org/materials/icsd/193352,cif/193352.cif,8
193444,Li1 Mn2 O4,227,Fd-3m,<i>m</i>-3<i>m</i>,151907,1,0,0,0,ESFD (SM),ESFD (SM),0,0,0,78,Spinel-Al2MgO4,8.2128,8.2128,8.2128,90,90,90,1,1,0,3,0,https://materialsproject.org/materials/icsd/193444,cif/193444.cif,192
193491,Ca1 O4 W1,88,I41/a,4/<i>m</i>,15586,1,0,0,0,Trivial,Trivial,0,0,0,64,Scheelite-CaWO4,5.25,5.25,11.393,90,90,90,0,0,0,1,0,https://materialsproject.org/materials/icsd/193491,cif/193491.cif,16
193552,Ca5 F1 O12 P3,176,P63/m,6/<i>m</i>,180314,1,0,0,0,Trivial,Trivial,0,0,0,208,"Apatite#-(HE,P63/m)",9.39554,9.39554,6.88007,90,90,120,0,0,0,0,0,https://materialsproject.org/materials/icsd/193552,cif/193552.cif,12
193569,Mg1 Ni3,221,Pm-3m,<i>m</i>-3<i>m</i>,193569,1,1,0,0,ES (SM),ESFD (SM),1,0,0,32,Auricupride-AuCu3,3.7163,3.7163,3.7163,90,90,90,1,0,0,0,0,https://materialsproject.org/materials/icsd/193569,cif/193569.cif,48
193614,Cu1 O6 Sr2 W1,87,I4/m,4/<i>m</i>,186027,1,0,0,1,ESFD (SM),ESFD (SM),0,1,0,73,Sr2NiWO6,5.4115,5.4115,8.4125,90,90,90,0,0,0,3,0,https://materialsproject.org/materials/icsd/193614,cif/193614.cif,16
193690,Fe1 Mo1 O6 Sr2,87,I4/m,4/<i>m</i>,150701,1,1,0,1,Trivial,Trivial,0,1,0,70,Sr2NiWO6,5.5728,5.5728,7.9036,90,90,90,0,0,0,3,0,https://materialsproject.org/materials/icsd/193690,cif/193690.cif,16
193793,Ca1 Mo1 O4,88,I41/a,4/<i>m</i>,183446,1,0,0,1,Trivial,Trivial,0,0,0,64,Scheelite-CaWO4,5.2253,5.2253,11.4326,90,90,90,0,0,0,3,0,https://materialsproject.org/materials/icsd/193793,cif/193793.cif,16
193797,Fe1 Li1 O4 P1,62,Pnma,<i>mmm</i>,153699,0,0,1,1,Trivial,Trivial,0,1,0,152,Olivine-Mg2SiO4,10.3244,6.0064,4.6901,90,90,90,0,0,0,1,0,https://materialsproject.org/materials/icsd/193797,cif/193797.cif,8
193799,Fe1 Li1 O4 P1,62,Pnma,<i>mmm</i>,153699,0,0,1,1,Trivial,Trivial,0,0,0,152,Olivine-Mg2SiO4,10.336,6.006,4.6932,90,90,90,0,0,0,1,0,https://materialsproject.org/materials/icsd/193799,cif/193799.cif,8
193800,Fe1 Li1 O4 P1,62,Pnma,<i>mmm</i>,153699,0,0,1,1,Trivial,Trivial,0,0,0,152,Olivine-Mg2SiO4,10.3165,6.0095,4.6988,90,90,90,0,0,0,1,0,https://materialsproject.org/materials/icsd/193800,cif/193800.cif,8
194052,C1 Mn3 Sn1,221,Pm-3m,<i>m</i>-3<i>m</i>,194052,1,0,0,0,ESFD (SM),ESFD (SM),0,0,0,29,Perovskite-CaTiO3,3.99379,3.99379,3.99379,90,90,90,1,0,1,3,0,https://materialsproject.org/materials/icsd/194052,cif/194052.cif,48
194078,Ca1 Mo1 O4,88,I41/a,4/<i>m</i>,183446,1,0,0,1,Trivial,Trivial,0,0,0,64,Scheelite-CaWO4,5.2334,5.2334,11.4477,90,90,90,0,0,0,3,0,https://materialsproject.org/materials/icsd/194078,cif/194078.cif,16
194079,Ca1 Mo1 O4,88,I41/a,4/<i>m</i>,183446,1,0,0,0,Trivial,Trivial,0,0,0,64,Scheelite-CaWO4,5.22,5.22,11.407,90,90,90,0,0,0,3,0,https://materialsproject.org/materials/icsd/194079,cif/194079.cif,16
194113,C4 H8 Cu1 N2 O6,14,P21/c,2/<i>m</i>,109973,1,0,0,0,ESFD (SM),ESFD (SM),0,0,0,162,,7.7801,7.9527,8.0058,90,115.115,90,0,0,0,0,0,https://materialsproject.org/materials/icsd/194113,cif/194113.cif,4
194151,Cr1 Cu1 O2,166,R-3m,-3<i>m</i>,157800,1,0,0,0,ESFD (SM),ESFD (SM),1,0,0,29,Delafossite-NaCrS2,2.935254,2.935254,17.075144,90,90,120,0,0,0,0,0,https://materialsproject.org/materials/icsd/194151,cif/194151.cif,36
194152,Cr1 Cu1 O2,166,R-3m,-3<i>m</i>,157800,1,0,0,1,ESFD (SM),ESFD (SM),1,0,0,29,Delafossite-NaCrS2,2.9767,2.9767,17.1113,90,90,120,0,0,0,0,0,https://materialsproject.org/materials/icsd/194152,cif/194152.cif,36
194155,Cr1 O3 Pb1,221,Pm-3m,<i>m</i>-3<i>m</i>,160196,1,0,0,1,ESFD (SM),ESFD (SM),0,0,0,28,Perovskite-CaTiO3,4.0055,4.0055,4.0055,90,90,90,1,0,1,3,0,https://materialsproject.org/materials/icsd/194155,cif/194155.cif,48
194248,F3 Sc1,221,Pm-3m,<i>m</i>-3<i>m</i>,194248,1,1,0,0,Trivial,Trivial,0,0,0,24,ReO3,4.01245,4.01245,4.01245,90,90,90,1,0,1,3,0,https://materialsproject.org/materials/icsd/194248,cif/194248.cif,48
194249,F3 Sc1,221,Pm-3m,<i>m</i>-3<i>m</i>,194248,1,1,0,0,Trivial,Trivial,0,0,0,24,ReO3,4.00823,4.00823,4.00823,90,90,90,1,0,1,3,0,https://materialsproject.org/materials/icsd/194249,cif/194249.cif,48
194250,F3 Sc1,221,Pm-3m,<i>m</i>-3<i>m</i>,194248,1,1,0,0,Trivial,Trivial,0,0,0,24,ReO3,4.00605,4.00605,4.00605,90,90,90,1,0,1,3,0,https://materialsproject.org/materials/icsd/194250,cif/194250.cif,48
194273,F3 Sc1,221,Pm-3m,<i>m</i>-3<i>m</i>,194248,1,1,0,0,Trivial,Trivial,0,0,0,24,ReO3,4.00976,4.00976,4.00976,90,90,90,1,0,1,3,0,https://materialsproject.org/materials/icsd/194273,cif/194273.cif,48
194331,Fe1 Li1 O4 P1,62,Pnma,<i>mmm</i>,153699,0,0,1,1,Trivial,Trivial,0,0,0,152,Olivine-Mg2SiO4,10.3187,6.0012,4.6903,90,90,90,0,0,0,1,0,https://materialsproject.org/materials/icsd/194331,cif/194331.cif,8
194348,Cu1 O14 S2 Te2 Y2,2,P-1,-1,194348,0,0,1,1,ESFD (SM),ESFD (SM),0,0,0,141,,5.1645,7.8154,8.1013,62.654,73.88,85.266,0,0,0,2,0,https://materialsproject.org/materials/icsd/194348,cif/194348.cif,2
194586,C4 H12 Cl4 Fe1 P1,186,P63mc,6<i>mm</i>,194586,0,0,1,0,ESFD (SM),ESFD (SM),0,1,0,138,,7.6677,7.6677,12.514,90,90,120,0,0,0,0,0,https://materialsproject.org/materials/icsd/194586,cif/194586.cif,12
194588,Ag2 Fe1 O8 Rb1 V2,147,P-3,-3,194588,1,1,0,1,ESFD (SM),ESFD (SM),0,1,0,97,K3Na(SeO4)2,5.47563,5.47563,7.35696,90,90,120,0,0,0,5,0,https://materialsproject.org/materials/icsd/194588,cif/194588.cif,6
194589,Ag2 Fe1 O8 Rb1 V2,147,P-3,-3,194588,1,1,0,1,ESFD (SM),ESFD (SM),0,1,0,97,K3Na(SeO4)2,5.47556,5.47556,7.35685,90,90,120,0,0,0,5,0,https://materialsproject.org/materials/icsd/194589,cif/194589.cif,6
194597,F1 Fe1 Li1 O4 S1,2,P-1,-1,180389,1,0,0,1,Trivial,Trivial,0,1,0,92,LiCoSO4F,5.1754,5.4896,7.2216,106.514,107.191,97.843,0,0,0,2,0,https://materialsproject.org/materials/icsd/194597,cif/194597.cif,2
194713,O4 Sr2 Ti1,139,I4/mmm,4/<i>mmm</i>,157402,1,0,0,1,Trivial,Trivial,1,0,0,48,K2MgF4,3.88656,3.88656,12.5975,90,90,90,0,0,1,3,0,https://materialsproject.org/materials/icsd/194713,cif/194713.cif,32
194714,O4 Sr2 Ti1,139,I4/mmm,4/<i>mmm</i>,157402,1,0,0,1,Trivial,Trivial,1,0,0,48,K2MgF4,3.89494,3.89494,12.6263,90,90,90,0,0,1,3,0,https://materialsproject.org/materials/icsd/194714,cif/194714.cif,32
194715,O4 Sr2 Ti1,139,I4/mmm,4/<i>mmm</i>,157402,1,0,0,1,Trivial,Trivial,1,0,0,48,K2MgF4,3.90408,3.90408,12.6566,90,90,90,0,0,1,3,0,https://materialsproject.org/materials/icsd/194715,cif/194715.cif,32
194716,O4 Sr2 Ti1,139,I4/mmm,4/<i>mmm</i>,157402,1,0,0,1,Trivial,Trivial,1,0,0,48,K2MgF4,3.91289,3.91289,12.6866,90,90,90,0,0,1,3,0,https://materialsproject.org/materials/icsd/194716,cif/194716.cif,32
194717,O4 Sr2 Ti1,139,I4/mmm,4/<i>mmm</i>,157402,1,0,0,1,Trivial,Trivial,1,0,0,48,K2MgF4,3.92271,3.92271,12.7196,90,90,90,0,0,1,3,0,https://materialsproject.org/materials/icsd/194717,cif/194717.cif,32
194718,O4 Sr2 Ti1,139,I4/mmm,4/<i>mmm</i>,157402,1,0,0,1,Trivial,Trivial,1,0,0,48,K2MgF4,3.93297,3.93297,12.7535,90,90,90,0,0,1,3,0,https://materialsproject.org/materials/icsd/194718,cif/194718.cif,32
194719,O4 Sr2 Ti1,139,I4/mmm,4/<i>mmm</i>,157402,1,0,0,1,Trivial,Trivial,1,0,0,48,K2MgF4,3.8834,3.8834,12.5863,90,90,90,0,0,1,3,0,https://materialsproject.org/materials/icsd/194719,cif/194719.cif,32
194807,B4 Mn1,58,Pnnm,<i>mmm</i>,194807,1,0,0,1,ESFD (SM),ESFD (SM),0,0,0,38,,4.6357,5.3528,2.9342,90,90,90,0,0,0,1,0,https://materialsproject.org/materials/icsd/194807,cif/194807.cif,8
194992,Mg1 O9 Sr3 Ta2,164,P-3m1,-3<i>m</i>,194992,1,0,0,0,Trivial,Trivial,0,0,0,96,Ba3SrTa2O9,5.65151,5.65151,6.9446,90,90,120,1,0,0,3,0,https://materialsproject.org/materials/icsd/194992,cif/194992.cif,12
195082,N3 Na1 O9 Rb2,26,Pmc21,<i>mm</i>2,195082,0,0,1,1,Trivial,Trivial,0,0,0,176,,5.327,9.079,9.718,90,90,90,0,0,0,0,0,https://materialsproject.org/materials/icsd/195082,cif/195082.cif,4
195083,C5 H10 N1 O6,2,P-1,-1,195083,0,0,1,0,Trivial,Trivial,0,0,0,142,,5.6519,7.5809,10.31,75.467,88.12,69.487,0,0,0,0,0,https://materialsproject.org/materials/icsd/195083,cif/195083.cif,2
195084,Ge1 O3 Sr1,221,Pm-3m,<i>m</i>-3<i>m</i>,195084,1,0,0,1,Trivial,Trivial,0,0,0,32,Perovskite-CaTiO3,3.7978,3.7978,3.7978,90,90,90,1,0,1,3,0,https://materialsproject.org/materials/icsd/195084,cif/195084.cif,48
195115,Bi1 Cl1 O1,129,P4/nmm,4/<i>mmm</i>,185970,1,0,0,0,Trivial,Trivial,0,0,0,36,PbClF,3.88551,3.88551,7.3489,90,90,90,0,0,0,0,0,https://materialsproject.org/materials/icsd/195115,cif/195115.cif,16
195130,Ba2 Co1 O6 W1,225,Fm-3m,<i>m</i>-3<i>m</i>,195130,1,1,0,0,ESFD (SM),ESFD (SM),0,0,0,71,Elpasolite-K2NaAlF6,8.21,8.21,8.21,90,90,90,0,0,0,3,0,https://materialsproject.org/materials/icsd/195130,cif/195130.cif,192
195131,Fe1 Ge2,140,I4/mcm,4/<i>mmm</i>,195131,1,1,0,0,ES (SM),ES (SM),1,0,0,32,Al2Cu,5.9056,5.9056,4.9549,90,90,90,0,0,0,0,0,https://materialsproject.org/materials/icsd/195131,cif/195131.cif,32
195183,Al1 F1 O4 Sr3,140,I4/mcm,4/<i>mmm</i>,195183,1,0,0,1,Trivial,Trivial,0,0,0,128,Cs3CoCl5,6.7873,6.7873,11.1542,90,90,90,0,0,0,3,0,https://materialsproject.org/materials/icsd/195183,cif/195183.cif,32
195184,Al1 F1 O4 Sr3,140,I4/mcm,4/<i>mmm</i>,195183,1,0,0,1,Trivial,Trivial,0,0,0,128,Cs3CoCl5,6.7797,6.7797,11.1557,90,90,90,0,0,0,3,0,https://materialsproject.org/materials/icsd/195184,cif/195184.cif,32
195251,Al1 S8 V4,216,F-43m,-43<i>m</i>,195251,1,0,0,1,ESFD (SM),ESFD (SM),0,1,0,71,GaMo4S8(HT),9.6883,9.6883,9.6883,90,90,90,0,0,0,4,0,https://materialsproject.org/materials/icsd/195251,cif/195251.cif,96
195256,Ge1 Se8 V4,216,F-43m,-43<i>m</i>,195256,1,0,0,1,Trivial,Trivial,0,1,0,72,GaMo4S8(HT),10.15847,10.15847,10.15847,90,90,90,0,0,0,0,0,https://materialsproject.org/materials/icsd/195256,cif/195256.cif,96
195305,O7 P2 Pb1 Pd1,62,Pnma,<i>mmm</i>,195305,1,0,0,0,Trivial,Trivial,0,0,0,264,,13.495,6.012,7.396,90,90,90,0,0,0,4,0,https://materialsproject.org/materials/icsd/195305,cif/195305.cif,8
195306,O14 P4 Pb1 Pd1 Si1,11,P21/m,2/<i>m</i>,195306,1,0,0,0,Trivial,Trivial,0,0,0,244,,4.593,17.169,6.435,90,101.71,90,0,0,0,4,0,https://materialsproject.org/materials/icsd/195306,cif/195306.cif,4
195422,Co3 S2 Sn2,166,R-3m,-3<i>m</i>,173760,1,1,0,1,ESFD (SM),ESFD (SM),0,0,0,47,Ni3Pb2S2,5.36994,5.36994,13.1934,90,90,120,1,0,0,3,0,https://materialsproject.org/materials/icsd/195422,cif/195422.cif,36
195432,Co3 In2 S2,166,R-3m,-3<i>m</i>,195432,1,0,0,1,ESFD (SM),ESFD (SM),0,0,0,45,Ni3Pb2S2,5.31811,5.31811,13.6646,90,90,120,1,0,0,3,0,https://materialsproject.org/materials/icsd/195432,cif/195432.cif,36
195500,Ca3 Ge4 Ir4,217,I-43m,-43<i>m</i>,195500,1,0,0,1,ESFD (SM),ESFD (SM),1,1,0,58,Na3Pt4Ge4,7.56895,7.56895,7.56895,90,90,90,1,0,0,0,0,https://materialsproject.org/materials/icsd/195500,cif/195500.cif,48
195647,K3 La1 O9 Te2,194,P63/mmc,6/<i>mmm</i>,195647,1,0,0,1,Trivial,Trivial,0,0,0,208,BaFeO2+x,6.0589,6.0589,15.024,90,90,120,0,0,0,4,0,https://materialsproject.org/materials/icsd/195647,cif/195647.cif,24
195840,Li1 Mn2 O4,227,Fd-3m,<i>m</i>-3<i>m</i>,151907,1,0,0,0,ESFD (SM),ESFD (SM),0,0,0,78,Spinel-Al2MgO4,8.205,8.205,8.205,90,90,90,1,1,0,3,0,https://materialsproject.org/materials/icsd/195840,cif/195840.cif,192
195903,C1 H12 Ca1 O9,15,C2/c,2/<i>m</i>,16070,0,0,1,0,Trivial,Trivial,0,0,0,144,CaCO3(H2O)6,8.8134,8.3108,11.0183,90,110.418,90,0,0,0,0,0,https://materialsproject.org/materials/icsd/195903,cif/195903.cif,8
195904,C1 H12 Ca1 O9,15,C2/c,2/<i>m</i>,16070,0,0,1,0,Trivial,Trivial,0,0,0,144,CaCO3(H2O)6,8.819,8.308,11.021,90,110.432,90,0,0,0,0,0,https://materialsproject.org/materials/icsd/195904,cif/195904.cif,8
195905,C1 H12 Ca1 O9,15,C2/c,2/<i>m</i>,16070,0,0,1,0,Trivial,Trivial,0,0,0,144,CaCO3(H2O)6,8.826,8.315,11.026,90,110.434,90,0,0,0,0,0,https://materialsproject.org/materials/icsd/195905,cif/195905.cif,8
195906,C1 H12 Ca1 O9,15,C2/c,2/<i>m</i>,16070,0,0,1,0,Trivial,Trivial,0,0,0,144,CaCO3(H2O)6,8.826,8.313,11.023,90,110.423,90,0,0,0,0,0,https://materialsproject.org/materials/icsd/195906,cif/195906.cif,8
195907,C1 H12 Ca1 O9,15,C2/c,2/<i>m</i>,16070,0,0,1,0,Trivial,Trivial,0,0,0,144,CaCO3(H2O)6,8.878,8.362,11.088,90,110.492,90,0,0,0,0,0,https://materialsproject.org/materials/icsd/195907,cif/195907.cif,8
195954,Ba2 Ca1 O6 W1,225,Fm-3m,<i>m</i>-3<i>m</i>,195954,1,0,0,1,Trivial,Trivial,0,0,0,64,Elpasolite-K2NaAlF6,8.3874,8.3874,8.3874,90,90,90,0,0,0,1,0,https://materialsproject.org/materials/icsd/195954,cif/195954.cif,192
196150,Ca2 O4 Si1,14,P21/c,2/<i>m</i>,16616,1,0,0,1,Trivial,Trivial,0,0,0,128,Ca2SiO4,5.511,6.67,9.317,90,94.447,90,0,0,0,2,0,https://materialsproject.org/materials/icsd/196150,cif/196150.cif,4
196230,Bi2 O1 S2,129,P4/nmm,4/<i>mmm</i>,196230,1,0,0,0,Trivial,Trivial,1,0,0,56,CeBiOS2,3.96086,3.96086,13.8024,90,90,90,0,0,0,0,0,https://materialsproject.org/materials/icsd/196230,cif/196230.cif,16
196297,Fe1 Se1,129,P4/nmm,4/<i>mmm</i>,162901,1,0,0,0,ES (SM),ESFD (SM),1,0,0,28,FeSe,3.7711,3.7711,5.5214,90,90,90,0,0,0,0,0,https://materialsproject.org/materials/icsd/196297,cif/196297.cif,16
196298,Fe1 Se1,129,P4/nmm,4/<i>mmm</i>,162901,1,0,0,0,ES (SM),ESFD (SM),1,0,0,28,FeSe,3.7709,3.7709,5.5216,90,90,90,0,0,0,0,0,https://materialsproject.org/materials/icsd/196298,cif/196298.cif,16
196310,Co3 S2 Sn2,166,R-3m,-3<i>m</i>,173760,1,1,0,0,ESFD (SM),ESFD (SM),0,0,0,47,Ni3Pb2S2,5.3683,5.3683,13.1783,90,90,120,1,0,0,3,0,https://materialsproject.org/materials/icsd/196310,cif/196310.cif,36
196345,H1 N3 O1 Zn1,186,P63mc,6<i>mm</i>,196345,1,0,0,0,Trivial,Trivial,0,1,0,68,,3.22159,3.22159,14.8167,90,90,120,0,0,0,0,0,https://materialsproject.org/materials/icsd/196345,cif/196345.cif,12
196424,B4 Fe1,58,Pnnm,<i>mmm</i>,196424,1,0,0,0,Trivial,ES (SM),0,0,0,40,,4.5786,5.2981,2.9991,90,90,90,0,0,0,0,0,https://materialsproject.org/materials/icsd/196424,cif/196424.cif,8
196432,Mg1 O3 Si1,14,P21/c,2/<i>m</i>,15805,1,0,0,0,Trivial,Trivial,0,0,0,192,Pyroxene-MgSiO3-LT,9.6195,8.8257,5.1748,90,108.319,90,0,0,0,1,0,https://materialsproject.org/materials/icsd/196432,cif/196432.cif,4
196449,C4 H2 F10 Ge1,43,Fdd2,<i>mm</i>2,196449,0,0,1,0,Trivial,Trivial,0,0,0,184,,18.8498,17.7351,5.36552,90,90,90,0,0,0,0,0,https://materialsproject.org/materials/icsd/196449,cif/196449.cif,16
196567,Al1 Ni3,221,Pm-3m,<i>m</i>-3<i>m</i>,105529,1,1,0,0,ESFD (SM),ESFD (SM),0,0,0,33,Auricupride-AuCu3,3.577,3.577,3.577,90,90,90,1,0,0,0,0,https://materialsproject.org/materials/icsd/196567,cif/196567.cif,48
196568,Al1 Ni3,221,Pm-3m,<i>m</i>-3<i>m</i>,105529,1,1,0,0,ESFD (SM),ESFD (SM),0,0,0,33,Auricupride-AuCu3,3.572,3.572,3.572,90,90,90,1,0,0,0,0,https://materialsproject.org/materials/icsd/196568,cif/196568.cif,48
196627,Co1 Ni1 Sn1,194,P63/mmc,6/<i>mmm</i>,102582,1,1,0,0,ESFD (SM),ESFD (SM),0,0,0,46,InNi2,4.095,4.095,5.208,90,90,120,0,0,0,0,0,https://materialsproject.org/materials/icsd/196627,cif/196627.cif,24
196628,Co1 Fe1 Ge1,194,P63/mmc,6/<i>mmm</i>,196628,1,0,0,0,ESFD (SM),ESFD (SM),0,0,0,42,InNi2,3.978,3.978,5.029,90,90,120,0,0,0,0,0,https://materialsproject.org/materials/icsd/196628,cif/196628.cif,24
196755,K1 O2,139,I4/mmm,4/<i>mmm</i>,180563,1,0,0,0,ESFD (SM),ESFD (SM),0,0,0,21,CaC2,4.031,4.031,6.75,90,90,90,0,0,0,0,0,https://materialsproject.org/materials/icsd/196755,cif/196755.cif,32
196756,O2 Rb1,139,I4/mmm,4/<i>mmm</i>,180564,1,0,0,0,ESFD (SM),ESFD (SM),0,0,0,21,CaC2,4.243,4.243,7.03,90,90,90,0,0,0,0,0,https://materialsproject.org/materials/icsd/196756,cif/196756.cif,32
196758,K2 Se1,225,Fm-3m,<i>m</i>-3<i>m</i>,168448,1,1,0,0,Trivial,Trivial,0,0,0,24,Fluorite-CaF2,7.675,7.675,7.675,90,90,90,0,0,0,0,0,https://materialsproject.org/materials/icsd/196758,cif/196758.cif,192
196784,Ni2 Y1,227,Fd-3m,<i>m</i>-3<i>m</i>,105458,1,1,0,0,ESFD (SM),ESFD (SM),1,0,0,62,Laves(cub)-MgCu2,7.181,7.181,7.181,90,90,90,1,1,0,0,0,https://materialsproject.org/materials/icsd/196784,cif/196784.cif,192
196872,Co5 Y1,191,P6/mmm,6/<i>mmm</i>,102731,1,0,0,0,ES (SM),ESFD (SM),0,0,0,56,CaCu5,4.942,4.942,3.976,90,90,120,1,0,0,0,0,https://materialsproject.org/materials/icsd/196872,cif/196872.cif,24
196875,Co5 Y1,191,P6/mmm,6/<i>mmm</i>,102731,1,0,0,0,ES (SM),ESFD (SM),0,0,0,56,CaCu5,4.954,4.954,3.974,90,90,120,1,0,0,0,0,https://materialsproject.org/materials/icsd/196875,cif/196875.cif,24
200009,Fe2 Na1 O3,164,P-3m1,-3<i>m</i>,200009,1,0,0,0,ESFD (SM),ESFD (SM),0,0,0,35,Ti3PO2,3.047,3.047,7.778,90,90,120,0,0,0,0,0,https://materialsproject.org/materials/icsd/200009,cif/200009.cif,12
200043,Bi1 F9 Xe1,2,P-1,-1,200043,0,0,1,0,Trivial,Trivial,0,0,0,152,,5.698,7.811,8.854,99.45,110.09,92.84,0,0,0,0,0,https://materialsproject.org/materials/icsd/200043,cif/200043.cif,2
200051,Al4 Bi2 O9,55,Pbam,<i>mmm</i>,20069,1,0,0,0,Trivial,Trivial,0,0,0,152,Bi2Al4O9,7.722,8.112,5.703,90,90,90,0,0,0,2,0,https://materialsproject.org/materials/icsd/200051,cif/200051.cif,8
200062,F3 Na1 Ni1,62,Pnma,<i>mmm</i>,192140,1,1,0,0,Trivial,ES (SM),0,0,0,128,Perovskite-GdFeO3,5.3651,5.5279,7.6894,90,90,90,0,0,0,3,0,https://materialsproject.org/materials/icsd/200062,cif/200062.cif,8
200109,Br1 F3 Rb1 Sb1,2,P-1,-1,200109,1,0,0,0,Trivial,Trivial,0,0,0,84,,7.72,4.448,8.906,100.5,109.96,103.68,0,0,0,0,0,https://materialsproject.org/materials/icsd/200109,cif/200109.cif,2
200112,Ba1 O4 S1,62,Pnma,<i>mmm</i>,16904,0,0,1,1,Trivial,Trivial,0,0,0,160,Barite#-BaSO4,8.8842,5.4559,7.1569,90,90,90,0,0,0,0,0,https://materialsproject.org/materials/icsd/200112,cif/200112.cif,8
200129,Ni2 O4 Si1,227,Fd-3m,<i>m</i>-3<i>m</i>,100544,1,0,0,1,Trivial,ESFD (SM),0,0,0,96,Spinel-Al2MgO4,8.044,8.044,8.044,90,90,90,1,1,0,4,0,https://materialsproject.org/materials/icsd/200129,cif/200129.cif,192
200130,Ni2 O4 Si1,227,Fd-3m,<i>m</i>-3<i>m</i>,100544,1,0,0,1,Trivial,ESFD (SM),0,0,0,96,Spinel-Al2MgO4,8.018,8.018,8.018,90,90,90,1,1,0,3,0,https://materialsproject.org/materials/icsd/200130,cif/200130.cif,192
200133,Fe2 O4 Si1,227,Fd-3m,<i>m</i>-3<i>m</i>,100552,1,0,0,1,Trivial,ES (SM),0,0,0,88,Spinel-Al2MgO4,8.211,8.211,8.211,90,90,90,1,1,0,3,0,https://materialsproject.org/materials/icsd/200133,cif/200133.cif,192
200134,Fe2 O4 Si1,227,Fd-3m,<i>m</i>-3<i>m</i>,100552,1,0,0,1,Trivial,ES (SM),0,0,0,88,Spinel-Al2MgO4,8.181,8.181,8.181,90,90,90,1,1,0,3,0,https://materialsproject.org/materials/icsd/200134,cif/200134.cif,192
200145,Bi2 O4 Pd1,130,P4/ncc,4/<i>mmm</i>,200145,1,0,0,1,Trivial,Trivial,0,0,0,176,Bi2CuO4,8.622,8.622,5.907,90,90,90,0,0,0,3,0,https://materialsproject.org/materials/icsd/200145,cif/200145.cif,16
200155,Fe1 Li1 O4 P1,62,Pnma,<i>mmm</i>,153699,0,0,1,1,Trivial,Trivial,0,0,0,152,Olivine-Mg2SiO4,10.334,6.01,4.693,90,90,90,0,0,0,1,0,https://materialsproject.org/materials/icsd/200155,cif/200155.cif,8
200211,Cl1 F1 O1 Pb2,67,Cmme,<i>mmm</i>,200211,1,0,0,1,Trivial,Trivial,0,0,0,56,,5.7521,5.7269,12.541,90,90,90,0,0,0,0,0,https://materialsproject.org/materials/icsd/200211,cif/200211.cif,16
200212,Cl1 F1 O1 Pb2,67,Cmme,<i>mmm</i>,200211,1,0,0,1,Trivial,Trivial,0,0,0,56,,5.7293,5.7293,12.5602,90,90,90,0,0,0,0,0,https://materialsproject.org/materials/icsd/200212,cif/200212.cif,16
200213,Cl1 F1 O1 Pb2,67,Cmme,<i>mmm</i>,200211,1,0,0,1,Trivial,Trivial,0,0,0,56,,12.5602,5.7293,5.7293,90,90,90,0,0,0,0,0,https://materialsproject.org/materials/icsd/200213,cif/200213.cif,16
200219,H6 As1 N1 O4,122,I-42d,-42<i>m</i>,174061,0,0,1,0,Trivial,Trivial,0,1,0,80,"(K,NH4)H2PO4",7.6998,7.6998,7.7158,90,90,90,0,0,0,1,0,https://materialsproject.org/materials/icsd/200219,cif/200219.cif,16
200252,Cs1 F5 Te1,62,Pnma,<i>mmm</i>,200252,0,0,1,1,Trivial,Trivial,0,0,0,200,NaTeF5,10.221,6.651,8.33,90,90,90,0,0,0,0,0,https://materialsproject.org/materials/icsd/200252,cif/200252.cif,8
200296,Cl1 Cs1 F3 Sb1,121,I-42m,-42<i>m</i>,200296,0,0,1,1,Trivial,Trivial,0,1,0,168,,9.92,9.92,11.606,90,90,90,0,0,0,0,0,https://materialsproject.org/materials/icsd/200296,cif/200296.cif,16
200299,Ba3 Ni1 O9 Sb2,194,P63/mmc,6/<i>mmm</i>,200299,1,0,0,0,ES (SM),ESFD (SM),0,0,0,208,BaFeO2+x,5.818,5.818,14.36,90,90,120,0,0,0,3,0,https://materialsproject.org/materials/icsd/200299,cif/200299.cif,24
200326,H4 Cu1 I2 O8,14,P21/c,2/<i>m</i>,200326,0,0,1,1,ESFD (SM),ESFD (SM),0,0,0,154,,6.728,4.8132,11.1646,90,103.34,90,0,0,0,0,0,https://materialsproject.org/materials/icsd/200326,cif/200326.cif,4
200377,Ag1 N2 Na1 O4,43,Fdd2,<i>mm</i>2,200377,0,0,1,1,Trivial,Trivial,0,1,0,92,,7.913,10.721,10.857,90,90,90,0,0,0,0,0,https://materialsproject.org/materials/icsd/200377,cif/200377.cif,16
200392,O2 Ti1,141,I41/amd,4/<i>mmm</i>,154601,1,0,0,0,Trivial,Trivial,0,0,0,32,Anatase-TiO2,3.78,3.78,9.51,90,90,90,0,0,0,1,0,https://materialsproject.org/materials/icsd/200392,cif/200392.cif,32
200408,C1 H4 N2 S1,62,Pnma,<i>mmm</i>,14334,0,0,1,0,Trivial,Trivial,0,0,0,96,SC(NH2)2,7.657,8.588,5.485,90,90,90,0,0,0,0,0,https://materialsproject.org/materials/icsd/200408,cif/200408.cif,8
200440,Na2 O8 Si3 Zn1,4,P21,2,20114,1,0,0,0,Trivial,Trivial,0,1,0,148,,6.671,6.418,8.65,90,90,103.8,0,0,0,4,0,https://materialsproject.org/materials/icsd/200440,cif/200440.cif,2
200441,F1 K2 O3 P1,62,Pnma,<i>mmm</i>,15691,0,0,1,1,Trivial,Trivial,0,0,0,192,Cs2BeF4,7.554,5.954,10.171,90,90,90,0,0,0,0,0,https://materialsproject.org/materials/icsd/200441,cif/200441.cif,8
200478,O2 Si1,194,P63/mmc,6/<i>mmm</i>,162623,1,0,0,0,Trivial,Trivial,0,0,0,64,Tridymite,5.052,5.052,8.27,90,90,120,1,0,0,4,0,https://materialsproject.org/materials/icsd/200478,cif/200478.cif,24
200637,Al1 F4 Tl1,123,P4/mmm,4/<i>mmm</i>,200637,1,0,0,1,Trivial,Trivial,0,0,0,34,KAlF4,3.616,3.616,6.366,90,90,90,0,0,1,3,0,https://materialsproject.org/materials/icsd/200637,cif/200637.cif,16
200638,Al1 F4 Rb1,127,P4/mbm,4/<i>mmm</i>,200638,1,0,0,1,Trivial,Trivial,0,0,0,80,KAlF4(tP12),5.125,5.125,6.283,90,90,90,0,0,0,2,0,https://materialsproject.org/materials/icsd/200638,cif/200638.cif,16
200695,C2 Cu1 K2 O6,43,Fdd2,<i>mm</i>2,200695,0,0,1,1,ESFD (SM),ESFD (SM),0,1,0,146,K2Cu(CO3)2,11.425,17.658,6.154,90,90,90,0,0,0,1,0,https://materialsproject.org/materials/icsd/200695,cif/200695.cif,16
200709,Li1 S2 Ti1,164,P-3m1,-3<i>m</i>,200709,1,0,0,1,ESFD (SM),ESFD (SM),0,0,0,17,LiTiS2,3.459,3.459,6.1879,90,90,120,0,0,0,0,0,https://materialsproject.org/materials/icsd/200709,cif/200709.cif,12
200721,O2 Si1,152,P3121,32,153453,1,0,0,0,Trivial,Trivial,0,1,0,48,"Quartz,low",4.9148,4.9148,5.4062,90,90,120,0,0,0,4,0,https://materialsproject.org/materials/icsd/200721,cif/200721.cif,6
200722,O2 Si1,152,P3121,32,153453,1,0,0,0,Trivial,Trivial,0,1,0,48,"Quartz,low",4.8912,4.8912,5.388,90,90,120,0,0,0,4,0,https://materialsproject.org/materials/icsd/200722,cif/200722.cif,6
200723,O2 Si1,152,P3121,32,153453,1,0,0,0,Trivial,Trivial,0,1,0,48,"Quartz,low",4.8691,4.8691,5.3703,90,90,120,0,0,0,4,0,https://materialsproject.org/materials/icsd/200723,cif/200723.cif,6
200724,O2 Si1,152,P3121,32,153453,1,0,0,0,Trivial,Trivial,0,1,0,48,"Quartz,low",4.8678,4.8678,5.3658,90,90,120,0,0,0,4,0,https://materialsproject.org/materials/icsd/200724,cif/200724.cif,6
200725,O2 Si1,152,P3121,32,153453,1,0,0,0,Trivial,Trivial,0,1,0,48,"Quartz,low",4.8509,4.8509,5.3553,90,90,120,0,0,0,4,0,https://materialsproject.org/materials/icsd/200725,cif/200725.cif,6
200726,O2 Si1,152,P3121,32,153453,1,0,0,0,Trivial,Trivial,0,1,0,48,"Quartz,low",4.8373,4.8373,5.3447,90,90,120,0,0,0,4,0,https://materialsproject.org/materials/icsd/200726,cif/200726.cif,6
200727,O2 Si1,152,P3121,32,153453,1,0,0,0,Trivial,Trivial,0,1,0,48,"Quartz,low",4.8257,4.8257,5.3364,90,90,120,0,0,0,4,0,https://materialsproject.org/materials/icsd/200727,cif/200727.cif,6
200728,O2 Si1,152,P3121,32,153453,1,0,0,0,Trivial,Trivial,0,1,0,48,"Quartz,low",4.817,4.817,5.328,90,90,120,0,0,0,4,0,https://materialsproject.org/materials/icsd/200728,cif/200728.cif,6
200729,O2 Si1,152,P3121,32,153453,1,0,0,0,Trivial,Trivial,0,1,0,48,"Quartz,low",4.8016,4.8016,5.3177,90,90,120,0,0,0,4,0,https://materialsproject.org/materials/icsd/200729,cif/200729.cif,6
200730,Ge1 O2,152,P3121,32,200730,1,0,0,0,Trivial,Trivial,0,1,0,48,"Quartz,low",4.9851,4.9851,5.6455,90,90,120,0,0,0,5,0,https://materialsproject.org/materials/icsd/200730,cif/200730.cif,6
200731,Ge1 O2,152,P3121,32,200730,1,0,0,0,Trivial,Trivial,0,1,0,48,"Quartz,low",4.9699,4.9699,5.6354,90,90,120,0,0,0,5,0,https://materialsproject.org/materials/icsd/200731,cif/200731.cif,6
200732,Ge1 O2,152,P3121,32,200730,1,0,0,0,Trivial,Trivial,0,1,0,48,"Quartz,low",4.9467,4.9467,5.6249,90,90,120,0,0,0,5,0,https://materialsproject.org/materials/icsd/200732,cif/200732.cif,6
200733,Ge1 O2,152,P3121,32,200730,1,0,0,0,Trivial,Trivial,0,1,0,48,"Quartz,low",4.9269,4.9269,5.6161,90,90,120,0,0,0,5,0,https://materialsproject.org/materials/icsd/200733,cif/200733.cif,6
200734,Ge1 O2,152,P3121,32,200730,1,0,0,0,Trivial,Trivial,0,1,0,48,"Quartz,low",4.907,4.907,5.6073,90,90,120,0,0,0,5,0,https://materialsproject.org/materials/icsd/200734,cif/200734.cif,6
200735,Ge1 O2,152,P3121,32,200730,1,0,0,0,Trivial,Trivial,0,1,0,48,"Quartz,low",4.8877,4.8877,5.5985,90,90,120,0,0,0,5,0,https://materialsproject.org/materials/icsd/200735,cif/200735.cif,6
200736,Ge1 O2,152,P3121,32,200730,1,0,0,0,Trivial,Trivial,0,1,0,48,"Quartz,low",4.8772,4.8772,5.593,90,90,120,0,0,0,5,0,https://materialsproject.org/materials/icsd/200736,cif/200736.cif,6
200779,C2 Cu1 K2 O6,43,Fdd2,<i>mm</i>2,200695,0,0,1,1,ESFD (SM),ESFD (SM),0,1,0,146,K2Cu(CO3)2,11.425,17.658,6.154,90,90,90,0,0,0,1,0,https://materialsproject.org/materials/icsd/200779,cif/200779.cif,16
200780,H4 Cs1 Li1 O5 S1,8,Cm,<i>m</i>,200780,0,0,1,1,Trivial,Trivial,0,1,0,50,,11.927,5.67,4.828,90,109.26,90,0,0,0,0,0,https://materialsproject.org/materials/icsd/200780,cif/200780.cif,4
200869,C2 B1 Cs1 F8,11,P21/m,2/<i>m</i>,200869,0,0,1,1,Trivial,Trivial,0,0,0,152,,5.958,7.628,8.2997,90,100.5,90,0,0,0,0,0,https://materialsproject.org/materials/icsd/200869,cif/200869.cif,4
200876,Ba2 Na1 O6 Re1,225,Fm-3m,<i>m</i>-3<i>m</i>,109260,1,0,0,1,Trivial,Trivial,0,0,0,64,Elpasolite-K2NaAlF6,8.278,8.278,8.278,90,90,90,0,0,0,1,0,https://materialsproject.org/materials/icsd/200876,cif/200876.cif,192
200890,H2 O4 P1 Rb1,43,Fdd2,<i>mm</i>2,200890,0,0,1,0,Trivial,Trivial,0,1,0,80,KH2PO4(LT),10.8,10.672,7.242,90,90,90,0,0,0,2,0,https://materialsproject.org/materials/icsd/200890,cif/200890.cif,16
200895,H2 Cs1 O4 P1,11,P21/m,2/<i>m</i>,200895,0,0,1,1,Trivial,Trivial,0,0,0,80,CsH2PO4,7.912,6.383,4.8802,90,107.73,90,0,0,0,1,0,https://materialsproject.org/materials/icsd/200895,cif/200895.cif,4
201056,C6 Au3 Co1 K1 N6,149,P312,32,201056,0,0,1,1,ESFD (SM),ESFD (SM),0,1,0,105,,6.82802,6.82802,7.80807,90,90,120,0,0,0,6,0,https://materialsproject.org/materials/icsd/201056,cif/201056.cif,6
201057,Cl9 Cs3 Ru2,194,P63/mmc,6/<i>mmm</i>,201057,1,0,0,0,Trivial,Trivial,0,0,0,212,Cs3Cr2Cl9,7.221,7.221,17.556,90,90,120,0,0,0,0,0,https://materialsproject.org/materials/icsd/201057,cif/201057.cif,24
201112,Cs1 Fe1 S2,71,Immm,<i>mmm</i>,201112,1,0,0,1,SEBR (TI),ES (SM),0,0,0,58,CsFeS2,7.126,11.945,5.42,90,90,90,0,0,0,3,0,https://materialsproject.org/materials/icsd/201112,cif/201112.cif,16
201113,F2 Pb1,225,Fm-3m,<i>m</i>-3<i>m</i>,180950,1,0,0,0,Trivial,Trivial,0,0,0,18,Fluorite-CaF2,5.943,5.943,5.943,90,90,90,0,0,0,0,0,https://materialsproject.org/materials/icsd/201113,cif/201113.cif,192
201114,F2 Pb1,225,Fm-3m,<i>m</i>-3<i>m</i>,180950,1,0,0,0,Trivial,Trivial,0,0,0,18,Fluorite-CaF2,6.002,6.002,6.002,90,90,90,0,0,0,0,0,https://materialsproject.org/materials/icsd/201114,cif/201114.cif,192
201115,F2 Pb1,225,Fm-3m,<i>m</i>-3<i>m</i>,180950,1,0,0,0,Trivial,Trivial,0,0,0,18,Fluorite-CaF2,6.035,6.035,6.035,90,90,90,0,0,0,0,0,https://materialsproject.org/materials/icsd/201115,cif/201115.cif,192
201135,Br5 Co1 Cs3,140,I4/mcm,4/<i>mmm</i>,201135,0,0,1,1,ESFD (SM),ESFD (SM),0,0,0,142,Cs3CoCl5,9.46,9.46,15.04,90,90,90,0,0,0,4,0,https://materialsproject.org/materials/icsd/201135,cif/201135.cif,32
201140,N2 O4,204,Im-3,<i>m</i>-3,201140,0,0,1,0,Trivial,Trivial,0,0,0,102,N2O4,7.6937,7.6937,7.6937,90,90,90,0,0,0,0,0,https://materialsproject.org/materials/icsd/201140,cif/201140.cif,48
201141,N2 O4,204,Im-3,<i>m</i>-3,201140,0,0,1,0,Trivial,Trivial,0,0,0,102,N2O4,7.7282,7.7282,7.7282,90,90,90,0,0,0,0,0,https://materialsproject.org/materials/icsd/201141,cif/201141.cif,48
201142,N2 O4,204,Im-3,<i>m</i>-3,201140,0,0,1,0,Trivial,Trivial,0,0,0,102,N2O4,7.7546,7.7546,7.7546,90,90,90,0,0,0,0,0,https://materialsproject.org/materials/icsd/201142,cif/201142.cif,48
201143,B2 K3 O12 Ta3,189,P-62m,-62<i>m</i>,201143,1,0,0,1,Trivial,Trivial,0,1,0,120,K3Nb3B2O12,8.78158,8.78158,3.89902,90,90,120,0,0,0,2,0,https://materialsproject.org/materials/icsd/201143,cif/201143.cif,12
201147,H8 Li3 N4 Na1,82,I-4,-4,201147,0,0,1,1,Trivial,Trivial,0,0,0,32,LiNH2,5.072,5.072,11.478,90,90,90,0,0,0,0,0,https://materialsproject.org/materials/icsd/201147,cif/201147.cif,8
201148,H8 Li3 N4 Na1,82,I-4,-4,201147,0,0,1,1,Trivial,Trivial,0,0,0,32,LiNH2,5.057,5.057,11.432,90,90,90,0,0,0,0,0,https://materialsproject.org/materials/icsd/201148,cif/201148.cif,8
201155,F3 K1 O1 Te1,4,P21,2,201155,0,0,1,1,Trivial,Trivial,0,0,0,84,,4.937,6.746,7.764,90,106.13,90,0,0,0,0,0,https://materialsproject.org/materials/icsd/201155,cif/201155.cif,2
201173,F4 Na2 O2 W1,60,Pbcn,<i>mmm</i>,201173,0,0,1,0,Trivial,Trivial,0,0,0,192,Fe2WO6,5.074,18.253,5.437,90,90,90,0,0,0,1,0,https://materialsproject.org/materials/icsd/201173,cif/201173.cif,8
201190,H2 K3 N1 O7 S2,2,P-1,-1,201190,0,0,1,0,Trivial,Trivial,0,0,0,176,,7.972,6.758,8.125,91.02,97.85,103.33,0,0,0,0,0,https://materialsproject.org/materials/icsd/201190,cif/201190.cif,2
201208,H12 N6 Ni1 O4,12,C2/m,2/<i>m</i>,201208,0,0,1,1,Trivial,ES (SM),0,0,0,76,Ni(NH3)4(NO2)2,10.628,6.887,5.974,90,114.8,90,0,0,0,0,0,https://materialsproject.org/materials/icsd/201208,cif/201208.cif,8
201209,H12 N6 Ni1 O4,12,C2/m,2/<i>m</i>,201208,0,0,1,1,Trivial,ES (SM),0,0,0,76,Ni(NH3)4(NO2)2,10.621,6.812,5.912,90,114.83,90,0,0,0,0,0,https://materialsproject.org/materials/icsd/201209,cif/201209.cif,8
201245,F2 V1,136,P42/mnm,4/<i>mmm</i>,201245,1,0,0,1,ESFD (SM),ESFD (SM),0,0,0,38,Rutile-TiO2,4.804,4.804,3.237,90,90,90,0,0,0,3,0,https://materialsproject.org/materials/icsd/201245,cif/201245.cif,16
201252,Ca1 F3 Rb1,221,Pm-3m,<i>m</i>-3<i>m</i>,201252,1,0,0,0,Trivial,Trivial,0,0,0,32,Perovskite-CaTiO3,4.445,4.445,4.445,90,90,90,1,0,1,4,0,https://materialsproject.org/materials/icsd/201252,cif/201252.cif,48
201253,Ca1 F3 Rb1,221,Pm-3m,<i>m</i>-3<i>m</i>,201252,1,0,0,0,Trivial,Trivial,0,0,0,32,Perovskite-CaTiO3,4.454,4.454,4.454,90,90,90,1,0,1,4,0,https://materialsproject.org/materials/icsd/201253,cif/201253.cif,48
201254,F3 K1 Mn1,221,Pm-3m,<i>m</i>-3<i>m</i>,15423,1,1,0,0,ESFD (SM),ESFD (SM),0,0,0,37,Perovskite-CaTiO3,4.182,4.182,4.182,90,90,90,1,0,1,4,0,https://materialsproject.org/materials/icsd/201254,cif/201254.cif,48
201255,F3 K1 Mn1,221,Pm-3m,<i>m</i>-3<i>m</i>,15423,1,1,0,0,ESFD (SM),ESFD (SM),0,0,0,37,Perovskite-CaTiO3,4.19,4.19,4.19,90,90,90,1,0,1,4,0,https://materialsproject.org/materials/icsd/201255,cif/201255.cif,48
201256,O3 Sr1 Ti1,221,Pm-3m,<i>m</i>-3<i>m</i>,184455,1,0,0,0,Trivial,Trivial,1,0,0,32,Perovskite-CaTiO3,3.898,3.898,3.898,90,90,90,1,0,1,3,0,https://materialsproject.org/materials/icsd/201256,cif/201256.cif,48
201352,O2 Si1,152,P3121,32,153453,1,0,0,1,Trivial,Trivial,0,1,0,48,"Quartz,low",4.9021,4.9021,5.3997,90,90,120,0,0,0,4,0,https://materialsproject.org/materials/icsd/201352,cif/201352.cif,6
201353,O2 Si1,152,P3121,32,153453,1,0,0,1,Trivial,Trivial,0,1,0,48,"Quartz,low",4.903,4.903,5.3999,90,90,120,0,0,0,4,0,https://materialsproject.org/materials/icsd/201353,cif/201353.cif,6
201354,O2 Si1,152,P3121,32,153453,1,0,0,1,Trivial,Trivial,0,1,0,48,"Quartz,low",4.9141,4.9141,5.406,90,90,120,0,0,0,4,0,https://materialsproject.org/materials/icsd/201354,cif/201354.cif,6
201436,Au4 Cl8,2,P-1,-1,201436,1,0,0,1,Trivial,Trivial,0,0,0,100,NaGdCl4,7.015,6.83,6.684,94.4,107.5,88.4,0,0,0,0,0,https://materialsproject.org/materials/icsd/201436,cif/201436.cif,2
201511,Cs1 F6 Re1,148,R-3,-3,201511,0,0,1,1,ES (SM),ESFD (SM),0,1,0,58,KOsF6,7.853,7.853,8.14,90,90,120,0,0,0,0,0,https://materialsproject.org/materials/icsd/201511,cif/201511.cif,18
201514,Ba1 Cl1 F1,129,P4/nmm,4/<i>mmm</i>,155004,0,0,1,0,Trivial,Trivial,0,0,0,48,PbClF,4.392,4.392,7.224,90,90,90,0,0,0,0,0,https://materialsproject.org/materials/icsd/201514,cif/201514.cif,16
201515,Ba1 Cl1 F1,129,P4/nmm,4/<i>mmm</i>,155004,0,0,1,0,Trivial,Trivial,0,0,0,48,PbClF,4.4158,4.4158,7.248,90,90,90,0,0,0,0,0,https://materialsproject.org/materials/icsd/201515,cif/201515.cif,16
201516,Ba1 Cl1 F1,129,P4/nmm,4/<i>mmm</i>,155004,0,0,1,0,Trivial,Trivial,0,0,0,48,PbClF,4.4293,4.4293,7.261,90,90,90,0,0,0,0,0,https://materialsproject.org/materials/icsd/201516,cif/201516.cif,16
201517,Ba1 Cl1 F1,129,P4/nmm,4/<i>mmm</i>,155004,0,0,1,0,Trivial,Trivial,0,0,0,48,PbClF,4.446,4.446,7.274,90,90,90,0,0,0,0,0,https://materialsproject.org/materials/icsd/201517,cif/201517.cif,16
201518,Ba1 Cl1 F1,129,P4/nmm,4/<i>mmm</i>,155004,0,0,1,0,Trivial,Trivial,0,0,0,48,PbClF,4.4542,4.4542,7.28,90,90,90,0,0,0,0,0,https://materialsproject.org/materials/icsd/201518,cif/201518.cif,16
201519,Ba1 Cl1 F1,129,P4/nmm,4/<i>mmm</i>,155004,0,0,1,0,Trivial,Trivial,0,0,0,48,PbClF,4.4789,4.4789,7.303,90,90,90,0,0,0,0,0,https://materialsproject.org/materials/icsd/201519,cif/201519.cif,16
201535,Mg1 O3 Si1,14,P21/c,2/<i>m</i>,15805,1,0,0,0,Trivial,Trivial,0,0,0,192,Pyroxene-MgSiO3-LT,9.606,8.8131,5.17,90,108.35,90,0,0,0,1,0,https://materialsproject.org/materials/icsd/201535,cif/201535.cif,4
201620,Bi1 F1 O1,129,P4/nmm,4/<i>mmm</i>,201620,1,0,0,0,Trivial,Trivial,0,0,0,36,PbClF,3.756,3.756,6.234,90,90,90,0,0,0,0,0,https://materialsproject.org/materials/icsd/201620,cif/201620.cif,16
201653,Ba2 F4 O3 W1,9,Cc,<i>m</i>,201653,1,0,0,1,Trivial,Trivial,0,1,0,144,,9.281,9.361,7.183,90,92.48,90,0,0,0,0,0,https://materialsproject.org/materials/icsd/201653,cif/201653.cif,4
201685,Bi2 Mo1 O6,29,Pca21,<i>mm</i>2,14266,1,0,0,0,Trivial,Trivial,0,1,0,208,Bi2WO6(oP36),5.4896,16.22658,5.5131,90,90,90,0,0,0,1,0,https://materialsproject.org/materials/icsd/201685,cif/201685.cif,4
201705,H2 B1 F4 N3 S3,1,P1,1,201705,0,0,1,1,Trivial,Trivial,0,0,0,66,,5.445,7.346,9.473,85.89,83.92,82.13,0,0,0,0,0,https://materialsproject.org/materials/icsd/201705,cif/201705.cif,1
201706,Al4 O22 Si8,2,P-1,-1,201706,0,0,1,0,Trivial,Trivial,0,1,0,88,,5.2,9.15,9.45,92,98.83,89.03,0,0,0,2,0,https://materialsproject.org/materials/icsd/201706,cif/201706.cif,4
201729,C4 Ca1 Mg3 O12,155,R32,32,201729,0,0,1,1,Trivial,Trivial,0,0,0,96,Mg3Ca(CO3)4,9.5027,9.5027,7.8212,90,90,120,0,0,0,1,0,https://materialsproject.org/materials/icsd/201729,cif/201729.cif,18
201806,H2 O4 W1,62,Pnma,<i>mmm</i>,201806,1,0,0,1,Trivial,Trivial,0,0,0,128,,5.249,10.711,5.133,90,90,90,0,0,0,0,0,https://materialsproject.org/materials/icsd/201806,cif/201806.cif,8
201828,Cl3 Cs1 V1,194,P63/mmc,6/<i>mmm</i>,15932,1,0,0,0,ESFD (SM),ESFD (SM),0,0,0,70,BaNiO3,7.237,7.237,6.026,90,90,120,0,0,0,4,0,https://materialsproject.org/materials/icsd/201828,cif/201828.cif,24
201829,Br3 Cs1 V1,194,P63/mmc,6/<i>mmm</i>,201829,1,0,0,0,ESFD (SM),ESFD (SM),0,0,0,70,BaNiO3,7.57,7.57,6.32,90,90,120,0,0,0,4,0,https://materialsproject.org/materials/icsd/201829,cif/201829.cif,24
201830,Cl3 Rb1 V1,194,P63/mmc,6/<i>mmm</i>,201830,1,0,0,0,ESFD (SM),ESFD (SM),0,0,0,70,BaNiO3,7.051,7.051,5.985,90,90,120,0,0,0,0,0,https://materialsproject.org/materials/icsd/201830,cif/201830.cif,24
201831,Br3 Rb1 V1,194,P63/mmc,6/<i>mmm</i>,201831,1,0,0,0,ESFD (SM),ESFD (SM),0,0,0,70,BaNiO3,7.408,7.408,6.28,90,90,120,0,0,0,0,0,https://materialsproject.org/materials/icsd/201831,cif/201831.cif,24
201832,Cl3 Cs1 V1,194,P63/mmc,6/<i>mmm</i>,15932,1,0,0,0,ESFD (SM),ESFD (SM),0,0,0,70,BaNiO3,7.187,7.187,5.989,90,90,120,0,0,0,4,0,https://materialsproject.org/materials/icsd/201832,cif/201832.cif,24
201833,Br3 Cs1 V1,194,P63/mmc,6/<i>mmm</i>,201829,1,0,0,0,ESFD (SM),ESFD (SM),0,0,0,70,BaNiO3,7.504,7.504,6.262,90,90,120,0,0,0,4,0,https://materialsproject.org/materials/icsd/201833,cif/201833.cif,24
201834,Cl3 Rb1 V1,194,P63/mmc,6/<i>mmm</i>,201830,1,0,0,0,ESFD (SM),ESFD (SM),0,0,0,70,BaNiO3,6.988,6.988,5.93,90,90,120,0,0,0,0,0,https://materialsproject.org/materials/icsd/201834,cif/201834.cif,24
201844,Ba2 O8 Si2 Ti1,100,P4bm,4<i>mm</i>,15715,1,0,0,1,Trivial,Trivial,0,1,0,160,Ba2TiOSi2O7,8.527,8.527,5.2104,90,90,90,0,0,0,3,0,https://materialsproject.org/materials/icsd/201844,cif/201844.cif,8
201845,Ba2 O8 Si2 Ti1,100,P4bm,4<i>mm</i>,15715,1,0,0,1,Trivial,Trivial,0,1,0,160,Ba2TiOSi2O7,8.542,8.542,5.219,90,90,90,0,0,0,3,0,https://materialsproject.org/materials/icsd/201845,cif/201845.cif,8
201891,K2 Ni1 O2,139,I4/mmm,4/<i>mmm</i>,201891,1,0,0,1,Trivial,ESFD (SM),0,0,0,40,Na2HgO2,3.9528,3.9528,12.8384,90,90,90,0,0,0,5,0,https://materialsproject.org/materials/icsd/201891,cif/201891.cif,32
201900,H8 N2 O8 V3,100,P4bm,4<i>mm</i>,201900,0,0,1,0,ESFD (SM),ESFD (SM),0,1,0,162,Ba2TiOSi2O7,8.891,8.891,5.582,90,90,90,0,0,0,0,0,https://materialsproject.org/materials/icsd/201900,cif/201900.cif,8
201940,La2 Ni1 O4,50,Pban,<i>mmm</i>,201940,1,0,0,1,Trivial,ES (SM),0,0,0,224,,5.535,12.547,5.468,90,90,90,0,0,0,4,0,https://materialsproject.org/materials/icsd/201940,cif/201940.cif,8
201947,Al1 F4 K1,127,P4/mbm,4/<i>mmm</i>,16413,1,0,0,1,Trivial,Trivial,0,0,0,80,KAlF4(tP12),5.0424,5.0424,6.1564,90,90,90,0,0,0,2,0,https://materialsproject.org/materials/icsd/201947,cif/201947.cif,16
201948,Al1 F4 K1,127,P4/mbm,4/<i>mmm</i>,16413,1,0,0,1,Trivial,Trivial,0,0,0,80,KAlF4(tP12),5.0431,5.0431,6.1567,90,90,90,0,0,0,3,0,https://materialsproject.org/materials/icsd/201948,cif/201948.cif,16
201949,Al1 F4 K1,127,P4/mbm,4/<i>mmm</i>,16413,1,0,0,1,Trivial,Trivial,0,0,0,80,KAlF4(tP12),5.0432,5.0432,6.1573,90,90,90,0,0,0,3,0,https://materialsproject.org/materials/icsd/201949,cif/201949.cif,16
201974,Li1 O5 V2,63,Cmcm,<i>mmm</i>,201974,1,0,0,1,ESFD (SM),ESFD (SM),0,0,0,82,MgV2O5,11.2423,9.9054,3.6018,90,90,90,0,0,0,4,0,https://materialsproject.org/materials/icsd/201974,cif/201974.cif,16
201977,B1 Cl6 Sc4,55,Pbam,<i>mmm</i>,201977,1,0,0,1,ESFD (SM),ESFD (SM),0,0,0,114,Sc4Cl6B,11.741,12.187,3.5988,90,90,90,0,0,0,4,0,https://materialsproject.org/materials/icsd/201977,cif/201977.cif,8
201979,Cl6 N1 Sc4,55,Pbam,<i>mmm</i>,201979,1,0,0,1,ESFD (SM),ESFD (SM),0,0,0,118,Sc4Cl6B,11.625,12.118,3.5447,90,90,90,0,0,0,4,0,https://materialsproject.org/materials/icsd/201979,cif/201979.cif,8
201993,Al3 Bi5 Cl12,167,R-3c,-3<i>m</i>,201993,0,0,1,0,Trivial,Trivial,0,0,0,236,Bi5(AlCl4)3,11.86,11.86,30.1,90,90,120,0,0,0,8,0,https://materialsproject.org/materials/icsd/201993,cif/201993.cif,36
202077,I1 N3 Rb2,127,P4/mbm,4/<i>mmm</i>,202077,1,0,0,1,Trivial,Trivial,0,0,0,80,,6.252,6.252,8.081,90,90,90,0,0,0,0,0,https://materialsproject.org/materials/icsd/202077,cif/202077.cif,16
202080,Ge1 Hf1 O4,88,I41/a,4/<i>m</i>,202080,1,0,0,1,Trivial,Trivial,0,0,0,64,Scheelite-CaWO4,4.862,4.862,10.497,90,90,90,0,0,0,5,0,https://materialsproject.org/materials/icsd/202080,cif/202080.cif,16
202148,H12 B2 Ca2 Cu1 O12,2,P-1,-1,202148,0,0,1,1,ESFD (SM),ESFD (SM),0,0,0,105,,5.7617,7.9774,5.6488,109.611,91.473,83.686,0,0,0,0,0,https://materialsproject.org/materials/icsd/202148,cif/202148.cif,2
202186,Cl1 Fe1 Mo1 O4,129,P4/nmm,4/<i>mmm</i>,202186,1,0,0,0,ESFD (SM),ESFD (SM),0,0,0,90,FeMoO4Cl,6.6849,6.6849,5.0887,90,90,90,0,0,0,5,0,https://materialsproject.org/materials/icsd/202186,cif/202186.cif,16
202187,Cl1 Fe1 Mo1 O4,129,P4/nmm,4/<i>mmm</i>,202186,1,0,0,0,ESFD (SM),ESFD (SM),0,0,0,90,FeMoO4Cl,6.6828,6.6828,5.1259,90,90,90,0,0,0,5,0,https://materialsproject.org/materials/icsd/202187,cif/202187.cif,16
202188,Cl1 Fe1 Mo1 O4,129,P4/nmm,4/<i>mmm</i>,202186,1,0,0,0,ESFD (SM),ESFD (SM),0,0,0,90,FeMoO4Cl,6.668,6.668,5.1914,90,90,90,0,0,0,5,0,https://materialsproject.org/materials/icsd/202188,cif/202188.cif,16
202242,O2 Ti1,141,I41/amd,4/<i>mmm</i>,154601,1,0,0,1,Trivial,Trivial,0,0,0,32,Anatase-TiO2,3.78479,3.78479,9.51237,90,90,90,0,0,0,2,0,https://materialsproject.org/materials/icsd/202242,cif/202242.cif,32
202243,O2 Ti1,141,I41/amd,4/<i>mmm</i>,154601,1,0,0,1,Trivial,Trivial,0,0,0,32,Anatase-TiO2,3.78216,3.78216,9.50226,90,90,90,0,0,0,2,0,https://materialsproject.org/materials/icsd/202243,cif/202243.cif,32
202346,Bi2 O7 Pt2,227,Fd-3m,<i>m</i>-3<i>m</i>,161104,1,1,0,1,Trivial,Trivial,0,0,0,144,Pyrochlore-NaCa(Nb2O6)F,10.371,10.371,10.371,90,90,90,2,2,0,3,0,https://materialsproject.org/materials/icsd/202346,cif/202346.cif,192
202358,H4 Mg3 O9 Si2,157,P31m,3<i>m</i>,17046,1,0,0,1,Trivial,Trivial,0,0,0,72,Mg3Si2O5(OH)4(hP18),5.325,5.325,7.259,90,90,120,0,0,0,3,0,https://materialsproject.org/materials/icsd/202358,cif/202358.cif,6
202359,H4 Mg3 O9 Si2,185,P63cm,6<i>mm</i>,202359,1,0,0,0,Trivial,Trivial,0,0,0,144,Mg3Si2O5(OH)4(hP36),5.318,5.318,14.541,90,90,120,0,0,0,5,0,https://materialsproject.org/materials/icsd/202359,cif/202359.cif,12
202387,Ba1 Cu1 O6 Se2,14,P21/c,2/<i>m</i>,202387,0,0,1,0,NLC (TI),ES (SM),0,0,0,276,,5.256,13.231,8.933,90,90.19,90,0,0,0,2,0,https://materialsproject.org/materials/icsd/202387,cif/202387.cif,4
202388,Ba1 Cu1 O6 Se2,15,C2/c,2/<i>m</i>,202388,1,0,0,1,ESFD (SM),ESFD (SM),0,1,0,138,BaCu(SeO3)2,8.031,5.185,15.823,90,90.83,90,0,0,0,8,0,https://materialsproject.org/materials/icsd/202388,cif/202388.cif,8
202389,Cu1 O6 Se2 Sr1,15,C2/c,2/<i>m</i>,202389,1,0,0,1,ESFD (SM),ESFD (SM),0,1,0,138,BaCu(SeO3)2,7.929,5.132,14.997,90,90.53,90,0,0,0,8,0,https://materialsproject.org/materials/icsd/202389,cif/202389.cif,8
202453,Al1 F4 Tl1,123,P4/mmm,4/<i>mmm</i>,200637,1,0,0,0,Trivial,Trivial,0,0,0,34,KAlF4,3.6587,3.6587,6.4378,90,90,90,0,0,1,3,0,https://materialsproject.org/materials/icsd/202453,cif/202453.cif,16
202454,Al1 F4 Tl1,123,P4/mmm,4/<i>mmm</i>,200637,1,0,0,0,Trivial,Trivial,0,0,0,34,KAlF4,3.6492,3.6492,6.4137,90,90,90,0,0,1,3,0,https://materialsproject.org/materials/icsd/202454,cif/202454.cif,16
202536,F6 Mn1 Rb2,225,Fm-3m,<i>m</i>-3<i>m</i>,202536,0,0,1,1,ESFD (SM),ESFD (SM),0,0,0,67,K2PtCl6,8.527,8.527,8.527,90,90,90,0,0,0,0,0,https://materialsproject.org/materials/icsd/202536,cif/202536.cif,192
202540,Li1 O2 V1,166,R-3m,-3<i>m</i>,202540,1,0,0,1,Trivial,ESFD (SM),0,0,0,18,Delafossite-NaCrS2,2.8373,2.8373,14.7734,90,90,120,0,0,0,0,0,https://materialsproject.org/materials/icsd/202540,cif/202540.cif,36
202541,Li1 O2 V1,166,R-3m,-3<i>m</i>,202540,1,0,0,1,Trivial,ESFD (SM),0,0,0,18,Delafossite-NaCrS2,2.9132,2.9132,14.6404,90,90,120,0,0,0,0,0,https://materialsproject.org/materials/icsd/202541,cif/202541.cif,36
202603,Be1 K1 O4 P1,33,Pna21,<i>mm</i>2,202603,0,0,1,1,Trivial,Trivial,0,1,0,160,KNiPO4,8.506,4.937,8.344,90,90,90,0,0,0,3,0,https://materialsproject.org/materials/icsd/202603,cif/202603.cif,4
202641,Cl3 Ga1 Li1,62,Pnma,<i>mmm</i>,202641,0,0,1,0,Trivial,Trivial,0,0,0,200,,15.137,9.73,6.132,90,90,90,0,0,0,0,0,https://materialsproject.org/materials/icsd/202641,cif/202641.cif,8
202681,Al1 F3,63,Cmcm,<i>mmm</i>,202681,1,0,0,1,Trivial,Trivial,0,0,0,144,AlH3,6.931,12.002,7.134,90,90,90,0,0,0,3,0,https://materialsproject.org/materials/icsd/202681,cif/202681.cif,16
202786,H12 F6 Mn1 O6 Ti1,148,R-3,-3,202786,0,0,1,1,ESFD (SM),ESFD (SM),0,0,0,101,Co(H2O)6SiF6,9.708,9.708,10.058,90,90,120,0,0,0,0,0,https://materialsproject.org/materials/icsd/202786,cif/202786.cif,18
202787,H12 F6 O6 Ti1 Zn1,148,R-3,-3,202787,0,0,1,1,Trivial,Trivial,0,0,0,106,Co(H2O)6SiF6,9.584,9.584,9.932,90,90,120,0,0,0,0,0,https://materialsproject.org/materials/icsd/202787,cif/202787.cif,18
202793,C1 O3 Sr1,62,Pnma,<i>mmm</i>,15195,0,0,1,1,Trivial,Trivial,0,0,0,128,Aragonite-CaCO3(oP20),5.1039,8.4022,6.021,90,90,90,0,0,0,0,0,https://materialsproject.org/materials/icsd/202793,cif/202793.cif,8
202835,Cr1 O2,136,P42/mnm,4/<i>mmm</i>,155831,1,0,0,1,Trivial,Trivial,0,0,0,36,Rutile-TiO2,4.419,4.419,2.9154,90,90,90,0,0,0,2,0,https://materialsproject.org/materials/icsd/202835,cif/202835.cif,16
202836,Cr1 O2,136,P42/mnm,4/<i>mmm</i>,155831,1,0,0,1,Trivial,Trivial,0,0,0,36,Rutile-TiO2,4.42193,4.42193,2.91659,90,90,90,0,0,0,2,0,https://materialsproject.org/materials/icsd/202836,cif/202836.cif,16
202837,Cr1 O2,136,P42/mnm,4/<i>mmm</i>,155831,1,0,0,1,Trivial,Trivial,0,0,0,36,Rutile-TiO2,4.41782,4.41782,2.91697,90,90,90,0,0,0,2,0,https://materialsproject.org/materials/icsd/202837,cif/202837.cif,16
202838,Cr1 O2,136,P42/mnm,4/<i>mmm</i>,155831,1,0,0,1,Trivial,Trivial,0,0,0,36,Rutile-TiO2,4.41632,4.41632,2.91736,90,90,90,0,0,0,2,0,https://materialsproject.org/materials/icsd/202838,cif/202838.cif,16
202907,Cs1 Mo2 O8 V1,164,P-3m1,-3<i>m</i>,202907,1,0,0,1,Trivial,ESFD (SM),0,1,0,74,KAl(MoO4)2,5.662,5.662,7.976,90,90,120,0,0,0,5,0,https://materialsproject.org/materials/icsd/202907,cif/202907.cif,12
