material_id,formula,space_group_number,space_group_symbol,topology_soc,high_quality,superconductor,nonzero_magnetisation,is_best_flatband,is_curated_flatband,is_atomic_flatband,n_icsd,icsd_ids,n_icsd_with_cif,materials_project
16,Cu1 N6 O12 Pb1 Tl2,202,Fm-3,ESFD (SM),1,0,0,0,1,0,1,16,1,https://materialsproject.org/materials/icsd/16
58,Li2 O4 S1,14,P21/c,Trivial,1,0,0,0,1,0,4,58 2512 23723 30276,4,https://materialsproject.org/materials/icsd/58
175,Ba1 Ni1 O3,194,P63/mmc,Trivial,0,0,0,0,1,0,2,175 30661,2,https://materialsproject.org/materials/icsd/175
179,K2 N6 Ni1 O12 Sr1,202,Fm-3,ESFD (SM),1,0,0,0,1,0,1,179,1,https://materialsproject.org/materials/icsd/179
266,Hg1 K6 S4,186,P63mc,Trivial,1,0,1,0,1,0,2,266 47218,2,https://materialsproject.org/materials/icsd/266
292,H1 Ca2 N1,227,Fd-3m,Trivial,0,0,0,1,1,0,1,292,1,https://materialsproject.org/materials/icsd/292
372,Cu1 N6 O12 Pb1 Rb2,69,Fmmm,ESFD (SM),1,0,0,0,1,0,1,372,1,https://materialsproject.org/materials/icsd/372
393,Mn1 O2,136,P42/mnm,ESFD (SM),1,0,0,1,1,0,10,393 20229 56006 73716 246888 643186 643187 643197 670198 670366,10,https://materialsproject.org/materials/icsd/393
406,Ca1 Co2 Ge2,139,I4/mmm,SEBR (TI),0,0,0,0,1,0,2,406 81751,2,https://materialsproject.org/materials/icsd/406
498,Cu1 O3 Se1,62,Pnma,ES (SM),1,0,0,0,1,0,3,498 51847 97747,3,https://materialsproject.org/materials/icsd/498
604,Cl6 K2 Sn1,225,Fm-3m,Trivial,1,0,0,1,1,0,5,604 1668 6058 23991 26111,5,https://materialsproject.org/materials/icsd/604
605,H8 Cl6 N2 Sn1,225,Fm-3m,Trivial,1,0,0,1,1,0,3,605 9021 163660,3,https://materialsproject.org/materials/icsd/605
645,As1 Na3 S3,198,P213,Trivial,1,0,1,0,1,0,2,645 1036,2,https://materialsproject.org/materials/icsd/645
830,C1 H4 N1 Na1 O2,14,P21/c,Trivial,0,0,0,0,1,0,3,830 2244 16765,3,https://materialsproject.org/materials/icsd/830
836,O3 W1,62,Pnma,Trivial,0,0,0,0,1,0,1,836,1,https://materialsproject.org/materials/icsd/836
859,Co2 O4 Si1,227,Fd-3m,SEBR (TI),1,0,0,0,1,0,1,859,1,https://materialsproject.org/materials/icsd/859
869,Cl1 Zr1,166,R-3m,SEBR (TI),1,0,0,0,1,0,2,869 20145,2,https://materialsproject.org/materials/icsd/869
922,Ba1 Co1 O3,194,P63/mmc,ESFD (SM),0,0,0,0,1,0,3,922 26586 173504,3,https://materialsproject.org/materials/icsd/922
924,Na2 O8 Si3 Zn1,4,P21,Trivial,1,0,1,0,1,0,3,924 20114 200440,3,https://materialsproject.org/materials/icsd/924
963,Ca2 O4 Si1,14,P21/c,Trivial,1,0,0,0,1,0,20,963 16616 24640 79550 79551 79552 79553 79554 79555 81096 196150 245074 245075 245076 245077 245078 245079 245080 280995 421708,20,https://materialsproject.org/materials/icsd/963
980,Na1 O3 Ta1,62,Pnma,Trivial,0,0,0,0,1,0,7,980 23319 88375 150430 173757 239690 241443,7,https://materialsproject.org/materials/icsd/980
987,As2 O5,19,P212121,Trivial,1,0,0,0,1,0,2,987 654040,2,https://materialsproject.org/materials/icsd/987
1055,Cl2 Cu2 O1,70,Fddd,SEBR (TI),0,0,0,0,1,0,2,1055 96610,2,https://materialsproject.org/materials/icsd/1055
1076,Cu1 La2 O4,64,Cmce,ESFD (SM),0,0,0,0,1,0,38,1076 41499 50265 67837 69311 69312 72237 73906 73907 73908 73909 73910 74145 74150 75891 78194 78237 78287 78288 78289 78290 78291 78292 78293 78294 78295 78296 78297 78298 78299 78300 87969 89173 173891 173893 173895 186588 261661,38,https://materialsproject.org/materials/icsd/1076
1120,K2 O7 Zn6,102,P42nm,Trivial,0,0,0,0,1,0,2,1120 2496,2,https://materialsproject.org/materials/icsd/1120
1129,Ba1 Br1 F1,129,P4/nmm,Trivial,0,0,0,0,1,0,4,1129 2294 35393 155005,4,https://materialsproject.org/materials/icsd/1129
1144,N3 Na1,166,R-3m,Trivial,0,0,0,0,1,0,3,1144 34267 34674,3,https://materialsproject.org/materials/icsd/1144
1177,Ba3 Ni1 O9 Sb2,186,P63mc,Trivial,1,0,0,0,1,0,1,1177,1,https://materialsproject.org/materials/icsd/1177
1274,Cu1 K2 N6 O12 Pb1,69,Fmmm,ESFD (SM),1,0,0,0,1,0,1,1274,1,https://materialsproject.org/materials/icsd/1274
1322,Be4 O7 Te1,216,F-43m,Trivial,1,0,0,0,1,0,1,1322,1,https://materialsproject.org/materials/icsd/1322
1372,H1 Cr1 O2,160,R3m,ESFD (SM),1,0,1,0,1,0,3,1372 64754 88574,3,https://materialsproject.org/materials/icsd/1372
1413,O3 Pb1 Rb2,36,Cmc21,Trivial,0,0,1,0,1,0,1,1413,1,https://materialsproject.org/materials/icsd/1413
1439,H4 F1 Li1 N1 O3 P1,14,P21/c,Trivial,0,0,0,0,1,0,1,1439,1,https://materialsproject.org/materials/icsd/1439
1449,Ba3 O5 Si1,140,I4/mcm,Trivial,1,0,0,0,1,0,1,1449,1,https://materialsproject.org/materials/icsd/1449
1457,O7 Sc2 Si2,227,Fd-3m,Trivial,1,0,0,0,1,0,1,1457,1,https://materialsproject.org/materials/icsd/1457
1487,H4 N1 O3 V1,57,Pbcm,Trivial,0,0,0,0,1,0,1,1487,1,https://materialsproject.org/materials/icsd/1487
1504,O2 V1,136,P42/mnm,ESFD (SM),1,0,0,0,1,0,13,1504 4110 10141 24926 27482 34418 34420 34421 56003 66665 237337 647613 647637,13,https://materialsproject.org/materials/icsd/1504
1522,O3 Sr1 Zr1,140,I4/mcm,Trivial,1,0,0,1,1,0,13,1522 89356 89357 89358 89359 89360 89361 89362 89363 89364 188451 290620 674924,13,https://materialsproject.org/materials/icsd/1522
1610,O3 Pb1 Ti1,99,P4mm,Trivial,0,0,1,0,1,0,30,1610 1611 1612 16621 31152 51838 51839 51840 51841 55054 55055 55056 55057 55058 55059 55060 55061 60188 61168 61169 90693 93553 161709 162044 162045 162046 162048 165498 186727 236933,30,https://materialsproject.org/materials/icsd/1610
1626,Na1 O6 S2 Tl3,164,P-3m1,Trivial,1,0,0,0,1,0,1,1626,1,https://materialsproject.org/materials/icsd/1626
1830,Ba1 Cu1 K2 N6 O12,69,Fmmm,ESFD (SM),1,0,0,0,1,0,1,1830,1,https://materialsproject.org/materials/icsd/1830
1879,F6 Mo1,229,Im-3m,Trivial,1,0,0,0,1,0,1,1879,1,https://materialsproject.org/materials/icsd/1879
1982,Br4 K2 Pd1,123,P4/mmm,Trivial,1,0,0,0,1,0,1,1982,1,https://materialsproject.org/materials/icsd/1982
2064,Cl3 Cs1 Cu1,186,P63mc,ESFD (SM),1,0,1,0,1,0,1,2064,1,https://materialsproject.org/materials/icsd/2064
2065,Ca5 Sb3,62,Pnma,ES (SM),0,0,0,0,1,0,2,2065 619564,2,https://materialsproject.org/materials/icsd/2065
2114,As2 O3,227,Fd-3m,Trivial,0,0,0,0,1,0,5,2114 16850 24227 183098 409611,5,https://materialsproject.org/materials/icsd/2114
2136,Ni2 O4 Si1,227,Fd-3m,Trivial,1,0,0,0,1,0,16,2136 40992 40993 40994 40995 100544 100545 100546 100547 100548 100549 100550 100551 200129 200130 200131,16,https://materialsproject.org/materials/icsd/2136
2140,Bi3 Ca5,62,Pnma,ES (SM),0,0,0,0,1,0,2,2140 616533,2,https://materialsproject.org/materials/icsd/2140
2232,Cu1 I2 O6,11,P21/m,ESFD (SM),1,0,1,0,1,0,1,2232,1,https://materialsproject.org/materials/icsd/2232
2279,Ba3 Cu1 O9 Sb2,186,P63mc,ESFD (SM),1,0,1,1,1,0,1,2279,1,https://materialsproject.org/materials/icsd/2279
2292,O5 Sb2 V1,15,C2/c,ESFD (SM),1,0,0,0,1,0,2,2292 27800,2,https://materialsproject.org/materials/icsd/2292
2523,O5 Te2,4,P21,Trivial,0,0,1,0,1,0,2,2523 191342,2,https://materialsproject.org/materials/icsd/2523
2556,Ca1 O9 V4,85,P4/n,SEBR (TI),1,0,0,0,1,0,2,2556 90927,2,https://materialsproject.org/materials/icsd/2556
2582,Cl6 K2 Pt1,225,Fm-3m,Trivial,1,0,0,0,1,0,27,2582 2583 31114 36304 48137 52033 52034 52035 52036 52037 52038 52039 68765 68766 82375 82376 280458 280459 280460 280461 280462 280463 280464 280465 280466 280467 280468,27,https://materialsproject.org/materials/icsd/2582
2590,Br3 Cr1 Cs1,186,P63mc,ES (SM),1,0,1,0,1,0,1,2590,1,https://materialsproject.org/materials/icsd/2590
2716,Br8 N4 P4,86,P42/n,Trivial,0,0,0,0,1,0,1,2716,1,https://materialsproject.org/materials/icsd/2716
2722,Cl4 K2 Pt1,123,P4/mmm,Trivial,1,0,0,0,1,0,7,2722 23998 37014 37015 60110 68767 68768,7,https://materialsproject.org/materials/icsd/2722
2723,Cl4 K2 Pd1,123,P4/mmm,Trivial,1,0,0,0,1,0,10,2723 23997 27522 39852 65034 65035 65036 68769 73505 73506,10,https://materialsproject.org/materials/icsd/2723
2738,Bi1 Cl6 Cs2 Na1,225,Fm-3m,Trivial,1,0,0,0,1,0,2,2738 59195,2,https://materialsproject.org/materials/icsd/2738
2748,O4 S1 Sn1,62,Pnma,Trivial,0,0,0,0,1,0,3,2748 25838 245904,3,https://materialsproject.org/materials/icsd/2748
2782,Br3 Cs1 Mn1,194,P63/mmc,ESFD (SM),0,0,0,0,1,0,2,2782 9703,2,https://materialsproject.org/materials/icsd/2782
4031,Cl4 Tl2,88,I41/a,Trivial,1,0,0,0,1,0,1,4031,1,https://materialsproject.org/materials/icsd/4031
4086,Cl1 Cr1 O1,59,Pmmn,ESFD (SM),1,0,0,0,1,0,2,4086 28318,2,https://materialsproject.org/materials/icsd/4086
4106,O4 Pb3,135,P42/mbc,Trivial,0,0,0,0,1,0,5,4106 22325 36253 42484 647270,5,https://materialsproject.org/materials/icsd/4106
4169,Ba2 Mn1 O6 Re1,225,Fm-3m,Trivial,0,0,0,1,1,0,2,4169 109256,2,https://materialsproject.org/materials/icsd/4169
4199,Co1 K1 O2,122,I-42d,ES (SM),0,0,1,0,1,0,1,4199,1,https://materialsproject.org/materials/icsd/4199
4226,B1 F3 Mg3 O3,176,P63/m,Trivial,1,0,0,1,1,0,1,4226,1,https://materialsproject.org/materials/icsd/4226
4287,As2 Cu1 O4,135,P42/mbc,ESFD (SM),1,0,0,1,1,0,2,4287 16829,2,https://materialsproject.org/materials/icsd/4287
4327,Cu1 I2 O6,4,P21,ES (SM),1,0,1,0,1,0,1,4327,1,https://materialsproject.org/materials/icsd/4327
4335,Al1 O4 Rb1 Si1,33,Pna21,Trivial,0,0,1,0,1,0,2,4335 160823,2,https://materialsproject.org/materials/icsd/4335
4432,Na2 O3 S1,147,P-3,Trivial,0,0,0,0,1,0,2,4432 31816,2,https://materialsproject.org/materials/icsd/4432
4451,Ba2 O8 Si2 Ti1,100,P4bm,Trivial,0,0,1,0,1,0,9,4451 15715 34453 66628 66629 155316 201844 201845 672977,9,https://materialsproject.org/materials/icsd/4451
4459,Fe1 O4 Sb2,135,P42/mbc,Trivial,1,0,0,0,1,0,11,4459 61466 61467 61468 61469 61470 61471 61472 61473 155151 182798,11,https://materialsproject.org/materials/icsd/4459
5007,Al1 F6 Li1 Mg1,150,P321,Trivial,0,0,1,0,1,0,1,5007,1,https://materialsproject.org/materials/icsd/5007
5036,Bi1 I1 O1,129,P4/nmm,Trivial,0,0,0,0,1,0,5,5036 24610 29145 185972 391354,5,https://materialsproject.org/materials/icsd/5036
5037,Cl1 F1 Pb1,129,P4/nmm,Trivial,0,0,0,0,1,0,6,5037 30287 31132 39165 82884 155010,6,https://materialsproject.org/materials/icsd/5037
5038,Br1 F1 Pb1,129,P4/nmm,Trivial,0,0,0,0,1,0,3,5038 30288 155011,3,https://materialsproject.org/materials/icsd/5038
5257,Fe1 Si2,123,P4/mmm,SEBR (TI),1,0,0,0,1,0,5,5257 24360 633533 633544 633550,5,https://materialsproject.org/materials/icsd/5257
5258,Fe1 Si2,123,P4/mmm,NLC (TI),0,0,0,0,1,0,1,5258,1,https://materialsproject.org/materials/icsd/5258
5270,F2 Pb1,225,Fm-3m,Trivial,0,0,0,0,1,0,17,5270 5271 20597 24523 53984 60013 60014 60372 76420 180950 180951 180952 180953 181557 201113 201114 201115,17,https://materialsproject.org/materials/icsd/5270
5418,Cr1 P1,62,Pnma,ES (SM),0,0,0,0,1,0,12,5418 42079 42080 42081 42082 43247 53200 53201 76028 626498 626502 626514,12,https://materialsproject.org/materials/icsd/5418
5431,B2 Fe1 Mo2,127,P4/mbm,ES (SM),0,0,0,0,1,0,2,5431 44292,2,https://materialsproject.org/materials/icsd/5431
5435,Co3 S2 Sn2,166,R-3m,ESFD (SM),0,0,0,1,1,0,11,5435 173760 173761 173762 173763 173764 195422 196310 426752 426753 624867,11,https://materialsproject.org/materials/icsd/5435
5436,Co3 In2 S2,166,R-3m,ESFD (SM),0,0,0,0,1,0,3,5436 195432 423459,3,https://materialsproject.org/materials/icsd/5436
5437,Co3 In1 S2 Sn1,166,R-3m,Trivial,0,0,0,1,1,0,2,5437 425136,2,https://materialsproject.org/materials/icsd/5437
5439,In2 Rh3 S2,166,R-3m,ESFD (SM),0,0,0,0,1,0,3,5439 420726 640339,3,https://materialsproject.org/materials/icsd/5439
5440,In1 Pb1 Rh3 S2,166,R-3m,ES (SM),0,0,0,1,1,0,2,5440 640213,2,https://materialsproject.org/materials/icsd/5440
5441,Pb2 Rh3 Se2,166,R-3m,ESFD (SM),0,0,0,0,1,0,2,5441 648427,2,https://materialsproject.org/materials/icsd/5441
6027,Al1 F6 K2 Na1,225,Fm-3m,Trivial,1,0,0,1,1,0,3,6027 22109 40886,3,https://materialsproject.org/materials/icsd/6027
6063,Br4 K2 Pt1,123,P4/mmm,Trivial,1,0,0,0,1,0,1,6063,1,https://materialsproject.org/materials/icsd/6063
6070,As2 Cs2 F8 O2,14,P21/c,Trivial,1,0,0,0,1,0,1,6070,1,https://materialsproject.org/materials/icsd/6070
6109,O6 Pb1 V2,62,Pnma,Trivial,0,0,0,0,1,0,1,6109,1,https://materialsproject.org/materials/icsd/6109
6178,C1 O3 Pb1,62,Pnma,Trivial,1,0,0,0,1,0,10,6178 36164 36554 56101 166089 190074 247490 247491 247492 247493,10,https://materialsproject.org/materials/icsd/6178
6183,Ca1 Cu1 K2 N6 O12,69,Fmmm,ESFD (SM),1,0,0,0,1,0,1,6183,1,https://materialsproject.org/materials/icsd/6183
6254,B2 Ca1 O8 Si2,62,Pnma,Trivial,0,0,0,0,1,0,10,6254 20590 26491 29545 29546 29547 29548 29549 29550 30296,10,https://materialsproject.org/materials/icsd/6254
6311,Mg2 O4 Si1,74,Imma,Trivial,1,0,0,0,1,0,19,6311 23597 27530 63178 66490 83784 83785 83786 83787 100725 159955 171064 171065 171066 290205 290206 290207 290208 670570,19,https://materialsproject.org/materials/icsd/6311
8044,H8 Cl6 N2 Re1,225,Fm-3m,ESFD (SM),1,0,0,0,1,0,1,8044,1,https://materialsproject.org/materials/icsd/8044
8054,Cl10 K4 O1 Ru2,139,I4/mmm,Trivial,1,0,0,0,1,0,1,8054,1,https://materialsproject.org/materials/icsd/8054
8061,H8 Ca1 Cl2 O4,2,P-1,Trivial,0,0,0,0,1,0,1,8061,1,https://materialsproject.org/materials/icsd/8061
8105,Cr1 Cs1 I3,186,P63mc,ES (SM),1,0,1,0,1,0,1,8105,1,https://materialsproject.org/materials/icsd/8105
8150,O3 Ti1 Y1,62,Pnma,ES (SM),1,1,0,0,1,0,5,8150 84608 84609 84610 174118,5,https://materialsproject.org/materials/icsd/8150
8179,Nb2 Se9,2,P-1,Trivial,0,0,0,0,1,0,3,8179 62538 645386,3,https://materialsproject.org/materials/icsd/8179
8193,Ba1 S3 V1,194,P63/mmc,ESFD (SM),0,1,0,1,1,0,8,8193 8194 15537 23194 62711 154181 616097 616098,8,https://materialsproject.org/materials/icsd/8193
8200,K2 O6 S3,62,Pnma,Trivial,0,0,0,0,1,0,1,8200,1,https://materialsproject.org/materials/icsd/8200
8212,O4 Tl2 W1,164,P-3m1,Trivial,1,0,0,0,1,0,1,8212,1,https://materialsproject.org/materials/icsd/8212
8284,Cs2 Cu1 N6 O12 Pb1,69,Fmmm,ESFD (SM),1,0,0,0,1,0,4,8284 8285 56252 56253,4,https://materialsproject.org/materials/icsd/8284
9008,F3 Na1 Ni1,62,Pnma,Trivial,0,0,0,1,1,0,7,9008 25533 72319 192140 192142 192144 200062,7,https://materialsproject.org/materials/icsd/9008
9022,Cl6 Rb2 Sn1,225,Fm-3m,Trivial,1,0,0,1,1,0,5,9022 26698 29026 65059 65060,5,https://materialsproject.org/materials/icsd/9022
9023,Cl6 Cs2 Sn1,225,Fm-3m,Trivial,1,0,0,1,1,0,3,9023 26699 29030,3,https://materialsproject.org/materials/icsd/9023
9122,F3 K2 O2 V1,62,Pnma,Trivial,0,0,0,0,1,0,2,9122 60621,2,https://materialsproject.org/materials/icsd/9122
9136,Cl4 Mn1 Na2,55,Pbam,ESFD (SM),1,0,0,0,1,0,1,9136,1,https://materialsproject.org/materials/icsd/9136
9167,Co1 F2,136,P42/mnm,ESFD (SM),1,0,0,0,1,0,9,9167 14144 26604 53987 73460 98785 98786 280604 674847,9,https://materialsproject.org/materials/icsd/9167
9169,F2 Zn1,136,P42/mnm,Trivial,1,0,0,0,1,0,7,9169 14146 26606 53981 76270 184219 280605,7,https://materialsproject.org/materials/icsd/9169
9315,Cl6 Rb2 Te1,225,Fm-3m,Trivial,0,0,0,0,1,0,3,9315 26703 29027,3,https://materialsproject.org/materials/icsd/9315
9347,Cl6 Mn1 Rb2,225,Fm-3m,ESFD (SM),1,0,0,1,1,0,1,9347,1,https://materialsproject.org/materials/icsd/9347
9423,Cr1 O2,136,P42/mnm,Trivial,1,0,0,0,1,0,29,9423 28711 35327 43461 43739 155831 166021 166022 166023 166024 166025 166026 166027 166028 166485 167237 185885 186836 202835 202836 202837 202838 246898 246899 246900 246901 246902 626487 670197,29,https://materialsproject.org/materials/icsd/9423
9468,Cl4 Cs2 Cu1,62,Pnma,ES (SM),1,0,0,0,1,0,6,9468 15699 91186 91187 91188 169176,6,https://materialsproject.org/materials/icsd/9468
9496,As1 Mn1,62,Pnma,NLC (TI),0,0,1,0,1,0,5,9496 16543 41759 250011 610846,5,https://materialsproject.org/materials/icsd/9496
9532,K1 Nb1 O3,99,P4mm,Trivial,0,0,0,0,1,0,3,9532 9535 190921,3,https://materialsproject.org/materials/icsd/9532
9533,K1 Nb1 O3,38,Amm2,Trivial,0,0,0,0,1,0,3,9533 14363 190922,3,https://materialsproject.org/materials/icsd/9533
9679,Cl6 K2 Mn1,225,Fm-3m,ESFD (SM),0,0,0,0,1,0,1,9679,1,https://materialsproject.org/materials/icsd/9679
9704,Br3 Mn1 Rb1,194,P63/mmc,ESFD (SM),0,0,0,0,1,0,2,9704 14077,2,https://materialsproject.org/materials/icsd/9704
9710,Cs1 F3 Mo1 O2,74,Imma,Trivial,1,0,0,0,1,0,1,9710,1,https://materialsproject.org/materials/icsd/9710
9752,La1 N1 O2 Si1,188,P-6c2,ES (SM),0,0,0,1,1,0,1,9752,1,https://materialsproject.org/materials/icsd/9752
9783,H1 Mo1 Na1 O5 Zn1,62,Pnma,Trivial,0,0,0,0,1,0,1,9783,1,https://materialsproject.org/materials/icsd/9783
9852,O2 Ti1,141,I41/amd,Trivial,1,0,0,0,1,0,44,9852 9853 9854 9855 24276 31064 44882 63711 76173 92363 93098 94566 96946 154601 154602 154603 154604 154607 154608 154609 154610 156838 159910 161908 172914 172916 183767 184368 189318 190785 193265 193267 193269 193271 200392 202242 202243 237000 242104 242105 242106 671957 673140 674666,44,https://materialsproject.org/materials/icsd/9852
9865,Co1 O1,225,Fm-3m,ESFD (SM),1,0,0,0,1,0,24,9865 28505 28506 29049 29081 29226 53057 53058 53929 61326 76638 191776 245319 245320 245321 245322 245323 245324 624575 624580 671734 673072 674028 675002,24,https://materialsproject.org/materials/icsd/9865
9866,Ni1 O1,225,Fm-3m,ESFD (SM),1,0,0,0,1,0,24,9866 24014 24018 28834 28910 53930 53931 61318 61324 61544 76669 182948 184626 184918 241420 646096 646098 646099 671425 671943 674029 674434 674638 675004,24,https://materialsproject.org/materials/icsd/9866
9891,F10 Na4 Sn3,15,C2/c,Trivial,0,0,0,0,1,0,1,9891,1,https://materialsproject.org/materials/icsd/9891
9895,H5 B1 F4 N2,15,C2/c,Trivial,0,0,0,0,1,0,2,9895 245055,2,https://materialsproject.org/materials/icsd/9895
9907,Au1 F4 Rb1,140,I4/mcm,Trivial,0,0,0,0,1,0,2,9907 33952,2,https://materialsproject.org/materials/icsd/9907
9925,F7 K3 Zn2,139,I4/mmm,Trivial,0,0,0,0,1,0,2,9925 100299,2,https://materialsproject.org/materials/icsd/9925
9986,Al4 Co1 La1,51,Pmma,NLC (TI),1,0,0,0,1,0,1,9986,1,https://materialsproject.org/materials/icsd/9986
10004,Cu4 Na3 S4,55,Pbam,ESFD (SM),1,0,0,0,1,0,1,10004,1,https://materialsproject.org/materials/icsd/10004
10042,Cs1 I3 Mn1,194,P63/mmc,ESFD (SM),0,0,0,0,1,0,5,10042 15949 15950 15951 15952,5,https://materialsproject.org/materials/icsd/10042
10051,In2 Li3,166,R-3m,ESFD (SM),1,0,0,0,1,0,2,10051 659829,2,https://materialsproject.org/materials/icsd/10051
10104,La3 O10 Os2,12,C2/m,ESFD (SM),1,0,0,0,1,0,1,10104,1,https://materialsproject.org/materials/icsd/10104
10137,Cl5 Co1 Tl3,140,I4/mcm,ESFD (SM),0,0,0,0,1,0,1,10137,1,https://materialsproject.org/materials/icsd/10137
10142,O3 Sb1 Tl1,182,P6322,Trivial,0,0,1,1,1,0,1,10142,1,https://materialsproject.org/materials/icsd/10142
10185,Br4 Cs2 Cu1,62,Pnma,ES (SM),1,0,0,0,1,0,3,10185 26024 169179,3,https://materialsproject.org/materials/icsd/10185
10206,Cl3 Cr1 Cs1,186,P63mc,ES (SM),1,0,1,0,1,0,1,10206,1,https://materialsproject.org/materials/icsd/10206
10326,Br1 F4 K1,140,I4/mcm,Trivial,0,0,0,0,1,0,3,10326 16633 16700,3,https://materialsproject.org/materials/icsd/10326
10331,Ba1 Mn1 O3,194,P63/mmc,ESFD (SM),0,0,0,0,1,0,2,10331 10332,2,https://materialsproject.org/materials/icsd/10331
10383,Ge3 O9 Ta1 Tl1,188,P-6c2,Trivial,0,0,1,0,1,0,1,10383,1,https://materialsproject.org/materials/icsd/10383
10416,F2 O1 Pb2,137,P42/nmc,Trivial,1,0,0,0,1,0,1,10416,1,https://materialsproject.org/materials/icsd/10416
10462,Ca1 Co2 P2,139,I4/mmm,SEBR (TI),1,1,0,0,1,0,5,10462 85890 85891 85892 619210,5,https://materialsproject.org/materials/icsd/10462
10474,Cl3 Cs1 Sc1,194,P63/mmc,ESFD (SM),0,0,0,0,1,0,1,10474,1,https://materialsproject.org/materials/icsd/10474
10486,Ba1 Se3 V1,194,P63/mmc,ESFD (SM),0,0,0,1,1,0,1,10486,1,https://materialsproject.org/materials/icsd/10486
10509,Al11 Mn4,2,P-1,ESFD (SM),0,0,1,0,1,0,2,10509 57975,2,https://materialsproject.org/materials/icsd/10509
12134,H2 B1 Na1 O7 Si2,4,P21,Trivial,1,0,0,0,1,0,1,12134,1,https://materialsproject.org/materials/icsd/12134
14005,Ca1 Ge2 O5,2,P-1,Trivial,0,0,0,0,1,0,12,14005 151568 151569 151570 151571 151572 151573 151574 151575 151576 151577 151586,12,https://materialsproject.org/materials/icsd/14005
14104,Cs1 F4 Mn1,129,P4/nmm,Trivial,0,0,0,0,1,0,1,14104,1,https://materialsproject.org/materials/icsd/14104
14119,Cs1 F7 Sb2,15,C2/c,Trivial,0,0,0,0,1,0,2,14119 24741,2,https://materialsproject.org/materials/icsd/14119
14158,K3 O4 Pt2,63,Cmcm,ESFD (SM),0,0,0,0,1,0,1,14158,1,https://materialsproject.org/materials/icsd/14158
14218,Cl4 Ga2,52,Pnna,Trivial,1,0,0,0,1,0,3,14218 62664 66548,3,https://materialsproject.org/materials/icsd/14218
14246,O5 Pb2 S1,12,C2/m,Trivial,1,0,0,0,1,0,4,14246 29268 30627 35757,4,https://materialsproject.org/materials/icsd/14246
14266,Bi2 Mo1 O6,29,Pca21,Trivial,0,0,1,0,1,0,3,14266 47139 201685,3,https://materialsproject.org/materials/icsd/14266
14321,Mo3 O8 Zn2,186,P63mc,Trivial,1,0,1,0,1,0,5,14321 36174 248083 260410 280130,5,https://materialsproject.org/materials/icsd/14321
14324,F2 Pb1,62,Pnma,Trivial,0,0,0,0,1,0,13,14324 36275 154994 154995 154996 154997 154998 161080 161391 161392 161393 161394 673364,13,https://materialsproject.org/materials/icsd/14324
14332,O3 W1,14,P21/c,Trivial,0,0,0,0,1,0,13,14332 16080 17003 31823 50727 80056 80057 84848 190630 190631 190632 647640 673316,13,https://materialsproject.org/materials/icsd/14332
15010,Cl3 Ni1 Rb1,194,P63/mmc,ES (SM),0,0,0,0,1,0,1,15010,1,https://materialsproject.org/materials/icsd/15010
15011,Br3 Ni1 Rb1,194,P63/mmc,ES (SM),0,0,0,0,1,0,1,15011,1,https://materialsproject.org/materials/icsd/15011
15017,H4 Ge4 Na4 O16 Sn2,2,P-1,Trivial,0,0,1,0,1,0,1,15017,1,https://materialsproject.org/materials/icsd/15017
15057,Fe1 P1,33,Pna21,ES (SM),1,0,1,0,1,0,1,15057,1,https://materialsproject.org/materials/icsd/15057
15071,O2 Ru1,136,P42/mnm,Trivial,1,0,0,0,1,0,17,15071 23961 51159 56007 84575 84618 108861 172178 236962 236963 290496 647373 647376 647377 670201 670735 671872,17,https://materialsproject.org/materials/icsd/15071
15082,H1 In1 O2,31,Pmn21,Trivial,1,0,1,0,1,0,2,15082 166253,2,https://materialsproject.org/materials/icsd/15082
15090,F3 Ni1 Rb1,194,P63/mmc,ES (SM),0,0,0,0,1,0,3,15090 22127 91834,3,https://materialsproject.org/materials/icsd/15090
15108,F6 Ni1 Pb1,148,R-3,Trivial,0,0,1,0,1,0,1,15108,1,https://materialsproject.org/materials/icsd/15108
15145,Cl4 Cu1 Rb2,64,Cmce,ESFD (SM),1,0,0,0,1,0,2,15145 55013,2,https://materialsproject.org/materials/icsd/15145
15147,Br2 Cl2 Cu1 Rb2,64,Cmce,ESFD (SM),1,0,0,0,1,0,1,15147,1,https://materialsproject.org/materials/icsd/15147
15165,La2 O7 Zr2,227,Fd-3m,Trivial,0,0,0,0,1,0,13,15165 51573 150206 153222 153814 154752 159321 248878 253061 253063 671158 671161 672848,13,https://materialsproject.org/materials/icsd/15165
15169,F3 Hg1 Rb1,221,Pm-3m,Trivial,0,0,0,0,1,0,1,15169,1,https://materialsproject.org/materials/icsd/15169
15203,F2 Mg3 O4 Si1,62,Pnma,Trivial,0,0,0,0,1,0,2,15203 252073,2,https://materialsproject.org/materials/icsd/15203
15225,H3 Al1,167,R-3c,Trivial,0,0,0,0,1,0,4,15225 165294 168162 182533,4,https://materialsproject.org/materials/icsd/15225
15246,Co1 F3 K1,221,Pm-3m,ESFD (SM),1,0,0,0,1,0,4,15246 15425 44785 189368,4,https://materialsproject.org/materials/icsd/15246
15289,Ba1 Ni1 S2,129,P4/nmm,SEBR (TI),0,0,0,0,1,0,2,15289 246945,2,https://materialsproject.org/materials/icsd/15289
15336,Al6 Cl2 Na8 O24 Si6,218,P-43n,Trivial,0,0,1,0,1,0,32,15336 29443 30263 40129 41188 41189 41190 68426 71432 83323 83324 83325 83326 98807 98808 98809 98810 98811 98812 98813 98814 98815 98816 98817 98818 98819 98820 162491 166827 402574 417689 673830,32,https://materialsproject.org/materials/icsd/15336
15372,Cu1 F4 K2,139,I4/mmm,ESFD (SM),1,0,0,0,1,0,2,15372 31688,2,https://materialsproject.org/materials/icsd/15372
15373,Cu2 F7 K3,139,I4/mmm,Trivial,1,0,0,0,1,0,1,15373,1,https://materialsproject.org/materials/icsd/15373
15423,F3 K1 Mn1,221,Pm-3m,ESFD (SM),0,0,0,1,1,0,10,15423 37254 43721 44783 75409 75410 75411 189367 201254 201255,10,https://materialsproject.org/materials/icsd/15423
15424,F3 Fe1 K1,221,Pm-3m,Trivial,0,0,0,1,1,0,4,15424 37262 44784 107514,4,https://materialsproject.org/materials/icsd/15424
15453,Ba1 O3 Ti1,99,P4mm,Trivial,0,0,0,0,1,0,49,15453 23758 23759 30617 31153 34637 67520 73642 73643 73644 73645 73646 95436 99737 100799 100800 100801 100802 100803 100804 130020 154343 154345 157806 161340 161418 168763 183932 185407 186457 186458 186459 188644 189381 190835 192889 237105 237107 237108 245944 245945 245946 248395 252558 253030 253245 290023 671606 673334,49,https://materialsproject.org/materials/icsd/15453
15586,Ca1 O4 W1,88,I41/a,Trivial,1,0,0,0,1,0,16,15586 15869 18135 60547 60548 60549 60550 60551 77335 155423 155791 157428 193047 193491 291535 671942,16,https://materialsproject.org/materials/icsd/15586
15590,Cl3 Cu1 K1,14,P21/c,Trivial,1,0,1,0,1,0,3,15590 109325 252663,3,https://materialsproject.org/materials/icsd/15590
15674,Ba1 Ge4 O9,143,P3,Trivial,0,0,0,0,1,0,1,15674,1,https://materialsproject.org/materials/icsd/15674
15770,Co1 K1 O2,129,P4/nmm,SEBR (TI),0,0,0,0,1,0,1,15770,1,https://materialsproject.org/materials/icsd/15770
15775,F6 K1 Mo1 Tl2,225,Fm-3m,ESFD (SM),0,0,0,1,1,0,1,15775,1,https://materialsproject.org/materials/icsd/15775
15776,F6 Mo1 Na1 Tl2,225,Fm-3m,ESFD (SM),0,0,0,1,1,0,1,15776,1,https://materialsproject.org/materials/icsd/15776
15800,B6 O13 Zn4,217,I-43m,Trivial,0,0,1,0,1,0,6,15800 16826 27357 34085 100290 261810,6,https://materialsproject.org/materials/icsd/15800
15805,Mg1 O3 Si1,14,P21/c,Trivial,0,0,0,0,1,0,13,15805 24270 30893 30895 34163 92750 159550 159551 159552 159553 180445 196432 201535,13,https://materialsproject.org/materials/icsd/15805
15836,Cu1 Li1 O4 V1,74,Imma,ESFD (SM),1,0,0,0,1,0,10,15836 26992 65677 72846 261517 290738 290739 291437 291440 291441,10,https://materialsproject.org/materials/icsd/15836
15855,Fe1 Nb2 O6,60,Pbcn,Trivial,0,0,1,0,1,0,3,15855 31943 151720,3,https://materialsproject.org/materials/icsd/15855
15865,Bi2 Cu1 O4,130,P4/ncc,ESFD (SM),1,1,0,0,1,0,13,15865 56390 67018 68812 68813 68814 68815 69307 69308 69746 69747 71313 202994,13,https://materialsproject.org/materials/icsd/15865
15889,O2 V1,14,P21/c,Trivial,0,0,0,0,1,0,6,15889 34033 74705 602360 647604 647610,6,https://materialsproject.org/materials/icsd/15889
15932,Cl3 Cs1 V1,194,P63/mmc,ESFD (SM),0,0,0,0,1,0,3,15932 201828 201832,3,https://materialsproject.org/materials/icsd/15932
15934,Ba3 Nb6 O26 Si4,189,P-62m,Trivial,0,0,0,0,1,0,2,15934 16029,2,https://materialsproject.org/materials/icsd/15934
15935,Ba3 O26 Si4 Ta6,189,P-62m,Trivial,0,0,0,0,1,0,2,15935 18317,2,https://materialsproject.org/materials/icsd/15935
15936,O26 Si4 Sr3 Ta6,189,P-62m,Trivial,0,0,0,0,1,0,1,15936,1,https://materialsproject.org/materials/icsd/15936
15970,Al22 Na2 O34,194,P63/mmc,Trivial,0,0,0,0,1,0,3,15970 16933 60635,3,https://materialsproject.org/materials/icsd/15970
15984,O5 V2,31,Pmn21,Trivial,0,0,0,0,1,0,5,15984 29140 41030 82151 157988,5,https://materialsproject.org/materials/icsd/15984
16005,B3 K3 O6,167,R-3c,Trivial,0,0,0,0,1,0,1,16005,1,https://materialsproject.org/materials/icsd/16005
16013,Cl1 Fe1 O1,59,Pmmn,ESFD (SM),1,0,0,0,1,0,4,16013 27136 40963 167393,4,https://materialsproject.org/materials/icsd/16013
16083,Ba1 S3 Ta1,194,P63/mmc,ESFD (SM),0,0,0,0,1,0,3,16083 616077 659541,3,https://materialsproject.org/materials/icsd/16083
16107,As4 S5,11,P21/m,Trivial,1,0,0,0,1,0,2,16107 98901,2,https://materialsproject.org/materials/icsd/16107
16171,B4 Cr1 Y1,55,Pbam,Trivial,0,0,0,0,1,0,1,16171,1,https://materialsproject.org/materials/icsd/16171
16217,Cu1 O2 Sr1,63,Cmcm,ESFD (SM),0,1,0,0,1,0,6,16217 77291 83051 93653 202992 670129,6,https://materialsproject.org/materials/icsd/16217
16254,Ag1 Cs2 F4,139,I4/mmm,ESFD (SM),0,0,0,1,1,0,1,16254,1,https://materialsproject.org/materials/icsd/16254
16296,P2 Pd3 S8,164,P-3m1,Trivial,0,0,0,0,1,0,2,16296 35361,2,https://materialsproject.org/materials/icsd/16296
16388,O7 Sr2 Ta2,36,Cmc21,Trivial,1,0,1,0,1,0,1,16388,1,https://materialsproject.org/materials/icsd/16388
16413,Al1 F4 K1,127,P4/mbm,Trivial,1,0,0,0,1,0,5,16413 60524 201947 201948 201949,5,https://materialsproject.org/materials/icsd/16413
16576,Cd1 Cl4 Cs2,139,I4/mmm,Trivial,0,0,0,0,1,0,1,16576,1,https://materialsproject.org/materials/icsd/16576
16611,O5 P2,62,Pnma,Trivial,0,0,0,0,1,0,3,16611 29045 79698,3,https://materialsproject.org/materials/icsd/16611
16640,F6 Na1 Sb1,225,Fm-3m,Trivial,1,0,0,0,1,0,3,16640 56251 77919,3,https://materialsproject.org/materials/icsd/16640
16691,Ni1 O4 S1,63,Cmcm,Trivial,0,0,0,1,1,0,3,16691 16741 33737,3,https://materialsproject.org/materials/icsd/16691
16727,H4 O6 V2,15,C2/c,ESFD (SM),0,0,0,0,1,0,1,16727,1,https://materialsproject.org/materials/icsd/16727
16729,F6 K1 Nb1,116,P-4c2,Trivial,0,0,1,0,1,0,1,16729,1,https://materialsproject.org/materials/icsd/16729
16752,N4 Si3,159,P31c,Trivial,0,0,0,0,1,0,15,16752 26191 34096 35560 35561 35562 35563 35564 35565 77811 79797 90146 92156 239369 644683,15,https://materialsproject.org/materials/icsd/16752
16795,F4 Pb1,139,I4/mmm,Trivial,0,0,0,0,1,0,2,16795 78895,2,https://materialsproject.org/materials/icsd/16795
16797,S4 V1,15,C2/c,Trivial,0,0,0,0,1,0,3,16797 64770 428285,3,https://materialsproject.org/materials/icsd/16797
16810,O3 Re1,221,Pm-3m,ESFD (SM),0,0,0,0,1,0,6,16810 77679 105546 647350 647352 671107,6,https://materialsproject.org/materials/icsd/16810
16844,As1 Fe2,129,P4/nmm,ESFD (SM),0,0,0,0,1,0,5,16844 415628 610464 610470 610472,5,https://materialsproject.org/materials/icsd/16844
16845,Al2 Ba1 O4,182,P6322,Trivial,0,0,1,0,1,0,3,16845 21080 75427,3,https://materialsproject.org/materials/icsd/16845
16907,B1 Na1 O8 Si3,2,P-1,Trivial,0,0,0,0,1,0,1,16907,1,https://materialsproject.org/materials/icsd/16907
16925,Ba1 F4 Zn1,36,Cmc21,Trivial,0,0,0,1,1,0,9,16925 182604 182605 182606 182607 182609 402925 402926 672719,9,https://materialsproject.org/materials/icsd/16925
16952,S2 Si1,122,I-42d,Trivial,1,0,1,0,1,0,5,16952 291214 291215 291216 291217,5,https://materialsproject.org/materials/icsd/16952
16959,C6 Ag3 Co1 N6,162,P-31m,Trivial,0,0,0,0,1,0,2,16959 28501,2,https://materialsproject.org/materials/icsd/16959
17007,In2 Se3,166,R-3m,ES (SM),0,0,0,0,1,0,5,17007 640489 640492 640498 640512,5,https://materialsproject.org/materials/icsd/17007
17046,H4 Mg3 O9 Si2,157,P31m,Trivial,1,0,0,0,1,0,11,17046 67332 67333 75933 75934 87436 87438 163889 163890 202358 245887,11,https://materialsproject.org/materials/icsd/17046
18007,Mn1 S1,225,Fm-3m,ESFD (SM),0,0,0,0,1,0,23,18007 41331 76204 158647 158648 158649 158650 158651 158652 603118 643434 643435 643436 643437 643438 643439 643443 643444 643445 643450 643451 643453 643456,23,https://materialsproject.org/materials/icsd/18007
18114,Ca2 O7 Si2 Zn1,113,P-421m,Trivial,1,0,1,0,1,0,3,18114 30262 186944,3,https://materialsproject.org/materials/icsd/18114
18120,Cr1 Mg1 O4,12,C2/m,Trivial,0,0,0,0,1,0,1,18120,1,https://materialsproject.org/materials/icsd/18120
18151,O5 Si1 Sr3,130,P4/ncc,Trivial,0,0,0,0,1,0,3,18151 28534 418933,3,https://materialsproject.org/materials/icsd/18151
18305,Na2 Nb4 O11,15,C2/c,Trivial,0,0,0,0,1,0,1,18305,1,https://materialsproject.org/materials/icsd/18305
19047,O7 P2 Si1,205,Pa-3,Trivial,0,0,0,0,1,0,1,19047,1,https://materialsproject.org/materials/icsd/19047
19075,F6 Rb3 Tl1,139,I4/mmm,Trivial,0,0,0,0,1,0,1,19075,1,https://materialsproject.org/materials/icsd/19075
19076,Cs3 F6 Tl1,139,I4/mmm,Trivial,0,0,0,0,1,0,1,19076,1,https://materialsproject.org/materials/icsd/19076
19077,F6 Rb3 Y1,139,I4/mmm,Trivial,0,0,0,1,1,0,1,19077,1,https://materialsproject.org/materials/icsd/19077
19078,Cs3 F6 Y1,139,I4/mmm,Trivial,0,0,0,0,1,0,1,19078,1,https://materialsproject.org/materials/icsd/19078
20003,F6 O9 Si2 Ti1 Y4,63,Cmcm,Trivial,0,0,0,0,1,0,1,20003,1,https://materialsproject.org/materials/icsd/20003
20041,O1 Ti3,163,P-31c,ES (SM),0,0,0,1,1,0,2,20041 24082,2,https://materialsproject.org/materials/icsd/20041
20069,Al4 Bi2 O9,55,Pbam,Trivial,0,0,0,0,1,0,6,20069 26807 88775 200051 236561 251938,6,https://materialsproject.org/materials/icsd/20069
20129,Ge1 Na2 O5 Ti1,129,P4/nmm,Trivial,0,0,0,0,1,0,3,20129 91546 160148,3,https://materialsproject.org/materials/icsd/20129
20140,B2 Co5 Ti3,127,P4/mbm,ESFD (SM),0,0,0,0,1,0,1,20140,1,https://materialsproject.org/materials/icsd/20140
20172,Al5 B1 O9,36,Cmc21,Trivial,1,0,0,0,1,0,12,20172 167307 167308 167309 167310 167311 167312 167313 167314 167315 167316 190085,12,https://materialsproject.org/materials/icsd/20172
20191,B1 Cd1 Li1 O3,174,P-6,Trivial,1,0,0,0,1,0,2,20191 20835,2,https://materialsproject.org/materials/icsd/20191
20223,Al3 B4 O12 Y1,155,R32,Trivial,1,0,1,0,1,0,4,20223 91962 187082 674788,4,https://materialsproject.org/materials/icsd/20223
20228,Mn1 O2,62,Pnma,ES (SM),0,0,0,0,1,0,4,20228 24034 78331 171866,4,https://materialsproject.org/materials/icsd/20228
20275,Ca1 O2,139,I4/mmm,Trivial,0,0,0,0,1,0,3,20275 619462 671324,3,https://materialsproject.org/materials/icsd/20275
20293,O4 Sr2 Ti1,139,I4/mmm,Trivial,0,1,0,0,1,0,9,20293 157402 194713 194714 194715 194716 194717 194718 194719,9,https://materialsproject.org/materials/icsd/20293
20294,O7 Sr3 Ti2,139,I4/mmm,Trivial,0,0,0,1,1,0,3,20294 34629 63704,3,https://materialsproject.org/materials/icsd/20294
20321,N1 O1 Ta1,191,P6/mmm,ES (SM),0,0,0,0,1,0,1,20321,1,https://materialsproject.org/materials/icsd/20321
20322,Al1 B2 Fe2,65,Cmmm,ESFD (SM),0,0,0,0,1,0,7,20322 23205 239296 241907 241908 241909 251811,7,https://materialsproject.org/materials/icsd/20322
20500,F1 O12 P3 Pb5,176,P63/m,Trivial,0,0,0,0,1,0,1,20500,1,https://materialsproject.org/materials/icsd/20500
20572,Al1 F4 Na1,123,P4/mmm,Trivial,0,0,0,0,1,0,1,20572,1,https://materialsproject.org/materials/icsd/20572
20748,C2 Cd1 N2,215,P-43m,Trivial,0,0,1,0,1,0,2,20748 66938,2,https://materialsproject.org/materials/icsd/20748
20805,Cs1 Li1 Mo1 O4,216,F-43m,Trivial,1,0,1,1,1,0,1,20805,1,https://materialsproject.org/materials/icsd/20805
21054,Ba2 F6 Zn1,139,I4/mmm,Trivial,0,0,0,0,1,0,1,21054,1,https://materialsproject.org/materials/icsd/21054
21069,K2 Ni1 O2,139,I4/mmm,Trivial,0,0,0,0,1,0,2,21069 201891,2,https://materialsproject.org/materials/icsd/21069
21072,F4 Fe1 Rb1,123,P4/mmm,ESFD (SM),0,0,0,0,1,0,1,21072,1,https://materialsproject.org/materials/icsd/21072
21110,Cu1 F3 K1,127,P4/mbm,ESFD (SM),1,0,0,0,1,0,2,21110 21111,2,https://materialsproject.org/materials/icsd/21110
22065,Na1 Nb1 O3,63,Cmcm,Trivial,0,0,0,1,1,0,5,22065 23323 192404 192405 280098,5,https://materialsproject.org/materials/icsd/22065
22096,Cl6 K2 Tc1,225,Fm-3m,ESFD (SM),1,0,0,0,1,0,1,22096,1,https://materialsproject.org/materials/icsd/22096
22111,Cu1 F6 K2 Na1,225,Fm-3m,ESFD (SM),0,0,0,0,1,0,1,22111,1,https://materialsproject.org/materials/icsd/22111
22112,F6 K2 Na1 Sc1,225,Fm-3m,Trivial,0,0,0,0,1,0,2,22112 65730,2,https://materialsproject.org/materials/icsd/22112
22113,F6 In1 K2 Na1,225,Fm-3m,Trivial,0,0,0,0,1,0,2,22113 23430,2,https://materialsproject.org/materials/icsd/22113
22114,F6 K2 Na1 Tl1,225,Fm-3m,Trivial,0,0,0,1,1,0,1,22114,1,https://materialsproject.org/materials/icsd/22114
22118,Cs2 F6 Na1 Tl1,225,Fm-3m,Trivial,0,0,0,1,1,0,1,22118,1,https://materialsproject.org/materials/icsd/22118
22351,Ca1 Mo1 O4,88,I41/a,Trivial,0,0,0,0,1,0,17,22351 23699 60552 60553 60554 60555 60556 60557 60558 62219 77334 183446 183447 193793 194078 194079 417513,17,https://materialsproject.org/materials/icsd/22351
22392,C2 N2 Zn1,215,P-43m,Trivial,0,0,1,0,1,0,2,22392 670038,2,https://materialsproject.org/materials/icsd/22392
22411,Ca2 Nb2 O7,227,Fd-3m,Trivial,0,0,0,0,1,0,2,22411 72206,2,https://materialsproject.org/materials/icsd/22411
23076,O3 Sr1 Ti1,221,Pm-3m,Trivial,1,1,0,0,1,0,37,23076 27045 56092 56717 65088 65089 65090 76186 80871 80872 80873 80874 91899 94573 184455 184921 186725 186895 187296 187480 187619 191828 192314 201256 248379 262269 290370 290617 671735 672571 673179 673390 673418 673419 673892 674457 675010,37,https://materialsproject.org/materials/icsd/23076
23081,Ba1 Fe2 S4,87,I4/m,ES (SM),1,0,0,0,1,0,1,23081,1,https://materialsproject.org/materials/icsd/23081
23134,H4 I1 Na1 O2,2,P-1,Trivial,0,0,0,0,1,0,1,23134,1,https://materialsproject.org/materials/icsd/23134
23141,Ba1 F4 Ni1,36,Cmc21,Trivial,0,0,1,0,1,0,3,23141 261190 410708,3,https://materialsproject.org/materials/icsd/23141
23167,Cl3 Mn1 Tl1,221,Pm-3m,ESFD (SM),0,0,0,0,1,0,1,23167,1,https://materialsproject.org/materials/icsd/23167
23183,F4 K2 Mn1,139,I4/mmm,ESFD (SM),0,0,0,0,1,0,3,23183 23184 33521,3,https://materialsproject.org/materials/icsd/23183
23320,Na1 O3 Ta1,63,Cmcm,Trivial,1,0,0,0,1,0,7,23320 23321 88376 239691 241444 241445 280099,7,https://materialsproject.org/materials/icsd/23320
23322,Na1 O3 Ta1,127,P4/mbm,Trivial,1,0,0,0,1,0,4,23322 88377 239692 280101,4,https://materialsproject.org/materials/icsd/23322
23336,Cu4 K1 S3,123,P4/mmm,ESFD (SM),1,1,0,0,1,0,3,23336 602356 602358,3,https://materialsproject.org/materials/icsd/23336
23347,Bi1 Na3 O3,217,I-43m,Trivial,0,0,1,0,1,0,1,23347,1,https://materialsproject.org/materials/icsd/23347
23477,Li1 O3 V1,9,Cc,Trivial,1,0,1,0,1,0,1,23477,1,https://materialsproject.org/materials/icsd/23477
23483,F4 Ir1,43,Fdd2,ESFD (SM),0,0,1,0,1,0,1,23483,1,https://materialsproject.org/materials/icsd/23483
23563,Na1 Nb1 O3,127,P4/mbm,Trivial,0,0,0,1,1,0,4,23563 192406 236892 280100,4,https://materialsproject.org/materials/icsd/23563
23586,C1 Ga1 Mn3,221,Pm-3m,ESFD (SM),0,0,0,0,1,0,5,23586 76845 617912 617913 617914,5,https://materialsproject.org/materials/icsd/23586
23588,F4 Fe1 K1,63,Cmcm,ESFD (SM),0,0,0,0,1,0,2,23588 60615,2,https://materialsproject.org/materials/icsd/23588
23591,H2 Mn1 O2,164,P-3m1,ESFD (SM),0,0,1,0,1,0,1,23591,1,https://materialsproject.org/materials/icsd/23591
23651,H2 Al10 O16,186,P63mc,Trivial,0,0,0,0,1,0,1,23651,1,https://materialsproject.org/materials/icsd/23651
23653,B2 Co2 Y1,139,I4/mmm,ESFD (SM),1,1,0,0,1,0,5,23653 55298 602345 613409 613423,5,https://materialsproject.org/materials/icsd/23653
23756,Cu2 O12 P4,15,C2/c,NLC (TI),0,0,1,0,1,0,1,23756,1,https://materialsproject.org/materials/icsd/23756
23769,Cl6 K2 Re1,225,Fm-3m,ESFD (SM),1,0,0,0,1,0,3,23769 26755 68763,3,https://materialsproject.org/materials/icsd/23769
23770,Br6 K2 Re1,225,Fm-3m,ESFD (SM),1,0,0,0,1,0,2,23770 26623,2,https://materialsproject.org/materials/icsd/23770
23771,Br6 K2 Pt1,225,Fm-3m,Trivial,1,0,0,0,1,0,1,23771,1,https://materialsproject.org/materials/icsd/23771
23874,Ba1 Mn1 O3,194,P63/mmc,Trivial,0,0,0,0,1,0,1,23874,1,https://materialsproject.org/materials/icsd/23874
23929,Co9 S8,225,Fm-3m,ESFD (SM),1,0,0,0,1,0,7,23929 31753 40046 600664 624834 657415 660368,7,https://materialsproject.org/materials/icsd/23929
23932,Sc5 Si3,193,P63/mcm,ESFD (SM),0,0,0,0,1,0,3,23932 602016 651814,3,https://materialsproject.org/materials/icsd/23932
24068,K3 O14 V5,157,P31m,Trivial,1,0,0,0,1,0,2,24068 248227,2,https://materialsproject.org/materials/icsd/24068
24096,Bi1 F1 O1,129,P4/nmm,Trivial,0,0,0,0,1,0,2,24096 201620,2,https://materialsproject.org/materials/icsd/24096
24112,F1 O1 Sc1,14,P21/c,Trivial,1,0,0,0,1,0,4,24112 100562 100563 100564,4,https://materialsproject.org/materials/icsd/24112
24151,Br6 Cs2 Te1,225,Fm-3m,Trivial,1,0,0,0,1,0,4,24151 27695 65057 65058,4,https://materialsproject.org/materials/icsd/24151
24185,Mn1 Nb1 Si1,189,P-62m,ES (SM),0,0,1,0,1,0,1,24185,1,https://materialsproject.org/materials/icsd/24185
24216,Fe1 Nb2 O6,60,Pbcn,NLC (TI),0,0,0,0,1,0,1,24216,1,https://materialsproject.org/materials/icsd/24216
24236,Ca5 F1 O12 P3,176,P63/m,Trivial,0,0,0,0,1,0,14,24236 30261 38118 52385 56313 56314 84227 94081 94082 94083 99581 180314 193552 670544,14,https://materialsproject.org/materials/icsd/24236
24246,O7 Pb2 Sb2,227,Fd-3m,ESFD (SM),0,0,0,0,1,0,1,24246,1,https://materialsproject.org/materials/icsd/24246
24252,Mn1 Se1,216,F-43m,ESFD (SM),0,0,1,0,1,0,4,24252 41526 670505 671667,4,https://materialsproject.org/materials/icsd/24252
24275,Al2 O5 Si1,58,Pnnm,Trivial,0,0,0,0,1,0,27,24275 26688 30677 30678 30679 30680 76936 84613 84614 85743 86340 92634 92635 100395 100396 100397 100398 100399 169412 172725 172726 172727 172728 172729 172730 172731 172732,27,https://materialsproject.org/materials/icsd/24275
24380,Cl2 O1 V1,71,Immm,ESFD (SM),0,0,0,0,1,0,1,24380,1,https://materialsproject.org/materials/icsd/24380
24381,Br2 O1 V1,71,Immm,ESFD (SM),0,0,0,0,1,0,1,24381,1,https://materialsproject.org/materials/icsd/24381
24479,Br3 Cs1 Hg1,221,Pm-3m,ESFD (SM),0,0,0,1,1,0,1,24479,1,https://materialsproject.org/materials/icsd/24479
24482,Cl3 Cs1 Hg1,221,Pm-3m,Trivial,0,0,0,0,1,0,1,24482,1,https://materialsproject.org/materials/icsd/24482
24526,B1 Cl3,176,P63/m,Trivial,0,0,0,0,1,0,2,24526 27869,2,https://materialsproject.org/materials/icsd/24526
24527,B1 Br3,176,P63/m,Trivial,0,0,0,0,1,0,2,24527 173374,2,https://materialsproject.org/materials/icsd/24527
24570,Fe1 Sn2,140,I4/mcm,ES (SM),0,1,0,1,1,0,9,24570 102800 103636 247483 409909 604017 633753 633760 633761,9,https://materialsproject.org/materials/icsd/24570
24571,Mn1 Sn2,140,I4/mcm,ESFD (SM),0,1,0,0,1,0,6,24571 102799 171198 247482 643736 643742,6,https://materialsproject.org/materials/icsd/24571
24587,O2 Si1,198,P213,Trivial,0,0,1,0,1,0,4,24587 44269 162616 162617,4,https://materialsproject.org/materials/icsd/24587
24594,Li1 O2 V1,166,R-3m,Trivial,0,0,0,0,1,0,3,24594 202540 202541,3,https://materialsproject.org/materials/icsd/24594
24608,Bi1 Cl1 O1,129,P4/nmm,Trivial,0,0,0,0,1,0,5,24608 29143 74502 185970 195115,5,https://materialsproject.org/materials/icsd/24608
24710,Mg6 Mn1 O8,225,Fm-3m,ESFD (SM),1,0,0,0,1,0,4,24710 27874 76174 82182,4,https://materialsproject.org/materials/icsd/24710
24717,Si1 Zr2,140,I4/mcm,NLC (TI),0,1,0,0,1,0,3,24717 42522 652618,3,https://materialsproject.org/materials/icsd/24717
24789,B2 Mg2 O5,2,P-1,Trivial,0,0,0,0,1,0,2,24789 79721,2,https://materialsproject.org/materials/icsd/24789
24818,Ag1 K1 O1,119,I-4m2,Trivial,1,0,0,0,1,0,3,24818 37324 188525,3,https://materialsproject.org/materials/icsd/24818
24859,In1 O8 Rb1 W2,164,P-3m1,Trivial,0,0,0,1,1,0,1,24859,1,https://materialsproject.org/materials/icsd/24859
24982,Ba2 Mg1 O6 W1,225,Fm-3m,Trivial,0,0,0,0,1,0,6,24982 152572 152573 183771 262318 423033,6,https://materialsproject.org/materials/icsd/24982
24983,Ba2 O6 W1 Zn1,225,Fm-3m,Trivial,0,0,0,0,1,0,4,24983 185847 243794 423034,4,https://materialsproject.org/materials/icsd/24983
24984,Ba2 Ni1 O6 W1,225,Fm-3m,ESFD (SM),0,0,0,0,1,0,4,24984 27426 28342 243798,4,https://materialsproject.org/materials/icsd/24984
24985,Ba2 Ca1 O6 W1,225,Fm-3m,Trivial,0,0,0,0,1,0,6,24985 60499 76436 195954 245599 246111,6,https://materialsproject.org/materials/icsd/24985
25000,Li2 Ni1 O2,71,Immm,Trivial,0,0,0,0,1,0,1,25000,1,https://materialsproject.org/materials/icsd/25000
25001,Cu1 Li2 O2,71,Immm,ESFD (SM),0,0,0,0,1,0,9,25001 47106 67150 67151 67204 67205 202996 238945 291072,9,https://materialsproject.org/materials/icsd/25001
25005,Ba2 Ni1 O6 Te1,166,R-3m,SEBR (TI),0,0,0,1,1,0,1,25005,1,https://materialsproject.org/materials/icsd/25005
25018,Na2 O2 Pt1,71,Immm,Trivial,0,0,0,0,1,0,1,25018,1,https://materialsproject.org/materials/icsd/25018
25025,Bi1 F6 K1,116,P-4c2,Trivial,0,0,1,0,1,0,1,25025,1,https://materialsproject.org/materials/icsd/25025
25124,Br6 Cs4 Pb1,167,R-3c,Trivial,0,0,0,0,1,0,2,25124 162158,2,https://materialsproject.org/materials/icsd/25124
25324,Co2 Ge1 Li1,225,Fm-3m,ESFD (SM),0,0,0,1,1,0,1,25324,1,https://materialsproject.org/materials/icsd/25324
25392,Ba2 La1 O6 Re1,225,Fm-3m,ESFD (SM),0,0,0,0,1,0,1,25392,1,https://materialsproject.org/materials/icsd/25392
25404,O6 Re1 Sr2 Y1,225,Fm-3m,ESFD (SM),0,0,0,0,1,0,1,25404,1,https://materialsproject.org/materials/icsd/25404
25511,Hg1 Na2 O2,139,I4/mmm,Trivial,0,0,0,0,1,0,2,25511 27409,2,https://materialsproject.org/materials/icsd/25511
25519,Cl4 O1 W1,79,I4,Trivial,1,0,1,0,1,0,2,25519 426524,2,https://materialsproject.org/materials/icsd/25519
25522,Ca1 F6 Pb1,225,Fm-3m,Trivial,0,0,0,0,1,0,1,25522,1,https://materialsproject.org/materials/icsd/25522
25550,K3 P1,194,P63/mmc,Trivial,0,0,0,0,1,0,1,25550,1,https://materialsproject.org/materials/icsd/25550
25596,F3 Nb1,221,Pm-3m,ESFD (SM),0,0,0,0,1,0,2,25596 60246,2,https://materialsproject.org/materials/icsd/25596
25601,H1 Ca1 Cl1,129,P4/nmm,Trivial,0,0,0,0,1,0,2,25601 37199,2,https://materialsproject.org/materials/icsd/25601
25602,H1 Cl1 Sr1,129,P4/nmm,Trivial,0,0,0,0,1,0,2,25602 37200,2,https://materialsproject.org/materials/icsd/25602
25603,H1 Ba1 Cl1,129,P4/nmm,Trivial,0,0,0,0,1,0,2,25603 37201,2,https://materialsproject.org/materials/icsd/25603
25615,Al1 F4 Tl1,123,P4/mmm,Trivial,0,0,0,0,1,0,4,25615 200637 202453 202454,4,https://materialsproject.org/materials/icsd/25615
25676,Ga1 N1,186,P63mc,Trivial,0,1,0,0,1,0,31,25676 34476 41481 41483 41543 42000 54698 67769 87830 153887 153888 153889 153890 153891 156259 157398 157512 159250 181358 184926 190424 191773 634715 671112 672115 672140 672569 672724 672741 673190 673464,31,https://materialsproject.org/materials/icsd/25676
25680,Fe1 Se2,58,Pnnm,Trivial,0,0,0,0,1,0,6,25680 42041 42115 44751 633469 633479,6,https://materialsproject.org/materials/icsd/25680
25697,Cs1 Fe1 S2,71,Immm,SEBR (TI),0,0,0,0,1,0,3,25697 53234 201112,3,https://materialsproject.org/materials/icsd/25697
25700,Ni1 O4 Se1,63,Cmcm,Trivial,0,0,0,1,1,0,1,25700,1,https://materialsproject.org/materials/icsd/25700
25711,Al2 O5 Si1,62,Pnma,Trivial,0,0,0,0,1,0,24,25711 31115 85200 85201 85202 85203 85204 85744 86342 92632 92633 92636 92637 96722 100450 100451 100452 100453 100454 172720 172721 172722 172723 172724,24,https://materialsproject.org/materials/icsd/25711
25723,Cr1 K1 S2,166,R-3m,ESFD (SM),0,0,0,0,1,0,3,25723 42406 42407,3,https://materialsproject.org/materials/icsd/25723
25754,Cu1 Ge1 O3,51,Pmma,ESFD (SM),1,0,0,0,1,0,21,25754 50329 50331 56606 56607 56699 56701 78475 85325 85326 89400 89401 89402 89403 89404 89405 89406 89407 246664 411018 411019,21,https://materialsproject.org/materials/icsd/25754
25766,Br8 Nb3,166,R-3m,Trivial,1,0,0,1,1,0,2,25766 421609,2,https://materialsproject.org/materials/icsd/25766
25767,I8 Nb3,166,R-3m,Trivial,1,0,0,1,1,0,1,25767,1,https://materialsproject.org/materials/icsd/25767
26058,Br12 Rb4 Sb2,141,I41/amd,Trivial,0,0,0,0,1,0,1,26058,1,https://materialsproject.org/materials/icsd/26058
26067,Ba1 Co1 F4,36,Cmc21,ESFD (SM),1,0,1,0,1,0,2,26067 261189,2,https://materialsproject.org/materials/icsd/26067
26234,As1 Ca2 Cl1 O4,57,Pbcm,Trivial,0,0,0,0,1,0,1,26234,1,https://materialsproject.org/materials/icsd/26234
26305,Na1 S2 Ti1,166,R-3m,ESFD (SM),0,0,0,0,1,0,1,26305,1,https://materialsproject.org/materials/icsd/26305
26318,Ag1 I2 Tl1,140,I4/mcm,Trivial,0,0,0,0,1,0,1,26318,1,https://materialsproject.org/materials/icsd/26318
26453,Cs1 I3 V1,194,P63/mmc,ESFD (SM),0,0,0,0,1,0,2,26453 26454,2,https://materialsproject.org/materials/icsd/26453
26458,Li1 Mn1 P1,129,P4/nmm,ESFD (SM),0,0,0,0,1,0,1,26458,1,https://materialsproject.org/materials/icsd/26458
26459,As1 Li1 Mn1,129,P4/nmm,ESFD (SM),0,0,0,0,1,0,12,26459 60739 60740 60741 60742 192817 192818 192819 192820 192821 192822 192823,12,https://materialsproject.org/materials/icsd/26459
26460,Mn1 Na1 P1,129,P4/nmm,ESFD (SM),0,0,0,0,1,0,6,26460 60726 60727 60728 60729 601595,6,https://materialsproject.org/materials/icsd/26460
26461,As1 Mn1 Na1,129,P4/nmm,ESFD (SM),0,0,0,0,1,0,5,26461 60730 60731 60732 610878,5,https://materialsproject.org/materials/icsd/26461
26462,Mn1 Na1 Sb1,129,P4/nmm,ESFD (SM),0,0,0,0,1,0,5,26462 60733 60734 60735 601596,5,https://materialsproject.org/materials/icsd/26462
26560,Mn1 O4 Sr2,139,I4/mmm,ESFD (SM),0,0,0,0,1,0,3,26560 26561 50794,3,https://materialsproject.org/materials/icsd/26560
26583,Na1 O2,58,Pnnm,ESFD (SM),0,0,0,0,1,0,6,26583 87179 87180 87181 180562 673259,6,https://materialsproject.org/materials/icsd/26583
26626,F4 Xe1,14,P21/c,Trivial,1,0,0,0,1,0,2,26626 27467,2,https://materialsproject.org/materials/icsd/26626
26632,C1 Ag1 K1 O3,73,Ibca,Trivial,1,0,0,0,1,0,5,26632 31021 242236 242239 409484,5,https://materialsproject.org/materials/icsd/26632
26643,Cl6 K2 Mo1,225,Fm-3m,ESFD (SM),0,0,0,0,1,0,1,26643,1,https://materialsproject.org/materials/icsd/26643
26676,Cr1 Cu1 O2,166,R-3m,ESFD (SM),0,1,0,0,1,0,11,26676 157800 163253 163254 163255 184467 189047 194151 194152 402290 670110,11,https://materialsproject.org/materials/icsd/26676
26689,Cl6 Rb2 Ti1,225,Fm-3m,Trivial,0,0,0,0,1,0,1,26689,1,https://materialsproject.org/materials/icsd/26689
26690,Cl6 Cs2 Ti1,225,Fm-3m,Trivial,0,0,0,0,1,0,1,26690,1,https://materialsproject.org/materials/icsd/26690
26692,Cl6 Rb2 Se1,225,Fm-3m,Trivial,0,0,0,0,1,0,1,26692,1,https://materialsproject.org/materials/icsd/26692
26693,Cl6 Cs2 Se1,225,Fm-3m,Trivial,0,0,0,0,1,0,1,26693,1,https://materialsproject.org/materials/icsd/26693
26694,Cl6 Rb2 Zr1,225,Fm-3m,Trivial,0,0,0,0,1,0,1,26694,1,https://materialsproject.org/materials/icsd/26694
26695,Cl6 Cs2 Zr1,225,Fm-3m,Trivial,0,0,0,0,1,0,1,26695,1,https://materialsproject.org/materials/icsd/26695
26700,Cl6 Sn1 Tl2,225,Fm-3m,Trivial,0,0,0,0,1,0,1,26700,1,https://materialsproject.org/materials/icsd/26700
26704,Cl6 Cs2 Te1,225,Fm-3m,Trivial,0,0,0,0,1,0,2,26704 29031,2,https://materialsproject.org/materials/icsd/26704
26705,Cl6 Te1 Tl2,225,Fm-3m,Trivial,0,0,0,0,1,0,1,26705,1,https://materialsproject.org/materials/icsd/26705
26708,Cl6 Pt1 Rb2,225,Fm-3m,Trivial,0,0,0,0,1,0,2,26708 29028,2,https://materialsproject.org/materials/icsd/26708
26710,Cl6 Pt1 Tl2,225,Fm-3m,Trivial,0,0,0,0,1,0,1,26710,1,https://materialsproject.org/materials/icsd/26710
26712,Cl6 Pb1 Rb2,225,Fm-3m,Trivial,0,0,0,0,1,0,2,26712 29029,2,https://materialsproject.org/materials/icsd/26712
26713,Cl6 Cs2 Pb1,225,Fm-3m,Trivial,0,0,0,0,1,0,2,26713 29033,2,https://materialsproject.org/materials/icsd/26713
26735,K2 S1,225,Fm-3m,Trivial,0,0,0,1,1,0,4,26735 60439 183837 641321,4,https://materialsproject.org/materials/icsd/26735
26756,Fe1 S2,58,Pnnm,Trivial,0,0,0,0,1,0,7,26756 42415 42416 109374 633255 633275 633304,7,https://materialsproject.org/materials/icsd/26756
26803,Cr1 K3 Mn1 O8,160,R3m,Trivial,1,0,1,0,1,0,1,26803,1,https://materialsproject.org/materials/icsd/26803
26861,S2 Ti1,164,P-3m1,Trivial,0,1,0,0,1,0,18,26861 41663 52195 91579 174489 181500 601182 601315 603788 604416 651178 651186 651201 651203 651207 651212 651214 651217,18,https://materialsproject.org/materials/icsd/26861
26885,Bi1 K3,194,P63/mmc,ES (SM),0,0,0,0,1,0,1,26885,1,https://materialsproject.org/materials/icsd/26885
26886,K3 Sb1,194,P63/mmc,Trivial,0,0,0,0,1,0,2,26886 656327,2,https://materialsproject.org/materials/icsd/26886
26889,Fe1 Se1,129,P4/nmm,ES (SM),0,1,0,0,1,0,16,26889 162901 163559 163560 163561 163562 165958 165959 165960 169970 182544 185464 196297 196298 977901 977903,16,https://materialsproject.org/materials/icsd/26889
26914,Cl1 F1 Na6 O8 S2,225,Fm-3m,Trivial,1,0,0,0,1,0,3,26914 29330 52291,3,https://materialsproject.org/materials/icsd/26914
26934,Cl6 K2 Ti1,225,Fm-3m,Trivial,0,0,0,0,1,0,1,26934,1,https://materialsproject.org/materials/icsd/26934
26989,Cr1 O4 Y1,141,I41/amd,ESFD (SM),0,0,0,0,1,0,3,26989 95971 157933,3,https://materialsproject.org/materials/icsd/26989
27046,O3 Sr1 Zr1,221,Pm-3m,Trivial,0,0,0,0,1,0,9,27046 29153 89365 89366 187481 188448 191829 290618 671952,9,https://materialsproject.org/materials/icsd/27046
27047,O3 Sn1 Sr1,221,Pm-3m,Trivial,0,0,0,0,1,0,3,27047 181089 674084,3,https://materialsproject.org/materials/icsd/27047
27048,Ba1 O3 Zr1,221,Pm-3m,Trivial,0,0,0,0,1,0,14,27048 43136 90049 97459 97460 97461 97462 290002 671502 672709 672997 673866 674065 674771,14,https://materialsproject.org/materials/icsd/27048
27049,Ba1 O3 Sn1,221,Pm-3m,Trivial,0,0,0,0,1,0,15,27049 43138 180138 181091 184338 185615 186899 188149 190601 239582 424820 670659 672199 674074 674772,15,https://materialsproject.org/materials/icsd/27049
27114,O4 Sn1 Sr2,139,I4/mmm,Trivial,0,0,0,0,1,0,6,27114 84245 150387 150388 150389 150390,6,https://materialsproject.org/materials/icsd/27114
27119,O7 Sn2 Ta2,227,Fd-3m,Trivial,0,0,0,1,1,0,2,27119 163818,2,https://materialsproject.org/materials/icsd/27119
27120,O7 Pb2 Sb2,227,Fd-3m,ES (SM),0,0,0,1,1,0,1,27120,1,https://materialsproject.org/materials/icsd/27120
27121,Ca2 O7 Ta2,227,Fd-3m,Trivial,0,0,0,1,1,0,1,27121,1,https://materialsproject.org/materials/icsd/27121
27315,Mo1 O5 V1,85,P4/n,ESFD (SM),1,0,0,0,1,0,1,27315,1,https://materialsproject.org/materials/icsd/27315
27327,Cu2 F6 Hg2 S1,227,Fd-3m,ES (SM),1,0,0,0,1,0,1,27327,1,https://materialsproject.org/materials/icsd/27327
27330,F6 Hg2 O1 Zn2,227,Fd-3m,Trivial,1,0,0,1,1,0,1,27330,1,https://materialsproject.org/materials/icsd/27330
27425,Ba2 Co1 O6 W1,225,Fm-3m,ESFD (SM),0,0,0,1,1,0,4,27425 97029 195130 672551,4,https://materialsproject.org/materials/icsd/27425
27511,Cl3 Co1 Cs1,194,P63/mmc,ESFD (SM),0,0,0,0,1,0,1,27511,1,https://materialsproject.org/materials/icsd/27511
27531,Mg2 O4 Si1,227,Fd-3m,Trivial,0,0,0,0,1,0,14,27531 74535 83779 83780 83781 83782 83783 86504 161023 162347 162348 162406 191506 671941,14,https://materialsproject.org/materials/icsd/27531
27599,Be4 Na1 O7 Sb1,186,P63mc,Trivial,0,0,0,1,1,0,1,27599,1,https://materialsproject.org/materials/icsd/27599
27689,Cu1 F3 K1,123,P4/mmm,ESFD (SM),0,0,0,0,1,0,1,27689,1,https://materialsproject.org/materials/icsd/27689
27690,Cr1 F3 K1,123,P4/mmm,Trivial,0,0,0,0,1,0,1,27690,1,https://materialsproject.org/materials/icsd/27690
27694,Br6 Cs2 Po1,225,Fm-3m,Trivial,0,0,0,0,1,0,1,27694,1,https://materialsproject.org/materials/icsd/27694
27745,O2 Si1,152,P3121,Trivial,1,0,1,0,1,0,39,27745 29122 31048 40009 67117 67121 67122 67123 67124 67125 67126 74529 79634 79635 79636 79637 89658 89659 89660 89661 90145 93974 153453 153454 154289 200721 200722 200723 200724 200725 200726 200727 200728 200729 201352 201353 201354 247141 670929,39,https://materialsproject.org/materials/icsd/27745
27777,Ca1 O3 Sn1,221,Pm-3m,ESFD (SM),0,0,0,0,1,0,1,27777,1,https://materialsproject.org/materials/icsd/27777
27856,Fe1 O1,225,Fm-3m,Trivial,0,0,0,0,1,0,14,27856 31081 53519 60683 76639 82233 180972 180973 180974 633029 633036 633038 670891 674027,14,https://materialsproject.org/materials/icsd/27856
27867,B2 F4,14,P21/c,Trivial,0,0,0,0,1,0,1,27867,1,https://materialsproject.org/materials/icsd/27867
27949,O3 Pb1 Ti1,47,Pmmm,Trivial,0,0,0,0,1,0,1,27949,1,https://materialsproject.org/materials/icsd/27949
27955,Na2 O4 S1,164,P-3m1,ES (SM),0,0,0,1,1,0,1,27955,1,https://materialsproject.org/materials/icsd/27955
27961,O3 W1,129,P4/nmm,Trivial,0,0,0,1,1,0,5,27961 27962 88367 89092 673313,5,https://materialsproject.org/materials/icsd/27961
27965,Ba1 O3 Ti1,123,P4/mmm,Trivial,0,0,0,0,1,0,20,27965 27966 27967 27968 27969 27974 28620 29146 29148 29280 31884 31885 31886 31887 31888 31889 31890 67519 187292 674386,20,https://materialsproject.org/materials/icsd/27965
27970,Ba1 O3 Ti1,221,Pm-3m,Trivial,0,0,0,0,1,0,36,27970 27971 27972 27973 27975 27976 27977 28848 28849 28850 28851 28852 28853 28854 29147 43125 56093 67518 95437 99736 154344 166225 185374 186437 187291 190924 252562 290019 670888 670895 670904 671088 671604 672744 673178 674385,36,https://materialsproject.org/materials/icsd/27970
28018,Al1 K1 Mo2 O8,164,P-3m1,Trivial,1,0,0,0,1,0,1,28018,1,https://materialsproject.org/materials/icsd/28018
28019,K1 Mo2 O8 Sc1,164,P-3m1,Trivial,1,0,0,0,1,0,1,28019,1,https://materialsproject.org/materials/icsd/28019
28020,Fe1 K1 Mo2 O8,165,P-3c1,ESFD (SM),1,0,0,0,1,0,1,28020,1,https://materialsproject.org/materials/icsd/28020
28134,Ba2 Cl1 P1,166,R-3m,Trivial,0,0,0,0,1,0,1,28134,1,https://materialsproject.org/materials/icsd/28134
28145,F3 K1 V1,221,Pm-3m,ESFD (SM),0,0,0,1,1,0,1,28145,1,https://materialsproject.org/materials/icsd/28145
28146,F3 Rb1 V1,221,Pm-3m,ESFD (SM),0,0,0,1,1,0,1,28146,1,https://materialsproject.org/materials/icsd/28146
28211,Cl1 K2 N1 O3,62,Pnma,Trivial,1,0,0,0,1,0,1,28211,1,https://materialsproject.org/materials/icsd/28211
28328,B1 I3,176,P63/m,Trivial,0,1,0,0,1,0,3,28328 173375 411463,3,https://materialsproject.org/materials/icsd/28328
28372,Al1 Cs1 O2,227,Fd-3m,Trivial,0,0,0,0,1,0,1,28372,1,https://materialsproject.org/materials/icsd/28372
28373,Al1 O2 Rb1,227,Fd-3m,Trivial,0,0,0,0,1,0,1,28373,1,https://materialsproject.org/materials/icsd/28373
28388,Ga1 Li1 O2,166,R-3m,Trivial,0,0,0,0,1,0,1,28388,1,https://materialsproject.org/materials/icsd/28388
28471,Mo1 O8 V2,12,C2/m,NLC (TI),0,0,1,1,1,0,1,28471,1,https://materialsproject.org/materials/icsd/28471
28584,Na1 Nb1 O3,123,P4/mmm,Trivial,0,0,0,0,1,0,4,28584 28585 28586 28587,4,https://materialsproject.org/materials/icsd/28584
28588,Na1 Nb1 O3,221,Pm-3m,Trivial,0,0,0,0,1,0,8,28588 28589 28590 31867 192407 192408 236890 252485,8,https://materialsproject.org/materials/icsd/28588
28597,Ni1 O6 Sr2 W1,225,Fm-3m,ESFD (SM),0,0,0,0,1,0,2,28597 109165,2,https://materialsproject.org/materials/icsd/28597
28598,Co1 O6 Sr2 W1,225,Fm-3m,ESFD (SM),0,0,0,1,1,0,1,28598,1,https://materialsproject.org/materials/icsd/28598
28600,Mo1 Ni1 O6 Sr2,225,Fm-3m,ESFD (SM),0,0,0,0,1,0,3,28600 155733 157027,3,https://materialsproject.org/materials/icsd/28600
28601,Co1 Mo1 O6 Sr2,225,Fm-3m,ESFD (SM),0,0,0,1,1,0,2,28601 153543,2,https://materialsproject.org/materials/icsd/28601
28603,Ge1 O3 Sr1,189,P-62m,Trivial,0,0,0,1,1,0,1,28603,1,https://materialsproject.org/materials/icsd/28603
28617,Na1 O3 Ta1,221,Pm-3m,Trivial,0,0,0,0,1,0,5,28617 28618 28619 88378 239693,5,https://materialsproject.org/materials/icsd/28617
28624,O3 Pb1 Ti1,123,P4/mmm,Trivial,0,0,0,0,1,0,2,28624 29117,2,https://materialsproject.org/materials/icsd/28624
28744,Ag1 Al1 S2,122,I-42d,Trivial,0,0,1,0,1,0,4,28744 604692 604694 604698,4,https://materialsproject.org/materials/icsd/28744
28779,F6 K2 Rh1,164,P-3m1,ESFD (SM),0,0,0,0,1,0,1,28779,1,https://materialsproject.org/materials/icsd/28779
28780,F6 Rb2 Rh1,164,P-3m1,ESFD (SM),0,0,0,0,1,0,1,28780,1,https://materialsproject.org/materials/icsd/28780
28837,O1 Pd1,123,P4/mmm,SEBR (TI),0,0,0,0,1,0,1,28837,1,https://materialsproject.org/materials/icsd/28837
28892,Cl6 Cs2 Ge1,225,Fm-3m,Trivial,0,0,0,0,1,0,1,28892,1,https://materialsproject.org/materials/icsd/28892
28930,Cr1 La1 O3,221,Pm-3m,ESFD (SM),0,0,0,1,1,0,4,28930 29120 41061 673194,4,https://materialsproject.org/materials/icsd/28930
28949,F3 K1 Mg1,221,Pm-3m,Trivial,0,0,0,0,1,0,7,28949 40476 40477 56096 94089 192409 674545,7,https://materialsproject.org/materials/icsd/28949
28950,Ag1 F3 Zn1,221,Pm-3m,Trivial,0,0,0,0,1,0,2,28950 673278,2,https://materialsproject.org/materials/icsd/28950
29003,Ca1 O3 Zr1,221,Pm-3m,Trivial,0,0,0,0,1,0,2,29003 56094,2,https://materialsproject.org/materials/icsd/29003
29096,Ba1 Fe1 O3,221,Pm-3m,ESFD (SM),0,0,0,0,1,0,4,29096 262131 262132 672484,4,https://materialsproject.org/materials/icsd/29096
29118,Fe1 La1 O3,221,Pm-3m,ESFD (SM),0,0,0,0,1,0,3,29118 673197 674500,3,https://materialsproject.org/materials/icsd/29118
29119,La1 Mn1 O3,221,Pm-3m,Trivial,0,0,0,1,1,0,6,29119 188401 673199 674501 674623 674779,6,https://materialsproject.org/materials/icsd/29119
29131,Al1 F3,150,P321,Trivial,0,0,1,0,1,0,1,29131,1,https://materialsproject.org/materials/icsd/29131
29154,Hf1 O3 Sr1,221,Pm-3m,Trivial,0,0,0,0,1,0,6,29154 89386 161593 164620 184791 673486,6,https://materialsproject.org/materials/icsd/29154
29262,Ge1 O4 Zr1,88,I41/a,Trivial,1,0,0,0,1,0,1,29262,1,https://materialsproject.org/materials/icsd/29262
29308,Fe1 Se1,194,P63/mmc,ES (SM),0,0,0,0,1,0,32,29308 53541 53542 166442 166443 166444 169252 169254 169256 169258 169260 169262 169264 169266 169268 169270 169272 169284 169286 169288 169290 169292 169294 169296 169298 169300 169302 169307 290407 290410 633482 633490,32,https://materialsproject.org/materials/icsd/29308
29343,O2 Si1,182,P6322,Trivial,0,0,1,1,1,0,1,29343,1,https://materialsproject.org/materials/icsd/29343
29359,O8 Pb3 V2,5,C2,Trivial,1,0,1,0,1,0,4,29359 67604 67605 69800,4,https://materialsproject.org/materials/icsd/29359
29506,Cu1 O3 Se1,61,Pbca,Trivial,0,0,0,0,1,0,2,29506 61342,2,https://materialsproject.org/materials/icsd/29506
29538,H2 Cu1 O6 Se2,14,P21/c,ESFD (SM),1,0,0,0,1,0,2,29538 51676,2,https://materialsproject.org/materials/icsd/29538
30011,Fe1 S2 Tl1,12,C2/m,Trivial,0,0,1,0,1,0,2,30011 63381,2,https://materialsproject.org/materials/icsd/30011
30247,Ge2 K2 O7 Pb2,147,P-3,Trivial,0,0,0,0,1,0,1,30247,1,https://materialsproject.org/materials/icsd/30247
30257,H2 K1 O4 P1,122,I-42d,Trivial,0,0,1,0,1,0,4,30257 66079 76195 87895,4,https://materialsproject.org/materials/icsd/30257
30275,C2 Ag1 K1 N2,163,P-31c,Trivial,0,0,0,1,1,0,1,30275,1,https://materialsproject.org/materials/icsd/30275
30350,Fe1 O4 Sb2,135,P42/mbc,ES (SM),0,0,0,0,1,0,2,30350 158916,2,https://materialsproject.org/materials/icsd/30350
30409,O6 Sb2 Zn1,136,P42/mnm,Trivial,0,0,0,0,1,0,2,30409 96612,2,https://materialsproject.org/materials/icsd/30409
30410,Cu1 O6 Sb2,14,P21/c,ESFD (SM),0,0,0,0,1,0,4,30410 71762 80576 628623,4,https://materialsproject.org/materials/icsd/30410
30412,Mn1 P1,62,Pnma,NLC (TI),0,0,0,0,1,0,12,30412 43246 43399 60880 61136 76089 76090 76091 643200 643213 643217 643220,12,https://materialsproject.org/materials/icsd/30412
30413,As1 Fe1,62,Pnma,ES (SM),0,0,1,0,1,0,14,30413 34036 42447 42448 42449 42450 42451 48031 48033 48034 48035 48036 610452 610474,14,https://materialsproject.org/materials/icsd/30413
30579,In1 Li1 Mo3 O8,156,P3m1,Trivial,0,0,1,0,1,0,1,30579,1,https://materialsproject.org/materials/icsd/30579
30612,F3 Mo1,221,Pm-3m,ESFD (SM),0,0,0,1,1,0,1,30612,1,https://materialsproject.org/materials/icsd/30612
30708,Cl1 Y1,166,R-3m,Trivial,1,0,0,0,1,0,2,30708 61107,2,https://materialsproject.org/materials/icsd/30708
30711,O6 Pb3 S1,11,P21/m,Trivial,0,0,0,0,1,0,5,30711 61427 61428 63639 100681,5,https://materialsproject.org/materials/icsd/30711
30742,Cl2 N3 S2 V1,2,P-1,Trivial,1,0,0,0,1,0,2,30742 61351,2,https://materialsproject.org/materials/icsd/30742
30752,K1 Mo3 S3,176,P63/m,ESFD (SM),1,0,0,0,1,0,3,30752 603631 641249,3,https://materialsproject.org/materials/icsd/30752
30753,Mo3 Rb1 S3,176,P63/m,ESFD (SM),1,0,0,0,1,0,3,30753 603622 644175,3,https://materialsproject.org/materials/icsd/30753
30754,Cs1 Mo3 S3,176,P63/m,ESFD (SM),1,0,0,0,1,0,3,30754 603614 627033,3,https://materialsproject.org/materials/icsd/30754
31056,Cl1 Na1 O3,198,P213,ESFD (SM),0,0,1,0,1,0,1,31056,1,https://materialsproject.org/materials/icsd/31056
31155,Ba1 O3 Ti1,38,Amm2,Trivial,0,0,0,0,1,0,12,31155 73637 73638 73639 73640 73641 154346 161341 161419 186460 237106 237109,12,https://materialsproject.org/materials/icsd/31155
31227,Al8 Be1 Mg3 O16,186,P63mc,Trivial,0,0,0,0,1,0,2,31227 31256,2,https://materialsproject.org/materials/icsd/31227
31232,Cl1 K1,221,Pm-3m,Trivial,0,0,0,0,1,0,41,31232 60402 61557 290513 290514 290515 290516 290517 290518 290519 290520 290521 290522 290523 290524 290525 290526 290527 290528 290529 290530 290531 290532 290533 290534 290535 290536 290537 290538 290539 290540 290541 290542 290543 290544 290545 290546 290547 290548 671476 674957,41,https://materialsproject.org/materials/icsd/31232
31234,Be1 Ca2 O7 Si2,113,P-421m,Trivial,1,0,0,0,1,0,2,31234 94063,2,https://materialsproject.org/materials/icsd/31234
31368,Al1 Cu1 O2,194,P63/mmc,Trivial,0,0,0,0,1,0,3,31368 60845 95661,3,https://materialsproject.org/materials/icsd/31368
31667,Cl1 O1 Y1,129,P4/nmm,Trivial,0,0,0,0,1,0,2,31667 60586,2,https://materialsproject.org/materials/icsd/31667
31840,Te1 Zn1,225,Fm-3m,ESFD (SM),0,0,0,0,1,0,3,31840 52512 653197,3,https://materialsproject.org/materials/icsd/31840
31865,Ca1 O3 Ti1,221,Pm-3m,Trivial,0,1,0,0,1,0,8,31865 77060 153174 162924 162925 162926 165076 187293,8,https://materialsproject.org/materials/icsd/31865
31959,O2 Rb1 Sc1,166,R-3m,Trivial,0,0,0,0,1,0,1,31959,1,https://materialsproject.org/materials/icsd/31959
32032,Cu1 K5 Sb2,166,R-3m,Trivial,1,0,0,0,1,0,1,32032,1,https://materialsproject.org/materials/icsd/32032
32552,F2 V1,136,P42/mnm,ESFD (SM),1,0,0,0,1,0,6,32552 38069 62768 62769 201245 673336,6,https://materialsproject.org/materials/icsd/32552
32674,Ca1 F4 Pd1,140,I4/mcm,Trivial,0,0,0,0,1,0,1,32674,1,https://materialsproject.org/materials/icsd/32674
32743,K1 Na1 O1,129,P4/nmm,Trivial,0,0,0,0,1,0,1,32743,1,https://materialsproject.org/materials/icsd/32743
33260,K4 P6,70,Fddd,Trivial,1,0,0,0,1,0,1,33260,1,https://materialsproject.org/materials/icsd/33260
33271,Ba2 F4 O3 W1,9,Cc,Trivial,0,0,0,0,1,0,3,33271 201653 673319,3,https://materialsproject.org/materials/icsd/33271
33569,Ba2 Cu1 O6 W1,139,I4/mmm,ESFD (SM),0,0,0,0,1,0,1,33569,1,https://materialsproject.org/materials/icsd/33569
33571,Cu1 O6 Sr2 W1,87,I4/m,ESFD (SM),0,0,0,0,1,0,10,33571 72812 88701 99303 186027 190594 193614 291133 291134 291135,10,https://materialsproject.org/materials/icsd/33571
33573,Cu1 O6 Sr2 Te1,87,I4/m,ESFD (SM),0,0,0,0,1,0,2,33573 88702,2,https://materialsproject.org/materials/icsd/33573
33579,Ga1 O2 Tl1,166,R-3m,Trivial,0,0,0,1,1,0,1,33579,1,https://materialsproject.org/materials/icsd/33579
33624,Ba2 O6 Sb1 Y1,225,Fm-3m,ES (SM),0,0,0,0,1,0,1,33624,1,https://materialsproject.org/materials/icsd/33624
33664,I1 Na1 O3,65,Cmmm,SEBR (TI),0,0,1,1,1,0,1,33664,1,https://materialsproject.org/materials/icsd/33664
33666,O3 Sr1 Zr1,221,Pm-3m,ESFD (SM),0,0,0,0,1,0,1,33666,1,https://materialsproject.org/materials/icsd/33666
33672,Cd2 Nb2 O7,227,Fd-3m,ESFD (SM),0,0,0,1,1,0,1,33672,1,https://materialsproject.org/materials/icsd/33672
33673,I2 Mn1,164,P-3m1,ESFD (SM),0,0,0,0,1,0,1,33673,1,https://materialsproject.org/materials/icsd/33673
33709,Cl6 K2 Pd1,225,Fm-3m,Trivial,0,0,0,0,1,0,5,33709 65037 65038 65039 73723,5,https://materialsproject.org/materials/icsd/33709
33752,Cl2 Mn1,166,R-3m,ESFD (SM),1,0,0,0,1,0,1,33752,1,https://materialsproject.org/materials/icsd/33752
33796,Ca6 Fe1 N5,193,P63/mcm,ESFD (SM),1,0,0,0,1,0,1,33796,1,https://materialsproject.org/materials/icsd/33796
33849,Be2 K2 Na4 O5,136,P42/mnm,Trivial,1,0,0,0,1,0,1,33849,1,https://materialsproject.org/materials/icsd/33849
33865,Br4 Li2 Mn1,65,Cmmm,ESFD (SM),1,0,0,0,1,0,1,33865,1,https://materialsproject.org/materials/icsd/33865
33889,F4 Na2 Pd1,14,P21/c,Trivial,1,0,0,0,1,0,2,33889 71101,2,https://materialsproject.org/materials/icsd/33889
33892,Cs2 Pd3 Se4,69,Fmmm,Trivial,1,0,0,0,1,0,1,33892,1,https://materialsproject.org/materials/icsd/33892
33903,O1 P2 Sr4,139,I4/mmm,Trivial,1,0,0,0,1,0,1,33903,1,https://materialsproject.org/materials/icsd/33903
33920,Br1 K3 O1,221,Pm-3m,Trivial,1,0,0,0,1,0,1,33920,1,https://materialsproject.org/materials/icsd/33920
33994,Ga1 Mo4 S8,216,F-43m,ESFD (SM),1,0,1,0,1,0,5,33994 41935 49566 158198 634707,5,https://materialsproject.org/materials/icsd/33994
33996,Co1 Cu2 O3,59,Pmmn,ESFD (SM),1,0,0,1,1,0,1,33996,1,https://materialsproject.org/materials/icsd/33996
34243,Ga2 O3,12,C2/m,Trivial,1,0,0,0,1,0,6,34243 83645 166198 184327 603563 673058,6,https://materialsproject.org/materials/icsd/34243
34350,Al1 K1 O4 Si1,173,P63,Trivial,1,0,0,1,1,0,1,34350,1,https://materialsproject.org/materials/icsd/34350
34669,Na2 O5 Si2,60,Pbcn,Trivial,0,0,0,0,1,0,1,34669,1,https://materialsproject.org/materials/icsd/34669
34870,Al1 Na1 O8 Si3,2,P-1,Trivial,0,0,0,0,1,0,14,34870 34871 34872 68913 77421 77422 77423 77424 77425 109006 171090 171091 171092 670020,14,https://materialsproject.org/materials/icsd/34870
35100,F4 Zr1,84,P42/m,Trivial,0,0,0,0,1,0,1,35100,1,https://materialsproject.org/materials/icsd/35100
35284,Cs1 F5 Pd2,74,Imma,Trivial,0,0,0,0,1,0,1,35284,1,https://materialsproject.org/materials/icsd/35284
35337,Mn1 O6 Pt3,65,Cmmm,ESFD (SM),1,0,0,0,1,0,1,35337,1,https://materialsproject.org/materials/icsd/35337
35339,O6 Pt3 Zn1,65,Cmmm,Trivial,1,0,0,0,1,0,1,35339,1,https://materialsproject.org/materials/icsd/35339
35407,Cd1 O6 Pt3,65,Cmmm,Trivial,1,0,0,0,1,0,1,35407,1,https://materialsproject.org/materials/icsd/35407
35451,Cu1 Na1 O4 P1,19,P212121,ES (SM),1,0,1,0,1,0,1,35451,1,https://materialsproject.org/materials/icsd/35451
35713,Ca1 F6 Sn1,225,Fm-3m,Trivial,1,0,0,0,1,0,1,35713,1,https://materialsproject.org/materials/icsd/35713
35716,F6 Fe1 Zr1,225,Fm-3m,Trivial,1,0,0,0,1,0,2,35716 100301,2,https://materialsproject.org/materials/icsd/35716
35719,Cr1 F6 Zr1,225,Fm-3m,Trivial,1,0,0,0,1,0,1,35719,1,https://materialsproject.org/materials/icsd/35719
36128,Ba2 Br2 Cu3 O4,139,I4/mmm,ESFD (SM),0,0,0,0,1,0,2,36128 75576,2,https://materialsproject.org/materials/icsd/36128
36132,Cl3 Cr1 Cs1,194,P63/mmc,SEBR (TI),0,0,0,0,1,0,1,36132,1,https://materialsproject.org/materials/icsd/36132
36144,As4 O6,227,Fd-3m,Trivial,0,0,0,0,1,0,27,36144 238612 238613 238614 238615 238616 238617 238618 238619 238620 238621 238622 238623 238624 238625 238626 238627 238628 238629 238630 238631 238632 238633 238634 238635 238636 238637,27,https://materialsproject.org/materials/icsd/36144
36228,Br6 K2 Se1,225,Fm-3m,Trivial,0,0,0,0,1,0,2,36228 69441,2,https://materialsproject.org/materials/icsd/36228
36255,I2 Nb1 O1,5,C2,Trivial,1,0,1,1,1,0,1,36255,1,https://materialsproject.org/materials/icsd/36255
36305,Br6 Pd1 Rb2,225,Fm-3m,Trivial,0,0,0,0,1,0,1,36305,1,https://materialsproject.org/materials/icsd/36305
36337,F14 I2 Pb8,63,Cmcm,Trivial,1,0,0,0,1,0,2,36337 431846,2,https://materialsproject.org/materials/icsd/36337
36376,As2 Ba1 Pd2,123,P4/mmm,ES (SM),0,0,0,0,1,0,2,36376 190705,2,https://materialsproject.org/materials/icsd/36376
36380,Fe1 K2 Na1 O3,67,Cmme,ESFD (SM),0,0,0,0,1,0,1,36380,1,https://materialsproject.org/materials/icsd/36380
36459,Ca1 O6 Sr2 W1,225,Fm-3m,Trivial,0,0,0,0,1,0,1,36459,1,https://materialsproject.org/materials/icsd/36459
36512,I1 K3 O1,221,Pm-3m,Trivial,1,0,0,0,1,0,1,36512,1,https://materialsproject.org/materials/icsd/36512
36520,O4 P1 Ti1,63,Cmcm,ESFD (SM),1,0,0,0,1,0,2,36520 431885,2,https://materialsproject.org/materials/icsd/36520
36581,H1 Cu1 O5 S1 Tl1,11,P21/m,ESFD (SM),1,0,0,0,1,0,1,36581,1,https://materialsproject.org/materials/icsd/36581
36637,Na3 O5 Re1,144,P31,Trivial,1,0,1,0,1,0,1,36637,1,https://materialsproject.org/materials/icsd/36637
36649,As1 O5 P1,19,P212121,Trivial,1,0,0,0,1,0,1,36649,1,https://materialsproject.org/materials/icsd/36649
36650,As1 O5 Sb1,19,P212121,Trivial,1,0,0,0,1,0,1,36650,1,https://materialsproject.org/materials/icsd/36650
37137,Ni1 O12 P4 Zn1,15,C2/c,Trivial,0,0,0,0,1,0,1,37137,1,https://materialsproject.org/materials/icsd/37137
37231,Fe1 O5 Ti2,63,Cmcm,NLC (TI),0,0,0,0,1,0,1,37231,1,https://materialsproject.org/materials/icsd/37231
37250,Al1 F6 K2 Li1,166,R-3m,Trivial,0,0,0,0,1,0,2,37250 408552,2,https://materialsproject.org/materials/icsd/37250
37270,Br6 K2 Te1,128,P4/mnc,Trivial,0,0,0,0,1,0,2,37270 65117,2,https://materialsproject.org/materials/icsd/37270
37325,Cu1 K1 O1,119,I-4m2,Trivial,1,0,0,0,1,0,2,37325 188522,2,https://materialsproject.org/materials/icsd/37325
37327,Li2 Mn1 O2,164,P-3m1,ESFD (SM),1,0,0,0,1,0,1,37327,1,https://materialsproject.org/materials/icsd/37327
38126,O2 Si1,194,P63/mmc,Trivial,0,0,0,0,1,0,9,38126 40902 40903 44270 162623 162624 170481 170496 200478,9,https://materialsproject.org/materials/icsd/38126
38138,K1 O2,139,I4/mmm,ESFD (SM),1,0,0,0,1,0,4,38138 38245 180563 196755,4,https://materialsproject.org/materials/icsd/38138
38247,Cs1 O2,139,I4/mmm,ESFD (SM),0,0,0,0,1,0,3,38247 627060 627062,3,https://materialsproject.org/materials/icsd/38247
38346,Br6 K2 Te1,225,Fm-3m,Trivial,1,0,0,0,1,0,2,38346 65118,2,https://materialsproject.org/materials/icsd/38346
38358,C1 Cl2 O3 Pb2,127,P4/mbm,NLC (TI),0,0,0,0,1,0,1,38358,1,https://materialsproject.org/materials/icsd/38358
38384,H1 Cl1 Cu1 O1,14,P21/c,NLC (TI),1,0,0,0,1,0,1,38384,1,https://materialsproject.org/materials/icsd/38384
38426,Cu1 F4 K2,64,Cmce,ESFD (SM),1,0,0,0,1,0,2,38426 174116,2,https://materialsproject.org/materials/icsd/38426
38549,F6 Si1 Tl2,225,Fm-3m,Trivial,0,0,0,0,1,0,2,38549 52292,2,https://materialsproject.org/materials/icsd/38549
39133,Ba2 Ge2 O8 Ti1,35,Cmm2,Trivial,1,0,1,0,1,0,1,39133,1,https://materialsproject.org/materials/icsd/39133
39159,Ge2 O7 Sr2 Zn1,113,P-421m,Trivial,1,0,1,0,1,0,4,39159 251824 420521 670006,4,https://materialsproject.org/materials/icsd/39159
39252,H1 Cs1 O4 S1,14,P21/c,Trivial,1,0,1,0,1,0,5,39252 67108 91808 291374 291375,5,https://materialsproject.org/materials/icsd/39252
39285,H3 Cd2 Cl1 O3,62,Pnma,Trivial,0,0,0,0,1,0,2,39285 83524,2,https://materialsproject.org/materials/icsd/39285
39351,Mn1 O6 Sb1 Sr2,107,I4mm,Trivial,1,0,1,0,1,0,2,39351 190647,2,https://materialsproject.org/materials/icsd/39351
39491,H1 Na1 O7 P2 Zn1,2,P-1,Trivial,1,0,0,0,1,0,1,39491,1,https://materialsproject.org/materials/icsd/39491
39504,Mn1 Na2 O4,186,P63mc,ESFD (SM),1,0,1,0,1,0,1,39504,1,https://materialsproject.org/materials/icsd/39504
39535,Cs2 Cu1 O2,139,I4/mmm,ESFD (SM),1,0,0,0,1,0,1,39535,1,https://materialsproject.org/materials/icsd/39535
39607,O3 Pb1 Zr1,38,Amm2,Trivial,1,0,1,0,1,0,1,39607,1,https://materialsproject.org/materials/icsd/39607
39673,K1 O3 Ta1,221,Pm-3m,Trivial,1,1,0,0,1,0,7,39673 39905 56439 56440 184922 280424 674515,7,https://materialsproject.org/materials/icsd/39673
39762,O7 P2 V1,15,C2/c,ESFD (SM),1,0,0,0,1,0,4,39762 160942 160943 160944,4,https://materialsproject.org/materials/icsd/39762
39887,H2 Cu1 O5 Se1,2,P-1,NLC (TI),1,0,1,0,1,0,1,39887,1,https://materialsproject.org/materials/icsd/39887
40062,K2 Pt4 S6,166,R-3m,Trivial,0,0,0,1,1,0,1,40062,1,https://materialsproject.org/materials/icsd/40062
40090,C4 H4 Cu1 Na2 O10,2,P-1,ESFD (SM),1,0,0,0,1,0,1,40090,1,https://materialsproject.org/materials/icsd/40090
40158,Cu1 K1 O1,139,I4/mmm,Trivial,1,0,0,0,1,0,1,40158,1,https://materialsproject.org/materials/icsd/40158
40159,Cu1 O1 Rb1,139,I4/mmm,Trivial,1,0,0,0,1,0,1,40159,1,https://materialsproject.org/materials/icsd/40159
40185,H4 Cd2 O4,8,Cm,Trivial,1,0,0,0,1,0,2,40185 40186,2,https://materialsproject.org/materials/icsd/40185
40262,La2 O4 Pd1,139,I4/mmm,SEBR (TI),0,0,0,0,1,0,1,40262,1,https://materialsproject.org/materials/icsd/40262
40344,Fe1 O6 Sb2,136,P42/mnm,ES (SM),0,0,0,0,1,0,1,40344,1,https://materialsproject.org/materials/icsd/40344
40435,Ni4 P2 Zr1,136,P42/mnm,ES (SM),1,1,0,0,1,0,2,40435 76681,2,https://materialsproject.org/materials/icsd/40435
40479,Br2 Cs1 Li1,129,P4/nmm,Trivial,0,0,0,0,1,0,2,40479 245979,2,https://materialsproject.org/materials/icsd/40479
40485,Li1 Mn2 O4,227,Fd-3m,ESFD (SM),0,0,0,0,1,0,23,40485 50415 50427 53603 85341 85345 88644 89459 89985 93599 94339 94340 151907 155282 155665 165871 165872 182717 192369 193444 195840 242138 261557,23,https://materialsproject.org/materials/icsd/40485
40534,Mo3 O8 Sc1 Zn1,186,P63mc,ESFD (SM),1,0,1,0,1,0,1,40534,1,https://materialsproject.org/materials/icsd/40534
40572,As1 Cs1 Mn1,129,P4/nmm,ESFD (SM),0,0,0,0,1,0,3,40572 40573 610293,3,https://materialsproject.org/materials/icsd/40572
40693,Ba6 Cl2 Ir1 Nb2 O12,164,P-3m1,ESFD (SM),1,0,0,0,1,0,1,40693,1,https://materialsproject.org/materials/icsd/40693
40698,As2 Au1 K5,194,P63/mmc,Trivial,0,0,0,0,1,0,1,40698,1,https://materialsproject.org/materials/icsd/40698
40700,Au1 K5 P2,194,P63/mmc,Trivial,0,0,0,0,1,0,1,40700,1,https://materialsproject.org/materials/icsd/40700
40908,Mn1 Pd1 Te1,216,F-43m,ESFD (SM),1,0,1,0,1,0,2,40908 44996,2,https://materialsproject.org/materials/icsd/40908
41002,Fe2 O4 Si1,227,Fd-3m,Trivial,1,0,0,0,1,0,28,41002 41003 41004 41005 41006 87462 100552 185517 185518 185519 185520 185521 185522 185523 200133 200134 238745 238746 238747 238748 238749 238751 238752 238753 238754 238755 238756 238757,28,https://materialsproject.org/materials/icsd/41002
41060,Ca3 N3 V1,11,P21/m,Trivial,0,0,0,0,1,0,1,41060,1,https://materialsproject.org/materials/icsd/41060
41258,Fe1 N1,216,F-43m,ESFD (SM),0,0,1,0,1,0,5,41258 184376 236789 236790 670506,5,https://materialsproject.org/materials/icsd/41258
41280,Ga1 La1 O3,62,Pnma,Trivial,0,0,0,0,1,0,19,41280 50388 51285 73759 73760 73761 79662 88146 88259 88349 91786 94299 98168 98410 153307 160233 160234 160235 161782,19,https://materialsproject.org/materials/icsd/41280
41320,Br3 Cs1 Ti1,194,P63/mmc,ES (SM),0,0,0,0,1,0,2,41320 400053,2,https://materialsproject.org/materials/icsd/41320
41549,C1 B2 Ni2 Y1,139,I4/mmm,ESFD (SM),0,1,0,0,1,0,5,41549 75816 79574 83231 89142,5,https://materialsproject.org/materials/icsd/41549
41618,F3 Rb1 Zn1,194,P63/mmc,Trivial,0,0,0,0,1,0,3,41618 91835 91836,3,https://materialsproject.org/materials/icsd/41618
41688,H8 Mo1 N2 O2 S2,15,C2/c,Trivial,1,0,0,0,1,0,2,41688 423990,2,https://materialsproject.org/materials/icsd/41688
41709,K1 Mg1 Sb1,129,P4/nmm,Trivial,0,0,0,0,1,0,1,41709,1,https://materialsproject.org/materials/icsd/41709
41787,B2 Co2 La1,139,I4/mmm,ESFD (SM),1,0,0,1,1,0,7,41787 55297 181185 182572 182573 423045 613135,7,https://materialsproject.org/materials/icsd/41787
41792,As2 Ca1 Mn2,164,P-3m1,SEBR (TI),1,0,0,0,1,0,2,41792 609906,2,https://materialsproject.org/materials/icsd/41792
41804,H1 Cu1 I1 O4,62,Pnma,ES (SM),1,0,0,0,1,0,1,41804,1,https://materialsproject.org/materials/icsd/41804
41868,Mn1 Rb1 Sb1,129,P4/nmm,ESFD (SM),0,0,0,0,1,0,3,41868 643395 643396,3,https://materialsproject.org/materials/icsd/41868
41869,Cs1 Mn1 Sb1,129,P4/nmm,ESFD (SM),0,0,0,0,1,0,3,41869 627027 627028,3,https://materialsproject.org/materials/icsd/41869
41882,K1 Mn1 P1,129,P4/nmm,ESFD (SM),0,0,0,0,1,0,3,41882 89592 89593,3,https://materialsproject.org/materials/icsd/41882
41883,As1 K1 Mn1,129,P4/nmm,ESFD (SM),0,0,0,0,1,0,4,41883 60743 60744 60745,4,https://materialsproject.org/materials/icsd/41883
41900,Cu1 Rh2 S4,227,Fd-3m,ESFD (SM),0,1,0,0,1,0,3,41900 291917 628767,3,https://materialsproject.org/materials/icsd/41900
41903,Cu1 Rh2 Se4,227,Fd-3m,ESFD (SM),0,1,0,0,1,0,4,41903 602898 628775 628777,4,https://materialsproject.org/materials/icsd/41903
41921,Ge1 Mn1 Ni1,194,P63/mmc,ESFD (SM),0,0,0,1,1,0,4,41921 637011 637019 637029,4,https://materialsproject.org/materials/icsd/41921
42061,Cr1 Ge1 Nb1,189,P-62m,ESFD (SM),0,0,1,0,1,0,1,42061,1,https://materialsproject.org/materials/icsd/42061
42130,Ge1 Li1 Pd2,225,Fm-3m,ESFD (SM),0,0,0,0,1,0,1,42130,1,https://materialsproject.org/materials/icsd/42130
42139,Ca5 Ge3,140,I4/mcm,ES (SM),0,0,0,1,1,0,3,42139 93704 181074,3,https://materialsproject.org/materials/icsd/42139
42147,Co1 F6 K1 Rb2,225,Fm-3m,Trivial,0,0,0,0,1,0,1,42147,1,https://materialsproject.org/materials/icsd/42147
42148,Co1 F6 Na1 Rb2,225,Fm-3m,Trivial,0,0,0,0,1,0,1,42148,1,https://materialsproject.org/materials/icsd/42148
42150,F6 Na1 Ni1 Rb2,225,Fm-3m,ESFD (SM),0,0,0,0,1,0,1,42150,1,https://materialsproject.org/materials/icsd/42150
42151,F6 K2 Na1 Ni1,225,Fm-3m,ESFD (SM),0,0,0,0,1,0,1,42151,1,https://materialsproject.org/materials/icsd/42151
42327,Fe1 Li1 P1,129,P4/nmm,ES (SM),0,1,0,0,1,0,4,42327 247089 247248 632441,4,https://materialsproject.org/materials/icsd/42327
42337,Si1 V1 Zr1,129,P4/nmm,ESFD (SM),0,0,0,0,1,0,2,42337 652544,2,https://materialsproject.org/materials/icsd/42337
42370,Ba1 Ge1 Mn1,129,P4/nmm,ESFD (SM),0,0,0,0,1,0,4,42370 66964 66965 615891,4,https://materialsproject.org/materials/icsd/42370
42519,Fe1 Ge2,140,I4/mcm,ES (SM),0,1,0,1,1,0,7,42519 77313 195131 631984 631999 632023 632024,7,https://materialsproject.org/materials/icsd/42519
42523,Hf2 Si1,140,I4/mcm,NLC (TI),0,1,0,0,1,0,2,42523 638912,2,https://materialsproject.org/materials/icsd/42523
42524,Ge1 Hf2,140,I4/mcm,NLC (TI),0,1,0,0,1,0,3,42524 636547 636548,3,https://materialsproject.org/materials/icsd/42524
42537,Fe3 S4,166,R-3m,Trivial,1,0,0,0,1,0,1,42537,1,https://materialsproject.org/materials/icsd/42537
42600,Pb1 Pd3,221,Pm-3m,ESFD (SM),0,1,0,1,1,0,2,42600 648357,2,https://materialsproject.org/materials/icsd/42600
42726,Fe1 S2,34,Pnn2,Trivial,1,0,0,0,1,0,1,42726,1,https://materialsproject.org/materials/icsd/42726
42727,Fe1 Te2,34,Pnn2,Trivial,1,0,1,0,1,0,2,42727 633870,2,https://materialsproject.org/materials/icsd/42727
42735,Co1 Si1 Ti1,189,P-62m,ESFD (SM),0,0,1,1,1,0,1,42735,1,https://materialsproject.org/materials/icsd/42735
42750,Al1 Ge1 Mn1,129,P4/nmm,SEBR (TI),0,0,0,0,1,0,4,42750 607972 607974 657172,4,https://materialsproject.org/materials/icsd/42750
42911,Ge1 Mn1 Nb1,189,P-62m,ES (SM),0,0,1,0,1,0,2,42911 637001,2,https://materialsproject.org/materials/icsd/42911
42918,C1 Al1 Cr2,194,P63/mmc,ESFD (SM),0,1,0,0,1,0,2,42918 606181,2,https://materialsproject.org/materials/icsd/42918
42936,C1 Hf3 Zn3,227,Fd-3m,ESFD (SM),0,0,0,0,1,0,2,42936 618069,2,https://materialsproject.org/materials/icsd/42936
42977,Fe1 S1,129,P4/nmm,Trivial,0,1,0,0,1,0,8,42977 43391 81087 182249 182250 182251 238590 633302,8,https://materialsproject.org/materials/icsd/42977
42978,Cu1 Mn1 Sb1,216,F-43m,ESFD (SM),0,0,1,0,1,0,6,42978 53311 76251 628385 628386 628393,6,https://materialsproject.org/materials/icsd/42978
43016,B2 Fe1 W2,127,P4/mbm,ES (SM),0,0,0,0,1,0,1,43016,1,https://materialsproject.org/materials/icsd/43016
43248,Fe1 P1,62,Pnma,ES (SM),1,1,0,0,1,0,5,43248 43400 62607 633046 633050,5,https://materialsproject.org/materials/icsd/43248
43439,Na1 O2 Ti1,166,R-3m,ESFD (SM),0,0,0,0,1,0,1,43439,1,https://materialsproject.org/materials/icsd/43439
43457,Cu1 F3 Tl1,123,P4/mmm,ESFD (SM),0,0,0,0,1,0,1,43457,1,https://materialsproject.org/materials/icsd/43457
43722,F3 Mn1 Rb1,221,Pm-3m,ESFD (SM),0,0,0,1,1,0,1,43722,1,https://materialsproject.org/materials/icsd/43722
43823,C4 Ag1 N3,46,Ima2,Trivial,1,0,1,0,1,0,2,43823 428560,2,https://materialsproject.org/materials/icsd/43823
43847,C1 Al1 Co3,221,Pm-3m,ESFD (SM),0,0,0,0,1,0,1,43847,1,https://materialsproject.org/materials/icsd/43847
43853,C1 Al1 Fe3,221,Pm-3m,ESFD (SM),0,0,0,0,1,0,3,43853 656541 672402,3,https://materialsproject.org/materials/icsd/43853
44009,As1 Mn1 V1,129,P4/nmm,ESFD (SM),0,0,0,0,1,0,1,44009,1,https://materialsproject.org/materials/icsd/44009
44030,As1 Ni1 Rh1,129,P4/nmm,ES (SM),0,0,0,0,1,0,3,44030 187596 601484,3,https://materialsproject.org/materials/icsd/44030
44351,C1 Ge1 Mn3,221,Pm-3m,ESFD (SM),0,0,0,0,1,0,1,44351,1,https://materialsproject.org/materials/icsd/44351
44361,Ge3 Hf5,193,P63/mcm,SEBR (TI),0,0,0,0,1,0,2,44361 636545,2,https://materialsproject.org/materials/icsd/44361
44385,Rh1 Si1,221,Pm-3m,ESFD (SM),0,0,0,0,1,0,2,44385 182507,2,https://materialsproject.org/materials/icsd/44385
44568,B1 Rh3 Y1,221,Pm-3m,ESFD (SM),0,0,0,1,1,0,2,44568 615341,2,https://materialsproject.org/materials/icsd/44568
44609,Cu1 S4 Ti2,227,Fd-3m,ESFD (SM),0,1,0,0,1,0,4,44609 53336 170227 628916,4,https://materialsproject.org/materials/icsd/44609
44619,I1 Rb1,221,Pm-3m,Trivial,0,0,0,0,1,0,4,44619 61523 61559 674967,4,https://materialsproject.org/materials/icsd/44619
44667,Ir2 Si2 Y1,139,I4/mmm,ESFD (SM),0,1,0,0,1,0,6,44667 181768 181769 188326 600299 641030,6,https://materialsproject.org/materials/icsd/44667
44668,Ir2 Si2 Y1,129,P4/nmm,ESFD (SM),0,0,0,0,1,0,5,44668 181770 188325 641031 641036,5,https://materialsproject.org/materials/icsd/44668
44677,K3 Sb1,225,Fm-3m,Trivial,0,0,0,0,1,0,2,44677 246648,2,https://materialsproject.org/materials/icsd/44677
44753,Fe1 Te1,129,P4/nmm,ES (SM),0,0,0,0,1,0,2,44753 169974,2,https://materialsproject.org/materials/icsd/44753
44788,Cd1 F3 K1,221,Pm-3m,Trivial,0,0,0,0,1,0,1,44788,1,https://materialsproject.org/materials/icsd/44788
44819,Li1 Ni2 Si1,225,Fm-3m,ESFD (SM),0,0,0,0,1,0,1,44819,1,https://materialsproject.org/materials/icsd/44819
44824,Li1 P1 Zn1,216,F-43m,Trivial,0,0,0,0,1,0,3,44824 642242 670561,3,https://materialsproject.org/materials/icsd/44824
44926,Mg2 Ni3 Si1,166,R-3m,SEBR (TI),0,0,0,1,1,0,1,44926,1,https://materialsproject.org/materials/icsd/44926
47123,La1 Ni1 O2,123,P4/mmm,ESFD (SM),0,0,0,0,1,0,2,47123 153058,2,https://materialsproject.org/materials/icsd/47123
47227,F7 K1 Sc2,65,Cmmm,Trivial,1,0,0,0,1,0,1,47227,1,https://materialsproject.org/materials/icsd/47227
47244,F6 Hf1 K2,225,Fm-3m,Trivial,0,0,0,0,1,0,1,47244,1,https://materialsproject.org/materials/icsd/47244
49017,Ca1 Mn2 P2,164,P-3m1,SEBR (TI),1,0,0,0,1,0,1,49017,1,https://materialsproject.org/materials/icsd/49017
49019,Mn2 P2 Sr1,164,P-3m1,SEBR (TI),1,0,0,0,1,0,3,49019 77669 77670,3,https://materialsproject.org/materials/icsd/49019
49027,Li2 Na6 O10 W2,2,P-1,Trivial,1,0,0,0,1,0,1,49027,1,https://materialsproject.org/materials/icsd/49027
49516,Cl1 Fe1 Mo1 O4,129,P4/nmm,ESFD (SM),0,0,0,0,1,0,4,49516 202186 202187 202188,4,https://materialsproject.org/materials/icsd/49516
49520,Br6 Rb2 Te1,87,I4/m,Trivial,1,0,0,0,1,0,1,49520,1,https://materialsproject.org/materials/icsd/49520
49521,Br6 Rb2 Te1,225,Fm-3m,Trivial,1,0,0,0,1,0,2,49521 49522,2,https://materialsproject.org/materials/icsd/49521
49582,Cd1 Cs1 F3,221,Pm-3m,Trivial,0,0,0,0,1,0,5,49582 290343 290344 290345 674681,5,https://materialsproject.org/materials/icsd/49582
49583,Cs1 F3 Fe1,221,Pm-3m,Trivial,0,0,0,0,1,0,1,49583,1,https://materialsproject.org/materials/icsd/49583
49585,F3 Mg1 Rb1,221,Pm-3m,Trivial,0,0,0,0,1,0,1,49585,1,https://materialsproject.org/materials/icsd/49585
49586,F3 Fe1 Rb1,221,Pm-3m,Trivial,0,0,0,0,1,0,2,49586 671396,2,https://materialsproject.org/materials/icsd/49586
49587,Cd1 F3 Rb1,221,Pm-3m,Trivial,0,0,0,0,1,0,1,49587,1,https://materialsproject.org/materials/icsd/49587
49706,Cl6 Cs2 Sb1,141,I41/amd,Trivial,0,0,0,0,1,0,3,49706 49707 49708,3,https://materialsproject.org/materials/icsd/49706
49747,Cl3 Rb1 Ti1,194,P63/mmc,ES (SM),0,0,0,0,1,0,1,49747,1,https://materialsproject.org/materials/icsd/49747
49748,Cl3 Cs1 Ti1,194,P63/mmc,ES (SM),0,0,0,0,1,0,1,49748,1,https://materialsproject.org/materials/icsd/49748
49752,Ag1 Na1 O1,119,I-4m2,Trivial,1,0,0,0,1,0,2,49752 188524,2,https://materialsproject.org/materials/icsd/49752
49756,Cu1 Na1 O1,119,I-4m2,Trivial,1,0,0,0,1,0,2,49756 188521,2,https://materialsproject.org/materials/icsd/49756
50169,Ca3 Ir1 Na1 O6,167,R-3c,Trivial,1,0,0,0,1,0,1,50169,1,https://materialsproject.org/materials/icsd/50169
50185,Ca1 P2 Rh2,139,I4/mmm,SEBR (TI),1,1,0,1,1,0,1,50185,1,https://materialsproject.org/materials/icsd/50185
50186,P2 Rh2 Sr1,139,I4/mmm,SEBR (TI),1,0,0,0,1,0,1,50186,1,https://materialsproject.org/materials/icsd/50186
50244,La2 Ni1 O4,64,Cmce,Trivial,1,0,0,0,1,0,7,50244 56318 63398 67838 69752 69754 69755,7,https://materialsproject.org/materials/icsd/50244
50325,N1 O2 Tl1,152,P3121,Trivial,0,0,1,0,1,0,2,50325 50326,2,https://materialsproject.org/materials/icsd/50325
50503,Ge1 Se8 V4,216,F-43m,Trivial,1,0,1,0,1,0,2,50503 195256,2,https://materialsproject.org/materials/icsd/50503
50541,Cu3 K2 O12 Se4,2,P-1,ESFD (SM),1,0,1,0,1,0,1,50541,1,https://materialsproject.org/materials/icsd/50541
50725,Br1 La5 Sb3,193,P63/mcm,ESFD (SM),1,0,0,0,1,0,1,50725,1,https://materialsproject.org/materials/icsd/50725
50732,O3 W1,130,P4/ncc,Trivial,1,0,0,0,1,0,4,50732 50733 88366 673314,4,https://materialsproject.org/materials/icsd/50732
50736,Al1 F1 O4 Sr3,140,I4/mcm,Trivial,1,0,0,0,1,0,3,50736 195183 195184,3,https://materialsproject.org/materials/icsd/50736
50738,Ag5 Rb1 Se3,125,P4/nbm,ES (SM),1,0,0,0,1,0,1,50738,1,https://materialsproject.org/materials/icsd/50738
50787,Cl1 O3 Sr1 V1,62,Pnma,Trivial,1,0,0,0,1,0,1,50787,1,https://materialsproject.org/materials/icsd/50787
50819,Mn1 Rb1 Se2,119,I-4m2,Trivial,1,0,1,0,1,0,1,50819,1,https://materialsproject.org/materials/icsd/50819
50979,Mg1 O5 V2,63,Cmcm,SEBR (TI),1,0,0,0,1,0,2,50979 50981,2,https://materialsproject.org/materials/icsd/50979
50980,Li1 O5 V2,63,Cmcm,ESFD (SM),1,0,0,0,1,0,3,50980 50982 201974,3,https://materialsproject.org/materials/icsd/50980
50988,Cl1 K1 Mo1 O5 P1,129,P4/nmm,ESFD (SM),0,0,0,0,1,0,1,50988,1,https://materialsproject.org/materials/icsd/50988
50994,Ba1 Hf1 N2,129,P4/nmm,Trivial,0,0,0,0,1,0,7,50994 184052 184053 184054 184055 184056 184057,7,https://materialsproject.org/materials/icsd/50994
51017,O8 Re2 Zn1,147,P-3,Trivial,0,0,0,1,1,0,1,51017,1,https://materialsproject.org/materials/icsd/51017
51207,Fe1 Li1 O2,166,R-3m,ESFD (SM),1,0,0,0,1,0,3,51207 51759 78712,3,https://materialsproject.org/materials/icsd/51207
51237,Ca1 F2,123,P4/mmm,Trivial,0,0,0,0,1,0,1,51237,1,https://materialsproject.org/materials/icsd/51237
51261,Cl1 Cu1 La1 O7 Ta2,123,P4/mmm,ESFD (SM),1,0,0,0,1,0,1,51261,1,https://materialsproject.org/materials/icsd/51261
51264,F6 K3 W1,225,Fm-3m,ESFD (SM),1,0,0,0,1,0,1,51264,1,https://materialsproject.org/materials/icsd/51264
51479,Ba2 O8 Si2 V1,100,P4bm,ESFD (SM),1,0,1,0,1,0,2,51479 98722,2,https://materialsproject.org/materials/icsd/51479
51507,Ag1 F6 Pd1,2,P-1,NLC (TI),1,0,1,0,1,0,1,51507,1,https://materialsproject.org/materials/icsd/51507
51607,Ba2 Mn1 O6 W1,225,Fm-3m,ESFD (SM),1,0,0,0,1,0,7,51607 51608 51609 51610 51611 51612 51613,7,https://materialsproject.org/materials/icsd/51607
51894,Ca1 Cu3 O12 Ru4,204,Im-3,ESFD (SM),1,0,0,0,1,0,3,51894 95715 183110,3,https://materialsproject.org/materials/icsd/51894
51982,In1 Mg1 Ni2,225,Fm-3m,ESFD (SM),0,0,0,0,1,0,1,51982,1,https://materialsproject.org/materials/icsd/51982
51984,In1 Mn1 Ni2,225,Fm-3m,ESFD (SM),0,0,0,0,1,0,6,51984 51985 639954 639955 639956 639958,6,https://materialsproject.org/materials/icsd/51984
51988,In1 Mn1 Pd2,225,Fm-3m,ESFD (SM),0,0,0,0,1,0,1,51988,1,https://materialsproject.org/materials/icsd/51988
52159,F3 Ti1,167,R-3c,ESFD (SM),0,0,0,0,1,0,4,52159 52162 52165 67148,4,https://materialsproject.org/materials/icsd/52159
52216,S2 Y1,227,Fd-3m,ESFD (SM),0,0,0,1,1,0,1,52216,1,https://materialsproject.org/materials/icsd/52216
52351,Ca1 N2 O6,205,Pa-3,Trivial,0,0,0,0,1,0,2,52351 56089,2,https://materialsproject.org/materials/icsd/52351
52673,Au1 Mn1 Sb1,216,F-43m,ESFD (SM),0,0,1,0,1,0,4,52673 612166 612167 612171,4,https://materialsproject.org/materials/icsd/52673
52692,Ba1 S3 V1,36,Cmc21,ESFD (SM),1,0,1,0,1,0,4,52692 63229 154182 616099,4,https://materialsproject.org/materials/icsd/52692
52758,Ca1 Ge1 Mn1,129,P4/nmm,ESFD (SM),0,0,0,0,1,0,3,52758 66956 66957,3,https://materialsproject.org/materials/icsd/52758
52813,Cd1 Li1 P1,216,F-43m,Trivial,0,0,0,0,1,0,2,52813 670566,2,https://materialsproject.org/materials/icsd/52813
52954,Co1 Fe2 Ge1,225,Fm-3m,ESFD (SM),0,0,0,1,1,0,1,52954,1,https://materialsproject.org/materials/icsd/52954
52958,Co2 Fe1 Si1,225,Fm-3m,ESFD (SM),0,0,0,0,1,0,5,52958 247649 622985 672918 675045,5,https://materialsproject.org/materials/icsd/52958
52971,Co2 Ge1 Mn1,225,Fm-3m,ESFD (SM),0,0,0,0,1,0,9,52971 623489 623490 623496 672229 674762 675071 675072 675073,9,https://materialsproject.org/materials/icsd/52971
52994,Co2 Ge1 Zn1,225,Fm-3m,ES (SM),0,0,0,1,1,0,1,52994,1,https://materialsproject.org/materials/icsd/52994
52999,Co2 La1 Si2,139,I4/mmm,ESFD (SM),0,0,0,1,1,0,2,52999 90777,2,https://materialsproject.org/materials/icsd/52999
53001,Co1 Mn1 Sb1,216,F-43m,ESFD (SM),0,0,1,1,1,0,3,53001 624126 624133,3,https://materialsproject.org/materials/icsd/53001
53002,Co2 Mn1 Sb1,225,Fm-3m,ESFD (SM),0,0,0,0,1,0,2,53002 624129,2,https://materialsproject.org/materials/icsd/53002
53007,Co2 Mn1 Si1,225,Fm-3m,ESFD (SM),0,0,0,0,1,0,13,53007 624141 624143 624144 624157 659021 672228 672940 673044 675047 675075 675076 675077,13,https://materialsproject.org/materials/icsd/53007
53018,Co3 Nb2 Si1,194,P63/mmc,ESFD (SM),0,0,0,0,1,0,1,53018,1,https://materialsproject.org/materials/icsd/53018
53059,Co1 O1,139,I4/mmm,ESFD (SM),0,0,0,0,1,0,2,53059 174027,2,https://materialsproject.org/materials/icsd/53059
53071,Co1 Sb1 V1,216,F-43m,ESFD (SM),0,0,1,0,1,0,3,53071 107117 624925,3,https://materialsproject.org/materials/icsd/53071
53080,Co2 Si1 Ti1,225,Fm-3m,ESFD (SM),0,0,0,1,1,0,5,53080 53081 185969 189222 625083,5,https://materialsproject.org/materials/icsd/53080
53086,Co2 Si1 V1,225,Fm-3m,ESFD (SM),0,0,0,1,1,0,2,53086 659022,2,https://materialsproject.org/materials/icsd/53086
53088,Co2 Si2 Y1,139,I4/mmm,ESFD (SM),0,0,0,0,1,0,3,53088 427109 625128,3,https://materialsproject.org/materials/icsd/53088
53100,In1 Mo3 Te3,176,P63/m,ESFD (SM),1,1,0,0,1,0,4,53100 603669 604497 640025,4,https://materialsproject.org/materials/icsd/53100
53237,Cs1 K2 Sb1,225,Fm-3m,Trivial,0,0,0,0,1,0,1,53237,1,https://materialsproject.org/materials/icsd/53237
53459,Fe1 Ge1,191,P6/mmm,ES (SM),0,0,0,0,1,0,5,53459 631998 632006 632016 632022,5,https://materialsproject.org/materials/icsd/53459
53462,Fe3 Ge1,225,Fm-3m,Trivial,0,0,0,0,1,0,2,53462 672765,2,https://materialsproject.org/materials/icsd/53462
53505,Fe1 N1 Ni1,123,P4/mmm,ESFD (SM),0,0,0,0,1,0,1,53505,1,https://materialsproject.org/materials/icsd/53505
53525,Fe1 Ru2 Si1,225,Fm-3m,Trivial,0,0,0,1,1,0,3,53525 633245 633246,3,https://materialsproject.org/materials/icsd/53525
53535,Fe1 Sb1,194,P63/mmc,ESFD (SM),0,1,0,1,1,0,3,53535 53971 633396,3,https://materialsproject.org/materials/icsd/53535
53543,Fe1 Se1,123,P4/mmm,ES (SM),0,0,0,0,1,0,2,53543 633467,2,https://materialsproject.org/materials/icsd/53543
53545,Fe3 Si1,225,Fm-3m,ES (SM),0,0,0,0,1,0,14,53545 56281 157941 412838 600519 633528 633531 633534 633535 633537 633545 633552 658523 672766,14,https://materialsproject.org/materials/icsd/53545
53555,Fe2 Si1 V1,225,Fm-3m,ESFD (SM),0,0,0,1,1,0,3,53555 633623 659019,3,https://materialsproject.org/materials/icsd/53555
53687,Ge1 Mn1 Ni2,225,Fm-3m,ESFD (SM),0,0,0,0,1,0,2,53687 192566,2,https://materialsproject.org/materials/icsd/53687
53705,Ge1 Mn1 Pd2,225,Fm-3m,ESFD (SM),0,0,0,0,1,0,1,53705,1,https://materialsproject.org/materials/icsd/53705
53706,Ge1 Mn1 Rh2,225,Fm-3m,ESFD (SM),0,0,0,0,1,0,3,53706 637070 637071,3,https://materialsproject.org/materials/icsd/53706
53707,Ge1 Mn1 Sr1,129,P4/nmm,ESFD (SM),0,0,0,0,1,0,3,53707 66960 66961,3,https://materialsproject.org/materials/icsd/53707
53745,Ge1 Ni3,221,Pm-3m,SEBR (TI),0,0,0,1,1,0,7,53745 104162 600112 637356 637358 637362 637364,7,https://materialsproject.org/materials/icsd/53745
53869,Ge1 O2,152,P3121,Trivial,0,0,1,0,1,0,31,53869 53870 59624 59625 59626 59627 59628 59629 59630 59631 59632 59633 59634 59635 59636 59637 59639 79638 79639 79640 79641 79642 79643 79644 200730 200731 200732 200733 200734 200735 200736,31,https://materialsproject.org/materials/icsd/53869
53970,Mn1 Sb1,194,P63/mmc,SEBR (TI),0,1,0,0,1,0,24,53970 54266 76212 76258 76620 163322 191176 191783 601839 603577 643511 643513 643514 643515 643517 643519 643522 643523 643527 643529 643530 643532 643533 643535,24,https://materialsproject.org/materials/icsd/53970
54120,Al1 F4 Rb1,127,P4/mbm,Trivial,1,0,0,0,1,0,3,54120 54121 200638,3,https://materialsproject.org/materials/icsd/54120
54129,Cu4 O8,63,Cmcm,ESFD (SM),1,0,0,0,1,0,1,54129,1,https://materialsproject.org/materials/icsd/54129
54185,C2 Ca1,12,C2/m,Trivial,1,0,0,0,1,0,23,54185 54188 94385 252719 252725 252728 252731 252740 252743 252746 252749 252752 252755 252758 252761 252764 252767 252770 252773 252776 290833 411190 672970,23,https://materialsproject.org/materials/icsd/54185
54245,La1 Ni5,191,P6/mmm,ESFD (SM),1,0,0,1,1,0,51,54245 104675 104676 104750 155045 155913 159117 161600 162124 182513 183383 189352 193881 196601 200240 242016 242017 242018 242019 242020 242026 242027 242028 242029 242030 600409 601621 602015 603845 641488 641507 641513 641518 641519 641520 641521 641522 641523 641524 641526 641529 641532 641535 641540 641542 641543 641545 641549 657601 658150 670633,51,https://materialsproject.org/materials/icsd/54245
54255,Mn1 Ni1 Sb1,216,F-43m,ES (SM),0,0,1,1,1,0,7,54255 76078 182485 643105 643108 643111 643121,7,https://materialsproject.org/materials/icsd/54255
54343,Mn1 Rh1 Sb1,216,F-43m,ESFD (SM),0,0,1,1,1,0,4,54343 76199 76201 643415,4,https://materialsproject.org/materials/icsd/54343
54375,Mn2 Y1,227,Fd-3m,ESFD (SM),1,0,0,0,1,0,12,54375 105001 105002 150743 603250 643875 643894 643895 643896 643902 643910 643915,12,https://materialsproject.org/materials/icsd/54375
54422,Ni5 Y1,191,P6/mmm,ESFD (SM),0,0,0,1,1,0,12,54422 105462 105463 603868 647059 647075 647084 647089 647093 647101 659941 673580,12,https://materialsproject.org/materials/icsd/54422
54465,Au1 Mn1 Sn1,216,F-43m,ES (SM),1,0,1,0,1,0,2,54465 240860,2,https://materialsproject.org/materials/icsd/54465
54474,Ca1 Ni5,191,P6/mmm,ES (SM),1,0,0,1,1,0,8,54474 58916 619438 619442 619446 619447 619449 619452,8,https://materialsproject.org/materials/icsd/54474
54546,In1 Ni2 Zr1,225,Fm-3m,ESFD (SM),1,0,0,1,1,0,2,54546 59460,2,https://materialsproject.org/materials/icsd/54546
54595,Hf1 In1 Ni2,225,Fm-3m,ESFD (SM),0,0,0,1,1,0,1,54595,1,https://materialsproject.org/materials/icsd/54595
54596,In1 Ni2 Ti1,225,Fm-3m,ESFD (SM),0,1,0,0,1,0,3,54596 59451 59452,3,https://materialsproject.org/materials/icsd/54596
54985,Ni5 Zr1,216,F-43m,ES (SM),0,0,1,1,1,0,5,54985 150648 150939 189201 647156,5,https://materialsproject.org/materials/icsd/54985
55115,Rb2 Te1,225,Fm-3m,Trivial,0,0,0,0,1,0,10,55115 55116 55117 55131 55132 55133 55134 55135 55136 182743,10,https://materialsproject.org/materials/icsd/55115
55564,Co1 Sn1,191,P6/mmm,ESFD (SM),1,0,0,0,1,0,11,55564 102671 151390 161110 161113 161115 161116 161117 161118 625264 670158,11,https://materialsproject.org/materials/icsd/55564
55594,Al2 Zr1,194,P63/mmc,SEBR (TI),0,0,0,0,1,0,7,55594 191009 603593 609703 609713 609721 609743,7,https://materialsproject.org/materials/icsd/55594
55601,Al1 Fe1,221,Pm-3m,ESFD (SM),0,0,0,0,1,0,10,55601 57791 165164 165165 169548 169549 607481 607487 658488 671099,10,https://materialsproject.org/materials/icsd/55601
55926,Ge2 La1 Rh2,139,I4/mmm,ESFD (SM),0,0,0,1,1,0,3,55926 81759 636847,3,https://materialsproject.org/materials/icsd/55926
56028,Ge3 Ta5,193,P63/mcm,ESFD (SM),0,0,0,0,1,0,2,56028 637960,2,https://materialsproject.org/materials/icsd/56028
56095,Ca1 O3 Sn1,221,Pm-3m,Trivial,0,0,0,0,1,0,3,56095 181086 181087,3,https://materialsproject.org/materials/icsd/56095
56117,Al2 Fe1 O4,227,Fd-3m,ES (SM),0,0,0,0,1,0,4,56117 185610 187920 252227,4,https://materialsproject.org/materials/icsd/56117
56160,C2 Ba1,139,I4/mmm,Trivial,0,0,0,0,1,0,7,56160 88098 88101 168410 186575 615792 615794,7,https://materialsproject.org/materials/icsd/56160
56273,Co1 Fe1,221,Pm-3m,ESFD (SM),0,0,0,0,1,0,4,56273 155839 187982 622884,4,https://materialsproject.org/materials/icsd/56273
56602,C6 Cr1 Cs1 Mn1 N6,216,F-43m,ESFD (SM),0,0,1,0,1,0,1,56602,1,https://materialsproject.org/materials/icsd/56602
56667,F1 I1 Pb1,129,P4/nmm,Trivial,0,0,0,0,1,0,6,56667 150193 150194 150195 155012 279599,6,https://materialsproject.org/materials/icsd/56667
56710,Al6 Na8 O24 Si6,218,P-43n,ESFD (SM),0,0,0,0,1,0,1,56710,1,https://materialsproject.org/materials/icsd/56710
56718,O3 Sr1 Ti1,140,I4/mcm,Trivial,0,0,0,0,1,0,8,56718 182247 182762 182763 182764 248380 290619 673335,8,https://materialsproject.org/materials/icsd/56718
56791,Bi2 O10 Pb2 V2,2,P-1,Trivial,1,0,0,0,1,0,1,56791,1,https://materialsproject.org/materials/icsd/56791
56963,H4 B1 Cl1 Cu1 O4,85,P4/n,ESFD (SM),1,0,0,0,1,0,1,56963,1,https://materialsproject.org/materials/icsd/56963
56978,Ag1 Ba1 Bi1,194,P63/mmc,ES (SM),0,0,0,0,1,0,1,56978,1,https://materialsproject.org/materials/icsd/56978
57506,Al1 Au1 Ti1,194,P63/mmc,ES (SM),0,0,0,0,1,0,1,57506,1,https://materialsproject.org/materials/icsd/57506
57596,Al1 Co1,221,Pm-3m,SEBR (TI),0,0,0,0,1,0,6,57596 187973 606532 606533 606535 657493,6,https://materialsproject.org/materials/icsd/57596
57600,Al1 Co2 Cr1,225,Fm-3m,ESFD (SM),0,0,0,0,1,0,4,57600 291940 672915 675041,4,https://materialsproject.org/materials/icsd/57600
57611,Al1 Co2 Hf1,225,Fm-3m,ESFD (SM),0,0,0,0,1,0,3,57611 110809 606590,3,https://materialsproject.org/materials/icsd/57611
57618,Al1 Co2 Mn1,225,Fm-3m,SEBR (TI),0,0,0,0,1,0,7,57618 606611 606614 672231 675063 675064 675065,7,https://materialsproject.org/materials/icsd/57618
57620,Al1 Co2 Nb1,225,Fm-3m,ESFD (SM),0,0,0,0,1,0,2,57620 606622,2,https://materialsproject.org/materials/icsd/57620
57634,Al1 Co2 Ta1,225,Fm-3m,ESFD (SM),0,0,0,0,1,0,2,57634 606667,2,https://materialsproject.org/materials/icsd/57634
57643,Al1 Co2 V1,225,Fm-3m,ESFD (SM),0,0,0,0,1,0,5,57643 188397 606704 606705 674449,5,https://materialsproject.org/materials/icsd/57643
57648,Al1 Co2 Zr1,225,Fm-3m,ESFD (SM),0,0,0,0,1,0,4,57648 606733 606737 606738,4,https://materialsproject.org/materials/icsd/57648
57654,Al1 Cr1 Fe2,225,Fm-3m,ESFD (SM),0,0,0,1,1,0,2,57654 184446,2,https://materialsproject.org/materials/icsd/57654
57792,Fe2 Y1,227,Fd-3m,ESFD (SM),0,0,0,0,1,0,27,57792 103697 103698 106699 150744 601992 603459 634075 634079 634083 634084 634085 634088 634091 634096 634097 634099 634100 634102 634103 634105 634106 634107 634108 634117 634122 672932,27,https://materialsproject.org/materials/icsd/57792
57793,Al1 Fe3,225,Fm-3m,ESFD (SM),0,0,0,1,1,0,5,57793 607482 607484 607485 672764,5,https://materialsproject.org/materials/icsd/57793
57807,Al1 Fe2 Mo1,225,Fm-3m,ESFD (SM),0,0,0,1,1,0,1,57807,1,https://materialsproject.org/materials/icsd/57807
57832,Al1 Fe2 V1,225,Fm-3m,Trivial,0,0,0,0,1,0,3,57832 57833 107814,3,https://materialsproject.org/materials/icsd/57832
57842,Al8 Fe4 Y1,139,I4/mmm,ESFD (SM),0,0,0,1,1,0,5,57842 240140 240141 607728 607735,5,https://materialsproject.org/materials/icsd/57842
57969,Al1 Mn1,123,P4/mmm,ES (SM),0,0,0,0,1,0,2,57969 608456,2,https://materialsproject.org/materials/icsd/57969
57985,Al1 Mn1 Pt2,225,Fm-3m,ESFD (SM),0,0,0,0,1,0,1,57985,1,https://materialsproject.org/materials/icsd/57985
57986,Al1 Mn1 Rh2,225,Fm-3m,SEBR (TI),0,0,0,0,1,0,1,57986,1,https://materialsproject.org/materials/icsd/57986
58015,Al3 Nb1,139,I4/mmm,ES (SM),0,1,0,0,1,0,12,58015 107857 186000 608658 608663 608670 608672 608682 608686 608690 670156 670759,12,https://materialsproject.org/materials/icsd/58015
58038,Al1 Ni3,221,Pm-3m,ESFD (SM),0,0,0,1,1,0,21,58038 58039 105529 151385 185893 187989 196567 196568 604410 608781 608782 608790 608797 608799 608811 608814 671563 671564 672104 672243 673108,21,https://materialsproject.org/materials/icsd/58038
58041,Al3 Ni5,65,Cmmm,ESFD (SM),0,0,0,0,1,0,3,58041 191113 608803,3,https://materialsproject.org/materials/icsd/58041
58050,Al1 Ni2 Sc1,225,Fm-3m,ESFD (SM),0,0,0,0,1,0,1,58050,1,https://materialsproject.org/materials/icsd/58050
58063,Al1 Ni2 Ti1,225,Fm-3m,ESFD (SM),0,1,0,0,1,0,2,58063 165902,2,https://materialsproject.org/materials/icsd/58063
58080,Al1 Ni1 Zr1,189,P-62m,ESFD (SM),0,0,1,0,1,0,6,58080 152131 186404 410399 608967 608978,6,https://materialsproject.org/materials/icsd/58080
58188,Al1 Ti3,194,P63/mmc,ESFD (SM),0,0,0,0,1,0,5,58188 99779 181338 609523 609538,5,https://materialsproject.org/materials/icsd/58188
58201,Al3 V1,139,I4/mmm,ES (SM),0,1,0,1,1,0,6,58201 151104 167811 609613 609617 670975,6,https://materialsproject.org/materials/icsd/58201
58599,Au1 Ta3,223,Pm-3n,ESFD (SM),0,0,0,0,1,0,1,58599,1,https://materialsproject.org/materials/icsd/58599
58612,Au1 V3,223,Pm-3n,ESFD (SM),0,1,0,0,1,0,4,58612 612451 612456 612459,4,https://materialsproject.org/materials/icsd/58612
58638,Ba1 Bi2 Zn1,139,I4/mmm,Trivial,0,0,0,0,1,0,1,58638,1,https://materialsproject.org/materials/icsd/58638
58672,Ba1 Pd5,191,P6/mmm,ES (SM),0,0,0,1,1,0,2,58672 616030,2,https://materialsproject.org/materials/icsd/58672
58675,Ba1 Pt2,227,Fd-3m,SEBR (TI),0,1,0,1,1,0,3,58675 616039 616040,3,https://materialsproject.org/materials/icsd/58675
58693,Be1 Co1,221,Pm-3m,ESFD (SM),0,0,0,0,1,0,4,58693 150619 616204 616206,4,https://materialsproject.org/materials/icsd/58693
58721,Be2 Nb1,227,Fd-3m,ESFD (SM),0,1,0,0,1,0,2,58721 616354,2,https://materialsproject.org/materials/icsd/58721
58726,Be1 Ni1,221,Pm-3m,SEBR (TI),0,0,0,0,1,0,3,58726 616363 616367,3,https://materialsproject.org/materials/icsd/58726
58764,Bi2 Cd1 Sr1,139,I4/mmm,Trivial,1,0,0,0,1,0,1,58764,1,https://materialsproject.org/materials/icsd/58764
58793,Bi1 K3,225,Fm-3m,ESFD (SM),0,1,0,0,1,0,1,58793,1,https://materialsproject.org/materials/icsd/58793
58805,Bi1 Mn1,194,P63/mmc,ES (SM),0,1,0,0,1,0,14,58805 192873 192874 192875 192876 192877 192878 192879 192880 192881 616808 616811 616812 672818,14,https://materialsproject.org/materials/icsd/58805
58849,Bi1 Rb3,225,Fm-3m,ESFD (SM),0,0,0,0,1,0,1,58849,1,https://materialsproject.org/materials/icsd/58849
58874,Ca1 Cd1,221,Pm-3m,ESFD (SM),0,0,0,0,1,0,2,58874 619188,2,https://materialsproject.org/materials/icsd/58874
58915,Ca1 Ni2,227,Fd-3m,ESFD (SM),0,0,0,1,1,0,3,58915 619440 619441,3,https://materialsproject.org/materials/icsd/58915
59196,Cl6 Cs2 K1 Sc1,225,Fm-3m,Trivial,1,0,0,0,1,0,1,59196,1,https://materialsproject.org/materials/icsd/59196
59345,Na1 O5 V2,59,Pmmn,ESFD (SM),1,0,0,0,1,0,12,59345 88354 88861 88862 88863 88864 89411 89412 89413 92954 251182 409210,12,https://materialsproject.org/materials/icsd/59345
59359,Li2 O5 Si1 V1,129,P4/nmm,ESFD (SM),0,0,0,0,1,0,12,59359 417276 417277 417278 417279 417280 417281 417282 417283 417284 417285 417286,12,https://materialsproject.org/materials/icsd/59359
59371,Cl3 Cs1 Ni1,194,P63/mmc,ES (SM),0,0,0,0,1,0,3,59371 60262 423828,3,https://materialsproject.org/materials/icsd/59371
59435,In1 Ni1,191,P6/mmm,ESFD (SM),0,0,0,1,1,0,9,59435 161111 161114 161123 161124 161125 161126 185625 640117,9,https://materialsproject.org/materials/icsd/59435
59436,In1 Ni2,194,P63/mmc,ESFD (SM),0,0,0,0,1,0,6,59436 59437 185624 640098 640107 670969,6,https://materialsproject.org/materials/icsd/59436
59438,In1 Ni3,221,Pm-3m,ESFD (SM),0,0,0,1,1,0,2,59438 59439,2,https://materialsproject.org/materials/icsd/59438
59446,In1 Ni2 Sc1,225,Fm-3m,ESFD (SM),0,0,0,0,1,0,1,59446,1,https://materialsproject.org/materials/icsd/59446
59476,In1 Pd3,123,P4/mmm,ESFD (SM),0,0,0,0,1,0,1,59476,1,https://materialsproject.org/materials/icsd/59476
59515,In1 Rh1,221,Pm-3m,ES (SM),0,1,0,0,1,0,2,59515 59516,2,https://materialsproject.org/materials/icsd/59515
59657,O4 Pb1 Pt2,2,P-1,NLC (TI),1,0,0,0,1,0,2,59657 82204,2,https://materialsproject.org/materials/icsd/59657
59697,Cl2 Co1 O2 Sr2,139,I4/mmm,ESFD (SM),1,0,0,0,1,0,3,59697 151787 151788,3,https://materialsproject.org/materials/icsd/59697
59698,Br2 Co1 O2 Sr2,139,I4/mmm,ESFD (SM),1,0,0,0,1,0,3,59698 151789 151790,3,https://materialsproject.org/materials/icsd/59698
59723,C6 Ag3 K2 N6 Na1,12,C2/m,Trivial,1,0,0,1,1,0,4,59723 59724 59725 59726,4,https://materialsproject.org/materials/icsd/59723
59823,H2 Li1 O2 P1,12,C2/m,Trivial,1,0,0,0,1,0,2,59823 250176,2,https://materialsproject.org/materials/icsd/59823
59878,C1 Ca1 F1 K1 O3,187,P-6m2,Trivial,1,0,0,0,1,0,6,59878 154681 154682 154683 154685 262230,6,https://materialsproject.org/materials/icsd/59878
59894,Cl6 K2 Ta1,225,Fm-3m,ESFD (SM),1,0,0,1,1,0,1,59894,1,https://materialsproject.org/materials/icsd/59894
59966,Cr1 F3,167,R-3c,ESFD (SM),1,0,1,0,1,0,5,59966 59968 59969 59972 59973,5,https://materialsproject.org/materials/icsd/59966
60006,Mn1 O3 Ti1,148,R-3,SEBR (TI),1,0,1,1,1,0,3,60006 171579 184649,3,https://materialsproject.org/materials/icsd/60006
60250,Br2 Mn1,164,P-3m1,ESFD (SM),0,0,0,0,1,0,1,60250,1,https://materialsproject.org/materials/icsd/60250
60435,Na2 O1,225,Fm-3m,Trivial,0,0,0,0,1,0,3,60435 180570 644917,3,https://materialsproject.org/materials/icsd/60435
60440,K2 Se1,225,Fm-3m,Trivial,0,0,0,1,1,0,3,60440 168448 196758,3,https://materialsproject.org/materials/icsd/60440
60441,K2 Te1,225,Fm-3m,Trivial,0,0,0,1,1,0,5,60441 96739 182742 631721 641376,5,https://materialsproject.org/materials/icsd/60441
60611,F3 Na1 V1,221,Pm-3m,ESFD (SM),0,0,0,1,1,0,1,60611,1,https://materialsproject.org/materials/icsd/60611
60736,Bi1 Mn1 Na1,129,P4/nmm,ESFD (SM),0,0,0,0,1,0,5,60736 60737 60738 601587 616814,5,https://materialsproject.org/materials/icsd/60736
60759,Cu1 F2 O3 W1,11,P21/m,ESFD (SM),1,0,0,0,1,0,1,60759,1,https://materialsproject.org/materials/icsd/60759
60847,Cu1 O2 Sc1,194,P63/mmc,Trivial,0,0,0,1,1,0,4,60847 95667 151929 670128,4,https://materialsproject.org/materials/icsd/60847
60851,Br4 In2,52,Pnna,Trivial,1,0,0,0,1,0,2,60851 62240,2,https://materialsproject.org/materials/icsd/60851
60935,In1 Li1 O7 P2,4,P21,Trivial,1,0,1,0,1,0,1,60935,1,https://materialsproject.org/materials/icsd/60935
60957,Mo2 O12 Y5,12,C2/m,ESFD (SM),1,0,0,1,1,0,2,60957 62215,2,https://materialsproject.org/materials/icsd/60957
61198,Ni1 O6 Ta2,136,P42/mnm,Trivial,1,0,0,1,1,0,2,61198 247807,2,https://materialsproject.org/materials/icsd/61198
61256,Ga9 O2 S13 Tl3,174,P-6,Trivial,1,0,1,0,1,0,1,61256,1,https://materialsproject.org/materials/icsd/61256
61399,O5 Pb2 W1,12,C2/m,Trivial,0,0,0,0,1,0,1,61399,1,https://materialsproject.org/materials/icsd/61399
61522,Br1 Rb1,221,Pm-3m,Trivial,0,0,0,0,1,0,3,61522 61560 674964,3,https://materialsproject.org/materials/icsd/61522
61556,Br1 K1,221,Pm-3m,Trivial,0,0,0,0,1,0,31,61556 290554 290555 290556 290557 290558 290559 290560 290561 290562 290563 290564 290565 290566 290567 290568 290569 290570 290571 290572 290573 290574 290575 290576 290577 290578 290579 290580 290581 290582 674956,31,https://materialsproject.org/materials/icsd/61556
62390,Ba3 Cu2 O10 Pt1 Y2,12,C2/m,NLC (TI),1,0,0,0,1,0,1,62390,1,https://materialsproject.org/materials/icsd/62390
62544,Au1 Cu1 F5,2,P-1,ESFD (SM),0,0,1,1,1,0,1,62544,1,https://materialsproject.org/materials/icsd/62544
62555,Ca2 Cl1 N1,166,R-3m,Trivial,1,0,0,1,1,0,2,62555 153101,2,https://materialsproject.org/materials/icsd/62555
62556,Br1 Ca2 N1,166,R-3m,Trivial,1,0,0,1,1,0,2,62556 153105,2,https://materialsproject.org/materials/icsd/62556
62591,Si3 Ti5,193,P63/mcm,SEBR (TI),0,1,0,0,1,0,4,62591 168415 652424 671881,4,https://materialsproject.org/materials/icsd/62591
62742,H1 Cu2 K3 O14 P4,2,P-1,NLC (TI),1,0,1,0,1,0,1,62742,1,https://materialsproject.org/materials/icsd/62742
62748,B12 P2,166,R-3m,Trivial,1,0,0,1,1,0,1,62748,1,https://materialsproject.org/materials/icsd/62748
62749,As2 B12,166,R-3m,Trivial,0,0,0,1,1,0,1,62749,1,https://materialsproject.org/materials/icsd/62749
62856,Co2 Cu1 Ge2,51,Pmma,ESFD (SM),1,0,0,0,1,0,1,62856,1,https://materialsproject.org/materials/icsd/62856
63149,Al1 As2 Na3,72,Ibam,Trivial,1,0,0,0,1,0,1,63149,1,https://materialsproject.org/materials/icsd/63149
63228,Ba1 S3 V1,63,Cmcm,ESFD (SM),1,0,0,1,1,0,1,63228,1,https://materialsproject.org/materials/icsd/63228
63230,Ba1 S3 V1,20,C2221,ES (SM),1,0,1,0,1,0,1,63230,1,https://materialsproject.org/materials/icsd/63230
63269,Ba2 Cu3 O6 Y1,123,P4/mmm,NLC (TI),1,1,0,0,1,0,10,63269 63424 66903 67016 68008 68046 68290 72254 84739 203116,10,https://materialsproject.org/materials/icsd/63269
63423,Ba2 Cu3 O6 Y1,115,P-4m2,SEBR (TI),0,0,1,0,1,0,1,63423,1,https://materialsproject.org/materials/icsd/63423
63520,La1 O3 V1,62,Pnma,Trivial,0,0,0,0,1,0,4,63520 73898 73899 185831,4,https://materialsproject.org/materials/icsd/63520
64613,Cl6 Cs2 Re1,225,Fm-3m,ESFD (SM),1,0,0,0,1,0,1,64613,1,https://materialsproject.org/materials/icsd/64613
65004,Al3 Cl1 Na4 O12 Si3,218,P-43n,Trivial,0,0,1,0,1,0,2,65004 74537,2,https://materialsproject.org/materials/icsd/65004
65175,Ge1 Li8 O6,185,P63cm,Trivial,1,0,0,0,1,0,1,65175,1,https://materialsproject.org/materials/icsd/65175
65176,Li8 O6 Si1,185,P63cm,Trivial,1,0,0,0,1,0,1,65176,1,https://materialsproject.org/materials/icsd/65176
65181,Ag1 F11 Pd1 Zr2,12,C2/m,Trivial,1,0,0,0,1,0,1,65181,1,https://materialsproject.org/materials/icsd/65181
65183,I3 O1 W1,136,P42/mnm,Trivial,1,0,0,0,1,0,1,65183,1,https://materialsproject.org/materials/icsd/65183
65186,Ag1 F12 Sb2,2,P-1,ESFD (SM),0,0,0,0,1,0,1,65186,1,https://materialsproject.org/materials/icsd/65186
65196,H4 Ca1 Rb2,139,I4/mmm,Trivial,0,0,0,1,1,0,1,65196,1,https://materialsproject.org/materials/icsd/65196
65300,Br6 Pb1 Rb4,167,R-3c,Trivial,1,0,0,0,1,0,1,65300,1,https://materialsproject.org/materials/icsd/65300
65447,Mn1 Na6 S4,186,P63mc,ESFD (SM),1,0,1,0,1,0,4,65447 95065 95066 642996,4,https://materialsproject.org/materials/icsd/65447
65453,K2 Mn1 S2,72,Ibam,ESFD (SM),1,0,0,1,1,0,1,65453,1,https://materialsproject.org/materials/icsd/65453
65454,Mn1 Rb2 S2,72,Ibam,ESFD (SM),1,0,0,1,1,0,1,65454,1,https://materialsproject.org/materials/icsd/65454
65455,Cs2 Mn1 S2,72,Ibam,ESFD (SM),1,0,0,1,1,0,1,65455,1,https://materialsproject.org/materials/icsd/65455
65456,K2 Mn1 Se2,72,Ibam,ESFD (SM),1,0,0,1,1,0,1,65456,1,https://materialsproject.org/materials/icsd/65456
65457,Mn1 Rb2 Se2,72,Ibam,ESFD (SM),1,0,0,1,1,0,1,65457,1,https://materialsproject.org/materials/icsd/65457
65458,Cs2 Mn1 Se2,72,Ibam,ESFD (SM),1,0,0,1,1,0,1,65458,1,https://materialsproject.org/materials/icsd/65458
65460,Mn1 Rb2 Te2,72,Ibam,ESFD (SM),1,0,0,1,1,0,1,65460,1,https://materialsproject.org/materials/icsd/65460
65461,Cs2 Mn1 Te2,72,Ibam,ESFD (SM),1,0,0,1,1,0,1,65461,1,https://materialsproject.org/materials/icsd/65461
65507,H6 B6 K2,225,Fm-3m,Trivial,1,0,0,0,1,0,1,65507,1,https://materialsproject.org/materials/icsd/65507
65614,Ba3 Cu2 O10 Pt1 Y2,12,C2/m,SEBR (TI),1,0,0,0,1,0,1,65614,1,https://materialsproject.org/materials/icsd/65614
65699,C6 Ag3 K2 N6 Na1,162,P-31m,Trivial,1,0,0,1,1,0,1,65699,1,https://materialsproject.org/materials/icsd/65699
65731,Cl6 Cs2 Li1 Y1,225,Fm-3m,Trivial,1,0,0,0,1,0,1,65731,1,https://materialsproject.org/materials/icsd/65731
65732,Cl6 Cs2 Na1 Y1,225,Fm-3m,Trivial,1,0,0,0,1,0,3,65732 245353 245354,3,https://materialsproject.org/materials/icsd/65732
65738,Al2 F1 K4 Nb11 O20,139,I4/mmm,Trivial,0,0,0,0,1,0,1,65738,1,https://materialsproject.org/materials/icsd/65738
65780,Na2 O7 W2,36,Cmc21,Trivial,1,0,1,0,1,0,1,65780,1,https://materialsproject.org/materials/icsd/65780
65785,F4 V1,14,P21/c,ESFD (SM),0,0,0,0,1,0,1,65785,1,https://materialsproject.org/materials/icsd/65785
65838,Mg4 N12 P6 S1,217,I-43m,Trivial,1,0,0,0,1,0,2,65838 642665,2,https://materialsproject.org/materials/icsd/65838
66098,Cr2 Li14 N8 O1,147,P-3,Trivial,1,0,0,0,1,0,2,66098 151435,2,https://materialsproject.org/materials/icsd/66098
66277,Ni1 O2 Rb2,139,I4/mmm,Trivial,1,0,0,0,1,0,1,66277,1,https://materialsproject.org/materials/icsd/66277
66280,Na1 O2 Rh1,166,R-3m,Trivial,1,0,0,0,1,0,1,66280,1,https://materialsproject.org/materials/icsd/66280
66347,Cu1 O6 Pt1 Sr3,15,C2/c,ESFD (SM),1,0,0,0,1,0,2,66347 72721,2,https://materialsproject.org/materials/icsd/66347
66534,Ba1 Cu1 O7 P2,2,P-1,NLC (TI),1,0,0,0,1,0,1,66534,1,https://materialsproject.org/materials/icsd/66534
66767,B2 Ca1 Rh3,191,P6/mmm,ESFD (SM),0,0,0,0,1,0,1,66767,1,https://materialsproject.org/materials/icsd/66767
66948,Ge1 Mg1 Mn1,129,P4/nmm,ESFD (SM),0,0,0,0,1,0,5,66948 66952 66953 87116 87117,5,https://materialsproject.org/materials/icsd/66948
66949,Ca1 Mn1 Si1,129,P4/nmm,ESFD (SM),0,0,0,0,1,0,3,66949 66954 66955,3,https://materialsproject.org/materials/icsd/66949
66950,Ca1 Mn1 Sn1,129,P4/nmm,ESFD (SM),0,0,0,0,1,0,3,66950 66958 66959,3,https://materialsproject.org/materials/icsd/66950
66951,Mn1 Sn1 Sr1,129,P4/nmm,ESFD (SM),0,0,0,0,1,0,3,66951 66962 66963,3,https://materialsproject.org/materials/icsd/66951
67241,N4 Si3,173,P63,Trivial,0,0,1,0,1,0,17,67241 74741 74742 74743 74744 74745 74746 74747 74748 74749 74750 74751 74752 74753 74754 74755 77812,17,https://materialsproject.org/materials/icsd/67241
67260,Hg1 Na4 P2,166,R-3m,Trivial,1,0,0,0,1,0,1,67260,1,https://materialsproject.org/materials/icsd/67260
67261,K4 P2 Zn1,166,R-3m,Trivial,1,0,0,1,1,0,1,67261,1,https://materialsproject.org/materials/icsd/67261
67263,Hg1 K4 P2,166,R-3m,Trivial,1,0,0,1,1,0,1,67263,1,https://materialsproject.org/materials/icsd/67263
67284,K2 O7 W2,14,P21/c,Trivial,1,0,0,0,1,0,1,67284,1,https://materialsproject.org/materials/icsd/67284
67346,N2 Na1 Ta1,166,R-3m,Trivial,1,0,0,0,1,0,5,67346 67347 76382 190937 657406,5,https://materialsproject.org/materials/icsd/67346
67362,Co2 Se2 Tl1,139,I4/mmm,ESFD (SM),0,0,0,0,1,0,7,67362 95138 95139 95140 95141 625007 674509,7,https://materialsproject.org/materials/icsd/67362
67370,Co2 K1 Se2,139,I4/mmm,ESFD (SM),0,0,0,0,1,0,4,67370 182837 182838 623961,4,https://materialsproject.org/materials/icsd/67370
67387,Co1 K2 S2,72,Ibam,ESFD (SM),1,0,0,0,1,0,3,67387 623958 623960,3,https://materialsproject.org/materials/icsd/67387
67388,Co1 Rb2 S2,72,Ibam,ESFD (SM),1,0,0,0,1,0,1,67388,1,https://materialsproject.org/materials/icsd/67388
67389,Co1 Cs2 S2,72,Ibam,ESFD (SM),1,0,0,0,1,0,1,67389,1,https://materialsproject.org/materials/icsd/67389
67390,Co1 K2 Se2,72,Ibam,ESFD (SM),1,0,0,0,1,0,1,67390,1,https://materialsproject.org/materials/icsd/67390
67391,Co1 Rb2 Se2,72,Ibam,ESFD (SM),1,0,0,0,1,0,1,67391,1,https://materialsproject.org/materials/icsd/67391
67392,Co1 Cs2 Se2,72,Ibam,ESFD (SM),1,0,0,0,1,0,1,67392,1,https://materialsproject.org/materials/icsd/67392
67500,Br2 Mn1,166,R-3m,ESFD (SM),1,0,0,0,1,0,1,67500,1,https://materialsproject.org/materials/icsd/67500
67559,P1 S4 Sc1,2,P-1,Trivial,1,0,0,0,1,0,1,67559,1,https://materialsproject.org/materials/icsd/67559
67880,Mg1 O6 Pb2 W1,225,Fm-3m,Trivial,1,0,0,0,1,0,1,67880,1,https://materialsproject.org/materials/icsd/67880
67978,Ba1 Cu1 Fe1 O5 Y1,99,P4mm,ES (SM),0,0,1,0,1,0,4,67978 71355 87466 241398,4,https://materialsproject.org/materials/icsd/67978
67982,B2 K2 O6 Zr1,166,R-3m,Trivial,1,0,0,0,1,0,1,67982,1,https://materialsproject.org/materials/icsd/67982
68151,As1 B6,166,R-3m,Trivial,1,0,0,1,1,0,2,68151 107916,2,https://materialsproject.org/materials/icsd/68151
68335,O9 S1 Zr3,147,P-3,Trivial,0,0,0,0,1,0,1,68335,1,https://materialsproject.org/materials/icsd/68335
68358,H4 K2 Mg1,139,I4/mmm,Trivial,0,0,0,1,1,0,1,68358,1,https://materialsproject.org/materials/icsd/68358
68505,Br2 K4 O1,139,I4/mmm,Trivial,1,0,0,0,1,0,1,68505,1,https://materialsproject.org/materials/icsd/68505
68794,Ba1 La2 O5 Pt1,127,P4/mbm,Trivial,1,0,0,0,1,0,2,68794 670385,2,https://materialsproject.org/materials/icsd/68794
69016,N1 Sr2,166,R-3m,ESFD (SM),1,0,0,0,1,0,5,69016 410315 411612 414330 644701,5,https://materialsproject.org/materials/icsd/69016
69044,Ca1 N1 Ni1,131,P42/mmc,ESFD (SM),0,0,0,0,1,0,2,69044 656846,2,https://materialsproject.org/materials/icsd/69044
69167,F3 V1,167,R-3c,ES (SM),1,0,0,0,1,0,1,69167,1,https://materialsproject.org/materials/icsd/69167
69349,F3 Na1 Zn1,62,Pnma,Trivial,1,0,0,0,1,0,2,69349 72320,2,https://materialsproject.org/materials/icsd/69349
69360,O3 Ru1 Sr1,221,Pm-3m,ESFD (SM),1,0,0,1,1,0,7,69360 82981 82982 82983 82984 162777 187484,7,https://materialsproject.org/materials/icsd/69360
69438,K2 Pt4 Se6,166,R-3m,Trivial,1,0,0,0,1,0,1,69438,1,https://materialsproject.org/materials/icsd/69438
69439,Pt4 Rb2 Se6,166,R-3m,Trivial,1,0,0,0,1,0,1,69439,1,https://materialsproject.org/materials/icsd/69439
69675,Cs2 F5 Mn1,123,P4/mmm,Trivial,1,0,1,0,1,0,1,69675,1,https://materialsproject.org/materials/icsd/69675
69853,Ba2 S4 Zr1,139,I4/mmm,Trivial,1,0,0,0,1,0,2,69853 80651,2,https://materialsproject.org/materials/icsd/69853
71019,Cd4 N12 P6 S1,217,I-43m,Trivial,1,0,0,0,1,0,1,71019,1,https://materialsproject.org/materials/icsd/71019
71028,Cd1 O6 Sb2,162,P-31m,Trivial,1,0,0,1,1,0,1,71028,1,https://materialsproject.org/materials/icsd/71028
71085,B1 Li3 N2,136,P42/mnm,Trivial,0,0,0,0,1,0,1,71085,1,https://materialsproject.org/materials/icsd/71085
71221,Cu2 Li1 O2,62,Pnma,ES (SM),1,0,0,0,1,0,3,71221 71683 188111,3,https://materialsproject.org/materials/icsd/71221
71320,O7 Sr3 V2,139,I4/mmm,SEBR (TI),1,0,0,0,1,0,2,71320 71451,2,https://materialsproject.org/materials/icsd/71320
71446,H9 Cl1 O5 Sr1,2,P-1,Trivial,0,0,0,0,1,0,1,71446,1,https://materialsproject.org/materials/icsd/71446
71499,Cr1 Si2,139,I4/mmm,ES (SM),0,0,0,0,1,0,1,71499,1,https://materialsproject.org/materials/icsd/71499
71535,Ba2 Cu2 O12 Si4,139,I4/mmm,SEBR (TI),1,0,0,0,1,0,1,71535,1,https://materialsproject.org/materials/icsd/71535
71536,Co1 K2 O6 Se2,166,R-3m,ESFD (SM),1,0,0,0,1,0,1,71536,1,https://materialsproject.org/materials/icsd/71536
71582,H1 F7 I1 N1 O1,2,P-1,Trivial,0,0,0,0,1,0,1,71582,1,https://materialsproject.org/materials/icsd/71582
71583,H1 F12 I2 K1,140,I4/mcm,Trivial,0,0,0,0,1,0,1,71583,1,https://materialsproject.org/materials/icsd/71583
71602,Al2 Ba5 Cl1 In2 Ir1 O13,194,P63/mmc,Trivial,0,0,0,0,1,0,1,71602,1,https://materialsproject.org/materials/icsd/71602
71606,Cu1 Nb2 O6,60,Pbcn,ES (SM),0,0,0,0,1,0,4,71606 74424 79455 80316,4,https://materialsproject.org/materials/icsd/71606
72110,F7 In1 Na2 Ni1,62,Pnma,Trivial,0,0,1,0,1,0,1,72110,1,https://materialsproject.org/materials/icsd/72110
72118,Ca3 N3 V1,63,Cmcm,Trivial,0,0,0,0,1,0,1,72118,1,https://materialsproject.org/materials/icsd/72118
72217,Na1 O12 P3 Sn2,167,R-3c,Trivial,0,0,0,0,1,0,2,72217 72218,2,https://materialsproject.org/materials/icsd/72217
72299,F5 Pd2 Rb1,74,Imma,Trivial,1,0,0,0,1,0,1,72299,1,https://materialsproject.org/materials/icsd/72299
72353,Cs2 F4 Hg1,139,I4/mmm,Trivial,0,0,0,0,1,0,1,72353,1,https://materialsproject.org/materials/icsd/72353
72387,Co1 Li1 N2 Sr2,136,P42/mnm,ES (SM),1,0,0,0,1,0,1,72387,1,https://materialsproject.org/materials/icsd/72387
72409,Mg2 Ni3 P1,166,R-3m,ESFD (SM),1,0,0,1,1,0,1,72409,1,https://materialsproject.org/materials/icsd/72409
72485,Cu1 Li2 O7 P2,15,C2/c,ESFD (SM),1,0,0,0,1,0,2,72485 160321,2,https://materialsproject.org/materials/icsd/72485
72518,As2 Mo1 O7,14,P21/c,Trivial,0,0,0,0,1,0,1,72518,1,https://materialsproject.org/materials/icsd/72518
72546,Cs1 N2 Nb1,227,Fd-3m,Trivial,1,0,0,1,1,0,1,72546,1,https://materialsproject.org/materials/icsd/72546
72557,N2 Na1 Nb1,166,R-3m,Trivial,1,0,0,0,1,0,2,72557 657407,2,https://materialsproject.org/materials/icsd/72557
72813,Ba2 Cu1 O6 W1,87,I4/m,ESFD (SM),1,0,1,0,1,0,1,72813,1,https://materialsproject.org/materials/icsd/72813
72815,Ca1 Mo1 O6 Sr2,225,Fm-3m,Trivial,1,0,0,0,1,0,1,72815,1,https://materialsproject.org/materials/icsd/72815
72887,Ba4 In6 O13,45,Iba2,Trivial,0,0,0,1,1,0,1,72887,1,https://materialsproject.org/materials/icsd/72887
72920,S4 V3,176,P63/m,ESFD (SM),1,1,0,0,1,0,3,72920 72921 72922,3,https://materialsproject.org/materials/icsd/72920
72926,Ir1 O6 Sr4,167,R-3c,ESFD (SM),1,0,0,0,1,0,1,72926,1,https://materialsproject.org/materials/icsd/72926
72991,F14 Sr4 Zn3,8,Cm,Trivial,1,0,1,0,1,0,1,72991,1,https://materialsproject.org/materials/icsd/72991
73008,Cs2 S6 Sn2,2,P-1,Trivial,1,0,0,0,1,0,1,73008,1,https://materialsproject.org/materials/icsd/73008
73178,K2 Te2,189,P-62m,Trivial,1,0,0,0,1,0,1,73178,1,https://materialsproject.org/materials/icsd/73178
73179,Rb2 Te2,189,P-62m,Trivial,1,0,0,0,1,0,1,73179,1,https://materialsproject.org/materials/icsd/73179
73209,Na2 Ni1 O2 Rb1,139,I4/mmm,ESFD (SM),1,0,0,0,1,0,1,73209,1,https://materialsproject.org/materials/icsd/73209
73278,Al1 Na3 P2,72,Ibam,Trivial,1,0,0,0,1,0,2,73278 402081,2,https://materialsproject.org/materials/icsd/73278
73281,In1 K3 P2,72,Ibam,Trivial,1,0,0,0,1,0,2,73281 300141,2,https://materialsproject.org/materials/icsd/73281
73300,K3 Na1 O9 Re2,194,P63/mmc,Trivial,0,0,0,0,1,0,1,73300,1,https://materialsproject.org/materials/icsd/73300
73354,F6 V1 Zr1,225,Fm-3m,ESFD (SM),0,0,0,0,1,0,2,73354 94454,2,https://materialsproject.org/materials/icsd/73354
73361,Mn1 O3 Y1,194,P63/mmc,SEBR (TI),0,0,0,0,1,0,4,73361 182284 422982 422990,4,https://materialsproject.org/materials/icsd/73361
73411,O4 Se1 Tl2,62,Pnma,Trivial,1,0,0,0,1,0,6,73411 99382 99383 419775 419776 419777,6,https://materialsproject.org/materials/icsd/73411
73478,Cd1 Cu1 F4,140,I4/mcm,ESFD (SM),1,0,0,0,1,0,1,73478,1,https://materialsproject.org/materials/icsd/73478
73614,I1 O6 Rb1 Sn1,182,P6322,Trivial,0,0,1,0,1,0,1,73614,1,https://materialsproject.org/materials/icsd/73614
73706,H6 Br1 Li1 O7,186,P63mc,Trivial,1,0,0,0,1,0,1,73706,1,https://materialsproject.org/materials/icsd/73706
73787,Bi2 O7 Ru2,227,Fd-3m,Trivial,1,0,0,0,1,0,6,73787 78114 161102 163387 166566 166567,6,https://materialsproject.org/materials/icsd/73787
74029,Ba2 Ca1 Ir1 O6,225,Fm-3m,ESFD (SM),1,0,0,0,1,0,1,74029,1,https://materialsproject.org/materials/icsd/74029
74163,Ba2 Cu2 O7 Tl1 Y1,123,P4/mmm,SEBR (TI),1,1,0,0,1,0,1,74163,1,https://materialsproject.org/materials/icsd/74163
74463,H2 O6 P2 Zr1,147,P-3,Trivial,1,0,0,0,1,0,1,74463,1,https://materialsproject.org/materials/icsd/74463
74475,Bi1 Cu1 O1 Se1,129,P4/nmm,Trivial,0,0,0,0,1,0,5,74475 75128 189174 262598 674374,5,https://materialsproject.org/materials/icsd/74475
74539,Ca1 O6 Sb2,162,P-31m,Trivial,1,0,0,0,1,0,1,74539,1,https://materialsproject.org/materials/icsd/74539
74540,O6 Sb2 Sr1,162,P-31m,Trivial,1,0,0,0,1,0,1,74540,1,https://materialsproject.org/materials/icsd/74540
74633,Ba1 Cu1 O6 Si2,119,I-4m2,Trivial,1,0,1,0,1,0,1,74633,1,https://materialsproject.org/materials/icsd/74633
74702,In1 Nb1 S2,187,P-6m2,NLC (TI),0,0,1,0,1,0,1,74702,1,https://materialsproject.org/materials/icsd/74702
74877,As2 Cs1 Fe2,139,I4/mmm,ESFD (SM),0,1,0,0,1,0,1,74877,1,https://materialsproject.org/materials/icsd/74877
74889,Co1 Cs1 K2 O2,139,I4/mmm,Trivial,1,0,0,0,1,0,1,74889,1,https://materialsproject.org/materials/icsd/74889
74902,Cl3 La4 N1 S3,186,P63mc,Trivial,1,0,1,0,1,0,1,74902,1,https://materialsproject.org/materials/icsd/74902
74904,Ba1 N2 Zr1,129,P4/nmm,Trivial,0,0,0,0,1,0,2,74904 74905,2,https://materialsproject.org/materials/icsd/74904
75046,La1 Mn1 Si1,129,P4/nmm,ES (SM),0,0,0,0,1,0,4,75046 75047 85849 641449,4,https://materialsproject.org/materials/icsd/75046
75222,Bi4 Cu3 O14 V2,2,P-1,ESFD (SM),1,0,1,1,1,0,1,75222,1,https://materialsproject.org/materials/icsd/75222
75384,Cr1 F6 Nb1,139,I4/mmm,ESFD (SM),1,0,0,0,1,0,1,75384,1,https://materialsproject.org/materials/icsd/75384
75401,C1 Cu1 F1 K1 O3,26,Pmc21,ESFD (SM),1,0,1,0,1,0,1,75401,1,https://materialsproject.org/materials/icsd/75401
75473,Cs2 Mo3 O12 Se1,173,P63,Trivial,0,0,1,0,1,0,1,75473,1,https://materialsproject.org/materials/icsd/75473
75499,Au1 O1 Rb3,221,Pm-3m,Trivial,1,0,0,0,1,0,2,75499 79087,2,https://materialsproject.org/materials/icsd/75499
75588,Fe1 Na1 O2,166,R-3m,ESFD (SM),1,0,0,0,1,0,4,75588 167376 167377 187705,4,https://materialsproject.org/materials/icsd/75588
75662,O2 Si1,9,Cc,Trivial,0,0,1,0,1,0,3,75662 81381 413210,3,https://materialsproject.org/materials/icsd/75662
75720,Ba2 Cu1 Hg1 O4,123,P4/mmm,ESFD (SM),0,1,0,0,1,0,5,75720 75721 75722 75723 75724,5,https://materialsproject.org/materials/icsd/75720
75725,Ba2 Ca1 Cu2 Hg1 O6,123,P4/mmm,NLC (TI),0,1,0,0,1,0,6,75725 75726 75727 75728 75729 83087,6,https://materialsproject.org/materials/icsd/75725
76056,Mn3 N1 Ni1,221,Pm-3m,ESFD (SM),0,0,0,0,1,0,1,76056,1,https://materialsproject.org/materials/icsd/76056
76070,Mn3 N1 Zn1,221,Pm-3m,ESFD (SM),0,0,0,0,1,0,2,76070 237710,2,https://materialsproject.org/materials/icsd/76070
76080,Mn1 Ni2 Sb1,225,Fm-3m,SEBR (TI),0,0,0,0,1,0,3,76080 643107 643114,3,https://materialsproject.org/materials/icsd/76080
76100,Mn1 Pd2 Sb1,225,Fm-3m,ESFD (SM),0,0,0,0,1,0,4,76100 643311 643312 643318,4,https://materialsproject.org/materials/icsd/76100
76118,Co1 Sb1,194,P63/mmc,SEBR (TI),0,1,0,0,1,0,11,76118 169166 169167 169168 169169 189946 624893 624900 624901 624909 657491,11,https://materialsproject.org/materials/icsd/76118
76159,Si3 Ta5,193,P63/mcm,ESFD (SM),0,0,0,0,1,0,3,76159 652324 652335,3,https://materialsproject.org/materials/icsd/76159
76202,Mn1 Rh2 Sb1,123,P4/mmm,ES (SM),0,0,0,1,1,0,1,76202,1,https://materialsproject.org/materials/icsd/76202
76205,Mn1 S1,216,F-43m,ESFD (SM),0,0,1,0,1,0,2,76205 670482,2,https://materialsproject.org/materials/icsd/76205
76227,Mn3 Si1,225,Fm-3m,ESFD (SM),0,1,0,1,1,0,4,76227 643616 643621 643647,4,https://materialsproject.org/materials/icsd/76227
76235,Mn1 Si1 Y1,129,P4/nmm,SEBR (TI),0,0,0,0,1,0,2,76235 643705,2,https://materialsproject.org/materials/icsd/76235
76413,Ni3 Si1,221,Pm-3m,SEBR (TI),0,0,0,1,1,0,10,76413 77960 105343 105344 163353 600224 646572 646573 646579 646584,10,https://materialsproject.org/materials/icsd/76413
76426,F1 O1 Y1,129,P4/nmm,Trivial,0,0,0,0,1,0,1,76426,1,https://materialsproject.org/materials/icsd/76426
76427,F1 La1 O1,129,P4/nmm,Trivial,0,0,0,0,1,0,2,76427 430270,2,https://materialsproject.org/materials/icsd/76427
76668,Ni1,194,P63/mmc,ES (SM),0,0,0,0,1,0,2,76668 671412,2,https://materialsproject.org/materials/icsd/76668
76763,C1 Fe3 Zn1,221,Pm-3m,ESFD (SM),0,0,0,1,1,0,1,76763,1,https://materialsproject.org/materials/icsd/76763
76790,C1 Co3 Mg1,221,Pm-3m,ESFD (SM),0,0,0,1,1,0,1,76790,1,https://materialsproject.org/materials/icsd/76790
76793,C1 Co3 Sc1,221,Pm-3m,ESFD (SM),0,0,0,0,1,0,1,76793,1,https://materialsproject.org/materials/icsd/76793
76797,C1 Co3 Zn1,221,Pm-3m,ESFD (SM),0,0,0,1,1,0,1,76797,1,https://materialsproject.org/materials/icsd/76797
76842,C1 Fe3 Sn1,221,Pm-3m,ES (SM),0,0,0,0,1,0,1,76842,1,https://materialsproject.org/materials/icsd/76842
76848,C1 Ga1 Mo4 S8,216,F-43m,ESFD (SM),0,0,1,1,1,0,1,76848,1,https://materialsproject.org/materials/icsd/76848
76964,F2 O1 Pb2,115,P-4m2,Trivial,0,0,1,0,1,0,1,76964,1,https://materialsproject.org/materials/icsd/76964
76980,Mg2 O4 V1,227,Fd-3m,ESFD (SM),0,0,0,1,1,0,1,76980,1,https://materialsproject.org/materials/icsd/76980
77071,F3 Sc1,221,Pm-3m,Trivial,0,0,0,1,1,0,48,77071 194248 194249 194250 194273 261067 261068 261069 261070 261071 261072 261073 261074 261075 261076 261077 261078 261079 261080 261081 261082 261083 261084 261085 261086 261087 261088 261089 261090 261091 261092 261093 261094 261095 671108 673424 673425 673426 673427 673428 673429 673430 673431 673432 673433 673434 673435 673436,48,https://materialsproject.org/materials/icsd/77071
77132,Ba2 Cu1 Ge2 O7,113,P-421m,ESFD (SM),0,0,1,0,1,0,1,77132,1,https://materialsproject.org/materials/icsd/77132
77142,Co1 O3 Sr1,221,Pm-3m,ESFD (SM),0,0,0,0,1,0,2,77142 184078,2,https://materialsproject.org/materials/icsd/77142
77153,C1 Mn3 Sn1,221,Pm-3m,ESFD (SM),0,0,0,0,1,0,4,77153 194052 618271 618272,4,https://materialsproject.org/materials/icsd/77153
77154,C1 Mn3 Zn1,221,Pm-3m,ESFD (SM),0,0,0,0,1,0,3,77154 150829 618284,3,https://materialsproject.org/materials/icsd/77154
77196,Br1 O1 Rb3,221,Pm-3m,Trivial,0,0,0,0,1,0,1,77196,1,https://materialsproject.org/materials/icsd/77196
77241,F11 Na1 Pd1 Zr2,12,C2/m,Trivial,1,0,1,0,1,0,1,77241,1,https://materialsproject.org/materials/icsd/77241
77242,Br3 Ca1 Cs1,221,Pm-3m,Trivial,0,0,0,0,1,0,1,77242,1,https://materialsproject.org/materials/icsd/77242
77277,B1 Be2 F2 K1 O3,155,R32,Trivial,1,0,1,0,1,0,2,77277 155156,2,https://materialsproject.org/materials/icsd/77277
77321,C1 Li1 N1,62,Pnma,Trivial,0,0,0,0,1,0,1,77321,1,https://materialsproject.org/materials/icsd/77321
77333,K1 O3 Sb1,227,Fd-3m,Trivial,0,0,0,0,1,0,1,77333,1,https://materialsproject.org/materials/icsd/77333
77343,K1 Na1 O4 S1,164,P-3m1,Trivial,0,0,0,0,1,0,1,77343,1,https://materialsproject.org/materials/icsd/77343
77389,C1 Rh3 Y1,221,Pm-3m,ESFD (SM),0,0,0,1,1,0,1,77389,1,https://materialsproject.org/materials/icsd/77389
77597,Na1 Se2 V1,166,R-3m,Trivial,0,0,0,0,1,0,1,77597,1,https://materialsproject.org/materials/icsd/77597
77598,O5 P1 V1,85,P4/n,Trivial,0,0,0,0,1,0,3,77598 108983 425536,3,https://materialsproject.org/materials/icsd/77598
77618,Co1 F3,167,R-3c,Trivial,1,0,0,0,1,0,1,77618,1,https://materialsproject.org/materials/icsd/77618
77739,O6 Pb2 Sc1 Ta1,225,Fm-3m,Trivial,0,0,0,0,1,0,1,77739,1,https://materialsproject.org/materials/icsd/77739
77865,Pb1 S1,221,Pm-3m,SEBR (TI),0,0,0,0,1,0,1,77865,1,https://materialsproject.org/materials/icsd/77865
77912,Co1 O6 Pb2 W1,12,C2/m,ESFD (SM),1,0,0,0,1,0,1,77912,1,https://materialsproject.org/materials/icsd/77912
77991,Rb3 Sb1,194,P63/mmc,Trivial,0,0,0,0,1,0,2,77991 650044,2,https://materialsproject.org/materials/icsd/77991
78677,Fe1 O6 Sr2 W1,87,I4/m,Trivial,0,0,1,0,1,0,1,78677,1,https://materialsproject.org/materials/icsd/78677
78719,Ag1 La1 O4 Ti1,129,P4/nmm,Trivial,0,0,0,0,1,0,1,78719,1,https://materialsproject.org/materials/icsd/78719
78846,O4 Pd2 Y1,88,I41/a,ESFD (SM),1,0,0,0,1,0,1,78846,1,https://materialsproject.org/materials/icsd/78846
78893,Ag1 Cd3 F20 Hf3,176,P63/m,ESFD (SM),0,0,0,0,1,0,1,78893,1,https://materialsproject.org/materials/icsd/78893
79086,Au1 K3 O1,221,Pm-3m,Trivial,1,0,0,0,1,0,1,79086,1,https://materialsproject.org/materials/icsd/79086
79099,H8 F6 In1 N2 Na1,225,Fm-3m,Trivial,1,0,0,0,1,0,1,79099,1,https://materialsproject.org/materials/icsd/79099
79114,Cs2 Cu3 F12 Zr1,166,R-3m,ESFD (SM),1,0,0,0,1,0,2,79114 182755,2,https://materialsproject.org/materials/icsd/79114
79341,H2 K1 O4 P1,13,P2/c,Trivial,1,0,0,1,1,0,1,79341,1,https://materialsproject.org/materials/icsd/79341
79395,Bi3 F6 N1,57,Pbcm,Trivial,0,0,0,0,1,0,1,79395,1,https://materialsproject.org/materials/icsd/79395
79408,Cs2 O9 V4,84,P42/m,Trivial,1,0,0,0,1,0,1,79408,1,https://materialsproject.org/materials/icsd/79408
79409,Cs2 O9 V4,122,I-42d,Trivial,1,0,1,0,1,0,1,79409,1,https://materialsproject.org/materials/icsd/79409
79478,Ba2 Cl1 F7 Zn2,11,P21/m,Trivial,1,0,0,0,1,0,1,79478,1,https://materialsproject.org/materials/icsd/79478
79479,Ba2 Cl1 Co2 F7,11,P21/m,Trivial,1,0,1,1,1,0,1,79479,1,https://materialsproject.org/materials/icsd/79479
79595,Ge1 Ru1 Sc1,189,P-62m,ESFD (SM),1,0,1,0,1,0,1,79595,1,https://materialsproject.org/materials/icsd/79595
79629,Se4 Ti3,176,P63/m,ES (SM),1,0,0,0,1,0,1,79629,1,https://materialsproject.org/materials/icsd/79629
79734,K3 Nb3 O13 Si2,190,P-62c,Trivial,0,0,0,0,1,0,1,79734,1,https://materialsproject.org/materials/icsd/79734
79868,Cu1 Na2 O7 P2,15,C2/c,ESFD (SM),1,0,0,0,1,0,2,79868 80418,2,https://materialsproject.org/materials/icsd/79868
79936,Co1 N1,216,F-43m,ESFD (SM),0,0,1,0,1,0,6,79936 161754 184378 236791 236792 670475,6,https://materialsproject.org/materials/icsd/79936
80007,Ge1 La1 Mn1,129,P4/nmm,ES (SM),0,0,0,0,1,0,3,80007 80008 85857,3,https://materialsproject.org/materials/icsd/80007
80184,Ca6 Mn1 N5,193,P63/mcm,ES (SM),1,0,0,0,1,0,1,80184,1,https://materialsproject.org/materials/icsd/80184
80203,Co1 La1 O1 P1,129,P4/nmm,ESFD (SM),0,0,0,0,1,0,3,80203 161910 161911,3,https://materialsproject.org/materials/icsd/80203
80350,As2 Co1 O6,162,P-31m,ESFD (SM),1,0,0,0,1,0,1,80350,1,https://materialsproject.org/materials/icsd/80350
80376,N2 Sr2 Zn1,139,I4/mmm,Trivial,1,0,0,0,1,0,2,80376 670402,2,https://materialsproject.org/materials/icsd/80376
80392,Cs2 O12 Se1 W3,173,P63,Trivial,0,0,1,0,1,0,1,80392,1,https://materialsproject.org/materials/icsd/80392
80554,Fe2 O5 P1,141,I41/amd,ESFD (SM),1,0,0,0,1,0,4,80554 80555 108812 108813,4,https://materialsproject.org/materials/icsd/80554
80645,Ag1 B1 F5,85,P4/n,ESFD (SM),1,0,0,0,1,0,2,80645 80646,2,https://materialsproject.org/materials/icsd/80645
80772,Mn1 N3 Sr3,176,P63/m,SEBR (TI),1,0,0,0,1,0,1,80772,1,https://materialsproject.org/materials/icsd/80772
80798,Cl1 Fe1 O4 W1,129,P4/nmm,ESFD (SM),0,0,0,0,1,0,1,80798,1,https://materialsproject.org/materials/icsd/80798
80802,Ni1 O6 Sb2,136,P42/mnm,Trivial,0,0,0,0,1,0,2,80802 426852,2,https://materialsproject.org/materials/icsd/80802
80932,H6 Cu1 O8 Se2,14,P21/c,ESFD (SM),0,0,1,0,1,0,1,80932,1,https://materialsproject.org/materials/icsd/80932
81072,Ba3 Cr2 O9 W1,190,P-62c,NLC (TI),1,0,1,0,1,0,1,81072,1,https://materialsproject.org/materials/icsd/81072
81167,Ba2 Cu3 La1 O7,47,Pmmm,NLC (TI),0,0,0,1,1,0,1,81167,1,https://materialsproject.org/materials/icsd/81167
81203,Ca2 Fe1 O6 W1,225,Fm-3m,Trivial,0,0,0,0,1,0,1,81203,1,https://materialsproject.org/materials/icsd/81203
81221,Co1 F11 Na1 Zr2,12,C2/m,ESFD (SM),1,0,0,0,1,0,1,81221,1,https://materialsproject.org/materials/icsd/81221
81222,F11 Na1 Ni1 Zr2,12,C2/m,Trivial,1,0,1,0,1,0,1,81222,1,https://materialsproject.org/materials/icsd/81222
81223,F11 Na1 Zn1 Zr2,12,C2/m,Trivial,1,0,0,0,1,0,1,81223,1,https://materialsproject.org/materials/icsd/81223
81231,K1 O12 Se2 V3,173,P63,Trivial,0,0,0,0,1,0,1,81231,1,https://materialsproject.org/materials/icsd/81231
81467,O6 Pt1 Sr3 Zn1,167,R-3c,Trivial,1,0,0,0,1,0,2,81467 280519,2,https://materialsproject.org/materials/icsd/81467
81485,Be6 Cd8 O24 S2 Si6,218,P-43n,Trivial,0,0,0,0,1,0,1,81485,1,https://materialsproject.org/materials/icsd/81485
81547,Fe2 Rb1 Se3,63,Cmcm,ESFD (SM),1,0,0,0,1,0,1,81547,1,https://materialsproject.org/materials/icsd/81547
81549,Cs1 Fe2 Se3,63,Cmcm,ESFD (SM),1,0,0,0,1,0,2,81549 187535,2,https://materialsproject.org/materials/icsd/81549
81748,Co2 Ge2 Y1,139,I4/mmm,ESFD (SM),1,1,0,0,1,0,2,81748 623662,2,https://materialsproject.org/materials/icsd/81748
81750,Co2 Ge2 La1,139,I4/mmm,ESFD (SM),1,0,0,0,1,0,3,81750 291377 623460,3,https://materialsproject.org/materials/icsd/81750
81864,Al1 F5 K2,123,P4/mmm,Trivial,0,0,0,0,1,0,1,81864,1,https://materialsproject.org/materials/icsd/81864
81870,La1 O7 Rb1 Ta2,123,P4/mmm,Trivial,1,0,0,0,1,0,1,81870,1,https://materialsproject.org/materials/icsd/81870
81902,Ca4 Ir1 O6,167,R-3c,ESFD (SM),1,0,0,0,1,0,2,81902 280873,2,https://materialsproject.org/materials/icsd/81902
81903,Ir1 O6 Sr3 Zn1,167,R-3c,ESFD (SM),1,0,0,0,1,0,4,81903 82658 82659 82660,4,https://materialsproject.org/materials/icsd/81903
81904,Cd1 Ir1 O6 Sr3,167,R-3c,ESFD (SM),1,0,0,0,1,0,1,81904,1,https://materialsproject.org/materials/icsd/81904
82090,Cd1 Mo1 O6 P1,14,P21/c,Trivial,0,0,0,0,1,0,1,82090,1,https://materialsproject.org/materials/icsd/82090
82218,F5 Mn1 Rb2,123,P4/mmm,Trivial,1,0,0,0,1,0,1,82218,1,https://materialsproject.org/materials/icsd/82218
82226,La1 Mn1 O3,62,Pnma,Trivial,0,0,1,0,1,0,9,82226 82228 88388 90424 161928 161929 180180 185279 252946,9,https://materialsproject.org/materials/icsd/82226
82378,Cs1 La1 Nb2 O7,123,P4/mmm,Trivial,1,0,0,0,1,0,1,82378,1,https://materialsproject.org/materials/icsd/82378
82504,Al2 O3,12,C2/m,Trivial,1,0,0,0,1,0,2,82504 673079,2,https://materialsproject.org/materials/icsd/82504
82535,H1 K1 O7 Se2 V1,11,P21/m,ESFD (SM),1,0,0,0,1,0,1,82535,1,https://materialsproject.org/materials/icsd/82535
82639,Ba1 Co1 S2,129,P4/nmm,ESFD (SM),0,0,0,0,1,0,1,82639,1,https://materialsproject.org/materials/icsd/82639
83265,C3 N4,187,P-6m2,Trivial,0,0,0,0,1,0,1,83265,1,https://materialsproject.org/materials/icsd/83265
83367,Cu1 O6 Ta2,136,P42/mnm,ESFD (SM),0,0,0,1,1,0,1,83367,1,https://materialsproject.org/materials/icsd/83367
83449,Al1 K1 O4 Si1,159,P31c,Trivial,1,0,0,0,1,0,1,83449,1,https://materialsproject.org/materials/icsd/83449
83455,Ca2 O6 Si1 Ti1,225,Fm-3m,Trivial,1,0,0,0,1,0,1,83455,1,https://materialsproject.org/materials/icsd/83455
83486,Cu2 La1 O4,15,C2/c,ESFD (SM),1,0,0,0,1,0,1,83486,1,https://materialsproject.org/materials/icsd/83486
83493,Cu2 O4 Y1,15,C2/c,ESFD (SM),1,0,0,1,1,0,1,83493,1,https://materialsproject.org/materials/icsd/83493
83678,I1 La1,194,P63/mmc,SEBR (TI),0,0,0,0,1,0,2,83678 171451,2,https://materialsproject.org/materials/icsd/83678
83690,Ba1 Mn2 O5 Y1,123,P4/mmm,ESFD (SM),1,0,0,0,1,0,1,83690,1,https://materialsproject.org/materials/icsd/83690
83724,Co1 F6 Zr1,225,Fm-3m,ESFD (SM),1,0,0,0,1,0,1,83724,1,https://materialsproject.org/materials/icsd/83724
84033,Ge2 Mn1 O7 Sr2,113,P-421m,ESFD (SM),1,0,1,0,1,0,1,84033,1,https://materialsproject.org/materials/icsd/84033
84212,Cl3 Cu1 Rb1,194,P63/mmc,ESFD (SM),0,0,0,0,1,0,1,84212,1,https://materialsproject.org/materials/icsd/84212
84370,H4 Ag1 N1 S4 W1,82,I-4,Trivial,1,0,1,0,1,0,1,84370,1,https://materialsproject.org/materials/icsd/84370
84649,Cl1 Li4 N1,166,R-3m,Trivial,1,0,0,0,1,0,1,84649,1,https://materialsproject.org/materials/icsd/84649
84650,Ba2 O6 Sb1 Y1,225,Fm-3m,Trivial,1,0,0,0,1,0,4,84650 155253 155346 163373,4,https://materialsproject.org/materials/icsd/84650
84734,Cu2 Mn1 O2 S2 Sr2,139,I4/mmm,ESFD (SM),1,1,0,0,1,0,1,84734,1,https://materialsproject.org/materials/icsd/84734
84736,Mg1 O6 Pt1 Sr3,167,R-3c,Trivial,1,0,0,0,1,0,2,84736 281299,2,https://materialsproject.org/materials/icsd/84736
84737,Ir1 Mg1 O6 Sr3,167,R-3c,ESFD (SM),1,0,0,0,1,0,1,84737,1,https://materialsproject.org/materials/icsd/84737
84763,Cl2 Li5 N1,166,R-3m,Trivial,1,0,0,0,1,0,1,84763,1,https://materialsproject.org/materials/icsd/84763
84782,Ba2 Cl1 F7 Ni2,11,P21/m,Trivial,1,0,0,1,1,0,1,84782,1,https://materialsproject.org/materials/icsd/84782
84789,Cu1 O6 Sb2,136,P42/mnm,ESFD (SM),1,0,0,0,1,0,1,84789,1,https://materialsproject.org/materials/icsd/84789
84868,Ca1 Cu1 O2,4,P21,Trivial,0,0,1,0,1,0,1,84868,1,https://materialsproject.org/materials/icsd/84868
85416,Ag1 Au2 F8,14,P21/c,ESFD (SM),1,0,1,0,1,0,1,85416,1,https://materialsproject.org/materials/icsd/85416
85499,F4 Fe1 Rb1,127,P4/mbm,ESFD (SM),1,0,0,0,1,0,1,85499,1,https://materialsproject.org/materials/icsd/85499
85579,In1 O4 P1,62,Pnma,Trivial,1,0,0,0,1,0,1,85579,1,https://materialsproject.org/materials/icsd/85579
85597,H8 Ni1 O14 P2 V2,87,I4/m,SEBR (TI),1,0,0,0,1,0,1,85597,1,https://materialsproject.org/materials/icsd/85597
85786,Ba1 Cl2 Cu2 O6 Te2,4,P21,Trivial,1,0,1,0,1,0,1,85786,1,https://materialsproject.org/materials/icsd/85786
85853,Fe1 La1 Si1,129,P4/nmm,ESFD (SM),0,0,0,0,1,0,3,85853 632432 656907,3,https://materialsproject.org/materials/icsd/85853
85860,Co1 Ge1 La1,129,P4/nmm,Trivial,0,0,0,0,1,0,1,85860,1,https://materialsproject.org/materials/icsd/85860
87439,H4 Mg3 O9 Si2,185,P63cm,Trivial,0,0,0,0,1,0,2,87439 202359,2,https://materialsproject.org/materials/icsd/87439
87581,Co2 La1 P2,139,I4/mmm,ESFD (SM),0,0,0,0,1,0,4,87581 87582 87583 624010,4,https://materialsproject.org/materials/icsd/87581
87759,C1 Bi1 Ca1 F1 O4,59,Pmmn,Trivial,1,0,0,0,1,0,1,87759,1,https://materialsproject.org/materials/icsd/87759
87767,Ge3 N4,227,Fd-3m,Trivial,1,1,0,0,1,0,3,87767 97568 156338,3,https://materialsproject.org/materials/icsd/87767
87833,In1 Na3 O8 P2,11,P21/m,Trivial,1,0,0,0,1,0,2,87833 90941,2,https://materialsproject.org/materials/icsd/87833
87983,K1 Mn1 Te2,119,I-4m2,Trivial,1,0,1,0,1,0,2,87983 672266,2,https://materialsproject.org/materials/icsd/87983
87984,Mn1 Rb1 Te2,119,I-4m2,Trivial,1,0,1,0,1,0,1,87984,1,https://materialsproject.org/materials/icsd/87984
88043,Ni1 O3 Y1,14,P21/c,Trivial,1,0,1,0,1,0,4,88043 89417 92047 191790,4,https://materialsproject.org/materials/icsd/88043
88424,Cu2 Ni1 O2 S2 Sr2,139,I4/mmm,SEBR (TI),1,0,0,0,1,0,1,88424,1,https://materialsproject.org/materials/icsd/88424
88464,Li2 O7 Sr1 Ta2,139,I4/mmm,Trivial,1,0,0,0,1,0,3,88464 154175 246278,3,https://materialsproject.org/materials/icsd/88464
88639,Li1 O5 V2,59,Pmmn,ESFD (SM),1,0,0,0,1,0,1,88639,1,https://materialsproject.org/materials/icsd/88639
88640,Li1 O5 V2,31,Pmn21,ESFD (SM),1,0,1,0,1,0,1,88640,1,https://materialsproject.org/materials/icsd/88640
88670,Ba1 Co1 O3,187,P-6m2,ES (SM),0,0,1,0,1,0,1,88670,1,https://materialsproject.org/materials/icsd/88670
88703,Ba2 Cu1 O6 Te1,87,I4/m,ESFD (SM),0,0,1,0,1,0,1,88703,1,https://materialsproject.org/materials/icsd/88703
88982,O3 Sr1 V1,221,Pm-3m,ESFD (SM),1,0,0,1,1,0,5,88982 96291 108826 672730 673312,5,https://materialsproject.org/materials/icsd/88982
89011,Ca2 Cs1 O10 Ta3,123,P4/mmm,Trivial,1,0,0,0,1,0,1,89011,1,https://materialsproject.org/materials/icsd/89011
89525,N4 Sn3,227,Fd-3m,Trivial,1,0,0,0,1,0,1,89525,1,https://materialsproject.org/materials/icsd/89525
89543,Br2 Ca3 Si1,187,P-6m2,NLC (TI),0,0,1,0,1,0,1,89543,1,https://materialsproject.org/materials/icsd/89543
89575,Ba1 Cu2 S2,139,I4/mmm,Trivial,1,0,0,0,1,0,6,89575 203088 615832 615834 615837 670743,6,https://materialsproject.org/materials/icsd/89575
89590,K1 Mn1 Sb1,129,P4/nmm,ESFD (SM),0,0,0,0,1,0,3,89590 89591 602269,3,https://materialsproject.org/materials/icsd/89590
89594,Mn1 P1 Rb1,129,P4/nmm,ESFD (SM),0,0,0,0,1,0,3,89594 89595 643229,3,https://materialsproject.org/materials/icsd/89594
89596,As1 Mn1 Rb1,129,P4/nmm,ESFD (SM),0,0,0,0,1,0,3,89596 89597 610910,3,https://materialsproject.org/materials/icsd/89596
89598,Cs1 Mn1 P1,129,P4/nmm,ESFD (SM),0,0,0,0,1,0,3,89598 89599 627022,3,https://materialsproject.org/materials/icsd/89598
89606,Cu1 In1 O5 P1,62,Pnma,ES (SM),0,0,0,0,1,0,1,89606,1,https://materialsproject.org/materials/icsd/89606
89669,Cu1 O3 Si1,51,Pmma,ESFD (SM),1,0,0,0,1,0,1,89669,1,https://materialsproject.org/materials/icsd/89669
89685,Ag1 Hg2 N1 O5,62,Pnma,Trivial,0,0,0,0,1,0,1,89685,1,https://materialsproject.org/materials/icsd/89685
89687,As1 Cl1 Hg3 O4,198,P213,Trivial,0,0,1,0,1,0,3,89687 92963 411757,3,https://materialsproject.org/materials/icsd/89687
89980,Ga1 S8 V4,216,F-43m,ESFD (SM),1,0,1,0,1,0,3,89980 158194 603133,3,https://materialsproject.org/materials/icsd/89980
90123,Cl2 Co2 O5 Sr3,139,I4/mmm,SEBR (TI),1,0,0,1,1,0,2,90123 91749,2,https://materialsproject.org/materials/icsd/90123
90550,Al1 La1 O3,221,Pm-3m,Trivial,0,0,0,0,1,0,31,90550 90551 90552 90553 90554 90555 90556 92561 92562 153831 153832 153833 153834 153835 153836 170772 191414 191415 191416 191417 191424 191425 191426 191427 191428 191429 191464 672200 673133 673339 674095,31,https://materialsproject.org/materials/icsd/90550
90630,Ca2 N1,166,R-3m,ESFD (SM),1,0,0,0,1,0,7,90630 90631 90632 280526 410312 411417 414329,7,https://materialsproject.org/materials/icsd/90630
90811,Mo3 Te3 Tl1,176,P63/m,ESFD (SM),1,1,0,0,1,0,3,90811 603670 644485,3,https://materialsproject.org/materials/icsd/90811
90926,O9 Sr1 V4,85,P4/n,SEBR (TI),1,0,0,0,1,0,1,90926,1,https://materialsproject.org/materials/icsd/90926
90991,As1 Li1 O5 V1,62,Pnma,ES (SM),0,0,0,1,1,0,1,90991,1,https://materialsproject.org/materials/icsd/90991
91062,Fe1 O3 Sr1,221,Pm-3m,ESFD (SM),1,0,0,0,1,0,3,91062 92335 163228,3,https://materialsproject.org/materials/icsd/91062
91088,H1 Cl1 Cu1 O1,14,P21/c,NLC (TI),1,0,0,0,1,0,1,91088,1,https://materialsproject.org/materials/icsd/91088
91496,Li1 O7 P2 Sc1,4,P21,Trivial,1,0,1,0,1,0,1,91496,1,https://materialsproject.org/materials/icsd/91496
91551,Al1 As1 Cu1 O5,14,P21/c,Trivial,0,0,0,0,1,0,1,91551,1,https://materialsproject.org/materials/icsd/91551
91791,Ni1 O6 Sr2 W1,87,I4/m,Trivial,1,0,0,1,1,0,3,91791 153327 190591,3,https://materialsproject.org/materials/icsd/91791
92293,Br2 F12 Pb7,174,P-6,Trivial,1,0,1,0,1,0,1,92293,1,https://materialsproject.org/materials/icsd/92293
92308,Li2 N1 Na1,191,P6/mmm,ES (SM),0,0,0,0,1,0,1,92308,1,https://materialsproject.org/materials/icsd/92308
92310,Li1 N1 Na2,191,P6/mmm,ES (SM),0,0,0,0,1,0,1,92310,1,https://materialsproject.org/materials/icsd/92310
92316,Li1 N2 Na5,1,P1,Trivial,0,0,0,0,1,0,1,92316,1,https://materialsproject.org/materials/icsd/92316
92405,Bi2 Cl1 O4 Y1,123,P4/mmm,Trivial,1,0,0,0,1,0,1,92405,1,https://materialsproject.org/materials/icsd/92405
92418,Bi2 Br1 O4 Y1,123,P4/mmm,Trivial,1,0,0,0,1,0,1,92418,1,https://materialsproject.org/materials/icsd/92418
92469,Cu1 F7 K1 Zr1,63,Cmcm,Trivial,0,0,0,0,1,0,1,92469,1,https://materialsproject.org/materials/icsd/92469
92470,Cu1 F7 Hf1 K1,63,Cmcm,Trivial,0,0,0,0,1,0,1,92470,1,https://materialsproject.org/materials/icsd/92470
92907,Ca1 F6 Sn2,2,P-1,Trivial,1,0,0,0,1,0,1,92907,1,https://materialsproject.org/materials/icsd/92907
92953,B2 Cu2 O6 Sr1,140,I4/mcm,SEBR (TI),0,0,0,0,1,0,3,92953 247207 247208,3,https://materialsproject.org/materials/icsd/92953
93237,As1 Fe1 Mn1,129,P4/nmm,NLC (TI),0,0,0,0,1,0,3,93237 93238 610492,3,https://materialsproject.org/materials/icsd/93237
93389,Al2 B2 Na2 O7,163,P-31c,Trivial,1,0,0,0,1,0,5,93389 237154 237155 237156 237157,5,https://materialsproject.org/materials/icsd/93389
93390,B1 Ca1 Ga1 O4,37,Ccc2,Trivial,1,0,1,0,1,0,1,93390,1,https://materialsproject.org/materials/icsd/93390
93492,K2 O7 Sr1 Ta2,139,I4/mmm,Trivial,1,0,0,0,1,0,1,93492,1,https://materialsproject.org/materials/icsd/93492
93543,C2 N4 Si1,224,Pn-3m,Trivial,0,0,0,1,1,0,1,93543,1,https://materialsproject.org/materials/icsd/93543
93674,Nb3 O10 Rb1 Sr2,123,P4/mmm,Trivial,1,1,0,0,1,0,1,93674,1,https://materialsproject.org/materials/icsd/93674
93675,Cs1 Nb3 O10 Sr2,123,P4/mmm,Trivial,1,1,0,0,1,0,1,93675,1,https://materialsproject.org/materials/icsd/93675
93676,Ba2 Cs1 Nb3 O10,123,P4/mmm,Trivial,1,1,0,0,1,0,2,93676 671284,2,https://materialsproject.org/materials/icsd/93676
93677,Cs1 O10 Sr2 Ta3,123,P4/mmm,Trivial,1,0,0,0,1,0,1,93677,1,https://materialsproject.org/materials/icsd/93677
93699,Ca5 Si3,140,I4/mcm,ES (SM),1,0,0,1,1,0,1,93699,1,https://materialsproject.org/materials/icsd/93699
93792,Br5 Cs1 Sn2,140,I4/mcm,Trivial,1,0,0,0,1,0,2,93792 151987,2,https://materialsproject.org/materials/icsd/93792
93794,Cd1 Mo1 O6 Te1,113,P-421m,Trivial,1,0,1,0,1,0,2,93794 188038,2,https://materialsproject.org/materials/icsd/93794
93804,O19 Re4 Sr7,12,C2/m,Trivial,1,0,1,0,1,0,1,93804,1,https://materialsproject.org/materials/icsd/93804
94079,Fe1 Mo1 O6 Sr2,139,I4/mmm,Trivial,0,0,0,1,1,0,4,94079 151617 169377 184911,4,https://materialsproject.org/materials/icsd/94079
94132,Ca2 Co1 O7 Si2,113,P-421m,ESFD (SM),1,0,1,0,1,0,4,94132 94135 94137 94139,4,https://materialsproject.org/materials/icsd/94132
94215,Ba2 O6 Re1 Y1,225,Fm-3m,ESFD (SM),1,0,0,0,1,0,4,94215 94216 168215 168216,4,https://materialsproject.org/materials/icsd/94215
94394,C2 Pd1 Rb2,164,P-3m1,Trivial,1,0,0,0,1,0,3,94394 421493 421494,3,https://materialsproject.org/materials/icsd/94394
94395,C2 Pt1 Rb2,164,P-3m1,Trivial,1,0,0,0,1,0,1,94395,1,https://materialsproject.org/materials/icsd/94395
94396,C2 Cs2 Pd1,164,P-3m1,Trivial,1,0,0,0,1,0,1,94396,1,https://materialsproject.org/materials/icsd/94396
94397,C2 Cs2 Pt1,164,P-3m1,Trivial,1,0,0,0,1,0,1,94397,1,https://materialsproject.org/materials/icsd/94397
94455,F6 Hf1 V1,225,Fm-3m,ESFD (SM),1,0,0,0,1,0,1,94455,1,https://materialsproject.org/materials/icsd/94455
94456,F6 Ti1 Zr1,225,Fm-3m,ESFD (SM),1,0,0,0,1,0,1,94456,1,https://materialsproject.org/materials/icsd/94456
94740,C1 Bi2 O5,44,Imm2,Trivial,1,0,1,1,1,0,2,94740 252588,2,https://materialsproject.org/materials/icsd/94740
94741,C2 Bi2 Ca1 O8,71,Immm,SEBR (TI),1,0,0,0,1,0,1,94741,1,https://materialsproject.org/materials/icsd/94741
94743,K1 La1 Na1 Nb1 O5,129,P4/nmm,Trivial,0,0,0,0,1,0,1,94743,1,https://materialsproject.org/materials/icsd/94743
95110,C1 Nb2 S2,166,R-3m,SEBR (TI),1,0,0,0,1,0,2,95110 95112,2,https://materialsproject.org/materials/icsd/95110
95192,Ba5 Nb4 O15,164,P-3m1,Trivial,1,0,0,0,1,0,3,95192 157477 674451,3,https://materialsproject.org/materials/icsd/95192
95208,H4 B1 Li1,186,P63mc,Trivial,1,0,0,0,1,0,3,95208 186262 245569,3,https://materialsproject.org/materials/icsd/95208
95220,Ag1 La1 Sb2,129,P4/nmm,NLC (TI),0,0,0,0,1,0,4,95220 95221 95222 95223,4,https://materialsproject.org/materials/icsd/95220
95238,Cl1 La5 Sn3,193,P63/mcm,ES (SM),1,0,0,0,1,0,1,95238,1,https://materialsproject.org/materials/icsd/95238
95239,Br1 La5 Sn3,193,P63/mcm,ES (SM),1,0,0,0,1,0,1,95239,1,https://materialsproject.org/materials/icsd/95239
95241,Bi3 Br1 La5,193,P63/mcm,ESFD (SM),1,0,0,0,1,0,1,95241,1,https://materialsproject.org/materials/icsd/95241
95264,C1 Cd1 N2,166,R-3m,Trivial,1,0,0,0,1,0,1,95264,1,https://materialsproject.org/materials/icsd/95264
95265,C1 Cd1 N2,160,R3m,Trivial,1,0,0,0,1,0,1,95265,1,https://materialsproject.org/materials/icsd/95265
95370,C60,166,R-3m,Trivial,0,0,0,0,1,0,1,95370,1,https://materialsproject.org/materials/icsd/95370
95439,Ca2 Co1 O3,8,Cm,ESFD (SM),1,0,1,0,1,0,1,95439,1,https://materialsproject.org/materials/icsd/95439
95518,Ba2 Fe1 O6 W1,87,I4/m,Trivial,1,0,1,1,1,0,5,95518 95520 95521 95522 95523,5,https://materialsproject.org/materials/icsd/95518
95536,Cd1 Cs1 N3 O6,146,R3,Trivial,1,0,0,0,1,0,1,95536,1,https://materialsproject.org/materials/icsd/95536
95537,Cd1 N3 O6 Rb1,146,R3,Trivial,1,0,0,0,1,0,1,95537,1,https://materialsproject.org/materials/icsd/95537
95538,Cd1 K1 N3 O6,146,R3,Trivial,1,0,0,0,1,0,1,95538,1,https://materialsproject.org/materials/icsd/95538
95539,Cd1 N3 O6 Tl1,146,R3,Trivial,1,0,0,0,1,0,1,95539,1,https://materialsproject.org/materials/icsd/95539
95662,Ag1 Al1 O2,194,P63/mmc,Trivial,0,0,0,0,1,0,2,95662 300020,2,https://materialsproject.org/materials/icsd/95662
95664,Cu1 Ga1 O2,194,P63/mmc,Trivial,0,0,0,0,1,0,1,95664,1,https://materialsproject.org/materials/icsd/95664
95665,Ag1 Ga1 O2,194,P63/mmc,Trivial,0,0,0,0,1,0,1,95665,1,https://materialsproject.org/materials/icsd/95665
95668,Ag1 O2 Sc1,194,P63/mmc,Trivial,0,0,0,0,1,0,2,95668 670073,2,https://materialsproject.org/materials/icsd/95668
95670,Cu1 In1 O2,194,P63/mmc,Trivial,0,0,0,0,1,0,2,95670 186620,2,https://materialsproject.org/materials/icsd/95670
95672,Au1 In1 O2,194,P63/mmc,Trivial,0,0,0,0,1,0,1,95672,1,https://materialsproject.org/materials/icsd/95672
95674,Ag1 O2 Y1,194,P63/mmc,Trivial,0,0,0,0,1,0,2,95674 670075,2,https://materialsproject.org/materials/icsd/95674
95675,Au1 O2 Y1,194,P63/mmc,Trivial,0,0,0,0,1,0,2,95675 670100,2,https://materialsproject.org/materials/icsd/95675
95786,H4 Li1 N2 Rb1,62,Pnma,Trivial,0,0,0,0,1,0,1,95786,1,https://materialsproject.org/materials/icsd/95786
95813,Cl4 Cs2 Pd1,123,P4/mmm,Trivial,1,0,0,0,1,0,1,95813,1,https://materialsproject.org/materials/icsd/95813
95847,F12 Hf3 O1 Rb2,166,R-3m,Trivial,0,0,0,0,1,0,1,95847,1,https://materialsproject.org/materials/icsd/95847
95848,F12 O1 Rb2 Zr3,166,R-3m,Trivial,0,0,0,0,1,0,1,95848,1,https://materialsproject.org/materials/icsd/95848
96133,F3 La1,139,I4/mmm,Trivial,0,0,0,0,1,0,5,96133 96134 155554 164056 167555,5,https://materialsproject.org/materials/icsd/96133
96139,Fe1 Ti1,221,Pm-3m,SEBR (TI),0,0,0,0,1,0,4,96139 150938 189111 189112,4,https://materialsproject.org/materials/icsd/96139
96245,H7 La1 Ni5,186,P63mc,Trivial,0,0,1,0,1,0,3,96245 236996 236997,3,https://materialsproject.org/materials/icsd/96245
96510,Bi1 Cs1 Nb2 O7,26,Pmc21,Trivial,1,0,1,0,1,0,5,96510 162981 162982 162983 162984,5,https://materialsproject.org/materials/icsd/96510
96688,Ba2 Fe1 Mo1 O6,225,Fm-3m,Trivial,0,0,0,1,1,0,8,96688 99063 184909 190613 190614 191681 246545 246546,8,https://materialsproject.org/materials/icsd/96688
97028,Ba2 Co1 Mo1 O6,225,Fm-3m,ESFD (SM),1,0,0,1,1,0,3,97028 184910 672550,3,https://materialsproject.org/materials/icsd/97028
97400,H5 N1 O7 Se2 V1,11,P21/m,ESFD (SM),0,0,0,0,1,0,1,97400,1,https://materialsproject.org/materials/icsd/97400
97507,O12 Rb2 Te1 W3,159,P31c,Trivial,0,0,1,0,1,0,1,97507,1,https://materialsproject.org/materials/icsd/97507
97539,Ba3 Cr1 S5,185,P63cm,ES (SM),1,0,1,0,1,0,1,97539,1,https://materialsproject.org/materials/icsd/97539
97567,N4 Si3,220,I-43d,Trivial,0,0,0,0,1,0,1,97567,1,https://materialsproject.org/materials/icsd/97567
97569,Ge3 N4,220,I-43d,Trivial,0,0,0,0,1,0,1,97569,1,https://materialsproject.org/materials/icsd/97569
97762,Ba2 Cu1 O7 Si2,113,P-421m,ESFD (SM),1,0,1,0,1,0,1,97762,1,https://materialsproject.org/materials/icsd/97762
97766,Fe1 Li1 O4 P1,63,Cmcm,Trivial,1,0,0,0,1,0,1,97766,1,https://materialsproject.org/materials/icsd/97766
97767,Li1 Ni1 O4 P1,63,Cmcm,Trivial,1,0,1,0,1,0,1,97767,1,https://materialsproject.org/materials/icsd/97767
97927,H8 Cl6 N2 Pt1,225,Fm-3m,Trivial,1,0,0,0,1,0,1,97927,1,https://materialsproject.org/materials/icsd/97927
97992,Co3 Ti1,221,Pm-3m,ESFD (SM),0,0,0,0,1,0,9,97992 97993 102708 187964 187984 625462 625468 625481 625484,9,https://materialsproject.org/materials/icsd/97992
98191,Mo1 Ni1 O6 Sr2,87,I4/m,Trivial,1,0,0,0,1,0,9,98191 155273 155274 155732 157020 157021 157022 157023 157025,9,https://materialsproject.org/materials/icsd/98191
98192,Ba2 Mo1 Ni1 O6,225,Fm-3m,ESFD (SM),1,0,0,0,1,0,1,98192,1,https://materialsproject.org/materials/icsd/98192
98686,H4 Co1 K2 O10 Se2,2,P-1,ESFD (SM),1,0,1,0,1,0,1,98686,1,https://materialsproject.org/materials/icsd/98686
98739,Ba2 Mn1 Mo1 O6,225,Fm-3m,ESFD (SM),1,0,0,0,1,0,2,98739 99090,2,https://materialsproject.org/materials/icsd/98739
99061,Ba2 Fe1 O6 W1,225,Fm-3m,Trivial,1,0,0,1,1,0,2,99061 672159,2,https://materialsproject.org/materials/icsd/99061
99127,Br6 Te1 Tl2,128,P4/mnc,Trivial,1,0,0,0,1,0,1,99127,1,https://materialsproject.org/materials/icsd/99127
99499,C6 Cu1 Fe1 K2 N6,2,P-1,ESFD (SM),1,0,0,0,1,0,1,99499,1,https://materialsproject.org/materials/icsd/99499
99503,B2 Ca1 Li4 O6,58,Pnnm,Trivial,1,0,0,0,1,0,2,99503 239000,2,https://materialsproject.org/materials/icsd/99503
99504,Cs1 Fe2 S3,63,Cmcm,ESFD (SM),1,0,0,0,1,0,1,99504,1,https://materialsproject.org/materials/icsd/99504
99507,Fe2 K1 S3,63,Cmcm,ESFD (SM),1,0,0,0,1,0,2,99507 632396,2,https://materialsproject.org/materials/icsd/99507
99599,Cu2 Ge4 O13 Sc2,11,P21/m,Trivial,0,0,0,0,1,0,5,99599 99600 99601 99602 99603,5,https://materialsproject.org/materials/icsd/99599
99646,B6 Cr1 Sc2,55,Pbam,NLC (TI),0,0,0,0,1,0,1,99646,1,https://materialsproject.org/materials/icsd/99646
99698,Ba2 In1 Nb1 O6,225,Fm-3m,Trivial,0,0,0,0,1,0,3,99698 109162 172166,3,https://materialsproject.org/materials/icsd/99698
99714,Mo1 O2,136,P42/mnm,Trivial,1,0,0,0,1,0,3,99714 644069 670200,3,https://materialsproject.org/materials/icsd/99714
99894,Co1 O3 Sr2,12,C2/m,ESFD (SM),0,0,0,1,1,0,1,99894,1,https://materialsproject.org/materials/icsd/99894
99956,C4 H8 In1 K1 O12,88,I41/a,Trivial,0,0,0,0,1,0,1,99956,1,https://materialsproject.org/materials/icsd/99956
99999,K3 N1,193,P63/mcm,SEBR (TI),0,0,0,1,1,0,1,99999,1,https://materialsproject.org/materials/icsd/99999
100355,Al4 Cu2 O7,216,F-43m,ES (SM),0,0,0,1,1,0,1,100355,1,https://materialsproject.org/materials/icsd/100355
100438,Co2 S2 Tl1,139,I4/mmm,ESFD (SM),1,0,0,0,1,0,2,100438 624879,2,https://materialsproject.org/materials/icsd/100438
100533,Fe1 Ti1,221,Pm-3m,SEBR (TI),1,1,0,0,1,0,9,100533 103660 103661 190972 633925 633930 633937 633946 633950,9,https://materialsproject.org/materials/icsd/100533
100693,Na2 O3 Te1,14,P21/c,Trivial,0,0,0,0,1,0,1,100693,1,https://materialsproject.org/materials/icsd/100693
100706,Fe1 Ga2 S4,164,P-3m1,Trivial,1,0,0,0,1,0,2,100706 602041,2,https://materialsproject.org/materials/icsd/100706
100782,K3 O8 V3,164,P-3m1,Trivial,1,0,0,0,1,0,1,100782,1,https://materialsproject.org/materials/icsd/100782
102052,Cd1 Pt1,123,P4/mmm,ES (SM),0,0,0,0,1,0,5,102052 102053 620293 620295 620296,5,https://materialsproject.org/materials/icsd/102052
102061,Cd1 Sc1,221,Pm-3m,ESFD (SM),0,0,0,0,1,0,3,102061 620407 670253,3,https://materialsproject.org/materials/icsd/102061
102318,Co2 Cr1 Ga1,225,Fm-3m,ESFD (SM),0,0,0,0,1,0,2,102318 675042,2,https://materialsproject.org/materials/icsd/102318
102385,Co1 Fe2 Ga1,225,Fm-3m,SEBR (TI),0,0,0,1,1,0,1,102385,1,https://materialsproject.org/materials/icsd/102385
102386,Co2 Fe1 Ga1,225,Fm-3m,ESFD (SM),0,0,0,0,1,0,2,102386 247653,2,https://materialsproject.org/materials/icsd/102386
102423,Co1 Ga1,221,Pm-3m,ES (SM),0,0,0,0,1,0,7,102423 603022 623049 623050 623053 623057 657494,7,https://materialsproject.org/materials/icsd/102423
102433,Co2 Ga1 Hf1,225,Fm-3m,ESFD (SM),0,0,0,1,1,0,2,102433 623080,2,https://materialsproject.org/materials/icsd/102433
102438,Co2 Ga1 Mn1,225,Fm-3m,SEBR (TI),0,0,0,0,1,0,8,102438 623116 623118 623121 672230 675067 675068 675069,8,https://materialsproject.org/materials/icsd/102438
102441,Co2 Ga1 Nb1,225,Fm-3m,SEBR (TI),0,0,0,0,1,0,2,102441 623126,2,https://materialsproject.org/materials/icsd/102441
102451,Co2 Ga1 Ta1,225,Fm-3m,SEBR (TI),0,0,0,0,1,0,1,102451,1,https://materialsproject.org/materials/icsd/102451
102453,Co2 Ga1 Ti1,225,Fm-3m,ESFD (SM),0,0,0,0,1,0,6,102453 102454 623206 623207 623209 623211,6,https://materialsproject.org/materials/icsd/102453
102456,Co2 Ga1 V1,225,Fm-3m,SEBR (TI),0,0,0,0,1,0,4,102456 623228 623230 674450,4,https://materialsproject.org/materials/icsd/102456
102483,Co2 Hf1 Sn1,225,Fm-3m,SEBR (TI),0,0,0,1,1,0,5,102483 108295 291934 623806 659656,5,https://materialsproject.org/materials/icsd/102483
102531,Co2 Mn1 Sn1,225,Fm-3m,ESFD (SM),0,0,0,0,1,0,10,102531 102532 624165 624166 624169 624171 624172 624173 624177 672407,10,https://materialsproject.org/materials/icsd/102531
102542,Co3 Mo1,194,P63/mmc,ESFD (SM),0,0,0,1,1,0,4,102542 624214 624216 671172,4,https://materialsproject.org/materials/icsd/102542
102552,Co1 Nb1 Sn1,216,F-43m,Trivial,0,0,1,1,1,0,2,102552 102553,2,https://materialsproject.org/materials/icsd/102552
102554,Co2 Nb1 Sn1,225,Fm-3m,ESFD (SM),0,0,0,0,1,0,5,102554 102555 190615 624326 624333,5,https://materialsproject.org/materials/icsd/102554
102582,Co1 Ni1 Sn1,194,P63/mmc,ESFD (SM),0,0,0,1,1,0,2,102582 196627,2,https://materialsproject.org/materials/icsd/102582
102642,Co1 Sc1,221,Pm-3m,NLC (TI),0,1,0,0,1,0,2,102642 624932,2,https://materialsproject.org/materials/icsd/102642
102646,Co2 Sc1 Sn1,225,Fm-3m,ESFD (SM),0,0,0,0,1,0,1,102646,1,https://materialsproject.org/materials/icsd/102646
102672,Co1 Sn2,140,I4/mcm,ESFD (SM),0,1,0,0,1,0,7,102672 108319 247484 409910 625260 625263 625269,7,https://materialsproject.org/materials/icsd/102672
102673,Co2 Sn1,194,P63/mmc,SEBR (TI),0,0,0,0,1,0,2,102673 625262,2,https://materialsproject.org/materials/icsd/102673
102682,Co2 Sn1 Ti1,225,Fm-3m,SEBR (TI),0,0,0,1,1,0,9,102682 102683 625282 625285 625286 625289 625291 625292 672408,9,https://materialsproject.org/materials/icsd/102682
102684,Co2 Sn1 V1,225,Fm-3m,ESFD (SM),0,0,0,0,1,0,4,102684 102685 625303 625306,4,https://materialsproject.org/materials/icsd/102684
102687,Co2 Sn1 Zr1,225,Fm-3m,SEBR (TI),0,0,0,1,1,0,6,102687 108321 190131 625312 625314 625318,6,https://materialsproject.org/materials/icsd/102687
102689,Co3 Ta1,221,Pm-3m,ESFD (SM),0,0,0,0,1,0,4,102689 187967 187985 671179,4,https://materialsproject.org/materials/icsd/102689
102705,Co1 Ti1,221,Pm-3m,ESFD (SM),0,1,0,0,1,0,9,102705 108322 150937 187975 189225 625473 625477 625488 670727,9,https://materialsproject.org/materials/icsd/102705
102722,Co3 W1,194,P63/mmc,ESFD (SM),0,0,0,1,1,0,4,102722 187993 625553 671174,4,https://materialsproject.org/materials/icsd/102722
102731,Co5 Y1,191,P6/mmm,ES (SM),0,0,0,0,1,0,22,102731 102732 106506 107253 196872 196875 600442 625573 625577 625579 625587 625591 625597 625603 625616 625623 625630 625634 625642 656885 659057 659669,22,https://materialsproject.org/materials/icsd/102731
102737,Co1 Zr1,221,Pm-3m,ESFD (SM),0,1,0,0,1,0,8,102737 102738 189944 625667 625675 625704 670613 670728,8,https://materialsproject.org/materials/icsd/102737
102755,Cr1 Fe2 Ga1,225,Fm-3m,ESFD (SM),0,0,0,1,1,0,2,102755 184448,2,https://materialsproject.org/materials/icsd/102755
102996,Cu2 In1 Mn1,225,Fm-3m,SEBR (TI),0,0,0,1,1,0,3,102996 102997 628019,3,https://materialsproject.org/materials/icsd/102996
103079,Cu2 Ni1 Zn1,123,P4/mmm,NLC (TI),0,0,0,0,1,0,1,103079,1,https://materialsproject.org/materials/icsd/103079
103092,Cu1 Rh2 Sn1,225,Fm-3m,ESFD (SM),0,0,0,0,1,0,1,103092,1,https://materialsproject.org/materials/icsd/103092
103132,Cu3 Ti2,139,I4/mmm,ESFD (SM),0,0,0,0,1,0,3,103132 629380 629398,3,https://materialsproject.org/materials/icsd/103132
103142,Cu1 Y1,221,Pm-3m,ESFD (SM),0,1,0,0,1,0,7,103142 163697 185944 629426 629433 629435 672101,7,https://materialsproject.org/materials/icsd/103142
103473,Fe2 Ga1 V1,225,Fm-3m,Trivial,0,0,0,1,1,0,3,103473 103474 631850,3,https://materialsproject.org/materials/icsd/103473
103582,Fe1 Pd3,221,Pm-3m,ESFD (SM),0,0,0,0,1,0,9,103582 103583 181720 633132 633134 633135 633140 633141 675019,9,https://materialsproject.org/materials/icsd/103582
103618,Fe2 Sc1,227,Fd-3m,ESFD (SM),0,0,0,0,1,0,5,103618 103619 633420 633429 633433,5,https://materialsproject.org/materials/icsd/103618
103634,Fe1 Sn1,191,P6/mmm,ES (SM),0,0,0,0,1,0,11,103634 103635 152339 161109 161112 161119 161120 161121 161122 633740 633747,11,https://materialsproject.org/materials/icsd/103634
103641,Fe2 Sn1 Ti1,225,Fm-3m,ESFD (SM),0,0,0,1,1,0,4,103641 103642 186058 633766,4,https://materialsproject.org/materials/icsd/103641
103644,Fe2 Sn1 V1,225,Fm-3m,ESFD (SM),0,0,0,1,1,0,2,103644 291933,2,https://materialsproject.org/materials/icsd/103644
103681,Fe1 V1,221,Pm-3m,ESFD (SM),0,0,0,0,1,0,8,103681 103682 634034 670598 670599 670600 670601 670602,8,https://materialsproject.org/materials/icsd/103681
103699,Fe5 Y1,191,P6/mmm,ESFD (SM),0,0,0,0,1,0,3,103699 107256 184905,3,https://materialsproject.org/materials/icsd/103699
103734,Ga1 Hf1 Ni2,225,Fm-3m,ESFD (SM),0,1,0,0,1,0,2,103734 634320,2,https://materialsproject.org/materials/icsd/103734
103856,Ga1 Ni3,221,Pm-3m,ESFD (SM),0,0,0,1,1,0,4,103856 103857 634857 634864,4,https://materialsproject.org/materials/icsd/103856
103861,Ga3 Ni5,65,Cmmm,ESFD (SM),0,0,0,0,1,0,3,103861 634860 634865,3,https://materialsproject.org/materials/icsd/103861
103874,Ga1 Ni2 Sc1,225,Fm-3m,ESFD (SM),0,0,0,0,1,0,1,103874,1,https://materialsproject.org/materials/icsd/103874
103885,Ga1 Ni1 Ti1,189,P-62m,ESFD (SM),0,0,1,0,1,0,1,103885,1,https://materialsproject.org/materials/icsd/103885
103886,Ga1 Ni2 Ti1,225,Fm-3m,ESFD (SM),0,0,0,0,1,0,1,103886,1,https://materialsproject.org/materials/icsd/103886
103948,Ga1 Rh1,221,Pm-3m,ES (SM),0,0,0,0,1,0,2,103948 657338,2,https://materialsproject.org/materials/icsd/103948
103950,Ga1 Ru1,221,Pm-3m,ESFD (SM),0,0,0,0,1,0,1,103950,1,https://materialsproject.org/materials/icsd/103950
103991,Ga1 Ti3,194,P63/mmc,ESFD (SM),0,1,0,0,1,0,3,103991 182429 635554,3,https://materialsproject.org/materials/icsd/103991
104188,Se4 Ti1 Zr1,10,P2/m,NLC (TI),0,0,0,0,1,0,1,104188,1,https://materialsproject.org/materials/icsd/104188
104273,Hf5 Sn3,193,P63/mcm,ES (SM),0,0,0,0,1,0,3,104273 183487 638947,3,https://materialsproject.org/materials/icsd/104273
104305,Hg1 La1,221,Pm-3m,ESFD (SM),0,0,0,0,1,0,3,104305 639065 670252,3,https://materialsproject.org/materials/icsd/104305
104323,Hg1 Mn1,123,P4/mmm,ESFD (SM),0,0,0,0,1,0,1,104323,1,https://materialsproject.org/materials/icsd/104323
104324,Hg5 Mn2,127,P4/mbm,ES (SM),0,1,0,0,1,0,2,104324 670164,2,https://materialsproject.org/materials/icsd/104324
104332,Hg1 Ni1,123,P4/mmm,ES (SM),0,0,0,0,1,0,2,104332 639119,2,https://materialsproject.org/materials/icsd/104332
104337,Hg1 Pt1,123,P4/mmm,ES (SM),0,0,0,0,1,0,1,104337,1,https://materialsproject.org/materials/icsd/104337
104487,Ir1 Li1,187,P-6m2,NLC (TI),0,0,1,0,1,0,2,104487 659856,2,https://materialsproject.org/materials/icsd/104487
104498,Ir1 Mn1 Sn1,216,F-43m,ESFD (SM),0,0,1,0,1,0,1,104498,1,https://materialsproject.org/materials/icsd/104498
104557,Ir1 Sc1,221,Pm-3m,NLC (TI),0,1,0,0,1,0,4,104557 640974 657998 670271,4,https://materialsproject.org/materials/icsd/104557
104558,Ir2 Sc1,227,Fd-3m,ESFD (SM),0,1,0,0,1,0,4,104558 104559 640973 657997,4,https://materialsproject.org/materials/icsd/104558
104561,Ir1 Sn1,194,P63/mmc,ESFD (SM),0,0,0,0,1,0,2,104561 641051,2,https://materialsproject.org/materials/icsd/104561
104564,Ir2 Sr1,227,Fd-3m,ES (SM),0,1,0,0,1,0,2,104564 641065,2,https://materialsproject.org/materials/icsd/104564
104601,Ir2 Y1,227,Fd-3m,ESFD (SM),0,1,0,0,1,0,5,104601 104602 641175 641180 641183,5,https://materialsproject.org/materials/icsd/104601
104769,Li1 Pd1,221,Pm-3m,ESFD (SM),0,0,0,0,1,0,3,104769 642255 642257,3,https://materialsproject.org/materials/icsd/104769
104770,Li1 Pd1,187,P-6m2,ESFD (SM),0,0,1,0,1,0,3,104770 104771 659883,3,https://materialsproject.org/materials/icsd/104770
104847,Mg1 Pd1,221,Pm-3m,SEBR (TI),0,0,0,0,1,0,4,104847 104848 163195 642749,4,https://materialsproject.org/materials/icsd/104847
104859,Mg1 Rh1,221,Pm-3m,ESFD (SM),0,0,0,1,1,0,2,104859 656818,2,https://materialsproject.org/materials/icsd/104859
104920,Mn1 Ni3,221,Pm-3m,ESFD (SM),0,0,0,0,1,0,1,104920,1,https://materialsproject.org/materials/icsd/104920
104926,Mn1 Ni2 Sn1,225,Fm-3m,ESFD (SM),0,0,0,1,1,0,12,104926 104927 191631 291935 643152 643153 643156 643157 643158 643159 643161 674344,12,https://materialsproject.org/materials/icsd/104926
104936,Mn1 Pb1 Rh2,225,Fm-3m,ESFD (SM),0,0,0,0,1,0,3,104936 104937 643290,3,https://materialsproject.org/materials/icsd/104936
104945,Mn1 Pd2 Sn1,225,Fm-3m,ESFD (SM),0,0,0,0,1,0,5,104945 104946 643324 643325 643327,5,https://materialsproject.org/materials/icsd/104945
104955,Mn1 Pt1 Sn1,216,F-43m,ESFD (SM),0,0,1,1,1,0,4,104955 104956 643383 643387,4,https://materialsproject.org/materials/icsd/104955
104960,Mn1 Rh1,221,Pm-3m,SEBR (TI),0,0,0,0,1,0,2,104960 643391,2,https://materialsproject.org/materials/icsd/104960
104964,Mn1 Rh2 Sn1,225,Fm-3m,ESFD (SM),0,0,0,0,1,0,5,104964 104965 643424 643427 643428,5,https://materialsproject.org/materials/icsd/104964
104980,Mn2 Sn1 W1,225,Fm-3m,SEBR (TI),0,0,0,0,1,0,1,104980,1,https://materialsproject.org/materials/icsd/104980
105017,Mn1 Zn1,221,Pm-3m,ESFD (SM),0,0,0,0,1,0,1,105017,1,https://materialsproject.org/materials/icsd/105017
105020,Mn1 Zn3,221,Pm-3m,ESFD (SM),0,0,0,1,1,0,1,105020,1,https://materialsproject.org/materials/icsd/105020
105222,Nb1 Ru1,123,P4/mmm,ESFD (SM),0,0,0,0,1,0,2,105222 645296,2,https://materialsproject.org/materials/icsd/105222
105327,Ni1 Rh2 Sn1,225,Fm-3m,SEBR (TI),0,0,0,1,1,0,1,105327,1,https://materialsproject.org/materials/icsd/105327
105334,Ni2 Sc1,227,Fd-3m,ESFD (SM),0,0,0,1,1,0,3,105334 105335 646466,3,https://materialsproject.org/materials/icsd/105334
105336,Ni5 Sc1,191,P6/mmm,ESFD (SM),0,0,0,1,1,0,2,105336 646468,2,https://materialsproject.org/materials/icsd/105336
105339,Ni2 Sc1 Sn1,225,Fm-3m,ESFD (SM),1,0,0,1,1,0,2,105339 657254,2,https://materialsproject.org/materials/icsd/105339
105353,Ni3 Sn1,221,Pm-3m,SEBR (TI),0,0,0,1,1,0,2,105353 671094,2,https://materialsproject.org/materials/icsd/105353
105354,Ni3 Sn1,225,Fm-3m,ES (SM),0,0,0,0,1,0,3,105354 671093 671334,3,https://materialsproject.org/materials/icsd/105354
105357,Ni3 Sn1,194,P63/mmc,ES (SM),0,0,0,0,1,0,6,105357 150926 411928 646749 646751 670879,6,https://materialsproject.org/materials/icsd/105357
105376,Ni2 Sn1 V1,225,Fm-3m,ESFD (SM),0,1,0,0,1,0,3,105376 105377 646810,3,https://materialsproject.org/materials/icsd/105376
105458,Ni2 Y1,227,Fd-3m,ESFD (SM),0,1,0,1,1,0,19,105458 105459 150746 183094 196784 647056 647057 647058 647072 647082 647083 647086 647087 647088 647090 647099 647108 657906 670873,19,https://materialsproject.org/materials/icsd/105458
105469,Ni1 Zn1,123,P4/mmm,ES (SM),0,0,0,0,1,0,3,105469 647134 647137,3,https://materialsproject.org/materials/icsd/105469
105470,Ni1 Zn1,221,Pm-3m,ES (SM),0,0,0,0,1,0,2,105470 647135,2,https://materialsproject.org/materials/icsd/105470
105477,Ni4 Zn1 Zr1,216,F-43m,ESFD (SM),0,0,1,1,1,0,1,105477,1,https://materialsproject.org/materials/icsd/105477
105673,Pd3 Sc1,221,Pm-3m,ESFD (SM),0,0,0,0,1,0,4,105673 105674 648807 659956,4,https://materialsproject.org/materials/icsd/105673
105689,Pd3 Sn1,221,Pm-3m,ESFD (SM),0,0,0,1,1,0,6,105689 105690 648912 648916 648921 672133,6,https://materialsproject.org/materials/icsd/105689
105707,Pd5 Sr1,191,P6/mmm,SEBR (TI),0,0,0,1,1,0,2,105707 648964,2,https://materialsproject.org/materials/icsd/105707
105724,Pd3 Ti1,221,Pm-3m,ESFD (SM),0,0,0,0,1,0,3,105724 167655 185637,3,https://materialsproject.org/materials/icsd/105724
105729,Pd3 Tl1,139,I4/mmm,ESFD (SM),0,0,0,1,1,0,1,105729,1,https://materialsproject.org/materials/icsd/105729
105739,Pd1 V3,223,Pm-3n,ESFD (SM),0,1,0,0,1,0,2,105739 649092,2,https://materialsproject.org/materials/icsd/105739
105819,Pt1 Tl1,191,P6/mmm,ESFD (SM),0,0,0,0,1,0,1,105819,1,https://materialsproject.org/materials/icsd/105819
105933,Rh2 Sn1 V1,225,Fm-3m,ESFD (SM),0,0,0,0,1,0,1,105933,1,https://materialsproject.org/materials/icsd/105933
105972,Rh1 Y1,221,Pm-3m,SEBR (TI),0,1,0,0,1,0,7,105972 105973 650527 650530 650535 650536 650541,7,https://materialsproject.org/materials/icsd/105972
105993,Ru1 Sn2,140,I4/mcm,ES (SM),0,0,0,0,1,0,1,105993,1,https://materialsproject.org/materials/icsd/105993
105995,Ru1 Ta1,123,P4/mmm,ESFD (SM),0,0,0,0,1,0,4,105995 105996 650691 650692,4,https://materialsproject.org/materials/icsd/105995
106004,Ru1 Ti1,221,Pm-3m,SEBR (TI),0,1,0,0,1,0,4,106004 106005 650737 650738,4,https://materialsproject.org/materials/icsd/106004
106022,Ru1 Zr1,221,Pm-3m,SEBR (TI),0,1,0,0,1,0,2,106022 650789,2,https://materialsproject.org/materials/icsd/106022
106195,Tl1 Y1,221,Pm-3m,ESFD (SM),0,0,0,0,1,0,1,106195,1,https://materialsproject.org/materials/icsd/106195
106213,V4 Zn5,139,I4/mmm,ES (SM),0,0,0,0,1,0,2,106213 653404,2,https://materialsproject.org/materials/icsd/106213
106225,Y1 Zn1,221,Pm-3m,ESFD (SM),0,1,0,0,1,0,7,106225 106226 653454 653455 653460 653464 653468,7,https://materialsproject.org/materials/icsd/106225
106236,Zn2 Zr1,227,Fd-3m,Trivial,0,1,0,1,1,0,7,106236 106237 653507 653508 653510 653517 653523,7,https://materialsproject.org/materials/icsd/106236
106303,Ba1 Bi1 Cu1,194,P63/mmc,ES (SM),0,0,0,0,1,0,1,106303,1,https://materialsproject.org/materials/icsd/106303
106357,Ca1 Pd5,191,P6/mmm,SEBR (TI),0,0,0,1,1,0,2,106357 673956,2,https://materialsproject.org/materials/icsd/106357
106471,Co1 Ge1 La1,129,P4/nmm,NLC (TI),0,0,0,0,1,0,1,106471,1,https://materialsproject.org/materials/icsd/106471
106786,Hg2 Rh1,123,P4/mmm,ESFD (SM),0,0,0,0,1,0,1,106786,1,https://materialsproject.org/materials/icsd/106786
106932,Mn1 N1,139,I4/mmm,ES (SM),0,0,0,0,1,0,1,106932,1,https://materialsproject.org/materials/icsd/106932
107033,Mg1 Ni4 Y1,216,F-43m,ESFD (SM),0,0,1,1,1,0,4,107033 107424 183095 191556,4,https://materialsproject.org/materials/icsd/107033
107085,Ga1 Ir1 Li2,216,F-43m,NLC (TI),0,0,1,0,1,0,1,107085,1,https://materialsproject.org/materials/icsd/107085
107089,In1 Ir1 Li2,216,F-43m,NLC (TI),0,0,1,0,1,0,1,107089,1,https://materialsproject.org/materials/icsd/107089
107333,In1 Ni2 Sc2,127,P4/mbm,ESFD (SM),1,0,0,0,1,0,1,107333,1,https://materialsproject.org/materials/icsd/107333
107419,Ca1 Mg1 Ni4,216,F-43m,NLC (TI),0,0,1,1,1,0,1,107419,1,https://materialsproject.org/materials/icsd/107419
107420,La1 Mg1 Ni4,216,F-43m,ESFD (SM),0,0,1,1,1,0,13,107420 162119 184164 242011 242012 242013 242014 242015 242021 242022 242023 242024 242025,13,https://materialsproject.org/materials/icsd/107420
107472,Co1 Hf1 Sn1,190,P-62c,ESFD (SM),1,0,1,0,1,0,2,107472 408899,2,https://materialsproject.org/materials/icsd/107472
107500,H6 Fe1 Mg2,225,Fm-3m,Trivial,0,0,0,0,1,0,2,107500 238723,2,https://materialsproject.org/materials/icsd/107500
107574,Rh1 Zn1,221,Pm-3m,ESFD (SM),1,0,0,0,1,0,1,107574,1,https://materialsproject.org/materials/icsd/107574
107617,Ge1 La1 Ti1,129,P4/nmm,ESFD (SM),0,0,0,0,1,0,1,107617,1,https://materialsproject.org/materials/icsd/107617
107862,Al1 Ni3,123,P4/mmm,ESFD (SM),0,0,0,0,1,0,1,107862,1,https://materialsproject.org/materials/icsd/107862
107932,As1 Co1 Li1,129,P4/nmm,ESFD (SM),0,0,0,0,1,0,1,107932,1,https://materialsproject.org/materials/icsd/107932
107955,As1 Mn1 Pd2,225,Fm-3m,ESFD (SM),0,0,0,0,1,0,1,107955,1,https://materialsproject.org/materials/icsd/107955
108128,C1 Ca1 Pd3,221,Pm-3m,ESFD (SM),0,0,0,0,1,0,1,108128,1,https://materialsproject.org/materials/icsd/108128
108129,C1 Co3 Sn1,221,Pm-3m,ESFD (SM),0,0,0,0,1,0,1,108129,1,https://materialsproject.org/materials/icsd/108129
108146,Ca1 Ir2,227,Fd-3m,ES (SM),0,1,0,0,1,0,1,108146,1,https://materialsproject.org/materials/icsd/108146
108289,Co2 Ge1,194,P63/mmc,ES (SM),0,0,0,0,1,0,1,108289,1,https://materialsproject.org/materials/icsd/108289
108294,Co1 Hf1 Sb1,216,F-43m,Trivial,0,0,1,0,1,0,1,108294,1,https://materialsproject.org/materials/icsd/108294
108436,Fe3 Ga1,225,Fm-3m,ESFD (SM),0,0,0,1,1,0,2,108436 672763,2,https://materialsproject.org/materials/icsd/108436
108482,Ga1 Mn1 Pt1,216,F-43m,ESFD (SM),0,0,1,0,1,0,1,108482,1,https://materialsproject.org/materials/icsd/108482
108521,Ge1 Nb3,221,Pm-3m,ESFD (SM),0,0,0,0,1,0,2,108521 672135,2,https://materialsproject.org/materials/icsd/108521
108583,Mg1 Sc1,221,Pm-3m,ESFD (SM),0,0,0,0,1,0,2,108583 161737,2,https://materialsproject.org/materials/icsd/108583
108629,Nb3 Si1,221,Pm-3m,ESFD (SM),0,1,0,0,1,0,2,108629 645435,2,https://materialsproject.org/materials/icsd/108629
108650,Ni7 Y2,166,R-3m,ES (SM),0,0,0,0,1,0,4,108650 647051 647060 647076,4,https://materialsproject.org/materials/icsd/108650
108651,O3 W1,221,Pm-3m,Trivial,0,1,0,1,1,0,3,108651 183408 674843,3,https://materialsproject.org/materials/icsd/108651
108675,Pd3 Tl1,123,P4/mmm,ESFD (SM),0,0,0,0,1,0,1,108675,1,https://materialsproject.org/materials/icsd/108675
108677,Pd3 V1,123,P4/mmm,ESFD (SM),0,0,0,0,1,0,1,108677,1,https://materialsproject.org/materials/icsd/108677
108903,Cr1 O3 Sr1,221,Pm-3m,ESFD (SM),0,0,0,0,1,0,2,108903 245834,2,https://materialsproject.org/materials/icsd/108903
108991,Ba1 F4 Pd1,140,I4/mcm,Trivial,0,0,0,0,1,0,1,108991,1,https://materialsproject.org/materials/icsd/108991
108992,F4 Pb1 Pd1,140,I4/mcm,Trivial,0,0,0,0,1,0,1,108992,1,https://materialsproject.org/materials/icsd/108992
109076,O3 Sr1 Tc1,221,Pm-3m,ESFD (SM),0,0,0,1,1,0,4,109076 183453 671084 671085,4,https://materialsproject.org/materials/icsd/109076
109145,I3 Nb1,193,P63/mcm,ES (SM),0,0,0,1,1,0,1,109145,1,https://materialsproject.org/materials/icsd/109145
109235,Al1 Pt3,123,P4/mmm,ESFD (SM),0,0,0,0,1,0,2,109235 191186,2,https://materialsproject.org/materials/icsd/109235
109236,In1 Pt3,123,P4/mmm,ESFD (SM),0,0,0,0,1,0,1,109236,1,https://materialsproject.org/materials/icsd/109236
109251,Ba2 Ni1 O6 Re1,225,Fm-3m,ESFD (SM),0,0,0,0,1,0,1,109251,1,https://materialsproject.org/materials/icsd/109251
109252,Ba2 Fe1 O6 Re1,225,Fm-3m,ESFD (SM),0,0,0,1,1,0,2,109252 155175,2,https://materialsproject.org/materials/icsd/109252
109254,Ba2 Co1 O6 Re1,225,Fm-3m,ESFD (SM),0,0,0,0,1,0,3,109254 672552 674903,3,https://materialsproject.org/materials/icsd/109254
109255,Ba2 O6 Re1 Zn1,225,Fm-3m,ESFD (SM),0,0,0,0,1,0,1,109255,1,https://materialsproject.org/materials/icsd/109255
109259,Ba2 Li1 O6 Re1,225,Fm-3m,Trivial,0,0,0,0,1,0,2,109259 418994,2,https://materialsproject.org/materials/icsd/109259
109260,Ba2 Na1 O6 Re1,225,Fm-3m,Trivial,0,0,0,0,1,0,3,109260 200876 418993,3,https://materialsproject.org/materials/icsd/109260
109292,Sn3 Ti5,193,P63/mcm,SEBR (TI),0,0,0,0,1,0,5,109292 169008 652783 652785 670883,5,https://materialsproject.org/materials/icsd/109292
109293,Cu1 F3 Rb1,123,P4/mmm,ESFD (SM),0,0,0,0,1,0,1,109293,1,https://materialsproject.org/materials/icsd/109293
109314,Be12 Pd1,139,I4/mmm,ES (SM),0,1,0,0,1,0,1,109314,1,https://materialsproject.org/materials/icsd/109314
109327,Ba1 O3 Ti1,123,P4/mmm,ES (SM),0,0,0,0,1,0,1,109327,1,https://materialsproject.org/materials/icsd/109327
109348,Au1 Mn1,221,Pm-3m,ESFD (SM),0,0,0,0,1,0,1,109348,1,https://materialsproject.org/materials/icsd/109348
109349,Au1 Mn1,123,P4/mmm,ES (SM),0,0,0,0,1,0,1,109349,1,https://materialsproject.org/materials/icsd/109349
109365,Al1 F5 Tl2,63,Cmcm,Trivial,0,0,0,0,1,0,1,109365,1,https://materialsproject.org/materials/icsd/109365
109739,C3 H3 O6 Y1,160,R3m,Trivial,0,0,0,0,1,0,1,109739,1,https://materialsproject.org/materials/icsd/109739
109973,C4 H8 Cu1 N2 O6,14,P21/c,ESFD (SM),0,0,0,0,1,0,2,109973 194113,2,https://materialsproject.org/materials/icsd/109973
110500,C5 H11 Cu1 N1 O6,15,C2/c,ESFD (SM),0,0,1,0,1,0,2,110500 151227,2,https://materialsproject.org/materials/icsd/110500
130003,Mo1 Zn7,225,Fm-3m,ES (SM),0,0,0,0,1,0,2,130003 644500,2,https://materialsproject.org/materials/icsd/130003
130021,Al1 F3,221,Pm-3m,Trivial,1,0,0,0,1,0,1,130021,1,https://materialsproject.org/materials/icsd/130021
130032,Cu2 Hf2 In1,136,P42/mnm,ES (SM),0,0,0,0,1,0,1,130032,1,https://materialsproject.org/materials/icsd/130032
150258,La1 Mn1 O3,15,C2/c,Trivial,1,0,1,0,1,0,1,150258,1,https://materialsproject.org/materials/icsd/150258
150279,Au1 Cr1 Te4,10,P2/m,ESFD (SM),1,0,0,1,1,0,1,150279,1,https://materialsproject.org/materials/icsd/150279
150300,Ag1 Cl2 Cs1,129,P4/nmm,Trivial,0,0,0,0,1,0,1,150300,1,https://materialsproject.org/materials/icsd/150300
150302,Ag1 Br2 Cs1,129,P4/nmm,Trivial,0,0,0,0,1,0,1,150302,1,https://materialsproject.org/materials/icsd/150302
150527,Al2 Zr1,194,P63/mmc,SEBR (TI),0,1,0,0,1,0,1,150527,1,https://materialsproject.org/materials/icsd/150527
150674,Cr1 Li1 S2,164,P-3m1,ESFD (SM),0,0,1,0,1,0,1,150674,1,https://materialsproject.org/materials/icsd/150674
150701,Fe1 Mo1 O6 Sr2,87,I4/m,Trivial,1,0,1,1,1,0,15,150701 153426 155482 157600 157601 157602 166816 172212 193690 247539 248460 248461 248462 248463 248464,15,https://materialsproject.org/materials/icsd/150701
150702,Fe1 O6 Re1 Sr2,87,I4/m,ESFD (SM),1,0,1,1,1,0,1,150702,1,https://materialsproject.org/materials/icsd/150702
150703,Ba1 La1 Mn2 O6,123,P4/mmm,ESFD (SM),1,0,0,0,1,0,1,150703,1,https://materialsproject.org/materials/icsd/150703
150913,Cu1 O2,63,Cmcm,ESFD (SM),1,0,0,0,1,0,1,150913,1,https://materialsproject.org/materials/icsd/150913
150936,Ru1 Ti1,221,Pm-3m,SEBR (TI),0,0,0,0,1,0,1,150936,1,https://materialsproject.org/materials/icsd/150936
151196,In1 Ni3,194,P63/mmc,ESFD (SM),0,0,0,1,1,0,4,151196 185623 185627 640100,4,https://materialsproject.org/materials/icsd/151196
151207,Co1 Cu2 Sn1,225,Fm-3m,ESFD (SM),0,0,0,0,1,0,1,151207,1,https://materialsproject.org/materials/icsd/151207
151703,Mg1 O6 Sr2 W1,87,I4/m,Trivial,1,0,0,1,1,0,8,151703 152574 155306 155307 155308 155309 155310 168463,8,https://materialsproject.org/materials/icsd/151703
152440,Ni1 O6 Os1 Sr2,87,I4/m,Trivial,1,0,0,0,1,0,4,152440 152441 152442 152443,4,https://materialsproject.org/materials/icsd/152440
152575,Mg1 O6 Sr2 W1,225,Fm-3m,Trivial,1,0,0,0,1,0,2,152575 152576,2,https://materialsproject.org/materials/icsd/152575
152588,Ni1 O6 Pb1 Sr3,167,R-3c,Trivial,1,0,0,1,1,0,6,152588 152589 152590 152591 152592 152593,6,https://materialsproject.org/materials/icsd/152588
152679,Ba2 Ir1 O6 Y1,225,Fm-3m,Trivial,1,0,0,0,1,0,2,152679 427064,2,https://materialsproject.org/materials/icsd/152679
153055,Mg1 Pd3,221,Pm-3m,ESFD (SM),0,0,0,0,1,0,1,153055,1,https://materialsproject.org/materials/icsd/153055
153173,Ca1 O3 Ti1,140,I4/mcm,Trivial,1,0,0,1,1,0,6,153173 162919 162920 162921 162922 162923,6,https://materialsproject.org/materials/icsd/153173
153406,O3 Pb1 Ti1,221,Pm-3m,Trivial,1,0,0,0,1,0,8,153406 162043 162047 187295 187505 262090 672655 673003,8,https://materialsproject.org/materials/icsd/153406
153544,Co1 Mo1 O6 Sr2,87,I4/m,ESFD (SM),1,0,0,1,1,0,3,153544 153545 153546,3,https://materialsproject.org/materials/icsd/153544
153864,Fe1 K1 Mo2 O8,164,P-3m1,ESFD (SM),1,0,1,1,1,0,1,153864,1,https://materialsproject.org/materials/icsd/153864
154073,Ca1 F3 K1,221,Pm-3m,Trivial,0,0,0,0,1,0,3,154073 154074 670413,3,https://materialsproject.org/materials/icsd/154073
154123,H4 Cu2 Na2 O13 Si4,2,P-1,Trivial,1,0,1,1,1,0,2,154123 414048,2,https://materialsproject.org/materials/icsd/154123
154257,Br3 Rb1 Ti1,194,P63/mmc,ES (SM),1,0,0,0,1,0,1,154257,1,https://materialsproject.org/materials/icsd/154257
154258,Cs1 I3 Ti1,194,P63/mmc,ES (SM),1,0,0,0,1,0,1,154258,1,https://materialsproject.org/materials/icsd/154258
154360,Al2 O7 Rb2 Sb2,164,P-3m1,Trivial,1,0,0,0,1,0,1,154360,1,https://materialsproject.org/materials/icsd/154360
154716,O6 Se2 Sn1,205,Pa-3,Trivial,0,0,0,0,1,0,1,154716,1,https://materialsproject.org/materials/icsd/154716
154802,Ba3 Cr1 N3,176,P63/m,ESFD (SM),1,0,0,0,1,0,1,154802,1,https://materialsproject.org/materials/icsd/154802
154803,Cr1 N3 Sr3,176,P63/m,ESFD (SM),1,0,0,0,1,0,1,154803,1,https://materialsproject.org/materials/icsd/154803
155009,F1 I1 Sr1,129,P4/nmm,Trivial,0,0,0,0,1,0,2,155009 159280,2,https://materialsproject.org/materials/icsd/155009
155126,B1 Li3 N2,141,I41/amd,Trivial,1,0,0,1,1,0,2,155126 155127,2,https://materialsproject.org/materials/icsd/155126
155174,Ba2 Fe1 O6 Re1,139,I4/mmm,ESFD (SM),1,0,0,1,1,0,1,155174,1,https://materialsproject.org/materials/icsd/155174
155317,B2 Cu1 O6 Pb2,14,P21/c,ESFD (SM),1,0,0,0,1,0,1,155317,1,https://materialsproject.org/materials/icsd/155317
155817,Ag1 Cs2 F4,64,Cmce,ESFD (SM),0,0,0,0,1,0,2,155817 155818,2,https://materialsproject.org/materials/icsd/155817
155832,Cr1 O2,58,Pnnm,Trivial,0,0,0,0,1,0,5,155832 185886 290478 290479 290480,5,https://materialsproject.org/materials/icsd/155832
155834,Co1 O3 Y1,62,Pnma,Trivial,1,0,0,0,1,0,5,155834 155835 155836 155837 155838,5,https://materialsproject.org/materials/icsd/155834
155847,Cr3 O8,12,C2/m,NLC (TI),0,0,1,1,1,0,1,155847,1,https://materialsproject.org/materials/icsd/155847
155848,Cr3 O8,12,C2/m,Trivial,0,0,0,0,1,0,1,155848,1,https://materialsproject.org/materials/icsd/155848
155928,Co1 Si1,221,Pm-3m,ESFD (SM),0,0,0,0,1,0,3,155928 670610 672131,3,https://materialsproject.org/materials/icsd/155928
156236,O8 Si1 Sn6,186,P63mc,Trivial,1,0,1,0,1,0,1,156236,1,https://materialsproject.org/materials/icsd/156236
156366,Cu2 F6 Hg2 S1,227,Fd-3m,ESFD (SM),1,0,0,0,1,0,3,156366 156367 156368,3,https://materialsproject.org/materials/icsd/156366
157016,Ga1 O6 Sb1 Sr2,225,Fm-3m,Trivial,1,0,0,1,1,0,4,157016 157017 157018 157019,4,https://materialsproject.org/materials/icsd/157016
157024,Mo1 Ni1 O6 Sr2,87,I4/m,SEBR (TI),1,0,1,0,1,0,2,157024 157026,2,https://materialsproject.org/materials/icsd/157024
157433,Cu1 F1 S1 Sr1,129,P4/nmm,Trivial,0,0,0,0,1,0,1,157433,1,https://materialsproject.org/materials/icsd/157433
157457,Al2 Ca1 O4,173,P63,Trivial,0,0,0,0,1,0,1,157457,1,https://materialsproject.org/materials/icsd/157457
157549,Al1 Bi1 O3,221,Pm-3m,Trivial,0,0,0,0,1,0,2,157549 158756,2,https://materialsproject.org/materials/icsd/157549
157550,Bi1 Ga1 O3,221,Pm-3m,Trivial,0,0,0,0,1,0,2,157550 158757,2,https://materialsproject.org/materials/icsd/157550
157603,Fe1 Mo1 O6 Sr2,225,Fm-3m,Trivial,1,0,0,1,1,0,3,157603 181752 248459,3,https://materialsproject.org/materials/icsd/157603
157886,O6 Sb1 Sr2 Y1,225,Fm-3m,Trivial,0,0,0,1,1,0,2,157886 157887,2,https://materialsproject.org/materials/icsd/157886
158758,Bi1 In1 O3,221,Pm-3m,Trivial,0,0,0,0,1,0,1,158758,1,https://materialsproject.org/materials/icsd/158758
158759,Bi1 O3 Sc1,221,Pm-3m,Trivial,0,0,0,0,1,0,7,158759 181115 181116 181117 181118 181119 181120,7,https://materialsproject.org/materials/icsd/158759
158955,Br6 K2 Sn1,225,Fm-3m,Trivial,0,0,0,0,1,0,1,158955,1,https://materialsproject.org/materials/icsd/158955
158976,Cr1 Ge3 La1,194,P63/mmc,ESFD (SM),1,0,0,0,1,0,5,158976 290669 290670 290671 290672,5,https://materialsproject.org/materials/icsd/158976
159177,H3 Cs1 Mg1,59,Pmmn,Trivial,0,0,0,0,1,0,1,159177,1,https://materialsproject.org/materials/icsd/159177
159207,N4 Si3,159,P31c,ES (SM),0,0,1,0,1,0,2,159207 187735,2,https://materialsproject.org/materials/icsd/159207
160108,Si1 Sr1,123,P4/mmm,ES (SM),0,0,0,0,1,0,1,160108,1,https://materialsproject.org/materials/icsd/160108
160149,Ge1 Na2 O5 Ti1,59,Pmmn,Trivial,1,0,0,0,1,0,1,160149,1,https://materialsproject.org/materials/icsd/160149
160172,Ba2 O6 Ta1 Y1,225,Fm-3m,Trivial,1,0,0,0,1,0,6,160172 171172 171173 171174 171175 261453,6,https://materialsproject.org/materials/icsd/160172
160196,Cr1 O3 Pb1,221,Pm-3m,ESFD (SM),1,0,0,0,1,0,2,160196 194155,2,https://materialsproject.org/materials/icsd/160196
160378,C1 Al1 Sc2,194,P63/mmc,ESFD (SM),0,0,0,0,1,0,1,160378,1,https://materialsproject.org/materials/icsd/160378
160380,C1 In1 Sc2,194,P63/mmc,ESFD (SM),0,0,0,0,1,0,4,160380 163503 163510 163511,4,https://materialsproject.org/materials/icsd/160380
160691,C1 Cr2 La1 Si2,123,P4/mmm,ESFD (SM),0,0,0,0,1,0,1,160691,1,https://materialsproject.org/materials/icsd/160691
160705,Co1 In1 Mn2,216,F-43m,Trivial,0,0,1,0,1,0,1,160705,1,https://materialsproject.org/materials/icsd/160705
160706,Co1 Mn2 Si1,216,F-43m,ESFD (SM),0,0,1,0,1,0,1,160706,1,https://materialsproject.org/materials/icsd/160706
160707,Co1 Ge1 Mn2,216,F-43m,ESFD (SM),0,0,1,0,1,0,1,160707,1,https://materialsproject.org/materials/icsd/160707
160708,Co1 Mn2 Sn1,216,F-43m,ESFD (SM),0,0,1,0,1,0,2,160708 183043,2,https://materialsproject.org/materials/icsd/160708
160709,Co1 Mn2 Sb1,216,F-43m,Trivial,0,0,1,0,1,0,1,160709,1,https://materialsproject.org/materials/icsd/160709
160822,Al1 Cs1 O4 Si1,33,Pna21,Trivial,1,0,0,0,1,0,5,160822 186607 186608 186609 186610,5,https://materialsproject.org/materials/icsd/160822
160894,H1 As1 Cu1 O5 Zn1,58,Pnnm,Trivial,0,0,0,0,1,0,1,160894,1,https://materialsproject.org/materials/icsd/160894
160914,H12 Fe5 La1,191,P6/mmm,ESFD (SM),0,0,0,0,1,0,1,160914,1,https://materialsproject.org/materials/icsd/160914
161057,Al2 Mg1 O4,63,Cmcm,Trivial,0,0,0,0,1,0,1,161057,1,https://materialsproject.org/materials/icsd/161057
161063,C1 Sn1 Ti2,194,P63/mmc,SEBR (TI),0,0,0,0,1,0,4,161063 161064 252840 618806,4,https://materialsproject.org/materials/icsd/161063
161077,N1 Y1,216,F-43m,Trivial,0,0,1,0,1,0,4,161077 183180 190624 670502,4,https://materialsproject.org/materials/icsd/161077
161099,Bi2 O7 Rh2,227,Fd-3m,ESFD (SM),0,0,0,0,1,0,1,161099,1,https://materialsproject.org/materials/icsd/161099
161100,Bi2 O7 Ti2,227,Fd-3m,Trivial,0,0,0,0,1,0,2,161100 180394,2,https://materialsproject.org/materials/icsd/161100
161103,Bi2 Ir2 O7,227,Fd-3m,ESFD (SM),0,0,0,0,1,0,4,161103 237820 252134 252135,4,https://materialsproject.org/materials/icsd/161103
161104,Bi2 O7 Pt2,227,Fd-3m,Trivial,0,0,0,1,1,0,2,161104 202346,2,https://materialsproject.org/materials/icsd/161104
161133,Fe2 Si1,164,P-3m1,SEBR (TI),0,0,0,0,1,0,1,161133,1,https://materialsproject.org/materials/icsd/161133
161594,Hf1 O3 Sr1,99,P4mm,Trivial,0,0,0,0,1,0,1,161594,1,https://materialsproject.org/materials/icsd/161594
161702,Hf1 O3 Pb1,221,Pm-3m,Trivial,1,0,0,0,1,0,1,161702,1,https://materialsproject.org/materials/icsd/161702
162056,As1 Fe1 Li1,129,P4/nmm,ES (SM),0,1,0,0,1,0,7,162056 162250 163870 166457 169175 290700 610480,7,https://materialsproject.org/materials/icsd/162056
162073,F6 Pb2 Zn1,138,P42/ncm,Trivial,0,0,0,0,1,0,2,162073 162074,2,https://materialsproject.org/materials/icsd/162073
162099,H6 Cl2 Cu3 O6 Zn1,164,P-3m1,ESFD (SM),1,0,0,0,1,0,1,162099,1,https://materialsproject.org/materials/icsd/162099
162105,Co1 N3,204,Im-3,SEBR (TI),0,0,0,0,1,0,1,162105,1,https://materialsproject.org/materials/icsd/162105
162106,Co1 N3,204,Im-3,ESFD (SM),0,0,0,0,1,0,1,162106,1,https://materialsproject.org/materials/icsd/162106
162107,N3 Rh1,204,Im-3,Trivial,0,0,0,0,1,0,1,162107,1,https://materialsproject.org/materials/icsd/162107
162108,N3 Rh1,204,Im-3,ESFD (SM),0,0,0,0,1,0,1,162108,1,https://materialsproject.org/materials/icsd/162108
162261,H4 Cs2 Mg1,139,I4/mmm,Trivial,0,0,0,1,1,0,1,162261,1,https://materialsproject.org/materials/icsd/162261
162724,Fe1 La1 O1 P1,129,P4/nmm,Trivial,0,0,0,0,1,0,3,162724 391428 420381,3,https://materialsproject.org/materials/icsd/162724
162766,Bi2 O6 Ti1 Zn1,99,P4mm,Trivial,0,0,1,0,1,0,4,162766 162767 162768 186801,4,https://materialsproject.org/materials/icsd/162766
162808,As1 F1 Fe1 Sr1,129,P4/nmm,Trivial,0,1,0,0,1,0,3,162808 163915 168775,3,https://materialsproject.org/materials/icsd/162808
162897,Se1 Ti1,129,P4/nmm,ES (SM),0,0,0,0,1,0,1,162897,1,https://materialsproject.org/materials/icsd/162897
162898,Se1 V1,129,P4/nmm,ESFD (SM),0,0,0,0,1,0,1,162898,1,https://materialsproject.org/materials/icsd/162898
162899,Cr1 Se1,129,P4/nmm,Trivial,0,0,0,0,1,0,1,162899,1,https://materialsproject.org/materials/icsd/162899
162900,Mn1 Se1,129,P4/nmm,ESFD (SM),0,0,0,0,1,0,1,162900,1,https://materialsproject.org/materials/icsd/162900
162902,Co1 Se1,129,P4/nmm,ESFD (SM),0,0,0,0,1,0,1,162902,1,https://materialsproject.org/materials/icsd/162902
163143,As1 Fe1 Na1,129,P4/nmm,ES (SM),0,1,0,0,1,0,2,163143 163144,2,https://materialsproject.org/materials/icsd/163143
163376,H8 B2 K1 Na1,156,P3m1,Trivial,0,0,0,0,1,0,1,163376,1,https://materialsproject.org/materials/icsd/163376
163382,O1 Zn1,221,Pm-3m,Trivial,0,0,0,0,1,0,3,163382 182360 670357,3,https://materialsproject.org/materials/icsd/163382
163496,As1 Fe1 La1 O1,129,P4/nmm,Trivial,0,0,0,0,1,0,12,163496 163497 163835 163868 173432 180438 180439 180440 184645 192739 421998 602489,12,https://materialsproject.org/materials/icsd/163496
163600,O12 Rb1 Se2 V3,173,P63,Trivial,0,0,0,0,1,0,1,163600,1,https://materialsproject.org/materials/icsd/163600
163601,O12 Se2 Tl1 V3,173,P63,Trivial,0,0,1,0,1,0,1,163601,1,https://materialsproject.org/materials/icsd/163601
163817,Nb2 O7 Sn2,227,Fd-3m,Trivial,0,0,0,1,1,0,1,163817,1,https://materialsproject.org/materials/icsd/163817
163981,Mo1 O6 Te1 Zn1,18,P21212,Trivial,1,0,0,0,1,0,2,163981 250523,2,https://materialsproject.org/materials/icsd/163981
164049,H3 Al1 O3,2,P-1,Trivial,0,0,0,0,1,0,2,164049 164050,2,https://materialsproject.org/materials/icsd/164049
164171,Fe1 Mg1 O4 Si1,62,Pnma,Trivial,0,0,0,0,1,0,2,164171 164172,2,https://materialsproject.org/materials/icsd/164171
164176,Ba1 Fe2 O5 Y1,47,Pmmm,ESFD (SM),0,0,0,0,1,0,3,164176 281205 281206,3,https://materialsproject.org/materials/icsd/164176
165120,As2 Rh2 Sr1,139,I4/mmm,SEBR (TI),0,0,0,0,1,0,1,165120,1,https://materialsproject.org/materials/icsd/165120
165190,H1 Ca5 Sn3,140,I4/mcm,ESFD (SM),1,0,0,0,1,0,1,165190,1,https://materialsproject.org/materials/icsd/165190
165262,I1 La2 Ni2,187,P-6m2,ESFD (SM),1,0,1,0,1,0,1,165262,1,https://materialsproject.org/materials/icsd/165262
165315,K1 P1 Pd1 S4,136,P42/mnm,Trivial,1,0,0,0,1,0,1,165315,1,https://materialsproject.org/materials/icsd/165315
165316,K2 P2 Pd1 S6,62,Pnma,Trivial,0,0,0,0,1,0,1,165316,1,https://materialsproject.org/materials/icsd/165316
165378,Cs2 Mn1 S6 Te2,165,P-3c1,ESFD (SM),1,0,0,0,1,0,1,165378,1,https://materialsproject.org/materials/icsd/165378
165614,K8 Tl10 Zn1,126,P4/nnc,ES (SM),0,0,0,0,1,0,1,165614,1,https://materialsproject.org/materials/icsd/165614
165988,N1 Na3,221,Pm-3m,ESFD (SM),0,0,0,1,1,0,12,165988 249566 412313 421109 421110 421111 421112 421113 421115 421116 421117 421118,12,https://materialsproject.org/materials/icsd/165988
165989,N1 Na3,191,P6/mmm,ES (SM),0,0,0,0,1,0,1,165989,1,https://materialsproject.org/materials/icsd/165989
165992,N1 Na3,185,P63cm,Trivial,0,0,0,0,1,0,2,165992 165993,2,https://materialsproject.org/materials/icsd/165992
166016,As2 Ca1 Fe2,139,I4/mmm,SEBR (TI),0,0,0,0,1,0,4,166016 182277 182278 182279,4,https://materialsproject.org/materials/icsd/166016
166049,Fe2 S3 Tl1,63,Cmcm,ESFD (SM),1,0,0,0,1,0,1,166049,1,https://materialsproject.org/materials/icsd/166049
166207,Ba1 F4 Sn1,129,P4/nmm,Trivial,0,0,0,0,1,0,2,166207 673273,2,https://materialsproject.org/materials/icsd/166207
166255,H1 In1 O2,198,P213,Trivial,0,0,0,0,1,0,2,166255 166256,2,https://materialsproject.org/materials/icsd/166255
166441,Fe1 Se1,67,Cmme,NLC (TI),1,0,0,0,1,0,9,166441 169295 169299 169303 169306 169309 169311 169313 169315,9,https://materialsproject.org/materials/icsd/166441
166456,Fe1 Li1 P1,129,P4/nmm,SEBR (TI),0,0,0,0,1,0,1,166456,1,https://materialsproject.org/materials/icsd/166456
166589,H12 F6 O6 Sn2 Zn1,2,P-1,Trivial,1,0,0,0,1,0,1,166589,1,https://materialsproject.org/materials/icsd/166589
166673,Co1 O6 Ta2,136,P42/mnm,ESFD (SM),0,0,0,0,1,0,4,166673 166674 203095 247812,4,https://materialsproject.org/materials/icsd/166673
167530,Mo3 O12 Rb2 Se1,173,P63,Trivial,0,0,1,0,1,0,1,167530,1,https://materialsproject.org/materials/icsd/167530
167531,Mo3 O12 Se1 Tl2,159,P31c,Trivial,0,0,1,0,1,0,1,167531,1,https://materialsproject.org/materials/icsd/167531
167834,Ca1 Se1,216,F-43m,Trivial,0,0,1,0,1,0,2,167834 670485,2,https://materialsproject.org/materials/icsd/167834
167858,Ag1 N1,225,Fm-3m,ESFD (SM),0,0,0,0,1,0,3,167858 183195 185555,3,https://materialsproject.org/materials/icsd/167858
168206,As1 Fe1 Li1,67,Cmme,NLC (TI),0,0,0,0,1,0,1,168206,1,https://materialsproject.org/materials/icsd/168206
168592,La6 Mn2 S10,193,P63/mcm,ES (SM),0,0,0,0,1,0,1,168592,1,https://materialsproject.org/materials/icsd/168592
168810,Bi2 O3,160,R3m,Trivial,0,0,1,0,1,0,1,168810,1,https://materialsproject.org/materials/icsd/168810
168902,Ca1 Mn1 O3,221,Pm-3m,ESFD (SM),0,0,0,1,1,0,5,168902 168903 168905 181782 673449,5,https://materialsproject.org/materials/icsd/168902
168953,Re1 Ti2,164,P-3m1,ESFD (SM),0,0,0,0,1,0,1,168953,1,https://materialsproject.org/materials/icsd/168953
169051,H16 Mg7 V1,225,Fm-3m,ESFD (SM),0,0,0,0,1,0,1,169051,1,https://materialsproject.org/materials/icsd/169051
169052,H16 Mg7 Nb1,225,Fm-3m,ESFD (SM),0,0,0,0,1,0,1,169052,1,https://materialsproject.org/materials/icsd/169052
169253,Fe1 Se1,129,P4/nmm,SEBR (TI),0,0,0,0,1,0,11,169253 169255 169257 169259 169261 169263 169265 169267 169269 169271 290701,11,https://materialsproject.org/materials/icsd/169253
169283,Fe1 Se1,67,Cmme,Trivial,1,0,0,0,1,0,2,169283 182545,2,https://materialsproject.org/materials/icsd/169283
169285,Fe1 Se1,67,Cmme,NLC (TI),1,0,0,0,1,0,1,169285,1,https://materialsproject.org/materials/icsd/169285
169396,N1 Pd1,221,Pm-3m,ESFD (SM),0,0,0,0,1,0,2,169396 191243,2,https://materialsproject.org/materials/icsd/169396
169407,C1 Sc1,216,F-43m,ESFD (SM),0,0,1,0,1,0,3,169407 189086 670497,3,https://materialsproject.org/materials/icsd/169407
169468,Co2 Ge1 Ti1,225,Fm-3m,ESFD (SM),0,0,0,1,1,0,4,169468 169469 623633 623637,4,https://materialsproject.org/materials/icsd/169468
169731,Co2 Ga1 Ni1,225,Fm-3m,ESFD (SM),0,0,0,0,1,0,1,169731,1,https://materialsproject.org/materials/icsd/169731
169766,Cr1 Te1,216,F-43m,NLC (TI),0,0,1,0,1,0,4,169766 181056 670501 671345,4,https://materialsproject.org/materials/icsd/169766
169767,Cr1 Te1,225,Fm-3m,ESFD (SM),0,0,0,0,1,0,1,169767,1,https://materialsproject.org/materials/icsd/169767
169980,H1 Ni1 O2,156,P3m1,ESFD (SM),0,0,1,0,1,0,1,169980,1,https://materialsproject.org/materials/icsd/169980
170492,O2 Si1,167,R-3c,Trivial,0,0,0,0,1,0,3,170492 170514 170539,3,https://materialsproject.org/materials/icsd/170492
170495,O2 Si1,163,P-31c,ES (SM),0,0,0,0,1,0,1,170495,1,https://materialsproject.org/materials/icsd/170495
170500,O2 Si1,132,P42/mcm,Trivial,0,0,0,0,1,0,1,170500,1,https://materialsproject.org/materials/icsd/170500
170502,O2 Si1,125,P4/nbm,ES (SM),0,0,0,0,1,0,1,170502,1,https://materialsproject.org/materials/icsd/170502
170503,O2 Si1,126,P4/nnc,ES (SM),0,0,0,0,1,0,1,170503,1,https://materialsproject.org/materials/icsd/170503
170504,O2 Si1,210,F4132,ESFD (SM),0,0,1,0,1,0,1,170504,1,https://materialsproject.org/materials/icsd/170504
170506,O2 Si1,211,I432,ESFD (SM),0,0,1,0,1,0,1,170506,1,https://materialsproject.org/materials/icsd/170506
170511,O2 Si1,118,P-4n2,Trivial,0,0,1,0,1,0,1,170511,1,https://materialsproject.org/materials/icsd/170511
170515,O2 Si1,167,R-3c,ES (SM),0,0,0,0,1,0,1,170515,1,https://materialsproject.org/materials/icsd/170515
170527,O2 Si1,68,Ccce,Trivial,0,0,0,0,1,0,1,170527,1,https://materialsproject.org/materials/icsd/170527
170532,O2 Si1,116,P-4c2,Trivial,0,0,0,0,1,0,1,170532,1,https://materialsproject.org/materials/icsd/170532
170533,O2 Si1,48,Pnnn,Trivial,0,0,0,0,1,0,1,170533,1,https://materialsproject.org/materials/icsd/170533
170535,O2 Si1,50,Pban,Trivial,0,0,0,0,1,0,1,170535,1,https://materialsproject.org/materials/icsd/170535
170537,O2 Si1,126,P4/nnc,Trivial,0,0,0,0,1,0,1,170537,1,https://materialsproject.org/materials/icsd/170537
170538,O2 Si1,125,P4/nbm,NLC (TI),0,0,0,1,1,0,1,170538,1,https://materialsproject.org/materials/icsd/170538
170545,O2 Si1,206,Ia-3,Trivial,0,0,0,0,1,0,1,170545,1,https://materialsproject.org/materials/icsd/170545
170552,O2 Si1,162,P-31m,SEBR (TI),0,0,0,0,1,0,1,170552,1,https://materialsproject.org/materials/icsd/170552
170760,H2 As1 In1 O5,2,P-1,Trivial,1,0,0,0,1,0,1,170760,1,https://materialsproject.org/materials/icsd/170760
170847,O7 P2 Sn2,14,P21/c,Trivial,1,0,0,0,1,0,1,170847,1,https://materialsproject.org/materials/icsd/170847
171011,C2 H6 O1 Se1,2,P-1,Trivial,1,0,0,0,1,0,1,171011,1,https://materialsproject.org/materials/icsd/171011
171178,Be1 F4 Tl2,62,Pnma,Trivial,1,0,0,0,1,0,6,171178 171179 171180 171181 171182 171183,6,https://materialsproject.org/materials/icsd/171178
171430,F2 Sb2 Se4 Sr2,129,P4/nmm,Trivial,0,0,0,0,1,0,1,171430,1,https://materialsproject.org/materials/icsd/171430
171433,Ba1 Co2 O5 Y1,47,Pmmm,ESFD (SM),0,0,0,0,1,0,2,171433 247220,2,https://materialsproject.org/materials/icsd/171433
171479,Ba3 Mn1 Nb2 O9,164,P-3m1,ESFD (SM),1,0,0,0,1,0,2,171479 239731,2,https://materialsproject.org/materials/icsd/171479
171813,F3 Mg1 Na1,221,Pm-3m,Trivial,1,0,0,0,1,0,2,171813 193089,2,https://materialsproject.org/materials/icsd/171813
171988,Ba2 Ca1 O6 Os1,225,Fm-3m,ESFD (SM),1,0,0,0,1,0,4,171988 171989 192844 192845,4,https://materialsproject.org/materials/icsd/171988
172330,Ga1 O6 Sr2 Ta1,87,I4/m,Trivial,1,0,0,0,1,0,1,172330,1,https://materialsproject.org/materials/icsd/172330
172595,Cl1 N1 Sr2,166,R-3m,Trivial,1,0,0,0,1,0,3,172595 172596 410769,3,https://materialsproject.org/materials/icsd/172595
172600,Br1 N1 Sr2,166,R-3m,Trivial,1,0,0,0,1,0,2,172600 172601,2,https://materialsproject.org/materials/icsd/172600
172796,Cu1 F1 S1 Sr1,129,P4/nmm,NLC (TI),0,0,0,0,1,0,1,172796,1,https://materialsproject.org/materials/icsd/172796
172988,H3 As2 Li1 O7,12,C2/m,Trivial,1,0,0,0,1,0,1,172988,1,https://materialsproject.org/materials/icsd/172988
173014,Al2 O3,1,P1,Trivial,1,0,0,0,1,0,1,173014,1,https://materialsproject.org/materials/icsd/173014
173026,Ca5 Sb3,193,P63/mcm,ESFD (SM),1,0,0,0,1,0,2,173026 619563,2,https://materialsproject.org/materials/icsd/173026
173119,Mg1 Mo1 O6 Sr2,2,P-1,Trivial,1,0,0,0,1,0,1,173119,1,https://materialsproject.org/materials/icsd/173119
173434,Fe1 O2 Sr1,123,P4/mmm,ES (SM),1,0,0,0,1,0,4,173434 418603 418605 418606,4,https://materialsproject.org/materials/icsd/173434
173438,Ca1 Fe1 O2,123,P4/mmm,ES (SM),1,0,0,0,1,0,2,173438 674881,2,https://materialsproject.org/materials/icsd/173438
173487,Ni1 O6 Re1 Sr2,87,I4/m,ESFD (SM),1,0,1,0,1,0,2,173487 173490,2,https://materialsproject.org/materials/icsd/173487
173488,Co1 O6 Re1 Sr2,87,I4/m,SEBR (TI),1,0,1,1,1,0,1,173488,1,https://materialsproject.org/materials/icsd/173488
173552,C6 Ag3 Fe1 N6,162,P-31m,ESFD (SM),0,0,1,0,1,0,2,173552 173553,2,https://materialsproject.org/materials/icsd/173552
173748,F2 O7 Te2 V2,2,P-1,Trivial,1,0,0,0,1,0,1,173748,1,https://materialsproject.org/materials/icsd/173748
173795,La2 O7 Zr2,227,Fd-3m,SEBR (TI),0,0,0,0,1,0,15,173795 184089 184090 184091 184092 184093 184094 184095 184096 184097 184098 184099 184100 184101 184102,15,https://materialsproject.org/materials/icsd/173795
173842,Ba1 O8 P2 Zr1,164,P-3m1,Trivial,1,0,0,0,1,0,1,173842,1,https://materialsproject.org/materials/icsd/173842
173863,O5 Te1 Tl1 V1,33,Pna21,Trivial,0,0,1,0,1,0,2,173863 173864,2,https://materialsproject.org/materials/icsd/173863
174041,Br3 Cs1 Fe1,194,P63/mmc,Trivial,0,0,0,0,1,0,1,174041,1,https://materialsproject.org/materials/icsd/174041
174289,Ba2 Bi1 Ir1 O6,225,Fm-3m,Trivial,1,0,0,0,1,0,1,174289,1,https://materialsproject.org/materials/icsd/174289
174342,Al2 B1 La1 Ru2,123,P4/mmm,NLC (TI),1,0,0,0,1,0,1,174342,1,https://materialsproject.org/materials/icsd/174342
174577,Pb1 Se2,140,I4/mcm,Trivial,1,0,0,0,1,0,1,174577,1,https://materialsproject.org/materials/icsd/174577
180289,Ba1 Li2 O4 Si1,185,P63cm,Trivial,0,0,1,0,1,0,2,180289 260259,2,https://materialsproject.org/materials/icsd/180289
180324,Al2 O10 Rb2 Si3,43,Fdd2,Trivial,0,0,0,0,1,0,1,180324,1,https://materialsproject.org/materials/icsd/180324
180389,F1 Fe1 Li1 O4 S1,2,P-1,Trivial,0,0,1,0,1,0,3,180389 182944 194597,3,https://materialsproject.org/materials/icsd/180389
180457,C1 Ni1,225,Fm-3m,SEBR (TI),0,0,0,0,1,0,1,180457,1,https://materialsproject.org/materials/icsd/180457
180528,As2 Fe2 O6 Sc2 Sr4,129,P4/nmm,Trivial,0,1,0,0,1,0,1,180528,1,https://materialsproject.org/materials/icsd/180528
180564,O2 Rb1,139,I4/mmm,ESFD (SM),0,0,0,0,1,0,3,180564 196756 647338,3,https://materialsproject.org/materials/icsd/180564
180602,Fe1 Te1,129,P4/nmm,SEBR (TI),0,1,0,0,1,0,2,180602 633877,2,https://materialsproject.org/materials/icsd/180602
181075,Ca5 Ge3,130,P4/ncc,NLC (TI),0,0,0,0,1,0,1,181075,1,https://materialsproject.org/materials/icsd/181075
181076,Ca5 Ge3,108,I4cm,ES (SM),0,0,0,0,1,0,1,181076,1,https://materialsproject.org/materials/icsd/181076
181289,Ru1 Zr1,221,Pm-3m,SEBR (TI),0,0,0,0,1,0,2,181289 672519,2,https://materialsproject.org/materials/icsd/181289
181324,Mn1 Te1,216,F-43m,ESFD (SM),0,0,1,0,1,0,1,181324,1,https://materialsproject.org/materials/icsd/181324
181465,Mg1 O1,223,Pm-3n,Trivial,0,0,0,1,1,0,1,181465,1,https://materialsproject.org/materials/icsd/181465
181650,Ga3 Nb1 O14 Si2 Sr3,150,P321,Trivial,0,0,0,0,1,0,1,181650,1,https://materialsproject.org/materials/icsd/181650
181750,Cr1 O6 Sr2 Zr1,225,Fm-3m,ESFD (SM),0,0,0,0,1,0,1,181750,1,https://materialsproject.org/materials/icsd/181750
181751,Mn1 Nb1 O6 Sr2,225,Fm-3m,Trivial,0,0,0,0,1,0,1,181751,1,https://materialsproject.org/materials/icsd/181751
182001,Mn1 O6 Pb2 Re1,225,Fm-3m,Trivial,1,0,0,0,1,0,1,182001,1,https://materialsproject.org/materials/icsd/182001
182051,Ca2 Ge1 O4,164,P-3m1,Trivial,0,0,0,1,1,0,1,182051,1,https://materialsproject.org/materials/icsd/182051
182052,Ca2 O4 Si1,164,P-3m1,Trivial,0,0,0,1,1,0,1,182052,1,https://materialsproject.org/materials/icsd/182052
182053,Ca2 O4 Si1,186,P63mc,Trivial,0,0,0,0,1,0,2,182053 182054,2,https://materialsproject.org/materials/icsd/182053
182248,O3 Sr1 Ti1,46,Ima2,Trivial,0,0,0,0,1,0,1,182248,1,https://materialsproject.org/materials/icsd/182248
182276,As2 Ca1 Fe2,139,I4/mmm,SEBR (TI),0,1,0,0,1,0,4,182276 192309 192310 192311,4,https://materialsproject.org/materials/icsd/182276
182352,N3 O1 Ta2,191,P6/mmm,ESFD (SM),0,0,0,0,1,0,1,182352,1,https://materialsproject.org/materials/icsd/182352
182353,F1 N3 Ta2,191,P6/mmm,SEBR (TI),0,0,0,0,1,0,1,182353,1,https://materialsproject.org/materials/icsd/182353
182484,Cr1 Ni1 Sb1,216,F-43m,ESFD (SM),0,0,1,0,1,0,1,182484,1,https://materialsproject.org/materials/icsd/182484
182710,Co1 Nb2 O6,60,Pbcn,ES (SM),0,0,0,0,1,0,2,182710 182711,2,https://materialsproject.org/materials/icsd/182710
182734,H4 B1 Na1,215,P-43m,Trivial,0,0,0,0,1,0,1,182734,1,https://materialsproject.org/materials/icsd/182734
182761,C1,139,I4/mmm,Trivial,0,0,0,0,1,0,5,182761 190716 190717 190718 190719,5,https://materialsproject.org/materials/icsd/182761
182829,Mn2 Ru1 Sn1,216,F-43m,NLC (TI),0,0,1,0,1,0,1,182829,1,https://materialsproject.org/materials/icsd/182829
182830,Mn2 Ru1 Si1,216,F-43m,ESFD (SM),0,0,1,0,1,0,1,182830,1,https://materialsproject.org/materials/icsd/182830
183096,As2 O3,86,P42/n,Trivial,0,0,0,0,1,0,1,183096,1,https://materialsproject.org/materials/icsd/183096
183160,C1 Y1,216,F-43m,ESFD (SM),0,0,1,0,1,0,1,183160,1,https://materialsproject.org/materials/icsd/183160
183162,C1 Zr1,216,F-43m,Trivial,0,0,1,0,1,0,1,183162,1,https://materialsproject.org/materials/icsd/183162
183242,Pb1 S1,221,Pm-3m,Trivial,0,0,0,0,1,0,1,183242,1,https://materialsproject.org/materials/icsd/183242
183385,La1 Ni3 Rh2,191,P6/mmm,ESFD (SM),0,0,0,0,1,0,1,183385,1,https://materialsproject.org/materials/icsd/183385
183452,O3 Sr1 Tc1,140,I4/mcm,ESFD (SM),1,0,0,0,1,0,1,183452,1,https://materialsproject.org/materials/icsd/183452
183701,O2 Si1,217,I-43m,Trivial,1,0,0,1,1,0,1,183701,1,https://materialsproject.org/materials/icsd/183701
183712,Ba1 Cu1 F1 S1,129,P4/nmm,Trivial,0,0,0,0,1,0,1,183712,1,https://materialsproject.org/materials/icsd/183712
184375,Fe1 N1,225,Fm-3m,ESFD (SM),0,0,0,0,1,0,2,184375 236810,2,https://materialsproject.org/materials/icsd/184375
184497,Te1 Zn1,225,Fm-3m,Trivial,0,0,0,0,1,0,2,184497 248454,2,https://materialsproject.org/materials/icsd/184497
184714,Mg1 Mo1 O6 Te1,18,P21212,Trivial,1,0,1,0,1,0,1,184714,1,https://materialsproject.org/materials/icsd/184714
184925,As1 Mn1,216,F-43m,Trivial,0,0,1,0,1,0,2,184925 191787,2,https://materialsproject.org/materials/icsd/184925
185106,Cd1 Ni4 Sc1,216,F-43m,ESFD (SM),0,0,1,1,1,0,1,185106,1,https://materialsproject.org/materials/icsd/185106
185350,O1 Sn1,129,P4/nmm,ES (SM),0,0,0,0,1,0,1,185350,1,https://materialsproject.org/materials/icsd/185350
185664,Co1 In1 Ti2,216,F-43m,ESFD (SM),0,0,1,0,1,0,1,185664,1,https://materialsproject.org/materials/icsd/185664
185693,Ge1 O3 Pb1,221,Pm-3m,Trivial,0,0,0,0,1,0,9,185693 185694 185695 185696 185697 185698 185699 185700 185701,9,https://materialsproject.org/materials/icsd/185693
185882,Al1 Ti2 Zn1,216,F-43m,ESFD (SM),0,0,1,0,1,0,1,185882,1,https://materialsproject.org/materials/icsd/185882
185936,Co2 Fe1 Ge1,225,Fm-3m,ESFD (SM),0,0,0,0,1,0,2,185936 622905,2,https://materialsproject.org/materials/icsd/185936
185966,Al1 Co2 Ti1,225,Fm-3m,ESFD (SM),0,0,0,1,1,0,5,185966 606679 606680 606682 606685,5,https://materialsproject.org/materials/icsd/185966
185999,Cr1 Fe2 Sn1,225,Fm-3m,ESFD (SM),0,0,0,1,1,0,1,185999,1,https://materialsproject.org/materials/icsd/185999
186038,Cu1 Mo1 O6 Sr2,87,I4/m,ESFD (SM),1,0,1,0,1,0,1,186038,1,https://materialsproject.org/materials/icsd/186038
186056,Fe2 In1 Ti1,225,Fm-3m,ESFD (SM),0,0,0,0,1,0,1,186056,1,https://materialsproject.org/materials/icsd/186056
186057,Fe2 Ge1 Ti1,225,Fm-3m,Trivial,0,0,0,1,1,0,1,186057,1,https://materialsproject.org/materials/icsd/186057
186059,As1 Fe2 Ti1,225,Fm-3m,ESFD (SM),0,0,0,1,1,0,1,186059,1,https://materialsproject.org/materials/icsd/186059
186060,Fe2 Sb1 Ti1,225,Fm-3m,ESFD (SM),0,0,0,1,1,0,1,186060,1,https://materialsproject.org/materials/icsd/186060
186572,Fe2 K1 S2,139,I4/mmm,ESFD (SM),0,1,0,0,1,0,1,186572,1,https://materialsproject.org/materials/icsd/186572
186636,Fe1 Sb2,140,I4/mcm,NLC (TI),0,0,0,0,1,0,6,186636 186638 186639 186640 186641 186642,6,https://materialsproject.org/materials/icsd/186636
186830,Co1 Fe1 Ga1 Mn1,216,F-43m,ESFD (SM),0,0,1,0,1,0,1,186830,1,https://materialsproject.org/materials/icsd/186830
186831,Co1 Fe1 Ge1 Mn1,216,F-43m,Trivial,0,0,1,0,1,0,1,186831,1,https://materialsproject.org/materials/icsd/186831
186838,Cr1 O2,225,Fm-3m,ESFD (SM),0,0,0,0,1,0,1,186838,1,https://materialsproject.org/materials/icsd/186838
187039,O4 Sn1 Zn2,227,Fd-3m,Trivial,0,0,0,0,1,0,1,187039,1,https://materialsproject.org/materials/icsd/187039
187040,Cd2 O4 Sn1,227,Fd-3m,Trivial,0,0,0,0,1,0,1,187040,1,https://materialsproject.org/materials/icsd/187040
187133,As1 Fe1 Li1,194,P63/mmc,ES (SM),0,0,0,0,1,0,1,187133,1,https://materialsproject.org/materials/icsd/187133
187134,Fe1 Li1 P1,63,Cmcm,NLC (TI),0,0,0,0,1,0,1,187134,1,https://materialsproject.org/materials/icsd/187134
187255,Mg1 Ni1,123,P4/mmm,NLC (TI),0,0,0,0,1,0,1,187255,1,https://materialsproject.org/materials/icsd/187255
187256,Mg1 Ni1,221,Pm-3m,SEBR (TI),0,0,0,0,1,0,1,187256,1,https://materialsproject.org/materials/icsd/187256
187257,H1 Mg1 Ni1,123,P4/mmm,ESFD (SM),0,0,0,0,1,0,1,187257,1,https://materialsproject.org/materials/icsd/187257
187294,Ca1 O3 Ti1,65,Cmmm,Trivial,0,0,0,0,1,0,1,187294,1,https://materialsproject.org/materials/icsd/187294
187490,Ge2 K1 O9 V3,194,P63/mmc,Trivial,1,0,0,0,1,0,1,187490,1,https://materialsproject.org/materials/icsd/187490
187492,Fe1 Ga1 Ni2,225,Fm-3m,ESFD (SM),0,0,0,0,1,0,2,187492 672424,2,https://materialsproject.org/materials/icsd/187492
187534,Ir2 O7 Y2,227,Fd-3m,ESFD (SM),1,0,0,1,1,0,1,187534,1,https://materialsproject.org/materials/icsd/187534
187637,O3 Pb1 V1,221,Pm-3m,ESFD (SM),0,0,0,1,1,0,1,187637,1,https://materialsproject.org/materials/icsd/187637
187662,Mg1 Mo1 O6 Sr2,87,I4/m,Trivial,1,0,0,1,1,0,1,187662,1,https://materialsproject.org/materials/icsd/187662
187669,Mn1 Mo1 O6 Sr2,87,I4/m,ESFD (SM),1,0,1,1,1,0,1,187669,1,https://materialsproject.org/materials/icsd/187669
187717,Ir1 N1,131,P42/mmc,Trivial,0,0,0,0,1,0,1,187717,1,https://materialsproject.org/materials/icsd/187717
187963,Co3 W1,221,Pm-3m,ESFD (SM),0,0,0,1,1,0,3,187963 187987 671175,3,https://materialsproject.org/materials/icsd/187963
187965,Co3 V1,221,Pm-3m,SEBR (TI),0,0,0,0,1,0,2,187965 187988,2,https://materialsproject.org/materials/icsd/187965
187966,Co3 Nb1,221,Pm-3m,SEBR (TI),0,0,0,0,1,0,2,187966 671177,2,https://materialsproject.org/materials/icsd/187966
187969,Co3 Mo1,221,Pm-3m,ESFD (SM),0,0,0,1,1,0,2,187969 671173,2,https://materialsproject.org/materials/icsd/187969
187981,Co1 Mn1,221,Pm-3m,SEBR (TI),0,0,0,0,1,0,1,187981,1,https://materialsproject.org/materials/icsd/187981
187983,Co1 Ni1,221,Pm-3m,ESFD (SM),0,0,0,0,1,0,1,187983,1,https://materialsproject.org/materials/icsd/187983
187991,Co3 Ta1,194,P63/mmc,ES (SM),0,0,0,0,1,0,2,187991 671178,2,https://materialsproject.org/materials/icsd/187991
188056,Al2 Ba1 O8 Si2,147,P-3,Trivial,1,0,0,0,1,0,2,188056 191252,2,https://materialsproject.org/materials/icsd/188056
188269,Fe1 Nb2,227,Fd-3m,SEBR (TI),0,0,0,0,1,0,1,188269,1,https://materialsproject.org/materials/icsd/188269
188273,Cr1 Ni2,227,Fd-3m,SEBR (TI),0,0,0,0,1,0,1,188273,1,https://materialsproject.org/materials/icsd/188273
188415,Mn1 O3 Sr1,221,Pm-3m,ESFD (SM),0,0,0,1,1,0,2,188415 236949,2,https://materialsproject.org/materials/icsd/188415
188449,O3 Sr1 Zr1,99,P4mm,Trivial,0,0,1,0,1,0,2,188449 674926,2,https://materialsproject.org/materials/icsd/188449
188466,Bi1 Fe1 O3,99,P4mm,ESFD (SM),0,0,1,0,1,0,2,188466 188467,2,https://materialsproject.org/materials/icsd/188466
188890,C1 O2,122,I-42d,Trivial,0,0,1,0,1,0,3,188890 290503 674668,3,https://materialsproject.org/materials/icsd/188890
189155,Cl2 Cu2 O6 Pb1 Te2,4,P21,Trivial,1,0,1,0,1,0,1,189155,1,https://materialsproject.org/materials/icsd/189155
189752,H1 Ca1 Ni5,1,P1,ESFD (SM),0,0,1,1,1,0,2,189752 189753,2,https://materialsproject.org/materials/icsd/189752
189825,Li1 S2 Ti1,166,R-3m,ESFD (SM),1,0,0,0,1,0,2,189825 189826,2,https://materialsproject.org/materials/icsd/189825
189844,H12 Br2 Mg1 O6,12,C2/m,Trivial,1,0,0,0,1,0,1,189844,1,https://materialsproject.org/materials/icsd/189844
189939,F1 Mn1 P1 Sr1,129,P4/nmm,ESFD (SM),0,0,0,0,1,0,1,189939,1,https://materialsproject.org/materials/icsd/189939
189940,As1 F1 Mn1 Sr1,129,P4/nmm,ESFD (SM),0,0,0,0,1,0,1,189940,1,https://materialsproject.org/materials/icsd/189940
189941,F1 Mn1 Sb1 Sr1,129,P4/nmm,ESFD (SM),0,0,0,0,1,0,1,189941,1,https://materialsproject.org/materials/icsd/189941
190042,Fe1 O7 Ti3,44,Imm2,Trivial,0,0,1,0,1,0,1,190042,1,https://materialsproject.org/materials/icsd/190042
190593,Co1 O6 Sr2 W1,87,I4/m,ESFD (SM),0,0,0,1,1,0,2,190593 245470,2,https://materialsproject.org/materials/icsd/190593
190656,As3 Li1 O12 Zr2,167,R-3c,Trivial,0,0,0,0,1,0,1,190656,1,https://materialsproject.org/materials/icsd/190656
190731,Cu1 O4 Sb2,106,P42bc,ES (SM),1,0,1,0,1,0,1,190731,1,https://materialsproject.org/materials/icsd/190731
190920,K1 Nb1 O3,221,Pm-3m,Trivial,1,0,0,0,1,0,2,190920 673080,2,https://materialsproject.org/materials/icsd/190920
190941,B1 Ba2 Br1 O3,164,P-3m1,Trivial,1,0,0,0,1,0,1,190941,1,https://materialsproject.org/materials/icsd/190941
190996,Mn1 Sc2 Si1,225,Fm-3m,ESFD (SM),0,0,0,0,1,0,1,190996,1,https://materialsproject.org/materials/icsd/190996
190998,Ge1 Mn1 Sc2,225,Fm-3m,ESFD (SM),0,0,0,0,1,0,1,190998,1,https://materialsproject.org/materials/icsd/190998
191170,Mn1 Sn1,221,Pm-3m,ESFD (SM),0,0,0,1,1,0,1,191170,1,https://materialsproject.org/materials/icsd/191170
191171,Mn1 Sn1,216,F-43m,ESFD (SM),0,0,1,1,1,0,1,191171,1,https://materialsproject.org/materials/icsd/191171
191173,Mn1 Sb1,225,Fm-3m,SEBR (TI),0,0,0,0,1,0,1,191173,1,https://materialsproject.org/materials/icsd/191173
191175,Mn1 Sb1,216,F-43m,Trivial,0,0,1,0,1,0,2,191175 191786,2,https://materialsproject.org/materials/icsd/191175
191203,Ba1 O3 V1,221,Pm-3m,ESFD (SM),1,0,0,1,1,0,2,191203 673477,2,https://materialsproject.org/materials/icsd/191203
191232,N1 Pd3,225,Fm-3m,ESFD (SM),0,0,0,0,1,0,1,191232,1,https://materialsproject.org/materials/icsd/191232
191281,Fe1 K2 O7 P2,113,P-421m,Trivial,1,0,1,0,1,0,1,191281,1,https://materialsproject.org/materials/icsd/191281
191282,Cu1 K2 O7 P2,113,P-421m,ESFD (SM),1,0,1,0,1,0,1,191282,1,https://materialsproject.org/materials/icsd/191282
191359,O6 Sr2 V1 Zr1,139,I4/mmm,ESFD (SM),0,0,0,1,1,0,1,191359,1,https://materialsproject.org/materials/icsd/191359
191360,Hf1 O6 Sr2 V1,139,I4/mmm,ESFD (SM),0,0,0,1,1,0,1,191360,1,https://materialsproject.org/materials/icsd/191360
191364,Co1 Hf1 O6 Sr2,139,I4/mmm,ESFD (SM),0,0,0,0,1,0,1,191364,1,https://materialsproject.org/materials/icsd/191364
191365,Fe1 O6 Sr2 Zr1,139,I4/mmm,Trivial,0,0,0,0,1,0,1,191365,1,https://materialsproject.org/materials/icsd/191365
191366,Fe1 Hf1 O6 Sr2,139,I4/mmm,Trivial,0,0,0,0,1,0,1,191366,1,https://materialsproject.org/materials/icsd/191366
191491,Rb1 Sb1,216,F-43m,ESFD (SM),0,0,1,0,1,0,1,191491,1,https://materialsproject.org/materials/icsd/191491
191493,Rb1 Te1,216,F-43m,ESFD (SM),0,0,1,0,1,0,1,191493,1,https://materialsproject.org/materials/icsd/191493
191563,Ba2 Mg1 O6 Te1,225,Fm-3m,Trivial,1,0,0,0,1,0,1,191563,1,https://materialsproject.org/materials/icsd/191563
191592,Cs1 Fe1 Mo2 O8,147,P-3,ESFD (SM),0,0,1,1,1,0,1,191592,1,https://materialsproject.org/materials/icsd/191592
191639,Cs1 N1 Rb1,216,F-43m,ESFD (SM),0,0,1,0,1,0,1,191639,1,https://materialsproject.org/materials/icsd/191639
191640,Cs1 P1 Rb1,216,F-43m,ESFD (SM),0,0,1,0,1,0,1,191640,1,https://materialsproject.org/materials/icsd/191640
191641,As1 Cs1 Rb1,216,F-43m,ESFD (SM),0,0,1,0,1,0,1,191641,1,https://materialsproject.org/materials/icsd/191641
191648,As1 Co1 Mn2,216,F-43m,ES (SM),0,0,1,1,1,0,1,191648,1,https://materialsproject.org/materials/icsd/191648
191657,Al1 Co1 Fe1 Ti1,216,F-43m,Trivial,0,0,1,1,1,0,2,191657 673236,2,https://materialsproject.org/materials/icsd/191657
191658,Co1 Fe1 Ga1 Ti1,216,F-43m,ESFD (SM),0,0,1,1,1,0,1,191658,1,https://materialsproject.org/materials/icsd/191658
191659,Co1 Fe1 Si1 Ti1,216,F-43m,ESFD (SM),0,0,1,1,1,0,1,191659,1,https://materialsproject.org/materials/icsd/191659
191660,Co1 Fe1 Ge1 Ti1,216,F-43m,ESFD (SM),0,0,1,1,1,0,1,191660,1,https://materialsproject.org/materials/icsd/191660
191661,As1 Co1 Fe1 Ti1,216,F-43m,ESFD (SM),0,0,1,1,1,0,1,191661,1,https://materialsproject.org/materials/icsd/191661
191662,Co1 Fe1 Sb1 Ti1,216,F-43m,ESFD (SM),0,0,1,1,1,0,1,191662,1,https://materialsproject.org/materials/icsd/191662
191664,Co1 Fe1 Ga1 V1,216,F-43m,ESFD (SM),0,0,1,1,1,0,1,191664,1,https://materialsproject.org/materials/icsd/191664
191667,As1 Co1 Fe1 V1,216,F-43m,ESFD (SM),0,0,1,0,1,0,1,191667,1,https://materialsproject.org/materials/icsd/191667
191668,Co1 Fe1 Sb1 V1,216,F-43m,ESFD (SM),0,0,1,0,1,0,1,191668,1,https://materialsproject.org/materials/icsd/191668
191683,Fe1 Te1 V1,216,F-43m,ESFD (SM),0,0,1,0,1,0,1,191683,1,https://materialsproject.org/materials/icsd/191683
191684,Co1 Cr1 Te1,216,F-43m,ESFD (SM),0,0,1,0,1,0,1,191684,1,https://materialsproject.org/materials/icsd/191684
191749,Ca2 Pb1,225,Fm-3m,Trivial,0,0,0,0,1,0,1,191749,1,https://materialsproject.org/materials/icsd/191749
191788,Mn1 P1,216,F-43m,Trivial,0,0,1,0,1,0,1,191788,1,https://materialsproject.org/materials/icsd/191788
192060,Ba1 Cu1 O7 P2,2,P-1,NLC (TI),1,0,1,0,1,0,1,192060,1,https://materialsproject.org/materials/icsd/192060
192327,Co1 Nb1 O6 Sr2,87,I4/m,Trivial,0,0,0,1,1,0,1,192327,1,https://materialsproject.org/materials/icsd/192327
192470,Ag1 Fe2 Ga1 Te4,121,I-42m,Trivial,1,0,1,0,1,0,1,192470,1,https://materialsproject.org/materials/icsd/192470
192774,C2 H6 Cd1 I2 N2 O2,2,P-1,Trivial,1,0,0,0,1,0,1,192774,1,https://materialsproject.org/materials/icsd/192774
192816,As1 Li1 Mn1,216,F-43m,ESFD (SM),1,0,1,0,1,0,1,192816,1,https://materialsproject.org/materials/icsd/192816
193088,F3 Mg1 Na1,127,P4/mbm,Trivial,1,0,0,0,1,0,1,193088,1,https://materialsproject.org/materials/icsd/193088
193569,Mg1 Ni3,221,Pm-3m,ES (SM),0,1,0,1,1,0,1,193569,1,https://materialsproject.org/materials/icsd/193569
194588,Ag2 Fe1 O8 Rb1 V2,147,P-3,ESFD (SM),1,0,1,1,1,0,2,194588 194589,2,https://materialsproject.org/materials/icsd/194588
194807,B4 Mn1,58,Pnnm,ESFD (SM),1,0,0,0,1,0,1,194807,1,https://materialsproject.org/materials/icsd/194807
194992,Mg1 O9 Sr3 Ta2,164,P-3m1,Trivial,0,0,0,0,1,0,1,194992,1,https://materialsproject.org/materials/icsd/194992
195084,Ge1 O3 Sr1,221,Pm-3m,Trivial,1,0,0,0,1,0,3,195084 672202 674088,3,https://materialsproject.org/materials/icsd/195084
195251,Al1 S8 V4,216,F-43m,ESFD (SM),1,0,1,0,1,0,1,195251,1,https://materialsproject.org/materials/icsd/195251
195305,O7 P2 Pb1 Pd1,62,Pnma,Trivial,0,0,0,0,1,0,2,195305 420534,2,https://materialsproject.org/materials/icsd/195305
195306,O14 P4 Pb1 Pd1 Si1,11,P21/m,Trivial,0,0,0,0,1,0,2,195306 420535,2,https://materialsproject.org/materials/icsd/195306
195500,Ca3 Ge4 Ir4,217,I-43m,ESFD (SM),1,1,1,0,1,0,2,195500 429727,2,https://materialsproject.org/materials/icsd/195500
195647,K3 La1 O9 Te2,194,P63/mmc,Trivial,1,0,0,0,1,0,1,195647,1,https://materialsproject.org/materials/icsd/195647
196230,Bi2 O1 S2,129,P4/nmm,Trivial,0,1,0,0,1,0,1,196230,1,https://materialsproject.org/materials/icsd/196230
196345,H1 N3 O1 Zn1,186,P63mc,Trivial,0,0,1,0,1,0,1,196345,1,https://materialsproject.org/materials/icsd/196345
196424,B4 Fe1,58,Pnnm,Trivial,0,0,0,0,1,0,3,196424 425311 670854,3,https://materialsproject.org/materials/icsd/196424
196628,Co1 Fe1 Ge1,194,P63/mmc,ESFD (SM),0,0,0,0,1,0,1,196628,1,https://materialsproject.org/materials/icsd/196628
200009,Fe2 Na1 O3,164,P-3m1,ESFD (SM),0,0,0,0,1,0,2,200009 424349,2,https://materialsproject.org/materials/icsd/200009
200109,Br1 F3 Rb1 Sb1,2,P-1,Trivial,0,0,0,0,1,0,1,200109,1,https://materialsproject.org/materials/icsd/200109
200145,Bi2 O4 Pd1,130,P4/ncc,Trivial,1,0,0,0,1,0,1,200145,1,https://materialsproject.org/materials/icsd/200145
200211,Cl1 F1 O1 Pb2,67,Cmme,Trivial,1,0,0,0,1,0,3,200211 200212 200213,3,https://materialsproject.org/materials/icsd/200211
200299,Ba3 Ni1 O9 Sb2,194,P63/mmc,ES (SM),0,0,0,0,1,0,1,200299,1,https://materialsproject.org/materials/icsd/200299
200709,Li1 S2 Ti1,164,P-3m1,ESFD (SM),1,0,0,0,1,0,2,200709 642322,2,https://materialsproject.org/materials/icsd/200709
201057,Cl9 Cs3 Ru2,194,P63/mmc,Trivial,0,0,0,0,1,0,1,201057,1,https://materialsproject.org/materials/icsd/201057
201143,B2 K3 O12 Ta3,189,P-62m,Trivial,1,0,1,0,1,0,1,201143,1,https://materialsproject.org/materials/icsd/201143
201252,Ca1 F3 Rb1,221,Pm-3m,Trivial,0,0,0,0,1,0,3,201252 201253 670414,3,https://materialsproject.org/materials/icsd/201252
201436,Au4 Cl8,2,P-1,Trivial,1,0,0,0,1,0,1,201436,1,https://materialsproject.org/materials/icsd/201436
201806,H2 O4 W1,62,Pnma,Trivial,1,0,0,0,1,0,1,201806,1,https://materialsproject.org/materials/icsd/201806
201829,Br3 Cs1 V1,194,P63/mmc,ESFD (SM),0,0,0,0,1,0,2,201829 201833,2,https://materialsproject.org/materials/icsd/201829
201830,Cl3 Rb1 V1,194,P63/mmc,ESFD (SM),0,0,0,0,1,0,2,201830 201834,2,https://materialsproject.org/materials/icsd/201830
201831,Br3 Rb1 V1,194,P63/mmc,ESFD (SM),0,0,0,0,1,0,1,201831,1,https://materialsproject.org/materials/icsd/201831
201940,La2 Ni1 O4,50,Pban,Trivial,1,0,0,0,1,0,1,201940,1,https://materialsproject.org/materials/icsd/201940
201977,B1 Cl6 Sc4,55,Pbam,ESFD (SM),1,0,0,0,1,0,1,201977,1,https://materialsproject.org/materials/icsd/201977
201979,Cl6 N1 Sc4,55,Pbam,ESFD (SM),1,0,0,0,1,0,1,201979,1,https://materialsproject.org/materials/icsd/201979
202077,I1 N3 Rb2,127,P4/mbm,Trivial,1,0,0,0,1,0,1,202077,1,https://materialsproject.org/materials/icsd/202077
202080,Ge1 Hf1 O4,88,I41/a,Trivial,1,0,0,0,1,0,1,202080,1,https://materialsproject.org/materials/icsd/202080
202388,Ba1 Cu1 O6 Se2,15,C2/c,ESFD (SM),1,0,1,0,1,0,1,202388,1,https://materialsproject.org/materials/icsd/202388
202389,Cu1 O6 Se2 Sr1,15,C2/c,ESFD (SM),1,0,1,0,1,0,1,202389,1,https://materialsproject.org/materials/icsd/202389
202681,Al1 F3,63,Cmcm,Trivial,1,0,0,0,1,0,1,202681,1,https://materialsproject.org/materials/icsd/202681
202907,Cs1 Mo2 O8 V1,164,P-3m1,Trivial,1,0,1,0,1,0,1,202907,1,https://materialsproject.org/materials/icsd/202907
202917,Cs3 F7 Ge1,127,P4/mbm,Trivial,1,0,0,1,1,0,1,202917,1,https://materialsproject.org/materials/icsd/202917
202971,Cl4 Na2 Pd1,130,P4/ncc,Trivial,1,0,0,0,1,0,1,202971,1,https://materialsproject.org/materials/icsd/202971
236435,Co1 O6 Os1 Sr2,87,I4/m,ESFD (SM),1,0,1,0,1,0,2,236435 236436,2,https://materialsproject.org/materials/icsd/236435
236756,Ca1 F3 Li1,221,Pm-3m,Trivial,0,0,0,0,1,0,2,236756 236757,2,https://materialsproject.org/materials/icsd/236756
236779,N1 Sc1,216,F-43m,Trivial,0,0,1,0,1,0,2,236779 236780,2,https://materialsproject.org/materials/icsd/236779
236815,Cu1 N1,225,Fm-3m,ESFD (SM),0,0,0,0,1,0,2,236815 236816,2,https://materialsproject.org/materials/icsd/236815
236829,Fe1 N1,221,Pm-3m,ESFD (SM),0,0,0,0,1,0,2,236829 236830,2,https://materialsproject.org/materials/icsd/236829
236831,Co1 N1,221,Pm-3m,ESFD (SM),0,0,0,0,1,0,2,236831 236832,2,https://materialsproject.org/materials/icsd/236831
236835,Cu1 N1,221,Pm-3m,ESFD (SM),0,0,0,0,1,0,2,236835 236836,2,https://materialsproject.org/materials/icsd/236835
236837,N1 Zn1,221,Pm-3m,ESFD (SM),0,0,0,0,1,0,3,236837 236838 670709,3,https://materialsproject.org/materials/icsd/236837
237001,Al6 K8 O24 Si6,218,P-43n,ESFD (SM),0,0,0,0,1,0,1,237001,1,https://materialsproject.org/materials/icsd/237001
237032,Nb1 S2,164,P-3m1,ESFD (SM),0,0,0,0,1,0,2,237032 250594,2,https://materialsproject.org/materials/icsd/237032
237385,As1 Cr1 La1 O1,129,P4/nmm,Trivial,0,0,0,0,1,0,2,237385 237387,2,https://materialsproject.org/materials/icsd/237385
237386,As1 Cr1 La1 O1,129,P4/nmm,NLC (TI),0,0,0,0,1,0,1,237386,1,https://materialsproject.org/materials/icsd/237386
237581,Cl1 Ni1 O3 Sr2,129,P4/nmm,ESFD (SM),0,0,0,0,1,0,1,237581,1,https://materialsproject.org/materials/icsd/237581
237798,C1 Na3 Ni1 O7 P1,11,P21/m,Trivial,1,0,0,0,1,0,1,237798,1,https://materialsproject.org/materials/icsd/237798
238073,B2 K1 O6 Sb1,9,Cc,Trivial,1,0,1,0,1,0,1,238073,1,https://materialsproject.org/materials/icsd/238073
238202,Mg1 Na2 Pb1,194,P63/mmc,ES (SM),1,0,0,0,1,0,1,238202,1,https://materialsproject.org/materials/icsd/238202
238656,As2 O3,3,P2,Trivial,1,0,1,0,1,0,6,238656 238657 238658 238659 238660 238661,6,https://materialsproject.org/materials/icsd/238656
239110,C1 Cd1 F1 K1 O3,187,P-6m2,Trivial,0,0,0,0,1,0,1,239110,1,https://materialsproject.org/materials/icsd/239110
239208,Nb1 O4 Y1,88,I41/a,Trivial,0,0,0,0,1,0,8,239208 239209 430917 430918 430919 430920 430921 430922,8,https://materialsproject.org/materials/icsd/239208
239321,H1 Fe1 O2,62,Pnma,ES (SM),0,0,0,0,1,0,5,239321 239322 239323 239324 245057,5,https://materialsproject.org/materials/icsd/239321
239354,Br6 Si2,12,C2/m,Trivial,0,0,0,0,1,0,1,239354,1,https://materialsproject.org/materials/icsd/239354
239438,Mn1 O6 Pb2 W1,225,Fm-3m,ESFD (SM),0,0,0,0,1,0,1,239438,1,https://materialsproject.org/materials/icsd/239438
239593,Ge2 In2 O7,227,Fd-3m,Trivial,0,0,0,0,1,0,1,239593,1,https://materialsproject.org/materials/icsd/239593
239640,Br4 Nb1,12,C2/m,Trivial,0,0,0,0,1,0,1,239640,1,https://materialsproject.org/materials/icsd/239640
239713,Cs2 O8 V3,127,P4/mbm,ESFD (SM),0,0,0,0,1,0,1,239713,1,https://materialsproject.org/materials/icsd/239713
239746,Cu1 Mg1 O4 V1,63,Cmcm,Trivial,0,0,0,0,1,0,1,239746,1,https://materialsproject.org/materials/icsd/239746
240138,Al8 Fe4 Sc1,139,I4/mmm,ESFD (SM),1,0,0,0,1,0,3,240138 240139 607626,3,https://materialsproject.org/materials/icsd/240138
240414,Ca1 O3 Si1,140,I4/mcm,Trivial,0,0,0,0,1,0,8,240414 240415 240416 240417 240418 240419 240420 240421,8,https://materialsproject.org/materials/icsd/240414
240422,Ca1 O3 Si1,74,Imma,Trivial,0,0,0,0,1,0,8,240422 240423 240424 240425 240426 240427 240428 240429,8,https://materialsproject.org/materials/icsd/240422
240462,Ca1 O3 Si1,62,Pnma,Trivial,0,0,0,0,1,0,8,240462 240463 240464 240465 240466 240467 240468 240469,8,https://materialsproject.org/materials/icsd/240462
240484,Cl4 Cs2 I2 Pd1,139,I4/mmm,ES (SM),1,0,0,0,1,0,1,240484,1,https://materialsproject.org/materials/icsd/240484
240663,H6 Cl2 Cu3 Mg1 O6,164,P-3m1,ESFD (SM),1,0,0,0,1,0,1,240663,1,https://materialsproject.org/materials/icsd/240663
240697,H5 Ga1 Sr1,33,Pna21,Trivial,0,0,0,0,1,0,1,240697,1,https://materialsproject.org/materials/icsd/240697
240899,I1 N1 Sr2,166,R-3m,Trivial,1,0,0,0,1,0,1,240899,1,https://materialsproject.org/materials/icsd/240899
240930,Cu2 Na2 O11 Si4,2,P-1,Trivial,1,0,1,0,1,0,1,240930,1,https://materialsproject.org/materials/icsd/240930
240968,H4 Ag2 O6 Te1,43,Fdd2,Trivial,1,0,1,0,1,0,1,240968,1,https://materialsproject.org/materials/icsd/240968
241176,O7 Sr1 V3,59,Pmmn,ESFD (SM),1,0,0,0,1,0,12,241176 241177 241178 241179 241180 241181 241182 241183 241184 241185 241186 241187,12,https://materialsproject.org/materials/icsd/241176
242056,Br1 Mo1 O4 Y1,2,P-1,Trivial,0,0,0,0,1,0,1,242056,1,https://materialsproject.org/materials/icsd/242056
243549,Mo1 O2,62,Pnma,Trivial,0,0,0,0,1,0,1,243549,1,https://materialsproject.org/materials/icsd/243549
243672,O9 P2 Ti2,2,P-1,Trivial,0,0,0,0,1,0,1,243672,1,https://materialsproject.org/materials/icsd/243672
243749,Br6 Cs2 Pd1,225,Fm-3m,Trivial,0,0,0,0,1,0,1,243749,1,https://materialsproject.org/materials/icsd/243749
245001,Ag3 In1 O8 P2,12,C2/m,Trivial,1,0,0,0,1,0,1,245001,1,https://materialsproject.org/materials/icsd/245001
245171,H4 Al1 F5 O2 Zn1,74,Imma,Trivial,1,0,0,0,1,0,1,245171,1,https://materialsproject.org/materials/icsd/245171
245410,C1 Na4 O4,8,Cm,Trivial,0,0,0,0,1,0,3,245410 245413 245414,3,https://materialsproject.org/materials/icsd/245410
245421,C1 K4 O4,8,Cm,Trivial,0,0,1,0,1,0,3,245421 245424 245426,3,https://materialsproject.org/materials/icsd/245421
245441,C1 O4 Rb4,38,Amm2,Trivial,0,0,1,0,1,0,1,245441,1,https://materialsproject.org/materials/icsd/245441
245445,C1 Cs4 O4,215,P-43m,Trivial,0,0,1,0,1,0,1,245445,1,https://materialsproject.org/materials/icsd/245445
245595,Cr1 O4 Sr2,139,I4/mmm,SEBR (TI),1,0,0,0,1,0,1,245595,1,https://materialsproject.org/materials/icsd/245595
245665,Fe1 Mo2 O8 Rb1,164,P-3m1,ESFD (SM),0,0,1,1,1,0,2,245665 250409,2,https://materialsproject.org/materials/icsd/245665
245667,Cs1 Fe1 O8 S2,147,P-3,ESFD (SM),0,0,1,0,1,0,1,245667,1,https://materialsproject.org/materials/icsd/245667
245747,Cl6 Nb1 Rb2,225,Fm-3m,ESFD (SM),1,0,0,1,1,0,1,245747,1,https://materialsproject.org/materials/icsd/245747
245847,Li5 O9 P2 V1,140,I4/mcm,SEBR (TI),0,0,0,0,1,0,1,245847,1,https://materialsproject.org/materials/icsd/245847
246112,Ba2 Ca1 O6 Te1,225,Fm-3m,Trivial,1,0,0,1,1,0,1,246112,1,https://materialsproject.org/materials/icsd/246112
246244,Ca1 Fe1 O2,113,P-421m,Trivial,1,0,1,0,1,0,2,246244 674880,2,https://materialsproject.org/materials/icsd/246244
246245,Ca1 Fe1 O2,113,P-421m,NLC (TI),1,0,1,0,1,0,1,246245,1,https://materialsproject.org/materials/icsd/246245
246483,Co1 O4 Sr2,139,I4/mmm,ESFD (SM),1,0,0,0,1,0,1,246483,1,https://materialsproject.org/materials/icsd/246483
246541,Ba2 Fe1 Mo1 O6,139,I4/mmm,Trivial,1,0,0,1,1,0,4,246541 246542 246543 246544,4,https://materialsproject.org/materials/icsd/246541
246660,C3 N4,160,R3m,Trivial,0,0,0,0,1,0,4,246660 673898 674277 674292,4,https://materialsproject.org/materials/icsd/246660
246730,Li1 O6 Re1 Sr2,87,I4/m,Trivial,0,0,0,0,1,0,2,246730 418991,2,https://materialsproject.org/materials/icsd/246730
246731,Li1 O6 Re1 Sr2,225,Fm-3m,Trivial,0,0,0,0,1,0,2,246731 418992,2,https://materialsproject.org/materials/icsd/246731
246932,Cs1 Na2,194,P63/mmc,ES (SM),0,0,0,0,1,0,2,246932 627052,2,https://materialsproject.org/materials/icsd/246932
247061,B2 Cu2 O6 Sr1,121,I-42m,Trivial,1,0,1,0,1,0,5,247061 247200 247201 247202 247204,5,https://materialsproject.org/materials/icsd/247061
247066,Co3 In1 N1,221,Pm-3m,ESFD (SM),1,0,0,1,1,0,1,247066,1,https://materialsproject.org/materials/icsd/247066
247188,In1 Pd3,139,I4/mmm,SEBR (TI),0,0,0,0,1,0,3,247188 247189 420251,3,https://materialsproject.org/materials/icsd/247188
247193,In1 Pd3,221,Pm-3m,ESFD (SM),0,0,0,1,1,0,2,247193 247197,2,https://materialsproject.org/materials/icsd/247193
247194,In1 Pd3,139,I4/mmm,ESFD (SM),0,0,0,1,1,0,3,247194 247195 420250,3,https://materialsproject.org/materials/icsd/247194
247205,B2 Cu2 O6 Sr1,120,I-4c2,Trivial,1,0,1,0,1,0,1,247205,1,https://materialsproject.org/materials/icsd/247205
247206,B2 Cu2 O6 Sr1,108,I4cm,Trivial,1,0,1,0,1,0,1,247206,1,https://materialsproject.org/materials/icsd/247206
247255,Li8 N2 Se1,109,I41md,Trivial,1,0,1,0,1,0,3,247255 247256 421252,3,https://materialsproject.org/materials/icsd/247255
247272,Pd3 Tl1,139,I4/mmm,SEBR (TI),1,0,0,0,1,0,3,247272 649056 649063,3,https://materialsproject.org/materials/icsd/247272
247273,H1 Pd3 Tl1,221,Pm-3m,SEBR (TI),1,0,0,0,1,0,1,247273,1,https://materialsproject.org/materials/icsd/247273
247564,H2 Na2 Ni1 O6 P2,62,Pnma,Trivial,0,0,0,1,1,0,1,247564,1,https://materialsproject.org/materials/icsd/247564
247601,H4 W1,129,P4/nmm,Trivial,0,0,0,0,1,0,2,247601 247602,2,https://materialsproject.org/materials/icsd/247601
247622,B1 Be2 Cs1 F2 O3,155,R32,Trivial,1,0,1,0,1,0,2,247622 260440,2,https://materialsproject.org/materials/icsd/247622
248025,B2 Cd1 F1 K1 O6 Zn2,163,P-31c,Trivial,1,0,0,0,1,0,1,248025,1,https://materialsproject.org/materials/icsd/248025
248042,B1 Ba1 F1 O3 Zn1,174,P-6,Trivial,1,0,0,1,1,0,2,248042 429814,2,https://materialsproject.org/materials/icsd/248042
248046,C6 Cs2 Mn2 N6,225,Fm-3m,Trivial,1,0,0,0,1,0,1,248046,1,https://materialsproject.org/materials/icsd/248046
248051,K1 O3 Pd2,166,R-3m,Trivial,1,0,0,0,1,0,1,248051,1,https://materialsproject.org/materials/icsd/248051
248063,F8 K3 Ta1,186,P63mc,Trivial,1,0,0,0,1,0,1,248063,1,https://materialsproject.org/materials/icsd/248063
248228,O14 Rb3 V5,157,P31m,Trivial,1,0,1,0,1,0,2,248228 420851,2,https://materialsproject.org/materials/icsd/248228
248351,O6 Ru2 Sr1,162,P-31m,Trivial,1,0,0,0,1,0,1,248351,1,https://materialsproject.org/materials/icsd/248351
248364,Ba1 F1 Mn1 Sb1,129,P4/nmm,ESFD (SM),0,0,0,0,1,0,2,248364 248366,2,https://materialsproject.org/materials/icsd/248364
248365,As1 Ba1 F1 Mn1,129,P4/nmm,ESFD (SM),0,0,0,0,1,0,1,248365,1,https://materialsproject.org/materials/icsd/248365
248371,C6 H6 Ag3 K3 N6 O3,163,P-31c,Trivial,0,0,0,0,1,0,1,248371,1,https://materialsproject.org/materials/icsd/248371
248374,Co1 Mn1 Sb1,129,P4/nmm,ESFD (SM),0,0,0,0,1,0,4,248374 248375 248376 248377,4,https://materialsproject.org/materials/icsd/248374
249157,H8 Al1 F6 N2 Na1,225,Fm-3m,Trivial,1,0,0,0,1,0,1,249157,1,https://materialsproject.org/materials/icsd/249157
249403,F3 O1 Rb1 V1,55,Pbam,NLC (TI),1,0,0,0,1,0,2,249403 426620,2,https://materialsproject.org/materials/icsd/249403
249506,Na2 O8 Pd1 Se2,2,P-1,Trivial,1,0,0,0,1,0,1,249506,1,https://materialsproject.org/materials/icsd/249506
249632,Ga5 Mn2,127,P4/mbm,ESFD (SM),1,1,0,0,1,0,3,249632 634613 634639,3,https://materialsproject.org/materials/icsd/249632
249647,Cl1 Mo1 O4 Y1,12,C2/m,Trivial,1,0,0,0,1,0,1,249647,1,https://materialsproject.org/materials/icsd/249647
250123,Ga2 Ge4 O14 Pb3,150,P321,Trivial,1,0,1,1,1,0,1,250123,1,https://materialsproject.org/materials/icsd/250123
250124,Ba3 Ga2 Ge4 O14,150,P321,Trivial,1,0,1,0,1,0,1,250124,1,https://materialsproject.org/materials/icsd/250124
250189,H6 Cu1 N1 O5 P1,31,Pmn21,ESFD (SM),1,0,1,0,1,0,1,250189,1,https://materialsproject.org/materials/icsd/250189
250379,O23 Rb6 Si10,189,P-62m,Trivial,0,0,0,0,1,0,1,250379,1,https://materialsproject.org/materials/icsd/250379
250498,F3 O1 P1,164,P-3m1,Trivial,1,0,0,1,1,0,1,250498,1,https://materialsproject.org/materials/icsd/250498
250709,Ba1 Co2 O8 P2,147,P-3,Trivial,1,0,1,0,1,0,1,250709,1,https://materialsproject.org/materials/icsd/250709
251018,Fe1 O3 Sr2,71,Immm,Trivial,1,0,0,0,1,0,3,251018 251019 251020,3,https://materialsproject.org/materials/icsd/251018
251064,Ag2 S6 Te1 V3,189,P-62m,ESFD (SM),0,0,1,0,1,0,1,251064,1,https://materialsproject.org/materials/icsd/251064
251068,Fe1 O6 Os1 Sr2,225,Fm-3m,ESFD (SM),0,0,0,1,1,0,1,251068,1,https://materialsproject.org/materials/icsd/251068
251076,F12 Hf3 K2 O1,166,R-3m,Trivial,0,0,0,0,1,0,1,251076,1,https://materialsproject.org/materials/icsd/251076
251133,Ba4 Nb2 O9,176,P63/m,SEBR (TI),1,0,0,0,1,0,1,251133,1,https://materialsproject.org/materials/icsd/251133
251657,Cu3 Ir4 La1 O12,204,Im-3,ESFD (SM),1,0,0,0,1,0,1,251657,1,https://materialsproject.org/materials/icsd/251657
251665,F2 Na4 Ni1 O7 P2,74,Imma,Trivial,0,0,0,0,1,0,2,251665 251666,2,https://materialsproject.org/materials/icsd/251665
252148,Ba1 Ga1 O7 Y1 Zn3,186,P63mc,Trivial,0,0,1,0,1,0,1,252148,1,https://materialsproject.org/materials/icsd/252148
252309,O14 P2 Sr3 Te1 Zn3,150,P321,Trivial,0,0,1,0,1,0,1,252309,1,https://materialsproject.org/materials/icsd/252309
252310,Ba3 O14 P2 Te1 Zn3,150,P321,Trivial,0,0,1,0,1,0,1,252310,1,https://materialsproject.org/materials/icsd/252310
252429,H3 Cl1 Cu1 O3 Zn1,11,P21/m,ESFD (SM),0,0,0,0,1,0,1,252429,1,https://materialsproject.org/materials/icsd/252429
252879,Cr1 Li1 Se2,164,P-3m1,ESFD (SM),0,0,1,0,1,0,1,252879,1,https://materialsproject.org/materials/icsd/252879
257115,Ag1 Cl6 Cs2 In1,225,Fm-3m,Trivial,0,0,0,1,1,0,1,257115,1,https://materialsproject.org/materials/icsd/257115
260289,Ca2 Nb3 O10 Rb1,123,P4/mmm,Trivial,1,1,0,0,1,0,1,260289,1,https://materialsproject.org/materials/icsd/260289
260686,Mo1 Zn6,225,Fm-3m,ESFD (SM),0,0,0,0,1,0,1,260686,1,https://materialsproject.org/materials/icsd/260686
260887,Cs1 Fe1 Mo2 O8,164,P-3m1,ESFD (SM),1,0,1,1,1,0,1,260887,1,https://materialsproject.org/materials/icsd/260887
260895,B1 Fe2 O12 P3,176,P63/m,Trivial,0,0,1,0,1,0,2,260895 420638,2,https://materialsproject.org/materials/icsd/260895
262078,Al1 F6 K3,225,Fm-3m,Trivial,1,0,0,0,1,0,1,262078,1,https://materialsproject.org/materials/icsd/262078
262104,O3 Pb1 Zr1,221,Pm-3m,Trivial,1,0,0,0,1,0,12,262104 262105 290872 290873 290874 290875 290876 290877 290878 290879 672047 673004,12,https://materialsproject.org/materials/icsd/262104
262356,As2 Co2 O6 Sc2 Sr4,129,P4/nmm,ESFD (SM),0,0,0,0,1,0,1,262356,1,https://materialsproject.org/materials/icsd/262356
262357,Co2 O6 P2 Sc2 Sr4,129,P4/nmm,ESFD (SM),0,0,0,0,1,0,1,262357,1,https://materialsproject.org/materials/icsd/262357
262398,Co1 Ge2 O7 Sr2,113,P-421m,ESFD (SM),1,0,1,0,1,0,2,262398 262399,2,https://materialsproject.org/materials/icsd/262398
262400,H3 O8 V1 Y3,11,P21/m,ESFD (SM),1,0,1,0,1,0,1,262400,1,https://materialsproject.org/materials/icsd/262400
262402,H3 La3 O8 V1,11,P21/m,ESFD (SM),1,0,1,0,1,0,1,262402,1,https://materialsproject.org/materials/icsd/262402
262676,Mg1 Na2 Sn1,194,P63/mmc,ES (SM),1,0,0,0,1,0,1,262676,1,https://materialsproject.org/materials/icsd/262676
262716,Ba1 Mg1 Na2 O8 P2,147,P-3,Trivial,1,0,0,0,1,0,1,262716,1,https://materialsproject.org/materials/icsd/262716
262975,Al1 K1 O2,227,Fd-3m,Trivial,1,0,0,0,1,0,1,262975,1,https://materialsproject.org/materials/icsd/262975
263028,H2 Ca2 Ge2 Ni2,129,P4/nmm,ESFD (SM),0,0,0,0,1,0,1,263028,1,https://materialsproject.org/materials/icsd/263028
263049,O4 Pb1 Pd2,88,I41/a,Trivial,1,0,0,1,1,0,1,263049,1,https://materialsproject.org/materials/icsd/263049
263050,O4 Pb1 Pd2,15,C2/c,Trivial,1,0,0,1,1,0,1,263050,1,https://materialsproject.org/materials/icsd/263050
279579,K3 O3 Sb1,198,P213,Trivial,1,0,1,0,1,0,1,279579,1,https://materialsproject.org/materials/icsd/279579
279580,Cs3 O3 Sb1,198,P213,Trivial,1,0,1,0,1,0,1,279580,1,https://materialsproject.org/materials/icsd/279580
279582,Al1 O4 P1,186,P63mc,Trivial,1,0,0,0,1,0,1,279582,1,https://materialsproject.org/materials/icsd/279582
279589,C1 H8 Cu1 N2 O5 P2,15,C2/c,ESFD (SM),0,0,0,0,1,0,3,279589 279590 279591,3,https://materialsproject.org/materials/icsd/279589
280022,Ba5 Sb4,64,Cmce,Trivial,1,0,0,0,1,0,1,280022,1,https://materialsproject.org/materials/icsd/280022
280044,H6 Co1 N1 O5 P1,31,Pmn21,ESFD (SM),1,0,1,0,1,0,1,280044,1,https://materialsproject.org/materials/icsd/280044
280045,Ba3 Mn2 O8,166,R-3m,SEBR (TI),1,0,0,0,1,0,1,280045,1,https://materialsproject.org/materials/icsd/280045
280056,Mo1 O4 Tl2,164,P-3m1,Trivial,1,0,0,0,1,0,1,280056,1,https://materialsproject.org/materials/icsd/280056
280154,Ca3 Na2 O9 Ta2,155,R32,Trivial,1,0,1,0,1,0,1,280154,1,https://materialsproject.org/materials/icsd/280154
280205,B3 Ga2 Li2 O9 Rb1,13,P2/c,Trivial,1,0,0,0,1,0,1,280205,1,https://materialsproject.org/materials/icsd/280205
280329,As1 Cl1 Hg3 S4,186,P63mc,Trivial,1,0,1,0,1,0,1,280329,1,https://materialsproject.org/materials/icsd/280329
280518,Cd1 O6 Pt1 Sr3,167,R-3c,Trivial,1,0,0,0,1,0,1,280518,1,https://materialsproject.org/materials/icsd/280518
280576,As2 Cd1 O6,162,P-31m,Trivial,1,0,0,0,1,0,1,280576,1,https://materialsproject.org/materials/icsd/280576
280778,Cr1 Hg1 O6 Pb2,2,P-1,Trivial,1,0,0,0,1,0,1,280778,1,https://materialsproject.org/materials/icsd/280778
280921,H4 Cu1 O4 P2,51,Pmma,ESFD (SM),1,0,0,0,1,0,1,280921,1,https://materialsproject.org/materials/icsd/280921
280965,Ba2 Cl2 Co1 O6 Se2,58,Pnnm,ESFD (SM),1,0,0,0,1,0,1,280965,1,https://materialsproject.org/materials/icsd/280965
281293,Ba2 Co1 O7 Si2,113,P-421m,ESFD (SM),1,0,1,0,1,0,1,281293,1,https://materialsproject.org/materials/icsd/281293
281304,I2 O8 Rb1 V1,2,P-1,Trivial,1,0,0,0,1,0,1,281304,1,https://materialsproject.org/materials/icsd/281304
281336,H8 Co1 O14 P2 V2,87,I4/m,ESFD (SM),1,0,1,0,1,0,1,281336,1,https://materialsproject.org/materials/icsd/281336
281593,Na3 O1 S3 V1,36,Cmc21,Trivial,1,0,1,1,1,0,2,281593 415217,2,https://materialsproject.org/materials/icsd/281593
281641,As4 Cs1 F13,82,I-4,Trivial,1,0,1,0,1,0,1,281641,1,https://materialsproject.org/materials/icsd/281641
290133,Al2 Co1 O4,227,Fd-3m,ESFD (SM),1,0,0,1,1,0,1,290133,1,https://materialsproject.org/materials/icsd/290133
290318,Al1 F6 Na1 Rb2,225,Fm-3m,Trivial,1,0,0,0,1,0,1,290318,1,https://materialsproject.org/materials/icsd/290318
290483,Ba2 Co1 Ge2 O7,113,P-421m,ESFD (SM),1,0,1,0,1,0,4,290483 290484 423350 423351,4,https://materialsproject.org/materials/icsd/290483
290594,Ba1 Fe2 Se3,63,Cmcm,SEBR (TI),1,1,0,0,1,0,2,290594 290596,2,https://materialsproject.org/materials/icsd/290594
290731,Ni4 Si1 Y1,65,Cmmm,ESFD (SM),0,0,0,0,1,0,1,290731,1,https://materialsproject.org/materials/icsd/290731
290732,La1 Ni4 Si1,65,Cmmm,ESFD (SM),0,0,0,0,1,0,1,290732,1,https://materialsproject.org/materials/icsd/290732
290889,Fe1 P1 Ti1,189,P-62m,ESFD (SM),1,0,1,0,1,0,1,290889,1,https://materialsproject.org/materials/icsd/290889
291295,K1 O6 Te2 Y1,62,Pnma,Trivial,0,0,0,0,1,0,1,291295,1,https://materialsproject.org/materials/icsd/291295
291388,Cs2 Cu3 F12 Sn1,166,R-3m,ESFD (SM),1,0,0,0,1,0,2,291388 291391,2,https://materialsproject.org/materials/icsd/291388
291434,Al1 B1 Ba1 F2 O3,174,P-6,Trivial,0,0,0,0,1,0,2,291434 409663,2,https://materialsproject.org/materials/icsd/291434
291907,Na1 O2 Y1,166,R-3m,Trivial,0,0,0,0,1,0,1,291907,1,https://materialsproject.org/materials/icsd/291907
300110,Be1 K4 P2,166,R-3m,Trivial,1,0,0,1,1,0,1,300110,1,https://materialsproject.org/materials/icsd/300110
300111,As2 Be1 K4,166,R-3m,Trivial,1,0,0,1,1,0,1,300111,1,https://materialsproject.org/materials/icsd/300111
300119,K2 Ni1 P2,63,Cmcm,Trivial,1,0,0,0,1,0,1,300119,1,https://materialsproject.org/materials/icsd/300119
300120,As2 K2 Ni1,63,Cmcm,Trivial,1,0,0,0,1,0,1,300120,1,https://materialsproject.org/materials/icsd/300120
300190,As2 Cd1 K4,166,R-3m,Trivial,1,0,0,1,1,0,1,300190,1,https://materialsproject.org/materials/icsd/300190
300191,As3 Rb5 Si1,62,Pnma,Trivial,0,0,0,0,1,0,1,300191,1,https://materialsproject.org/materials/icsd/300191
300249,Cl3 Cs1 Fe1,194,P63/mmc,Trivial,0,0,0,0,1,0,1,300249,1,https://materialsproject.org/materials/icsd/300249
370009,K8 Tl11,167,R-3c,ESFD (SM),0,0,0,0,1,0,1,370009,1,https://materialsproject.org/materials/icsd/370009
370035,Rb8 Tl11,167,R-3c,ESFD (SM),0,0,0,0,1,0,1,370035,1,https://materialsproject.org/materials/icsd/370035
380105,B1 Li1 S3 Sr1,62,Pnma,Trivial,1,0,0,0,1,0,1,380105,1,https://materialsproject.org/materials/icsd/380105
380402,Fe1 La3 O6 S3 W1,176,P63/m,ESFD (SM),1,0,1,0,1,0,1,380402,1,https://materialsproject.org/materials/icsd/380402
380403,La3 Ni1 O6 S3 W1,176,P63/m,ESFD (SM),1,0,0,0,1,0,1,380403,1,https://materialsproject.org/materials/icsd/380403
380405,Co1 La3 O6 S3 W1,176,P63/m,Trivial,1,0,0,0,1,0,1,380405,1,https://materialsproject.org/materials/icsd/380405
380406,La3 Mn1 O6 S3 W1,176,P63/m,ES (SM),1,0,1,0,1,0,1,380406,1,https://materialsproject.org/materials/icsd/380406
391303,La4 Mn1 O1 Se6,186,P63mc,ESFD (SM),1,0,1,0,1,0,1,391303,1,https://materialsproject.org/materials/icsd/391303
391305,La4 Mn1 O1 S6,186,P63mc,ESFD (SM),1,0,1,0,1,0,1,391305,1,https://materialsproject.org/materials/icsd/391305
400264,Cl4 Na2 Ti1,55,Pbam,Trivial,1,0,0,0,1,0,1,400264,1,https://materialsproject.org/materials/icsd/400264
401026,Cl8 Na2 Ti3,166,R-3m,SEBR (TI),1,0,0,1,1,0,1,401026,1,https://materialsproject.org/materials/icsd/401026
401042,Cl1 Cu1 K4 O15 V5,75,P4,ESFD (SM),1,0,1,0,1,0,1,401042,1,https://materialsproject.org/materials/icsd/401042
401207,B1 O3 P1 Sr3,194,P63/mmc,Trivial,0,0,0,0,1,0,1,401207,1,https://materialsproject.org/materials/icsd/401207
402439,Br6 Rb2 W1,225,Fm-3m,ESFD (SM),1,0,0,0,1,0,1,402439,1,https://materialsproject.org/materials/icsd/402439
402441,Br6 Cs2 W1,225,Fm-3m,ESFD (SM),1,0,0,0,1,0,1,402441,1,https://materialsproject.org/materials/icsd/402441
402458,Ni3 S2 Sn2,166,R-3m,SEBR (TI),1,0,0,0,1,0,2,402458 674419,2,https://materialsproject.org/materials/icsd/402458
402545,Fe2 Sc1 Si2,57,Pbcm,ES (SM),1,0,0,0,1,0,2,402545 633456,2,https://materialsproject.org/materials/icsd/402545
402573,As2 Hg1 K4,166,R-3m,Trivial,1,0,0,1,1,0,1,402573,1,https://materialsproject.org/materials/icsd/402573
403035,Cl4 Cr1 Li2,12,C2/m,Trivial,1,0,1,0,1,0,1,403035,1,https://materialsproject.org/materials/icsd/403035
405134,Ba3 Ir1 Na1 O6,167,R-3c,Trivial,1,0,0,0,1,0,1,405134,1,https://materialsproject.org/materials/icsd/405134
405322,Au1 Ge1 La1,186,P63mc,ES (SM),1,0,1,0,1,0,2,405322 656867,2,https://materialsproject.org/materials/icsd/405322
405782,Co1 O6 Pb2 Te1,139,I4/mmm,ESFD (SM),1,0,0,0,1,0,1,405782,1,https://materialsproject.org/materials/icsd/405782
406200,K3 P5 Ru1 Se10,11,P21/m,Trivial,0,0,0,0,1,0,1,406200,1,https://materialsproject.org/materials/icsd/406200
406563,Bi1 Cs3 O3,198,P213,Trivial,1,0,1,0,1,0,1,406563,1,https://materialsproject.org/materials/icsd/406563
406949,Bi4 I2 Ru1,87,I4/m,Trivial,1,0,0,0,1,0,1,406949,1,https://materialsproject.org/materials/icsd/406949
407159,B20 Na3,65,Cmmm,ESFD (SM),1,0,0,0,1,0,2,407159 410247,2,https://materialsproject.org/materials/icsd/407159
407294,Bi1 O3 Rb3,198,P213,Trivial,1,0,1,0,1,0,1,407294,1,https://materialsproject.org/materials/icsd/407294
407548,In3 Ir1,136,P42/mnm,ES (SM),1,0,0,0,1,0,2,407548 639819,2,https://materialsproject.org/materials/icsd/407548
407549,In3 Rh1,136,P42/mnm,ES (SM),1,1,0,0,1,0,2,407549 640336,2,https://materialsproject.org/materials/icsd/407549
407768,Cl2 O1,141,I41/amd,Trivial,1,0,0,0,1,0,1,407768,1,https://materialsproject.org/materials/icsd/407768
407809,C6 Cs2 N9 Na1,176,P63/m,Trivial,0,0,0,1,1,0,1,407809,1,https://materialsproject.org/materials/icsd/407809
408111,F7 Ga1 Na2 Ni1,74,Imma,Trivial,1,0,1,0,1,0,1,408111,1,https://materialsproject.org/materials/icsd/408111
408553,Al1 F6 K2 Li1,225,Fm-3m,Trivial,1,0,0,0,1,0,1,408553,1,https://materialsproject.org/materials/icsd/408553
409541,Ag3 Cl1 Cr1 O4,129,P4/nmm,Trivial,0,0,0,0,1,0,1,409541,1,https://materialsproject.org/materials/icsd/409541
409553,Au1 Cs1 O1,139,I4/mmm,Trivial,1,0,0,0,1,0,1,409553,1,https://materialsproject.org/materials/icsd/409553
409632,Cl6 Rb2 W1,225,Fm-3m,ESFD (SM),1,0,0,0,1,0,1,409632,1,https://materialsproject.org/materials/icsd/409632
409674,Cl6 Cs2 W1,225,Fm-3m,ESFD (SM),1,0,0,0,1,0,1,409674,1,https://materialsproject.org/materials/icsd/409674
409724,H3 O9 P3 Sc2,176,P63/m,Trivial,0,0,0,0,1,0,1,409724,1,https://materialsproject.org/materials/icsd/409724
409778,I1 La5 Pb3,193,P63/mcm,ES (SM),1,0,0,0,1,0,1,409778,1,https://materialsproject.org/materials/icsd/409778
409808,Cl6 Cs2 Mo1,225,Fm-3m,ESFD (SM),1,0,0,0,1,0,1,409808,1,https://materialsproject.org/materials/icsd/409808
409840,Cl6 K2 W1,225,Fm-3m,ESFD (SM),1,0,0,0,1,0,1,409840,1,https://materialsproject.org/materials/icsd/409840
409898,H3 B1 Ca1 Ni1 O10 P2,15,C2/c,Trivial,0,0,1,0,1,0,1,409898,1,https://materialsproject.org/materials/icsd/409898
409919,As2 K4 Zn1,166,R-3m,Trivial,1,0,0,1,1,0,1,409919,1,https://materialsproject.org/materials/icsd/409919
410384,H12 N16 Pd2,87,I4/m,Trivial,1,0,0,0,1,0,1,410384,1,https://materialsproject.org/materials/icsd/410384
410390,F18 Ni6 Rb6,194,P63/mmc,ES (SM),0,0,0,1,1,0,2,410390 410391,2,https://materialsproject.org/materials/icsd/410390
410393,Cs9 F27 Ni9,166,R-3m,SEBR (TI),1,0,0,1,1,0,1,410393,1,https://materialsproject.org/materials/icsd/410393
410630,K1 N7 P4,62,Pnma,Trivial,0,0,0,0,1,0,1,410630,1,https://materialsproject.org/materials/icsd/410630
410632,Cs1 N7 P4,62,Pnma,Trivial,0,0,0,0,1,0,1,410632,1,https://materialsproject.org/materials/icsd/410632
410801,F6 Sn1 Tl2,164,P-3m1,Trivial,1,0,0,0,1,0,1,410801,1,https://materialsproject.org/materials/icsd/410801
410828,Cu3 Ge5 K2 O14,2,P-1,ESFD (SM),1,0,1,0,1,0,1,410828,1,https://materialsproject.org/materials/icsd/410828
410954,Cl7 K1 Mo2 O2,15,C2/c,Trivial,1,0,0,0,1,0,1,410954,1,https://materialsproject.org/materials/icsd/410954
410967,In3 Rh2 Ti3,189,P-62m,ESFD (SM),1,0,1,0,1,0,1,410967,1,https://materialsproject.org/materials/icsd/410967
410992,Ir4 Sn4 Sr3,217,I-43m,ESFD (SM),1,0,1,0,1,0,1,410992,1,https://materialsproject.org/materials/icsd/410992
411087,Ba2 Br2 F10 Pb4,129,P4/nmm,Trivial,0,0,0,0,1,0,1,411087,1,https://materialsproject.org/materials/icsd/411087
411088,Ba2 F10 I2 Pb4,129,P4/nmm,Trivial,0,0,0,0,1,0,1,411088,1,https://materialsproject.org/materials/icsd/411088
411111,Cs1 O12 Te2 V3,173,P63,Trivial,0,0,1,0,1,0,1,411111,1,https://materialsproject.org/materials/icsd/411111
411230,As2 Hg2 O6,162,P-31m,Trivial,1,0,0,0,1,0,1,411230,1,https://materialsproject.org/materials/icsd/411230
411253,C2 Au1 Li1,187,P-6m2,Trivial,1,0,1,0,1,0,1,411253,1,https://materialsproject.org/materials/icsd/411253
411505,Ga2 In6 O8 Pt1,225,Fm-3m,Trivial,1,0,0,0,1,0,1,411505,1,https://materialsproject.org/materials/icsd/411505
411954,Br2 O1 Rb4,139,I4/mmm,Trivial,1,0,0,0,1,0,1,411954,1,https://materialsproject.org/materials/icsd/411954
412037,C2 Cu1 K1,131,P42/mmc,Trivial,1,0,0,0,1,0,2,412037 412038,2,https://materialsproject.org/materials/icsd/412037
412039,C2 Cu1 Rb1,131,P42/mmc,Trivial,1,0,0,0,1,0,2,412039 412040,2,https://materialsproject.org/materials/icsd/412039
412142,Ba2 Li1 O6 Os1,225,Fm-3m,ESFD (SM),1,0,0,0,1,0,1,412142,1,https://materialsproject.org/materials/icsd/412142
412143,Ba2 Na1 O6 Os1,225,Fm-3m,ESFD (SM),1,0,0,0,1,0,1,412143,1,https://materialsproject.org/materials/icsd/412143
412159,H8 Br6 N2 Re1,225,Fm-3m,ESFD (SM),1,0,0,0,1,0,1,412159,1,https://materialsproject.org/materials/icsd/412159
412662,Ag1 F10 P1 Xe2,120,I-4c2,Trivial,1,0,1,0,1,0,1,412662,1,https://materialsproject.org/materials/icsd/412662
412799,H14 Hg2 O14 Te2,2,P-1,Trivial,0,0,0,0,1,0,1,412799,1,https://materialsproject.org/materials/icsd/412799
412999,K2 Mo1 O6 Se1,14,P21/c,Trivial,0,0,0,0,1,0,1,412999,1,https://materialsproject.org/materials/icsd/412999
413151,As5 Cs3 O9,157,P31m,Trivial,1,0,1,0,1,0,1,413151,1,https://materialsproject.org/materials/icsd/413151
413207,Ca1 Li2,227,Fd-3m,ES (SM),1,0,0,0,1,0,1,413207,1,https://materialsproject.org/materials/icsd/413207
413342,Cs1 Cu3 O2,164,P-3m1,Trivial,1,0,0,0,1,0,1,413342,1,https://materialsproject.org/materials/icsd/413342
413706,C4 I2 K2 N4 Pt1,14,P21/c,Trivial,1,0,0,0,1,0,1,413706,1,https://materialsproject.org/materials/icsd/413706
413942,Cs2 I4 O11,173,P63,Trivial,0,0,1,0,1,0,2,413942 420352,2,https://materialsproject.org/materials/icsd/413942
414041,Cl3 Ru1,59,Pmmn,Trivial,1,0,0,0,1,0,1,414041,1,https://materialsproject.org/materials/icsd/414041
414175,Ge3 I5 La6,12,C2/m,ESFD (SM),1,0,0,0,1,0,1,414175,1,https://materialsproject.org/materials/icsd/414175
415258,In2 Ni3 S2,166,R-3m,SEBR (TI),1,0,0,0,1,0,1,415258,1,https://materialsproject.org/materials/icsd/415258
415479,Rb1 Se2 V1,70,Fddd,Trivial,1,0,0,0,1,0,1,415479,1,https://materialsproject.org/materials/icsd/415479
415547,C8 B2 N8 Zn1,164,P-3m1,Trivial,1,0,0,0,1,0,1,415547,1,https://materialsproject.org/materials/icsd/415547
415768,Cl8 N1 W2,2,P-1,ESFD (SM),1,0,1,0,1,0,1,415768,1,https://materialsproject.org/materials/icsd/415768
415918,Ba3 N4 O9 Si6,143,P3,Trivial,1,0,0,0,1,0,1,415918,1,https://materialsproject.org/materials/icsd/415918
416260,Co2 Cr1 In1,225,Fm-3m,ESFD (SM),0,0,0,0,1,0,1,416260,1,https://materialsproject.org/materials/icsd/416260
416393,Cl3 O1 W1,136,P42/mnm,Trivial,1,0,0,0,1,0,1,416393,1,https://materialsproject.org/materials/icsd/416393
416605,F6 Ga1 K1 Rb2,225,Fm-3m,Trivial,1,0,0,0,1,0,1,416605,1,https://materialsproject.org/materials/icsd/416605
416653,Cl2 Cu2 O6 Sr1 Te2,4,P21,Trivial,1,0,1,0,1,0,1,416653,1,https://materialsproject.org/materials/icsd/416653
416669,Br2 Nb1 O1,5,C2,Trivial,1,0,1,1,1,0,1,416669,1,https://materialsproject.org/materials/icsd/416669
416931,Ag4 Cu1 O6 Te1,15,C2/c,ESFD (SM),1,0,0,0,1,0,1,416931,1,https://materialsproject.org/materials/icsd/416931
417002,As2 Rh2 Sr1,139,I4/mmm,SEBR (TI),1,0,0,0,1,0,1,417002,1,https://materialsproject.org/materials/icsd/417002
417246,F4 O1 Os1,14,P21/c,Trivial,1,0,0,0,1,0,1,417246,1,https://materialsproject.org/materials/icsd/417246
417324,N24 O2 P12 Zn8,217,I-43m,Trivial,0,0,1,0,1,0,1,417324,1,https://materialsproject.org/materials/icsd/417324
417373,Au1 Cl3 Cs1,123,P4/mmm,ESFD (SM),1,0,0,0,1,0,1,417373,1,https://materialsproject.org/materials/icsd/417373
417604,B3 Cl1 La2,174,P-6,ES (SM),1,0,0,0,1,0,1,417604,1,https://materialsproject.org/materials/icsd/417604
417829,Ge1 In7 Ir1 O8,216,F-43m,Trivial,0,0,1,0,1,0,1,417829,1,https://materialsproject.org/materials/icsd/417829
418737,H8 F6 Ga1 N2 Na1,225,Fm-3m,Trivial,1,0,0,0,1,0,1,418737,1,https://materialsproject.org/materials/icsd/418737
418853,Co1 Ge1 Mg1,129,P4/nmm,ESFD (SM),0,0,0,0,1,0,1,418853,1,https://materialsproject.org/materials/icsd/418853
418976,Pd1 Sc1 Sn1,190,P-62c,ESFD (SM),1,0,1,0,1,0,1,418976,1,https://materialsproject.org/materials/icsd/418976
419121,Bi1 O5 Pb1 V1,2,P-1,Trivial,1,0,0,0,1,0,2,419121 419126,2,https://materialsproject.org/materials/icsd/419121
419125,Bi1 O5 P1 Pb1,2,P-1,Trivial,1,0,0,0,1,0,1,419125,1,https://materialsproject.org/materials/icsd/419125
419201,Ag1 Cu1 O4 V1,62,Pnma,ES (SM),1,0,0,0,1,0,2,419201 419202,2,https://materialsproject.org/materials/icsd/419201
419222,C2 H2 Fe1 N4,58,Pnnm,Trivial,1,0,0,0,1,0,2,419222 422725,2,https://materialsproject.org/materials/icsd/419222
419337,C4 La1 N8 Rb1 Si1,82,I-4,Trivial,1,0,0,0,1,0,1,419337,1,https://materialsproject.org/materials/icsd/419337
419355,La1 Mn1 O1 Sb1,129,P4/nmm,ESFD (SM),0,0,0,0,1,0,1,419355,1,https://materialsproject.org/materials/icsd/419355
419683,C1 Al1 O1 Sc1,166,R-3m,Trivial,1,0,0,0,1,0,1,419683,1,https://materialsproject.org/materials/icsd/419683
419855,K1 La1 Na1 O5 Ta1,129,P4/nmm,Trivial,0,0,0,0,1,0,1,419855,1,https://materialsproject.org/materials/icsd/419855
420137,Na1 O2 V1,166,R-3m,Trivial,1,0,0,0,1,0,1,420137,1,https://materialsproject.org/materials/icsd/420137
420234,Fe2 O5 Sr3,71,Immm,Trivial,1,0,0,0,1,0,1,420234,1,https://materialsproject.org/materials/icsd/420234
420550,Ba2 Ge2 O7 Zn1,113,P-421m,Trivial,1,0,1,0,1,0,1,420550,1,https://materialsproject.org/materials/icsd/420550
420677,Li2 N8 O1 Si4 Sr4,128,P4/mnc,Trivial,0,0,0,0,1,0,1,420677,1,https://materialsproject.org/materials/icsd/420677
420728,Rh3 S2 Sn2,166,R-3m,ESFD (SM),1,0,0,1,1,0,1,420728,1,https://materialsproject.org/materials/icsd/420728
420927,H12 Ca7 Cl2,174,P-6,Trivial,1,0,0,0,1,0,1,420927,1,https://materialsproject.org/materials/icsd/420927
420974,Ca1 Co2 Si2,139,I4/mmm,SEBR (TI),1,0,0,0,1,0,1,420974,1,https://materialsproject.org/materials/icsd/420974
421295,Cs3 I9 Nb2,194,P63/mmc,Trivial,1,0,0,0,1,0,1,421295,1,https://materialsproject.org/materials/icsd/421295
421479,Cl1 Li6 O5 P1,216,F-43m,Trivial,1,0,1,0,1,0,1,421479,1,https://materialsproject.org/materials/icsd/421479
421480,Br1 Li6 O5 P1,216,F-43m,Trivial,1,0,1,0,1,0,2,421480 421481,2,https://materialsproject.org/materials/icsd/421480
421489,C2 K2 Pd1,164,P-3m1,Trivial,1,0,0,0,1,0,2,421489 421490,2,https://materialsproject.org/materials/icsd/421489
421491,C2 K2 Pt1,164,P-3m1,Trivial,1,0,0,0,1,0,2,421491 421492,2,https://materialsproject.org/materials/icsd/421491
421532,Cl4 Os1 Sc4,15,C2/c,Trivial,1,0,0,0,1,0,1,421532,1,https://materialsproject.org/materials/icsd/421532
421673,C4 I2 N4 Pt1 Rb2,14,P21/c,Trivial,1,0,0,0,1,0,1,421673,1,https://materialsproject.org/materials/icsd/421673
422033,Cu1 N4 O10,11,P21/m,ESFD (SM),1,0,0,0,1,0,1,422033,1,https://materialsproject.org/materials/icsd/422033
422191,H6 Li1 O7 Tc1,186,P63mc,Trivial,1,0,0,0,1,0,1,422191,1,https://materialsproject.org/materials/icsd/422191
422270,Cl17 P1 W6,44,Imm2,Trivial,1,0,1,0,1,0,1,422270,1,https://materialsproject.org/materials/icsd/422270
422328,Ni3 S2 Tl2,166,R-3m,SEBR (TI),1,0,0,0,1,0,1,422328,1,https://materialsproject.org/materials/icsd/422328
422686,Ag1 Au1 F7,62,Pnma,ES (SM),0,0,0,0,1,0,1,422686,1,https://materialsproject.org/materials/icsd/422686
422858,Cd1 Co3 N1,221,Pm-3m,ESFD (SM),1,0,0,1,1,0,1,422858,1,https://materialsproject.org/materials/icsd/422858
422862,B4 Cd3 O12 Pb3,176,P63/m,Trivial,0,0,0,0,1,0,1,422862,1,https://materialsproject.org/materials/icsd/422862
422884,Ge1 O6 Se2,205,Pa-3,Trivial,0,0,0,0,1,0,1,422884,1,https://materialsproject.org/materials/icsd/422884
423230,As1 Cu1 Mn1,129,P4/nmm,ESFD (SM),0,0,0,0,1,0,1,423230,1,https://materialsproject.org/materials/icsd/423230
423614,Al2 Ge1 La2,63,Cmcm,SEBR (TI),1,0,0,0,1,0,1,423614,1,https://materialsproject.org/materials/icsd/423614
423829,Br3 Cs1 Ni1,194,P63/mmc,ES (SM),1,0,0,0,1,0,1,423829,1,https://materialsproject.org/materials/icsd/423829
423830,Cs1 I3 Ni1,194,P63/mmc,ES (SM),1,0,0,0,1,0,1,423830,1,https://materialsproject.org/materials/icsd/423830
423939,Cd1 Ni4 Y1,216,F-43m,ESFD (SM),1,0,1,1,1,0,1,423939,1,https://materialsproject.org/materials/icsd/423939
423982,Cs2 Mo1 O2 S2,15,C2/c,Trivial,1,0,0,0,1,0,2,423982 423983,2,https://materialsproject.org/materials/icsd/423982
423992,Mo1 O2 Rb2 S2,15,C2/c,Trivial,1,0,0,0,1,0,1,423992,1,https://materialsproject.org/materials/icsd/423992
424067,As2 O9 V3,100,P4bm,ESFD (SM),1,0,1,1,1,0,1,424067,1,https://materialsproject.org/materials/icsd/424067
424150,B1 F3 Na2 O4 S1,2,P-1,Trivial,1,0,0,0,1,0,1,424150,1,https://materialsproject.org/materials/icsd/424150
424345,H4 F6 Na2 Ni1 O6 V2,14,P21/c,Trivial,0,0,1,0,1,0,1,424345,1,https://materialsproject.org/materials/icsd/424345
424548,H6 Co1 N1 O5 P1,62,Pnma,ES (SM),0,0,0,0,1,0,1,424548,1,https://materialsproject.org/materials/icsd/424548
424553,H6 N1 Ni1 O5 P1,31,Pmn21,Trivial,1,0,1,0,1,0,1,424553,1,https://materialsproject.org/materials/icsd/424553
424671,Fe2 K1 Se3,63,Cmcm,ESFD (SM),1,0,0,0,1,0,2,424671 424672,2,https://materialsproject.org/materials/icsd/424671
424686,K1 Ni2 Se2,139,I4/mmm,ESFD (SM),1,1,0,0,1,0,2,424686 641276,2,https://materialsproject.org/materials/icsd/424686
424818,H2 Ba1 Cu2 Ge3 O10,63,Cmcm,SEBR (TI),0,0,0,0,1,0,1,424818,1,https://materialsproject.org/materials/icsd/424818
425137,Co3 In1 S2 Sn1,166,R-3m,ES (SM),1,0,0,1,1,0,1,425137,1,https://materialsproject.org/materials/icsd/425137
425467,Ca1 Fe2 Si2,139,I4/mmm,ES (SM),1,0,0,0,1,0,1,425467,1,https://materialsproject.org/materials/icsd/425467
425834,H6 Cl2 Cu3 O6 Zn1,166,R-3m,ESFD (SM),1,0,1,1,1,0,1,425834,1,https://materialsproject.org/materials/icsd/425834
426033,Ba1 Bi1 F1 Mn1,129,P4/nmm,ESFD (SM),0,0,0,0,1,0,1,426033,1,https://materialsproject.org/materials/icsd/426033
426551,Cs3 S3 Sb1,198,P213,Trivial,1,0,1,0,1,0,1,426551,1,https://materialsproject.org/materials/icsd/426551
426552,K3 S3 Sb1,198,P213,Trivial,1,0,1,0,1,0,2,426552 641323,2,https://materialsproject.org/materials/icsd/426552
426554,Rb3 S3 Sb1,198,P213,Trivial,1,0,1,0,1,0,1,426554,1,https://materialsproject.org/materials/icsd/426554
426618,In1 Li2 Mo3 O8,186,P63mc,ESFD (SM),1,0,1,0,1,0,1,426618,1,https://materialsproject.org/materials/icsd/426618
426627,Cu3 Ge1 O10 P2,11,P21/m,ESFD (SM),0,0,1,0,1,0,1,426627,1,https://materialsproject.org/materials/icsd/426627
427047,F6 Ni3 O6 Sb4,217,I-43m,SEBR (TI),1,0,1,0,1,0,2,427047 427048,2,https://materialsproject.org/materials/icsd/427047
427115,I1 Na1 O6 Pb2,225,Fm-3m,ESFD (SM),1,0,0,1,1,0,1,427115,1,https://materialsproject.org/materials/icsd/427115
427126,La1 Sb1 Sc1,139,I4/mmm,SEBR (TI),1,0,0,0,1,0,1,427126,1,https://materialsproject.org/materials/icsd/427126
427677,Au2 Ba1 O16 S4,12,C2/m,Trivial,1,0,0,0,1,0,1,427677,1,https://materialsproject.org/materials/icsd/427677
428176,F7 Li1 Sb2,62,Pnma,Trivial,0,0,0,0,1,0,1,428176,1,https://materialsproject.org/materials/icsd/428176
428727,Al2 Bi2 Cl8 Cu2 S3,176,P63/m,Trivial,0,0,0,0,1,0,1,428727,1,https://materialsproject.org/materials/icsd/428727
428737,Li14 N6 O3 P2,147,P-3,Trivial,1,0,0,0,1,0,1,428737,1,https://materialsproject.org/materials/icsd/428737
428802,Br1 O4 W1 Y1,2,P-1,Trivial,1,0,0,0,1,0,1,428802,1,https://materialsproject.org/materials/icsd/428802
429458,Cl3 Re1 S1,12,C2/m,Trivial,0,0,0,0,1,0,1,429458,1,https://materialsproject.org/materials/icsd/429458
429725,Ge4 Ir4 Sr3,217,I-43m,ESFD (SM),1,0,1,0,1,0,1,429725,1,https://materialsproject.org/materials/icsd/429725
429738,Cs2 O12 Te1 W3,173,P63,Trivial,0,0,1,0,1,0,1,429738,1,https://materialsproject.org/materials/icsd/429738
430123,Cs2 Cu1 O7 P2,9,Cc,ES (SM),0,0,1,0,1,0,1,430123,1,https://materialsproject.org/materials/icsd/430123
430160,Ba1 Cs1 S4 V1,62,Pnma,Trivial,1,0,0,0,1,0,1,430160,1,https://materialsproject.org/materials/icsd/430160
430291,As2 Hg1 O7 Sr1,2,P-1,Trivial,0,0,0,0,1,0,1,430291,1,https://materialsproject.org/materials/icsd/430291
430292,As2 Ba1 Hg1 O7,2,P-1,Trivial,0,0,0,0,1,0,1,430292,1,https://materialsproject.org/materials/icsd/430292
430299,Cs1 O1 S2 V2,123,P4/mmm,ESFD (SM),0,0,0,0,1,0,1,430299,1,https://materialsproject.org/materials/icsd/430299
430861,Cl16 Cu16 O8,70,Fddd,SEBR (TI),0,0,0,0,1,0,1,430861,1,https://materialsproject.org/materials/icsd/430861
431533,Na1 P2 S6 Y1,2,P-1,Trivial,0,0,0,0,1,0,1,431533,1,https://materialsproject.org/materials/icsd/431533
431754,K1 Ni2 S2,139,I4/mmm,ESFD (SM),0,1,0,0,1,0,2,431754 641273,2,https://materialsproject.org/materials/icsd/431754
431760,Ag1 As1 K1 S2,14,P21/c,Trivial,0,0,0,1,1,0,1,431760,1,https://materialsproject.org/materials/icsd/431760
432269,F1 Li1 N8 Si4 Sr4,104,P4nc,Trivial,0,0,0,0,1,0,1,432269,1,https://materialsproject.org/materials/icsd/432269
600815,Fe1 S2 Tl1,12,C2/m,SEBR (TI),0,0,0,0,1,0,2,600815 659748,2,https://materialsproject.org/materials/icsd/600815
601018,Ni5 Zr1,216,F-43m,NLC (TI),0,0,1,1,1,0,1,601018,1,https://materialsproject.org/materials/icsd/601018
601417,La1 Rh2 Si2,139,I4/mmm,ESFD (SM),0,0,0,0,1,0,7,601417 601614 603880 604623 641747 641750 641752,7,https://materialsproject.org/materials/icsd/601417
601586,Bi1 K1 Mn1,129,P4/nmm,ESFD (SM),0,0,0,0,1,0,1,601586,1,https://materialsproject.org/materials/icsd/601586
603210,Al1 La3,194,P63/mmc,ES (SM),0,0,0,0,1,0,2,603210 608280,2,https://materialsproject.org/materials/icsd/603210
603615,Ba1 Mo3 Se3,176,P63/m,ES (SM),0,0,0,0,1,0,2,603615 615982,2,https://materialsproject.org/materials/icsd/603615
603625,Mo3 Na1 Se3,176,P63/m,ESFD (SM),0,1,0,0,1,0,4,603625 603827 604518 643974,4,https://materialsproject.org/materials/icsd/603625
603628,K1 Mo3 Se3,176,P63/m,ESFD (SM),0,1,0,0,1,0,3,603628 604517 641256,3,https://materialsproject.org/materials/icsd/603628
603629,Mo3 Rb1 Se3,176,P63/m,ESFD (SM),0,1,0,0,1,0,3,603629 604516 644181,3,https://materialsproject.org/materials/icsd/603629
603641,Mo3 Na1 Te3,176,P63/m,ESFD (SM),0,0,0,0,1,0,3,603641 604501 643979,3,https://materialsproject.org/materials/icsd/603641
603651,Cs1 Mo3 Se3,176,P63/m,ESFD (SM),0,1,0,0,1,0,3,603651 603826 604515,3,https://materialsproject.org/materials/icsd/603651
603671,K1 Mo3 Te3,176,P63/m,ESFD (SM),0,0,0,0,1,0,2,603671 604500,2,https://materialsproject.org/materials/icsd/603671
603672,Mo3 Rb1 Te3,176,P63/m,ESFD (SM),0,0,0,0,1,0,2,603672 604499,2,https://materialsproject.org/materials/icsd/603672
603673,Cs1 Mo3 Te3,176,P63/m,ESFD (SM),0,0,0,0,1,0,2,603673 604498,2,https://materialsproject.org/materials/icsd/603673
605791,Ag2 Sc1,139,I4/mmm,ESFD (SM),0,0,0,0,1,0,2,605791 605793,2,https://materialsproject.org/materials/icsd/605791
607535,Al8 Fe4 Hf1,139,I4/mmm,SEBR (TI),0,0,0,1,1,0,1,607535,1,https://materialsproject.org/materials/icsd/607535
607619,Al2 Fe1 S4,160,R3m,Trivial,0,0,1,0,1,0,1,607619,1,https://materialsproject.org/materials/icsd/607619
607756,Al8 Fe4 Zr1,139,I4/mmm,SEBR (TI),0,0,0,1,1,0,1,607756,1,https://materialsproject.org/materials/icsd/607756
608322,Al1 La3 S7 Ti1,173,P63,ES (SM),0,0,1,1,1,0,1,608322,1,https://materialsproject.org/materials/icsd/608322
608323,Al1 La3 S7 V1,173,P63,ES (SM),0,0,1,1,1,0,1,608323,1,https://materialsproject.org/materials/icsd/608323
608815,Al2 Ni1 O4,227,Fd-3m,ESFD (SM),0,0,0,1,1,0,1,608815,1,https://materialsproject.org/materials/icsd/608815
609899,As2 Ca1 Co2,139,I4/mmm,SEBR (TI),0,0,0,0,1,0,1,609899,1,https://materialsproject.org/materials/icsd/609899
609965,As1 Cd1 Li1,216,F-43m,ESFD (SM),0,0,1,0,1,0,3,609965 609966 670567,3,https://materialsproject.org/materials/icsd/609965
610034,As2 Co1,58,Pnnm,ESFD (SM),0,1,0,0,1,0,1,610034,1,https://materialsproject.org/materials/icsd/610034
610073,As2 Co2 La1,139,I4/mmm,ESFD (SM),0,0,0,0,1,0,1,610073,1,https://materialsproject.org/materials/icsd/610073
610275,As1 Cr1 Ti1,189,P-62m,ESFD (SM),0,0,1,0,1,0,1,610275,1,https://materialsproject.org/materials/icsd/610275
610530,As1 Fe1 Ti1,189,P-62m,ESFD (SM),0,0,1,0,1,0,1,610530,1,https://materialsproject.org/materials/icsd/610530
610753,As1 K1 Mg1,129,P4/nmm,Trivial,0,0,0,0,1,0,1,610753,1,https://materialsproject.org/materials/icsd/610753
611956,Au2 Hf1,139,I4/mmm,ES (SM),0,0,0,0,1,0,1,611956,1,https://materialsproject.org/materials/icsd/611956
612227,Au1 Ni4 Sc1,216,F-43m,NLC (TI),0,0,1,1,1,0,1,612227,1,https://materialsproject.org/materials/icsd/612227
612233,Au1 Ni4 Y1,216,F-43m,NLC (TI),0,0,1,1,1,0,1,612233,1,https://materialsproject.org/materials/icsd/612233
612460,Au4 V1,87,I4/m,ESFD (SM),0,0,0,0,1,0,1,612460,1,https://materialsproject.org/materials/icsd/612460
612562,C3 B12,166,R-3m,Trivial,0,0,0,0,1,0,1,612562,1,https://materialsproject.org/materials/icsd/612562
614046,B1 Fe1 Nb1,189,P-62m,ES (SM),0,0,1,0,1,0,1,614046,1,https://materialsproject.org/materials/icsd/614046
614047,B2 Fe1 Nb2,127,P4/mbm,ES (SM),0,0,0,0,1,0,1,614047,1,https://materialsproject.org/materials/icsd/614047
614205,B1 Fe1 Ta1,189,P-62m,ES (SM),0,0,1,0,1,0,1,614205,1,https://materialsproject.org/materials/icsd/614205
615156,B6 P1,166,R-3m,Trivial,0,0,0,1,1,0,2,615156 615157,2,https://materialsproject.org/materials/icsd/615156
615679,B4 V1 Y1,55,Pbam,NLC (TI),0,0,0,0,1,0,1,615679,1,https://materialsproject.org/materials/icsd/615679
616129,Ba1 Se3 Ta1,194,P63/mmc,ESFD (SM),0,1,0,0,1,0,2,616129 659547,2,https://materialsproject.org/materials/icsd/616129
616267,Be5 Fe1,216,F-43m,ES (SM),0,0,1,0,1,0,1,616267,1,https://materialsproject.org/materials/icsd/616267
616310,Be1 La3 S7 Ti1,173,P63,ES (SM),0,0,1,0,1,0,1,616310,1,https://materialsproject.org/materials/icsd/616310
616575,Bi1 Cs1 Mn1,129,P4/nmm,ESFD (SM),0,0,0,0,1,0,1,616575,1,https://materialsproject.org/materials/icsd/616575
616824,Bi1 Mn1 Rb1,129,P4/nmm,ESFD (SM),0,0,0,0,1,0,1,616824,1,https://materialsproject.org/materials/icsd/616824
616995,Bi1 Rb3,194,P63/mmc,ES (SM),0,0,0,0,1,0,2,616995 616997,2,https://materialsproject.org/materials/icsd/616995
619964,Cd1 Hf1,129,P4/nmm,Trivial,0,0,0,0,1,0,1,619964,1,https://materialsproject.org/materials/icsd/619964
622529,Co2 Cs1 S2,139,I4/mmm,ESFD (SM),0,0,0,0,1,0,1,622529,1,https://materialsproject.org/materials/icsd/622529
622533,Co2 Cs1 Se2,139,I4/mmm,ESFD (SM),0,0,0,0,1,0,1,622533,1,https://materialsproject.org/materials/icsd/622533
623418,Co2 Ge1,194,P63/mmc,SEBR (TI),0,0,0,0,1,0,2,623418 623430,2,https://materialsproject.org/materials/icsd/623418
623956,Co2 K1 S2,139,I4/mmm,ESFD (SM),0,0,0,1,1,0,1,623956,1,https://materialsproject.org/materials/icsd/623956
624027,Co1 La1 Si1,129,P4/nmm,Trivial,0,0,0,0,1,0,1,624027,1,https://materialsproject.org/materials/icsd/624027
624264,Co1 Na2 Se2,72,Ibam,ESFD (SM),0,0,0,0,1,0,1,624264,1,https://materialsproject.org/materials/icsd/624264
624599,Co1 P1 Pd1,129,P4/nmm,NLC (TI),0,0,0,0,1,0,1,624599,1,https://materialsproject.org/materials/icsd/624599
624795,Co2 Rb1 S2,139,I4/mmm,ESFD (SM),0,0,0,0,1,0,1,624795,1,https://materialsproject.org/materials/icsd/624795
624798,Co2 Rb1 Se2,139,I4/mmm,ESFD (SM),0,0,0,0,1,0,1,624798,1,https://materialsproject.org/materials/icsd/624798
624957,Co2 Sc1 Si2,139,I4/mmm,ESFD (SM),0,0,0,0,1,0,2,624957 624959,2,https://materialsproject.org/materials/icsd/624957
626107,Cr6 Ge6 Sc1,191,P6/mmm,ESFD (SM),0,0,0,0,1,0,1,626107,1,https://materialsproject.org/materials/icsd/626107
626633,Cr1 S6 Ta3,182,P6322,ES (SM),0,0,1,0,1,0,1,626633,1,https://materialsproject.org/materials/icsd/626633
626718,Cr1 Se2,164,P-3m1,SEBR (TI),0,0,0,0,1,0,1,626718,1,https://materialsproject.org/materials/icsd/626718
627055,Cs2 Ni3 S4,69,Fmmm,Trivial,0,0,0,0,1,0,1,627055,1,https://materialsproject.org/materials/icsd/627055
629379,Cu2 Ti1,63,Cmcm,NLC (TI),0,0,0,0,1,0,3,629379 629386 629405,3,https://materialsproject.org/materials/icsd/629379
632211,H6 Fe1 Sr2,225,Fm-3m,Trivial,0,0,0,0,1,0,1,632211,1,https://materialsproject.org/materials/icsd/632211
633207,Fe1 Rb1 S2,71,Immm,SEBR (TI),0,0,0,0,1,0,1,633207,1,https://materialsproject.org/materials/icsd/633207
633480,Fe1 Se1,129,P4/nmm,Trivial,0,0,0,0,1,0,1,633480,1,https://materialsproject.org/materials/icsd/633480
634253,Ga1 Ge1 Mn1,129,P4/nmm,ES (SM),0,0,0,0,1,0,2,634253 634255,2,https://materialsproject.org/materials/icsd/634253
634869,Ga1 Ni2,194,P63/mmc,ESFD (SM),0,0,0,0,1,0,2,634869 670968,2,https://materialsproject.org/materials/icsd/634869
635208,Ga3 Rh1,136,P42/mnm,ES (SM),0,0,0,0,1,0,1,635208,1,https://materialsproject.org/materials/icsd/635208
635300,Ga2 S4 Zn1,111,P-42m,Trivial,0,0,1,0,1,0,1,635300,1,https://materialsproject.org/materials/icsd/635300
636541,Ge3 Hf5,193,P63/mcm,ES (SM),0,0,0,0,1,0,1,636541,1,https://materialsproject.org/materials/icsd/636541
636554,Ge1 Hf2,140,I4/mcm,ES (SM),0,0,0,0,1,0,1,636554,1,https://materialsproject.org/materials/icsd/636554
636594,Ge1 Hf1 V1,129,P4/nmm,ESFD (SM),0,0,0,0,1,0,1,636594,1,https://materialsproject.org/materials/icsd/636594
637098,Ge1 Mn1 Ta1,189,P-62m,ES (SM),0,0,1,0,1,0,1,637098,1,https://materialsproject.org/materials/icsd/637098
638269,H6 Li4 Os1,167,R-3c,Trivial,0,0,0,0,1,0,1,638269,1,https://materialsproject.org/materials/icsd/638269
638931,Hf1 Si1 V1,129,P4/nmm,ESFD (SM),0,0,0,0,1,0,1,638931,1,https://materialsproject.org/materials/icsd/638931
640134,In2 Ni3 S2,166,R-3m,SEBR (TI),0,0,0,0,1,0,1,640134,1,https://materialsproject.org/materials/icsd/640134
640656,In1 Ti3,194,P63/mmc,ESFD (SM),0,0,0,0,1,0,1,640656,1,https://materialsproject.org/materials/icsd/640656
641350,K1 S2 Zr1,166,R-3m,ESFD (SM),0,0,0,0,1,0,1,641350,1,https://materialsproject.org/materials/icsd/641350
641676,La1 Pd1 Sb1,194,P63/mmc,ES (SM),0,0,0,0,1,0,1,641676,1,https://materialsproject.org/materials/icsd/641676
642150,Li1 Mn1 Sb1,129,P4/nmm,ESFD (SM),0,0,0,0,1,0,1,642150,1,https://materialsproject.org/materials/icsd/642150
642266,Li1 Pd7,225,Fm-3m,ESFD (SM),0,0,0,0,1,0,1,642266,1,https://materialsproject.org/materials/icsd/642266
642815,Mg1 Se2,205,Pa-3,Trivial,0,0,0,0,1,0,1,642815,1,https://materialsproject.org/materials/icsd/642815
643109,Mn1 Ni1 Sb1,216,F-43m,Trivial,0,0,1,0,1,0,2,643109 643120,2,https://materialsproject.org/materials/icsd/643109
643173,Mn1 Ni4 Y1,216,F-43m,ESFD (SM),0,0,1,0,1,0,1,643173,1,https://materialsproject.org/materials/icsd/643173
643377,Mn1 Pt1 Sb1,216,F-43m,Trivial,0,0,1,0,1,0,1,643377,1,https://materialsproject.org/materials/icsd/643377
643441,Mn1 S2,58,Pnnm,ESFD (SM),0,0,0,1,1,0,1,643441,1,https://materialsproject.org/materials/icsd/643441
643653,Mn1 Si1 Ta1,189,P-62m,ES (SM),0,0,1,0,1,0,1,643653,1,https://materialsproject.org/materials/icsd/643653
644994,Na1 S2 V1,160,R3m,Trivial,0,0,1,0,1,0,1,644994,1,https://materialsproject.org/materials/icsd/644994
645037,Na1 Se2 Y1,166,R-3m,Trivial,0,0,0,0,1,0,1,645037,1,https://materialsproject.org/materials/icsd/645037
645257,Nb1 Re1 Si1,189,P-62m,ES (SM),0,1,1,0,1,0,1,645257,1,https://materialsproject.org/materials/icsd/645257
645332,Nb4 S8 Ti1,194,P63/mmc,ES (SM),0,0,0,0,1,0,1,645332,1,https://materialsproject.org/materials/icsd/645332
645339,Nb4 S8 V1,194,P63/mmc,ESFD (SM),0,0,0,0,1,0,1,645339,1,https://materialsproject.org/materials/icsd/645339
646379,Ni3 S2 Sn2,166,R-3m,SEBR (TI),0,0,0,0,1,0,2,646379 654948,2,https://materialsproject.org/materials/icsd/646379
646398,Ni3 S2 Tl2,166,R-3m,SEBR (TI),0,0,0,0,1,0,1,646398,1,https://materialsproject.org/materials/icsd/646398
646484,Ni3 Sc2 Si1,194,P63/mmc,ES (SM),0,0,0,0,1,0,1,646484,1,https://materialsproject.org/materials/icsd/646484
647261,O4 Pb3,135,P42/mbc,ES (SM),0,0,0,0,1,0,1,647261,1,https://materialsproject.org/materials/icsd/647261
650119,Re1 Si1 Ta1,189,P-62m,ES (SM),0,0,1,0,1,0,1,650119,1,https://materialsproject.org/materials/icsd/650119
650236,Rh3 S2 Tl2,166,R-3m,ESFD (SM),0,0,0,0,1,0,1,650236,1,https://materialsproject.org/materials/icsd/650236
650690,Ru1 Ta1,221,Pm-3m,ESFD (SM),0,0,0,0,1,0,1,650690,1,https://materialsproject.org/materials/icsd/650690
652420,Si3 Ti5,193,P63/mcm,ES (SM),0,0,0,0,1,0,1,652420,1,https://materialsproject.org/materials/icsd/652420
652605,Si3 Zr5,193,P63/mcm,ES (SM),0,1,0,0,1,0,5,652605 652612 652616 652621 656924,5,https://materialsproject.org/materials/icsd/652605
652615,Si1 Zr2,140,I4/mcm,ES (SM),0,0,0,0,1,0,1,652615,1,https://materialsproject.org/materials/icsd/652615
656056,Cs2 Ni1 P2,63,Cmcm,Trivial,0,0,0,0,1,0,1,656056,1,https://materialsproject.org/materials/icsd/656056
657914,Fe1 La1 Sb2,129,P4/nmm,ESFD (SM),0,0,0,0,1,0,2,657914 657985,2,https://materialsproject.org/materials/icsd/657914
657919,Co1 La1 Sb2,129,P4/nmm,ES (SM),0,0,0,0,1,0,2,657919 657990,2,https://materialsproject.org/materials/icsd/657919
658018,Cr6 Ge6 Y1,191,P6/mmm,ESFD (SM),0,0,0,1,1,0,1,658018,1,https://materialsproject.org/materials/icsd/658018
658265,Co1 La1 Si1,129,P4/nmm,ES (SM),0,0,0,0,1,0,1,658265,1,https://materialsproject.org/materials/icsd/658265
658700,Cs2 Pt1 Sb2,63,Cmcm,Trivial,0,0,0,0,1,0,1,658700,1,https://materialsproject.org/materials/icsd/658700
658702,Cs2 Pd1 Sb2,63,Cmcm,Trivial,0,0,0,0,1,0,1,658702,1,https://materialsproject.org/materials/icsd/658702
658704,Bi2 Cs2 Ni1,63,Cmcm,Trivial,0,0,0,0,1,0,1,658704,1,https://materialsproject.org/materials/icsd/658704
659538,Ba1 Nb1 S3,194,P63/mmc,ESFD (SM),0,1,0,0,1,0,1,659538,1,https://materialsproject.org/materials/icsd/659538
670051,Ag1 Br1 O2,1,P1,Trivial,0,0,1,1,1,0,1,670051,1,https://materialsproject.org/materials/icsd/670051
670060,H1 Ag1 O2,1,P1,Trivial,0,0,0,1,1,0,1,670060,1,https://materialsproject.org/materials/icsd/670060
670092,Au1 Mg1 O2,65,Cmmm,Trivial,0,0,0,0,1,0,1,670092,1,https://materialsproject.org/materials/icsd/670092
670104,Ba1 Cu1 O2,63,Cmcm,ESFD (SM),0,1,0,0,1,0,1,670104,1,https://materialsproject.org/materials/icsd/670104
670125,Cu1 O2 Pt1,53,Pmna,ESFD (SM),0,0,0,0,1,0,1,670125,1,https://materialsproject.org/materials/icsd/670125
670138,Cu1 Ga5 Mo2,115,P-4m2,Trivial,0,0,1,0,1,0,1,670138,1,https://materialsproject.org/materials/icsd/670138
670139,Cu1 Ga5 Mo2,65,Cmmm,SEBR (TI),0,0,0,0,1,0,1,670139,1,https://materialsproject.org/materials/icsd/670139
670160,Al1 Co1,221,Pm-3m,SEBR (TI),0,0,0,0,1,0,2,670160 671171,2,https://materialsproject.org/materials/icsd/670160
670206,Al1 B1 Mg1 O4,74,Imma,Trivial,0,0,0,0,1,0,1,670206,1,https://materialsproject.org/materials/icsd/670206
670280,Ca1 O1,216,F-43m,Trivial,0,0,1,0,1,0,1,670280,1,https://materialsproject.org/materials/icsd/670280
670287,O1 Sr1,216,F-43m,Trivial,0,0,1,0,1,0,1,670287,1,https://materialsproject.org/materials/icsd/670287
670354,O1 Zn1,194,P63/mmc,Trivial,0,0,0,0,1,0,2,670354 670355,2,https://materialsproject.org/materials/icsd/670354
670397,C2 N2 O1,61,Pbca,Trivial,0,0,0,0,1,0,1,670397,1,https://materialsproject.org/materials/icsd/670397
670400,C2 N2 Te1,61,Pbca,Trivial,0,0,0,0,1,0,1,670400,1,https://materialsproject.org/materials/icsd/670400
670573,C1 Fe2,57,Pbcm,NLC (TI),0,0,0,0,1,0,1,670573,1,https://materialsproject.org/materials/icsd/670573
670583,Cs1 Se1,225,Fm-3m,ESFD (SM),0,0,0,0,1,0,1,670583,1,https://materialsproject.org/materials/icsd/670583
670591,Al1 Co1 Mn1 Rh1,216,F-43m,NLC (TI),0,0,1,0,1,0,1,670591,1,https://materialsproject.org/materials/icsd/670591
670592,Co1 Ga1 Mn1 Rh1,216,F-43m,NLC (TI),0,0,1,0,1,0,1,670592,1,https://materialsproject.org/materials/icsd/670592
670593,Co1 Ge1 Mn1 Rh1,216,F-43m,ESFD (SM),0,0,1,0,1,0,1,670593,1,https://materialsproject.org/materials/icsd/670593
670594,Co1 Mn1 Rh1 Si1,216,F-43m,ESFD (SM),0,0,1,0,1,0,1,670594,1,https://materialsproject.org/materials/icsd/670594
670618,Cu1 Pd1,221,Pm-3m,ESFD (SM),0,0,0,0,1,0,2,670618 670621,2,https://materialsproject.org/materials/icsd/670618
670622,Cu3 Ni1,221,Pm-3m,ESFD (SM),0,0,0,1,1,0,1,670622,1,https://materialsproject.org/materials/icsd/670622
670623,Cu1 Ni3,221,Pm-3m,ESFD (SM),0,0,0,1,1,0,1,670623,1,https://materialsproject.org/materials/icsd/670623
670625,Ni3 Pd1,221,Pm-3m,ESFD (SM),0,0,0,0,1,0,1,670625,1,https://materialsproject.org/materials/icsd/670625
670626,Cu1 Pd3,221,Pm-3m,ESFD (SM),0,0,0,1,1,0,2,670626 675018,2,https://materialsproject.org/materials/icsd/670626
670706,Co1 Fe1 Si1 Zr1,216,F-43m,ESFD (SM),0,0,1,0,1,0,1,670706,1,https://materialsproject.org/materials/icsd/670706
670707,Co1 Fe1 Ge1 Zr1,216,F-43m,ESFD (SM),0,0,1,0,1,0,1,670707,1,https://materialsproject.org/materials/icsd/670707
670792,Cr1 Sc1 Si1 V1,216,F-43m,Trivial,0,0,1,0,1,0,1,670792,1,https://materialsproject.org/materials/icsd/670792
670820,C1 Al2 Fe1,62,Pnma,NLC (TI),0,0,1,0,1,0,1,670820,1,https://materialsproject.org/materials/icsd/670820
670844,H12 Al3 Ca1 Li1,176,P63/m,Trivial,0,0,0,0,1,0,1,670844,1,https://materialsproject.org/materials/icsd/670844
670902,H1 Pd3 Y1,221,Pm-3m,ESFD (SM),0,0,0,0,1,0,1,670902,1,https://materialsproject.org/materials/icsd/670902
670920,C1 Li6,166,R-3m,Trivial,0,0,0,0,1,0,1,670920,1,https://materialsproject.org/materials/icsd/670920
671035,Co1,139,I4/mmm,ESFD (SM),0,0,0,0,1,0,1,671035,1,https://materialsproject.org/materials/icsd/671035
671080,Ni1 Sb1 V1,194,P63/mmc,ES (SM),0,0,0,0,1,0,2,671080 671081,2,https://materialsproject.org/materials/icsd/671080
671082,Ca1 O3 Tc1,221,Pm-3m,ESFD (SM),0,0,0,1,1,0,2,671082 671083,2,https://materialsproject.org/materials/icsd/671082
671086,Ba1 O3 Tc1,221,Pm-3m,ESFD (SM),0,0,0,1,1,0,2,671086 671087,2,https://materialsproject.org/materials/icsd/671086
671176,Co3 Nb1,194,P63/mmc,ES (SM),0,0,0,0,1,0,1,671176,1,https://materialsproject.org/materials/icsd/671176
671285,Ba2 Cs1 O10 Ta3,123,P4/mmm,Trivial,0,0,0,0,1,0,1,671285,1,https://materialsproject.org/materials/icsd/671285
671332,C1 Mg2,136,P42/mnm,SEBR (TI),0,0,0,0,1,0,1,671332,1,https://materialsproject.org/materials/icsd/671332
671340,Ge1 Ru2 V1,225,Fm-3m,ESFD (SM),0,0,0,1,1,0,1,671340,1,https://materialsproject.org/materials/icsd/671340
671343,Cr1 Se1,216,F-43m,NLC (TI),0,0,1,0,1,0,1,671343,1,https://materialsproject.org/materials/icsd/671343
671364,Bi1 Mn1 Pt1,216,F-43m,ESFD (SM),0,0,1,0,1,0,3,671364 671368 671372,3,https://materialsproject.org/materials/icsd/671364
671365,Bi1 Fe1 Pt1,216,F-43m,ESFD (SM),0,0,1,0,1,0,3,671365 671369 671373,3,https://materialsproject.org/materials/icsd/671365
671366,Bi1 Co1 Pt1,216,F-43m,Trivial,0,0,1,0,1,0,2,671366 671374,2,https://materialsproject.org/materials/icsd/671366
671370,Bi1 Co1 Pt1,216,F-43m,NLC (TI),0,0,1,0,1,0,1,671370,1,https://materialsproject.org/materials/icsd/671370
671414,Ni3 Zr1,221,Pm-3m,ESFD (SM),0,0,0,0,1,0,1,671414,1,https://materialsproject.org/materials/icsd/671414
671488,O4 Pt1 S1,72,Ibam,Trivial,0,0,0,0,1,0,1,671488,1,https://materialsproject.org/materials/icsd/671488
671654,Al1 Co1 Zr2,216,F-43m,ESFD (SM),0,0,1,0,1,0,1,671654,1,https://materialsproject.org/materials/icsd/671654
671729,N2 Rh1,191,P6/mmm,ESFD (SM),0,0,0,0,1,0,1,671729,1,https://materialsproject.org/materials/icsd/671729
671756,C2 Li2,62,Pnma,Trivial,0,0,0,0,1,0,16,671756 671757 671758 671759 671760 671761 671762 671763 671764 671765 671766 671767 671768 671769 671770 671771,16,https://materialsproject.org/materials/icsd/671756
671853,Li2 S2,136,P42/mnm,Trivial,0,0,0,0,1,0,1,671853,1,https://materialsproject.org/materials/icsd/671853
671947,F6 Na3 Sc1,128,P4/mnc,Trivial,0,0,0,0,1,0,1,671947,1,https://materialsproject.org/materials/icsd/671947
671981,Mn1 Te1 Ti1,216,F-43m,ESFD (SM),0,0,1,0,1,0,1,671981,1,https://materialsproject.org/materials/icsd/671981
671982,Fe2 Ge1 Mn1,216,F-43m,ESFD (SM),0,0,1,1,1,0,1,671982,1,https://materialsproject.org/materials/icsd/671982
672030,C1 Ca1 Li1,216,F-43m,ESFD (SM),0,0,1,1,1,0,1,672030,1,https://materialsproject.org/materials/icsd/672030
672032,C1 Ca1 Na1,216,F-43m,ESFD (SM),0,0,1,0,1,0,1,672032,1,https://materialsproject.org/materials/icsd/672032
672120,Al3 Mo1,223,Pm-3n,ESFD (SM),0,0,0,0,1,0,1,672120,1,https://materialsproject.org/materials/icsd/672120
672160,Co1 Pt1 Sb1,216,F-43m,Trivial,0,0,1,0,1,0,1,672160,1,https://materialsproject.org/materials/icsd/672160
672161,Cr1 Pt1 Sb1,216,F-43m,ESFD (SM),0,0,1,0,1,0,1,672161,1,https://materialsproject.org/materials/icsd/672161
672162,Mn1 Pt1 Sb1,216,F-43m,NLC (TI),0,0,1,0,1,0,1,672162,1,https://materialsproject.org/materials/icsd/672162
672205,Ca1 N1,216,F-43m,ESFD (SM),0,0,1,0,1,0,2,672205 672206,2,https://materialsproject.org/materials/icsd/672205
672261,Al1 Fe2 Mn1,216,F-43m,NLC (TI),0,0,1,1,1,0,1,672261,1,https://materialsproject.org/materials/icsd/672261
672264,K1 Mn1 S2,119,I-4m2,Trivial,0,0,1,0,1,0,1,672264,1,https://materialsproject.org/materials/icsd/672264
672265,K1 Mn1 Se2,119,I-4m2,Trivial,0,0,1,0,1,0,1,672265,1,https://materialsproject.org/materials/icsd/672265
672665,Hf1 Ni5,216,F-43m,ES (SM),0,0,1,1,1,0,1,672665,1,https://materialsproject.org/materials/icsd/672665
672851,Ge2 La2 O7,227,Fd-3m,Trivial,0,0,0,0,1,0,1,672851,1,https://materialsproject.org/materials/icsd/672851
672893,Co1 Fe1 Ru1 Si1,216,F-43m,ESFD (SM),0,0,1,0,1,0,3,672893 672894 672895,3,https://materialsproject.org/materials/icsd/672893
672896,Co1 Fe1 Ge1 Ru1,216,F-43m,ESFD (SM),0,0,1,0,1,0,3,672896 672897 672898,3,https://materialsproject.org/materials/icsd/672896
672899,Co1 Fe1 Ru1 Sn1,216,F-43m,ESFD (SM),0,0,1,0,1,0,3,672899 672900 672901,3,https://materialsproject.org/materials/icsd/672899
672916,Co2 Cr1 Si1,225,Fm-3m,SEBR (TI),0,0,0,0,1,0,2,672916 675044,2,https://materialsproject.org/materials/icsd/672916
672941,Co2 Mn1 Si1,216,F-43m,ESFD (SM),0,0,1,0,1,0,3,672941 672942 675078,3,https://materialsproject.org/materials/icsd/672941
672990,Bi1 O3 Y1,221,Pm-3m,ES (SM),0,0,0,0,1,0,1,672990,1,https://materialsproject.org/materials/icsd/672990
673191,Co1 La1 O3,99,P4mm,ES (SM),0,0,1,0,1,0,1,673191,1,https://materialsproject.org/materials/icsd/673191
673196,Fe1 La1 O3,99,P4mm,ESFD (SM),0,0,1,0,1,0,1,673196,1,https://materialsproject.org/materials/icsd/673196
673198,La1 Mn1 O3,99,P4mm,Trivial,0,0,1,1,1,0,1,673198,1,https://materialsproject.org/materials/icsd/673198
673261,Na1 O2,127,P4/mbm,ESFD (SM),0,0,0,0,1,0,1,673261,1,https://materialsproject.org/materials/icsd/673261
673416,Ni1 S2 Sr1,129,P4/nmm,SEBR (TI),0,0,0,0,1,0,1,673416,1,https://materialsproject.org/materials/icsd/673416
673462,Al1 Bi1 O3,99,P4mm,Trivial,0,0,1,0,1,0,2,673462 674105,2,https://materialsproject.org/materials/icsd/673462
673496,O3 Sn1 Zn1,221,Pm-3m,ESFD (SM),0,0,0,1,1,0,1,673496,1,https://materialsproject.org/materials/icsd/673496
673582,C1 Ni6 Y2,225,Fm-3m,ES (SM),0,0,0,1,1,0,1,673582,1,https://materialsproject.org/materials/icsd/673582
673893,Ba1 O3 Ru1,221,Pm-3m,ESFD (SM),0,0,0,0,1,0,1,673893,1,https://materialsproject.org/materials/icsd/673893
674059,Ba1 Hf1 O3,221,Pm-3m,Trivial,0,0,0,0,1,0,1,674059,1,https://materialsproject.org/materials/icsd/674059
674060,K1 O3 Sb1,221,Pm-3m,Trivial,0,0,0,1,1,0,1,674060,1,https://materialsproject.org/materials/icsd/674060
674068,Ca1 Hf1 O3,99,P4mm,Trivial,0,0,1,0,1,0,1,674068,1,https://materialsproject.org/materials/icsd/674068
674089,Ba1 O3 Si1,99,P4mm,Trivial,0,0,1,0,1,0,1,674089,1,https://materialsproject.org/materials/icsd/674089
674096,Ca1 O3 Ti1,99,P4mm,Trivial,0,0,0,0,1,0,1,674096,1,https://materialsproject.org/materials/icsd/674096
674127,K1 N1 O2 W1,99,P4mm,Trivial,0,0,1,0,1,0,1,674127,1,https://materialsproject.org/materials/icsd/674127
674128,N1 O2 Rb1 W1,99,P4mm,Trivial,0,0,1,0,1,0,1,674128,1,https://materialsproject.org/materials/icsd/674128
674153,N2 Nb1 O1 Sb1,8,Cm,Trivial,0,0,1,0,1,0,1,674153,1,https://materialsproject.org/materials/icsd/674153
674157,N2 O1 Sb2,99,P4mm,Trivial,0,0,1,0,1,0,1,674157,1,https://materialsproject.org/materials/icsd/674157
674160,Ge1 N2 O1 Te1,8,Cm,Trivial,0,0,1,0,1,0,1,674160,1,https://materialsproject.org/materials/icsd/674160
674163,N2 O1 Sb1 Ta1,8,Cm,Trivial,0,0,1,0,1,0,1,674163,1,https://materialsproject.org/materials/icsd/674163
674170,O2 S1 Tl1 Y1,99,P4mm,Trivial,0,0,1,0,1,0,1,674170,1,https://materialsproject.org/materials/icsd/674170
674175,Ca1 O2 S1 Sn1,99,P4mm,Trivial,0,0,1,0,1,0,1,674175,1,https://materialsproject.org/materials/icsd/674175
674184,Hf1 Mg1 O2 S1,99,P4mm,Trivial,0,0,1,0,1,0,1,674184,1,https://materialsproject.org/materials/icsd/674184
674195,Al1 O2 S1 Y1,99,P4mm,Trivial,0,0,1,0,1,0,1,674195,1,https://materialsproject.org/materials/icsd/674195
674205,Al1 F1 Ge1 O2,99,P4mm,Trivial,0,0,0,0,1,0,1,674205,1,https://materialsproject.org/materials/icsd/674205
674207,Al1 F1 O2 Zn1,99,P4mm,Trivial,0,0,0,0,1,0,1,674207,1,https://materialsproject.org/materials/icsd/674207
674208,F1 Ga1 O2 Sr1,123,P4/mmm,Trivial,0,0,0,0,1,0,1,674208,1,https://materialsproject.org/materials/icsd/674208
674211,Al1 Ba1 F1 O2,123,P4/mmm,Trivial,0,0,0,0,1,0,1,674211,1,https://materialsproject.org/materials/icsd/674211
674212,F1 K1 O2 Si1,99,P4mm,Trivial,0,0,0,0,1,0,1,674212,1,https://materialsproject.org/materials/icsd/674212
674215,F1 K1 O2 Sn1,99,P4mm,Trivial,0,0,0,0,1,0,1,674215,1,https://materialsproject.org/materials/icsd/674215
674219,F1 Hf1 O2 Rb1,123,P4/mmm,Trivial,0,0,0,0,1,0,1,674219,1,https://materialsproject.org/materials/icsd/674219
674223,F1 Ga1 Ge1 O2,99,P4mm,Trivial,0,0,0,0,1,0,1,674223,1,https://materialsproject.org/materials/icsd/674223
674238,F1 O2 Rb1 Si1,99,P4mm,Trivial,0,0,0,0,1,0,1,674238,1,https://materialsproject.org/materials/icsd/674238
674260,F1 Ge1 N1 O1 Ti1,25,Pmm2,Trivial,0,0,1,0,1,0,1,674260,1,https://materialsproject.org/materials/icsd/674260
674271,C3 N4,185,P63cm,Trivial,0,0,1,0,1,0,2,674271 674285,2,https://materialsproject.org/materials/icsd/674271
674527,F3 Li1 Sr1,221,Pm-3m,Trivial,0,0,0,0,1,0,1,674527,1,https://materialsproject.org/materials/icsd/674527
674660,Ir1 K3,71,Immm,SEBR (TI),0,0,0,0,1,0,1,674660,1,https://materialsproject.org/materials/icsd/674660
674693,Mg1 O4 V2,216,F-43m,ESFD (SM),0,0,1,1,1,0,1,674693,1,https://materialsproject.org/materials/icsd/674693
674767,Al1 Co1 Ti2,225,Fm-3m,ESFD (SM),0,0,0,0,1,0,1,674767,1,https://materialsproject.org/materials/icsd/674767
674822,Co1 Ga1 Hf1 V1,216,F-43m,ESFD (SM),0,0,1,0,1,0,1,674822,1,https://materialsproject.org/materials/icsd/674822
674898,Bi1 Ti1,216,F-43m,ESFD (SM),0,0,1,0,1,0,1,674898,1,https://materialsproject.org/materials/icsd/674898
675033,K1 Se1,221,Pm-3m,ESFD (SM),0,0,0,0,1,0,1,675033,1,https://materialsproject.org/materials/icsd/675033
675036,K1 Se1,216,F-43m,ESFD (SM),0,0,1,0,1,0,1,675036,1,https://materialsproject.org/materials/icsd/675036
675040,K1 Te1,216,F-43m,ESFD (SM),0,0,1,0,1,0,1,675040,1,https://materialsproject.org/materials/icsd/675040
675061,Ru2 Sb1 Zr1,225,Fm-3m,ESFD (SM),0,0,0,0,1,0,1,675061,1,https://materialsproject.org/materials/icsd/675061
675066,Al1 Co2 Mn1,216,F-43m,Trivial,0,0,1,0,1,0,1,675066,1,https://materialsproject.org/materials/icsd/675066
675070,Co2 Ga1 Mn1,216,F-43m,Trivial,0,0,1,0,1,0,1,675070,1,https://materialsproject.org/materials/icsd/675070
675074,Co2 Ge1 Mn1,216,F-43m,ESFD (SM),0,0,1,0,1,0,1,675074,1,https://materialsproject.org/materials/icsd/675074
675079,Cr1 Ge1 Ti1,216,F-43m,Trivial,0,0,1,0,1,0,1,675079,1,https://materialsproject.org/materials/icsd/675079
675081,Cr1 Si1 Ti1,216,F-43m,Trivial,0,0,1,0,1,0,1,675081,1,https://materialsproject.org/materials/icsd/675081
675083,Co1 Cr1 Mn1 Sb1,216,F-43m,ESFD (SM),0,0,1,0,1,0,6,675083 675084 675085 675086 675087 675088,6,https://materialsproject.org/materials/icsd/675083
675102,Fe2 P1 Zr1,225,Fm-3m,ESFD (SM),0,0,0,1,1,0,1,675102,1,https://materialsproject.org/materials/icsd/675102
675103,Co2 In1 Ti1,225,Fm-3m,ESFD (SM),0,0,0,0,1,0,1,675103,1,https://materialsproject.org/materials/icsd/675103
675104,Co2 In1 V1,225,Fm-3m,SEBR (TI),0,0,0,0,1,0,1,675104,1,https://materialsproject.org/materials/icsd/675104
675105,Mn2 Te1,216,F-43m,ESFD (SM),0,0,1,0,1,0,1,675105,1,https://materialsproject.org/materials/icsd/675105
675129,Li4 N1,12,C2/m,Trivial,0,0,0,0,1,0,1,675129,1,https://materialsproject.org/materials/icsd/675129
710094,C2 Cd1 F1 Li2 O6 Rb1,176,P63/m,Trivial,1,0,0,0,1,0,1,710094,1,https://materialsproject.org/materials/icsd/710094
