num,formula,space_group_symbol,space_group_number,topology_at_Ef,is_top_candidate,best_figure,sublattices,magnetic,superconductor,high_quality,n_icsd,icsd_ids,icsd_extra_sublattice_labels,material_id,verification,icsd_ids_verified,n_icsd_verified,site_formula,site_space_group_number
1,Al2O3,P1,1,Triv.,no,,,NM,,HQ,1,173014,,173014,matched,173014,1,Al2 O3,1
2,AgBrO2,P1,1,Triv.,yes,Fig.26,,,,,1,670051,,,unmatched,,0,,
3,LiNa5N2,P1,1,Triv.,no,,,,,,1,92316,,,unmatched,,0,,
4,AgHO2,P1,1,Triv.,yes,Fig.26,,,,,1,670060,,,unmatched,,0,,
5,CaNi5H,P1,1,SM,no,,,FM,,,2,189752 189753,189752(k),189752,matched,189752 189753,2,H1 Ca1 Ni5,1
6,Na4Sn2Ge4O12(OH)4,P1̄,2,Triv.,no,,,NM,,,1,15017,,15017,matched,15017,1,H4 Ge4 Na4 O16 Sn2,2
7,NaI(H2O)2,P1̄,2,Triv.,no,,,NM,,,1,23134,,,unmatched,,0,,
8,(S2N3)VCl2,P1̄,2,Triv.,no,,b,NM,,HQ,2,30742 61351,,,unmatched,,0,,
9,Cu(SeO4)(H2O),P1̄,2,TI,no,,,FM,,HQ,1,39887,,,unmatched,,0,,
10,Na6Li2(W2O10),P1̄,2,Triv.,no,,b,NM,,HQ,1,49027,,,unmatched,,0,,
11,K2Cu3(SeO3)4,P1̄,2,SM,no,,"b,s",FM,,HQ,1,50541,,,unmatched,,0,,
12,Cu(F(AuF4)),P1̄,2,SM,yes,Fig.26,"b,s",FM,,,1,62544,,,unmatched,,0,,
13,K3Cu2((P2O7)H(P2O7)),P1̄,2,TI,no,,b,FM,,HQ,1,62742,,,unmatched,,0,,
14,((NO)(HF2))(IF5),P1̄,2,Triv.,no,,,,,,1,71582,,,unmatched,,0,,
15,Cu3Bi4V2O14,P1̄,2,SM,yes,Fig.26,"b,s",FM,,HQ,1,75222,,,unmatched,,0,,
16,Ca(SnF3)2,P1̄,2,Triv.,no,,b,NM,,HQ,1,92907,,,unmatched,,0,,
17,K2Cu(Fe(CN)6),P1̄,2,SM,no,,,FM,,HQ,1,99499,,,unmatched,,0,,
18,Na2(Cu2Si4O11)(H2O)2,P1̄,2,Triv.,yes,Fig.26,"b,s",FM,,HQ,2,154123 414048,,154123,matched,154123,1,H4 Cu2 Na2 O13 Si4,2
19,(CH3)2SeO,P1̄,2,Triv.,no,,,NM,,HQ,1,171011,,171011,matched,171011,1,C2 H6 O1 Se1,2
20,Cd(HCO(NH2))2I2,P1̄,2,Triv.,no,,,NM,,HQ,1,192774,,192774,matched,192774,1,C2 H6 Cd1 I2 N2 O2,2
21,RbSbBrF3,P1̄,2,Triv.,no,,,NM,,,1,200109,,200109,matched,200109,1,Br1 F3 Rb1 Sb1,2
22,Na2Cu2(Si4O11),P1̄,2,Triv.,no,,"b,s",FM,,HQ,1,240930,,,unmatched,,0,,
23,Ti2P2O9,P1̄,2,Triv.,no,,b,,,,1,243672,,,unmatched,,0,,
24,Pb2(HgO2)(CrO4),P1̄,2,Triv.,no,,b,NM,,HQ,1,280778,,,unmatched,,0,,
25,Rb(VO2(IO3)2),P1̄,2,Triv.,no,,,NM,,HQ,1,281304,,,unmatched,,0,,
26,K2Cu3(Ge5O14),P1̄,2,SM,no,,b,FM,,HQ,1,410828,,,unmatched,,0,,
27,(Hg2)((H4TeO6)(H6TeO6))(H2O)2,P1̄,2,Triv.,no,,,NM,,,1,412799,,,unmatched,,0,,
28,W2NCl8,P1̄,2,SM,no,,"b,s",FM,,HQ,1,415768,,,unmatched,,0,,
29,Na2(SO4)(BF3),P1̄,2,Triv.,no,,,NM,,HQ,1,424150,,,unmatched,,0,,
30,SrHg(As2O7),P1̄,2,Triv.,no,,b,NM,,,1,430291,,,unmatched,,0,,
31,BaHg(As2O7),P1̄,2,Triv.,no,,b,NM,,,1,430292,,,unmatched,,0,,
32,Nb2Se9,P1̄,2,Triv.,no,,,NM,,,3,645386 8179 62538,,,unmatched,,0,,
33,NaAlSi3O8,P1̄,2,Triv.,no,,"b,s",,,,14,670020 34870 34871 34872 68913 77421 77422 77423 77424 77425 109006 171090 171091 171092,,109006,matched,109006 171090 171091 171092,4,Al1 Na1 O8 Si3,2
34,Ag(SbF6)2,P1̄,2,SM,no,,"b,s",FM,,,1,65186,,,unmatched,,0,,
35,Al(OH)3,P1̄,2,Triv.,no,,,NM,,,2,164050 164049,,164049,matched,164049 164050,2,H3 Al1 O3,2
36,BaCu(P2O7),P1̄,2,TI,no,,b,FM,,HQ,1,66534,,192060,matched,192060,1,Ba1 Cu1 O7 P2,2
37,BaCu(P2O7),P1̄,2,TI,no,,b,,,HQ,1,192060,,,unmatched,,0,,
38,Bi2Pb2V2O10,P1̄,2,Triv.,no,,b,NM,,HQ,1,56791,,,unmatched,,0,,
39,PbBiO(VO4),P1̄,2,Triv.,no,,b,NM,,,2,419126 419121,,,unmatched,,0,,
40,CaCl2(H2O)4,P1̄,2,Triv.,no,,,NM,,,1,8061,,,unmatched,,0,,
41,Ca(Ge2O5),P1̄,2,Triv.,no,,"b,s",NM,,,12,14005 151568 151569 151570 151571 151572 151573 151574 151575 151576 151577 151586,,14005,matched,14005 151568 151569 151570 151571 151572 151573 151574 151575 151576 151577 151586,12,Ca1 Ge2 O5,2
42,(Zn(H2O)6)(SnF3)2,P1̄,2,Triv.,no,,,,,HQ,1,166589,,166589,matched,166589,1,H12 F6 O6 Sn2 Zn1,2
43,Mg2B2O5,P1̄,2,Triv.,no,,b,NM,,,2,24789 79721,,,unmatched,,0,,
44,Cs2(Sn2S4(S2)),P1̄,2,Triv.,no,,,NM,,HQ,1,73008,,,unmatched,,0,,
45,V2Te2O7F2,P1̄,2,Triv.,no,,b,FM,,HQ,1,173748,,173748,matched,173748,1,F2 O7 Te2 V2,2
46,Na2Pd(SeO4)2,P1̄,2,Triv.,no,,b,NM,,HQ,1,249506,,,unmatched,,0,,
47,Ag(PdF6),P1̄,2,TI,no,,"b,s",FM,,HQ,1,51507,,,unmatched,,0,,
48,K2Co(SeO4)2(H2O)2,P1̄,2,SM,no,,,AFM,,HQ,1,98686,,,unmatched,,0,,
49,Na(BSi3O8),P1̄,2,Triv.,no,,"b,s",NM,,,1,16907,,16907,matched,16907,1,B1 Na1 O8 Si3,2
50,PbBiO(PO4),P1̄,2,Triv.,no,,,NM,,HQ,1,419125,,,unmatched,,0,,
51,LiFe(SO4)F,P1̄,2,Triv.,no,,b,AFM,,,3,180389 182944 194597,,180389,matched,180389 182944 194597,3,F1 Fe1 Li1 O4 S1,2
52,InAsO4(H2O),P1̄,2,Triv.,no,,,NM,,HQ,1,170760,,170760,matched,170760,1,H2 As1 In1 O5,2
53,Al11Mn4,P1̄,2,SM,no,,,FM,,,2,10509 57975,,10509,matched,10509,1,Al11 Mn4,2
54,Na2Cu(C2O4)2(H2O)2,P1̄,2,SM,no,,,FM,,HQ,1,40090,,,unmatched,,0,,
55,Sc(PS4),P1̄,2,Triv.,no,,b,NM,,HQ,1,67559,,,unmatched,,0,,
56,Au4Cl8,P1̄,2,Triv.,no,,,NM,,HQ,1,201436,,201436,matched,201436,1,Au4 Cl8,2
57,NaYP2S6,P1̄,2,Triv.,no,,,,,,1,431533,,,unmatched,,0,,
58,NaZnP2O6OH,P1̄,2,Triv.,no,,,NM,,HQ,1,39491,,,unmatched,,0,,
59,PbPt2O4,P1̄,2,TI,no,,"k∗,b",NM,,HQ,2,59657 82204,,,unmatched,,0,,
60,Sr2MgMoO6,P1̄,2,Triv.,no,,"b,s",,,HQ,1,173119,,173119,matched,173119,1,Mg1 Mo1 O6 Sr2,2
61,Sr(OH)Cl(H2O)4,P1̄,2,Triv.,no,,,NM,,,1,71446,,,unmatched,,0,,
62,YBr(MoO4),P1̄,2,Triv.,no,,b,,,,1,242056,,,unmatched,,0,,
63,YBr(WO4),P1̄,2,Triv.,no,,b,NM,,HQ,1,428802,,,unmatched,,0,,
64,As2O3,P2,3,Triv.,no,,,,,HQ,6,238656 238657 238658 238659 238660 238661,,,unmatched,,0,,
65,Na2(ZnSi3O8),P21,4,Triv.,no,,"b,s",NM,,HQ,3,924 20114 200440,,20114,matched,20114 200440,2,Na2 O8 Si3 Zn1,4
66,CaCuO2,P21,4,Triv.,no,,"b,s",NM,,,1,84868,,,unmatched,,0,,
67,BaCu2Cl2(Te2O6),P21,4,Triv.,no,,b,FM,,HQ,1,85786,,,unmatched,,0,,
68,PbCu2(TeO3)2Cl2,P21,4,Triv.,no,,b,FM,,HQ,1,189155,,189155,matched,189155,1,Cl2 Cu2 O6 Pb1 Te2,4
69,SrCu2(TeO3)2Cl2,P21,4,Triv.,no,,b,FM,,HQ,1,416653,,,unmatched,,0,,
70,Cu(IO3)2,P21,4,SM,no,,"b,s",FM,,HQ,1,4327,,,unmatched,,0,,
71,LiIn(P2O7),P21,4,Triv.,no,,b,NM,,HQ,1,60935,,,unmatched,,0,,
72,LiSc(P2O7),P21,4,Triv.,no,,b,NM,,HQ,1,91496,,,unmatched,,0,,
73,Na(BSi2O5)(OH)2,P21,4,Triv.,no,,,NM,,HQ,1,12134,,12134,matched,12134,1,H2 B1 Na1 O7 Si2,4
74,Te2O5,P21,4,Triv.,no,,"b,s",NM,,,2,2523 191342,,191342,matched,191342,1,O5 Te2,4
75,NbOI2,C2,5,Triv.,yes,Fig.26,"b,s",NM,,HQ,1,36255,,,unmatched,,0,,
76,NbOBr2,C2,5,Triv.,yes,Fig.26,"b,s",NM,,HQ,1,416669,,,unmatched,,0,,
77,Pb3(VO4)2,C2,5,Triv.,no,,,NM,,HQ,4,67604 67605 29359 69800,67604(b) 67605(b) 69800(b),,unmatched,,0,,
78,Sr4Zn3F14,Cm,8,Triv.,no,,"k∗,b",,,HQ,1,72991,,,unmatched,,0,,
79,Ca2CoO3,Cm,8,SM,no,,,FM,,HQ,1,95439,,,unmatched,,0,,
80,SbTaON2,Cm,8,Triv.,no,,"b,s",,,,1,674163,,,unmatched,,0,,
81,SbNbN2O,Cm,8,Triv.,no,,"b,s",,,,1,674153,,,unmatched,,0,,
82,TeGeN2O,Cm,8,Triv.,no,,"b,s",,,,1,674160,,,unmatched,,0,,
83,Cd2O(OH)2(H2O),Cm,8,Triv.,no,,,NM,,HQ,2,40185 40186,,,unmatched,,0,,
84,Na4(CO4),Cm,8,Triv.,no,,,NM,,,3,245410 245413 245414,245410(b),,unmatched,,0,,
85,K4(CO4),Cm,8,Triv.,no,,,NM,,,3,245424 245426 245421,,,unmatched,,0,,
86,SiO2,Cc,9,Triv.,no,,"b,s",NM,,,3,75662 81381 413210,,,unmatched,,0,,
87,Ba2WO3F4,Cc,9,Triv.,no,,,NM,,HQ,3,201653 33271 673319,,201653,matched,201653,1,Ba2 F4 O3 W1,9
88,KSbB2O6,Cc,9,Triv.,no,,b,NM,,HQ,1,238073,,,unmatched,,0,,
89,Cs2CuP2O7,Cc,9,SM,no,,b,FM,,,1,430123,,,unmatched,,0,,
90,LiVO3,Cc,9,Triv.,no,,,,,HQ,1,23477,,,unmatched,,0,,
91,TiZrSe4,P2/m,10,TI,no,,b,NM,,,1,104188,,104188,matched,104188,1,Se4 Ti1 Zr1,10
92,CrAuTe4,P2/m,10,SM,yes,Fig.27,,FM,,HQ,1,150279,,150279,matched,150279,1,Au1 Cr1 Te4,10
93,Cu(IO3)2,P21/m,11,SM,no,,b,FM,,HQ,1,2232,,,unmatched,,0,,
94,Ca3VN3,P21/m,11,Triv.,no,,b,NM,,,1,41060,,,unmatched,,0,,
95,CuWO3F2,P21/m,11,SM,no,,"b,s",FM,,HQ,1,60759,,,unmatched,,0,,
96,K(VO)H(SeO3)2,P21/m,11,SM,no,,b,FM,,HQ,1,82535,,,unmatched,,0,,
97,(NH4)(H(VO)(SeO3)2),P21/m,11,SM,no,,,FM,,,1,97400,,,unmatched,,0,,
98,PbPdSi(P2O7)2,P21/m,11,Triv.,no,,"b,s",NM,,,2,195306 420535,,195306,matched,195306,1,O14 P4 Pb1 Pd1 Si1,11
99,Na3Ni(PO4)(CO3),P21/m,11,Triv.,no,,b,AFM,,HQ,1,237798,,,unmatched,,0,,
100,K3(Ru(P2Se6)(P3Se4)),P21/m,11,Triv.,no,,,NM,,,1,406200,,,unmatched,,0,,
101,(NO)Cu(NO3)3,P21/m,11,SM,no,,,,,HQ,1,422033,,,unmatched,,0,,
102,Cu3GeP2O10,P21/m,11,SM,no,,b,FM,,,1,426627,,,unmatched,,0,,
103,As4S5,P21/m,11,Triv.,no,,,NM,,HQ,2,16107 98901,,16107,matched,16107,1,As4 S5,11
104,Ba2(Zn2F7Cl),P21/m,11,Triv.,no,,"b,s",NM,,HQ,1,79478,,,unmatched,,0,,
105,Ba2(Co2F7Cl),P21/m,11,Triv.,yes,Fig.27,"b,s",FM,,HQ,1,79479,,,unmatched,,0,,
106,Ba2Ni2F7Cl,P21/m,11,Triv.,yes,Fig.27,"b,s",FM,,HQ,1,84782,,,unmatched,,0,,
107,CuZnCl(OH)3,P21/m,11,SM,no,,b,FM,,,1,252429,,,unmatched,,0,,
108,Cu2Sc2(Ge4O13),P21/m,11,Triv.,no,,b,FM,,,5,99599 99600 99601 99602 99603,,,unmatched,,0,,
109,Y3(VO5)(OH)3,P21/m,11,SM,no,,,FM,,HQ,1,262400,,,unmatched,,0,,
110,La3(VO5)(OH)3,P21/m,11,SM,no,,,AFM,,HQ,1,262402,,,unmatched,,0,,
111,Na3In(PO4)2,P21/m,11,Triv.,no,,b,NM,,HQ,2,87833 90941,,,unmatched,,0,,
112,PbSO4(PbO)2,P21/m,11,Triv.,no,,,NM,,,5,61427 61428 30711 63639 100681,61427(b) 61428(b) 63639(b) 100681(b),100681,matched,100681,1,O6 Pb3 S1,11
113,TlCu(OH)SO4,P21/m,11,SM,no,,b,FM,,HQ,1,36581,,,unmatched,,0,,
114,La3Os2O10,C2/m,12,SM,no,,,FM,,HQ,1,10104,,10104,matched,10104,1,La3 O10 Os2,12
115,MoV2O8,C2/m,12,TI,yes,Fig.27,b,NM,,,1,28471,,,unmatched,,0,,
116,LiH2PO2,C2/m,12,Triv.,no,,,NM,,HQ,2,59823 250176,,,unmatched,,0,,
117,Sr7Re4O19,C2/m,12,Triv.,no,,"b,s",FM,,HQ,1,93804,,,unmatched,,0,,
118,(Sr2CoO3),C2/m,12,SM,yes,Fig.27,,FM,,,1,99894,,,unmatched,,0,,
119,Cr3O8,C2/m,12,TI,yes,Fig.27,b,FM,,,1,155847,,155847,matched,155847,1,Cr3 O8,12
120,Cr3O8,C2/m,12,Triv.,no,,,FM,,,1,155848,,155848,matched,155848,1,Cr3 O8,12
121,LiH3As2O7,C2/m,12,Triv.,no,,,NM,,HQ,1,172988,,172988,matched,172988,1,H3 As2 Li1 O7,12
122,MgBr2(H2O)6,C2/m,12,Triv.,no,,,NM,,HQ,1,189844,,189844,matched,189844,1,H12 Br2 Mg1 O6,12
123,Br6Si2,C2/m,12,Triv.,no,,,NM,,,1,239354,,,unmatched,,0,,
124,Br4Nb,C2/m,12,Triv.,no,,"b,s",NM,,,1,239640,,,unmatched,,0,,
125,Li2CrCl4,C2/m,12,Triv.,no,,b,FM,,HQ,1,403035,,,unmatched,,0,,
126,BaAu2(SO4)4,C2/m,12,Triv.,no,,b,NM,,HQ,1,427677,,,unmatched,,0,,
127,ReSCl3,C2/m,12,Triv.,no,,"b,s",,,,1,429458,,,unmatched,,0,,
128,Li4N1,C2/m,12,Triv.,no,,,,,,1,675129,,,unmatched,,0,,
129,AgPdZr2F11,C2/m,12,Triv.,no,,,FM,,HQ,1,65181,,,unmatched,,0,,
130,NaPd(Zr2F11),C2/m,12,Triv.,no,,,FM,,HQ,1,77241,,,unmatched,,0,,
131,NaCo(Zr2F11),C2/m,12,SM,no,,,FM,,HQ,1,81221,,,unmatched,,0,,
132,NaNi(Zr2F11),C2/m,12,Triv.,no,,,FM,,HQ,1,81222,,,unmatched,,0,,
133,NaZn(Zr2F11),C2/m,12,Triv.,no,,,NM,,HQ,1,81223,,,unmatched,,0,,
134,CaC2,C2/m,12,Triv.,no,,,NM,,HQ,23,54185 54188 94385 252719 252725 252728 252731 252740 252743 252746 252749 252752 252755 252758 252761 252764 252767 252770 252773 252776 290833 411190 672970,,,unmatched,,0,,
135,Mg(CrO4),C2/m,12,Triv.,no,,b,NM,,,1,18120,,18120,matched,18120,1,Cr1 Mg1 O4,12
136,Ag3In(PO4)2,C2/m,12,Triv.,no,,b,NM,,HQ,1,245001,,,unmatched,,0,,
137,Ga2O3,C2/m,12,Triv.,no,,b,NM,,HQ,6,34243 83645 166198 184327 603563 673058,,166198,matched,166198 184327,2,Ga2 O3,12
138,Al2O3,C2/m,12,Triv.,no,,b,NM,,HQ,2,82504 673079,,,unmatched,,0,,
139,La6I5Ge3,C2/m,12,SM,no,,b,,,HQ,1,414175,,,unmatched,,0,,
140,YCl(MoO4),C2/m,12,Triv.,no,,b,NM,,HQ,1,249647,,,unmatched,,0,,
141,K2Na(Ag(CN)2)3,C2/m,12,Triv.,yes,Fig.27,"k∗,b",NM,,HQ,0,,,,unmatched,,0,,
142,Pb2O(SO4),C2/m,12,Triv.,no,,,NM,,HQ,8,59723 59724 59725 59726 14246 29268 30627 35757,"14246(b,s) 29268(b,s)",14246,matched,14246,1,O5 Pb2 S1,12
143,Pb2O(WO4),C2/m,12,Triv.,no,,,NM,,,1,61399,,,unmatched,,0,,
144,Pb2Co(WO6),C2/m,12,SM,no,,"b,s",AFM,,HQ,1,77912,,,unmatched,,0,,
145,TlFeS2,C2/m,12,Triv.,no,,,NM,,,2,30011 63381,,,unmatched,,0,,
146,TlFeS2,C2/m,12,TI,no,,,NM,,,2,600815 659748,,,unmatched,,0,,
147,Ba3Y2PtCu2O10,C2/m,12,TI,no,,"b,s",NM,,HQ,1,62390,,,unmatched,,0,,
148,Y2Ba3Cu2PtO10,C2/m,12,TI,no,,"b,s",NM,,HQ,1,65614,,,unmatched,,0,,
149,Y5Mo2O12,C2/m,12,SM,yes,Fig.27,b,FM,,HQ,2,60957 62215,,,unmatched,,0,,
150,K(H2PO4),P2/c,13,Triv.,yes,Fig.28,,NM,,HQ,1,79341,,,unmatched,,0,,
151,RbLi2Ga2(BO3)3,P2/c,13,Triv.,no,,b,NM,,HQ,1,280205,,,unmatched,,0,,
152,Na(CN)(H2O)2,P21/c,14,Triv.,no,,,NM,,,3,830 2244 16765,,16765,matched,16765,1,C1 H4 N1 Na1 O2,14
153,Li(NH4)(PO3F),P21/c,14,Triv.,no,,,NM,,,1,1439,,1439,matched,1439,1,H4 F1 Li1 N1 O3 P1,14
154,Li2(SO4),P21/c,14,Triv.,no,,b,NM,,HQ,4,2512 58 23723 30276,,,unmatched,,0,,
155,B2F4,P21/c,14,Triv.,no,,,NM,,,7,27867 31823 647640 190632 673316 84848 190631,31823(s) 647640(s) 673316(s) 84848(s) 190631(s),,unmatched,,0,,
156,WO3,P21/c,14,Triv.,no,,b,NM,,,7,14332 17003 16080 80056 50727 80057 190630,14332(s) 17003(s) 80056(s) 190630(s),14332,matched,14332 16080 17003 190630 190631 190632,6,O3 W1,14
157,Cs(HSO4),P21/c,14,Triv.,no,,,NM,,HQ,5,67108 39252 91808 291375 291374,,,unmatched,,0,,
158,Mo(As2O7),P21/c,14,Triv.,no,,"b,s",NM,,,1,72518,,,unmatched,,0,,
159,Cu(HSeO3)2(H2O)2,P21/c,14,SM,no,,,FM,,,1,80932,,,unmatched,,0,,
160,Cd(MoO2)(PO4),P21/c,14,Triv.,no,,b,FM,,,1,82090,,,unmatched,,0,,
161,(HCONH2)2(Cu(HCOO)2),P21/c,14,SM,no,,,FM,,,2,109973 194113,,109973,matched,109973 194113,2,C4 H8 Cu1 N2 O6,14
162,Pb2Cu(BO3)2,P21/c,14,SM,no,,b,FM,,HQ,7,155317 15805 24270 159550 30893 30895 34163,"15805(b,s) 24270(b) 30893(b) 30895(b) 34163(b)",155317,matched,155317,1,B2 Cu1 O6 Pb2,14
163,Mg(SiO3),P21/c,14,Triv.,no,,,NM,,,6,92750 159551 159552 159553 180445 196432,92750(b) 159551(b) 159552(b) 159553(b) 180445(b) 196432(b),15805,matched,15805 159550 159551 159552 159553 180445 196432 201535,8,Mg1 O3 Si1,14
164,Sn2(P2O7),P21/c,14,Triv.,no,,,NM,,HQ,2,201535 170847,201535(b),170847,matched,170847,1,O7 P2 Sn2,14
165,K2(SeMoO6),P21/c,14,Triv.,no,,,NM,,,1,412999,,,unmatched,,0,,
166,OsOF4,P21/c,14,Triv.,no,,,NM,,HQ,1,417246,,,unmatched,,0,,
167,KAgAsS2,P21/c,14,Triv.,yes,Fig.28,,,,,1,431760,,,unmatched,,0,,
168,Na2TeO3,P21/c,14,Triv.,no,,,NM,,,1,100693,,100693,matched,100693,1,Na2 O3 Te1,14
169,ScOF,P21/c,14,Triv.,no,,b,NM,,HQ,16,24112 100562 100563 100564 963 16616 24640 79550 79551 79552 79553 79555 79554 81096 196150 245074,963(b) 16616(b) 79553(b) 79555(b) 81096(b) 196150(b) 245074(b),100562,matched,100562 100563 100564,3,F1 O1 Sc1,14
170,Ca2(SiO4),P21/c,14,Triv.,no,,,NM,,HQ,6,245075 245076 245077 245078 245079 245080,245075(b) 245076(b) 245077(b) 245078(b) 245079(b) 245080(b),16616,matched,16616 196150,2,Ca2 O4 Si1,14
171,Cu(HSeO3)2,P21/c,14,SM,no,,,FM,,HQ,4,421708 280995 51676 29538,421708(b) 280995(b) 51676(b),,unmatched,,0,,
172,Cu(OH)Cl,P21/c,14,TI,no,,,FM,,HQ,1,38384,,,unmatched,,0,,
173,Cu(OH)Cl,P21/c,14,TI,no,,,FM,,HQ,1,91088,,,unmatched,,0,,
174,Cs2(As2F8O2),P21/c,14,Triv.,no,,,NM,,HQ,1,6070,,,unmatched,,0,,
175,K2(W2O7),P21/c,14,Triv.,no,,"b,s",NM,,HQ,1,67284,,,unmatched,,0,,
176,KCuCl3,P21/c,14,Triv.,no,,,FM,,HQ,3,15590 109325 252663,,15590,matched,15590 109325,2,Cl3 Cu1 K1,14
177,Cu(AlAsO5),P21/c,14,Triv.,no,,b,NM,,,1,91551,,,unmatched,,0,,
178,VO2,P21/c,14,Triv.,no,,b,FM,,,6,15889 34033 74705 602360 647604 647610,,15889,matched,15889,1,O2 V1,14
179,Na2(Ni(H2O)2)(V2O4F6),P21/c,14,Triv.,no,,,FM,,,1,424345,,,unmatched,,0,,
180,Na2(PdF4),P21/c,14,Triv.,no,,b,NM,,HQ,2,33889 71101,,,unmatched,,0,,
181,CuSb2O6,P21/c,14,SM,no,,b,FM,,,4,30410 71762 80576 628623,628623(s),,unmatched,,0,,
182,Y(NiO3),P21/c,14,Triv.,no,,b,FM,,HQ,4,88043 89417 92047 191790,,191790,matched,191790,1,Ni1 O3 Y1,14
183,K2(Pt(CN)4I2),P21/c,14,Triv.,no,,,NM,,HQ,1,413706,,,unmatched,,0,,
184,Rb2(Pt(CN)4I2),P21/c,14,Triv.,no,,,NM,,HQ,1,421673,,,unmatched,,0,,
185,XeF4,P21/c,14,Triv.,no,,,NM,,HQ,2,26626 27467,,,unmatched,,0,,
186,VF4,P21/c,14,SM,no,,"b,s",FM,,,1,65785,,,unmatched,,0,,
187,Ag(AuF4)2,P21/c,14,SM,no,,"b,s",FM,,HQ,1,85416,,,unmatched,,0,,
188,Na4Sn3F10,C2/c,15,Triv.,no,,b,NM,,,1,9891,,,unmatched,,0,,
189,V2O4(H2O)2,C2/c,15,SM,no,,,FM,,,1,16727,,16727,matched,16727,1,H4 O6 V2,15
190,V(S2)2,C2/c,15,Triv.,no,,,NM,,,3,16797 64770 428285,,16797,matched,16797,1,S4 V1,15
191,Na2(Nb4O11),C2/c,15,Triv.,no,,b,,,,1,18305,,18305,matched,18305,1,Na2 Nb4 O11,15
192,Li2Cu(P2O7),C2/c,15,SM,no,,b,FM,,HQ,2,72485 160321,,160321,matched,160321,1,Cu1 Li2 O7 P2,15
193,((CH3)2NH2)(Cu(HCOO)3),C2/c,15,SM,no,,,FM,,,2,110500 151227,,110500,matched,110500 151227,2,C5 H11 Cu1 N1 O6,15
194,PbPd2O4,C2/c,15,Triv.,yes,Fig.28,b,NM,,HQ,1,263050,,,unmatched,,0,,
195,K(Cl3(MoOCl2)2),C2/c,15,Triv.,no,,b,FM,,HQ,1,410954,,,unmatched,,0,,
196,Ag4CuTeO6,C2/c,15,SM,no,,b,FM,,HQ,1,416931,,,unmatched,,0,,
197,(NH4)2(MoO2S2),C2/c,15,Triv.,no,,,NM,,HQ,2,41688 423990,,,unmatched,,0,,
198,BaCu(SeO3)2,C2/c,15,SM,no,,"b,s",FM,,HQ,1,202388,,202388,matched,202388,1,Ba1 Cu1 O6 Se2,15
199,SrCu(SeO3)2,C2/c,15,SM,no,,"b,s",FM,,HQ,1,202389,,202389,matched,202389,1,Cu1 O6 Se2 Sr1,15
200,Cs2MoO2S2,C2/c,15,Triv.,no,,,NM,,HQ,2,423982 423983,,,unmatched,,0,,
201,Rb2MoO2S2,C2/c,15,Triv.,no,,,NM,,HQ,1,423992,,,unmatched,,0,,
202,Cs(Sb2F7),C2/c,15,Triv.,no,,,NM,,,2,14119 24741,,14119,matched,14119,1,Cs1 F7 Sb2,15
203,Cu(H2PO2)2(CO(NH2)2),C2/c,15,SM,no,,,FM,,,3,279589 279590 279591,279589(b),,unmatched,,0,,
204,Cu2(P4O12),C2/c,15,TI,no,,b,FM,,,1,23756,,,unmatched,,0,,
205,(N2H5)(BF4),C2/c,15,Triv.,no,,,NM,,,2,9895 245055,,,unmatched,,0,,
206,Na2Cu(P2O7),C2/c,15,SM,no,,b,FM,,HQ,2,79868 80418,,,unmatched,,0,,
207,CaNi(BP2O7(OH)3),C2/c,15,Triv.,no,,,FM,,,1,409898,,,unmatched,,0,,
208,LaCu2O4,C2/c,15,SM,no,,"b,s",,,HQ,1,83486,,,unmatched,,0,,
209,YCu2O4,C2/c,15,SM,yes,Fig.28,"b,s",,,HQ,1,83493,,,unmatched,,0,,
210,NiZn(P4O12),C2/c,15,Triv.,no,,b,FM,,,1,37137,,,unmatched,,0,,
211,La(MnO3),C2/c,15,Triv.,no,,"b,s",FM,,HQ,1,150258,,150258,matched,150258,1,La1 Mn1 O3,15
212,VOSb2O4,C2/c,15,SM,no,,b,FM,,HQ,2,2292 27800,,,unmatched,,0,,
213,Sr3CuPtO6,C2/c,15,SM,no,,"b,s",FM,,HQ,2,66347 72721,,,unmatched,,0,,
214,(VO)(PO3)2,C2/c,15,SM,no,,b,FM,,HQ,4,39762 160942 160943 160944,,160942,matched,160942 160943 160944,3,O7 P2 V1,15
215,Sc4OsCl4,C2/c,15,Triv.,no,,,NM,,HQ,1,421532,,,unmatched,,0,,
216,MgTeMoO6,P21212,18,Triv.,no,,b,NM,,HQ,1,184714,,184714,matched,184714,1,Mg1 Mo1 O6 Te1,18
217,Zn(TeMoO6),P21212,18,Triv.,no,,"b,s",NM,,HQ,2,250523 163981,,163981,matched,163981,1,Mo1 O6 Te1 Zn1,18
218,As2O5,P212121,19,Triv.,no,,"b,s",NM,,HQ,2,987 654040,,,unmatched,,0,,
219,AsPO5,P212121,19,Triv.,no,,b,NM,,HQ,1,36649,,,unmatched,,0,,
220,SbAsO5,P212121,19,Triv.,no,,b,NM,,HQ,1,36650,,,unmatched,,0,,
221,NaCu(PO4),P212121,19,SM,no,,b,FM,,HQ,1,35451,,,unmatched,,0,,
222,BaVS3,C2221,20,SM,no,,"b,s",FM,,HQ,1,63230,,,unmatched,,0,,
223,GeTiONF,Pmm2,25,Triv.,no,,,,,,1,674260,,,unmatched,,0,,
224,KCu(CO3)F,Pmc21,26,SM,no,,b,FM,,HQ,1,75401,,,unmatched,,0,,
225,CsBi(Nb2O7),Pmc21,26,Triv.,no,,"b,s",NM,,HQ,5,96510 162981 162982 162983 162984,,162981,matched,162981 162982 162983 162984,4,Bi1 Cs1 Nb2 O7,26
226,Bi2(MoO6),Pca21,29,Triv.,no,,,NM,,,3,47139 201685 14266,47139(b) 201685(b),14266,matched,14266 201685,2,Bi2 Mo1 O6,29
227,InO(OH),Pmn21,31,Triv.,no,,,NM,,HQ,2,15082 166253,,15082,matched,15082 166253,2,H1 In1 O2,31
228,LiV2O5,Pmn21,31,SM,no,,b,FM,,HQ,1,88640,,,unmatched,,0,,
229,Cu(NH4)(PO4)(H2O),Pmn21,31,SM,no,,,FM,,HQ,1,250189,,,unmatched,,0,,
230,(NH4)(Co(PO4)(H2O)),Pmn21,31,SM,no,,,AFM,,HQ,1,280044,,,unmatched,,0,,
231,(NH4)(NiPO4)(H2O),Pmn21,31,Triv.,no,,,FM,,HQ,1,424553,,,unmatched,,0,,
232,V2O5,Pmn21,31,Triv.,no,,b,NM,,,5,15984 29140 41030 82151 157988,15984(s) 82151(s) 157988(s),15984,matched,15984 157988,2,O5 V2,31
233,SrGaH5,Pna21,33,Triv.,no,,,NM,,,1,240697,,,unmatched,,0,,
234,FeP,Pna21,33,SM,no,,,,,HQ,1,15057,,15057,matched,15057,1,Fe1 P1,33
235,Rb(AlSiO4),Pna21,33,Triv.,no,,"b,s",NM,,,2,4335 160823,,160823,matched,160823,1,Al1 O4 Rb1 Si1,33
236,Cs(AlSiO4),Pna21,33,Triv.,no,,"b,s",NM,,HQ,5,160822 186607 186608 186609 186610,160822(k) 186607(k),160822,matched,160822 186607 186608 186609 186610,5,Al1 Cs1 O4 Si1,33
237,TlTeVO5,Pna21,33,Triv.,no,,b,NM,,,2,173863 173864,,173863,matched,173863 173864,2,O5 Te1 Tl1 V1,33
238,FeS2,Pnn2,34,Triv.,no,,,NM,,HQ,1,42726,,,unmatched,,0,,
239,FeTe2,Pnn2,34,Triv.,no,,,,,HQ,2,42727 633870,,,unmatched,,0,,
240,Ba2Ge2TiO8,Cmm2,35,Triv.,no,,"b,s",,,HQ,1,39133,,,unmatched,,0,,
241,BaZnF4,Cmc21,36,Triv.,yes,Fig.28,"b,s",,,,0,,,16925,matched,16925 182604 182605 182606 182607 182609,6,Ba1 F4 Zn1,36
242,Al5(BO3)O6,Cmc21,36,Triv.,no,,b,NM,,HQ,21,672719 16925 182604 182605 182606 182607 182609 402925 402926 167308 20172 167307 167309 167310 167311 167312 167313 167314 167315 167316 190085,167308(s),20172,matched,20172 167307 167308 167309 167310 167311 167312 167313 167314 167315 167316 190085,12,Al5 B1 O9,36
243,BaNiF4,Cmc21,36,Triv.,no,,"b,s",FM,,,3,23141 261190 410708,,,unmatched,,0,,
244,BaCoF4,Cmc21,36,SM,no,,"b,s",FM,,HQ,2,26067 261189,,,unmatched,,0,,
245,BaVS3,Cmc21,36,SM,no,,"b,s",FM,,HQ,4,52692 63229 154182 616099,,154182,matched,154182,1,Ba1 S3 V1,36
246,Rb2(PbO3),Cmc21,36,Triv.,no,,"b,s",NM,,,1,1413,,1413,matched,1413,1,O3 Pb1 Rb2,36
247,Na3(VOS3),Cmc21,36,Triv.,no,,,NM,,HQ,2,281593 415217,281593(b),,unmatched,,0,,
248,Sr2(Ta2O7),Cmc21,36,Triv.,no,,"b,s",NM,,HQ,1,16388,,16388,matched,16388,1,O7 Sr2 Ta2,36
249,Na2(W2O7),Cmc21,36,Triv.,no,,"b,s",NM,,HQ,1,65780,,,unmatched,,0,,
250,CaGa(BO3)O,Ccc2,37,Triv.,no,,b,NM,,HQ,1,93390,,,unmatched,,0,,
251,Ba(TiO3),Amm2,38,Triv.,no,,b,NM,,HQ,12,31155 154346 161341 73637 73638 73639 73640 73641 161419 186460 237106 237109,"31155(k,s,l) 73637(k,s,l) 73638(k,s,l) 73639(k,s,l) 73640(k,s,l) 73641(k,s,l) 161419(k,s) 186460(s,l) 237106(s,l) 237109(s,l)",154346,matched,154346 161341 161419 186460,4,Ba1 O3 Ti1,38
252,Rb4(CO4),Amm2,38,Triv.,no,,,NM,,,1,245441,,,unmatched,,0,,
253,K(NbO3),Amm2,38,Triv.,no,,"b,s,l∗",NM,,,3,9533 190922 14363,9533(k) 190922(k),14363,matched,14363 190922,2,K1 Nb1 O3,38
254,Pb(ZrO3),Amm2,38,Triv.,no,,"b,s,l∗",NM,,HQ,1,39607,,,unmatched,,0,,
255,Ag2(TeO2(OH)4),Fdd2,43,Triv.,no,,b,NM,,HQ,1,240968,,,unmatched,,0,,
256,Rb2((Al2Si3)O10),Fdd2,43,Triv.,no,,"b,s",NM,,,1,180324,,180324,matched,180324,1,Al2 O10 Rb2 Si3,43
257,IrF4,Fdd2,43,SM,no,,"b,s",FM,,,1,23483,,,unmatched,,0,,
258,Bi2(CO3)O2,Imm2,44,Triv.,yes,Fig.28,,NM,,HQ,2,94740 252588,,,unmatched,,0,,
259,Fe(Ti3O7),Imm2,44,Triv.,no,,,FM,,,1,190042,,190042,matched,190042,1,Fe1 O7 Ti3,44
260,W6PCl17,Imm2,44,Triv.,no,,,AFM,,HQ,1,422270,,,unmatched,,0,,
261,Ba4In6O13,Iba2,45,Triv.,yes,Fig.28,b,NM,,,1,72887,,,unmatched,,0,,
262,Ag(C(CN)3),Ima2,46,Triv.,no,,,NM,,HQ,2,43823 428560,,,unmatched,,0,,
263,Sr(TiO3),Ima2,46,Triv.,no,,"b,s",NM,,,1,182248,,182248,matched,182248,1,O3 Sr1 Ti1,46
264,Pb(TiO3),Pmmm,47,Triv.,no,,"b,s,l∗",,,,1,27949,,,unmatched,,0,,
265,YBaCo2O5,Pmmm,47,SM,no,,"b,s",FM,,,2,171433 247220,,171433,matched,171433,1,Ba1 Co2 O5 Y1,47
266,LaBa2Cu3O7,Pmmm,47,TI,yes,Fig.29,"b,s",NM,,,1,81167,,,unmatched,,0,,
267,YBa(Fe2O5),Pmmm,47,SM,no,,"b,s",FM,,,3,164176 281205 281206,,164176,matched,164176,1,Ba1 Fe2 O5 Y1,47
268,SiO2,Pnnn,48,Triv.,no,,"b,s",NM,,,1,170533,,170533,matched,170533,1,O2 Si1,48
269,SiO2,Pban,50,Triv.,no,,"b,s",NM,,,1,170535,,170535,matched,170535,1,O2 Si1,50
270,La2(NiO4),Pban,50,Triv.,no,,"b,s,l∗",FM,,HQ,1,201940,,201940,matched,201940,1,La2 Ni1 O4,50
271,Cu(H2PO2)2,Pmma,51,SM,no,,,FM,,HQ,1,280921,,,unmatched,,0,,
272,CuCo2Ge2,Pmma,51,SM,no,,,FM,,HQ,1,62856,,,unmatched,,0,,
273,Cu(GeO3),Pmma,51,SM,no,,b,FM,,HQ,21,25754 50329 50331 56606 56607 56699 56701 78475 85325 85326 89400 89401 89402 89403 89404 89405 89406 89407 246664 411018 411019,,,unmatched,,0,,
274,Cu(SiO3),Pmma,51,SM,no,,b,FM,,HQ,1,89669,,,unmatched,,0,,
275,LaCoAl4,Pmma,51,TI,no,,,NM,,HQ,1,9986,,,unmatched,,0,,
276,Ga(GaCl4),Pnna,52,Triv.,no,,b,NM,,HQ,3,14218 62664 66548,,14218,matched,14218,1,Cl4 Ga2,52
277,In(InBr4),Pnna,52,Triv.,no,,b,NM,,HQ,2,60851 62240,,,unmatched,,0,,
278,CuPtO2,Pmna,53,SM,no,,,,,,1,670125,,,unmatched,,0,,
279,Na3Cu4S4,Pbam,55,SM,no,,,NM,,HQ,1,10004,,10004,matched,10004,1,Cu4 Na3 S4,55
280,Na2(TiCl4),Pbam,55,Triv.,no,,b,FM,,HQ,1,400264,,,unmatched,,0,,
281,Bi2Al4O9,Pbam,55,Triv.,no,,b,NM,,,6,20069 26807 88775 200051 236561 251938,,20069,matched,20069 200051,2,Al4 Bi2 O9,55
282,Rb(VOF3),Pbam,55,TI,no,,"b,s",FM,,HQ,2,249403 426620,,,unmatched,,0,,
283,YCrB4,Pbam,55,Triv.,no,,,NM,,,1,16171,,16171,matched,16171,1,B4 Cr1 Y1,55
284,YVB4,Pbam,55,TI,no,,,NM,,,1,615679,,,unmatched,,0,,
285,Na2(MnCl4),Pbam,55,SM,no,,b,FM,,HQ,1,9136,,,unmatched,,0,,
286,Sc2CrB6,Pbam,55,TI,no,,,FM,,,1,99646,,,unmatched,,0,,
287,Sc4Cl6B,Pbam,55,SM,no,,b,NM,,HQ,1,201977,,201977,matched,201977,1,B1 Cl6 Sc4,55
288,Sc4Cl6N,Pbam,55,SM,no,,b,NM,,HQ,1,201979,,201979,matched,201979,1,Cl6 N1 Sc4,55
289,Bi3NF6,Pbcm,57,Triv.,no,,b,NM,,,1,79395,,,unmatched,,0,,
290,Fe2C,Pbcm,57,TI,no,,b,,,,1,670573,,,unmatched,,0,,
291,Ca2(AsO4)Cl,Pbcm,57,Triv.,no,,b,NM,,,1,26234,,,unmatched,,0,,
292,ScFe2Si2,Pbcm,57,SM,no,,,FM,,HQ,2,402545 633456,,,unmatched,,0,,
293,(NH4)(VO3),Pbcm,57,Triv.,no,,,NM,,,1,1487,,1487,matched,1487,1,H4 N1 O3 V1,57
294,NaO2,Pnnm,58,SM,no,,,FM,,,6,26583 87179 87180 87181 180562 673259,,180562,matched,180562,1,Na1 O2,58
295,Li4Ca(BO3)2,Pnnm,58,Triv.,no,,,NM,,HQ,2,99503 239000,,,unmatched,,0,,
296,MnB4,Pnnm,58,SM,no,,b,FM,,HQ,1,194807,,194807,matched,194807,1,B4 Mn1,58
297,FeB4,Pnnm,58,Triv.,no,,,NM,,,3,196424 425311 670854,,196424,matched,196424,1,B4 Fe1,58
298,Ba2CoCl2(SeO3)2,Pnnm,58,SM,no,,b,AFM,,HQ,1,280965,,,unmatched,,0,,
299,Al2(SiO4)O,Pnnm,58,Triv.,no,,,NM,,,9,92635 100395 100396 100397 100398 100399 169412 172725 172726,92635(b) 100395(b) 100396(b) 100397(b) 100398(b) 100399(b) 169412(b) 172725(b) 172726(b),100395,matched,100395 100396 100397 100398 100399 169412 172725 172726 172727 172728 172729 172730 172731 172732,14,Al2 O5 Si1,58
300,CuZn(AsO4)(OH),Pnnm,58,Triv.,no,,b,FM,,,7,172727 172728 172729 172730 172731 172732 160894,172727(b) 172728(b) 172729(b) 172730(b) 172731(b) 172732(b),160894,matched,160894,1,H1 As1 Cu1 O5 Zn1,58
301,CrO2,Pnnm,58,Triv.,no,,b,FM,,,0,,,155832,matched,155832 185886,2,Cr1 O2,58
302,FeSe2,Pnnm,58,Triv.,no,,,NM,,,18,155832 185886 290478 290479 290480 25680 42041 42115 44751 633469 633479 26756 42415 42416 109374 633255 633275 633304,,,unmatched,,0,,
303,FeS2,Pnnm,58,Triv.,no,,,NM,,,0,,,109374,matched,109374,1,Fe1 S2,58
304,CoAs2,Pnnm,58,SM,no,,,NM,SC,,1,610034,,,unmatched,,0,,
305,MnS2,Pnnm,58,SM,yes,Fig.29,,FM,,,1,643441,,,unmatched,,0,,
306,Fe(NCNH)2,Pnnm,58,Triv.,no,,,NM,,HQ,2,419222 422725,,,unmatched,,0,,
307,CaBi(CO3)OF,Pmmn,59,Triv.,no,,,NM,,HQ,1,87759,,,unmatched,,0,,
308,Na2(TiO)(GeO4),Pmmn,59,Triv.,no,,"b,s",NM,,HQ,1,160149,,160149,matched,160149,1,Ge1 Na2 O5 Ti1,59
309,CoCu2O3,Pmmn,59,SM,yes,Fig.29,,FM,,HQ,1,33996,,,unmatched,,0,,
310,Na(V2O5),Pmmn,59,SM,no,,b,FM,,HQ,12,59345 88354 88861 88863 88862 88864 89411 89412 89413 92954 409210 251182,59345(s) 88354(s) 88863(s) 89411(s) 92954(s) 409210(s),,unmatched,,0,,
311,LiV2O5,Pmmn,59,SM,no,,"b,s",,,HQ,1,88639,,,unmatched,,0,,
312,CsMgH3,Pmmn,59,Triv.,no,,b,NM,,,1,159177,,159177,matched,159177,1,H3 Cs1 Mg1,59
313,CrOCl,Pmmn,59,SM,no,,b,FM,,HQ,2,4086 28318,,,unmatched,,0,,
314,FeOCl,Pmmn,59,SM,no,,b,AFM,,HQ,4,16013 27136 40963 167393,,16013,matched,16013 167393,2,Cl1 Fe1 O1,59
315,RuCl3,Pmmn,59,Triv.,no,,,FM,,HQ,1,414041,,,unmatched,,0,,
316,Sr(V3O7),Pmmn,59,SM,no,,b,AFM,,HQ,12,241176 241177 241178 241179 241180 241181 241182 241183 241184 241185 241186 241187,,,unmatched,,0,,
317,FeNb2O6,Pbcn,60,Triv.,no,,b,FM,,,3,15855 31943 151720,,15855,matched,15855 151720,2,Fe1 Nb2 O6,60
318,Fe(Nb2O6),Pbcn,60,TI,no,,b,FM,,,1,24216,,,unmatched,,0,,
319,CuNb2O6,Pbcn,60,SM,no,,b,FM,,,4,71606 74424 79455 80316,80316(s),,unmatched,,0,,
320,CoNb2O6,Pbcn,60,SM,no,,b,FM,,,2,182710 182711,,182710,matched,182710 182711,2,Co1 Nb2 O6,60
321,Na2(Si2O5),Pbcn,60,Triv.,no,,"b,s",NM,,,1,34669,,,unmatched,,0,,
322,O(CN)2,Pbca,61,Triv.,no,,,,,,1,670397,,,unmatched,,0,,
323,Te(CN)2,Pbca,61,Triv.,no,,,,,,1,670400,,,unmatched,,0,,
324,Cu(SeO3),Pbca,61,Triv.,no,,b,NM,,,2,29506 61342,,,unmatched,,0,,
325,WO3,Pnma,62,Triv.,no,,"b,s",NM,,,1,836,,,unmatched,,0,,
326,Mg3(SiO4)F2,Pnma,62,Triv.,no,,b,NM,,,2,15203 252073,,15203,matched,15203,1,F2 Mg3 O4 Si1,62
327,K2ClO3N,Pnma,62,Triv.,no,,,NM,,HQ,1,28211,,,unmatched,,0,,
328,Li(CN),Pnma,62,Triv.,no,,,NM,,,1,77321,,,unmatched,,0,,
329,AgHg2O2(NO3),Pnma,62,Triv.,no,,,NM,,,1,89685,,,unmatched,,0,,
330,K2Pd(P2S6),Pnma,62,Triv.,no,,,NM,,,1,165316,,165316,matched,165316,1,K2 P2 Pd1 S6,62
331,PbPd(P2O7),Pnma,62,Triv.,no,,b,NM,,,2,195305 420534,,195305,matched,195305,1,O7 P2 Pb1 Pd1,62
332,WO3(H2O),Pnma,62,Triv.,no,,,NM,,HQ,1,201806,,201806,matched,201806,1,H2 O4 W1,62
333,MoO2,Pnma,62,Triv.,no,,b,,,,1,243549,,,unmatched,,0,,
334,KYTe2O6,Pnma,62,Triv.,no,,b,NM,,,1,291295,,,unmatched,,0,,
335,LiSr(BS3),Pnma,62,Triv.,no,,b,NM,,HQ,1,380105,,,unmatched,,0,,
336,(AgF)(AuF6),Pnma,62,SM,no,,b,NM,,,1,422686,,,unmatched,,0,,
337,(NH4)(Co(PO4))(H2O),Pnma,62,SM,no,,,FM,,,1,424548,,,unmatched,,0,,
338,Al2FeC,Pnma,62,TI,no,,"b,s",,,,1,670820,,,unmatched,,0,,
339,Li2C2,Pnma,62,Triv.,no,,,,,,0,,,,unmatched,,0,,
340,Al2(SiO4)O,Pnma,62,Triv.,no,,b,NM,,,40,671756 671757 671758 671759 671760 671761 671762 671763 671764 671765 671766 671767 671768 671769 671770 671771 25711 31115 85200 85201 85202 85203 85204 85744 86342 92632 92633 96722 100450 100451 100452 100453 100454 172720 172721 172722 172723 172724 92636 92637,92632(s),100450,matched,100450 100451 100452 100453 100454 172720 172721 172722 172723 172724,10,Al2 O5 Si1,62
341,Li(VO)(AsO4),Pnma,62,SM,yes,Fig.29,b,FM,,,1,90991,,,unmatched,,0,,
342,FeOOH,Pnma,62,SM,no,,,AFM,,,5,239321 239322 239323 239324 245057,,,unmatched,,0,,
343,PbCO3,Pnma,62,Triv.,no,,,NM,,HQ,7,56101 166089 190074 247490 247491 247492 247493,,166089,matched,166089 190074,2,C1 O3 Pb1,62
344,Cd2(OH)3Cl,Pnma,62,Triv.,no,,b,NM,,,2,39285 83524,,,unmatched,,0,,
345,SnSO4,Pnma,62,Triv.,no,,,NM,,,3,2748 25838 245904,,,unmatched,,0,,
346,Ca(B2Si2O8),Pnma,62,Triv.,no,,"b,s",NM,,,0,,,,unmatched,,0,,
347,PbF2,Pnma,62,Triv.,no,,,NM,,,35,6254 20590 26491 29545 29546 29547 29548 29549 29550 30296 36275 14324 154994 154995 154996 154997 154998 161080 161391 161392 161393 161394 673364 171178 171179 171180 171181 171182 171183 9468 15699 91186 91187 91188 169176,,14324,matched,14324 154994 154995 154996 154997 154998 161080 161391 161392 161393 161394,11,F2 Pb1,62
348,Tl2BeF4,Pnma,62,Triv.,no,,,NM,,HQ,0,,,171178,matched,171178 171179 171180 171181 171182 171183,6,Be1 F4 Tl2,62
349,Cs2CuCl4,Pnma,62,SM,no,,,FM,,HQ,0,,,15699,matched,15699 169176,2,Cl4 Cs2 Cu1,62
350,Cs2CuBr4,Pnma,62,SM,no,,,FM,,HQ,3,10185 26024 169179,,10185,matched,10185 169179,2,Br4 Cs2 Cu1,62
351,Rb5(SiAs3),Pnma,62,Triv.,no,,,NM,,,1,300191,,,unmatched,,0,,
352,Cu(IO3)(OH),Pnma,62,SM,no,,b,FM,,HQ,1,41804,,,unmatched,,0,,
353,In(PO4),Pnma,62,Triv.,no,,b,NM,,HQ,1,85579,,,unmatched,,0,,
354,K2(S3O6),Pnma,62,Triv.,no,,,NM,,,1,8200,,,unmatched,,0,,
355,Tl2(SeO4),Pnma,62,Triv.,no,,,NM,,HQ,6,73411 99382 99383 419775 419776 419777,,,unmatched,,0,,
356,K2(VO2F3),Pnma,62,Triv.,no,,,NM,,,2,9122 60621,,,unmatched,,0,,
357,K(P4N7),Pnma,62,Triv.,no,,"b,s",NM,,,1,410630,,,unmatched,,0,,
358,Cs(P4N7),Pnma,62,Triv.,no,,b,NM,,,1,410632,,,unmatched,,0,,
359,CuInO(PO4),Pnma,62,SM,no,,b,FM,,,1,89606,,,unmatched,,0,,
360,Cu(SeO3),Pnma,62,SM,no,,b,FM,,HQ,3,498 51847 97747,,,unmatched,,0,,
361,CrP,Pnma,62,SM,no,,,FM,,,0,,,,unmatched,,0,,
362,MnAs,Pnma,62,TI,no,,,FM,,,0,,,16543,matched,16543,1,As1 Mn1,62
363,MnP,Pnma,62,TI,no,,,FM,,,48,5418 42079 42080 42081 42082 43247 53200 53201 76028 626498 626502 626514 9496 16543 41759 250011 610846 30412 43246 43399 60880 61136 76089 76090 76091 643200 643213 643217 643220 30413 34036 42447 42448 42449 42450 42451 48031 48033 48034 48035 48036 610452 610474 43248 43400 62607 633046 633050,,,unmatched,,0,,
364,FeAs,Pnma,62,SM,no,,,FM,,,0,,,,unmatched,,0,,
365,FeP,Pnma,62,SM,no,,,FM,SC,HQ,0,,,,unmatched,,0,,
366,Na2NiInF7,Pnma,62,Triv.,no,,"b,s",FM,,,1,72110,,,unmatched,,0,,
367,Na2Ni(HPO3)2,Pnma,62,Triv.,yes,Fig.29,b,FM,,,1,247564,,,unmatched,,0,,
368,LiCu2O2,Pnma,62,SM,no,,b,FM,,HQ,3,71221 71683 188111,,188111,matched,188111,1,Cu2 Li1 O2,62
369,Li(Sb2F7),Pnma,62,Triv.,no,,"b,s",NM,,,1,428176,,,unmatched,,0,,
370,FeMg(SiO4),Pnma,62,Triv.,no,,b,FM,,,2,164171 164172,,164171,matched,164171 164172,2,Fe1 Mg1 O4 Si1,62
371,AgCu(VO4),Pnma,62,SM,no,,b,FM,,HQ,2,419201 419202,,,unmatched,,0,,
372,P2O5,Pnma,62,Triv.,no,,"b,s",NM,,,3,16611 29045 79698,,16611,matched,16611,1,O5 P2,62
373,NaZn(MoO4)(OH),Pnma,62,Triv.,no,,b,NM,,,1,9783,,,unmatched,,0,,
374,Pb(V2O6),Pnma,62,Triv.,no,,,NM,,,1,6109,,,unmatched,,0,,
375,NaTaO3,Pnma,62,Triv.,no,,,NM,,,7,980 88375 23319 150430 173757 239690 241443,"980(b,s) 88375(b,s) 150430(b,s) 173757(b,s) 239690(b,s) 241443(b,s)",150430,matched,150430 173757,2,Na1 O3 Ta1,62
376,YTiO3,Pnma,62,SM,no,,b,FM,SC∗,HQ,0,,,174118,matched,174118,1,O3 Ti1 Y1,62
377,Na(NiF3),Pnma,62,Triv.,yes,Fig.29,b,FM,,,18,8150 84608 84609 84610 174118 9008 25533 72319 192140 192142 192144 200062 50388 51285 41280 73759 73760 73761,"50388(b,s) 51285(b,s) 73759(b,s) 73760(b,s) 73761(b,s)",192140,matched,192140 192142 192144 200062,4,F3 Na1 Ni1,62
378,La(GaO3),Pnma,62,Triv.,no,,,NM,,,12,79662 88146 88259 88349 91786 94299 98168 98410 153307 160233 160234 160235,"79662(b,s,l) 88146(b,s) 88259(b,s) 88349(b,s) 91786(b,s) 94299(b,s) 98168(b,s) 98410(b,s) 153307(b,s) 160233(b,s) 160234(b,s) 160235(b,s)",153307,matched,153307 160233 160234 160235 161782,5,Ga1 La1 O3,62
379,La(VO3),Pnma,62,Triv.,no,,"b,s",AFM,,,5,161782 63520 73898 73899 185831,"161782(b,s)",185831,matched,185831,1,La1 O3 V1,62
380,Na(ZnF3),Pnma,62,Triv.,no,,b,NM,,HQ,5,69349 72320 82226 82228 88388,82226(s) 82228(s) 88388(s),,unmatched,,0,,
381,La(MnO3),Pnma,62,Triv.,no,,b,FM,,,0,,,161928,matched,161928 161929 180180 185279,4,La1 Mn1 O3,62
382,Y(CoO3),Pnma,62,Triv.,no,,b,FM,,HQ,19,161928 161929 90424 180180 185279 252946 155834 155835 155836 155837 155838 240462 240463 240464 240465 240466 240467 240468 240469,161928(s) 161929(s) 180180(s),155834,matched,155834 155835 155836 155837 155838,5,Co1 O3 Y1,62
383,Ca(SiO3),Pnma,62,Triv.,no,,"b,s",NM,,,0,,,,unmatched,,0,,
384,Rb(Li(NH2)2),Pnma,62,Triv.,no,,,NM,,,1,95786,,,unmatched,,0,,
385,Sr(VO3)Cl,Pnma,62,Triv.,no,,"b,s",NM,,HQ,1,50787,,,unmatched,,0,,
386,BaCs(VS4),Pnma,62,Triv.,no,,b,NM,,HQ,1,430160,,,unmatched,,0,,
387,MnO2,Pnma,62,SM,no,,b,AFM,,,4,20228 24034 78331 171866,,20228,matched,20228 171866,2,Mn1 O2,62
388,Ca5Sb3,Pnma,62,SM,no,,,NM,,,2,2065 619564,,,unmatched,,0,,
389,Ca5Bi3,Pnma,62,SM,no,,,NM,,,2,2140 616533,,,unmatched,,0,,
390,Y4Ti(SiO4)2OF6,Cmcm,63,Triv.,no,,b,NM,,,1,20003,,20003,matched,20003,1,F6 O9 Si2 Ti1 Y4,63
391,K(FeF4),Cmcm,63,SM,no,,"b,s",FM,,,2,23588 60615,,,unmatched,,0,,
392,(PbF2)7(PbI2),Cmcm,63,Triv.,no,,,NM,,HQ,2,36337 431846,"36337(b,s)",,unmatched,,0,,
393,(CuO2)4,Cmcm,63,SM,no,,"b,s",FM,,HQ,1,54129,,150913,matched,150913,1,Cu1 O2,63
394,BaVS3,Cmcm,63,SM,yes,Fig.29,k∗,,,HQ,1,63228,,,unmatched,,0,,
395,Tl2(AlF5),Cmcm,63,Triv.,no,,,NM,,,1,109365,,109365,matched,109365,1,Al1 F5 Tl2,63
396,CuO2,Cmcm,63,SM,no,,"b,s",FM,,HQ,1,150913,,,unmatched,,0,,
397,Mg(Al2O4),Cmcm,63,Triv.,no,,b,NM,,,1,161057,,161057,matched,161057,1,Al2 Mg1 O4,63
398,LiFeP,Cmcm,63,TI,no,,,NM,,,1,187134,,187134,matched,187134,1,Fe1 Li1 P1,63
399,BaCu2(Ge3O9)(H2O),Cmcm,63,TI,no,,,FM,,,1,424818,,,unmatched,,0,,
400,AlF3,Cmcm,63,Triv.,no,,"k∗,b,s",NM,,HQ,1,202681,,202681,matched,202681,1,Al1 F3,63
401,KFe2S3,Cmcm,63,SM,no,,b,FM,,,2,632396 99507,,,unmatched,,0,,
402,Ca3(VN3),Cmcm,63,Triv.,no,,b,NM,,,1,72118,,,unmatched,,0,,
403,NiSO4,Cmcm,63,Triv.,yes,Fig.29,b,AFM,,,3,16691 16741 33737,,16691,matched,16691 16741,2,Ni1 O4 S1,63
404,Ni(SeO4),Cmcm,63,Triv.,yes,Fig.30,b,FM,,,1,25700,,,unmatched,,0,,
405,TiPO4,Cmcm,63,SM,no,,b,FM,,HQ,2,36520 431885,,,unmatched,,0,,
406,Rb(Fe2Se3),Cmcm,63,SM,no,,,FM,,HQ,1,81547,,,unmatched,,0,,
407,Cs(Fe2Se3),Cmcm,63,SM,no,,,FM,,HQ,2,81549 187535,,187535,matched,187535,1,Cs1 Fe2 Se3,63
408,Cs(Fe2S3),Cmcm,63,SM,no,,b,FM,,HQ,1,99504,,,unmatched,,0,,
409,Tl(Fe2S3),Cmcm,63,SM,no,,b,NM,,HQ,1,166049,,166049,matched,166049,1,Fe2 S3 Tl1,63
410,BaFe2Se3,Cmcm,63,TI,no,,,FM,SC,HQ,2,290594 290596,,,unmatched,,0,,
411,KFe2Se3,Cmcm,63,SM,no,,,FM,,HQ,2,424671 424672,,,unmatched,,0,,
412,TiCu2,Cmcm,63,TI,no,,,NM,,,3,629379 629386 629405,,,unmatched,,0,,
413,K2(NiP2),Cmcm,63,Triv.,no,,,NM,,HQ,1,300119,,,unmatched,,0,,
414,K2(NiAs2),Cmcm,63,Triv.,no,,,NM,,HQ,1,300120,,,unmatched,,0,,
415,Cs2NiP2,Cmcm,63,Triv.,no,,,,,,1,656056,,,unmatched,,0,,
416,Cs2PtSb2,Cmcm,63,Triv.,no,,,NM,,,1,658700,,,unmatched,,0,,
417,Cs2PdSb2,Cmcm,63,Triv.,no,,,NM,,,1,658702,,,unmatched,,0,,
418,Cs2NiBi2,Cmcm,63,Triv.,no,,,,,,1,658704,,,unmatched,,0,,
419,K3Pt2O4,Cmcm,63,SM,no,,"b,s",FM,,,1,14158,,14158,matched,14158,1,K3 O4 Pt2,63
420,KCuZrF7,Cmcm,63,Triv.,no,,"b,s",FM,,,1,92469,,,unmatched,,0,,
421,KCuHfF7,Cmcm,63,Triv.,no,,"b,s",FM,,,1,92470,,,unmatched,,0,,
422,Mg(V2O5),Cmcm,63,TI,no,,b,FM,,HQ,2,50979 50981,,,unmatched,,0,,
423,Li(V2O5),Cmcm,63,SM,no,,"b,s",FM,,HQ,3,50980 50982 201974,,201974,matched,201974,1,Li1 O5 V2,63
424,LiFe(PO4),Cmcm,63,Triv.,no,,b,AFM,,HQ,1,97766,,,unmatched,,0,,
425,LiNi(PO4),Cmcm,63,Triv.,no,,b,AFM,,HQ,1,97767,,,unmatched,,0,,
426,CuMgVO4,Cmcm,63,Triv.,no,,b,NM,,,1,239746,,,unmatched,,0,,
427,Al2La2Ge,Cmcm,63,TI,no,,,NM,,HQ,1,423614,,,unmatched,,0,,
428,Na(NbO3),Cmcm,63,Triv.,no,,"b,s",NM,,,0,,,192404,matched,192404 192405,2,Na1 Nb1 O3,63
429,Na(TaO3),Cmcm,63,Triv.,no,,"b,s",NM,,HQ,12,22065 23323 192404 192405 280098 23321 23320 88376 239691 241444 241445 280099,22065(l) 23321(l),,unmatched,,0,,
430,FeTi2O5,Cmcm,63,TI,no,,b,FM,,,1,37231,,,unmatched,,0,,
431,SrCuO2,Cmcm,63,SM,no,,,NM,SC,,6,16217 77291 83051 93653 202992 670129,,16217,matched,16217,1,Cu1 O2 Sr1,63
432,CuBaO2,Cmcm,63,SM,no,,,,SC,,10,670104 1076 50265 41499 69311 69312 67837 72237 73906 73907,"1076(s,l) 50265(s,l) 69311(s,l) 69312(s,l) 72237(s,l) 73906(s,l) 73907(s,l)",,unmatched,,0,,
433,La2(CuO4),Cmce,64,SM,no,,b,NM,,,24,73908 73909 73910 74145 74150 75891 78194 78237 78287 78288 78289 78290 78291 78292 78293 78294 78295 78296 78297 78298 78299 78300 87969 89173,"73908(s,l) 73909(s,l) 73910(s,l) 74145(s,l) 74150(s,l) 75891(s,l) 78194(s,l) 78237(s,l) 78287(s,l) 78288(s,l) 78289(s,l) 78290(s,l) 78291(s,l) 78292(s,l) 78293(s,l) 78294(s,l) 78295(s,l) 78296(s,l) 78297(s,l) 78298(s,l) 78299(s,l) 78300(s,l) 87969(s,l) 89173(s,l)",1076,matched,1076 173891 173893 173895 186588,5,Cu1 La2 O4,64
434,La2(NiO4),Cmce,64,Triv.,no,,"b,s",AFM,,HQ,12,173891 173893 173895 186588 261661 50244 56318 63398 67838 69754 69752 69755,"173891(s,l) 173893(s,l) 173895(s,l) 186588(s,l) 261661(s,l) 50244(l) 56318(l) 63398(l) 67838(l) 69754(l) 69755(l)",,unmatched,,0,,
435,Rb2CuCl4,Cmce,64,SM,no,,"b,s",FM,,HQ,2,15145 55013,15145(l),15145,matched,15145,1,Cl4 Cu1 Rb2,64
436,Rb2CuCl2Br2,Cmce,64,SM,no,,b,FM,,HQ,1,15147,,15147,matched,15147,1,Br2 Cl2 Cu1 Rb2,64
437,K2CuF4,Cmce,64,SM,no,,"b,s,l∗",FM,,HQ,2,38426 174116,,174116,matched,174116,1,Cu1 F4 K2,64
438,Cs2AgF4,Cmce,64,SM,no,,"b,s,l∗",FM,,,2,155817 155818,,155817,matched,155817 155818,2,Ag1 Cs2 F4,64
439,Ba5Sb4,Cmce,64,Triv.,no,,,NM,,HQ,1,280022,,,unmatched,,0,,
440,Na(IO3),Cmmm,65,TI,yes,"Fig.30(k∗,b,s,l∗)",NM,,,,1,33664,,,unmatched,,0,,
441,Ca(TiO3),Cmmm,65,Triv.,no,,"k∗,b,s,l∗",NM,,,1,187294,,187294,matched,187294,1,Ca1 O3 Ti1,65
442,Na3B20,Cmmm,65,SM,no,,,NM,,HQ,2,407159 410247,,,unmatched,,0,,
443,AuMgO2,Cmmm,65,Triv.,no,,,,,,1,670092,,,unmatched,,0,,
444,Mo2CuGa5,Cmmm,65,TI,no,,,,,,1,670139,,,unmatched,,0,,
445,AlFe2B2,Cmmm,65,SM,no,,,FM,,,7,20322 23205 239296 241907 241908 241909 251811,,,unmatched,,0,,
446,YNi4Si,Cmmm,65,SM,no,,,NM,,,1,290731,,,unmatched,,0,,
447,LaNi4Si,Cmmm,65,SM,no,,,NM,,,1,290732,,,unmatched,,0,,
448,Al3Ni5,Cmmm,65,SM,no,,,NM,,,3,58041 191113 608803,,191113,matched,191113,1,Al3 Ni5,65
449,Ga3Ni5,Cmmm,65,SM,no,,,NM,,,3,103861 634860 634865,,103861,matched,103861,1,Ga3 Ni5,65
450,KSc2F7,Cmmm,65,Triv.,no,,,NM,,HQ,1,47227,,,unmatched,,0,,
451,Li2(MnBr4),Cmmm,65,SM,no,,b,FM,,HQ,1,33865,,,unmatched,,0,,
452,MnPt3O6,Cmmm,65,SM,no,,b,FM,,HQ,1,35337,,,unmatched,,0,,
453,ZnPt3O6,Cmmm,65,Triv.,no,,b,NM,,HQ,1,35339,,,unmatched,,0,,
454,CdPt3O6,Cmmm,65,Triv.,no,,b,NM,,HQ,1,35407,,,unmatched,,0,,
455,K2Na(FeO3),Cmme,67,SM,no,,b,AFM,,,1,36380,,,unmatched,,0,,
456,FeSe,Cmme,67,Triv.,no,,,FM,,,2,182545 169283,,169283,matched,169283 182545,2,Fe1 Se1,67
457,Pb2OFCl,Cmme,67,Triv.,no,,,NM,,HQ,3,200211 200212 200213,,200211,matched,200211 200212 200213,3,Cl1 F1 O1 Pb2,67
458,LiFeAs,Cmme,67,TI,no,,,FM,,,1,168206,,168206,matched,168206,1,As1 Fe1 Li1,67
459,FeSe,Cmme,67,TI,no,,,NM,,HQ,9,166441 169295 169299 169303 169306 169309 169311 169313 169315,,166441,matched,166441 169295 169299 169303 169306 169309 169311 169313 169315,9,Fe1 Se1,67
460,FeSe,Cmme,67,TI,no,,,NM,,HQ,1,169285,,169285,matched,169285,1,Fe1 Se1,67
461,SiO2,Ccce,68,Triv.,no,,"b,s",NM,,,1,170527,,170527,matched,170527,1,O2 Si1,68
462,Cs2Pd3Se4,Fmmm,69,Triv.,no,,"k∗,b",NM,,HQ,1,33892,,,unmatched,,0,,
463,Cs2Ni3S4,Fmmm,69,Triv.,no,,"k∗,b",NM,,,1,627055,,,unmatched,,0,,
464,Rb2Pb(Cu(NO2)6),Fmmm,69,SM,no,,,FM,,HQ,1,372,,,unmatched,,0,,
465,PbK2(Cu(NO2)6),Fmmm,69,SM,no,,,FM,,HQ,1,1274,,1274,matched,1274,1,Cu1 K2 N6 O12 Pb1,69
466,K2Ba(Cu(NO2)6),Fmmm,69,SM,no,,,FM,,HQ,1,1830,,1830,matched,1830,1,Ba1 Cu1 K2 N6 O12,69
467,K2Ca(Cu(NO2)6),Fmmm,69,SM,no,,,FM,,HQ,1,6183,,,unmatched,,0,,
468,Cs2PbCu(NO2)6,Fmmm,69,SM,no,,,,,HQ,4,8284 8285 56252 56253,,,unmatched,,0,,
469,Cu2Cl2O,Fddd,70,TI,no,,b,FM,,,2,1055 96610,,1055,matched,1055,1,Cl2 Cu2 O1,70
470,K4P6,Fddd,70,Triv.,no,,,NM,,HQ,1,33260,,,unmatched,,0,,
471,Cu16O8Cl16,Fddd,70,TI,no,,b,,,,1,430861,,,unmatched,,0,,
472,RbVSe2,Fddd,70,Triv.,no,,"b,s",NM,,HQ,1,415479,,,unmatched,,0,,
473,CaBi2(CO3)2O2,Immm,71,TI,no,,,NM,,HQ,1,94741,,,unmatched,,0,,
474,K3Ir,Immm,71,TI,no,,,,,,1,674660,,,unmatched,,0,,
475,Sr2FeO3,Immm,71,Triv.,no,,,AFM,,HQ,3,251018 251019 251020,,,unmatched,,0,,
476,Sr3(Fe2O5),Immm,71,Triv.,no,,"b,s",FM,,HQ,1,420234,,,unmatched,,0,,
477,Cs(FeS2),Immm,71,TI,no,,"b,s",FM,,,3,25697 53234 201112,,201112,matched,201112,1,Cs1 Fe1 S2,71
478,RbFeS2,Immm,71,TI,no,,"b,s",FM,,,1,633207,,,unmatched,,0,,
479,Li2NiO2,Immm,71,Triv.,no,,b,FM,,,1,25000,,,unmatched,,0,,
480,Li2(CuO2),Immm,71,SM,no,,b,FM,,,9,25001 67204 67205 202996 238945 47106 67150 67151 291072,,,unmatched,,0,,
481,Na2PtO2,Immm,71,Triv.,no,,b,NM,,,1,25018,,,unmatched,,0,,
482,VOCl2,Immm,71,SM,no,,"b,s",FM,,,1,24380,,,unmatched,,0,,
483,VOBr2,Immm,71,SM,no,,"b,s",FM,,,1,24381,,,unmatched,,0,,
484,PtSO4,Ibam,72,Triv.,no,,b,,,,1,671488,,,unmatched,,0,,
485,K2(MnS2),Ibam,72,SM,yes,Fig.30,"b,s",FM,,HQ,1,65453,,,unmatched,,0,,
486,Rb2(MnS2),Ibam,72,SM,yes,Fig.30,"b,s",AFM,,HQ,1,65454,,,unmatched,,0,,
487,Cs2(MnS2),Ibam,72,SM,yes,Fig.30,"b,s",FM,,HQ,1,65455,,,unmatched,,0,,
488,K2(MnSe2),Ibam,72,SM,yes,Fig.30,"b,s",FM,,HQ,1,65456,,,unmatched,,0,,
489,Rb2(MnSe2),Ibam,72,SM,yes,Fig.30,"b,s",FM,,HQ,1,65457,,,unmatched,,0,,
490,Cs2(MnSe2),Ibam,72,SM,yes,Fig.31,"b,s",FM,,HQ,1,65458,,,unmatched,,0,,
491,Rb2(MnTe2),Ibam,72,SM,yes,Fig.31,"b,s",FM,,HQ,1,65460,,,unmatched,,0,,
492,Cs2(MnTe2),Ibam,72,SM,yes,Fig.31,"b,s",FM,,HQ,1,65461,,,unmatched,,0,,
493,K2CoS2,Ibam,72,SM,no,,"b,s",FM,,HQ,3,67387 623958 623960,,,unmatched,,0,,
494,Rb2CoS2,Ibam,72,SM,no,,"b,s",FM,,HQ,1,67388,,,unmatched,,0,,
495,Cs2CoS2,Ibam,72,SM,no,,"b,s",FM,,HQ,1,67389,,,unmatched,,0,,
496,K2CoSe2,Ibam,72,SM,no,,"b,s",FM,,HQ,1,67390,,,unmatched,,0,,
497,Rb2CoSe2,Ibam,72,SM,no,,"b,s",FM,,HQ,1,67391,,,unmatched,,0,,
498,Cs2CoSe2,Ibam,72,SM,no,,"b,s",FM,,HQ,1,67392,,,unmatched,,0,,
499,Na2CoSe2,Ibam,72,SM,no,,"b,s",FM,,,1,624264,,,unmatched,,0,,
500,Na3(AlAs2),Ibam,72,Triv.,no,,b,NM,,HQ,1,63149,,,unmatched,,0,,
501,Na3(AlP2),Ibam,72,Triv.,no,,b,NM,,HQ,2,73278 402081,,,unmatched,,0,,
502,K3(InP2),Ibam,72,Triv.,no,,"b,s",NM,,HQ,2,73281 300141,,,unmatched,,0,,
503,KAg(CO3),Ibca,73,Triv.,no,,,NM,,HQ,5,26632 31021 242236 242239 409484,,,unmatched,,0,,
504,CsMoO2F3,Imma,74,Triv.,no,,,NM,,HQ,1,9710,,,unmatched,,0,,
505,Na4Ni(P2O7)F2,Imma,74,Triv.,no,,b,AFM,,,2,251665 251666,,,unmatched,,0,,
506,MgAlBO4,Imma,74,Triv.,no,,b,,,,1,670206,,,unmatched,,0,,
507,Na2NiGaF7,Imma,74,Triv.,no,,"k∗,b,s",FM,,HQ,1,408111,,,unmatched,,0,,
508,Cs(Pd2F5),Imma,74,Triv.,no,,"b,s",FM,,,1,35284,,,unmatched,,0,,
509,RbPd2F5,Imma,74,Triv.,no,,"b,s",FM,,HQ,1,72299,,,unmatched,,0,,
510,Zn(AlF5)(H2O)2,Imma,74,Triv.,no,,,NM,,HQ,4,245171 15836 26992 65677,15836(b) 26992(b) 65677(b),,unmatched,,0,,
511,LiCuVO4,Imma,74,SM,no,,,FM,,HQ,10,72846 261517 290738 291437 291440 290739 291441 6311 23597 27530,72846(b) 261517(b) 291437(b) 291440(b) 291441(b) 6311(b) 23597(b) 27530(b),15836,matched,15836,1,Cu1 Li1 O4 V1,74
512,Mg2(SiO4),Imma,74,Triv.,no,,,NM,,HQ,15,83784 83785 83786 63178 66490 83787 100725 159955 171064 171065 171066 290205 290206 290207 290208,63178(b) 66490(b) 100725(b) 159955(b) 171064(b) 171065(b) 171066(b) 290205(b) 290206(b) 290207(b) 290208(b),100725,matched,100725 159955 171064 171065 171066,5,Mg2 O4 Si1,74
513,Ca(SiO3),Imma,74,Triv.,no,,"b,s",NM,,,9,670570 240422 240423 240424 240425 240426 240427 240428 240429,670570(b),,unmatched,,0,,
514,K4(CuV5O15Cl),P4,75,SM,no,,"b,s",FM,,HQ,1,401042,,,unmatched,,0,,
515,WOCl4,I4,79,Triv.,no,,,NM,,HQ,2,25519 426524,,,unmatched,,0,,
516,(NH4)(WAgS4),I4̄,82,Triv.,no,,,NM,,HQ,1,84370,,,unmatched,,0,,
517,Cs(As4F13),I4̄,82,Triv.,no,,,NM,,HQ,1,281641,,,unmatched,,0,,
518,RbLa(Si(CN2)4),I4̄,82,Triv.,no,,,NM,,HQ,1,419337,,,unmatched,,0,,
519,ZrF4,P42/m,84,Triv.,no,,,NM,,,1,35100,,,unmatched,,0,,
520,Cs2(V4O9),P42/m,84,Triv.,no,,b,FM,,HQ,1,79408,,,unmatched,,0,,
521,CuCl(B(OH)4),P4/n,85,SM,no,,,FM,,HQ,1,56963,,,unmatched,,0,,
522,(AgF)(BF4),P4/n,85,SM,no,,,NM,,HQ,2,80645 80646,,,unmatched,,0,,
523,(VO)(PO4),P4/n,85,Triv.,no,,b,NM,,HQ,3,425536 77598 108983,,108983,matched,108983,1,O5 P1 V1,85
524,Ca(V4O9),P4/n,85,TI,no,,b,FM,,HQ,2,2556 90927,,,unmatched,,0,,
525,Sr(V4O9),P4/n,85,TI,no,,b,FM,,HQ,1,90926,,,unmatched,,0,,
526,(VO)MoO4,P4/n,85,SM,no,,"b,s",AFM,,HQ,1,27315,,,unmatched,,0,,
527,As2O3,P42/n,86,Triv.,no,,"b,s",NM,,,1,183096,,183096,matched,183096,1,As2 O3,86
528,N4P4Br8,P42/n,86,Triv.,no,,,NM,,,1,2716,,,unmatched,,0,,
529,BaFe2S4,I4/m,87,SM,no,,,FM,,HQ,1,23081,,,unmatched,,0,,
530,Rb2(TeBr6),I4/m,87,Triv.,no,,,NM,,HQ,1,49520,,,unmatched,,0,,
531,Bi4RuI2,I4/m,87,Triv.,no,,,NM,,HQ,1,406949,,,unmatched,,0,,
532,(NH3)4Pd(N3)4Pd,I4/m,87,Triv.,no,,,,,HQ,1,410384,,,unmatched,,0,,
533,VAu4,I4/m,87,SM,no,,,FM,,,1,612460,,,unmatched,,0,,
534,Ni(VO(PO4))2(H2O)4,I4/m,87,TI,no,,,FM,,HQ,1,85597,,,unmatched,,0,,
535,(Co(H2O)4)(VO(PO4))2,I4/m,87,SM,no,,,FM,,HQ,1,281336,,,unmatched,,0,,
536,Sr2Cu(WO6),I4/m,87,SM,no,,"b,s",FM,,,10,33571 72812 88701 99303 186027 190594 193614 291133 291134 291135,,186027,matched,186027 190594 193614,3,Cu1 O6 Sr2 W1,87
537,Sr2CuTeO6,I4/m,87,SM,no,,"b,s",FM,,,2,33573 88702,,,unmatched,,0,,
538,Ba2Cu(WO6),I4/m,87,SM,no,,"b,s",FM,,HQ,1,72813,,,unmatched,,0,,
539,Sr2Fe(WO6),I4/m,87,Triv.,no,,"k∗,b,s",AFM,,,1,78677,,,unmatched,,0,,
540,Ba2Cu(TeO6),I4/m,87,SM,no,,"b,s",FM,,,1,88703,,,unmatched,,0,,
541,Sr2Ni(WO6),I4/m,87,Triv.,yes,Fig.32,"b,s",AFM,,HQ,3,91791 153327 190591,,153327,matched,153327 190591,2,Ni1 O6 Sr2 W1,87
542,Ba2(FeWO6),I4/m,87,Triv.,yes,Fig.32,"k∗,b,s",AFM,,HQ,0,,,,unmatched,,0,,
543,Sr2NiMoO6,I4/m,87,Triv.,no,,"b,s",AFM,,HQ,14,95518 95520 95521 95522 95523 98191 155273 155274 155732 157020 157021 157022 157023 157025,,155273,matched,155273 155274 155732 157020 157021 157022 157023 157025,8,Mo1 Ni1 O6 Sr2,87
544,Sr2(FeMoO6),I4/m,87,Triv.,yes,Fig.32,"b,s",FM,,HQ,9,166816 172212 193690 248460 247539 248461 248462 248463 248464,248460(k),150701,matched,150701 166816 172212 193690,4,Fe1 Mo1 O6 Sr2,87
545,Sr2(FeReO6),I4/m,87,SM,yes,Fig.31,"b,s",FM,,HQ,1,150702,,150702,matched,150702,1,Fe1 O6 Re1 Sr2,87
546,Sr2Mg(WO6),I4/m,87,Triv.,yes,Fig.32,"b,s",NM,,HQ,12,151703 152574 155306 155307 155308 155309 155310 168463 152440 152441 152442 152443,,151703,matched,151703 152574 155306 155307 155308 155309 155310 168463,8,Mg1 O6 Sr2 W1,87
547,Sr2(NiOsO6),I4/m,87,Triv.,no,,"b,s",FM,,HQ,0,,,152440,matched,152440 152441 152442 152443,4,Ni1 O6 Os1 Sr2,87
548,Sr2(CoMoO6),I4/m,87,SM,yes,Fig.31,"b,s",FM,,HQ,3,153544 153545 153546,,153544,matched,153544 153545 153546,3,Co1 Mo1 O6 Sr2,87
549,Sr2(NiMoO6),I4/m,87,TI,no,,"b,s",AFM,,HQ,2,157024 157026,,157024,matched,157024 157026,2,Mo1 Ni1 O6 Sr2,87
550,Sr2GaTaO6,I4/m,87,Triv.,no,,"b,s",NM,,HQ,1,172330,,172330,matched,172330,1,Ga1 O6 Sr2 Ta1,87
551,Sr2NiReO6,I4/m,87,SM,no,,"b,s",FM,,HQ,2,173487 173490,,173487,matched,173487 173490,2,Ni1 O6 Re1 Sr2,87
552,Sr2CoReO6,I4/m,87,TI,yes,Fig.31,"b,s",AFM,,HQ,1,173488,,173488,matched,173488,1,Co1 O6 Re1 Sr2,87
553,Sr2Cu(MoO6),I4/m,87,SM,no,,"b,s",FM,,HQ,1,186038,,186038,matched,186038,1,Cu1 Mo1 O6 Sr2,87
554,Sr2MgMoO6,I4/m,87,Triv.,yes,Fig.32,"b,s",NM,,HQ,1,187662,,187662,matched,187662,1,Mg1 Mo1 O6 Sr2,87
555,Sr2MnMoO6,I4/m,87,SM,yes,Fig.31,"b,s",FM,,HQ,1,187669,,187669,matched,187669,1,Mn1 Mo1 O6 Sr2,87
556,Sr2CoWO6,I4/m,87,SM,yes,Fig.31,"b,s",AFM,,,2,190593 245470,,190593,matched,190593,1,Co1 O6 Sr2 W1,87
557,Sr2CoNbO6,I4/m,87,Triv.,yes,Fig.32,"b,s",,,,1,192327,,192327,matched,192327,1,Co1 Nb1 O6 Sr2,87
558,Sr2CoOsO6,I4/m,87,SM,no,,"b,s",FM,,HQ,2,236435 236436,,,unmatched,,0,,
559,Sr2Li(ReO6),I4/m,87,Triv.,no,,"b,s",NM,,,2,418991 246730,418991(k),,unmatched,,0,,
560,InK(C2O4)2(H2O)4,I41/a,88,Triv.,no,,,NM,,,1,99956,,,unmatched,,0,,
561,Y(Pd2O4),I41/a,88,SM,no,,b,NM,,HQ,1,78846,,,unmatched,,0,,
562,PbPd2O4,I41/a,88,Triv.,yes,Fig.32,b,NM,,HQ,1,263049,,,unmatched,,0,,
563,TlTlCl4,I41/a,88,Triv.,no,,b,NM,,HQ,4,4031 15586 15869 18135,15586(b) 15869(b) 18135(b),,unmatched,,0,,
564,Ca(WO4),I41/a,88,Triv.,no,,,NM,,HQ,13,60547 60548 60549 60550 60551 77335 155423 155791 157428 193047 193491 291535 671942,60547(b) 60548(b) 60549(b) 60550(b) 60551(b) 155423(b) 155791(b) 157428(b) 193047(b) 193491(b) 291535(b) 671942(b),15586,matched,15586 15869 18135 155423 155791 157428 193047 193491,8,Ca1 O4 W1,88
565,Ca(MoO4),I41/a,88,Triv.,no,,,NM,,,15,22351 23699 60552 60553 60554 60555 60556 60557 60558 62219 77334 183446 183447 193793 194078,22351(b) 23699(b) 60552(b) 60553(b) 60554(b) 60555(b) 60556(b) 60557(b) 60558(b) 62219(b) 183447(b) 193793(b) 194078(b),183446,matched,183446 183447 193793 194078 194079,5,Ca1 Mo1 O4,88
566,Zr(GeO4),I41/a,88,Triv.,no,,b,NM,,HQ,3,194079 417513 29262,194079(b) 417513(b),,unmatched,,0,,
567,Hf(GeO4),I41/a,88,Triv.,no,,"b,s",NM,,HQ,1,202080,,202080,matched,202080,1,Ge1 Hf1 O4,88
568,YNbO4,I41/a,88,Triv.,no,,,NM,,,12,239208 239209 430917 430918 430919 430920 430921 430922 162766 162767 162768 186801,,,unmatched,,0,,
569,Bi2ZnTiO6,P4mm,99,Triv.,no,,"b,s",NM,,,0,,,162766,matched,162766 162767 162768 186801,4,Bi2 O6 Ti1 Zn1,99
570,BiFeO3,P4mm,99,SM,no,,"b,s",AFM,,,2,188467 188466,,188466,matched,188466 188467,2,Bi1 Fe1 O3,99
571,LaCoO3,P4mm,99,SM,no,,"b,s",,,,1,673191,,,unmatched,,0,,
572,La1Fe1O3,P4mm,99,SM,no,,"b,s",,,,1,673196,,,unmatched,,0,,
573,BaSiO3,P4mm,99,Triv.,no,,"b,s",,,,1,674089,,,unmatched,,0,,
574,BiAlO3,P4mm,99,Triv.,no,,"b,s",,,,2,674105 673462,,,unmatched,,0,,
575,RbWNO2,P4mm,99,Triv.,no,,"b,s",,,,1,674128,,,unmatched,,0,,
576,Sb2N2O,P4mm,99,Triv.,no,,,,,,1,674157,,,unmatched,,0,,
577,YTlO2S,P4mm,99,Triv.,no,,,,,,1,674170,,,unmatched,,0,,
578,CaSnO2S,P4mm,99,Triv.,no,,,,,,1,674175,,,unmatched,,0,,
579,HfMgO2S,P4mm,99,Triv.,no,,,,,,1,674184,,,unmatched,,0,,
580,YAlO2S,P4mm,99,Triv.,no,,"b,s",,,,1,674195,,,unmatched,,0,,
581,GeAlO2F,P4mm,99,Triv.,no,,"b,s",,,,1,674205,,,unmatched,,0,,
582,KSiO2F,P4mm,99,Triv.,no,,"b,s",,,,1,674212,,,unmatched,,0,,
583,GeGaO2F,P4mm,99,Triv.,no,,,,,,1,674223,,,unmatched,,0,,
584,RbSiO2F,P4mm,99,Triv.,no,,"b,s",,,,1,674238,,,unmatched,,0,,
585,SrZrO3,P4mm,99,Triv.,no,,"b,s",,,,2,674926 188449,,188449,matched,188449,1,O3 Sr1 Zr1,99
586,YBaCuFeO5,P4mm,99,SM,no,,"b,s",FM,,,4,67978 71355 87466 241398,67978(l) 241398(l),,unmatched,,0,,
587,Pb(TiO3),P4mm,99,Triv.,no,,"b,s",NM,,,30,1610 1611 1612 51838 16621 31152 51839 51841 51840 55054 55055 55056 55057 55058 55059 55060 55061 60188 61169 61168 90693 162044 93553 161709 162046 162045 162048 165498 186727 236933,"51838(k) 51839(k,l) 51841(k,l) 61169(k) 162044(k) 162046(k) 165498(k)",1610,matched,1610 1611 1612 16621 161709 162044 162045 162046 162048 165498 186727,11,O3 Pb1 Ti1,99
588,K(NbO3),P4mm,99,Triv.,no,,"k∗,b,s,l∗",NM,,,3,9532 9535 190921,,190921,matched,190921,1,K1 Nb1 O3,99
589,Ba(TiO3),P4mm,99,Triv.,no,,"b,s",NM,,,15,161340 161418 168763 183932 185407 186457 186458 186459 188644 192889 189381 190835 237105 237107 237108,"161340(l) 161418(l) 183932(k,l) 185407(k,l) 186457(k,l) 192889(l) 237105(k) 237107(k) 237108(k)",15453,matched,15453 161340 161418 168763 183932 185407 186457 186458 186459 188644 189381 190835 192889,13,Ba1 O3 Ti1,99
590,Sr(HfO3),P4mm,99,Triv.,no,,"b,s,l∗",NM,,,11,245944 245945 245946 252558 253030 248395 253245 290023 671606 673334 161594,"245944(k,l) 245945(k,l) 245946(k,l) 252558(l) 253030(k,l) 253245(k,l) 290023(k,l) 671606(k,l) 673334(k)",161594,matched,161594,1,Hf1 O3 Sr1,99
591,La1Mn1O3,P4mm,99,Triv.,yes,"Fig.32(k∗,b,s,l∗)",,,,,1,673198,,,unmatched,,0,,
592,CaHfO3,P4mm,99,Triv.,no,,"b,s",,,,1,674068,,,unmatched,,0,,
593,CaTiO3,P4mm,99,Triv.,no,,"b,s",,,,1,674096,,,unmatched,,0,,
594,KWNO2,P4mm,99,Triv.,no,,"b,s",,,,1,674127,,,unmatched,,0,,
595,ZnAlO2F,P4mm,99,Triv.,no,,b,,,,1,674207,,,unmatched,,0,,
596,KSnO2F,P4mm,99,Triv.,no,,"b,s",,,,1,674215,,,unmatched,,0,,
597,(VO)3(AsO3)2,P4bm,100,SM,yes,Fig.33,b,FM,,HQ,1,424067,,,unmatched,,0,,
598,Ba2(TiO)(Si2O7),P4bm,100,Triv.,no,,b,NM,,,9,4451 15715 34453 66628 66629 155316 201844 201845 672977,66628(s) 66629(s),15715,matched,15715 155316 201844 201845,4,Ba2 O8 Si2 Ti1,100
599,Ba2(VO)(Si2O7),P4bm,100,SM,no,,b,FM,,HQ,2,51479 98722,,,unmatched,,0,,
600,K2(Zn6O7),P42nm,102,Triv.,no,,b,NM,,,2,1120 2496,,1120,matched,1120,1,K2 O7 Zn6,102
601,LiSr4Si4N8F,P4nc,104,Triv.,no,,"b,s",,,,1,432269,,,unmatched,,0,,
602,Cu(Sb2O4),P42bc,106,SM,no,,b,FM,,HQ,1,190731,,190731,matched,190731,1,Cu1 O4 Sb2,106
603,Sr2SbMnO6,I4mm,107,Triv.,no,,"b,s",,,HQ,2,39351 190647,,190647,matched,190647,1,Mn1 O6 Sb1 Sr2,107
604,SrCu2(BO3)2,I4cm,108,Triv.,no,,b,FM,,HQ,1,247206,,,unmatched,,0,,
605,Ca5Ge3,I4cm,108,SM,no,,,NM,,,1,181076,,181076,matched,181076,1,Ca5 Ge3,108
606,Li8SeN2,I41md,109,Triv.,no,,,NM,,HQ,3,247255 247256 421252,,,unmatched,,0,,
607,ZnGa2S4,P4̄2m,111,Triv.,no,,b,NM,,,1,635300,,,unmatched,,0,,
608,CdTeMoO6,P4̄21m,113,Triv.,no,,b,NM,,HQ,2,93794 188038,,188038,matched,188038,1,Cd1 Mo1 O6 Te1,113
609,Ca(FeO2),P4̄21m,113,Triv.,no,,,FM,,HQ,2,246244 674880,,,unmatched,,0,,
610,Ca(FeO2),P4̄21m,113,TI,no,,"b,s",AFM,,HQ,1,246245,,,unmatched,,0,,
611,Ca2Zn(Si2O7),P4̄21m,113,Triv.,no,,b,NM,,HQ,3,30262 186944 18114,30262(s) 186944(s),18114,matched,18114 186944,2,Ca2 O7 Si2 Zn1,113
612,Ca2Be(Si2O7),P4̄21m,113,Triv.,no,,"b,s",NM,,HQ,2,31234 94063,,,unmatched,,0,,
613,Sr2Zn(Ge2O7),P4̄21m,113,Triv.,no,,"b,s",NM,,HQ,4,39159 251824 420521 670006,,,unmatched,,0,,
614,Ba2Cu(Ge2O7),P4̄21m,113,SM,no,,"b,s",FM,,,1,77132,,,unmatched,,0,,
615,Sr2Mn(Ge2O7),P4̄21m,113,SM,no,,"b,s",AFM,,HQ,1,84033,,,unmatched,,0,,
616,Ca2Co(Si2O7),P4̄21m,113,SM,no,,b,AFM,,HQ,4,94135 94137 94132 94139,94135(s) 94137(s),,unmatched,,0,,
617,Ba2Cu(Si2O7),P4̄21m,113,SM,no,,"b,s",FM,,HQ,1,97762,,,unmatched,,0,,
618,K2Fe(P2O7),P4̄21m,113,Triv.,no,,,,,HQ,1,191281,,191281,matched,191281,1,Fe1 K2 O7 P2,113
619,K2Cu(P2O7),P4̄21m,113,SM,no,,b,FM,,HQ,1,191282,,191282,matched,191282,1,Cu1 K2 O7 P2,113
620,Sr2Co(Ge2O7),P4̄21m,113,SM,no,,"b,s",AFM,,HQ,2,262398 262399,,,unmatched,,0,,
621,Ba2Co(Si2O7),P4̄21m,113,SM,no,,"b,s",AFM,,HQ,1,281293,,,unmatched,,0,,
622,Ba2Co(Ge2O7),P4̄21m,113,SM,no,,"b,s",AFM,,HQ,4,290483 290484 423350 423351,,,unmatched,,0,,
623,Ba2Zn(Ge2O7),P4̄21m,113,Triv.,no,,"b,s",NM,,HQ,1,420550,,,unmatched,,0,,
624,YBa2CuCu2O6,P4̄m2,115,TI,no,,"b,s",,,,1,63423,,,unmatched,,0,,
625,Pb2OF2,P4̄m2,115,Triv.,no,,b,NM,,,1,76964,,,unmatched,,0,,
626,Mo2CuGa5,P4̄m2,115,Triv.,no,,,,,,1,670138,,,unmatched,,0,,
627,SiO2,P4̄c2,116,Triv.,no,,"b,s",NM,,,1,170532,,170532,matched,170532,1,O2 Si1,116
628,K(NbF6),P4̄c2,116,Triv.,no,,"b,s",NM,,,1,16729,,16729,matched,16729,1,F6 K1 Nb1,116
629,K(BiF6),P4̄c2,116,Triv.,no,,"b,s",NM,,,1,25025,,,unmatched,,0,,
630,SiO2,P4̄n2,118,Triv.,no,,"b,s",NM,,,1,170511,,170511,matched,170511,1,O2 Si1,118
631,RbMnSe2,I4̄m2,119,Triv.,no,,"b,s",FM,,HQ,1,50819,,,unmatched,,0,,
632,BaCu(Si2O6),I4̄m2,119,Triv.,no,,b,,,HQ,1,74633,,,unmatched,,0,,
633,KMnS2,I4̄m2,119,Triv.,no,,"b,s",,,,1,672264,,,unmatched,,0,,
634,KMnSe2,I4̄m2,119,Triv.,no,,"b,s",,,,1,672265,,,unmatched,,0,,
635,KMnTe2,I4̄m2,119,Triv.,no,,"b,s",,,,2,672266 87983,,,unmatched,,0,,
636,RbMnTe2,I4̄m2,119,Triv.,no,,"b,s",FM,,HQ,1,87984,,,unmatched,,0,,
637,KAgO,I4̄m2,119,Triv.,no,,b,,,HQ,3,24818 37324 188525,,188525,matched,188525,1,Ag1 K1 O1,119
638,KCuO,I4̄m2,119,Triv.,no,,,NM,,HQ,2,37325 188522,,188522,matched,188522,1,Cu1 K1 O1,119
639,NaAgO,I4̄m2,119,Triv.,no,,b,NM,,HQ,2,49752 188524,,188524,matched,188524,1,Ag1 Na1 O1,119
640,NaCuO,I4̄m2,119,Triv.,no,,b,NM,,HQ,2,49756 188521,,188521,matched,188521,1,Cu1 Na1 O1,119
641,SrCu2(BO3)2,I4̄c2,120,Triv.,no,,b,,,HQ,1,247205,,,unmatched,,0,,
642,(Ag(XeF2)2)(PF6),I4̄c2,120,Triv.,no,,"b,s",,,HQ,1,412662,,,unmatched,,0,,
643,SrCu2(BO3)2,I4̄2m,121,Triv.,no,,b,FM,,HQ,5,247061 247200 247201 247202 247204,,,unmatched,,0,,
644,AgFe2GaTe4,I4̄2m,121,Triv.,no,,,FM,,HQ,1,192470,,192470,matched,192470,1,Ag1 Fe2 Ga1 Te4,121
645,K(H2PO4),I4̄2d,122,Triv.,no,,b,NM,,HQ,4,66079 30257 76195 87895,,,unmatched,,0,,
646,Cs2(V4O9),I4̄2d,122,Triv.,no,,b,AFM,,HQ,1,79409,,,unmatched,,0,,
647,CO2,I4̄2d,122,Triv.,no,,"b,s",NM,,,3,188890 290503 674668,,188890,matched,188890,1,C1 O2,122
648,AgAlS2,I4̄2d,122,Triv.,no,,,NM,,,4,28744 604692 604694 604698,,,unmatched,,0,,
649,KCoO2,I4̄2d,122,SM,no,,"b,s",FM,,,1,4199,,,unmatched,,0,,
650,SiS2,I4̄2d,122,Triv.,no,,"b,s",NM,,HQ,5,16952 291214 291215 291216 291217,,16952,matched,16952,1,S2 Si1,122
651,CaF2,P4/mmm,123,Triv.,no,,,NM,,,1,51237,,,unmatched,,0,,
652,CsLaNb2O7,P4/mmm,123,Triv.,no,,"b,s",NM,,HQ,1,82378,,,unmatched,,0,,
653,Ba(TiO3),P4/mmm,123,SM,no,,b,NM,,,1,109327,,109327,matched,109327,1,Ba1 O3 Ti1,123
654,MgNiH,P4/mmm,123,SM,no,,b,NM,,,1,187257,,187257,matched,187257,1,H1 Mg1 Ni1,123
655,CsV2OS2,P4/mmm,123,SM,no,,"b,s,l",FM,,,1,430299,,,unmatched,,0,,
656,CaFeO2,P4/mmm,123,SM,no,,"b,s,l",,,,2,674881 173438,,173438,matched,173438,1,Ca1 Fe1 O2,123
657,AlMn,P4/mmm,123,SM,no,,,FM,,,2,57969 608456,,,unmatched,,0,,
658,CdPt,P4/mmm,123,SM,no,,,NM,,,5,102052 102053 620293 620295 620296,,102052,matched,102052 102053,2,Cd1 Pt1,123
659,HgPt,P4/mmm,123,SM,no,,,NM,,,1,104337,,104337,matched,104337,1,Hg1 Pt1,123
660,HgBa2CuO4,P4/mmm,123,SM,no,,"b,s,l",NM,SC,,5,75720 75721 75722 75723 75724,,,unmatched,,0,,
661,Bi2YO4Cl,P4/mmm,123,Triv.,no,,b,NM,,HQ,1,92405,,,unmatched,,0,,
662,Bi2YO4Br,P4/mmm,123,Triv.,no,,b,NM,,HQ,1,92418,,,unmatched,,0,,
663,LaCr2Si2C,P4/mmm,123,SM,no,,"b,s,l",FM,,,1,160691,,160691,matched,160691,1,C1 Cr2 La1 Si2,123
664,BaPd2As2,P4/mmm,123,SM,no,,,NM,,,2,36376 190705,,190705,matched,190705,1,As2 Ba1 Pd2,123
665,Cs2(MnF5),P4/mmm,123,Triv.,no,,,FM,,HQ,1,69675,,,unmatched,,0,,
666,K2(AlF5),P4/mmm,123,Triv.,no,,,NM,,,1,81864,,,unmatched,,0,,
667,Rb2(MnF5),P4/mmm,123,Triv.,no,,,FM,,HQ,1,82218,,,unmatched,,0,,
668,KCu4S3,P4/mmm,123,SM,no,,,NM,SC,HQ,3,602358 23336 602356,"602358(b,s)",,unmatched,,0,,
669,(CuCl)LaTa2O7,P4/mmm,123,SM,no,,"b,s",FM,,HQ,1,51261,,,unmatched,,0,,
670,InPd3,P4/mmm,123,SM,no,,,NM,,,1,59476,,,unmatched,,0,,
671,MnRh2Sb,P4/mmm,123,SM,yes,Fig.33,,FM,,,1,76202,,,unmatched,,0,,
672,Cu2NiZn,P4/mmm,123,TI,no,,,NM,,,1,103079,,103079,matched,103079,1,Cu2 Ni1 Zn1,123
673,AlNi3,P4/mmm,123,SM,no,,,,,,1,107862,,107862,matched,107862,1,Al1 Ni3,123
674,Pd3Tl,P4/mmm,123,SM,no,,,,,,1,108675,,108675,matched,108675,1,Pd3 Tl1,123
675,Pd3V,P4/mmm,123,SM,no,,k∗,FM,,,1,108677,,108677,matched,108677,1,Pd3 V1,123
676,Pt3Al,P4/mmm,123,SM,no,,k∗,NM,,,2,109235 191186,,109235,matched,109235 191186,2,Al1 Pt3,123
677,Pt3In,P4/mmm,123,SM,no,,k∗,NM,,,1,109236,,109236,matched,109236,1,In1 Pt3,123
678,FeNiN,P4/mmm,123,SM,no,,b,FM,,,1,53505,,,unmatched,,0,,
679,PdO,P4/mmm,123,TI,no,,,NM,,,1,28837,,,unmatched,,0,,
680,FeSe,P4/mmm,123,SM,no,,,FM,,,2,53543 633467,,,unmatched,,0,,
681,FeSi2,P4/mmm,123,TI,no,,,FM,,HQ,5,5257 24360 633533 633544 633550,,,unmatched,,0,,
682,FeSi2,P4/mmm,123,TI,no,,,FM,,,1,5258,,,unmatched,,0,,
683,Hg2Rh,P4/mmm,123,SM,no,,,NM,,,1,106786,,106786,matched,106786,1,Hg2 Rh1,123
684,HgMn,P4/mmm,123,SM,no,,,FM,,,1,104323,,104323,matched,104323,1,Hg1 Mn1,123
685,HgNi,P4/mmm,123,SM,no,,,NM,,,2,104332 639119,,104332,matched,104332,1,Hg1 Ni1,123
686,NbRu,P4/mmm,123,SM,no,,,NM,,,2,105222 645296,,105222,matched,105222,1,Nb1 Ru1,123
687,NiZn,P4/mmm,123,SM,no,,,NM,,,3,105469 647134 647137,,105469,matched,105469,1,Ni1 Zn1,123
688,RuTa,P4/mmm,123,SM,no,,,NM,,,4,105995 105996 650691 650692,,105995,matched,105995 105996,2,Ru1 Ta1,123
689,AuMn,P4/mmm,123,SM,no,,,FM,,,1,109349,,109349,matched,109349,1,Au1 Mn1,123
690,SrSi,P4/mmm,123,SM,no,,,,,,1,160108,,160108,matched,160108,1,Si1 Sr1,123
691,MgNi,P4/mmm,123,TI,no,,,NM,,,1,187255,,187255,matched,187255,1,Mg1 Ni1,123
692,K2(PdBr4),P4/mmm,123,Triv.,no,,,NM,,HQ,4,1982 2722 23998 37014,2722(b) 23998(b) 37014(b),1982,matched,1982,1,Br4 K2 Pd1,123
693,K2PtCl4,P4/mmm,123,Triv.,no,,,NM,,HQ,4,37015 68767 60110 68768,37015(b) 68767(b) 68768(b),,unmatched,,0,,
694,K2PdCl4,P4/mmm,123,Triv.,no,,,NM,,HQ,7,65034 65035 39852 65036 68769 73505 73506,65034(b) 65035(b),,unmatched,,0,,
695,K2PtBr4,P4/mmm,123,Triv.,no,,,NM,,HQ,1,6063,,,unmatched,,0,,
696,Cs2(PdCl4),P4/mmm,123,Triv.,no,,,NM,,HQ,1,95813,,,unmatched,,0,,
697,NaAlF4,P4/mmm,123,Triv.,no,,"b,s,l",NM,,,1,20572,,,unmatched,,0,,
698,Rb(FeF4),P4/mmm,123,SM,no,,"b,s,l",FM,,,1,21072,,,unmatched,,0,,
699,Tl(AlF4),P4/mmm,123,Triv.,no,,"b,s,l",NM,,,4,25615 200637 202453 202454,,200637,matched,200637 202453 202454,3,Al1 F4 Tl1,123
700,LaNiO2,P4/mmm,123,SM,no,,"b,s,l",FM,,,2,47123 153058,,153058,matched,153058,1,La1 Ni1 O2,123
701,SrFeO2,P4/mmm,123,SM,no,,"b,s,l",AFM,,HQ,4,173434 418603 418605 418606,,173434,matched,173434,1,Fe1 O2 Sr1,123
702,KCuF3,P4/mmm,123,SM,no,,"k∗,b,s,l",,,,1,27689,,,unmatched,,0,,
703,K(CrF3),P4/mmm,123,Triv.,no,,"b,s,l",FM,,,1,27690,,,unmatched,,0,,
704,Ba(TiO3),P4/mmm,123,Triv.,no,,"k∗,b,s,l",NM,,,24,27965 27966 27967 27968 27969 27974 28620 29146 29148 29280 31884 31885 31886 31887 31888 31889 31890 67519 187292 674386 28584 28585 28586 28587,,187292,matched,187292,1,Ba1 O3 Ti1,123
705,Na(NbO3),P4/mmm,123,Triv.,no,,"k∗,b,s,l",NM,,,0,,,,unmatched,,0,,
706,Pb(TiO3),P4/mmm,123,Triv.,no,,"b,s,l",,,,2,29117 28624,29117(k),,unmatched,,0,,
707,Tl(CuF3),P4/mmm,123,SM,no,,"b,s,l",,,,1,43457,,,unmatched,,0,,
708,Rb(CuF3),P4/mmm,123,SM,no,,"b,s,l",,,,1,109293,,109293,matched,109293,1,Cu1 F3 Rb1,123
709,CsAuCl3,P4/mmm,123,SM,no,,"k∗,b,s,l",NM,,HQ,1,417373,,,unmatched,,0,,
710,SrGaO2F,P4/mmm,123,Triv.,no,,"b,s",,,,1,674208,,,unmatched,,0,,
711,BaAlO2F,P4/mmm,123,Triv.,no,,"b,s",,,,1,674211,,,unmatched,,0,,
712,RbHfO2F,P4/mmm,123,Triv.,no,,"b,s",,,,1,674219,,,unmatched,,0,,
713,YBaMn2O5,P4/mmm,123,SM,no,,"b,s",AFM,,HQ,1,83690,,,unmatched,,0,,
714,LaBaMn2O6,P4/mmm,123,SM,no,,"k∗,b,s,l∗",FM,,HQ,1,150703,,150703,matched,150703,1,Ba1 La1 Mn2 O6,123
715,LaRu2Al2B,P4/mmm,123,TI,no,,"b,s,l",NM,,HQ,1,174342,,174342,matched,174342,1,Al2 B1 La1 Ru2,123
716,CsCa2(Ta3O10),P4/mmm,123,Triv.,no,,"b,s,l",NM,,HQ,1,89011,,,unmatched,,0,,
717,RbSr2(Nb3O10),P4/mmm,123,Triv.,no,,"b,s,l",NM,SC∗,HQ,1,93674,,,unmatched,,0,,
718,CsSr2(Nb3O10),P4/mmm,123,Triv.,no,,"b,s,l",NM,SC,HQ,1,93675,,,unmatched,,0,,
719,CsBa2(Nb3O10),P4/mmm,123,Triv.,no,,"b,s,l",NM,SC∗,HQ,2,93676 671284,,,unmatched,,0,,
720,CsSr2(Ta3O10),P4/mmm,123,Triv.,no,,"b,s,l",NM,,HQ,1,93677,,,unmatched,,0,,
721,RbCa2(Nb3O10),P4/mmm,123,Triv.,no,,"b,s,l",NM,SC∗,HQ,1,260289,,,unmatched,,0,,
722,CsBa2Ta3O10,P4/mmm,123,Triv.,no,,"b,s,l",,,,1,671285,,,unmatched,,0,,
723,RbLa(Ta2O7),P4/mmm,123,Triv.,no,,"b,s",NM,,HQ,1,81870,,,unmatched,,0,,
724,TlYBa2Cu2O7,P4/mmm,123,TI,no,,"b,s,l∗",NM,SC∗,HQ,1,74163,,,unmatched,,0,,
725,Ba2YCu3O6,P4/mmm,123,TI,no,,"b,s",NM,SC∗,HQ,16,63269 63424 66903 67016 68008 68046 68290 72254 84739 203116 75725 75726 75727 75728 75729 83087,,,unmatched,,0,,
726,HgBa2CaCu2O6,P4/mmm,123,TI,no,,"b,s,l∗",NM,SC,,0,,,,unmatched,,0,,
727,SiO2,P4/nbm,125,SM,no,,,NM,,,1,170502,,170502,matched,170502,1,O2 Si1,125
728,SiO2,P4/nbm,125,TI,yes,Fig.33,"b,s",NM,,,1,170538,,170538,matched,170538,1,O2 Si1,125
729,RbAg5Se3,P4/nbm,125,SM,no,,,NM,,HQ,1,50738,,,unmatched,,0,,
730,K8(Tl10Zn),P4/nnc,126,SM,no,,,NM,,,1,165614,,165614,matched,165614,1,K8 Tl10 Zn1,126
731,SiO2,P4/nnc,126,SM,no,,,NM,,,1,170503,,170503,matched,170503,1,O2 Si1,126
732,SiO2,P4/nnc,126,Triv.,no,,,NM,,,1,170537,,170537,matched,170537,1,O2 Si1,126
733,Rb2IN3,P4/mbm,127,Triv.,no,,,NM,,HQ,1,202077,,202077,matched,202077,1,I1 N3 Rb2,127
734,Cs2V3O8,P4/mbm,127,SM,no,,"b,s",,,,1,239713,,,unmatched,,0,,
735,Mn2Hg5,P4/mbm,127,SM,no,,,,SC,,2,670164 104324,,104324,matched,104324,1,Hg5 Mn2,127
736,NaO2,P4/mbm,127,SM,no,,,,,,1,673261,,,unmatched,,0,,
737,Ti3Co5B2,P4/mbm,127,SM,no,,,NM,,,1,20140,,20140,matched,20140,1,B2 Co5 Ti3,127
738,Mn2Ga5,P4/mbm,127,SM,no,,,FM,SC∗,HQ,3,249632 634613 634639,,,unmatched,,0,,
739,Cs3(GeF7),P4/mbm,127,Triv.,yes,Fig.33,,NM,,HQ,1,202917,,,unmatched,,0,,
740,K(AlF4),P4/mbm,127,Triv.,no,,"b,s",NM,,HQ,5,16413 60524 201947 201948 201949,,16413,matched,16413 201947 201948 201949,4,Al1 F4 K1,127
741,Rb(AlF4),P4/mbm,127,Triv.,no,,"b,s",NM,,HQ,3,200638 54120 54121,200638(l),200638,matched,200638,1,Al1 F4 Rb1,127
742,Rb(FeF4),P4/mbm,127,SM,no,,"b,s",FM,,HQ,1,85499,,,unmatched,,0,,
743,(PbCl2)(Pb(CO3)),P4/mbm,127,TI,no,,,,,,1,38358,,,unmatched,,0,,
744,KCuF3,P4/mbm,127,SM,no,,b,FM,,HQ,2,21110 21111,"21110(s,l)",,unmatched,,0,,
745,Na(TaO3),P4/mbm,127,Triv.,no,,"b,s",NM,,HQ,4,23322 88377 239692 280101,23322(l) 280101(l),,unmatched,,0,,
746,Na(NbO3),P4/mbm,127,Triv.,no,,"b,s",NM,,,4,23563 192406 236892 280100,23563(l) 192406(l),192406,matched,192406,1,Na1 Nb1 O3,127
747,NaMgF3,P4/mbm,127,Triv.,no,,"b,s,l∗",NM,,HQ,1,193088,,193088,matched,193088,1,F3 Mg1 Na1,127
748,BaPtLa2O5,P4/mbm,127,Triv.,no,,"b,s",NM,,HQ,2,68794 670385,,,unmatched,,0,,
749,FeMo2B2,P4/mbm,127,SM,no,,,FM,,,2,5431 44292,,,unmatched,,0,,
750,W2FeB2,P4/mbm,127,SM,no,,,FM,,,1,43016,,,unmatched,,0,,
751,InNi2Sc2,P4/mbm,127,SM,no,,,NM,,HQ,1,107333,,107333,matched,107333,1,In1 Ni2 Sc2,127
752,FeNb2B2,P4/mbm,127,SM,no,,,FM,,,1,614047,,,unmatched,,0,,
753,Li2Sr4N8Si4O,P4/mnc,128,Triv.,no,,"b,s",NM,,,1,420677,,,unmatched,,0,,
754,Na3ScF6,P4/mnc,128,Triv.,no,,"b,s",,,,1,671947,,,unmatched,,0,,
755,K2(TeBr6),P4/mnc,128,Triv.,no,,,NM,,,2,37270 65117,,,unmatched,,0,,
756,Tl2(TeBr6),P4/mnc,128,Triv.,no,,,NM,,HQ,1,99127,,,unmatched,,0,,
757,WO3,P4/nmm,129,Triv.,yes,Fig.33,"b,s",NM,,,5,27961 27962 89092 88367 673313,27961(l) 27962(l) 88367(k) 673313(k),,unmatched,,0,,
758,VSe,P4/nmm,129,SM,no,,,NM,,,1,162898,,162898,matched,162898,1,Se1 V1,129
759,CrSe,P4/nmm,129,Triv.,no,,,FM,,,1,162899,,162899,matched,162899,1,Cr1 Se1,129
760,WH4,P4/nmm,129,Triv.,no,,,NM,,,2,247601 247602,,,unmatched,,0,,
761,HfCd,P4/nmm,129,Triv.,no,,,NM,,,1,619964,,,unmatched,,0,,
762,AgLa(TiO4),P4/nmm,129,Triv.,no,,"b,s",NM,,,1,78719,,,unmatched,,0,,
763,Sr2NiO3Cl,P4/nmm,129,SM,no,,"b,s",AFM,,,1,237581,,,unmatched,,0,,
764,Ba2Pb4Br2F10,P4/nmm,129,Triv.,no,,,NM,,,1,411087,,,unmatched,,0,,
765,Ba2Pb4I2F10,P4/nmm,129,Triv.,no,,,NM,,,1,411088,,,unmatched,,0,,
766,BaNiS2,P4/nmm,129,TI,no,,,NM,,,2,15289 246945,,15289,matched,15289,1,Ba1 Ni1 S2,129
767,K(CoO2),P4/nmm,129,TI,no,,,FM,,,1,15770,,15770,matched,15770,1,Co1 K1 O2,129
768,CsLiBr2,P4/nmm,129,Triv.,no,,,NM,,,2,40479 245979,,,unmatched,,0,,
769,BaHfN2,P4/nmm,129,Triv.,no,,,NM,,,7,50994 184052 184053 184054 184055 184056 184057,,184052,matched,184052 184053 184054 184055 184056 184057,6,Ba1 Hf1 N2,129
770,Ba(ZrN2),P4/nmm,129,Triv.,no,,,NM,,,2,74904 74905,,,unmatched,,0,,
771,BaCoS2,P4/nmm,129,SM,no,,,FM,,,1,82639,,,unmatched,,0,,
772,CsAgCl2,P4/nmm,129,Triv.,no,,,NM,,,1,150300,,150300,matched,150300,1,Ag1 Cl2 Cs1,129
773,CsAgBr2,P4/nmm,129,Triv.,no,,,NM,,,1,150302,,150302,matched,150302,1,Ag1 Br2 Cs1,129
774,SrNiS2,P4/nmm,129,TI,no,,,,,,1,673416,,,unmatched,,0,,
775,Ir2YSi2,P4/nmm,129,SM,no,,,NM,,,5,44668 181770 188325 641031 641036,,181770,matched,181770 188325,2,Ir2 Si2 Y1,129
776,Sr2Sb2Se4F2,P4/nmm,129,Triv.,no,,,NM,,,1,171430,,171430,matched,171430,1,F2 Sb2 Se4 Sr2,129
777,Bi2OS2,P4/nmm,129,Triv.,no,,,NM,SC,,1,196230,,196230,matched,196230,1,Bi2 O1 S2,129
778,Ca2Ge2Ni2H2,P4/nmm,129,SM,no,,,NM,,,1,263028,,,unmatched,,0,,
779,CsMnF4,P4/nmm,129,Triv.,no,,"b,s",FM,,,1,14104,,14104,matched,14104,1,Cs1 F4 Mn1,129
780,Fe2As,P4/nmm,129,SM,no,,,FM,,,5,16844 415628 610464 610470 610472,,16844,matched,16844,1,As1 Fe2,129
781,KNaO,P4/nmm,129,Triv.,no,,,NM,,,1,32743,,,unmatched,,0,,
782,FeLiP,P4/nmm,129,SM,no,,,NM,SC,,8,42327 247089 632441 247248 42750 607972 607974 657172,,166456,matched,166456,1,Fe1 Li1 P1,129
783,MnAlGe,P4/nmm,129,TI,no,,,FM,,,0,,,,unmatched,,0,,
784,MnVAs,P4/nmm,129,SM,no,,,FM,,,1,44009,,,unmatched,,0,,
785,NiRhAs,P4/nmm,129,SM,no,,,NM,,,3,44030 187596 601484,,187596,matched,187596,1,As1 Ni1 Rh1,129
786,MgMnGe,P4/nmm,129,SM,no,,,FM,,,5,66952 66948 66953 87116 87117,66952(b) 87116(b) 87117(b),,unmatched,,0,,
787,CaMnSn,P4/nmm,129,SM,no,,,FM,,,3,66958 66959 66950,66958(b) 66959(b),,unmatched,,0,,
788,MnFeAs,P4/nmm,129,TI,no,,,FM,,,3,93237 93238 610492,,,unmatched,,0,,
789,CoLiAs,P4/nmm,129,SM,no,,,NM,,,1,107932,,107932,matched,107932,1,As1 Co1 Li1,129
790,LiFeAs,P4/nmm,129,SM,no,,,FM,SC,,7,162056 162250 163870 166457 290700 610480 169175,,162056,matched,162056 162250 163870 166457 169175,5,As1 Fe1 Li1,129
791,LiFeP,P4/nmm,129,TI,no,,,NM,,,1,166456,,,unmatched,,0,,
792,CoMnSb,P4/nmm,129,SM,no,,,FM,,,4,248374 248375 248376 248377,,,unmatched,,0,,
793,MgCoGe,P4/nmm,129,SM,no,,,NM,,,1,418853,,,unmatched,,0,,
794,MnCuAs,P4/nmm,129,SM,no,,,FM,,,1,423230,,,unmatched,,0,,
795,GaMnGe,P4/nmm,129,SM,no,,,FM,,,2,634253 634255,,,unmatched,,0,,
796,Fe(MoO4)Cl,P4/nmm,129,SM,no,,"b,s",AFM,,,4,49516 202186 202187 202188,,202186,matched,202186 202187 202188,3,Cl1 Fe1 Mo1 O4,129
797,FeWO4Cl,P4/nmm,129,SM,no,,"b,s",AFM,,,1,80798,,,unmatched,,0,,
798,FeSe,P4/nmm,129,SM,no,,,NM,SC∗,,24,26889 162901 163559 163560 163561 163562 165958 165959 165960 169970 182544 185464 196297 196298 977901 977903 42977 43391 81087 182249 182250 238590 633302 182251,,162901,matched,162901 163559 163560 163561 163562 165958 165959 165960 169970 182544 185464 196297 196298,13,Fe1 Se1,129
799,FeS,P4/nmm,129,Triv.,no,,,NM,SC,,0,,,182249,matched,182249 182250 182251,3,Fe1 S1,129
800,FeTe,P4/nmm,129,SM,no,,,FM,,,2,44753 169974,,169974,matched,169974,1,Fe1 Te1,129
801,MnSe,P4/nmm,129,SM,no,,,FM,,,1,162900,,162900,matched,162900,1,Mn1 Se1,129
802,CoSe,P4/nmm,129,SM,no,,,FM,,,1,162902,,162902,matched,162902,1,Co1 Se1,129
803,FeSe,P4/nmm,129,TI,no,,,NM,,,11,169253 169255 169257 169259 169261 169263 169265 169267 169269 169271 290701,,169253,matched,169253 169255 169257 169259 169261 169263 169265 169267 169269 169271,10,Fe1 Se1,129
804,FeTe,P4/nmm,129,TI,no,,,FM,SC∗,,2,180602 633877,,180602,matched,180602,1,Fe1 Te1,129
805,FeSe,P4/nmm,129,Triv.,no,,,FM,,,1,633480,,,unmatched,,0,,
806,K(MoO(PO4)Cl),P4/nmm,129,SM,no,,b,FM,,,1,50988,,,unmatched,,0,,
807,Na2(TiO)(GeO4),P4/nmm,129,Triv.,no,,"b,s",NM,,,3,20129 91546 160148,,20129,matched,20129 160148,2,Ge1 Na2 O5 Ti1,129
808,Li2(VO)(SiO4),P4/nmm,129,SM,no,,b,AFM,,,12,417277 59359 417276 417278 417280 417279 417281 417282 417283 417284 417285 417286,417277(s) 417278(s) 417280(s),,unmatched,,0,,
809,Ag3Cl(CrO4),P4/nmm,129,Triv.,no,,b,NM,,,1,409541,,,unmatched,,0,,
810,LiMnP,P4/nmm,129,SM,no,,,FM,,,1,26458,,,unmatched,,0,,
811,LiMnAs,P4/nmm,129,SM,no,,,FM,,,12,26459 60739 60740 60741 60742 192817 192818 192819 192820 192821 192822 192823,,192817,matched,192817 192818 192819 192820 192821 192822 192823,7,As1 Li1 Mn1,129
812,LiMnSb,P4/nmm,129,SM,no,,,FM,,,1,642150,,,unmatched,,0,,
813,TiSe,P4/nmm,129,SM,no,,,NM,,,1,162897,,162897,matched,162897,1,Se1 Ti1,129
814,SnO,P4/nmm,129,SM,no,,,NM,,,1,185350,,185350,matched,185350,1,O1 Sn1,129
815,BaBrF,P4/nmm,129,Triv.,no,,,NM,,,10,1129 2294 35393 155005 5037 30287 31132 39165 82884 155010,,1129,matched,1129 155005,2,Ba1 Br1 F1,129
816,PbFCl,P4/nmm,129,Triv.,no,,,NM,,,0,,,155010,matched,155010,1,Cl1 F1 Pb1,129
817,PbFBr,P4/nmm,129,Triv.,no,,,NM,,,3,5038 30288 155011,,155011,matched,155011,1,Br1 F1 Pb1,129
818,BiOF,P4/nmm,129,Triv.,no,,,NM,,,2,24096 201620,,201620,matched,201620,1,Bi1 F1 O1,129
819,BiOCl,P4/nmm,129,Triv.,no,,,NM,,,5,24608 29143 74502 195115 185970,,185970,matched,185970 195115,2,Bi1 Cl1 O1,129
820,CaHCl,P4/nmm,129,Triv.,no,,,NM,,,2,25601 37199,,,unmatched,,0,,
821,SrHCl,P4/nmm,129,Triv.,no,,,NM,,,2,25602 37200,,,unmatched,,0,,
822,BaHCl,P4/nmm,129,Triv.,no,,,NM,,,2,25603 37201,,,unmatched,,0,,
823,NaMnP,P4/nmm,129,SM,no,,,FM,,,0,,,,unmatched,,0,,
824,NaMnAs,P4/nmm,129,SM,no,,,FM,,,21,26460 60726 60727 60728 60729 601595 26461 60730 60731 60732 610878 26462 60733 60734 60735 601596 29145 5036 24610 185972 391354,,,unmatched,,0,,
825,NaMnSb,P4/nmm,129,SM,no,,,FM,,,0,,,,unmatched,,0,,
826,BiOI,P4/nmm,129,Triv.,no,,,NM,,,0,,,185972,matched,185972,1,Bi1 I1 O1,129
827,YOCl,P4/nmm,129,Triv.,no,,,NM,,,2,31667 60586,,,unmatched,,0,,
828,KMgSb,P4/nmm,129,Triv.,no,,,NM,,,1,41709,,,unmatched,,0,,
829,RbMnSb,P4/nmm,129,SM,no,,,FM,,,3,41868 643395 643396,,,unmatched,,0,,
830,CsMnSb,P4/nmm,129,SM,no,,,FM,,,3,41869 627027 627028,,,unmatched,,0,,
831,KMnP,P4/nmm,129,SM,no,,,FM,,,3,41882 89592 89593,,,unmatched,,0,,
832,KMnAs,P4/nmm,129,SM,no,,,FM,,,8,41883 60743 60744 60745 42370 66964 66965 615891,,,unmatched,,0,,
833,MnBaGe,P4/nmm,129,SM,no,,,FM,,,0,,,,unmatched,,0,,
834,CaMnGe,P4/nmm,129,SM,no,,,FM,,,3,66957 52758 66956,66957(b),,unmatched,,0,,
835,MnSrGe,P4/nmm,129,SM,no,,,FM,,,3,53707 66960 66961,,,unmatched,,0,,
836,NaMnBi,P4/nmm,129,SM,no,,,FM,,,5,60736 60737 60738 601587 616814,,,unmatched,,0,,
837,CaMnSi,P4/nmm,129,SM,no,,,FM,,,3,66949 66954 66955,,,unmatched,,0,,
838,SrMnSn,P4/nmm,129,SM,no,,,FM,,,3,66951 66962 66963,,,unmatched,,0,,
839,LaMnSi,P4/nmm,129,SM,no,,,FM,,,4,75046 75047 85849 641449,,,unmatched,,0,,
840,MnYSi,P4/nmm,129,TI,no,,,FM,,,2,76235 643705,,,unmatched,,0,,
841,LaMnGe,P4/nmm,129,SM,no,,,FM,,,3,80007 80008 85857,,,unmatched,,0,,
842,LaFeSi,P4/nmm,129,SM,no,,,NM,,,3,85853 632432 656907,,,unmatched,,0,,
843,LaCoGe,P4/nmm,129,Triv.,no,,,FM,,,1,85860,,106471,matched,106471,1,Co1 Ge1 La1,129
844,KMnSb,P4/nmm,129,SM,no,,,FM,,,3,89590 89591 602269,,,unmatched,,0,,
845,RbMnP,P4/nmm,129,SM,no,,,FM,,,3,89594 89595 643229,,,unmatched,,0,,
846,RbMnAs,P4/nmm,129,SM,no,,,FM,,,3,89596 89597 610910,,,unmatched,,0,,
847,CoGeLa,P4/nmm,129,TI,no,,,FM,,,1,106471,,,unmatched,,0,,
848,PbFI,P4/nmm,129,Triv.,no,,,NM,,,6,150194 150195 56667 150193 155012 279599,,150193,matched,150193 150194 150195 155012,4,F1 I1 Pb1,129
849,NaFeAs,P4/nmm,129,SM,no,,,FM,SC,,2,163143 163144,,163143,matched,163143 163144,2,As1 Fe1 Na1,129
850,KMnBi,P4/nmm,129,SM,no,,,FM,,,1,601586,,,unmatched,,0,,
851,KMgAs,P4/nmm,129,Triv.,no,,,NM,,,1,610753,,,unmatched,,0,,
852,CsMnBi,P4/nmm,129,SM,no,,,FM,,,1,616575,,,unmatched,,0,,
853,RbMnBi,P4/nmm,129,SM,no,,,FM,,,1,616824,,,unmatched,,0,,
854,CoLaSi,P4/nmm,129,Triv.,no,,,FM,,,1,624027,,,unmatched,,0,,
855,CoPdP,P4/nmm,129,TI,no,,b,NM,,,1,624599,,,unmatched,,0,,
856,CoLaSi,P4/nmm,129,SM,no,,,FM,,,1,658265,,,unmatched,,0,,
857,BaSnF4,P4/nmm,129,Triv.,no,,"b,s",NM,,,2,166207 673273,,166207,matched,166207,1,Ba1 F4 Sn1,129
858,CsMnAs,P4/nmm,129,SM,no,,,FM,,,3,40572 40573 610293,,,unmatched,,0,,
859,CsMnP,P4/nmm,129,SM,no,,,FM,,,3,89598 89599 627022,,,unmatched,,0,,
860,SrFI,P4/nmm,129,Triv.,no,,,NM,,,2,155009 159280,,155009,matched,155009 159280,2,F1 I1 Sr1,129
861,(Fe2As2)(Sr4Sc2O6),P4/nmm,129,Triv.,no,,"b,s",FM,SC,,1,180528,,180528,matched,180528,1,As2 Fe2 O6 Sc2 Sr4,129
862,(Co2As2)(Sr4Sc2O6),P4/nmm,129,SM,no,,"b,s",,,,1,262356,,,unmatched,,0,,
863,(Co2P2)(Sr4Sc2O6),P4/nmm,129,SM,no,,"b,s",FM,,,1,262357,,,unmatched,,0,,
864,NaKLaNbO5,P4/nmm,129,Triv.,no,,b,NM,,,1,94743,,,unmatched,,0,,
865,LaKNaTaO5,P4/nmm,129,Triv.,no,,b,NM,,,1,419855,,,unmatched,,0,,
866,YOF,P4/nmm,129,Triv.,no,,,NM,,,1,76426,,,unmatched,,0,,
867,LaOF,P4/nmm,129,Triv.,no,,,NM,,,2,430270 76427,430270(b),,unmatched,,0,,
868,BiCuSeO,P4/nmm,129,Triv.,no,,,NM,,,5,74475 75128 189174 262598 674374,,189174,matched,189174,1,Bi1 Cu1 O1 Se1,129
869,LaCoPO,P4/nmm,129,SM,no,,,FM,,,3,80203 161910 161911,,161910,matched,161910 161911,2,Co1 La1 O1 P1,129
870,LaAgSb2,P4/nmm,129,TI,no,,,NM,,,4,95220 95221 95222 95223,,,unmatched,,0,,
871,SrCuFS,P4/nmm,129,Triv.,no,,,NM,,,1,157433,,157433,matched,157433,1,Cu1 F1 S1 Sr1,129
872,LaFePO,P4/nmm,129,Triv.,no,,,FM,,,3,162724 391428 420381,,162724,matched,162724,1,Fe1 La1 O1 P1,129
873,SrFeAsF,P4/nmm,129,Triv.,no,,,FM,SC,,3,162808 163915 168775,,162808,matched,162808 163915 168775,3,As1 F1 Fe1 Sr1,129
874,LaFeAsO,P4/nmm,129,Triv.,no,,,AFM,,,12,163496 163497 163835 163868 173432 180438 180439 180440 184645 192739 421998 602489,,163496,matched,163496 163497 163835 163868 173432 180438 180439 180440 184645 192739,10,As1 Fe1 La1 O1,129
875,SrCuFS,P4/nmm,129,TI,no,,,NM,,,1,172796,,172796,matched,172796,1,Cu1 F1 S1 Sr1,129
876,BaFCuS,P4/nmm,129,Triv.,no,,,NM,,,1,183712,,183712,matched,183712,1,Ba1 Cu1 F1 S1,129
877,SrFMnP,P4/nmm,129,SM,no,,,FM,,,1,189939,,189939,matched,189939,1,F1 Mn1 P1 Sr1,129
878,SrFMnAs,P4/nmm,129,SM,no,,,,,,1,189940,,189940,matched,189940,1,As1 F1 Mn1 Sr1,129
879,SrFMnSb,P4/nmm,129,SM,no,,,FM,,,1,189941,,189941,matched,189941,1,F1 Mn1 Sb1 Sr1,129
880,CrLaAsO,P4/nmm,129,Triv.,no,,,AFM,,,2,237385 237387,,,unmatched,,0,,
881,CrLaAsO,P4/nmm,129,TI,no,,,AFM,,,1,237386,,,unmatched,,0,,
882,BaMnSbF,P4/nmm,129,SM,no,,,FM,,,2,248364 248366,,,unmatched,,0,,
883,BaMnAsF,P4/nmm,129,SM,no,,,,,,1,248365,,,unmatched,,0,,
884,LaMnSbO,P4/nmm,129,SM,no,,,FM,,,1,419355,,,unmatched,,0,,
885,BaMnBiF,P4/nmm,129,SM,no,,,,,,1,426033,,,unmatched,,0,,
886,LaFeSb2,P4/nmm,129,SM,no,,,FM,,,2,657914 657985,,,unmatched,,0,,
887,LaCoSb2,P4/nmm,129,SM,no,,,FM,,,2,657919 657990,,,unmatched,,0,,
888,VZrSi,P4/nmm,129,SM,no,,,NM,,,2,42337 652544,,,unmatched,,0,,
889,LaTiGe,P4/nmm,129,SM,no,,,NM,,,1,107617,,107617,matched,107617,1,Ge1 La1 Ti1,129
890,HfVGe,P4/nmm,129,SM,no,,,NM,,,1,636594,,,unmatched,,0,,
891,HfVSi,P4/nmm,129,SM,no,,,NM,,,1,638931,,,unmatched,,0,,
892,WO3,P4/ncc,130,Triv.,no,,"b,s",,,,4,673314 50732 50733 88366,,,unmatched,,0,,
893,Ca5Ge3,P4/ncc,130,TI,no,,,NM,,,7,181075 67018 15865 56390 68812 68813 68814,67018(s) 68812(s) 68813(s) 68814(s),181075,matched,181075,1,Ca5 Ge3,130
894,CuBi2O4,P4/ncc,130,SM,no,,b,FM,SC,HQ,7,68815 69307 69308 71313 69746 69747 202994,68815(s) 69307(s) 69308(s) 71313(s) 202994(s),15865,matched,15865,1,Bi2 Cu1 O4,130
895,PdBi2O4,P4/ncc,130,Triv.,no,,b,NM,,HQ,1,200145,,200145,matched,200145,1,Bi2 O4 Pd1,130
896,Na2PdCl4,P4/ncc,130,Triv.,no,,b,NM,,HQ,1,202971,,,unmatched,,0,,
897,Sr3(SiO4)O,P4/ncc,130,Triv.,no,,,NM,,,3,418933 18151 28534,418933(b),18151,matched,18151,1,O5 Si1 Sr3,130
898,CaNiN,P42/mmc,131,SM,no,,b,NM,,,2,69044 656846,,,unmatched,,0,,
899,KCuC2,P42/mmc,131,Triv.,no,,,NM,,HQ,2,412037 412038,,,unmatched,,0,,
900,RbCuC2,P42/mmc,131,Triv.,no,,,NM,,HQ,2,412039 412040,,,unmatched,,0,,
901,IrN,P42/mmc,131,Triv.,no,,,NM,,,1,187717,,187717,matched,187717,1,Ir1 N1,131
902,SiO2,P42/mcm,132,Triv.,no,,"b,s",NM,,,1,170500,,170500,matched,170500,1,O2 Si1,132
903,Pb3O4,P42/mbc,135,Triv.,no,,b,NM,,,5,4106 22325 36253 42484 647270,,,unmatched,,0,,
904,Cu(As2O4),P42/mbc,135,SM,yes,Fig.33,b,FM,,HQ,2,4287 16829,,16829,matched,16829,1,As2 Cu1 O4,135
905,FeO(Sb2O3),P42/mbc,135,Triv.,no,,b,FM,,HQ,11,4459 61466 61467 61468 61469 61470 61471 61472 61473 155151 182798,,155151,matched,155151 182798,2,Fe1 O4 Sb2,135
906,FeSb2O4,P42/mbc,135,SM,no,,b,FM,,,2,30350 158916,,158916,matched,158916,1,Fe1 O4 Sb2,135
907,Pb3O4,P42/mbc,135,SM,no,,"b,s",NM,,,1,647261,,,unmatched,,0,,
908,LiSr2(CoN2),P42/mnm,136,SM,no,,b,FM,,HQ,1,72387,,,unmatched,,0,,
909,MoO2,P42/mnm,136,Triv.,no,,b,,,,3,670200 99714 644069,,,unmatched,,0,,
910,Li2S2,P42/mnm,136,Triv.,no,,,,,,1,671853,,,unmatched,,0,,
911,VF2,P42/mnm,136,SM,no,,b,,,,0,,,201245,matched,201245,1,F2 V1,136
912,CoF2,P42/mnm,136,SM,no,,b,,,,15,673336 32552 38069 62768 62769 201245 674847 9167 14144 26604 53987 73460 98785 98786 280604,,14144,matched,14144,1,Co1 F2,136
913,Hf2Cu2In,P42/mnm,136,SM,no,,,,,,1,130032,,130032,matched,130032,1,Cu2 Hf2 In1,136
914,IrIn3,P42/mnm,136,SM,no,,,NM,,HQ,2,407548 639819,,,unmatched,,0,,
915,RhIn3,P42/mnm,136,SM,no,,,NM,SC,HQ,2,407549 640336,,,unmatched,,0,,
916,RhGa3,P42/mnm,136,SM,no,,,NM,,,1,635208,,,unmatched,,0,,
917,ZrNi4P2,P42/mnm,136,SM,no,,,,SC,HQ,2,40435 76681,,,unmatched,,0,,
918,KPd(PS4),P42/mnm,136,Triv.,no,,"b,s",NM,,HQ,1,165315,,165315,matched,165315,1,K1 P1 Pd1 S4,136
919,Li3(BN2),P42/mnm,136,Triv.,no,,b,NM,,,1,71085,,,unmatched,,0,,
920,WOI3,P42/mnm,136,Triv.,no,,"b,s",FM,,HQ,1,65183,,,unmatched,,0,,
921,WOCl3,P42/mnm,136,Triv.,no,,"b,s",FM,,HQ,1,416393,,,unmatched,,0,,
922,K2Na4(Be2O5),P42/mnm,136,Triv.,no,,b,NM,,HQ,1,33849,,,unmatched,,0,,
923,MnO2,P42/mnm,136,SM,yes,Fig.33,b,AFM,,HQ,0,,,20229,matched,20229,1,Mn1 O2,136
924,VO2,P42/mnm,136,SM,no,,b,FM,,HQ,36,393 20229 56006 73716 246888 643186 643187 643197 670198 670366 1504 4110 10141 24926 27482 34418 34420 34421 56003 66665 237337 647613 647637 9169 14146 26606 53981 76270 184219 280605 9423 28711 35327 43461 43739 155831,9423(b) 28711(b) 43461(b) 43739(b) 155831(b),1504,matched,1504 10141,2,O2 V1,136
925,ZnF2,P42/mnm,136,Triv.,no,,b,NM,,HQ,0,,,14146,matched,14146 184219,2,F2 Zn1,136
926,CrO2,P42/mnm,136,Triv.,no,,,FM,,HQ,21,166021 166022 166023 166024 166025 166026 166027 166028 166485 167237 185885 186836 202835 202836 202837 202838 246898 246899 246900 246901 246902,166021(b) 166022(b) 166023(b) 166024(b) 166025(b) 166026(b) 166027(b) 166028(b) 166485(b) 167237(b) 185885(b) 186836(b) 202835(b) 202836(b) 202837(b) 202838(b) 246898(b) 246899(b) 246900(b) 246901(b) 246902(b),155831,matched,155831 166021 166022 166023 166024 166025 166026 166027 166028 166485 167237 185885 186836 202835 202836 202837 202838,17,Cr1 O2,136
927,RuO2,P42/mnm,136,Triv.,no,,b,NM,,HQ,19,626487 670197 15071 23961 51159 56007 84575 84618 108861 172178 236962 236963 290496 647373 647376 647377 670201 670735 671872,626487(b) 670197(b),15071,matched,15071 108861 172178,3,O2 Ru1,136
928,Mg2C,P42/mnm,136,TI,no,,b,,,,1,671332,,,unmatched,,0,,
929,Zn(Sb2O6),P42/mnm,136,Triv.,no,,b,NM,,,2,30409 96612,,,unmatched,,0,,
930,Fe(Sb2O6),P42/mnm,136,SM,no,,b,AFM,,,1,40344,,,unmatched,,0,,
931,Ni(Ta2O6),P42/mnm,136,Triv.,yes,Fig.34,b,FM,,HQ,2,61198 247807,,,unmatched,,0,,
932,NiSb2O6,P42/mnm,136,Triv.,no,,b,AFM,,,2,80802 426852,,,unmatched,,0,,
933,Cu(Ta2O6),P42/mnm,136,SM,yes,Fig.34,b,FM,,,1,83367,,,unmatched,,0,,
934,Cu(Sb2O6),P42/mnm,136,SM,no,,b,FM,,HQ,1,84789,,,unmatched,,0,,
935,Co(Ta2O6),P42/mnm,136,SM,no,,b,AFM,,,4,166673 166674 203095 247812,,166673,matched,166673 166674,2,Co1 O6 Ta2,136
936,Pb2F2O,P42/nmc,137,Triv.,no,,b,NM,,HQ,1,10416,,10416,matched,10416,1,F2 O1 Pb2,137
937,Pb2(ZnF6),P42/ncm,138,Triv.,no,,"b,s",NM,,,2,162073 162074,,162073,matched,162073 162074,2,F6 Pb2 Zn1,138
938,Ba2CuWO6,I4/mmm,139,SM,no,,"b,s",FM,,,1,33569,,,unmatched,,0,,
939,Cs2CuO2,I4/mmm,139,SM,no,,"b,s,l",FM,,HQ,1,39535,,,unmatched,,0,,
940,K4Al2Nb11O20F,I4/mmm,139,Triv.,no,,b,NM,,,1,65738,,,unmatched,,0,,
941,Ba2Cu2(Si4O12),I4/mmm,139,TI,no,,b,FM,,HQ,1,71535,,,unmatched,,0,,
942,CsFe2As2,I4/mmm,139,SM,no,,,FM,SC,,1,74877,,,unmatched,,0,,
943,CrNbF6,I4/mmm,139,SM,no,,"b,s",FM,,HQ,1,75384,,,unmatched,,0,,
944,Sr2Cu2MnO2S2,I4/mmm,139,SM,no,,"b,s,l",AFM,SC,HQ,1,84734,,,unmatched,,0,,
945,V4Zn5,I4/mmm,139,SM,no,,,NM,,,2,106213 653404,,106213,matched,106213,1,V4 Zn5,139
946,LaF3,I4/mmm,139,Triv.,no,,,NM,,,10,167555 155554 164056 96133 96134 190717 190718 190719 182761 190716,,155554,matched,155554 164056 167555,3,F3 La1,139
947,C,I4/mmm,139,Triv.,no,,,NM,,,0,,,182761,matched,182761 190716 190717 190718 190719,5,C1,139
948,CaO2,I4/mmm,139,Triv.,no,,,,,,3,671324 619462 20275,,20275,matched,20275,1,Ca1 O2,139
949,Cu3Ti2,I4/mmm,139,SM,no,,,FM,,,3,103132 629380 629398,,103132,matched,103132,1,Cu3 Ti2,139
950,Al3Nb,I4/mmm,139,SM,no,,,NM,SC,,18,58015 107857 186000 608658 608663 608670 608672 608682 608686 608690 670156 670759 58201 151104 167811 609613 609617 670975,,107857,matched,107857 186000,2,Al3 Nb1,139
951,Al3V,I4/mmm,139,SM,yes,Fig.34,,NM,SC,,0,,,151104,matched,151104 167811,2,Al3 V1,139
952,InPd3,I4/mmm,139,TI,no,,,NM,,,3,247188 247189 420251,,,unmatched,,0,,
953,TlPd3,I4/mmm,139,TI,no,,,NM,,HQ,3,247272 649056 649063,,105729,matched,105729,1,Pd3 Tl1,139
954,CrSi2,I4/mmm,139,SM,no,,,NM,,,1,71499,,,unmatched,,0,,
955,Ag2Sc,I4/mmm,139,SM,no,,,NM,,,2,605791 605793,,,unmatched,,0,,
956,Au2Hf,I4/mmm,139,SM,no,,,NM,,,1,611956,,,unmatched,,0,,
957,Ba2Cu3O4Br2,I4/mmm,139,SM,no,,b,NM,,,2,36128 75576,,,unmatched,,0,,
958,Ba2(ZnF6),I4/mmm,139,Triv.,no,,"b,s,l",NM,,,1,21054,,,unmatched,,0,,
959,TlCo2Se2,I4/mmm,139,SM,no,,,FM,,,0,,,,unmatched,,0,,
960,KCo2Se2,I4/mmm,139,SM,no,,,FM,,,17,67362 95138 95139 95140 95141 625007 674509 67370 182837 182838 623961 89575 203088 615832 615834 615837 670743,,182837,matched,182837 182838,2,Co2 K1 Se2,139
961,BaCu2S2,I4/mmm,139,Triv.,no,,,NM,,HQ,0,,,,unmatched,,0,,
962,TlCo2S2,I4/mmm,139,SM,no,,,FM,,HQ,2,100438 624879,,100438,matched,100438,1,Co2 S2 Tl1,139
963,KFe2S2,I4/mmm,139,SM,no,,,NM,SC∗,,1,186572,,186572,matched,186572,1,Fe2 K1 S2,139
964,KNi2Se2,I4/mmm,139,SM,no,,,FM,SC,HQ,2,424686 641276,,,unmatched,,0,,
965,KNi2S2,I4/mmm,139,SM,no,,,,SC,,2,431754 641273,,,unmatched,,0,,
966,Co2KS2,I4/mmm,139,SM,yes,Fig.34,,FM,,,1,623956,,,unmatched,,0,,
967,Co2RbS2,I4/mmm,139,SM,no,,,FM,,,1,624795,,,unmatched,,0,,
968,Sr2CoO2Cl2,I4/mmm,139,SM,no,,"b,s,l",AFM,,HQ,3,59697 151787 151788,,151787,matched,151787 151788,2,Cl2 Co1 O2 Sr2,139
969,Sr2CoO2Br2,I4/mmm,139,SM,no,,"b,s,l",AFM,,HQ,3,59698 151789 151790,,151789,matched,151789 151790,2,Br2 Co1 O2 Sr2,139
970,Sr3(Co2O5Cl2),I4/mmm,139,TI,yes,Fig.34,"b,s",FM,,HQ,2,90123 91749,,,unmatched,,0,,
971,KO2,I4/mmm,139,SM,no,,,FM,,HQ,4,38245 180563 196755 38138,,180563,matched,180563 196755,2,K1 O2,139
972,CsO2,I4/mmm,139,SM,no,,,FM,,,3,38247 627060 627062,,,unmatched,,0,,
973,BaC2,I4/mmm,139,Triv.,no,,,NM,,,7,56160 88098 88101 168410 186575 615792 615794,,168410,matched,168410 186575,2,C2 Ba1,139
974,RbO2,I4/mmm,139,SM,no,,,FM,,,3,180564 196756 647338,,180564,matched,180564 196756,2,O2 Rb1,139
975,CoO,I4/mmm,139,SM,no,,,AFM,,,2,53059 174027,,174027,matched,174027,1,Co1 O1,139
976,MnN,I4/mmm,139,SM,no,,,FM,,,1,106932,,106932,matched,106932,1,Mn1 N1,139
977,Sr2FeMoO6,I4/mmm,139,Triv.,yes,Fig.35,"b,s",,,,4,169377 94079 151617 184911,169377(k),151617,matched,151617 169377 184911,3,Fe1 Mo1 O6 Sr2,139
978,Ba2(FeReO6),I4/mmm,139,SM,yes,Fig.34,"k∗,b,s",FM,,HQ,1,155174,,155174,matched,155174,1,Ba2 Fe1 O6 Re1,139
979,Sr2VZrO6,I4/mmm,139,SM,yes,Fig.34,"k∗,b,s",FM,,,1,191359,,191359,matched,191359,1,O6 Sr2 V1 Zr1,139
980,Sr2VHfO6,I4/mmm,139,SM,yes,Fig.34,"k∗,b,s",FM,,,1,191360,,191360,matched,191360,1,Hf1 O6 Sr2 V1,139
981,Sr2CoHfO6,I4/mmm,139,SM,no,,"k∗,b,s",FM,,,1,191364,,191364,matched,191364,1,Co1 Hf1 O6 Sr2,139
982,Sr2FeZrO6,I4/mmm,139,Triv.,no,,,,,,1,191365,,191365,matched,191365,1,Fe1 O6 Sr2 Zr1,139
983,Sr2FeHfO6,I4/mmm,139,Triv.,no,,"k∗,b,s",AFM,,,1,191366,,191366,matched,191366,1,Fe1 Hf1 O6 Sr2,139
984,Ba2Fe(MoO6),I4/mmm,139,Triv.,yes,Fig.35,"k∗,b,s",FM,,HQ,4,246541 246542 246543 246544,,,unmatched,,0,,
985,Pb2Co(TeO6),I4/mmm,139,SM,no,,"k∗,b,s",FM,,HQ,1,405782,,,unmatched,,0,,
986,BaBi2Zn,I4/mmm,139,Triv.,no,,,NM,,,1,58638,,,unmatched,,0,,
987,Bi2CdSr,I4/mmm,139,Triv.,no,,,NM,,HQ,1,58764,,,unmatched,,0,,
988,K2CuF4,I4/mmm,139,SM,no,,"b,s,l",FM,,HQ,2,15372 31688,,15372,matched,15372,1,Cu1 F4 K2,139
989,Cs2AgF4,I4/mmm,139,SM,yes,Fig.35,"b,s,l",FM,,,1,16254,,16254,matched,16254,1,Ag1 Cs2 F4,139
990,Cs2CdCl4,I4/mmm,139,Triv.,no,,"b,s,l",,,,1,16576,,16576,matched,16576,1,Cd1 Cl4 Cs2,139
991,(SrO)2TiO2,I4/mmm,139,Triv.,no,,"b,s,l",NM,SC∗,,9,20293 157402 194713 194714 194715 194716 194717 194718 194719,,157402,matched,157402 194713 194714 194715 194716 194717 194718 194719,8,O4 Sr2 Ti1,139
992,K2MnF4,I4/mmm,139,SM,no,,"b,s,l",FM,,,3,23183 23184 33521,,,unmatched,,0,,
993,Sr2(MnO4),I4/mmm,139,SM,no,,"b,s,l",FM,,,3,26560 26561 50794,,,unmatched,,0,,
994,Sr2SnO4,I4/mmm,139,Triv.,no,,"b,s,l",NM,,,6,27114 84245 150387 150388 150389 150390,,150387,matched,150387 150388 150389 150390,4,O4 Sn1 Sr2,139
995,Sr4P2O,I4/mmm,139,Triv.,no,,"b,s,l",NM,,HQ,1,33903,,,unmatched,,0,,
996,Rb2CaH4,I4/mmm,139,Triv.,yes,Fig.35,"b,s,l",NM,,,1,65196,,,unmatched,,0,,
997,K2MgH4,I4/mmm,139,Triv.,yes,Fig.35,"b,s,l",NM,,,1,68358,,,unmatched,,0,,
998,K4OBr2,I4/mmm,139,Triv.,no,,"b,s,l",NM,,HQ,1,68505,,,unmatched,,0,,
999,Ba2(ZrS4),I4/mmm,139,Triv.,no,,"b,s,l",NM,,HQ,2,69853 80651,,,unmatched,,0,,
1000,Cs2HgF4,I4/mmm,139,Triv.,no,,"b,s,l",NM,,,1,72353,,,unmatched,,0,,
1001,Cs2MgH4,I4/mmm,139,Triv.,yes,Fig.35,"b,s,l",NM,,,1,162261,,162261,matched,162261,1,H4 Cs2 Mg1,139
1002,Sr2(CrO4),I4/mmm,139,TI,no,,"b,s,l",FM,,HQ,1,245595,,,unmatched,,0,,
1003,Sr2(CoO4),I4/mmm,139,SM,no,,"b,s,l",AFM,,HQ,1,246483,,,unmatched,,0,,
1004,Rb4Br2O,I4/mmm,139,Triv.,no,,"b,s,l",NM,,HQ,1,411954,,,unmatched,,0,,
1005,K4(Ru2Cl10O),I4/mmm,139,Triv.,no,,,NM,,HQ,1,8054,,,unmatched,,0,,
1006,ScLaSb,I4/mmm,139,TI,no,,,NM,,HQ,1,427126,,,unmatched,,0,,
1007,YNi2B2C,I4/mmm,139,SM,no,,b,NM,SC,,5,41549 75816 79574 83231 89142,,,unmatched,,0,,
1008,Li2Sr(Ta2O7),I4/mmm,139,Triv.,no,,b,NM,,HQ,3,88464 154175 246278,,154175,matched,154175,1,Li2 O7 Sr1 Ta2,139
1009,KCuO,I4/mmm,139,Triv.,no,,,NM,,HQ,1,40158,,,unmatched,,0,,
1010,RbCuO,I4/mmm,139,Triv.,no,,,NM,,HQ,1,40159,,,unmatched,,0,,
1011,Cs(AuO),I4/mmm,139,Triv.,no,,,NM,,HQ,1,409553,,,unmatched,,0,,
1012,Pd3Tl,I4/mmm,139,SM,yes,Fig.35,,NM,,,1,105729,,,unmatched,,0,,
1013,InPd3,I4/mmm,139,SM,yes,Fig.35,,NM,,,3,247194 247195 420250,,,unmatched,,0,,
1014,K2NiO2,I4/mmm,139,Triv.,no,,b,FM,,,2,21069 201891,,201891,matched,201891,1,K2 Ni1 O2,139
1015,Na2(HgO2),I4/mmm,139,Triv.,no,,b,NM,,,2,25511 27409,,,unmatched,,0,,
1016,Rb2(NiO2),I4/mmm,139,Triv.,no,,b,AFM,,HQ,1,66277,,,unmatched,,0,,
1017,Sr2(ZnN2),I4/mmm,139,Triv.,no,,b,NM,,HQ,2,80376 670402,,,unmatched,,0,,
1018,La2PdO4,I4/mmm,139,TI,no,,"b,s,l",NM,,,1,40262,,,unmatched,,0,,
1019,Cs2(PdCl4)I2,I4/mmm,139,SM,no,,,NM,,HQ,1,240484,,,unmatched,,0,,
1020,Rb3(TlF6),I4/mmm,139,Triv.,no,,,NM,,,1,19075,,19075,matched,19075,1,F6 Rb3 Tl1,139
1021,Cs3TlF6,I4/mmm,139,Triv.,no,,,NM,,,1,19076,,19076,matched,19076,1,Cs3 F6 Tl1,139
1022,Rb3YF6,I4/mmm,139,Triv.,yes,Fig.36,,NM,,,1,19077,,19077,matched,19077,1,F6 Rb3 Y1,139
1023,Cs3YF6,I4/mmm,139,Triv.,no,,,NM,,,1,19078,,19078,matched,19078,1,Cs3 F6 Y1,139
1024,RbNa2NiO2,I4/mmm,139,SM,no,,b,FM,,HQ,1,73209,,,unmatched,,0,,
1025,CsK2(CoO2),I4/mmm,139,Triv.,no,,b,AFM,,HQ,1,74889,,,unmatched,,0,,
1026,Co,I4/mmm,139,SM,no,,,,,,1,671035,,,unmatched,,0,,
1027,PbF4,I4/mmm,139,Triv.,no,,"b,s,l",NM,,,2,16795 78895,,16795,matched,16795,1,F4 Pb1,139
1028,(Cu2S2)(Sr2NiO2),I4/mmm,139,TI,no,,"b,s,l",FM,,HQ,1,88424,,,unmatched,,0,,
1029,K3Zn2F7,I4/mmm,139,Triv.,no,,"b,s,l∗",NM,,,2,9925 100299,,100299,matched,100299,1,F7 K3 Zn2,139
1030,K3Cu2F7,I4/mmm,139,Triv.,no,,"b,s,l∗",FM,,HQ,1,15373,,15373,matched,15373,1,Cu2 F7 K3,139
1031,(SrO)3(TiO2)2,I4/mmm,139,Triv.,yes,Fig.36,"b,s,l∗",NM,,,3,20294 34629 63704,,,unmatched,,0,,
1032,Sr3V2O7,I4/mmm,139,TI,no,,"b,s,l∗",FM,,HQ,2,71320 71451,,,unmatched,,0,,
1033,K2Sr(Ta2O7),I4/mmm,139,Triv.,no,,"b,s",NM,,HQ,1,93492,,,unmatched,,0,,
1034,CaCo2Ge2,I4/mmm,139,TI,no,,,NM,,,2,406 81751,,,unmatched,,0,,
1035,CaCo2P2,I4/mmm,139,TI,no,,,FM,SC∗,HQ,0,,,10462,matched,10462,1,Ca1 Co2 P2,139
1036,Co2YB2,I4/mmm,139,SM,no,,,NM,SC,HQ,0,,,,unmatched,,0,,
1037,LaCo2B2,I4/mmm,139,SM,yes,Fig.36,,NM,,HQ,23,10462 85890 85891 85892 619210 23653 55298 602345 613409 613423 41787 55297 181185 182572 182573 423045 613135 44667 181768 181769 188326 600299 641030,,181185,matched,181185 182572 182573,3,B2 Co2 La1,139
1038,Ir2YSi2,I4/mmm,139,SM,no,,,NM,SC,,0,,,181768,matched,181768 181769 188326,3,Ir2 Si2 Y1,139
1039,CaRh2P2,I4/mmm,139,TI,yes,Fig.36,,NM,SC,HQ,1,50185,,,unmatched,,0,,
1040,SrRh2P2,I4/mmm,139,TI,no,,,NM,,HQ,1,50186,,,unmatched,,0,,
1041,LaCo2Si2,I4/mmm,139,SM,yes,Fig.36,,NM,,,2,52999 90777,,,unmatched,,0,,
1042,Co2YSi2,I4/mmm,139,SM,no,,,NM,,,3,53088 427109 625128,,,unmatched,,0,,
1043,LaRh2Ge2,I4/mmm,139,SM,yes,Fig.36,,NM,,,3,55926 81759 636847,,,unmatched,,0,,
1044,YCo2Ge2,I4/mmm,139,SM,no,,,NM,SC,HQ,2,81748 623662,,,unmatched,,0,,
1045,LaCo2Ge2,I4/mmm,139,SM,no,,,FM,,HQ,3,81750 291377 623460,,,unmatched,,0,,
1046,LaCo2P2,I4/mmm,139,SM,no,,,FM,,,4,87581 87582 87583 624010,,,unmatched,,0,,
1047,SrRh2As2,I4/mmm,139,TI,no,,,NM,,,1,165120,,165120,matched,165120,1,As2 Rh2 Sr1,139
1048,CaFe2As2,I4/mmm,139,TI,no,,,AFM,,,8,166016 182277 182278 182279 182276 192309 192310 192311,,166016,matched_by_icsd,166016 182277 182278 182279,4,As2 Ca1 Fe2,139
1049,CaFe2As2,I4/mmm,139,TI,no,,,AFM,SC,,0,,,,unmatched,,0,,
1050,SrRh2As2,I4/mmm,139,TI,no,,,NM,,HQ,1,417002,,,unmatched,,0,,
1051,CaCo2Si2,I4/mmm,139,TI,no,,,NM,,HQ,1,420974,,,unmatched,,0,,
1052,CaFe2Si2,I4/mmm,139,SM,no,,,FM,,HQ,1,425467,,,unmatched,,0,,
1053,LaRh2Si2,I4/mmm,139,SM,no,,,NM,,,7,601417 601614 603880 604623 641747 641750 641752,,,unmatched,,0,,
1054,CaCo2As2,I4/mmm,139,TI,no,,,FM,,,1,609899,,,unmatched,,0,,
1055,Co2LaAs2,I4/mmm,139,SM,no,,,FM,,,1,610073,,,unmatched,,0,,
1056,CsCo2S2,I4/mmm,139,SM,no,,,FM,,,1,622529,,,unmatched,,0,,
1057,CsCo2Se2,I4/mmm,139,SM,no,,,FM,,,1,622533,,,unmatched,,0,,
1058,Co2RbSe2,I4/mmm,139,SM,no,,,FM,,,1,624798,,,unmatched,,0,,
1059,Co2ScSi2,I4/mmm,139,SM,no,,,NM,,,2,624957 624959,,,unmatched,,0,,
1060,Al8Fe4Y,I4/mmm,139,SM,yes,Fig.37,,FM,,,5,57842 240140 240141 607728 607735,,,unmatched,,0,,
1061,Be12Pd,I4/mmm,139,SM,no,,,NM,SC,,1,109314,,109314,matched,109314,1,Be12 Pd1,139
1062,ScFe4Al8,I4/mmm,139,SM,no,,,FM,,HQ,3,240138 240139 607626,,,unmatched,,0,,
1063,Al8Fe4Hf,I4/mmm,139,TI,yes,Fig.36,,FM,,,1,607535,,,unmatched,,0,,
1064,Al8Fe4Zr,I4/mmm,139,TI,yes,Fig.36,,FM,,,1,607756,,,unmatched,,0,,
1065,K(BrF4),I4/mcm,140,Triv.,no,,,FM,,,3,16633 10326 16700,,10326,matched,10326 16633 16700,3,Br1 F4 K1,140
1066,(K(HF2))(IF5)2,I4/mcm,140,Triv.,no,,,NM,,,1,71583,,,unmatched,,0,,
1067,Li5(VO)(PO4)2,I4/mcm,140,TI,no,,b,FM,,,1,245847,,,unmatched,,0,,
1068,Hf2Ge,I4/mcm,140,SM,no,,,NM,,,1,636554,,,unmatched,,0,,
1069,FeSn2,I4/mcm,140,SM,yes,Fig.37,,FM,SC,,15,24570 102800 103636 247483 409909 604017 633753 633760 633761 24571 102799 171198 247482 643736 643742,,102800,matched,102800 103636,2,Fe1 Sn2,140
1070,MnSn2,I4/mcm,140,SM,no,,,FM,SC,,0,,,102799,matched,102799 171198,2,Mn1 Sn2,140
1071,Zr2Si,I4/mcm,140,TI,no,,,NM,SC,,3,24717 42522 652618,,,unmatched,,0,,
1072,FeGe2,I4/mcm,140,SM,yes,Fig.37,,FM,SC,,7,42519 77313 195131 631984 631999 632023 632024,,195131,matched,195131,1,Fe1 Ge2,140
1073,SiHf2,I4/mcm,140,TI,no,,,NM,SC,,2,42523 638912,,,unmatched,,0,,
1074,Hf2Ge,I4/mcm,140,TI,no,,,NM,SC,,3,42524 636547 636548,,,unmatched,,0,,
1075,CoSn2,I4/mcm,140,SM,no,,,NM,SC,,7,102672 108319 247484 409910 625260 625263 625269,,102672,matched,102672 108319,2,Co1 Sn2,140
1076,RuSn2,I4/mcm,140,SM,no,,,NM,,,1,105993,,105993,matched,105993,1,Ru1 Sn2,140
1077,FeSb2,I4/mcm,140,TI,no,,,FM,,,6,186636 186638 186639 186640 186641 186642,,186636,matched,186636 186638 186639 186640 186641 186642,6,Fe1 Sb2,140
1078,Zr2Si,I4/mcm,140,SM,no,,,NM,,,1,652615,,,unmatched,,0,,
1079,Ca5Ge3,I4/mcm,140,SM,yes,Fig.37,,NM,,,3,42139 93704 181074,,181074,matched,181074,1,Ca5 Ge3,140
1080,Ca5Si3,I4/mcm,140,SM,yes,Fig.37,,NM,,HQ,1,93699,,,unmatched,,0,,
1081,Ba3O(SiO4),I4/mcm,140,Triv.,no,,,NM,,HQ,1,1449,,1449,matched,1449,1,Ba3 O5 Si1,140
1082,Tl3CoCl5,I4/mcm,140,SM,no,,"b,s",FM,,,1,10137,,10137,matched,10137,1,Cl5 Co1 Tl3,140
1083,Sr3(AlO4)F,I4/mcm,140,Triv.,no,,b,NM,,HQ,3,50736 195183 195184,,195183,matched,195183 195184,2,Al1 F1 O4 Sr3,140
1084,CsSn2Br5,I4/mcm,140,Triv.,no,,b,NM,,HQ,2,93792 151987,,151987,matched,151987,1,Br5 Cs1 Sn2,140
1085,AgTlI2,I4/mcm,140,Triv.,no,,"b,s",NM,,,1,26318,,,unmatched,,0,,
1086,RbAuF4,I4/mcm,140,Triv.,no,,,NM,,,2,9907 33952,,,unmatched,,0,,
1087,CaPdF4,I4/mcm,140,Triv.,no,,b,NM,,,1,32674,,,unmatched,,0,,
1088,CdCuF4,I4/mcm,140,SM,no,,b,FM,,HQ,1,73478,,,unmatched,,0,,
1089,BaPdF4,I4/mcm,140,Triv.,no,,,NM,,,1,108991,,108991,matched,108991,1,Ba1 F4 Pd1,140
1090,PbPdF4,I4/mcm,140,Triv.,no,,,NM,,,1,108992,,108992,matched,108992,1,F4 Pb1 Pd1,140
1091,Sr(ZrO3),I4/mcm,140,Triv.,yes,Fig.37,"b,s",NM,,HQ,19,1522 89356 89357 89358 89359 89360 89362 89363 89361 89364 188451 290620 674924 56718 182762 182247 182763 182764 248380,89362(l) 89363(l) 89364(l) 56718(l) 182762(l) 182763(l) 182764(l) 248380(l),1522,matched,1522 188451,2,O3 Sr1 Zr1,140
1092,Sr(TiO3),I4/mcm,140,Triv.,no,,"b,s",NM,,,0,,,182247,matched,182247 182762 182763 182764,4,O3 Sr1 Ti1,140
1093,Ca(TiO3),I4/mcm,140,Triv.,no,,"b,s",NM,,HQ,8,290619 673335 153173 162919 162920 162921 162922 162923,290619(l) 153173(l),153173,matched,153173 162919 162920 162921 162922 162923,6,Ca1 O3 Ti1,140
1094,Sr(TcO3),I4/mcm,140,SM,no,,"b,s,l∗",NM,,HQ,1,183452,,183452,matched,183452,1,O3 Sr1 Tc1,140
1095,Ca(SiO3),I4/mcm,140,Triv.,no,,"b,s",NM,,,8,240414 240415 240416 240417 240418 240419 240420 240421,,,unmatched,,0,,
1096,Ca5Sn3H,I4/mcm,140,SM,no,,,NM,,HQ,1,165190,,165190,matched,165190,1,H1 Ca5 Sn3,140
1097,SrCu2(BO3)2,I4/mcm,140,TI,no,,b,FM,,,3,92953 247207 247208,,,unmatched,,0,,
1098,PbSe2,I4/mcm,140,Triv.,no,,,NM,,HQ,1,174577,,174577,matched,174577,1,Pb1 Se2,140
1099,Cl2O,I41/amd,141,Triv.,no,,,NM,,HQ,13,407768 9852 9853 9854 9855 24276 31064 44882 63711 76173 92363 93098 94566,9852(b) 9853(b) 9854(b) 9855(b) 24276(b) 31064(b) 44882(b) 63711(b) 76173(b) 92363(b) 93098(b) 94566(b),,unmatched,,0,,
1100,TiO2,I41/amd,141,Triv.,no,,,NM,,HQ,24,96946 154601 154602 154603 154604 154607 154608 154609 154610 156838 159910 161908 172914 172916 183767 184368 189318 190785 193265 193267 193269 193271 200392 202242,96946(b) 154601(b) 154602(b) 154603(b) 154604(b) 154607(b) 154608(b) 154609(b) 154610(b) 156838(b) 159910(b) 161908(b) 172914(b) 172916(b) 183767(b) 184368(b) 189318(b) 190785(b) 193265(b) 193267(b) 193269(b) 193271(b) 200392(b) 202242(b),154601,matched,154601 154602 154603 154604 154607 154608 154609 154610 156838 159910 161908 172914 172916 183767 184368 189318 190785 193265 193267 193269 193271 200392 202242 202243,24,O2 Ti1,141
1101,Rb4(SbBr6)2,I41/amd,141,Triv.,no,,,NM,,,9,202243 237000 242104 242105 242106 671957 674666 673140 26058,202243(b) 237000(b) 242104(b) 242105(b) 242106(b) 671957(b) 674666(b),,unmatched,,0,,
1102,Cs2(SbCl6),I41/amd,141,Triv.,no,,,NM,,,3,49707 49708 49706,49707(b) 49708(b),,unmatched,,0,,
1103,Fe2(PO4)O,I41/amd,141,SM,no,,b,FM,,HQ,4,80554 80555 108812 108813,,108812,matched,108812 108813,2,Fe2 O5 P1,141
1104,Li3(BN2),I41/amd,141,Triv.,yes,Fig.37,"b,s",NM,,HQ,2,155126 155127,,155126,matched,155126 155127,2,B1 Li3 N2,141
1105,YCrO4,I41/amd,141,SM,no,,b,FM,,,3,26989 95971 157933,,157933,matched,157933,1,Cr1 O4 Y1,141
1106,BaGeGe3O9,P3,143,Triv.,no,,"b,s",NM,,,1,15674,,15674,matched,15674,1,Ba1 Ge4 O9,143
1107,Ba3Si6O9N4,P3,143,Triv.,no,,b,NM,,HQ,1,415918,,,unmatched,,0,,
1108,Na3(ReO5),P31,144,Triv.,no,,,,,HQ,1,36637,,,unmatched,,0,,
1109,CsCd(NO2)3,R3,146,Triv.,no,,,NM,,HQ,1,95536,,,unmatched,,0,,
1110,RbCd(NO2)3,R3,146,Triv.,no,,,NM,,HQ,1,95537,,,unmatched,,0,,
1111,KCd(NO2)3,R3,146,Triv.,no,,,NM,,HQ,1,95538,,,unmatched,,0,,
1112,TlCd(NO2)3,R3,146,Triv.,no,,,NM,,HQ,1,95539,,,unmatched,,0,,
1113,K2Pb2Ge2O7,P3̄,147,Triv.,no,,"b,s",NM,,,1,30247,,,unmatched,,0,,
1114,Zr3O5(SO4),P3̄,147,Triv.,no,,b,NM,,,1,68335,,,unmatched,,0,,
1115,Zr(HPO3)2,P3̄,147,Triv.,no,,b,NM,,HQ,1,74463,,,unmatched,,0,,
1116,Ba(CoPO4)2,P3̄,147,Triv.,no,,b,FM,,HQ,1,250709,,,unmatched,,0,,
1117,Ba(Al2Si2O8),P3̄,147,Triv.,no,,,NM,,HQ,2,191252 188056,"191252(b,s)",188056,matched,188056 191252,2,Al2 Ba1 O8 Si2,147
1118,CsFe(MoO4)2,P3̄,147,SM,yes,Fig.38,"b,s",FM,,,1,191592,,191592,matched,191592,1,Cs1 Fe1 Mo2 O8,147
1119,CsFe(SO4)2,P3̄,147,SM,no,,b,AFM,,,1,245667,,,unmatched,,0,,
1120,RbAg2Fe(VO4)2,P3̄,147,SM,yes,Fig.38,"b,s",AFM,,HQ,2,194588 194589,,194588,matched,194588 194589,2,Ag2 Fe1 O8 Rb1 V2,147
1121,Na2BaMgP2O8,P3̄,147,Triv.,no,,b,NM,,HQ,1,262716,,,unmatched,,0,,
1122,Zn(ReO4)2,P3̄,147,Triv.,yes,Fig.38,"b,s",NM,,,1,51017,,,unmatched,,0,,
1123,Li14Cr2N8O,P3̄,147,Triv.,no,,b,NM,,HQ,2,66098 151435,,151435,matched,151435,1,Cr2 Li14 N8 O1,147
1124,Li14(PON3)2O,P3̄,147,Triv.,no,,,NM,,HQ,1,428737,,,unmatched,,0,,
1125,Na2(SO3),P3̄,147,Triv.,no,,,,,,2,4432 31816,,,unmatched,,0,,
1126,Mn(TiO3),R3̄,148,TI,yes,Fig.38,b,AFM,,HQ,3,60006 171579 184649,,171579,matched,171579 184649,2,Mn1 O3 Ti1,148
1127,NiPbF6,R3̄,148,Triv.,no,,"b,s",FM,,,1,15108,,15108,matched,15108,1,F6 Ni1 Pb1,148
1128,LiMgAlF6,P321,150,Triv.,no,,b,NM,,,1,5007,,,unmatched,,0,,
1129,AlF3,P321,150,Triv.,no,,"k∗,b,s",NM,,,1,29131,,,unmatched,,0,,
1130,Sr3(NbGa3Si2O14),P321,150,Triv.,no,,"b,s",NM,,,1,181650,,181650,matched,181650,1,Ga3 Nb1 O14 Si2 Sr3,150
1131,Pb3Ga2Ge4O14,P321,150,Triv.,yes,Fig.38,"b,s",NM,,HQ,1,250123,,,unmatched,,0,,
1132,Ba3Ga2Ge4O14,P321,150,Triv.,no,,"b,s",NM,,HQ,1,250124,,,unmatched,,0,,
1133,Sr3Zn3TeP2O14,P321,150,Triv.,no,,b,NM,,,1,252309,,,unmatched,,0,,
1134,Ba3Zn3TeP2O14,P321,150,Triv.,no,,b,NM,,,10,252310 27745 29122 31048 67117 67121 40009 67122 67123 67124,"27745(b,s) 29122(b,s) 31048(b,s) 67117(b,s) 67121(b,s) 67122(b,s) 67123(b,s) 67124(b,s)",,unmatched,,0,,
1135,SiO2,P3121,152,Triv.,no,,,NM,,HQ,27,67125 67126 74529 79634 79635 79636 79637 89658 89659 89660 89661 90145 93974 153453 153454 154289 200721 200722 200723 200724 200725 200726 200727 200728 200729 201352 201353,"67125(b,s) 67126(b,s) 74529(b,s) 79634(b,s) 79635(b,s) 79636(b,s) 79637(b,s) 89658(b,s) 89659(b,s) 89660(b,s) 89661(b,s) 90145(b,s) 93974(b,s) 153453(b,s) 153454(b,s) 154289(b,s) 200721(b,s) 200722(b,s) 200723(b,s) 200724(b,s) 200725(b,s) 200726(b,s) 200727(b,s) 200728(b,s) 200729(b,s) 201352(b,s) 201353(b,s)",153453,matched,153453 153454 154289 200721 200722 200723 200724 200725 200726 200727 200728 200729 201352 201353 201354,15,O2 Si1,152
1136,GeO2,P3121,152,Triv.,no,,"b,s",NM,,,34,201354 247141 670929 53869 53870 59624 59625 59626 59627 59628 59629 59630 59631 59632 59633 59634 59635 59636 59637 59639 79638 79639 79640 79641 79642 79643 79644 200730 200731 200732 200733 200734 200735 200736,"201354(b,s) 247141(b,s)",200730,matched,200730 200731 200732 200733 200734 200735 200736,7,Ge1 O2,152
1137,Tl(NO2),P3121,152,Triv.,no,,,NM,,,2,50325 50326,,,unmatched,,0,,
1138,KBe2(BO3)F2,R32,155,Triv.,no,,,NM,,HQ,2,77277 155156,,155156,matched,155156,1,B1 Be2 F2 K1 O3,155
1139,CsBe2BO3F2,R32,155,Triv.,no,,,NM,,HQ,2,247622 260440,,,unmatched,,0,,
1140,Na2Ca3Ta2O9,R32,155,Triv.,no,,b,NM,,HQ,1,280154,,,unmatched,,0,,
1141,YAl3(BO3)4,R32,155,Triv.,no,,b,NM,,HQ,4,20223 91962 187082 674788,,20223,matched,20223 187082,2,Al3 B4 O12 Y1,155
1142,NaK(BH4)2,P3m1,156,Triv.,no,,,NM,,,1,163376,,163376,matched,163376,1,H8 B2 K1 Na1,156
1143,NiO(OH),P3m1,156,SM,no,,b,FM,,,1,169980,,169980,matched,169980,1,H1 Ni1 O2,156
1144,LiInMo3O8,P3m1,156,Triv.,no,,b,NM,,,1,30579,,,unmatched,,0,,
1145,Cs3(As5O9),P31m,157,Triv.,no,,"b,s",NM,,HQ,1,413151,,,unmatched,,0,,
1146,K3(V5O14),P31m,157,Triv.,no,,"b,s",NM,,HQ,2,24068 248227,,,unmatched,,0,,
1147,Rb3(V5O14),P31m,157,Triv.,no,,"b,s",NM,,HQ,2,248228 420851,,,unmatched,,0,,
1148,Mg3(Si2O5)(OH)4,P31m,157,Triv.,no,,"b,s",NM,,HQ,11,17046 67332 67333 75933 75934 87436 87438 163889 163890 202358 245887,87438(k) 202358(k) 245887(k),17046,matched,17046 163889 163890 202358,4,H4 Mg3 O9 Si2,157
1149,Si3N4,P31c,159,Triv.,no,,,NM,,,12,26191 34096 16752 35560 35561 35562 35563 35564 35565 77811 79797 90146,26191(b) 34096(b) 35560(b) 35561(b) 35562(b) 35563(b) 35564(b) 35565(b) 77811(b) 79797(b) 90146(b),16752,matched,16752,1,N4 Si3,159
1150,Rb2(TeW3O12),P31c,159,Triv.,no,,"k∗,b",NM,,,4,92156 239369 644683 97507,92156(b) 239369(b) 644683(b),,unmatched,,0,,
1151,Tl2(MoO3)3(SeO3),P31c,159,Triv.,no,,"k∗,b,s",NM,,,1,167531,,167531,matched,167531,1,Mo3 O12 Se1 Tl2,159
1152,KAl(SiO4),P31c,159,Triv.,no,,"b,s",NM,,HQ,1,83449,,,unmatched,,0,,
1153,Si3N4,P31c,159,SM,no,,b,FM,,,2,159207 187735,,159207,matched,159207 187735,2,N4 Si3,159
1154,K3MnO4CrO4,R3m,160,Triv.,no,,"k∗,b",NM,,HQ,1,26803,,,unmatched,,0,,
1155,Cd(CN2),R3m,160,Triv.,no,,,,,HQ,1,95265,,,unmatched,,0,,
1156,Bi2O3,R3m,160,Triv.,no,,"b,s",NM,,,1,168810,,168810,matched,168810,1,Bi2 O3,160
1157,C3N4,R3m,160,Triv.,no,,"k∗,b",NM,,,4,246660 673898 674277 674292,,,unmatched,,0,,
1158,CrO(OH),R3m,160,SM,no,,,AFM,,HQ,3,1372 64754 88574,,1372,matched,1372,1,H1 Cr1 O2,160
1159,NaVS2,R3m,160,Triv.,no,,b,FM,,,1,644994,,,unmatched,,0,,
1160,FeAl2S4,R3m,160,Triv.,no,,b,,,,1,607619,,,unmatched,,0,,
1161,Y(HCOO)3,R3m,160,Triv.,no,,,NM,,,1,109739,,109739,matched,109739,1,C3 H3 O6 Y1,160
1162,K2Na(Ag(CN)2)3,P3̄1m,162,Triv.,yes,Fig.38,"k,b",NM,,HQ,1,65699,,,unmatched,,0,,
1163,SiO2,P3̄1m,162,TI,no,,"k∗,b,s",NM,,,1,170552,,170552,matched,170552,1,O2 Si1,162
1164,Hg2(As2O6),P3̄1m,162,Triv.,no,,"b,s",,,HQ,1,411230,,,unmatched,,0,,
1165,Ag3(Co(CN)6),P3̄1m,162,Triv.,no,,"k,b",NM,,,2,16959 28501,,16959,matched,16959,1,C6 Ag3 Co1 N6,162
1166,Ag3(Fe(CN)6),P3̄1m,162,SM,no,,"k,b",FM,,,2,173552 173553,,173552,matched,173552 173553,2,C6 Ag3 Fe1 N6,162
1167,Cd(Sb2O6),P3̄1m,162,Triv.,yes,Fig.38,b,NM,,HQ,1,71028,,,unmatched,,0,,
1168,Ca(Sb2O6),P3̄1m,162,Triv.,no,,"b,s",NM,,HQ,1,74539,,,unmatched,,0,,
1169,Sr(Sb2O6),P3̄1m,162,Triv.,no,,"b,s",NM,,HQ,1,74540,,,unmatched,,0,,
1170,Co(AsO3)2,P3̄1m,162,SM,no,,b,AFM,,HQ,1,80350,,,unmatched,,0,,
1171,SrRu2O6,P3̄1m,162,Triv.,no,,"b,s",AFM,,HQ,1,248351,,,unmatched,,0,,
1172,Cd(As2O6),P3̄1m,162,Triv.,no,,"b,s",NM,,HQ,1,280576,,,unmatched,,0,,
1173,K(Ag(CN)2),P3̄1c,163,Triv.,yes,Fig.38,"k∗,b",NM,,,1,30275,,,unmatched,,0,,
1174,SiO2,P3̄1c,163,SM,no,,,NM,,,1,170495,,170495,matched,170495,1,O2 Si1,163
1175,CdZn2KB2O6F,P3̄1c,163,Triv.,no,,b,NM,,HQ,1,248025,,,unmatched,,0,,
1176,(Ag3(H2O)3)(K(CN)2)3,P3̄1c,163,Triv.,no,,k∗,,,,1,248371,,,unmatched,,0,,
1177,Na2Al2(B2O7),P3̄1c,163,Triv.,no,,b,NM,,HQ,5,93389 237154 237155 237156 237157,93389(s),,unmatched,,0,,
1178,Ti3O,P3̄1c,163,SM,yes,Fig.39,"b,s",,,,2,20041 24082,,20041,matched,20041,1,O1 Ti3,163
1179,Cu3Zn(OH)6Cl2,P3̄m1,164,SM,no,,"k,b",,,HQ,1,162099,,162099,matched,162099,1,H6 Cl2 Cu3 O6 Zn1,164
1180,Ba2(BO3)Br,P3̄m1,164,Triv.,no,,,,,HQ,1,190941,,190941,matched,190941,1,B1 Ba2 Br1 O3,164
1181,Cu3MgCl2(OH)6,P3̄m1,164,SM,no,,"k,b",,,HQ,1,240663,,,unmatched,,0,,
1182,POF3,P3̄m1,164,Triv.,yes,Fig.39,,,,HQ,1,250498,,,unmatched,,0,,
1183,Zn(B(CN)4)2,P3̄m1,164,Triv.,no,,b,NM,,HQ,1,415547,,,unmatched,,0,,
1184,Ba3MnNb2O9,P3̄m1,164,SM,no,,"k,b,s",AFM,,HQ,2,171479 239731,,171479,matched,171479,1,Ba3 Mn1 Nb2 O9,164
1185,Sr3MgTa2O9,P3̄m1,164,Triv.,no,,"k,b,s",NM,,,1,194992,,194992,matched,194992,1,Mg1 O9 Sr3 Ta2,164
1186,Ba6IrNb2O12Cl2,P3̄m1,164,SM,no,,"k∗,b,s",FM,,HQ,1,40693,,,unmatched,,0,,
1187,Ba5(Nb4O15),P3̄m1,164,Triv.,no,,"k,b,s",NM,,HQ,3,95192 157477 674451,,157477,matched,157477,1,Ba5 Nb4 O15,164
1188,Mn(OH)2,P3̄m1,164,SM,no,,,AFM,,,1,23591,,,unmatched,,0,,
1189,ReTi2,P3̄m1,164,SM,no,,,NM,,,1,168953,,168953,matched,168953,1,Re1 Ti2,164
1190,TiS2,P3̄m1,164,Triv.,no,,b,NM,SC∗,,18,26861 41663 52195 91579 174489 181500 601182 601315 603788 604416 651178 651186 651201 651203 651207 651212 651214 651217,,174489,matched,174489 181500,2,S2 Ti1,164
1191,MnI2,P3̄m1,164,SM,no,,b,FM,,,1,33673,,,unmatched,,0,,
1192,MnBr2,P3̄m1,164,SM,no,,b,FM,,,1,60250,,,unmatched,,0,,
1193,NbS2,P3̄m1,164,SM,no,,b,NM,,,2,237032 250594,,,unmatched,,0,,
1194,CrSe2,P3̄m1,164,TI,no,,b,FM,,,1,626718,,,unmatched,,0,,
1195,Cs(Cu3O2),P3̄m1,164,Triv.,no,,"k,b,s",NM,,HQ,1,413342,,,unmatched,,0,,
1196,Fe2Si,P3̄m1,164,TI,no,,,FM,,,1,161133,,161133,matched,161133,1,Fe2 Si1,164
1197,FeGa2S4,P3̄m1,164,Triv.,no,,b,FM,,HQ,2,100706 602041,,100706,matched,100706,1,Fe1 Ga2 S4,164
1198,K2RhF6,P3̄m1,164,SM,no,,k∗,FM,,,1,28779,,,unmatched,,0,,
1199,Rb2(RhF6),P3̄m1,164,SM,no,,k∗,FM,,,1,28780,,,unmatched,,0,,
1200,Tl2(SnF6),P3̄m1,164,Triv.,no,,k∗,NM,,HQ,1,410801,,,unmatched,,0,,
1201,NaTl3(SO3)2,P3̄m1,164,Triv.,no,,,NM,,HQ,1,1626,,1626,matched,1626,1,Na1 O6 S2 Tl3,164
1202,Tl2(WO4),P3̄m1,164,Triv.,no,,"k∗,b",NM,,HQ,1,8212,,,unmatched,,0,,
1203,Na2(SO4),P3̄m1,164,SM,yes,Fig.39,,FM,,,1,27955,,,unmatched,,0,,
1204,KNa(SO4),P3̄m1,164,Triv.,no,,,NM,,,1,77343,,,unmatched,,0,,
1205,K3V(VO4)2,P3̄m1,164,Triv.,no,,"k∗,b,s",AFM,,HQ,1,100782,,100782,matched,100782,1,K3 O8 V3,164
1206,Ca2(GeO4),P3̄m1,164,Triv.,yes,Fig.39,"k∗,b",NM,,,1,182051,,182051,matched,182051,1,Ca2 Ge1 O4,164
1207,Ca2(SiO4),P3̄m1,164,Triv.,yes,Fig.39,"k∗,b",NM,,,1,182052,,182052,matched,182052,1,Ca2 O4 Si1,164
1208,Tl2(MoO4),P3̄m1,164,Triv.,no,,,NM,,HQ,1,280056,,,unmatched,,0,,
1209,RbIn(WO4)2,P3̄m1,164,Triv.,yes,Fig.40,"k∗,b",NM,,,1,24859,,,unmatched,,0,,
1210,KAl(MoO4)2,P3̄m1,164,Triv.,no,,"k∗,b,s",NM,,HQ,1,28018,,,unmatched,,0,,
1211,KSc(MoO4)2,P3̄m1,164,Triv.,no,,"k∗,b,s",NM,,HQ,1,28019,,,unmatched,,0,,
1212,KFe(MoO4)2,P3̄m1,164,SM,yes,Fig.39,"k∗,b,s",AFM,,HQ,1,153864,,153864,matched,153864,1,Fe1 K1 Mo2 O8,164
1213,BaZr(PO4)2,P3̄m1,164,Triv.,no,,"k∗,b",NM,,HQ,1,173842,,173842,matched,173842,1,Ba1 O8 P2 Zr1,164
1214,CsV(MoO4)2,P3̄m1,164,Triv.,no,,"k∗,b,s",AFM,,HQ,1,202907,,202907,matched,202907,1,Cs1 Mo2 O8 V1,164
1215,RbFe(MoO4)2,P3̄m1,164,SM,yes,Fig.39,"k∗,b,s",FM,,,2,245665 250409,,,unmatched,,0,,
1216,CsFe(MoO4)2,P3̄m1,164,SM,yes,Fig.39,"k∗,b,s",FM,,HQ,1,260887,,,unmatched,,0,,
1217,Li2MnO2,P3̄m1,164,SM,no,,,FM,,HQ,1,37327,,,unmatched,,0,,
1218,CaMn2As2,P3̄m1,164,TI,no,,,FM,,HQ,2,41792 609906,,,unmatched,,0,,
1219,CaMn2P2,P3̄m1,164,TI,no,,,FM,,HQ,1,49017,,,unmatched,,0,,
1220,SrMn2P2,P3̄m1,164,TI,no,,,FM,,HQ,3,49019 77669 77670,,,unmatched,,0,,
1221,LiCrS2,P3̄m1,164,SM,no,,,FM,,,1,150674,,150674,matched,150674,1,Cr1 Li1 S2,164
1222,LiTiS2,P3̄m1,164,SM,no,,,FM,,HQ,2,200709 642322,,200709,matched,200709,1,Li1 S2 Ti1,164
1223,LiCrSe2,P3̄m1,164,SM,no,,,,,,1,252879,,,unmatched,,0,,
1224,Rb2PdC2,P3̄m1,164,Triv.,no,,,NM,,HQ,3,94394 421493 421494,,,unmatched,,0,,
1225,Rb2PtC2,P3̄m1,164,Triv.,no,,,NM,,HQ,1,94395,,,unmatched,,0,,
1226,Cs2PdC2,P3̄m1,164,Triv.,no,,,NM,,HQ,1,94396,,,unmatched,,0,,
1227,Cs2PtC2,P3̄m1,164,Triv.,no,,,NM,,HQ,1,94397,,,unmatched,,0,,
1228,K2PdC2,P3̄m1,164,Triv.,no,,,NM,,HQ,2,421489 421490,,,unmatched,,0,,
1229,K2PtC2,P3̄m1,164,Triv.,no,,,NM,,HQ,2,421491 421492,,,unmatched,,0,,
1230,Pd3(PS4)2,P3̄m1,164,Triv.,no,,"k,b",NM,,,2,16296 35361,,16296,matched,16296,1,P2 Pd3 S8,164
1231,Rb2(Sb2Al2O7),P3̄m1,164,Triv.,no,,"k∗,b,s",NM,,HQ,1,154360,,154360,matched,154360,1,Al2 O7 Rb2 Sb2,164
1232,NaFe2O3,P3̄m1,164,SM,no,,,FM,,,2,200009 424349,,200009,matched,200009,1,Fe2 Na1 O3,164
1233,Cs2Mn(TeS3)2,P3̄c1,165,SM,no,,"b,s",FM,,HQ,1,165378,,165378,matched,165378,1,Cs2 Mn1 S6 Te2,165
1234,KFe(MoO4)2,P3̄c1,165,SM,no,,"b,s",AFM,,HQ,1,28020,,,unmatched,,0,,
1235,K5CuSb2,R3̄m,166,Triv.,no,,b,NM,,HQ,1,32032,,,unmatched,,0,,
1236,K2Pt3PtS6,R3̄m,166,Triv.,yes,Fig.40,"k∗,b",NM,,,1,40062,,,unmatched,,0,,
1237,Li4NCl,R3̄m,166,Triv.,no,,,NM,,HQ,1,84649,,,unmatched,,0,,
1238,Li5NCl2,R3̄m,166,Triv.,no,,,NM,,HQ,1,84763,,,unmatched,,0,,
1239,C60,R3̄m,166,Triv.,no,,,NM,,,1,95370,,,unmatched,,0,,
1240,KPd2O3,R3̄m,166,Triv.,no,,b,NM,,HQ,1,248051,,,unmatched,,0,,
1241,K2Hf3OF12,R3̄m,166,Triv.,no,,,,,,1,251076,,,unmatched,,0,,
1242,ScAlOC,R3̄m,166,Triv.,no,,b,NM,,HQ,1,419683,,,unmatched,,0,,
1243,CLi6,R3̄m,166,Triv.,no,,b,,,,1,670920,,,unmatched,,0,,
1244,Li3In2,R3̄m,166,SM,no,,,NM,,HQ,2,10051 659829,,10051,matched,10051,1,In2 Li3,166
1245,(B12C)C2,R3̄m,166,Triv.,no,,,NM,,,1,612562,,,unmatched,,0,,
1246,Ba2NiTeO6,R3̄m,166,TI,yes,Fig.40,"k∗,b,s",AFM,,,1,25005,,,unmatched,,0,,
1247,K2Li(AlF6),R3̄m,166,Triv.,no,,"b,s",NM,,HQ,2,37250 408552,37250(k),,unmatched,,0,,
1248,Cs9Ni9F27,R3̄m,166,TI,yes,Fig.40,"k,b,s",FM,,HQ,1,410393,,,unmatched,,0,,
1249,In2Se3,R3̄m,166,SM,no,,b,NM,,,5,17007 640489 640492 640498 640512,,17007,matched,17007,1,In2 Se3,166
1250,MnCl2,R3̄m,166,SM,no,,b,FM,,HQ,1,33752,,,unmatched,,0,,
1251,MnBr2,R3̄m,166,SM,no,,b,FM,,HQ,1,67500,,,unmatched,,0,,
1252,Ni7Y2,R3̄m,166,SM,no,,k,FM,,,4,108650 647051 647060 647076,,108650,matched,108650,1,Ni7 Y2,166
1253,Cs2Cu3ZrF12,R3̄m,166,SM,no,,"k,b,s",FM,,HQ,2,79114 182755,,182755,matched,182755,1,Cs2 Cu3 F12 Zr1,166
1254,Cs2SnCu3F12,R3̄m,166,SM,no,,"k,b,s",FM,,HQ,2,291388 291391,,,unmatched,,0,,
1255,Cu3Zn(OH)6Cl2,R3̄m,166,SM,yes,Fig.40,"k,b",FM,,HQ,1,425834,,,unmatched,,0,,
1256,LiVO2,R3̄m,166,Triv.,no,,,AFM,,,3,24594 202540 202541,,202540,matched,202540 202541,2,Li1 O2 V1,166
1257,KCrS2,R3̄m,166,SM,no,,b,FM,,,3,25723 42406 42407,,,unmatched,,0,,
1258,NaTiS2,R3̄m,166,SM,no,,b,FM,,,1,26305,,,unmatched,,0,,
1259,Cu(CrO2),R3̄m,166,SM,no,,,AFM,SC∗,,11,26676 157800 163253 163254 163255 184467 189047 194151 194152 402290 670110,,157800,matched,157800 163253 163254 163255 184467 189047 194151 194152,8,Cr1 Cu1 O2,166
1260,Ba2PCl,R3̄m,166,Triv.,no,,,NM,,,1,28134,,,unmatched,,0,,
1261,LiGaO2,R3̄m,166,Triv.,no,,,NM,,,1,28388,,,unmatched,,0,,
1262,RbScO2,R3̄m,166,Triv.,no,,b,NM,,,1,31959,,,unmatched,,0,,
1263,NaTiO2,R3̄m,166,SM,no,,b,FM,,,1,43439,,,unmatched,,0,,
1264,LiFeO2,R3̄m,166,SM,no,,,FM,,HQ,3,51207 51759 78712,,,unmatched,,0,,
1265,Ca2NCl,R3̄m,166,Triv.,yes,Fig.40,b,NM,,HQ,2,62555 153101,,153101,matched,153101,1,Ca2 Cl1 N1,166
1266,Ca2NBr,R3̄m,166,Triv.,yes,Fig.40,b,NM,,HQ,2,62556 153105,,153105,matched,153105,1,Br1 Ca2 N1,166
1267,Na(RhO2),R3̄m,166,Triv.,no,,,NM,,HQ,1,66280,,,unmatched,,0,,
1268,NaTaN2,R3̄m,166,Triv.,no,,,NM,,HQ,5,67346 67347 76382 190937 657406,,190937,matched,190937,1,N2 Na1 Ta1,166
1269,NaNbN2,R3̄m,166,Triv.,no,,,NM,,HQ,2,72557 657407,,,unmatched,,0,,
1270,Na(FeO2),R3̄m,166,SM,no,,,AFM,,HQ,4,75588 167376 167377 187705,,167376,matched,167376 167377 187705,3,Fe1 Na1 O2,166
1271,NaVSe2,R3̄m,166,Triv.,no,,,FM,,,1,77597,,,unmatched,,0,,
1272,Sr2NCl,R3̄m,166,Triv.,no,,,NM,,HQ,3,172595 172596 410769,,172595,matched,172595 172596,2,Cl1 N1 Sr2,166
1273,Sr2NBr,R3̄m,166,Triv.,no,,b,NM,,HQ,2,172600 172601,,172600,matched,172600 172601,2,Br1 N1 Sr2,166
1274,LiTiS2,R3̄m,166,SM,no,,,FM,,HQ,2,189825 189826,,189825,matched,189825 189826,2,Li1 S2 Ti1,166
1275,Sr2NI,R3̄m,166,Triv.,no,,b,NM,,HQ,1,240899,,,unmatched,,0,,
1276,NaYO2,R3̄m,166,Triv.,no,,,,,,1,291907,,,unmatched,,0,,
1277,Na(VO2),R3̄m,166,Triv.,no,,,AFM,,HQ,1,420137,,,unmatched,,0,,
1278,KZrS2,R3̄m,166,SM,no,,b,NM,,,1,641350,,,unmatched,,0,,
1279,NaYSe2,R3̄m,166,Triv.,no,,,NM,,,1,645037,,,unmatched,,0,,
1280,Mg2Ni3Si,R3̄m,166,TI,yes,Fig.40,k,NM,,,1,44926,,,unmatched,,0,,
1281,Fe3S4,R3̄m,166,Triv.,no,,,NM,,HQ,1,42537,,,unmatched,,0,,
1282,Mg2Ni3P,R3̄m,166,SM,yes,Fig.41,k,NM,,HQ,1,72409,,,unmatched,,0,,
1283,K2Zr(BO3)2,R3̄m,166,Triv.,no,,b,,,HQ,1,67982,,,unmatched,,0,,
1284,K2Co(SeO3)2,R3̄m,166,SM,no,,"k∗,b",AFM,,HQ,1,71536,,,unmatched,,0,,
1285,Ba3Mn2O8,R3̄m,166,TI,no,,k∗,AFM,,HQ,1,280045,,,unmatched,,0,,
1286,K2Pt4Se6,R3̄m,166,Triv.,no,,"k∗,b",NM,,HQ,1,69438,,,unmatched,,0,,
1287,Rb2Pt3PtSe6,R3̄m,166,Triv.,no,,"k∗,b",NM,,HQ,1,69439,,,unmatched,,0,,
1288,Na4HgP2,R3̄m,166,Triv.,no,,,NM,,HQ,1,67260,,,unmatched,,0,,
1289,K4ZnP2,R3̄m,166,Triv.,yes,Fig.41,,NM,,HQ,1,67261,,,unmatched,,0,,
1290,K4HgP2,R3̄m,166,Triv.,yes,Fig.41,b,NM,,HQ,1,67263,,,unmatched,,0,,
1291,K4(BeP2),R3̄m,166,Triv.,yes,Fig.41,b,NM,,HQ,1,300110,,,unmatched,,0,,
1292,K4(BeAs2),R3̄m,166,Triv.,yes,Fig.41,,NM,,HQ,1,300111,,,unmatched,,0,,
1293,K4(CdAs2),R3̄m,166,Triv.,yes,Fig.41,b,NM,,HQ,1,300190,,,unmatched,,0,,
1294,K4(HgAs2),R3̄m,166,Triv.,yes,Fig.41,,NM,,HQ,1,402573,,,unmatched,,0,,
1295,K4ZnAs2,R3̄m,166,Triv.,yes,Fig.41,,NM,,HQ,1,409919,,,unmatched,,0,,
1296,Na2(Ti3Cl8),R3̄m,166,TI,yes,Fig.42,"k,b",FM,,HQ,1,401026,,,unmatched,,0,,
1297,NaN3,R3̄m,166,Triv.,no,,,NM,,,3,1144 34267 34674,,1144,matched,1144,1,N3 Na1,166
1298,Cd(CN2),R3̄m,166,Triv.,no,,,NM,,HQ,1,95264,,,unmatched,,0,,
1299,Nb2S2C,R3̄m,166,TI,no,,b,NM,,HQ,2,95110 95112,,,unmatched,,0,,
1300,Nb3Br8,R3̄m,166,Triv.,yes,Fig.42,,NM,,HQ,2,25766 421609,,,unmatched,,0,,
1301,Nb3I8,R3̄m,166,Triv.,yes,Fig.42,,NM,,HQ,1,25767,,,unmatched,,0,,
1302,Co3Sn2S2,R3̄m,166,SM,yes,Fig.42,"k,b,s",FM,,,11,5435 173760 173761 173762 173763 173764 195422 196310 426752 426753 624867,,173760,matched,173760 173761 173762 173763 173764 195422 196310,7,Co3 S2 Sn2,166
1303,Co3In2S2,R3̄m,166,SM,no,,"k,b,s",FM,,,3,5436 195432 423459,,195432,matched,195432,1,Co3 In2 S2,166
1304,Co3InSnS2,R3̄m,166,Triv.,yes,Fig.42,"k,b,s",NM,,,2,5437 425136,,,unmatched,,0,,
1305,Rh3In2S2,R3̄m,166,SM,no,,"k,b,s",NM,,,3,5439 420726 640339,,,unmatched,,0,,
1306,Rh3InPbS2,R3̄m,166,SM,yes,Fig.42,"k,b,s",NM,,,2,5440 640213,,,unmatched,,0,,
1307,Rh3Pb2Se2,R3̄m,166,SM,no,,"k,b,s",NM,,,2,5441 648427,,,unmatched,,0,,
1308,Ni3Sn2S2,R3̄m,166,TI,no,,"k,b,s",NM,,HQ,2,402458 674419,,,unmatched,,0,,
1309,In2Ni3S2,R3̄m,166,TI,no,,"k,b,s",NM,,HQ,1,415258,,,unmatched,,0,,
1310,Rh3Sn2S2,R3̄m,166,SM,yes,Fig.42,"k,b,s",NM,,HQ,1,420728,,,unmatched,,0,,
1311,Tl2Ni3S2,R3̄m,166,TI,no,,"k,b,s",NM,,HQ,1,422328,,,unmatched,,0,,
1312,InSnCo3S2,R3̄m,166,SM,yes,Fig.42,"k,b,s",,,HQ,1,425137,,,unmatched,,0,,
1313,Ni3In2S2,R3̄m,166,TI,no,,"k,b,s",NM,,,1,640134,,,unmatched,,0,,
1314,Ni3Sn2S2,R3̄m,166,TI,no,,"k,b,s",NM,,,2,646379 654948,,,unmatched,,0,,
1315,Ni3Tl2S2,R3̄m,166,TI,no,,"k,b,s",NM,,,1,646398,,,unmatched,,0,,
1316,Rh3Tl2S2,R3̄m,166,SM,no,,"k,b,s",NM,,,1,650236,,,unmatched,,0,,
1317,B12P2,R3̄m,166,Triv.,yes,Fig.43,,NM,,HQ,1,62748,,,unmatched,,0,,
1318,B12As2,R3̄m,166,Triv.,yes,Fig.43,,NM,,,1,62749,,107916,matched,107916,1,As1 B6,166
1319,B6As,R3̄m,166,Triv.,yes,Fig.43,,NM,,HQ,2,68151 107916,,,unmatched,,0,,
1320,B6P,R3̄m,166,Triv.,yes,Fig.43,,NM,,,2,615156 615157,,,unmatched,,0,,
1321,Sr2N,R3̄m,166,SM,no,,b,NM,,HQ,0,,,,unmatched,,0,,
1322,Ca2N,R3̄m,166,SM,no,,b,NM,,HQ,12,69016 410315 411612 414330 644701 90630 90631 90632 280526 410312 411417 414329,,,unmatched,,0,,
1323,Rb2(OF3(HfF3)3),R3̄m,166,Triv.,no,,,NM,,,1,95847,,,unmatched,,0,,
1324,Rb2(OF3(ZrF3)3),R3̄m,166,Triv.,no,,,NM,,,1,95848,,,unmatched,,0,,
1325,TlGaO2,R3̄m,166,Triv.,yes,Fig.43,"k,b,s",,,,1,33579,,,unmatched,,0,,
1326,ZrCl,R3̄m,166,TI,no,,,NM,,HQ,2,869 20145,,20145,matched,20145,1,Cl1 Zr1,166
1327,YCl,R3̄m,166,Triv.,no,,,FM,,HQ,2,30708 61107,,,unmatched,,0,,
1328,SiO2,R3̄c,167,Triv.,no,,"b,s",NM,,,3,170492 170514 170539,,170492,matched,170492 170514 170539,3,O2 Si1,167
1329,SiO2,R3̄c,167,SM,no,,"b,s",,,,1,170515,,170515,matched,170515,1,O2 Si1,167
1330,AlH3,R3̄c,167,Triv.,no,,"b,s",NM,,,0,,,15225,matched,15225 165294 168162 182533,4,H3 Al1,167
1331,TiF3,R3̄c,167,SM,no,,"b,s",FM,,,13,15225 165294 168162 182533 52159 52162 52165 67148 59966 59968 59969 59972 59973,,,unmatched,,0,,
1332,CrF3,R3̄c,167,SM,no,,"b,s",AFM,,HQ,0,,,,unmatched,,0,,
1333,VF3,R3̄c,167,SM,no,,"b,s",FM,,HQ,1,69167,,,unmatched,,0,,
1334,CoF3,R3̄c,167,Triv.,no,,"b,s",FM,,HQ,1,77618,,,unmatched,,0,,
1335,Cs4(PbBr6),R3̄c,167,Triv.,no,,"b,s",NM,,,2,25124 162158,,162158,matched,162158,1,Br6 Cs4 Pb1,167
1336,NaCa3(IrO6),R3̄c,167,Triv.,no,,"b,s",,,HQ,1,50169,,,unmatched,,0,,
1337,Rb4PbBr6,R3̄c,167,Triv.,no,,b,NM,,HQ,1,65300,,,unmatched,,0,,
1338,Sr4IrO6,R3̄c,167,SM,no,,"b,s",FM,,HQ,1,72926,,,unmatched,,0,,
1339,Sr3ZnPtO6,R3̄c,167,Triv.,no,,"b,s",NM,,HQ,2,81467 280519,,,unmatched,,0,,
1340,Ca4(IrO6),R3̄c,167,SM,no,,b,FM,,HQ,2,81902 280873,81902(s),,unmatched,,0,,
1341,Sr3Zn(IrO6),R3̄c,167,SM,no,,"b,s",FM,,HQ,4,81903 82658 82659 82660,,,unmatched,,0,,
1342,Sr3Cd(IrO6),R3̄c,167,SM,no,,"b,s",FM,,HQ,1,81904,,,unmatched,,0,,
1343,Sr3Mg(PtO6),R3̄c,167,Triv.,no,,"b,s",NM,,HQ,2,84736 281299,,,unmatched,,0,,
1344,Sr3Mg(IrO6),R3̄c,167,SM,no,,"b,s",FM,,HQ,1,84737,,,unmatched,,0,,
1345,Sr3(PbNiO6),R3̄c,167,Triv.,yes,Fig.43,b,AFM,,HQ,6,152589 152590 152588 152591 152592 152593,152589(s) 152590(s) 152591(s) 152592(s) 152593(s),152588,matched,152588 152589 152590 152591 152592 152593,6,Ni1 O6 Pb1 Sr3,167
1346,Sr3Cd(PtO6),R3̄c,167,Triv.,no,,"b,s",NM,,HQ,1,280518,,,unmatched,,0,,
1347,NaBa3IrO6,R3̄c,167,Triv.,no,,b,FM,,HQ,1,405134,,,unmatched,,0,,
1348,Li4OsH6,R3̄c,167,Triv.,no,,"b,s",NM,,,1,638269,,,unmatched,,0,,
1349,K8Tl11,R3̄c,167,SM,no,,,NM,,,1,370009,,,unmatched,,0,,
1350,Rb8Tl11,R3̄c,167,SM,no,,,NM,,,1,370035,,,unmatched,,0,,
1351,K3(B3O6),R3̄c,167,Triv.,no,,,NM,,,1,16005,,16005,matched,16005,1,B3 K3 O6,167
1352,NaSn2(PO4)3,R3̄c,167,Triv.,no,,b,NM,,,2,72218 72217,72218(s),,unmatched,,0,,
1353,LiZr2(AsO4)3,R3̄c,167,Triv.,no,,"b,s",NM,,,7,190656 74741 74742 67241 74743 74744 74745,74741(b) 74742(b) 74743(b) 74744(b) 74745(b),190656,matched,190656,1,As3 Li1 O12 Zr2,167
1354,Si3N4,P63,173,Triv.,no,,,NM,,,9,74746 74747 74748 74749 74750 74751 74752 74753 74754,74746(b) 74747(b) 74748(b) 74749(b) 74750(b) 74751(b) 74752(b) 74753(b) 74754(b),,unmatched,,0,,
1355,Cs2(I4O11),P63,173,Triv.,no,,b,,,,4,74755 77812 413942 420352,74755(b),,unmatched,,0,,
1356,Ca(Al2O4),P63,173,Triv.,no,,b,NM,,,1,157457,,157457,matched,157457,1,Al2 Ca1 O4,173
1357,Cs2(MoO3)3(SeO3),P63,173,Triv.,no,,"k∗,b",NM,,,1,75473,,,unmatched,,0,,
1358,(Cs2(SeO3))(WO3)3,P63,173,Triv.,no,,"k∗,b,s",NM,,,1,80392,,,unmatched,,0,,
1359,Rb2(MoO3)3(SeO3),P63,173,Triv.,no,,"k∗,b",NM,,,1,167530,,167530,matched,167530,1,Mo3 O12 Rb2 Se1,173
1360,Cs2TeW3O12,P63,173,Triv.,no,,"k∗,b,s",,,,1,429738,,,unmatched,,0,,
1361,K(VO2)3(SeO3)2,P63,173,Triv.,no,,"b,s",NM,,,1,81231,,,unmatched,,0,,
1362,Rb(Se2V3O12),P63,173,Triv.,no,,"b,s",NM,,,1,163600,,163600,matched,163600,1,O12 Rb1 Se2 V3,173
1363,Tl(Se2V3O12),P63,173,Triv.,no,,"k∗,b,s",NM,,,1,163601,,163601,matched,163601,1,O12 Se2 Tl1 V3,173
1364,Cs(VO2)3(TeO3)2,P63,173,Triv.,no,,"k∗,b,s",NM,,,1,411111,,,unmatched,,0,,
1365,La3AlTiS7,P63,173,SM,yes,Fig.43,b,FM,,,1,608322,,,unmatched,,0,,
1366,La3AlVS7,P63,173,SM,yes,Fig.43,b,FM,,,1,608323,,,unmatched,,0,,
1367,La3BeTiS7,P63,173,SM,no,,,FM,,,1,616310,,,unmatched,,0,,
1368,KAl(SiO4),P63,173,Triv.,yes,Fig.44,"b,s",NM,,HQ,1,34350,,,unmatched,,0,,
1369,Ga9Tl3O2S13,P6̄,174,Triv.,no,,b,NM,,HQ,1,61256,,,unmatched,,0,,
1370,BaZn(BO3)F,P6̄,174,Triv.,yes,Fig.44,b,NM,,HQ,2,248042 429814,,,unmatched,,0,,
1371,BaAl(BO3)F2,P6̄,174,Triv.,no,,b,,,,2,291434 409663,,,unmatched,,0,,
1372,Pb7F12Br2,P6̄,174,Triv.,no,,,NM,,HQ,1,92293,,,unmatched,,0,,
1373,Ca7H12Cl2,P6̄,174,Triv.,no,,,NM,,HQ,1,420927,,,unmatched,,0,,
1374,La2ClB3,P6̄,174,SM,no,,,NM,,HQ,1,417604,,,unmatched,,0,,
1375,LiCd(BO3),P6̄,174,Triv.,no,,b,NM,,HQ,2,20191 20835,,20191,matched,20191,1,B1 Cd1 Li1 O3,174
1376,Mg3F3(BO3),P63/m,176,Triv.,yes,Fig.44,b,,,HQ,1,4226,,,unmatched,,0,,
1377,BI3,P63/m,176,Triv.,no,,,NM,SC,HQ,3,173375 28328 411463,,173375,matched,173375,1,B1 I3,176
1378,NaCs2(C2N3)3,P63/m,176,Triv.,yes,Fig.44,,NM,,,1,407809,,,unmatched,,0,,
1379,Pb3Cd3(BO3)4,P63/m,176,Triv.,no,,k,NM,,,1,422862,,,unmatched,,0,,
1380,Cu2Bi2S3(AlCl4)2,P63/m,176,Triv.,no,,"b,s",NM,,,1,428727,,,unmatched,,0,,
1381,LiCa(AlH4)3,P63/m,176,Triv.,no,,b,,,,1,670844,,,unmatched,,0,,
1382,Li2RbCd(CO3)2F,P63/m,176,Triv.,no,,b,NM,,HQ,1,710094,,,unmatched,,0,,
1383,AgCd3Hf3F20,P63/m,176,SM,no,,,NM,,,1,78893,,,unmatched,,0,,
1384,Sc2(HPO3)3,P63/m,176,Triv.,no,,b,NM,,,1,409724,,,unmatched,,0,,
1385,Pb5(PO4)3F,P63/m,176,Triv.,no,,,NM,,,4,20500 24236 30261 38118,24236(b) 30261(b) 38118(b),,unmatched,,0,,
1386,Ca5(PO4)3F,P63/m,176,Triv.,no,,,NM,,,11,52385 56313 56314 84227 94081 94082 94083 99581 180314 193552 670544,,180314,matched,180314 193552,2,Ca5 F1 O12 P3,176
1387,Sr3MnN3,P63/m,176,TI,no,,b,FM,,HQ,1,80772,,,unmatched,,0,,
1388,Ba3(CrN3),P63/m,176,SM,no,,b,NM,,HQ,1,154802,,154802,matched,154802,1,Ba3 Cr1 N3,176
1389,Sr3(CrN3),P63/m,176,SM,no,,b,NM,,HQ,1,154803,,154803,matched,154803,1,Cr1 N3 Sr3,176
1390,Ba4Nb2O9,P63/m,176,TI,no,,,NM,,HQ,1,251133,,,unmatched,,0,,
1391,BCl3,P63/m,176,Triv.,no,,,NM,,,2,24526 27869,,,unmatched,,0,,
1392,BBr3,P63/m,176,Triv.,no,,,NM,,,2,24527 173374,,173374,matched,173374,1,B1 Br3,176
1393,Fe2(BP3O12),P63/m,176,Triv.,no,,b,FM,,,2,260895 420638,,,unmatched,,0,,
1394,KMo3S3,P63/m,176,SM,no,,,NM,,HQ,3,30752 603631 641249,,,unmatched,,0,,
1395,RbMo3S3,P63/m,176,SM,no,,,NM,,HQ,3,30753 603622 644175,,,unmatched,,0,,
1396,CsMo3S3,P63/m,176,SM,no,,,NM,,HQ,3,30754 603614 627033,,,unmatched,,0,,
1397,InMo3Te3,P63/m,176,SM,no,,,NM,SC,HQ,4,53100 603669 604497 640025,,,unmatched,,0,,
1398,TlMo3Te3,P63/m,176,SM,no,,,NM,SC,HQ,3,90811 603670 644485,,,unmatched,,0,,
1399,BaMo3Se3,P63/m,176,SM,no,,,NM,,,2,603615 615982,,,unmatched,,0,,
1400,NaMo3Se3,P63/m,176,SM,no,,,NM,SC,,4,603625 603827 604518 643974,,,unmatched,,0,,
1401,KMo3Se3,P63/m,176,SM,no,,,NM,SC,,3,603628 604517 641256,,,unmatched,,0,,
1402,RbMo3Se3,P63/m,176,SM,no,,,NM,SC,,3,603629 604516 644181,,,unmatched,,0,,
1403,NaMo3Te3,P63/m,176,SM,no,,,NM,,,3,603641 604501 643979,,,unmatched,,0,,
1404,CsMo3Se3,P63/m,176,SM,no,,,NM,SC,,3,603651 603826 604515,,,unmatched,,0,,
1405,KMo3Te3,P63/m,176,SM,no,,,NM,,,2,603671 604500,,,unmatched,,0,,
1406,RbMo3Te3,P63/m,176,SM,no,,,NM,,,2,603672 604499,,,unmatched,,0,,
1407,CsMo3Te3,P63/m,176,SM,no,,,NM,,,2,603673 604498,,,unmatched,,0,,
1408,La3FeWS3O6,P63/m,176,SM,no,,"b,s",AFM,,HQ,1,380402,,,unmatched,,0,,
1409,La3NiWS3O6,P63/m,176,SM,no,,"b,s",FM,,HQ,1,380403,,,unmatched,,0,,
1410,La3CoWS3O6,P63/m,176,Triv.,no,,"b,s",NM,,HQ,1,380405,,,unmatched,,0,,
1411,La3MnWS3O6,P63/m,176,SM,no,,"b,s",FM,,HQ,1,380406,,,unmatched,,0,,
1412,V3S4,P63/m,176,SM,no,,b,NM,SC,HQ,3,72920 72921 72922,,,unmatched,,0,,
1413,Ti3Se4,P63/m,176,SM,no,,b,NM,,HQ,1,79629,,,unmatched,,0,,
1414,TlSbO3,P6322,182,Triv.,yes,Fig.44,"b,s",NM,,,1,10142,,10142,matched,10142,1,O3 Sb1 Tl1,182
1415,SiO2,P6322,182,Triv.,yes,Fig.44,"b,s",NM,,,1,29343,,,unmatched,,0,,
1416,BaAl2O4,P6322,182,Triv.,no,,"b,s",NM,,,3,75427 16845 21080,,16845,matched,16845,1,Al2 Ba1 O4,182
1417,Ta3CrS6,P6322,182,SM,no,,b,FM,,,1,626633,,,unmatched,,0,,
1418,RbSn(IO6),P6322,182,Triv.,no,,"b,s",NM,,,1,73614,,,unmatched,,0,,
1419,Ba3CrS5,P63cm,185,SM,no,,"b,s",FM,,HQ,1,97539,,,unmatched,,0,,
1420,Li2Ba(SiO4),P63cm,185,Triv.,no,,b,NM,,,2,180289 260259,,180289,matched,180289,1,Ba1 Li2 O4 Si1,185
1421,C3N4,P63cm,185,Triv.,no,,b,,,,2,674271 674285,,,unmatched,,0,,
1422,Na3N,P63cm,185,Triv.,no,,,NM,,,2,165992 165993,,165992,matched,165992 165993,2,N1 Na3,185
1423,Li8O2(GeO4),P63cm,185,Triv.,no,,b,NM,,HQ,1,65175,,,unmatched,,0,,
1424,Li8O2(SiO4),P63cm,185,Triv.,no,,b,NM,,HQ,1,65176,,,unmatched,,0,,
1425,Mg3(Si2O5(OH)4),P63cm,185,Triv.,no,,"b,s",NM,,,2,87439 202359,,202359,matched,202359,1,H4 Mg3 O9 Si2,185
1426,Sn6O4(SiO4),P63mc,186,Triv.,no,,"k∗,b,s",NM,,HQ,1,156236,,156236,matched,156236,1,O8 Si1 Sn6,186
1427,Zn(OH)(N3),P63mc,186,Triv.,no,,,,,,1,196345,,196345,matched,196345,1,H1 N3 O1 Zn1,186
1428,Li2InMo3O8,P63mc,186,SM,no,,b,,,HQ,1,426618,,,unmatched,,0,,
1429,(Al2O3)5(H2O),P63mc,186,Triv.,no,,k∗,NM,,,1,23651,,,unmatched,,0,,
1430,Ba3(NiSb2O9),P63mc,186,Triv.,no,,"k∗,b,s",AFM,,HQ,1,1177,,1177,matched,1177,1,Ba3 Ni1 O9 Sb2,186
1431,Ba3Cu(Sb2O9),P63mc,186,SM,yes,Fig.44,"k∗,b,s",FM,,HQ,1,2279,,,unmatched,,0,,
1432,La4NS3Cl3,P63mc,186,Triv.,no,,b,NM,,HQ,1,74902,,,unmatched,,0,,
1433,CsCuCl3,P63mc,186,SM,no,,"k∗,b,s",FM,,HQ,1,2064,,,unmatched,,0,,
1434,Cs(CrBr3),P63mc,186,SM,no,,"k∗,b,s",FM,,HQ,1,2590,,,unmatched,,0,,
1435,CsCrI3,P63mc,186,SM,no,,"k∗,b,s",,,HQ,1,8105,,,unmatched,,0,,
1436,CsCrCl3,P63mc,186,SM,no,,"k∗,b,s",FM,,HQ,1,10206,,10206,matched,10206,1,Cl3 Cr1 Cs1,186
1437,(Hg3S)(AsS3)Cl,P63mc,186,Triv.,no,,"k∗,b",,,HQ,1,280329,,,unmatched,,0,,
1438,K6(HgS4),P63mc,186,Triv.,no,,b,NM,,HQ,2,266 47218,,,unmatched,,0,,
1439,Na6(MnS4),P63mc,186,SM,no,,b,FM,,HQ,4,65447 95065 95066 642996,,,unmatched,,0,,
1440,LaNi5H7,P63mc,186,Triv.,no,,"k∗,b",NM,,,3,96245 236996 236997,,,unmatched,,0,,
1441,LiBH4,P63mc,186,Triv.,no,,,NM,,HQ,3,95208 186262 245569,95208(k),186262,matched,186262,1,H4 B1 Li1,186
1442,Al(PO4),P63mc,186,Triv.,no,,"k∗,b,s",NM,,HQ,1,279582,,,unmatched,,0,,
1443,Li(BrO4)(H2O)3,P63mc,186,Triv.,no,,,NM,,HQ,1,73706,,,unmatched,,0,,
1444,Li(TcO4)(H2O)3,P63mc,186,Triv.,no,,,NM,,HQ,1,422191,,,unmatched,,0,,
1445,LaAuGe,P63mc,186,SM,no,,,NM,,HQ,2,405322 656867,,,unmatched,,0,,
1446,K3TaF8,P63mc,186,Triv.,no,,k∗,NM,,HQ,1,248063,,,unmatched,,0,,
1447,Mg3BeAl8O16,P63mc,186,Triv.,no,,"k∗,b",NM,,,2,31227 31256,,,unmatched,,0,,
1448,MnLa4OSe6,P63mc,186,SM,no,,"b,s",AFM,,HQ,1,391303,,,unmatched,,0,,
1449,MnLa4OS6,P63mc,186,SM,no,,"b,s",FM,,HQ,1,391305,,,unmatched,,0,,
1450,Na2(MnO4),P63mc,186,SM,no,,,FM,,HQ,1,39504,,,unmatched,,0,,
1451,Ca2(SiO4),P63mc,186,Triv.,no,,"k∗,b",NM,,,2,182053 182054,,182053,matched,182053 182054,2,Ca2 O4 Si1,186
1452,Na(Be4SbO7),P63mc,186,Triv.,yes,Fig.44,"k∗,b",NM,,,1,27599,,,unmatched,,0,,
1453,YBaZn3GaO7,P63mc,186,Triv.,no,,"k∗,b",NM,,,1,252148,,,unmatched,,0,,
1454,GaN,P63mc,186,Triv.,no,,,NM,SC,,36,159250 25676 34476 41481 41483 41543 42000 54698 67769 87830 153887 153888 153889 153890 153891 156259 157398 157512 181358 184926 190424 191773 634715 671112 672115 672140 672569 672724 672741 673190 673464 14321 36174 248083 260410 280130,,153887,matched,153887 153888 153889 153890 153891 156259 157398 157512 159250 181358 184926 190424 191773,13,Ga1 N1,186
1455,Zn2Mo3O8,P63mc,186,Triv.,no,,b,,,HQ,0,,,14321,matched,14321,1,Mo3 O8 Zn2,186
1456,ScZn(Mo3O8),P63mc,186,SM,no,,b,FM,,HQ,1,40534,,,unmatched,,0,,
1457,C3N4,P6̄m2,187,Triv.,no,,"k∗,b",NM,,,1,83265,,,unmatched,,0,,
1458,Ba(CoO3),P6̄m2,187,SM,no,,"b,s",FM,,,1,88670,,,unmatched,,0,,
1459,Ca3SiBr2,P6̄m2,187,TI,no,,,FM,,,1,89543,,,unmatched,,0,,
1460,La2Ni2I,P6̄m2,187,SM,no,,,NM,,HQ,1,165262,,165262,matched,165262,1,I1 La2 Ni2,187
1461,KCdCO3F,P6̄m2,187,Triv.,no,,,,,,1,239110,,,unmatched,,0,,
1462,CaKF(CO3),P6̄m2,187,Triv.,no,,,,,HQ,6,262230 59878 154681 154682 154683 154685,,154681,matched,154681 154682 154683 154685,4,C1 Ca1 F1 K1 O3,187
1463,LiAuC2,P6̄m2,187,Triv.,no,,,NM,,HQ,1,411253,,,unmatched,,0,,
1464,InNbS2,P6̄m2,187,TI,no,,b,NM,,,1,74702,,,unmatched,,0,,
1465,IrLi,P6̄m2,187,TI,no,,,NM,,,2,104487 659856,,104487,matched,104487,1,Ir1 Li1,187
1466,LiPd,P6̄m2,187,SM,no,,,NM,,,3,104770 104771 659883,,104770,matched,104770 104771,2,Li1 Pd1,187
1467,TlTaGe3O9,P6̄c2,188,Triv.,no,,"b,s",NM,,,1,10383,,10383,matched,10383,1,Ge3 O9 Ta1 Tl1,188
1468,LaSiO2N,P6̄c2,188,SM,yes,Fig.45,b,NM,,,1,9752,,,unmatched,,0,,
1469,Sr(GeO3),P6̄2m,189,Triv.,yes,Fig.45,,NM,,,1,28603,,,unmatched,,0,,
1470,Ag2Te(VS2)3,P6̄2m,189,SM,no,,,FM,,,1,251064,,,unmatched,,0,,
1471,Ba3Nb6Si4O26,P6̄2m,189,Triv.,no,,b,NM,,,2,15934 16029,,15934,matched,15934 16029,2,Ba3 Nb6 O26 Si4,189
1472,Ba3Ta6Si4O26,P6̄2m,189,Triv.,no,,b,NM,,,2,15935 18317,,15935,matched,15935 18317,2,Ba3 O26 Si4 Ta6,189
1473,Sr3Ta6Si4O26,P6̄2m,189,Triv.,no,,b,NM,,,1,15936,,15936,matched,15936,1,O26 Si4 Sr3 Ta6,189
1474,Rb6(Si10O23),P6̄2m,189,Triv.,no,,"b,s",NM,,,1,250379,,,unmatched,,0,,
1475,GaNiTi,P6̄2m,189,SM,no,,,NM,,,1,103885,,103885,matched,103885,1,Ga1 Ni1 Ti1,189
1476,K3Ta3B2O12,P6̄2m,189,Triv.,no,,b,NM,,HQ,1,201143,,201143,matched,201143,1,B2 K3 O12 Ta3,189
1477,K2Te2,P6̄2m,189,Triv.,no,,,NM,,HQ,1,73178,,,unmatched,,0,,
1478,Rb2Te2,P6̄2m,189,Triv.,no,,,NM,,HQ,1,73179,,,unmatched,,0,,
1479,Ti3Rh2In3,P6̄2m,189,SM,no,,,NM,,HQ,1,410967,,,unmatched,,0,,
1480,NbMnSi,P6̄2m,189,SM,no,,,FM,,,1,24185,,,unmatched,,0,,
1481,NbCrGe,P6̄2m,189,SM,no,,,FM,,,1,42061,,,unmatched,,0,,
1482,TiCoSi,P6̄2m,189,SM,yes,Fig.45,,FM,,,1,42735,,,unmatched,,0,,
1483,NbMnGe,P6̄2m,189,SM,no,,,FM,,,2,42911 637001,,,unmatched,,0,,
1484,Al(ZrNi),P6̄2m,189,SM,no,,,NM,,,6,58080 152131 186404 410399 608967 608978,,152131,matched,152131 186404,2,Al1 Ni1 Zr1,189
1485,ScRuGe,P6̄2m,189,SM,no,,,NM,,HQ,1,79595,,,unmatched,,0,,
1486,TiFeP,P6̄2m,189,SM,no,,,FM,,HQ,1,290889,,,unmatched,,0,,
1487,CrTiAs,P6̄2m,189,SM,no,,,FM,,,1,610275,,,unmatched,,0,,
1488,FeTiAs,P6̄2m,189,SM,no,,,FM,,,1,610530,,,unmatched,,0,,
1489,FeNbB,P6̄2m,189,SM,no,,,FM,,,1,614046,,,unmatched,,0,,
1490,FeTaB,P6̄2m,189,SM,no,,,NM,,,1,614205,,,unmatched,,0,,
1491,GeMnTa,P6̄2m,189,SM,no,,,FM,,,1,637098,,,unmatched,,0,,
1492,MnTaSi,P6̄2m,189,SM,no,,,FM,,,1,643653,,,unmatched,,0,,
1493,NbReSi,P6̄2m,189,SM,no,,,NM,SC,,1,645257,,,unmatched,,0,,
1494,ReSiTa,P6̄2m,189,SM,no,,,NM,,,1,650119,,,unmatched,,0,,
1495,Ba3(Cr2WO9),P6̄2c,190,TI,no,,"b,s",,,HQ,1,81072,,,unmatched,,0,,
1496,K3(Nb3O6)(Si2O7),P6̄2c,190,Triv.,no,,b,NM,,,1,79734,,,unmatched,,0,,
1497,HfCoSn,P6̄2c,190,SM,no,,,NM,,HQ,2,107472 408899,,107472,matched,107472,1,Co1 Hf1 Sn1,190
1498,ScPdSn,P6̄2c,190,SM,no,,,NM,,HQ,1,418976,,,unmatched,,0,,
1499,TaON,P6/mmm,191,SM,no,,"k,b,s",NM,,,1,20321,,,unmatched,,0,,
1500,CaRh3B2,P6/mmm,191,SM,no,,"k,b",NM,,,1,66767,,,unmatched,,0,,
1501,LaFe5H12,P6/mmm,191,SM,no,,"k,b",FM,,,1,160914,,160914,matched,160914,1,H12 Fe5 La1,191
1502,RhN2,P6/mmm,191,SM,no,,,,,,1,671729,,,unmatched,,0,,
1503,LaNi5,P6/mmm,191,SM,yes,Fig.45,k,FM,,HQ,0,,,,unmatched,,0,,
1504,YNi5,P6/mmm,191,SM,yes,Fig.46,k,FM,,,50,242027 242028 242029 242030 600409 601621 602015 603845 641488 641507 641513 641518 641519 641520 641521 641522 641523 641524 641526 641529 641532 641535 641540 641542 641543 641545 641549 657601 658150 670633 54422 105462 105463 603868 647059 647075 647084 647089 647093 647101 659941 673580 54474 58916 619438 619442 619446 619447 619449 619452,,105462,matched,105462 105463,2,Ni5 Y1,191
1505,CaNi5,P6/mmm,191,SM,yes,Fig.45,k,FM,,HQ,0,,,,unmatched,,0,,
1506,BaPd5,P6/mmm,191,SM,yes,Fig.45,k,NM,,,2,58672 616030,,,unmatched,,0,,
1507,Co5Y,P6/mmm,191,SM,no,,k,FM,,,22,102731 102732 106506 107253 196872 196875 600442 625573 625577 625579 625587 625591 625597 625603 625616 625623 625630 625634 625642 656885 659057 659669,,102731,matched,102731 102732 106506 107253 196872 196875,6,Co5 Y1,191
1508,Fe5Y,P6/mmm,191,SM,no,,k,FM,,,3,103699 107256 184905,,103699,matched,103699 107256 184905,3,Fe5 Y1,191
1509,Ni5Sc,P6/mmm,191,SM,yes,Fig.46,k,FM,,,2,105336 646468,,105336,matched,105336,1,Ni5 Sc1,191
1510,Pd5Sr,P6/mmm,191,TI,yes,Fig.45,k,NM,,,2,105707 648964,,105707,matched,105707,1,Pd5 Sr1,191
1511,CaPd5,P6/mmm,191,TI,yes,Fig.45,k,NM,,,2,106357 673956,,106357,matched,106357,1,Ca1 Pd5,191
1512,LaNi3Rh2,P6/mmm,191,SM,no,,k,FM,,,1,183385,,183385,matched,183385,1,La1 Ni3 Rh2,191
1513,FeGe,P6/mmm,191,SM,no,,k,FM,,,0,,,,unmatched,,0,,
1514,CoSn,P6/mmm,191,SM,no,,k,NM,,HQ,0,,,102671,matched,102671 151390 161110 161113 161115 161116 161117 161118,8,Co1 Sn1,191
1515,InNi,P6/mmm,191,SM,yes,Fig.46,k,NM,,,36,53459 631998 632006 632016 632022 55564 102671 151390 161110 161113 161115 161116 161117 161118 625264 670158 59435 161111 161114 161123 161124 161125 161126 185625 640117 103634 103635 152339 161109 161112 161119 161120 161121 161122 633740 633747,,161111,matched,161111 161114 161123 161124 161125 161126 185625,7,In1 Ni1,191
1516,FeSn,P6/mmm,191,SM,no,,k,FM,,,0,,,103634,matched,103634 103635 152339 161109 161112 161119 161120 161121 161122,9,Fe1 Sn1,191
1517,PtTl,P6/mmm,191,SM,no,,k,NM,,,1,105819,,105819,matched,105819,1,Pt1 Tl1,191
1518,ScCr6Ge6,P6/mmm,191,SM,no,,k,FM,,,1,626107,,,unmatched,,0,,
1519,YCr6Ge6,P6/mmm,191,SM,yes,Fig.46,k,NM,,,1,658018,,,unmatched,,0,,
1520,Li2NaN,P6/mmm,191,SM,no,,,NM,,,1,92308,,,unmatched,,0,,
1521,LiNa2N,P6/mmm,191,SM,no,,,NM,,,1,92310,,,unmatched,,0,,
1522,Na3N,P6/mmm,191,SM,no,,,NM,,,1,165989,,165989,matched,165989,1,N1 Na3,191
1523,Ta2N3O,P6/mmm,191,SM,no,,"k,b",FM,,,1,182352,,182352,matched,182352,1,N3 O1 Ta2,191
1524,Ta2N3F,P6/mmm,191,TI,no,,"k,b",NM,,,1,182353,,182353,matched,182353,1,F1 N3 Ta2,191
1525,La6Mn2S10,P63/mcm,193,SM,no,,b,FM,,,1,168592,,168592,matched,168592,1,La6 Mn2 S10,193
1526,Ca6FeN5,P63/mcm,193,SM,no,,"b,s",FM,,HQ,1,33796,,,unmatched,,0,,
1527,Ca6(MnN3)N2,P63/mcm,193,SM,no,,"b,s",FM,,HQ,1,80184,,,unmatched,,0,,
1528,La5Sb3Br,P63/mcm,193,SM,no,,,NM,,HQ,1,50725,,,unmatched,,0,,
1529,La5Sn3Cl,P63/mcm,193,SM,no,,,NM,,HQ,1,95238,,,unmatched,,0,,
1530,La5Sn3Br,P63/mcm,193,SM,no,,,NM,,HQ,1,95239,,,unmatched,,0,,
1531,La5Bi3Br,P63/mcm,193,SM,no,,,NM,,HQ,1,95241,,,unmatched,,0,,
1532,La5Pb3I,P63/mcm,193,SM,no,,,FM,,HQ,1,409778,,,unmatched,,0,,
1533,Sc5Si3,P63/mcm,193,SM,no,,,NM,,,3,23932 602016 651814,,,unmatched,,0,,
1534,Hf5Ge3,P63/mcm,193,TI,no,,,NM,,,2,44361 636545,,,unmatched,,0,,
1535,Ta5Ge3,P63/mcm,193,SM,no,,,NM,,,2,56028 637960,,,unmatched,,0,,
1536,Ti5Si3,P63/mcm,193,TI,no,,,NM,SC,,4,62591 168415 652424 671881,,168415,matched,168415,1,Si3 Ti5,193
1537,Ta5Si3,P63/mcm,193,SM,no,,,NM,,,3,76159 652324 652335,,,unmatched,,0,,
1538,Hf5Sn3,P63/mcm,193,SM,no,,,NM,,,3,104273 183487 638947,,104273,matched,104273 183487,2,Hf5 Sn3,193
1539,Ti5Sn3,P63/mcm,193,TI,no,,,NM,,,5,109292 169008 652783 652785 670883,,109292,matched,109292 169008,2,Sn3 Ti5,193
1540,Ca5Sb3,P63/mcm,193,SM,no,,,NM,,HQ,2,173026 619563,,173026,matched,173026,1,Ca5 Sb3,193
1541,Hf5Ge3,P63/mcm,193,SM,no,,,NM,,,1,636541,,,unmatched,,0,,
1542,Ti5Si3,P63/mcm,193,SM,no,,,NM,,,1,652420,,,unmatched,,0,,
1543,Zr5Si3,P63/mcm,193,SM,no,,,NM,SC,,5,652605 652612 652616 652621 656924,,,unmatched,,0,,
1544,K3N,P63/mcm,193,TI,yes,Fig.46,"b,s",NM,,,1,99999,,,unmatched,,0,,
1545,NbI3,P63/mcm,193,SM,yes,Fig.46,,FM,,,1,109145,,109145,matched,109145,1,I3 Nb1,193
1546,SiO2,P63/mmc,194,Triv.,no,,"k,b,s",NM,,,9,170481 170496 38126 40902 40903 44270 162623 162624 200478,,162623,matched,162623 162624 170481 170496 200478,5,O2 Si1,194
1547,LiFeAs,P63/mmc,194,SM,no,,,FM,,,1,187133,,187133,matched,187133,1,As1 Fe1 Li1,194
1548,KV3Ge2O9,P63/mmc,194,Triv.,no,,"k,b,s",FM,,HQ,1,187490,,187490,matched,187490,1,Ge2 K1 O9 V3,194
1549,ZnO,P63/mmc,194,Triv.,no,,,,,,2,670354 670355,,,unmatched,,0,,
1550,SnNi3,P63/mmc,194,SM,no,,k,,,,6,670879 105357 150926 411928 646749 646751,,105357,matched,105357 150926,2,Ni3 Sn1,194
1551,Cr2AlC,P63/mmc,194,SM,no,,b,NM,SC,,2,42918 606181,,,unmatched,,0,,
1552,Sc2AlC,P63/mmc,194,SM,no,,b,NM,,,1,160378,,160378,matched,160378,1,C1 Al1 Sc2,194
1553,Sc2InC,P63/mmc,194,SM,no,,b,NM,,,8,160380 163503 163510 163511 161063 161064 252840 618806,,160380,matched,160380 163503 163510 163511,4,C1 In1 Sc2,194
1554,Ti2SnC,P63/mmc,194,TI,no,,b,NM,,,0,,,161063,matched,161063 161064,2,C1 Sn1 Ti2,194
1555,Ba5IrIn2Al2O13Cl,P63/mmc,194,Triv.,no,,"k∗,b,s",FM,,,1,71602,,,unmatched,,0,,
1556,RbNiF3,P63/mmc,194,SM,no,,"k∗,b,s",FM,,,3,15090 22127 91834,,15090,matched,15090,1,F3 Ni1 Rb1,194
1557,Rb(ZnF3),P63/mmc,194,Triv.,no,,"k∗,b,s",NM,,,3,41618 91835 91836,,,unmatched,,0,,
1558,K3Na(Re2O9),P63/mmc,194,Triv.,no,,"b,s",NM,,,1,73300,,,unmatched,,0,,
1559,K3La(Te2O9),P63/mmc,194,Triv.,no,,"k∗,b,s",,,HQ,1,195647,,195647,matched,195647,1,K3 La1 O9 Te2,194
1560,Ba3Sb2NiO9,P63/mmc,194,SM,no,,"k∗,b,s",AFM,,,1,200299,,200299,matched,200299,1,Ba3 Ni1 O9 Sb2,194
1561,Rb6Ni6F18,P63/mmc,194,SM,yes,Fig.46,"k∗,b,s",FM,,,2,410390 410391,,,unmatched,,0,,
1562,Ba(MnO3),P63/mmc,194,Triv.,no,,"k,b,s",AFM,,,1,23874,,10331,matched,10331 10332,2,Ba1 Mn1 O3,194
1563,BaNiO3,P63/mmc,194,Triv.,no,,,NM,,,2,175 30661,"175(b,s) 30661(k)",175,matched,175,1,Ba1 Ni1 O3,194
1564,BaCoO3,P63/mmc,194,SM,no,,,FM,,,3,922 26586 173504,"922(b,s) 26586(k) 173504(b,s)",173504,matched,173504,1,Ba1 Co1 O3,194
1565,Cs(MnBr3),P63/mmc,194,SM,no,,"k∗,b,s",FM,,,2,2782 9703,,,unmatched,,0,,
1566,BaVS3,P63/mmc,194,SM,yes,Fig.46,k∗,FM,SC,,8,8193 8194 15537 23194 62711 154181 616097 616098,,15537,matched,15537 154181,2,Ba1 S3 V1,194
1567,Rb(MnBr3),P63/mmc,194,SM,no,,k∗,FM,,,2,9704 14077,"9704(b,s)",14077,matched,14077,1,Br3 Mn1 Rb1,194
1568,CsMnI3,P63/mmc,194,SM,no,,k∗,FM,,,5,10042 15949 15950 15951 15952,,10042,matched,10042 15949 15950 15951 15952,5,Cs1 I3 Mn1,194
1569,BaMnO3,P63/mmc,194,SM,no,,"b,s",AFM,,,2,10331 10332,10331(k),,unmatched,,0,,
1570,CsScCl3,P63/mmc,194,SM,no,,k∗,NM,,,1,10474,,10474,matched,10474,1,Cl3 Cs1 Sc1,194
1571,Ba(VSe3),P63/mmc,194,SM,yes,Fig.47,k∗,FM,,,1,10486,,10486,matched,10486,1,Ba1 Se3 V1,194
1572,RbNiCl3,P63/mmc,194,SM,no,,"k∗,b,s",FM,,,1,15010,,15010,matched,15010,1,Cl3 Ni1 Rb1,194
1573,RbNiBr3,P63/mmc,194,SM,no,,"k∗,b,s",FM,,,1,15011,,15011,matched,15011,1,Br3 Ni1 Rb1,194
1574,CsVCl3,P63/mmc,194,SM,no,,"k∗,b,s",FM,,,3,15932 201828 201832,,15932,matched,15932 201828 201832,3,Cl3 Cs1 V1,194
1575,BaTaS3,P63/mmc,194,SM,no,,k∗,NM,,,3,16083 616077 659541,,16083,matched,16083,1,Ba1 S3 Ta1,194
1576,CsVI3,P63/mmc,194,SM,no,,k∗,FM,,,2,26453 26454,,,unmatched,,0,,
1577,CsCoCl3,P63/mmc,194,SM,no,,"k∗,b,s",FM,,,1,27511,,,unmatched,,0,,
1578,CsCrCl3,P63/mmc,194,TI,no,,k∗,FM,,,1,36132,,,unmatched,,0,,
1579,CsTiBr3,P63/mmc,194,SM,no,,k∗,FM,,,2,41320 400053,,,unmatched,,0,,
1580,Rb(TiCl3),P63/mmc,194,SM,no,,k∗,FM,,,1,49747,,,unmatched,,0,,
1581,Cs(TiCl3),P63/mmc,194,SM,no,,"k∗,b,s",FM,,,1,49748,,,unmatched,,0,,
1582,CsNiCl3,P63/mmc,194,SM,no,,"k∗,b,s",FM,,,3,59371 60262 423828,,,unmatched,,0,,
1583,Rb(CuCl3),P63/mmc,194,SM,no,,"k∗,b,s",FM,,,1,84212,,,unmatched,,0,,
1584,Rb(TiBr3),P63/mmc,194,SM,no,,k∗,FM,,HQ,1,154257,,154257,matched,154257,1,Br3 Rb1 Ti1,194
1585,Cs(TiI3),P63/mmc,194,SM,no,,k∗,FM,,HQ,1,154258,,154258,matched,154258,1,Cs1 I3 Ti1,194
1586,LaCrGe3,P63/mmc,194,SM,no,,,FM,,HQ,5,158976 290669 290670 290671 290672,,158976,matched,158976,1,Cr1 Ge3 La1,194
1587,CsFeBr3,P63/mmc,194,Triv.,no,,k∗,FM,,,1,174041,,174041,matched,174041,1,Br3 Cs1 Fe1,194
1588,CsVBr3,P63/mmc,194,SM,no,,"k∗,b,s",FM,,,2,201829 201833,,201829,matched,201829 201833,2,Br3 Cs1 V1,194
1589,RbVCl3,P63/mmc,194,SM,no,,k∗,FM,,,2,201830 201834,,201830,matched,201830 201834,2,Cl3 Rb1 V1,194
1590,RbVBr3,P63/mmc,194,SM,no,,k∗,FM,,,1,201831,,201831,matched,201831,1,Br3 Rb1 V1,194
1591,Cs(FeCl3),P63/mmc,194,Triv.,no,,"k∗,b,s",NM,,,1,300249,,,unmatched,,0,,
1592,CsNiBr3,P63/mmc,194,SM,no,,"k∗,b,s",FM,,HQ,1,423829,,,unmatched,,0,,
1593,CsNiI3,P63/mmc,194,SM,no,,"k∗,b,s",,,HQ,1,423830,,,unmatched,,0,,
1594,BaTaSe3,P63/mmc,194,SM,no,,k∗,NM,SC∗,,2,616129 659547,,,unmatched,,0,,
1595,BaNbS3,P63/mmc,194,SM,no,,k∗,NM,SC,,1,659538,,,unmatched,,0,,
1596,Y(MnO3),P63/mmc,194,TI,no,,b,FM,,,4,73361 182284 422982 422990,,182284,matched,182284,1,Mn1 O3 Y1,194
1597,Cs3Ru2Cl9,P63/mmc,194,Triv.,no,,k∗,NM,,,1,201057,,201057,matched,201057,1,Cl9 Cs3 Ru2,194
1598,Cs3(Nb2I9),P63/mmc,194,Triv.,no,,k∗,FM,,HQ,1,421295,,,unmatched,,0,,
1599,CuAlO2,P63/mmc,194,Triv.,no,,,NM,,,3,31368 60845 95661,,,unmatched,,0,,
1600,CuScO2,P63/mmc,194,Triv.,yes,Fig.47,,NM,,,4,60847 95667 151929 670128,,151929,matched,151929,1,Cu1 O2 Sc1,194
1601,AgAlO2,P63/mmc,194,Triv.,no,,,NM,,,2,95662 300020,,,unmatched,,0,,
1602,CuGaO2,P63/mmc,194,Triv.,no,,,NM,,,1,95664,,,unmatched,,0,,
1603,AgGaO2,P63/mmc,194,Triv.,no,,,NM,,,1,95665,,,unmatched,,0,,
1604,AgScO2,P63/mmc,194,Triv.,no,,,NM,,,2,95668 670073,,,unmatched,,0,,
1605,CuInO2,P63/mmc,194,Triv.,no,,,NM,,,2,95670 186620,,186620,matched,186620,1,Cu1 In1 O2,194
1606,AuInO2,P63/mmc,194,Triv.,no,,,NM,,,1,95672,,,unmatched,,0,,
1607,AgYO2,P63/mmc,194,Triv.,no,,,NM,,,2,95674 670075,,,unmatched,,0,,
1608,AuYO2,P63/mmc,194,Triv.,no,,,NM,,,2,95675 670100,,,unmatched,,0,,
1609,Ni,P63/mmc,194,SM,no,,,FM,,,2,76668 671412,,,unmatched,,0,,
1610,NiMnGe,P63/mmc,194,SM,yes,Fig.47,,FM,,,4,41921 637011 637019 637029,,,unmatched,,0,,
1611,AlAuTi,P63/mmc,194,SM,no,,,FM,,,1,57506,,,unmatched,,0,,
1612,InNi2,P63/mmc,194,SM,no,,,NM,,,6,59436 59437 185624 640098 640107 670969,,185624,matched,185624,1,In1 Ni2,194
1613,CoNiSn,P63/mmc,194,SM,yes,Fig.47,,FM,,,2,102582 196627,,102582,matched,102582 196627,2,Co1 Ni1 Sn1,194
1614,Co2Sn,P63/mmc,194,TI,no,,,FM,,,2,102673 625262,,102673,matched,102673,1,Co2 Sn1,194
1615,CoFeGe,P63/mmc,194,SM,no,,,,,,1,196628,,196628,matched,196628,1,Co1 Fe1 Ge1,194
1616,Co2Ge,P63/mmc,194,TI,no,,,FM,,,2,623418 623430,,108289,matched,108289,1,Co2 Ge1,194
1617,GaNi2,P63/mmc,194,SM,no,,,NM,,,2,634869 670968,,,unmatched,,0,,
1618,Ni1Sb1V1,P63/mmc,194,SM,no,,,,,,2,671080 671081,,,unmatched,,0,,
1619,K5(AuAs2),P63/mmc,194,Triv.,no,,b,NM,,,1,40698,,,unmatched,,0,,
1620,K5(AuP2),P63/mmc,194,Triv.,no,,b,NM,,,1,40700,,,unmatched,,0,,
1621,Co2Ge,P63/mmc,194,SM,no,,,FM,,,1,108289,,,unmatched,,0,,
1622,LaI,P63/mmc,194,TI,no,,,NM,,,2,83678 171451,,171451,matched,171451,1,I1 La1,194
1623,Co3Nb2Si,P63/mmc,194,SM,no,,k∗,NM,,,1,53018,,,unmatched,,0,,
1624,ZrAl2,P63/mmc,194,TI,no,,k∗,NM,,,7,55594 191009 603593 609703 609713 609721 609743,,191009,matched,191009,1,Al2 Zr1,194
1625,ZrAl2,P63/mmc,194,TI,no,,k∗,NM,SC,,1,150527,,150527,matched,150527,1,Al2 Zr1,194
1626,Na2Cs,P63/mmc,194,SM,no,,k∗,NM,,,2,246932 627052,,,unmatched,,0,,
1627,Ni3Sc2Si,P63/mmc,194,SM,no,,k∗,,,,1,646484,,,unmatched,,0,,
1628,TiNb4S8,P63/mmc,194,SM,no,,b,NM,,,1,645332,,,unmatched,,0,,
1629,VNb4S8,P63/mmc,194,SM,no,,b,FM,,,1,645339,,,unmatched,,0,,
1630,K3P,P63/mmc,194,Triv.,no,,,NM,,,1,25550,,,unmatched,,0,,
1631,K3Bi,P63/mmc,194,SM,no,,,NM,,,1,26885,,,unmatched,,0,,
1632,K3Sb,P63/mmc,194,Triv.,no,,,NM,,,2,26886 656327,,,unmatched,,0,,
1633,Rb3Sb,P63/mmc,194,Triv.,no,,,NM,,,2,77991 650044,,,unmatched,,0,,
1634,Na2MgPb,P63/mmc,194,SM,no,,,NM,,HQ,1,238202,,,unmatched,,0,,
1635,Na2MgSn,P63/mmc,194,SM,no,,,NM,,HQ,1,262676,,,unmatched,,0,,
1636,BiRb3,P63/mmc,194,SM,no,,,NM,,,2,616995 616997,,,unmatched,,0,,
1637,Na2O(Al2O3)11,P63/mmc,194,Triv.,no,,b,NM,,,3,15970 16933 60635,,15970,matched,15970 16933,2,Al22 Na2 O34,194
1638,AlTi3,P63/mmc,194,SM,no,,k∗,NM,,,0,,,181338,matched,181338,1,Al1 Ti3,194
1639,Co3Mo,P63/mmc,194,SM,yes,Fig.47,k∗,FM,,,13,58188 99779 181338 609523 609538 102542 624214 624216 671172 102722 187993 625553 671174,,102542,matched,102542,1,Co3 Mo1,194
1640,Co3W,P63/mmc,194,SM,yes,Fig.47,k∗,FM,,,0,,,102722,matched,102722 187993,2,Co3 W1,194
1641,GaTi3,P63/mmc,194,SM,no,,k∗,NM,SC,,3,103991 182429 635554,,103991,matched,103991 182429,2,Ga1 Ti3,194
1642,Ni3In,P63/mmc,194,SM,yes,Fig.47,k∗,FM,,,4,151196 185623 185627 640100,,151196,matched,151196 185623 185627,3,In1 Ni3,194
1643,Co3Ta,P63/mmc,194,SM,no,,k∗,NM,,,2,187991 671178,,187991,matched,187991,1,Co3 Ta1,194
1644,La3Al,P63/mmc,194,SM,no,,k∗,NM,,,2,603210 608280,,,unmatched,,0,,
1645,Ti3In,P63/mmc,194,SM,no,,k∗,NM,,,1,640656,,,unmatched,,0,,
1646,Co3Nb,P63/mmc,194,SM,no,,k∗,,,,1,671176,,,unmatched,,0,,
1647,FeSe,P63/mmc,194,SM,no,,,FM,,,32,29308 53541 53542 166442 166443 166444 169252 169254 169256 169258 169260 169262 169264 169266 169268 169270 169272 169284 169286 169288 169290 169292 169294 169296 169298 169300 169302 169307 290407 290410 633482 633490,,166442,matched,166442 166443 166444 169252 169254 169256 169258 169260 169262 169264 169266 169268 169270 169272 169284 169286 169288 169290 169292 169294 169296 169298 169300 169302 169307,25,Fe1 Se1,194
1648,FeSb,P63/mmc,194,SM,yes,Fig.47,,FM,SC,,3,53535 53971 633396,,,unmatched,,0,,
1649,MnSb,P63/mmc,194,TI,no,,,FM,SC,,0,,,163322,matched,163322 191176 191783,3,Mn1 Sb1,194
1650,BiMn,P63/mmc,194,SM,no,,,FM,SC,,49,53970 54266 76212 76258 76620 163322 191176 191783 601839 603577 643511 643513 643514 643515 643517 643519 643522 643523 643527 643529 643530 643532 643533 643535 58805 192873 192874 192875 192876 192877 192878 192879 192880 192881 616808 616811 616812 672818 76118 169166 169167 169168 169169 189946 624893 624900 624901 624909 657491,,192873,matched,192873 192874 192875 192876 192877 192878 192879 192880 192881,9,Bi1 Mn1,194
1651,CoSb,P63/mmc,194,TI,no,,,NM,SC,,0,,,169166,matched,169166 169167 169168 169169 189946,5,Co1 Sb1,194
1652,IrSn,P63/mmc,194,SM,no,,,NM,,,2,104561 641051,,104561,matched,104561,1,Ir1 Sn1,194
1653,Sr3P(BO3),P63/mmc,194,Triv.,no,,,NM,,,1,401207,,,unmatched,,0,,
1654,AgBaBi,P63/mmc,194,SM,no,,,NM,,,1,56978,,,unmatched,,0,,
1655,BaBiCu,P63/mmc,194,SM,no,,,NM,,,1,106303,,106303,matched,106303,1,Ba1 Bi1 Cu1,194
1656,LaPdSb,P63/mmc,194,SM,no,,,NM,,,1,641676,,,unmatched,,0,,
1657,InO(OH),P213,198,Triv.,no,,,NM,,,2,166255 166256,,166255,matched,166255 166256,2,H1 In1 O2,198
1658,Hg3(AsO4)Cl,P213,198,Triv.,no,,b,NM,,,3,89687 92963 411757,,,unmatched,,0,,
1659,Na3(AsS3),P213,198,Triv.,no,,,NM,,HQ,2,645 1036,,1036,matched,1036,1,As1 Na3 S3,198
1660,K3(SbO3),P213,198,Triv.,no,,b,NM,,HQ,1,279579,,,unmatched,,0,,
1661,Cs3(SbO3),P213,198,Triv.,no,,b,NM,,HQ,1,279580,,,unmatched,,0,,
1662,Cs3(BiO3),P213,198,Triv.,no,,,NM,,HQ,1,406563,,,unmatched,,0,,
1663,Rb3(BiO3),P213,198,Triv.,no,,b,NM,,HQ,1,407294,,,unmatched,,0,,
1664,Cs3SbS3,P213,198,Triv.,no,,,NM,,HQ,1,426551,,,unmatched,,0,,
1665,K3SbS3,P213,198,Triv.,no,,,NM,,HQ,2,426552 641323,,,unmatched,,0,,
1666,Rb3SbS3,P213,198,Triv.,no,,b,NM,,HQ,1,426554,,,unmatched,,0,,
1667,Na(ClO3),P213,198,SM,no,,,NM,,,1,31056,,1117,matched,1117 1301 16714,3,Cl1 Na1 O3,198
1668,SiO2,P213,198,Triv.,no,,"b,s",NM,,,4,24587 44269 162616 162617,,162616,matched,162616 162617,2,O2 Si1,198
1669,Tl2Pb(Cu(NO2)6),Fm3̄,202,SM,no,,,NM,,HQ,1,16,,16,matched,16,1,Cu1 N6 O12 Pb1 Tl2,202
1670,K2Sr(Ni(NO2)6),Fm3̄,202,SM,no,,,AFM,,HQ,1,179,,179,matched,179,1,K2 N6 Ni1 O12 Sr1,202
1671,CaCu3Ru4O12,Im3̄,204,SM,no,,"k,b",FM,,HQ,3,51894 95715 183110,,183110,matched,183110,1,Ca1 Cu3 O12 Ru4,204
1672,LaCu3Ir4O12,Im3̄,204,SM,no,,"k,b",,,HQ,1,251657,,,unmatched,,0,,
1673,CoN3,Im3̄,204,TI,no,,,NM,,,1,162105,,162105,matched,162105,1,Co1 N3,204
1674,CoN3,Im3̄,204,SM,no,,,NM,,,1,162106,,162106,matched,162106,1,Co1 N3,204
1675,RhN3,Im3̄,204,Triv.,no,,,NM,,,1,162107,,162107,matched,162107,1,N3 Rh1,204
1676,RhN3,Im3̄,204,SM,no,,,NM,,,1,162108,,162108,matched,162108,1,N3 Rh1,204
1677,Ge(SeO3)2,Pa3̄,205,Triv.,no,,"b,s",NM,,,1,422884,,,unmatched,,0,,
1678,MgSe2,Pa3̄,205,Triv.,no,,,NM,,,1,642815,,,unmatched,,0,,
1679,Ca(NO3)2,Pa3̄,205,Triv.,no,,,NM,,,2,52351 56089,,,unmatched,,0,,
1680,Sn(SeO3)2,Pa3̄,205,Triv.,no,,b,NM,,,1,154716,,154716,matched,154716,1,O6 Se2 Sn1,205
1681,Si(P2O7),Pa3̄,205,Triv.,no,,"b,s",NM,,,1,19047,,19047,matched,19047,1,O7 P2 Si1,205
1682,SiO2,Ia3̄,206,Triv.,no,,"b,s",NM,,,1,170545,,170545,matched,170545,1,O2 Si1,206
1683,SiO2,F4132,210,SM,no,,"b,s",NM,,,1,170504,,170504,matched,170504,1,O2 Si1,210
1684,SiO2,I432,211,SM,no,,"b,s",NM,,,1,170506,,170506,matched,170506,1,O2 Si1,211
1685,Na(BH4),P4̄3m,215,Triv.,no,,,NM,,,1,182734,,182734,matched,182734,1,H4 B1 Na1,215
1686,Cs4(CO4),P4̄3m,215,Triv.,no,,,NM,,,1,245445,,,unmatched,,0,,
1687,Cd(CN)2,P4̄3m,215,Triv.,no,,,NM,,,2,20748 66938,,,unmatched,,0,,
1688,Zn(CN)2,P4̄3m,215,Triv.,no,,,NM,,,2,22392 670038,,,unmatched,,0,,
1689,Be4O(TeO6),F4̄3m,216,Triv.,no,,"k∗,p∗,b",NM,,HQ,1,1322,,1322,matched,1322,1,Be4 O7 Te1,216
1690,CsLi(MoO4),F4̄3m,216,Triv.,yes,"Fig.48(k∗,p∗,b,s)",NM,,HQ,,1,20805,,,unmatched,,0,,
1691,IrIn7GeO8,F4̄3m,216,Triv.,no,,"k∗,b",NM,,,1,417829,,,unmatched,,0,,
1692,Ni5Zr,F4̄3m,216,SM,yes,Fig.48,k∗,FM,,,5,54985 150648 150939 189201 647156,,150648,matched,150648 150939 189201,3,Ni5 Zr1,216
1693,Ni4ZnZr,F4̄3m,216,SM,yes,Fig.48,"k∗,p∗",NM,,,1,105477,,105477,matched,105477,1,Ni4 Zn1 Zr1,216
1694,MgYNi4,F4̄3m,216,SM,yes,Fig.49,"k∗,p∗",NM,,,4,107033 107424 183095 191556,,107033,matched,107033 107424 183095 191556,4,Mg1 Ni4 Y1,216
1695,CaMgNi4,F4̄3m,216,TI,yes,Fig.48,"k∗,p∗",FM,,,1,107419,,107419,matched,107419,1,Ca1 Mg1 Ni4,216
1696,LaMgNi4,F4̄3m,216,SM,yes,Fig.49,"k∗,p∗",FM,,,13,107420 162119 184164 242011 242012 242013 242014 242015 242021 242022 242023 242024 242025,,107420,matched,107420 162119 184164,3,La1 Mg1 Ni4,216
1697,ScNi4Cd,F4̄3m,216,SM,yes,Fig.49,"k∗,p∗",NM,,,1,185106,,185106,matched,185106,1,Cd1 Ni4 Sc1,216
1698,YNi4Cd,F4̄3m,216,SM,yes,Fig.49,"k∗,p∗",,,HQ,1,423939,,,unmatched,,0,,
1699,ZrNi5,F4̄3m,216,TI,yes,Fig.48,k∗,FM,,,1,601018,,,unmatched,,0,,
1700,ScAuNi4,F4̄3m,216,TI,yes,Fig.48,"k∗,p∗",NM,,,1,612227,,,unmatched,,0,,
1701,YAuNi4,F4̄3m,216,TI,yes,Fig.48,"k∗,p∗",,,,1,612233,,,unmatched,,0,,
1702,Be5Fe,F4̄3m,216,SM,no,,k∗,FM,,,1,616267,,,unmatched,,0,,
1703,YNi4Mn,F4̄3m,216,SM,no,,"k∗,p∗",FM,,,1,643173,,,unmatched,,0,,
1704,HfNi5,F4̄3m,216,SM,yes,Fig.48,k∗,,,,1,672665,,,unmatched,,0,,
1705,CsMn(Cr(CN)6),F4̄3m,216,SM,no,,,FM,,,1,56602,,,unmatched,,0,,
1706,Li2IrGa,F4̄3m,216,TI,no,,,NM,,,1,107085,,107085,matched,107085,1,Ga1 Ir1 Li2,216
1707,Li2IrIn,F4̄3m,216,TI,no,,,NM,,,1,107089,,107089,matched,107089,1,In1 Ir1 Li2,216
1708,Mn2CoIn,F4̄3m,216,Triv.,no,,,FM,,,1,160705,,160705,matched,160705,1,Co1 In1 Mn2,216
1709,Mn2CoSi,F4̄3m,216,SM,no,,,FM,,,1,160706,,160706,matched,160706,1,Co1 Mn2 Si1,216
1710,Mn2CoGe,F4̄3m,216,SM,no,,,FM,,,1,160707,,160707,matched,160707,1,Co1 Ge1 Mn2,216
1711,Mn2CoSn,F4̄3m,216,SM,no,,,FM,,,2,160708 183043,,160708,matched,160708 183043,2,Co1 Mn2 Sn1,216
1712,Mn2CoSb,F4̄3m,216,Triv.,no,,,FM,,,1,160709,,160709,matched,160709,1,Co1 Mn2 Sb1,216
1713,RuMn2Sn,F4̄3m,216,TI,no,,,FM,,,1,182829,,182829,matched,182829,1,Mn2 Ru1 Sn1,216
1714,RuMn2Si,F4̄3m,216,SM,no,,,FM,,,1,182830,,182830,matched,182830,1,Mn2 Ru1 Si1,216
1715,Ti2CoIn,F4̄3m,216,SM,no,,,FM,,,1,185664,,185664,matched,185664,1,Co1 In1 Ti2,216
1716,Ti2ZnAl,F4̄3m,216,SM,no,,,FM,,,1,185882,,185882,matched,185882,1,Al1 Ti2 Zn1,216
1717,CoFeMnGa,F4̄3m,216,SM,no,,,FM,,,1,186830,,186830,matched,186830,1,Co1 Fe1 Ga1 Mn1,216
1718,CoFeMnGe,F4̄3m,216,Triv.,no,,,FM,,,1,186831,,186831,matched,186831,1,Co1 Fe1 Ge1 Mn1,216
1719,Mn2CoAs,F4̄3m,216,SM,yes,Fig.49,,FM,,,1,191648,,191648,matched,191648,1,As1 Co1 Mn2,216
1720,CoFeTiAl,F4̄3m,216,Triv.,yes,Fig.50,,NM,,,2,191657 673236,,191657,matched,191657,1,Al1 Co1 Fe1 Ti1,216
1721,CoFeTiGa,F4̄3m,216,SM,yes,Fig.49,,NM,,,1,191658,,191658,matched,191658,1,Co1 Fe1 Ga1 Ti1,216
1722,CoFeTiSi,F4̄3m,216,SM,yes,Fig.49,,FM,,,1,191659,,191659,matched,191659,1,Co1 Fe1 Si1 Ti1,216
1723,CoFeTiGe,F4̄3m,216,SM,yes,Fig.50,,FM,,,1,191660,,191660,matched,191660,1,Co1 Fe1 Ge1 Ti1,216
1724,CoFeTiAs,F4̄3m,216,SM,yes,Fig.50,,FM,,,1,191661,,191661,matched,191661,1,As1 Co1 Fe1 Ti1,216
1725,CoFeTiSb,F4̄3m,216,SM,yes,Fig.50,,FM,,,1,191662,,191662,matched,191662,1,Co1 Fe1 Sb1 Ti1,216
1726,CoFeVGa,F4̄3m,216,SM,yes,Fig.50,,FM,,,1,191664,,191664,matched,191664,1,Co1 Fe1 Ga1 V1,216
1727,CoFeVAs,F4̄3m,216,SM,no,,,FM,,,1,191667,,191667,matched,191667,1,As1 Co1 Fe1 V1,216
1728,CoFeVSb,F4̄3m,216,SM,no,,,FM,,,1,191668,,191668,matched,191668,1,Co1 Fe1 Sb1 V1,216
1729,CoRhMnAl,F4̄3m,216,TI,no,,,,,,1,670591,,,unmatched,,0,,
1730,CoRhMnGa,F4̄3m,216,TI,no,,,,,,1,670592,,,unmatched,,0,,
1731,CoRhMnGe,F4̄3m,216,SM,no,,,,,,1,670593,,,unmatched,,0,,
1732,CoRhMnSi,F4̄3m,216,SM,no,,,,,,1,670594,,,unmatched,,0,,
1733,CoFeSiZr,F4̄3m,216,SM,no,,,,,,1,670706,,,unmatched,,0,,
1734,CoFeGeZr,F4̄3m,216,SM,no,,,,,,1,670707,,,unmatched,,0,,
1735,CrVScSi,F4̄3m,216,Triv.,no,,,,,,1,670792,,,unmatched,,0,,
1736,Zr2CoAl,F4̄3m,216,SM,no,,,,,,1,671654,,,unmatched,,0,,
1737,Fe2MnGe,F4̄3m,216,SM,yes,Fig.50,,,,,1,671982,,,unmatched,,0,,
1738,Fe2MnAl,F4̄3m,216,TI,yes,Fig.49,,,,,1,672261,,,unmatched,,0,,
1739,CoRuFeSi,F4̄3m,216,SM,no,,,,,,3,672893 672894 672895,,,unmatched,,0,,
1740,CoRuFeGe,F4̄3m,216,SM,no,,,,,,3,672896 672897 672898,,,unmatched,,0,,
1741,CoRuFeSn,F4̄3m,216,SM,no,,,,,,3,672899 672900 672901,,,unmatched,,0,,
1742,Co2MnSi,F4̄3m,216,SM,no,,,,,,3,672941 672942 675078,,,unmatched,,0,,
1743,VCoHfGa,F4̄3m,216,SM,no,,,,,,1,674822,,,unmatched,,0,,
1744,Co2MnAl,F4̄3m,216,Triv.,no,,,,,,1,675066,,,unmatched,,0,,
1745,Co2MnGa,F4̄3m,216,Triv.,no,,,,,,1,675070,,,unmatched,,0,,
1746,Co2MnGe,F4̄3m,216,SM,no,,,,,,1,675074,,,unmatched,,0,,
1747,CoMnCrSb,F4̄3m,216,SM,no,,,,,,9,675083 675084 675085 675086 675087 675088 33994 41935 49566,33994(b) 41935(b) 49566(b),,unmatched,,0,,
1748,GaMo4S8,F4̄3m,216,SM,no,,,FM,,HQ,2,158198 634707,158198(b),158198,matched,158198,1,Ga1 Mo4 S8,216
1749,GeV4Se8,F4̄3m,216,Triv.,no,,,FM,,HQ,2,50503 195256,50503(b),195256,matched,195256,1,Ge1 Se8 V4,216
1750,GaV4S8,F4̄3m,216,SM,no,,b,FM,,HQ,3,89980 158194 603133,,158194,matched,158194,1,Ga1 S8 V4,216
1751,Al(V4S8),F4̄3m,216,SM,no,,b,FM,,HQ,1,195251,,195251,matched,195251,1,Al1 S8 V4,216
1752,PdMnTe,F4̄3m,216,SM,no,,,FM,,HQ,2,40908 44996,,,unmatched,,0,,
1753,CuMnSb,F4̄3m,216,SM,no,,,FM,,,6,42978 53311 76251 628385 628386 628393,,,unmatched,,0,,
1754,LiZnP,F4̄3m,216,Triv.,no,,,NM,,,3,44824 642242 670561,,,unmatched,,0,,
1755,AuMnSb,F4̄3m,216,SM,no,,,FM,,,4,52673 612166 612167 612171,,,unmatched,,0,,
1756,CdLiP,F4̄3m,216,Triv.,no,,,NM,,,2,52813 670566,,,unmatched,,0,,
1757,CoMnSb,F4̄3m,216,SM,yes,Fig.50,,FM,,,3,53001 624126 624133,,,unmatched,,0,,
1758,CoVSb,F4̄3m,216,SM,no,,,FM,,,3,53071 107117 624925,,107117,matched,107117,1,Co1 Sb1 V1,216
1759,NiMnSb,F4̄3m,216,SM,yes,Fig.50,,FM,,,11,54255 76078 182485 643105 643108 643111 643121 54343 76199 76201 643415,,182485,matched,182485,1,Mn1 Ni1 Sb1,216
1760,RhMnSb,F4̄3m,216,SM,yes,Fig.51,,FM,,,0,,,,unmatched,,0,,
1761,AuMnSn,F4̄3m,216,SM,no,,,FM,,HQ,2,54465 240860,,,unmatched,,0,,
1762,CoNbSn,F4̄3m,216,Triv.,yes,Fig.51,,FM,,,2,102552 102553,,102552,matched,102552 102553,2,Co1 Nb1 Sn1,216
1763,IrMnSn,F4̄3m,216,SM,no,,,FM,,,1,104498,,104498,matched,104498,1,Ir1 Mn1 Sn1,216
1764,MnPtSn,F4̄3m,216,SM,yes,Fig.51,,FM,,,4,104955 104956 643383 643387,,104955,matched,104955 104956,2,Mn1 Pt1 Sn1,216
1765,CoHfSb,F4̄3m,216,Triv.,no,,,NM,,,1,108294,,108294,matched,108294,1,Co1 Hf1 Sb1,216
1766,GaMnPt,F4̄3m,216,SM,no,,,FM,,,1,108482,,108482,matched,108482,1,Ga1 Mn1 Pt1,216
1767,NiCrSb,F4̄3m,216,SM,no,,,FM,,,1,182484,,182484,matched,182484,1,Cr1 Ni1 Sb1,216
1768,RbCsN,F4̄3m,216,SM,no,,,FM,,,1,191639,,191639,matched,191639,1,Cs1 N1 Rb1,216
1769,RbCsP,F4̄3m,216,SM,no,,,FM,,,1,191640,,191640,matched,191640,1,Cs1 P1 Rb1,216
1770,RbCsAs,F4̄3m,216,SM,no,,,FM,,,1,191641,,191641,matched,191641,1,As1 Cs1 Rb1,216
1771,FeVTe,F4̄3m,216,SM,no,,,FM,,,1,191683,,191683,matched,191683,1,Fe1 Te1 V1,216
1772,CoCrTe,F4̄3m,216,SM,no,,,FM,,,1,191684,,191684,matched,191684,1,Co1 Cr1 Te1,216
1773,LiMnAs,F4̄3m,216,SM,no,,,FM,,HQ,1,192816,,192816,matched,192816,1,As1 Li1 Mn1,216
1774,LiCdAs,F4̄3m,216,SM,no,,,NM,,,3,609965 609966 670567,,,unmatched,,0,,
1775,MnNiSb,F4̄3m,216,Triv.,no,,,FM,,,2,643109 643120,,,unmatched,,0,,
1776,MnPtSb,F4̄3m,216,Triv.,no,,,FM,,,1,643377,,,unmatched,,0,,
1777,PtMnBi,F4̄3m,216,SM,no,,,,,,3,671364 671368 671372,,,unmatched,,0,,
1778,PtFeBi,F4̄3m,216,SM,no,,,,,,3,671365 671369 671373,,,unmatched,,0,,
1779,PtCoBi,F4̄3m,216,Triv.,no,,,,,,2,671366 671374,,,unmatched,,0,,
1780,PtCoBi,F4̄3m,216,TI,no,,,,,,1,671370,,,unmatched,,0,,
1781,MnTiTe,F4̄3m,216,SM,no,,,,,,1,671981,,,unmatched,,0,,
1782,LiCaC,F4̄3m,216,SM,yes,Fig.51,,,,,1,672030,,,unmatched,,0,,
1783,NaCaC,F4̄3m,216,SM,no,,,,,,1,672032,,,unmatched,,0,,
1784,PtCoSb,F4̄3m,216,Triv.,no,,,,,,1,672160,,,unmatched,,0,,
1785,PtCrSb,F4̄3m,216,SM,no,,,,,,1,672161,,,unmatched,,0,,
1786,PtMnSb,F4̄3m,216,TI,no,,,,,,1,672162,,,unmatched,,0,,
1787,CrTiGe,F4̄3m,216,Triv.,no,,,,,,1,675079,,,unmatched,,0,,
1788,CrTiSi,F4̄3m,216,Triv.,no,,,,,,1,675081,,,unmatched,,0,,
1789,Mn2Te,F4̄3m,216,SM,no,,,,,,1,675105,,,unmatched,,0,,
1790,Li6PO5Cl,F4̄3m,216,Triv.,no,,"k∗,b",NM,,HQ,1,421479,,,unmatched,,0,,
1791,Li6PO5Br,F4̄3m,216,Triv.,no,,"k∗,b",NM,,HQ,2,421480 421481,,,unmatched,,0,,
1792,MnSe,F4̄3m,216,SM,no,,,FM,,,9,24252 41526 670505 671667 41258 184376 236789 236790 670506,,,unmatched,,0,,
1793,FeN,F4̄3m,216,SM,no,,,NM,,,0,,,184376,matched,184376,1,Fe1 N1,216
1794,MnS,F4̄3m,216,SM,no,,,FM,,,2,76205 670482,,,unmatched,,0,,
1795,CoN,F4̄3m,216,SM,no,,,NM,,,10,79936 161754 184378 236791 236792 670475 161077 183180 190624 670502,,161754,matched,161754 184378,2,Co1 N1,216
1796,YN,F4̄3m,216,Triv.,no,,,NM,,,0,,,161077,matched,161077 183180 190624,3,N1 Y1,216
1797,CaSe,F4̄3m,216,Triv.,no,,,NM,,,2,167834 670485,,167834,matched,167834,1,Ca1 Se1,216
1798,ScC,F4̄3m,216,SM,no,,,FM,,,3,169407 189086 670497,,169407,matched,169407 189086,2,C1 Sc1,216
1799,CrTe,F4̄3m,216,TI,no,,,FM,,,4,169766 181056 670501 671345,,169766,matched,169766 181056,2,Cr1 Te1,216
1800,MnTe,F4̄3m,216,SM,no,,,FM,,,1,181324,,181324,matched,181324,1,Mn1 Te1,216
1801,YC,F4̄3m,216,SM,no,,,NM,,,1,183160,,183160,matched,183160,1,C1 Y1,216
1802,ZrC,F4̄3m,216,Triv.,no,,,NM,,,1,183162,,183162,matched,183162,1,C1 Zr1,216
1803,MnAs,F4̄3m,216,Triv.,no,,,FM,,,2,184925 191787,,184925,matched,184925 191787,2,As1 Mn1,216
1804,MnSn,F4̄3m,216,SM,yes,Fig.51,,FM,,,1,191171,,191171,matched,191171,1,Mn1 Sn1,216
1805,MnSb,F4̄3m,216,Triv.,no,,,FM,,,2,191175 191786,,191175,matched,191175 191786,2,Mn1 Sb1,216
1806,RbSb,F4̄3m,216,SM,no,,,FM,,,1,191491,,191491,matched,191491,1,Rb1 Sb1,216
1807,RbTe,F4̄3m,216,SM,no,,,FM,,,1,191493,,191493,matched,191493,1,Rb1 Te1,216
1808,MnP,F4̄3m,216,Triv.,no,,,FM,,,1,191788,,191788,matched,191788,1,Mn1 P1,216
1809,ScN,F4̄3m,216,Triv.,no,,,NM,,,2,236779 236780,,,unmatched,,0,,
1810,CaO,F4̄3m,216,Triv.,no,,,,,,1,670280,,,unmatched,,0,,
1811,SrO,F4̄3m,216,Triv.,no,,,,,,1,670287,,,unmatched,,0,,
1812,CrSe,F4̄3m,216,TI,no,,,,,,1,671343,,,unmatched,,0,,
1813,CaN,F4̄3m,216,SM,no,,,,,,2,672205 672206,,,unmatched,,0,,
1814,TiBi,F4̄3m,216,SM,no,,,,,,1,674898,,,unmatched,,0,,
1815,KSe,F4̄3m,216,SM,no,,,,,,1,675036,,,unmatched,,0,,
1816,KTe,F4̄3m,216,SM,no,,,,,,1,675040,,,unmatched,,0,,
1817,GaMo4CS8,F4̄3m,216,SM,yes,Fig.51,"b,s",NM,,,1,76848,,,unmatched,,0,,
1818,MgV2O4,F4̄3m,216,SM,yes,Fig.51,"k∗,p∗,b",,,,1,674693,,,unmatched,,0,,
1819,Cu2Al4O7,F4̄3m,216,SM,yes,Fig.51,"k∗,p∗,b",FM,,,1,100355,,100355,matched,100355,1,Al4 Cu2 O7,216
1820,SiO2,I4̄3m,217,Triv.,yes,Fig.52,"b,s",NM,,HQ,1,183701,,183701,matched,183701,1,O2 Si1,217
1821,Ni3Sb4O6F6,I4̄3m,217,TI,no,,"k,b",FM,,HQ,2,427047 427048,,,unmatched,,0,,
1822,Ca3Ir4Ge4,I4̄3m,217,SM,no,,k,NM,SC,HQ,2,195500 429727,,195500,matched,195500,1,Ca3 Ge4 Ir4,217
1823,Sr3Ir4Sn4,I4̄3m,217,SM,no,,k,NM,,HQ,1,410992,,,unmatched,,0,,
1824,Sr3Ir4Ge4,I4̄3m,217,SM,no,,k,,,HQ,1,429725,,,unmatched,,0,,
1825,Na3BiO3,I4̄3m,217,Triv.,no,,b,NM,,,1,23347,,,unmatched,,0,,
1826,Zn4O(BO2)6,I4̄3m,217,Triv.,no,,b,NM,,,6,15800 16826 27357 34085 100290 261810,15800(s) 34085(s) 100290(s) 261810(s),15800,matched,15800 16826 100290,3,B6 O13 Zn4,217
1827,Mg4P6(SN12),I4̄3m,217,Triv.,no,,b,NM,,HQ,2,65838 642665,65838(s),,unmatched,,0,,
1828,Cd4P6N12S,I4̄3m,217,Triv.,no,,"b,s",NM,,HQ,1,71019,,,unmatched,,0,,
1829,Zn8(P12N24)O2,I4̄3m,217,Triv.,no,,b,NM,,,1,417324,,,unmatched,,0,,
1830,Na8(Al6Si6O24)Cl2,P4̄3n,218,Triv.,no,,"b,s",NM,,,32,15336 29443 30263 40129 41188 41189 41190 68426 71432 83323 83324 83325 83326 98807 98808 98809 98810 98811 98812 98813 98814 98815 98816 98817 98818 98819 98820 162491 166827 402574 417689 673830,,15336,matched,15336 162491 166827,3,Al6 Cl2 Na8 O24 Si6,218
1831,Na8(Al6Si6O24),P4̄3n,218,SM,no,,"b,s",NM,,,1,56710,,,unmatched,,0,,
1832,Na4Cl(Al3Si3O12),P4̄3n,218,Triv.,no,,"b,s",NM,,,2,65004 74537,,,unmatched,,0,,
1833,Cd8(BeSiO4)6S2,P4̄3n,218,Triv.,no,,"b,s",NM,,,1,81485,,,unmatched,,0,,
1834,K8(AlSiO4)6,P4̄3n,218,SM,no,,"b,s",NM,,,1,237001,,,unmatched,,0,,
1835,Si3N4,I4̄3d,220,Triv.,no,,b,NM,,,1,97567,,,unmatched,,0,,
1836,Ge3N4,I4̄3d,220,Triv.,no,,b,NM,,,1,97569,,,unmatched,,0,,
1837,PbPd3,Pm3̄m,221,SM,yes,Fig.52,k,NM,SC,,2,42600 648357,,,unmatched,,0,,
1838,Ni3Ge,Pm3̄m,221,TI,yes,Fig.52,k,NM,,,0,,,104162,matched,104162,1,Ge1 Ni3,221
1839,AlNi3,Pm3̄m,221,SM,yes,Fig.52,k,FM,,,28,53745 104162 600112 637356 637358 637362 637364 58038 58039 105529 151385 185893 187989 196567 196568 604410 608781 608782 608790 608797 608799 608811 608814 671563 671564 672104 672243 673108,,105529,matched,105529 151385 185893 187989 196567 196568,6,Al1 Ni3,221
1840,InNi3,Pm3̄m,221,SM,yes,Fig.52,k,FM,,,2,59438 59439,,,unmatched,,0,,
1841,Ni3Si,Pm3̄m,221,TI,yes,Fig.52,k,NM,,,0,,,105343,matched,105343 105344 163353,3,Ni3 Si1,221
1842,Co3Ti,Pm3̄m,221,SM,no,,k,FM,,,0,,,102708,matched,102708 187964 187984,3,Co3 Ti1,221
1843,Co3Ta,Pm3̄m,221,SM,no,,k,FM,,,36,76413 77960 105343 105344 163353 600224 646572 646573 646579 646584 97992 97993 102708 187964 187984 625462 625468 625481 625484 102689 187967 187985 671179 103582 103583 181720 633132 633134 633135 633140 633141 675019 103856 103857 634857 634864,,102689,matched,102689 187967 187985,3,Co3 Ta1,221
1844,FePd3,Pm3̄m,221,SM,no,,k,FM,,,0,,,103582,matched,103582 103583 181720,3,Fe1 Pd3,221
1845,GaNi3,Pm3̄m,221,SM,yes,Fig.53,k,FM,,,0,,,103856,matched,103856 103857,2,Ga1 Ni3,221
1846,MnNi3,Pm3̄m,221,SM,no,,k,FM,,,1,104920,,104920,matched,104920,1,Mn1 Ni3,221
1847,MnZn3,Pm3̄m,221,SM,yes,Fig.53,k,FM,,,1,105020,,105020,matched,105020,1,Mn1 Zn3,221
1848,Ni3Sn,Pm3̄m,221,TI,yes,Fig.52,k,NM,,,2,105353 671094,,105353,matched,105353,1,Ni3 Sn1,221
1849,Pd3Sc,Pm3̄m,221,SM,no,,k,NM,,,10,105673 105674 648807 659956 105689 105690 648912 648916 648921 672133,,105673,matched,105673 105674,2,Pd3 Sc1,221
1850,Pd3Sn,Pm3̄m,221,SM,yes,Fig.53,k,NM,,,0,,,105689,matched,105689 105690,2,Pd3 Sn1,221
1851,Pd3Ti,Pm3̄m,221,SM,no,,k,NM,,,3,105724 167655 185637,,105724,matched,105724 167655 185637,3,Pd3 Ti1,221
1852,GeNb3,Pm3̄m,221,SM,no,,k,NM,,,2,108521 672135,,108521,matched,108521,1,Ge1 Nb3,221
1853,Nb3Si,Pm3̄m,221,SM,no,,k,NM,SC,,2,108629 645435,,108629,matched,108629,1,Nb3 Si1,221
1854,MgPd3,Pm3̄m,221,SM,no,,k,NM,,,1,153055,,153055,matched,153055,1,Mg1 Pd3,221
1855,Co3W,Pm3̄m,221,SM,yes,Fig.53,k,FM,,,3,187963 187987 671175,,187963,matched,187963 187987,2,Co3 W1,221
1856,Co3V,Pm3̄m,221,TI,no,,k,NM,,,2,187965 187988,,187965,matched,187965 187988,2,Co3 V1,221
1857,Co3Nb,Pm3̄m,221,TI,no,,k,NM,,,2,187966 671177,,187966,matched,187966,1,Co3 Nb1,221
1858,Co3Mo,Pm3̄m,221,SM,yes,Fig.53,k,FM,,,2,187969 671173,,187969,matched,187969,1,Co3 Mo1,221
1859,MgNi3,Pm3̄m,221,SM,yes,Fig.52,k,FM,SC∗,,1,193569,,193569,matched,193569,1,Mg1 Ni3,221
1860,InPd3,Pm3̄m,221,SM,yes,Fig.53,k,NM,,,2,247193 247197,,,unmatched,,0,,
1861,Cu3Ni,Pm3̄m,221,SM,yes,Fig.53,k,,,,1,670622,,,unmatched,,0,,
1862,CuNi3,Pm3̄m,221,SM,yes,Fig.53,k,,,,1,670623,,,unmatched,,0,,
1863,Ni3Pd,Pm3̄m,221,SM,no,,k,,,,1,670625,,,unmatched,,0,,
1864,CuPd3,Pm3̄m,221,SM,yes,Fig.54,k,,,,2,670626 675018,,,unmatched,,0,,
1865,Ni3Zr1,Pm3̄m,221,SM,no,,k,,,,1,671414,,,unmatched,,0,,
1866,KCl,Pm3̄m,221,Triv.,no,,,NM,,,41,31232 60402 61557 290513 290514 290515 290516 290517 290518 290519 290520 290521 290522 290523 290524 290525 290526 290527 290528 290529 290530 290531 290532 290533 290534 290535 290536 290537 290538 290539 290540 290541 290542 290543 290544 290545 290546 290547 290548 671476 674957,,,unmatched,,0,,
1867,RhSi,Pm3̄m,221,SM,no,,,NM,,,2,44385 182507,,182507,matched,182507,1,Rh1 Si1,221
1868,RbI,Pm3̄m,221,Triv.,no,,,NM,,,4,44619 61523 61559 674967,,,unmatched,,0,,
1869,FeAl,Pm3̄m,221,SM,no,,,FM,,,0,,,165165,matched,165165 169548 169549,3,Al1 Fe1,221
1870,CoFe,Pm3̄m,221,SM,no,,,FM,,,21,165165 169548 169549 607481 607487 658488 671099 56273 155839 187982 622884 57596 187973 606532 606533 606535 657493 58693 150619 616204 616206,,155839,matched,155839 187982,2,Co1 Fe1,221
1871,AlCo,Pm3̄m,221,TI,no,,,NM,,,0,,,187973,matched,187973,1,Al1 Co1,221
1872,BeCo,Pm3̄m,221,SM,no,,,FM,,,0,,,150619,matched,150619,1,Be1 Co1,221
1873,BeNi,Pm3̄m,221,TI,no,,,FM,,,3,58726 616363 616367,,,unmatched,,0,,
1874,CaCd,Pm3̄m,221,SM,no,,,NM,,,2,58874 619188,,,unmatched,,0,,
1875,InRh,Pm3̄m,221,SM,no,,,NM,SC,,2,59515 59516,,,unmatched,,0,,
1876,RbBr,Pm3̄m,221,Triv.,no,,,NM,,,3,61522 61560 674964,,,unmatched,,0,,
1877,KBr,Pm3̄m,221,Triv.,no,,,NM,,,31,61556 290554 290555 290556 290557 290558 290559 290560 290561 290562 290563 290564 290565 290566 290567 290568 290569 290570 290571 290572 290573 290574 290575 290576 290577 290578 290579 290580 290581 290582 674956,,,unmatched,,0,,
1878,PbS,Pm3̄m,221,TI,no,,,NM,,,1,77865,,183242,matched,183242,1,Pb1 S1,221
1879,TiFe,Pm3̄m,221,TI,no,,,NM,,,0,,,,unmatched,,0,,
1880,FeTi,Pm3̄m,221,TI,no,,,NM,SC,HQ,13,96139 150938 189111 189112 100533 103660 103661 190972 633925 633930 633937 633946 633950,,100533,matched_by_icsd,100533 103660 103661 190972,4,Fe1 Ti1,221
1881,CdSc,Pm3̄m,221,SM,no,,,NM,,,3,102061 620407 670253,,102061,matched,102061,1,Cd1 Sc1,221
1882,CoGa,Pm3̄m,221,SM,no,,,FM,,,7,102423 603022 623049 623050 623053 623057 657494,,102423,matched,102423,1,Co1 Ga1,221
1883,CoSc,Pm3̄m,221,TI,no,,,FM,SC,,2,102642 624932,,102642,matched,102642,1,Co1 Sc1,221
1884,CoTi,Pm3̄m,221,SM,no,,,FM,SC,,0,,,102705,matched,102705 108322 150937 187975 189225,5,Co1 Ti1,221
1885,CoZr,Pm3̄m,221,SM,no,,,FM,SC,,32,102705 108322 150937 187975 189225 625473 625477 625488 670727 102737 102738 189944 625667 625675 625704 670613 670728 103142 163697 185944 629426 629433 629435 672101 103681 103682 634034 670598 670599 670600 670601 670602,,102737,matched,102737 102738 189944,3,Co1 Zr1,221
1886,CuY,Pm3̄m,221,SM,no,,,NM,SC,,0,,,103142,matched,103142 163697 185944,3,Cu1 Y1,221
1887,FeV,Pm3̄m,221,SM,no,,,FM,,,0,,,103681,matched,103681 103682,2,Fe1 V1,221
1888,GaRh,Pm3̄m,221,SM,no,,,NM,,,2,103948 657338,,103948,matched,103948,1,Ga1 Rh1,221
1889,GaRu,Pm3̄m,221,SM,no,,,NM,,,1,103950,,103950,matched,103950,1,Ga1 Ru1,221
1890,HgLa,Pm3̄m,221,SM,no,,,NM,,,3,104305 639065 670252,,104305,matched,104305,1,Hg1 La1,221
1891,IrSc,Pm3̄m,221,TI,no,,,NM,SC,,4,104557 640974 657998 670271,,104557,matched,104557,1,Ir1 Sc1,221
1892,LiPd,Pm3̄m,221,SM,no,,,NM,,,3,104769 642255 642257,,104769,matched,104769,1,Li1 Pd1,221
1893,MgPd,Pm3̄m,221,TI,no,,,NM,,,4,104847 104848 163195 642749,,104847,matched,104847 104848 163195,3,Mg1 Pd1,221
1894,MgRh,Pm3̄m,221,SM,yes,Fig.54,,NM,,,2,104859 656818,,104859,matched,104859,1,Mg1 Rh1,221
1895,MnRh,Pm3̄m,221,TI,no,,,FM,,,2,104960 643391,,104960,matched,104960,1,Mn1 Rh1,221
1896,MnZn,Pm3̄m,221,SM,no,,,FM,,,1,105017,,105017,matched,105017,1,Mn1 Zn1,221
1897,NiZn,Pm3̄m,221,SM,no,,,NM,,,2,105470 647135,,105470,matched,105470,1,Ni1 Zn1,221
1898,RhY,Pm3̄m,221,TI,no,,,NM,SC,,11,105972 105973 650527 650530 650535 650536 650541 106004 106005 650737 650738,,105972,matched,105972 105973,2,Rh1 Y1,221
1899,RuTi,Pm3̄m,221,TI,no,,,NM,SC,,0,,,,unmatched,,0,,
1900,RuZr,Pm3̄m,221,TI,no,,,NM,SC,,2,106022 650789,,106022,matched,106022,1,Ru1 Zr1,221
1901,TlY,Pm3̄m,221,SM,no,,,NM,,,1,106195,,106195,matched,106195,1,Tl1 Y1,221
1902,YZn,Pm3̄m,221,SM,no,,,NM,SC,,7,106225 106226 653454 653455 653460 653464 653468,,106225,matched,106225 106226,2,Y1 Zn1,221
1903,RhZn,Pm3̄m,221,SM,no,,,NM,,HQ,1,107574,,107574,matched,107574,1,Rh1 Zn1,221
1904,MgSc,Pm3̄m,221,SM,no,,,NM,,,2,108583 161737,,108583,matched,108583 161737,2,Mg1 Sc1,221
1905,AuMn,Pm3̄m,221,SM,no,,,FM,,,1,109348,,109348,matched,109348,1,Au1 Mn1,221
1906,TiRu,Pm3̄m,221,TI,no,,,NM,,,1,150936,,150936,matched,150936,1,Ru1 Ti1,221
1907,CoSi,Pm3̄m,221,SM,no,,,FM,,,3,155928 670610 672131,,155928,matched,155928,1,Co1 Si1,221
1908,ZnO,Pm3̄m,221,Triv.,no,,,NM,,,3,163382 182360 670357,,163382,matched,163382 182360,2,O1 Zn1,221
1909,PdN,Pm3̄m,221,SM,no,,,NM,,,2,169396 191243,,169396,matched,169396 191243,2,N1 Pd1,221
1910,ZrRu,Pm3̄m,221,TI,no,,,NM,,,2,181289 672519,,181289,matched,181289,1,Ru1 Zr1,221
1911,PbS,Pm3̄m,221,Triv.,no,,,NM,,,1,183242,,,unmatched,,0,,
1912,MgNi,Pm3̄m,221,TI,no,,,NM,,,1,187256,,187256,matched,187256,1,Mg1 Ni1,221
1913,CoMn,Pm3̄m,221,TI,no,,,FM,,,1,187981,,187981,matched,187981,1,Co1 Mn1,221
1914,CoNi,Pm3̄m,221,SM,no,,,FM,,,1,187983,,187983,matched,187983,1,Co1 Ni1,221
1915,MnSn,Pm3̄m,221,SM,yes,Fig.54,,FM,,,1,191170,,191170,matched,191170,1,Mn1 Sn1,221
1916,FeN,Pm3̄m,221,SM,no,,,FM,,,2,236829 236830,,,unmatched,,0,,
1917,CoN,Pm3̄m,221,SM,no,,,FM,,,2,236831 236832,,,unmatched,,0,,
1918,CuN,Pm3̄m,221,SM,no,,,NM,,,2,236835 236836,,,unmatched,,0,,
1919,ZnN,Pm3̄m,221,SM,no,,,NM,,,3,236837 236838 670709,,,unmatched,,0,,
1920,RuTa,Pm3̄m,221,SM,no,,,FM,,,1,650690,,,unmatched,,0,,
1921,CoAl,Pm3̄m,221,TI,no,,,,,,2,670160 671171,,,unmatched,,0,,
1922,PdCu,Pm3̄m,221,SM,no,,,,,,2,670618 670621,,,unmatched,,0,,
1923,KSe,Pm3̄m,221,SM,no,,,,,,1,675033,,,unmatched,,0,,
1924,Rb(HgF3),Pm3̄m,221,Triv.,no,,"k,b,s,l",NM,,,1,15169,,15169,matched,15169,1,F3 Hg1 Rb1,221
1925,K(CoF3),Pm3̄m,221,SM,no,,"k,b,s,l",FM,,HQ,0,,,15246,matched,15246 15425 189368,3,Co1 F3 K1,221
1926,KMnF3,Pm3̄m,221,SM,yes,Fig.54,"k,b,s,l",FM,,,0,,,15423,matched,15423 189367 201254 201255,4,F3 K1 Mn1,221
1927,KFeF3,Pm3̄m,221,Triv.,yes,Fig.57,"k,b,s,l",FM,,,55,15246 15425 44785 189368 15423 37254 43721 44783 75409 75410 75411 189367 201254 201255 15424 37262 44784 107514 23076 27045 56092 56717 65088 65089 65090 76186 80871 80872 80873 80874 91899 94573 184455 184921 186725 186895 187296 187480 187619 191828 192314 201256 248379 262269 290370 290617 671735 672571 673179 673390 673418 673419 673892 674457 675010,,15424,matched,15424 107514,2,F3 Fe1 K1,221
1928,Sr(TiO3),Pm3̄m,221,Triv.,no,,"k,b,s,l",NM,SC,HQ,0,,,184455,matched,184455 184921 186725 186895 187296 187480 187619 191828 192314 201256,10,O3 Sr1 Ti1,221
1929,Tl(MnCl3),Pm3̄m,221,SM,no,,"k,b,s,l",FM,,,1,23167,,,unmatched,,0,,
1930,GaMn3C,Pm3̄m,221,SM,no,,"k,b,s,l",AFM,,,5,23586 76845 617912 617913 617914,,,unmatched,,0,,
1931,Cs(HgBr3),Pm3̄m,221,SM,yes,Fig.54,"k,b,s,l",NM,,,1,24479,,,unmatched,,0,,
1932,Cs(HgCl3),Pm3̄m,221,Triv.,no,,"k,b,s,l",NM,,,1,24482,,,unmatched,,0,,
1933,Sr(ZrO3),Pm3̄m,221,Triv.,no,,"k,b,s,l",NM,,,9,27046 29153 89365 89366 187481 188448 191829 290618 671952,,187481,matched,187481 188448 191829,3,O3 Sr1 Zr1,221
1934,Sr(SnO3),Pm3̄m,221,Triv.,no,,"k,b,s,l",NM,,,3,27047 181089 674084,,181089,matched,181089,1,O3 Sn1 Sr1,221
1935,Ba(ZrO3),Pm3̄m,221,Triv.,no,,"k,b,s,l",NM,,,29,27048 43136 90049 97459 97460 97461 97462 290002 671502 672709 672997 673866 674065 674771 27049 43138 180138 181091 184338 185615 186899 188149 190601 239582 424820 670659 672199 674074 674772,,,unmatched,,0,,
1936,Ba(SnO3),Pm3̄m,221,Triv.,no,,"k,b,s,l",NM,,,0,,,180138,matched,180138 181091 184338 185615 186899 188149 190601,7,Ba1 O3 Sn1,221
1937,Ca(SnO3),Pm3̄m,221,SM,no,,"k,b,s,l",FM,,,1,27777,,181086,matched,181086 181087,2,Ca1 O3 Sn1,221
1938,BaTiO3,Pm3̄m,221,Triv.,no,,"k,b,s,l",NM,,,36,27970 27971 27972 27973 27975 27976 27977 28848 28849 28850 28851 28852 28853 28854 29147 43125 56093 67518 95437 99736 154344 166225 185374 186437 187291 190924 252562 290019 670888 670895 670904 671088 671604 672744 673178 674385,,154344,matched,154344 166225 185374 186437 187291 190924,6,Ba1 O3 Ti1,221
1939,KVF3,Pm3̄m,221,SM,yes,Fig.54,"k,b,s,l",FM,,,1,28145,,,unmatched,,0,,
1940,RbVF3,Pm3̄m,221,SM,yes,Fig.54,"k,b,s,l",FM,,,1,28146,,,unmatched,,0,,
1941,Na(NbO3),Pm3̄m,221,Triv.,no,,"k,b,s,l",NM,,,0,,,192407,matched,192407 192408,2,Na1 Nb1 O3,221
1942,Na(TaO3),Pm3̄m,221,Triv.,no,,"k,b,s,l",NM,,,24,28588 28589 28590 31867 192407 192408 236890 252485 28617 28618 28619 88378 239693 28930 29120 41061 673194 28949 40476 40477 56096 94089 192409 674545,,,unmatched,,0,,
1943,La(CrO3),Pm3̄m,221,SM,yes,Fig.54,"k,b,s,l",FM,,,0,,,,unmatched,,0,,
1944,KMgF3,Pm3̄m,221,Triv.,no,,"k,b,s,l",NM,,,0,,,192409,matched,192409,1,F3 K1 Mg1,221
1945,AgZnF3,Pm3̄m,221,Triv.,no,,"k,b,s,l",NM,,,2,28950 673278,,,unmatched,,0,,
1946,Ca(ZrO3),Pm3̄m,221,Triv.,no,,"k,b,s,l",NM,,,2,29003 56094,,,unmatched,,0,,
1947,BaFeO3,Pm3̄m,221,SM,no,,"k,b,s,l",FM,,,4,29096 262131 262132 672484,,,unmatched,,0,,
1948,La(FeO3),Pm3̄m,221,SM,no,,"k,b,s,l",FM,,,3,29118 673197 674500,,,unmatched,,0,,
1949,La(MnO3),Pm3̄m,221,Triv.,yes,Fig.57,"k,b,s,l",FM,,,0,,,188401,matched,188401,1,La1 Mn1 O3,221
1950,Sr(HfO3),Pm3̄m,221,Triv.,no,,"k,b,s,l",NM,,,20,29119 188401 673199 674501 674623 674779 29154 89386 161593 164620 184791 673486 31865 77060 153174 162924 162925 162926 165076 187293,,161593,matched,161593 164620 184791,3,Hf1 O3 Sr1,221
1951,Ca(TiO3),Pm3̄m,221,Triv.,no,,"k,b,s,l",NM,SC,,0,,,153174,matched,153174 162924 162925 162926 165076 187293,6,Ca1 O3 Ti1,221
1952,Sr(ZrO3),Pm3̄m,221,SM,no,,"k,b,s,l",NM,,,1,33666,,,unmatched,,0,,
1953,K3OBr,Pm3̄m,221,Triv.,no,,"k,b,s,l",NM,,HQ,1,33920,,,unmatched,,0,,
1954,K3OI,Pm3̄m,221,Triv.,no,,"k,b,s,l",NM,,HQ,1,36512,,,unmatched,,0,,
1955,K(TaO3),Pm3̄m,221,Triv.,no,,"k,b,s,l",NM,SC∗,HQ,7,39673 39905 56439 56440 184922 280424 674515,,184922,matched,184922,1,K1 O3 Ta1,221
1956,Rb(MnF3),Pm3̄m,221,SM,yes,Fig.55,"k,b,s,l",FM,,,1,43722,,,unmatched,,0,,
1957,AlCo3C,Pm3̄m,221,SM,no,,"k,b,s,l",NM,,,1,43847,,,unmatched,,0,,
1958,AlFe3C,Pm3̄m,221,SM,no,,"k,b,s,l",FM,,,3,43853 656541 672402,,,unmatched,,0,,
1959,Mn3GeC,Pm3̄m,221,SM,no,,"k,b,s,l",FM,,,1,44351,,,unmatched,,0,,
1960,Rh3YB,Pm3̄m,221,SM,yes,Fig.55,"k,b,s,l",NM,,,2,44568 615341,,,unmatched,,0,,
1961,K(CdF3),Pm3̄m,221,Triv.,no,,"k,b,s,l",NM,,,1,44788,,,unmatched,,0,,
1962,CsCdF3,Pm3̄m,221,Triv.,no,,"k,b,s,l",NM,,,5,49582 290343 290344 290345 674681,,,unmatched,,0,,
1963,CsFeF3,Pm3̄m,221,Triv.,no,,"k,b,s,l",FM,,,1,49583,,,unmatched,,0,,
1964,RbMgF3,Pm3̄m,221,Triv.,no,,"k,b,s,l",NM,,,1,49585,,,unmatched,,0,,
1965,RbFeF3,Pm3̄m,221,Triv.,no,,"k,b,s,l",FM,,,2,49586 671396,,,unmatched,,0,,
1966,RbCdF3,Pm3̄m,221,Triv.,no,,"k,b,s,l",NM,,,1,49587,,,unmatched,,0,,
1967,Ca(SnO3),Pm3̄m,221,Triv.,no,,"k,b,s,l",NM,,,3,56095 181086 181087,,,unmatched,,0,,
1968,NaVF3,Pm3̄m,221,SM,yes,Fig.55,"k,b,s,l",FM,,,1,60611,,,unmatched,,0,,
1969,Sr(RuO3),Pm3̄m,221,SM,yes,Fig.55,"k,b,s,l",FM,,HQ,7,69360 82981 82982 82983 82984 162777 187484,,162777,matched,162777 187484,2,O3 Ru1 Sr1,221
1970,Rb3AuO,Pm3̄m,221,Triv.,no,,"k,b,s,l",NM,,HQ,2,75499 79087,,,unmatched,,0,,
1971,Mn3NiN,Pm3̄m,221,SM,no,,"k,b,s,l",FM,,,1,76056,,,unmatched,,0,,
1972,Mn3ZnN,Pm3̄m,221,SM,no,,"k,b,s,l",FM,,,2,76070 237710,,,unmatched,,0,,
1973,Fe3ZnC,Pm3̄m,221,SM,yes,Fig.55,"k,b,s,l",FM,,,1,76763,,,unmatched,,0,,
1974,Co3MgC,Pm3̄m,221,SM,yes,Fig.55,"k,b,s,l",FM,,,1,76790,,,unmatched,,0,,
1975,Co3ScC,Pm3̄m,221,SM,no,,"k,b,s,l",NM,,,1,76793,,,unmatched,,0,,
1976,Co3ZnC,Pm3̄m,221,SM,yes,Fig.55,"k,b,s,l",FM,,,1,76797,,,unmatched,,0,,
1977,Fe3SnC,Pm3̄m,221,SM,no,,"k,b,s,l",NM,,,1,76842,,,unmatched,,0,,
1978,Sr(CoO3),Pm3̄m,221,SM,no,,"k,b,s,l",FM,,,2,77142 184078,,184078,matched,184078,1,Co1 O3 Sr1,221
1979,Mn3SnC,Pm3̄m,221,SM,no,,"k,b,s,l",FM,,,4,77153 194052 618271 618272,,194052,matched,194052,1,C1 Mn3 Sn1,221
1980,Mn3ZnC,Pm3̄m,221,SM,no,,"k,b,s,l",FM,,,3,77154 150829 618284,,150829,matched,150829,1,C1 Mn3 Zn1,221
1981,Rb3BrO,Pm3̄m,221,Triv.,no,,"k,b,s,l",NM,,,1,77196,,,unmatched,,0,,
1982,CsCaBr3,Pm3̄m,221,Triv.,no,,"k,b,s,l",NM,,,1,77242,,,unmatched,,0,,
1983,YRh3C,Pm3̄m,221,SM,yes,Fig.55,"k,b,s,l",NM,,,1,77389,,,unmatched,,0,,
1984,K3AuO,Pm3̄m,221,Triv.,no,,"k,b,s,l",NM,,HQ,1,79086,,,unmatched,,0,,
1985,Sr(VO3),Pm3̄m,221,SM,yes,Fig.56,"k,b,s,l",FM,,HQ,0,,,108826,matched,108826,1,O3 Sr1 V1,221
1986,La(AlO3),Pm3̄m,221,Triv.,no,,"k,b,s,l",NM,,,36,88982 96291 108826 672730 673312 90550 90551 90552 90553 90554 90555 90556 92561 92562 153831 153832 153833 153834 153835 153836 170772 191414 191415 191416 191417 191424 191425 191426 191427 191428 191429 191464 672200 673133 673339 674095,,153831,matched,153831 153832 153833 153834 153835 153836 170772 191414 191415 191416 191417 191424 191425 191426 191427 191428 191429 191464,18,Al1 La1 O3,221
1987,SrFeO3,Pm3̄m,221,SM,no,,"k,b,s,l",FM,,HQ,3,91062 92335 163228,,163228,matched,163228,1,Fe1 O3 Sr1,221
1988,CaPd3C,Pm3̄m,221,SM,no,,"k,b,s,l",NM,,,1,108128,,108128,matched,108128,1,C1 Ca1 Pd3,221
1989,Co3SnC,Pm3̄m,221,SM,no,,"k,b,s,l",FM,,,1,108129,,108129,matched,108129,1,C1 Co3 Sn1,221
1990,Sr(CrO3),Pm3̄m,221,SM,no,,"k,b,s,l",FM,,,2,108903 245834,,108903,matched,108903,1,Cr1 O3 Sr1,221
1991,Sr(TcO3),Pm3̄m,221,SM,yes,Fig.56,"k,b,s,l",NM,,,0,,,109076,matched,109076 183453,2,O3 Sr1 Tc1,221
1992,Pb(TiO3),Pm3̄m,221,Triv.,no,,"k,b,s,l",NM,,HQ,12,109076 183453 671084 671085 153406 162043 162047 187295 187505 262090 672655 673003,,153406,matched,153406 162043 162047 187295 187505,5,O3 Pb1 Ti1,221
1993,KCaF3,Pm3̄m,221,Triv.,no,,"k,b,s,l",NM,,,3,154073 154074 670413,,154073,matched,154073 154074,2,Ca1 F3 K1,221
1994,BiAlO3,Pm3̄m,221,Triv.,no,,"k,b,s,l",NM,,,2,157549 158756,,157549,matched,157549 158756,2,Al1 Bi1 O3,221
1995,BiGaO3,Pm3̄m,221,Triv.,no,,"k,b,s,l",NM,,,2,157550 158757,,157550,matched,157550 158757,2,Bi1 Ga1 O3,221
1996,Bi(InO3),Pm3̄m,221,Triv.,no,,"k,b,s,l",NM,,,1,158758,,158758,matched,158758,1,Bi1 In1 O3,221
1997,Bi(ScO3),Pm3̄m,221,Triv.,no,,"k,b,s,l",NM,,,7,158759 181115 181116 181117 181118 181119 181120,,158759,matched,158759 181115 181116 181117 181118 181119 181120,7,Bi1 O3 Sc1,221
1998,Pb(CrO3),Pm3̄m,221,SM,no,,"k,b,s,l",FM,,HQ,2,160196 194155,,160196,matched,160196 194155,2,Cr1 O3 Pb1,221
1999,Pb(HfO3),Pm3̄m,221,Triv.,no,,"k,b,s,l",NM,,HQ,1,161702,,161702,matched,161702,1,Hf1 O3 Pb1,221
2000,Ca(MnO3),Pm3̄m,221,SM,yes,Fig.56,"k,b,s,l",FM,,,5,168902 168903 168905 181782 673449,,168902,matched,168902 168903 168905 181782,4,Ca1 Mn1 O3,221
2001,NaMgF3,Pm3̄m,221,Triv.,no,,"k,b,s,l",NM,,HQ,2,171813 193089,,171813,matched,171813 193089,2,F3 Mg1 Na1,221
2002,Pb(GeO3),Pm3̄m,221,Triv.,no,,"k,b,s,l",NM,,,9,185693 185694 185695 185696 185697 185698 185699 185700 185701,,185693,matched,185693 185694 185695 185696 185697 185698 185699 185700 185701,9,Ge1 O3 Pb1,221
2003,Pb(VO3),Pm3̄m,221,SM,yes,Fig.56,"k,b,s,l",FM,,,1,187637,,187637,matched,187637,1,O3 Pb1 V1,221
2004,Sr(MnO3),Pm3̄m,221,SM,yes,Fig.56,"k,b,s,l",AFM,,,2,188415 236949,,188415,matched,188415,1,Mn1 O3 Sr1,221
2005,K(NbO3),Pm3̄m,221,Triv.,no,,"k,b,s,l",NM,,HQ,2,190920 673080,,190920,matched,190920,1,K1 Nb1 O3,221
2006,Ba(VO3),Pm3̄m,221,SM,yes,Fig.56,"k,b,s,l",FM,,HQ,2,191203 673477,,191203,matched,191203,1,Ba1 O3 V1,221
2007,SrGeO3,Pm3̄m,221,Triv.,no,,"k,b,s,l",NM,,HQ,3,195084 672202 674088,,195084,matched,195084,1,Ge1 O3 Sr1,221
2008,RbCaF3,Pm3̄m,221,Triv.,no,,"k,b,s,l",NM,,,3,201252 201253 670414,,201252,matched,201252 201253,2,Ca1 F3 Rb1,221
2009,CaLiF3,Pm3̄m,221,Triv.,no,,"k,b,s,l",NM,,,2,236756 236757,,,unmatched,,0,,
2010,InNCo3,Pm3̄m,221,SM,yes,Fig.56,"k,b,s,l",FM,,HQ,1,247066,,,unmatched,,0,,
2011,TlPd3H,Pm3̄m,221,TI,no,,"k,b,s,l",NM,,HQ,1,247273,,,unmatched,,0,,
2012,PbZrO3,Pm3̄m,221,Triv.,no,,"k,b,s,l",NM,,HQ,12,262104 262105 290872 290873 290874 290875 290876 290877 290878 290879 672047 673004,,,unmatched,,0,,
2013,CdCo3N,Pm3̄m,221,SM,yes,Fig.56,"k,b,s,l",FM,,HQ,1,422858,,,unmatched,,0,,
2014,YPd3H,Pm3̄m,221,SM,no,,"k,b,s,l",,,,1,670902,,,unmatched,,0,,
2015,CaTcO3,Pm3̄m,221,SM,yes,Fig.57,"k,b,s,l",,,,2,671082 671083,,,unmatched,,0,,
2016,BaTcO3,Pm3̄m,221,SM,yes,Fig.57,"k,b,s,l",,,,2,671086 671087,,,unmatched,,0,,
2017,YBiO3,Pm3̄m,221,SM,no,,"k,b,s,l",,,,1,672990,,,unmatched,,0,,
2018,ZnSnO3,Pm3̄m,221,SM,yes,Fig.57,"k,b,s,l",,,,1,673496,,,unmatched,,0,,
2019,BaRuO3,Pm3̄m,221,SM,no,,"k,b,s,l",,,,1,673893,,,unmatched,,0,,
2020,BaHfO3,Pm3̄m,221,Triv.,no,,"k,b,s,l",,,,1,674059,,,unmatched,,0,,
2021,KSbO3,Pm3̄m,221,Triv.,yes,Fig.57,"k,b,s,l",,,,1,674060,,,unmatched,,0,,
2022,LiSrF3,Pm3̄m,221,Triv.,no,,"k,b,s,l",,,,1,674527,,,unmatched,,0,,
2023,ReO3,Pm3̄m,221,SM,no,,"k,b,s,l",NM,,,6,16810 77679 105546 647350 647352 671107,,16810,matched,16810 105546,2,O3 Re1,221
2024,NbF3,Pm3̄m,221,SM,no,,"k,b,s,l",FM,,,2,25596 60246,,,unmatched,,0,,
2025,MoF3,Pm3̄m,221,SM,yes,Fig.57,"k,b,s,l",FM,,,1,30612,,,unmatched,,0,,
2026,ScF3,Pm3̄m,221,Triv.,yes,Fig.58,"k,b,s,l",NM,,,48,77071 194248 194249 194250 194273 261067 261068 261069 261070 261071 261072 261073 261074 261075 261076 261077 261078 261079 261080 261081 261082 261083 261084 261085 261086 261087 261088 261089 261090 261091 261092 261093 261094 261095 671108 673424 673425 673426 673427 673428 673429 673430 673431 673432 673433 673434 673435 673436,,194248,matched,194248 194249 194250 194273,4,F3 Sc1,221
2027,WO3,Pm3̄m,221,Triv.,yes,Fig.58,"k,b,s,l",NM,SC∗,,3,108651 183408 674843,,108651,matched,108651 183408,2,O3 W1,221
2028,AlF3,Pm3̄m,221,Triv.,no,,"k,b,s,l",NM,,HQ,1,130021,,130021,matched,130021,1,Al1 F3,221
2029,Na3N,Pm3̄m,221,SM,yes,Fig.57,"k,b,s,l",NM,,,12,165988 249566 412313 421109 421110 421111 421112 421113 421115 421116 421117 421118,,165988,matched,165988,1,N1 Na3,221
2030,MgO,Pm3̄n,223,Triv.,yes,Fig.58,,NM,,,1,181465,,181465,matched,181465,1,Mg1 O1,223
2031,AuTa3,Pm3̄n,223,SM,no,,,NM,,,1,58599,,,unmatched,,0,,
2032,AuV3,Pm3̄n,223,SM,no,,,FM,SC,,4,58612 612451 612456 612459,,,unmatched,,0,,
2033,PdV3,Pm3̄n,223,SM,no,,,NM,SC,,2,105739 649092,,105739,matched,105739,1,Pd1 V3,223
2034,Al3Mo,Pm3̄n,223,SM,no,,,,,,1,672120,,,unmatched,,0,,
2035,SiC2N4,Pn3̄m,224,Triv.,yes,Fig.58,b,NM,,,1,93543,,,unmatched,,0,,
2036,MoZn7,Fm3̄m,225,SM,no,,k,NM,,,2,130003 644500,,130003,matched,130003,1,Mo1 Zn7,225
2037,LiPd7,Fm3̄m,225,SM,no,,k,NM,,,1,642266,,,unmatched,,0,,
2038,Co9S8,Fm3̄m,225,SM,no,,k∗,NM,,HQ,7,23929 31753 40046 600664 624834 657415 660368,,,unmatched,,0,,
2039,Cs2Mn(Mn(CN)6),Fm3̄m,225,Triv.,no,,,FM,,HQ,1,248046,,,unmatched,,0,,
2040,Cs2NaBiCl6,Fm3̄m,225,Triv.,no,,"k∗,b,s",NM,,HQ,2,2738 59195,,,unmatched,,0,,
2041,Ba2Mn(ReO6),Fm3̄m,225,Triv.,yes,Fig.59,"k∗,b,s",FM,,,2,4169 109256,,109256,matched,109256,1,Ba2 Mn1 O6 Re1,225
2042,K2Na(AlF6),Fm3̄m,225,Triv.,yes,Fig.59,,NM,,HQ,3,22109 40886 6027,22109(b) 40886(b),,unmatched,,0,,
2043,KTl2MoF6,Fm3̄m,225,SM,yes,Fig.58,b,FM,,,1,15775,,15775,matched,15775,1,F6 K1 Mo1 Tl2,225
2044,NaTl2MoF6,Fm3̄m,225,SM,yes,Fig.58,"k∗,b,s",FM,,,1,15776,,15776,matched,15776,1,F6 Mo1 Na1 Tl2,225
2045,K2NaCuF6,Fm3̄m,225,SM,no,,b,FM,,,1,22111,,,unmatched,,0,,
2046,K2NaScF6,Fm3̄m,225,Triv.,no,,"k∗,b,s",NM,,,2,22112 65730,,,unmatched,,0,,
2047,K2NaInF6,Fm3̄m,225,Triv.,no,,"k∗,b,s",NM,,,2,22113 23430,,,unmatched,,0,,
2048,K2NaTlF6,Fm3̄m,225,Triv.,yes,Fig.59,"k∗,b,s",NM,,,1,22114,,,unmatched,,0,,
2049,Cs2NaTlF6,Fm3̄m,225,Triv.,yes,Fig.60,"k∗,b,s",NM,,,1,22118,,,unmatched,,0,,
2050,Ba2MgWO6,Fm3̄m,225,Triv.,no,,"k∗,b,s",NM,,,10,24982 152572 152573 183771 262318 423033 243794 24983 185847 423034,"243794(k,s) 423034(k,s)",152572,matched,152572 152573 183771,3,Ba2 Mg1 O6 W1,225
2051,Ba2ZnWO6,Fm3̄m,225,Triv.,no,,b,NM,,,0,,,185847,matched,185847,1,Ba2 O6 W1 Zn1,225
2052,Ba2NiWO6,Fm3̄m,225,SM,no,,"k∗,b,s",AFM,,,0,,,,unmatched,,0,,
2053,Ba2CaWO6,Fm3̄m,225,Triv.,no,,b,NM,,,10,24984 27426 28342 243798 60499 76436 24985 245599 246111 195954,"60499(k,s) 76436(k,s) 245599(k,s) 246111(k,s)",195954,matched,195954,1,Ba2 Ca1 O6 W1,225
2054,Ba2LaReO6,Fm3̄m,225,SM,no,,"k∗,b,s",FM,,,1,25392,,,unmatched,,0,,
2055,Sr2YReO6,Fm3̄m,225,SM,no,,"k∗,b,s",FM,,,1,25404,,,unmatched,,0,,
2056,Ba2CoWO6,Fm3̄m,225,SM,yes,Fig.58,"k∗,b,s",FM,,,4,27425 97029 195130 672551,,195130,matched,195130,1,Ba2 Co1 O6 W1,225
2057,Sr2Ni(WO6),Fm3̄m,225,SM,no,,,AFM,,,2,28597 109165,"28597(k,b,s)",109165,matched,109165,1,Ni1 O6 Sr2 W1,225
2058,Sr2Co(WO6),Fm3̄m,225,SM,yes,Fig.58,"k∗,b,s",FM,,,1,28598,,,unmatched,,0,,
2059,Sr2Ni(MoO6),Fm3̄m,225,SM,no,,"k∗,b,s",FM,,,3,28600 155733 157027,,155733,matched,155733 157027,2,Mo1 Ni1 O6 Sr2,225
2060,Sr2Co(MoO6),Fm3̄m,225,SM,yes,Fig.59,"k∗,b,s",AFM,,,2,28601 153543,,153543,matched,153543,1,Co1 Mo1 O6 Sr2,225
2061,Sr2Ca(WO6),Fm3̄m,225,Triv.,no,,"k∗,b,s",NM,,,1,36459,,,unmatched,,0,,
2062,Rb2K(CoF6),Fm3̄m,225,Triv.,no,,b,NM,,,1,42147,,,unmatched,,0,,
2063,Rb2Na(CoF6),Fm3̄m,225,Triv.,no,,b,NM,,,1,42148,,,unmatched,,0,,
2064,Rb2Na(NiF6),Fm3̄m,225,SM,no,,b,FM,,,1,42150,,,unmatched,,0,,
2065,K2Na(NiF6),Fm3̄m,225,SM,no,,"k∗,b,s",FM,,,1,42151,,,unmatched,,0,,
2066,K3WF6,Fm3̄m,225,SM,no,,,FM,,HQ,1,51264,,,unmatched,,0,,
2067,Ba2MnWO6,Fm3̄m,225,SM,no,,"k∗,b,s",AFM,,HQ,7,51607 51608 51609 51610 51611 51612 51613,,,unmatched,,0,,
2068,Cs2KScCl6,Fm3̄m,225,Triv.,no,,"k∗,b,s",NM,,HQ,1,59196,,,unmatched,,0,,
2069,Cs2LiYCl6,Fm3̄m,225,Triv.,no,,"k∗,b,s",NM,,HQ,1,65731,,,unmatched,,0,,
2070,Cs2NaYCl6,Fm3̄m,225,Triv.,no,,"k∗,b,s",NM,,HQ,3,65732 245353 245354,,,unmatched,,0,,
2071,Pb2Mg(WO6),Fm3̄m,225,Triv.,no,,"k∗,b,s",NM,,HQ,1,67880,,,unmatched,,0,,
2072,Sr2Ca(MoO6),Fm3̄m,225,Triv.,no,,"k∗,b,s",NM,,HQ,1,72815,,,unmatched,,0,,
2073,Ba2Ca(IrO6),Fm3̄m,225,SM,no,,"k∗,b,s",FM,,HQ,1,74029,,,unmatched,,0,,
2074,Pb2(ScTaO6),Fm3̄m,225,Triv.,no,,"k∗,b,s",NM,,,1,77739,,,unmatched,,0,,
2075,(NH4)2NaInF6,Fm3̄m,225,Triv.,no,,"k∗,b,s",NM,,HQ,1,79099,,,unmatched,,0,,
2076,Ca2Fe(WO6),Fm3̄m,225,Triv.,no,,"k∗,b,s",FM,,,1,81203,,,unmatched,,0,,
2077,Ca2TiSiO6,Fm3̄m,225,Triv.,no,,"k∗,b,s",NM,,HQ,1,83455,,,unmatched,,0,,
2078,Ba2(YSbO6),Fm3̄m,225,Triv.,no,,"k∗,b,s",NM,,HQ,0,,,155253,matched,155253 155346 163373,3,Ba2 O6 Sb1 Y1,225
2079,YBa2(ReO6),Fm3̄m,225,SM,no,,b,FM,,HQ,16,84650 155253 155346 163373 94216 168215 94215 168216 96688 99063 184909 190613 190614 191681 246545 246546,"94216(k,s) 168215(k,s)",168215,matched,168215 168216,2,Ba2 O6 Re1 Y1,225
2080,Ba2FeMoO6,Fm3̄m,225,Triv.,yes,Fig.60,"k∗,b,s",FM,,,0,,,184909,matched,184909 190613 190614 191681,4,Ba2 Fe1 Mo1 O6,225
2081,Ba2(CoMoO6),Fm3̄m,225,SM,yes,Fig.59,"k∗,b,s",AFM,,HQ,3,97028 184910 672550,,184910,matched,184910,1,Ba2 Co1 Mo1 O6,225
2082,Ba2NiMoO6,Fm3̄m,225,SM,no,,"k∗,b,s",AFM,,HQ,1,98192,,,unmatched,,0,,
2083,Ba2(MnMoO6),Fm3̄m,225,SM,no,,"k∗,b,s",AFM,,HQ,2,98739 99090,,,unmatched,,0,,
2084,Ba2(FeWO6),Fm3̄m,225,Triv.,yes,Fig.60,"k∗,b,s",AFM,,HQ,2,99061 672159,,,unmatched,,0,,
2085,Ba2(InNbO6),Fm3̄m,225,Triv.,no,,b,NM,,,3,99698 172166 109162,"99698(k,s) 172166(k,s)",109162,matched,109162 172166,2,Ba2 In1 Nb1 O6,225
2086,Ba2Ni(ReO6),Fm3̄m,225,SM,no,,"k∗,b,s",FM,,,1,109251,,109251,matched,109251,1,Ba2 Ni1 O6 Re1,225
2087,Ba2Fe(ReO6),Fm3̄m,225,SM,yes,Fig.59,"k∗,b,s",FM,,,2,109252 155175,,109252,matched,109252 155175,2,Ba2 Fe1 O6 Re1,225
2088,Ba2Co(ReO6),Fm3̄m,225,SM,no,,"k∗,b,s",FM,,,3,109254 672552 674903,,109254,matched,109254,1,Ba2 Co1 O6 Re1,225
2089,Ba2Zn(ReO6),Fm3̄m,225,SM,no,,"k∗,b,s",FM,,,1,109255,,109255,matched,109255,1,Ba2 O6 Re1 Zn1,225
2090,Ba2Li(ReO6),Fm3̄m,225,Triv.,no,,"k∗,b,s",NM,,,2,109259 418994,,109259,matched,109259,1,Ba2 Li1 O6 Re1,225
2091,Ba2Na(ReO6),Fm3̄m,225,Triv.,no,,b,NM,,,3,109260 200876 418993,"109260(k,s)",109260,matched,109260 200876,2,Ba2 Na1 O6 Re1,225
2092,Sr2Mg(WO6),Fm3̄m,225,Triv.,no,,"k∗,b,s",NM,,HQ,2,152575 152576,,152575,matched,152575 152576,2,Mg1 O6 Sr2 W1,225
2093,Ba2YIrO6,Fm3̄m,225,Triv.,no,,"k∗,b,s",FM,,HQ,2,152679 427064,,152679,matched,152679,1,Ba2 Ir1 O6 Y1,225
2094,Sr2(GaSbO6),Fm3̄m,225,Triv.,yes,Fig.60,"k∗,b,s",NM,,HQ,4,157016 157017 157018 157019,,157016,matched,157016 157017 157018 157019,4,Ga1 O6 Sb1 Sr2,225
2095,Sr2(FeMoO6),Fm3̄m,225,Triv.,yes,Fig.60,"k∗,b,s",AFM,,HQ,3,157603 181752 248459,,157603,matched,157603 181752,2,Fe1 Mo1 O6 Sr2,225
2096,Sr2Y(SbO6),Fm3̄m,225,Triv.,yes,Fig.60,"k∗,b,s",NM,,,2,157886 157887,,157886,matched,157886 157887,2,O6 Sb1 Sr2 Y1,225
2097,Ba2YTaO6,Fm3̄m,225,Triv.,no,,"k∗,b,s",NM,,HQ,10,160172 171172 171173 171174 171175 261453 171988 171989 192844 192845,,160172,matched,160172 171172 171173 171174 171175,5,Ba2 O6 Ta1 Y1,225
2098,Ba2CaOsO6,Fm3̄m,225,SM,no,,"k∗,b,s",FM,,HQ,0,,,171988,matched,171988 171989 192844 192845,4,Ba2 Ca1 O6 Os1,225
2099,Ba2BiIrO6,Fm3̄m,225,Triv.,no,,b,FM,,HQ,1,174289,,174289,matched,174289,1,Ba2 Bi1 Ir1 O6,225
2100,Sr2CrZrO6,Fm3̄m,225,SM,no,,"k∗,b,s",AFM,,,1,181750,,181750,matched,181750,1,Cr1 O6 Sr2 Zr1,225
2101,Sr2MnNbO6,Fm3̄m,225,Triv.,no,,"k∗,b,s",FM,,,1,181751,,181751,matched,181751,1,Mn1 Nb1 O6 Sr2,225
2102,Pb2MnReO6,Fm3̄m,225,Triv.,no,,"k∗,b,s",FM,,HQ,1,182001,,182001,matched,182001,1,Mn1 O6 Pb2 Re1,225
2103,Ba2MgTeO6,Fm3̄m,225,Triv.,no,,"k∗,b,s",,,HQ,1,191563,,191563,matched,191563,1,Ba2 Mg1 O6 Te1,225
2104,Pb2MnWO6,Fm3̄m,225,SM,no,,"k∗,b,s",AFM,,,1,239438,,,unmatched,,0,,
2105,Ba2CaTeO6,Fm3̄m,225,Triv.,yes,Fig.60,"k∗,b,s",NM,,HQ,1,246112,,,unmatched,,0,,
2106,Sr2Li(ReO6),Fm3̄m,225,Triv.,no,,"k∗,b,s",NM,,,2,246731 418992,,,unmatched,,0,,
2107,(NH4)2Na(AlF6),Fm3̄m,225,Triv.,no,,,NM,,HQ,1,249157,,,unmatched,,0,,
2108,Sr2FeOsO6,Fm3̄m,225,SM,yes,Fig.59,"k∗,b,s",AFM,,,1,251068,,,unmatched,,0,,
2109,Cs2InAgCl6,Fm3̄m,225,Triv.,yes,Fig.60,"k∗,b,s",,,,1,257115,,,unmatched,,0,,
2110,K3AlF6,Fm3̄m,225,Triv.,no,,b,NM,,HQ,1,262078,,,unmatched,,0,,
2111,Rb2Na(AlF6),Fm3̄m,225,Triv.,no,,b,NM,,HQ,1,290318,,,unmatched,,0,,
2112,K2Li(AlF6),Fm3̄m,225,Triv.,no,,"k∗,b,s",NM,,HQ,1,408553,,,unmatched,,0,,
2113,Ba2Li(OsO6),Fm3̄m,225,SM,no,,"k∗,b,s",FM,,HQ,1,412142,,,unmatched,,0,,
2114,Ba2Na(OsO6),Fm3̄m,225,SM,no,,b,FM,,HQ,1,412143,,,unmatched,,0,,
2115,Rb2K(GaF6),Fm3̄m,225,Triv.,no,,b,NM,,HQ,1,416605,,,unmatched,,0,,
2116,(NH4)2Na(GaF6),Fm3̄m,225,Triv.,no,,,NM,,HQ,1,418737,,,unmatched,,0,,
2117,Pb2NaIO6,Fm3̄m,225,SM,yes,Fig.59,"k∗,b,s",NM,,HQ,1,427115,,,unmatched,,0,,
2118,PbF2,Fm3̄m,225,Triv.,no,,,NM,,,0,,,180950,matched,180950 180951 180952 180953 181557 201113 201114 201115,8,F2 Pb1,225
2119,K2S,Fm3̄m,225,Triv.,yes,Fig.61,,NM,,,31,5270 5271 20597 24523 53984 60013 60014 60372 76420 180950 180951 180952 180953 181557 201113 201114 201115 26735 60439 183837 641321 55115 55116 55117 55131 55132 55133 55134 55135 55136 182743,,183837,matched,183837,1,K2 S1,225
2120,Rb2Te,Fm3̄m,225,Triv.,no,,,NM,,,0,,,182743,matched,182743,1,Rb2 Te1,225
2121,Na2O,Fm3̄m,225,Triv.,no,,,NM,,,3,60435 180570 644917,,180570,matched,180570,1,Na2 O1,225
2122,K2Se,Fm3̄m,225,Triv.,yes,Fig.61,,NM,,,3,60440 168448 196758,,168448,matched,168448 196758,2,K2 Se1,225
2123,K2Te,Fm3̄m,225,Triv.,yes,Fig.61,,NM,,,5,60441 96739 182742 631721 641376,,182742,matched,182742,1,K2 Te1,225
2124,CrO2,Fm3̄m,225,SM,no,,,FM,,,1,186838,,186838,matched,186838,1,Cr1 O2,225
2125,Ca2Pb,Fm3̄m,225,Triv.,no,,,NM,,,1,191749,,191749,matched,191749,1,Ca2 Pb1,225
2126,LiCo2Ge,Fm3̄m,225,SM,yes,Fig.62,,NM,,,1,25324,,,unmatched,,0,,
2127,LiPd2Ge,Fm3̄m,225,SM,no,,,NM,,,1,42130,,,unmatched,,0,,
2128,K3Sb,Fm3̄m,225,Triv.,no,,,NM,,,2,44677 246648,,,unmatched,,0,,
2129,LiNi2Si,Fm3̄m,225,SM,no,,,NM,,,1,44819,,,unmatched,,0,,
2130,InMgNi2,Fm3̄m,225,SM,no,,,NM,,,1,51982,,,unmatched,,0,,
2131,InMnNi2,Fm3̄m,225,SM,no,,,FM,,,6,51984 51985 639954 639955 639956 639958,,,unmatched,,0,,
2132,InMnPd2,Fm3̄m,225,SM,no,,,FM,,,1,51988,,,unmatched,,0,,
2133,CoFe2Ge,Fm3̄m,225,SM,yes,Fig.62,,FM,,,1,52954,,,unmatched,,0,,
2134,Co2FeSi,Fm3̄m,225,SM,no,,,FM,,,0,,,,unmatched,,0,,
2135,Co2MnGe,Fm3̄m,225,SM,no,,,FM,,,14,52958 247649 622985 672918 675045 52971 623489 623490 623496 672229 674762 675071 675072 675073,,,unmatched,,0,,
2136,Co2ZnGe,Fm3̄m,225,SM,yes,Fig.62,,FM,,,1,52994,,,unmatched,,0,,
2137,Co2MnSb,Fm3̄m,225,SM,no,,,FM,,,2,53002 624129,,,unmatched,,0,,
2138,Co2MnSi,Fm3̄m,225,SM,no,,,FM,,,18,53007 624141 624143 624144 624157 659021 672228 672940 673044 675047 675075 675076 675077 53080 53081 185969 189222 625083,,,unmatched,,0,,
2139,Co2TiSi,Fm3̄m,225,SM,yes,Fig.62,,FM,,,0,,,185969,matched,185969 189222,2,Co2 Si1 Ti1,225
2140,Co2VSi,Fm3̄m,225,SM,yes,Fig.62,,FM,,,2,53086 659022,,,unmatched,,0,,
2141,CsK2Sb,Fm3̄m,225,Triv.,no,,,NM,,,1,53237,,,unmatched,,0,,
2142,Fe3Ge,Fm3̄m,225,Triv.,no,,,FM,,,2,53462 672765,,,unmatched,,0,,
2143,FeRu2Si,Fm3̄m,225,Triv.,yes,Fig.65,,FM,,,3,53525 633245 633246,,,unmatched,,0,,
2144,Fe3Si,Fm3̄m,225,SM,no,,,FM,,,14,53545 56281 157941 412838 600519 633528 633531 633534 633535 633537 633545 633552 658523 672766,,157941,matched,157941,1,Fe3 Si1,225
2145,Fe2VSi,Fm3̄m,225,SM,yes,Fig.62,,FM,,,3,53555 633623 659019,,,unmatched,,0,,
2146,MnNi2Ge,Fm3̄m,225,SM,no,,,FM,,,2,53687 192566,,192566,matched,192566,1,Ge1 Mn1 Ni2,225
2147,MnPd2Ge,Fm3̄m,225,SM,no,,,FM,,,1,53705,,,unmatched,,0,,
2148,MnRh2Ge,Fm3̄m,225,SM,no,,,FM,,,3,53706 637070 637071,,,unmatched,,0,,
2149,ZrNi2In,Fm3̄m,225,SM,yes,Fig.62,,NM,,HQ,2,54546 59460,,,unmatched,,0,,
2150,HfNi2In,Fm3̄m,225,SM,yes,Fig.63,,NM,,,1,54595,,,unmatched,,0,,
2151,TiNi2In,Fm3̄m,225,SM,no,,,NM,SC,,3,54596 59451 59452,,,unmatched,,0,,
2152,AlCo2Cr,Fm3̄m,225,SM,no,,,FM,,,4,57600 291940 672915 675041,,,unmatched,,0,,
2153,Co2HfAl,Fm3̄m,225,SM,no,,,FM,,,3,57611 110809 606590,,110809,matched,110809,1,Al1 Co2 Hf1,225
2154,AlCo2Mn,Fm3̄m,225,TI,no,,,FM,,,7,57618 606611 606614 672231 675063 675064 675065,,,unmatched,,0,,
2155,AlCo2Nb,Fm3̄m,225,SM,no,,,FM,,,2,57620 606622,,,unmatched,,0,,
2156,AlCo2Ta,Fm3̄m,225,SM,no,,,FM,,,2,57634 606667,,,unmatched,,0,,
2157,AlCo2V,Fm3̄m,225,SM,no,,,FM,,,9,57643 188397 606704 606705 674449 57648 606733 606737 606738,,188397,matched,188397,1,Al1 Co2 V1,225
2158,AlCo2Zr,Fm3̄m,225,SM,no,,,FM,,,0,,,,unmatched,,0,,
2159,AlCrFe2,Fm3̄m,225,SM,yes,Fig.63,,FM,,,2,57654 184446,,184446,matched,184446,1,Al1 Cr1 Fe2,225
2160,AlFe3,Fm3̄m,225,SM,yes,Fig.63,,FM,,,5,57793 607482 607484 607485 672764,,,unmatched,,0,,
2161,AlFe2Mo,Fm3̄m,225,SM,yes,Fig.63,,FM,,,1,57807,,,unmatched,,0,,
2162,AlFe2V,Fm3̄m,225,Triv.,no,,,NM,,,3,57832 57833 107814,,107814,matched,107814,1,Al1 Fe2 V1,225
2163,AlMnPt2,Fm3̄m,225,SM,no,,,FM,,,1,57985,,,unmatched,,0,,
2164,AlMnRh2,Fm3̄m,225,TI,no,,,FM,,,1,57986,,,unmatched,,0,,
2165,AlNi2Sc,Fm3̄m,225,SM,no,,,NM,,,1,58050,,,unmatched,,0,,
2166,AlNi2Ti,Fm3̄m,225,SM,no,,,NM,SC,,2,58063 165902,,165902,matched,165902,1,Al1 Ni2 Ti1,225
2167,BiK3,Fm3̄m,225,SM,no,,,NM,SC,,1,58793,,,unmatched,,0,,
2168,BiRb3,Fm3̄m,225,SM,no,,,NM,,,1,58849,,,unmatched,,0,,
2169,InNi2Sc,Fm3̄m,225,SM,no,,,NM,,,1,59446,,,unmatched,,0,,
2170,MnNi2Sb,Fm3̄m,225,TI,no,,,FM,,,3,76080 643107 643114,,,unmatched,,0,,
2171,Pd2MnSb,Fm3̄m,225,SM,no,,,FM,,,8,76100 643311 643312 643318 76227 643616 643621 643647,,,unmatched,,0,,
2172,Mn3Si,Fm3̄m,225,SM,yes,Fig.63,,FM,SC,,0,,,,unmatched,,0,,
2173,Co2CrGa,Fm3̄m,225,SM,no,,,FM,,,2,102318 675042,,102318,matched,102318,1,Co2 Cr1 Ga1,225
2174,CoFe2Ga,Fm3̄m,225,TI,yes,Fig.61,,FM,,,1,102385,,102385,matched,102385,1,Co1 Fe2 Ga1,225
2175,Co2FeGa,Fm3̄m,225,SM,no,,,FM,,,2,102386 247653,,102386,matched,102386,1,Co2 Fe1 Ga1,225
2176,Co2HfGa,Fm3̄m,225,SM,yes,Fig.63,,FM,,,2,102433 623080,,102433,matched,102433,1,Co2 Ga1 Hf1,225
2177,Co2MnGa,Fm3̄m,225,TI,no,,,FM,,,8,102438 623116 623118 623121 672230 675067 675068 675069,,102438,matched,102438,1,Co2 Ga1 Mn1,225
2178,Co2GaNb,Fm3̄m,225,TI,no,,,FM,,,2,102441 623126,,102441,matched,102441,1,Co2 Ga1 Nb1,225
2179,Co2GaTa,Fm3̄m,225,TI,no,,,FM,,,1,102451,,102451,matched,102451,1,Co2 Ga1 Ta1,225
2180,Co2GaTi,Fm3̄m,225,SM,no,,,FM,,,0,,,102453,matched,102453 102454,2,Co2 Ga1 Ti1,225
2181,Co2GaV,Fm3̄m,225,TI,no,,,FM,,,0,,,102456,matched,102456,1,Co2 Ga1 V1,225
2182,Co2HfSn,Fm3̄m,225,TI,yes,Fig.61,,FM,,,30,102453 102454 623206 623207 623209 623211 102456 623228 623230 674450 102483 108295 291934 623806 659656 102531 102532 624165 624166 624169 624171 624172 624173 624177 672407 102554 102555 190615 624326 624333,,102483,matched,102483 108295,2,Co2 Hf1 Sn1,225
2183,Co2MnSn,Fm3̄m,225,SM,no,,,FM,,,0,,,102531,matched,102531 102532,2,Co2 Mn1 Sn1,225
2184,Co2NbSn,Fm3̄m,225,SM,no,,,FM,,,0,,,102554,matched,102554 102555 190615,3,Co2 Nb1 Sn1,225
2185,Co2ScSn,Fm3̄m,225,SM,no,,,FM,,,1,102646,,102646,matched,102646,1,Co2 Sc1 Sn1,225
2186,Co2SnTi,Fm3̄m,225,TI,yes,Fig.61,,FM,,,0,,,102682,matched,102682 102683,2,Co2 Sn1 Ti1,225
2187,Co2SnV,Fm3̄m,225,SM,no,,,FM,,,19,102682 102683 625282 625285 625286 625289 625291 625292 672408 102684 102685 625303 625306 102687 108321 190131 625312 625314 625318,,102684,matched,102684 102685,2,Co2 Sn1 V1,225
2188,Co2SnZr,Fm3̄m,225,TI,yes,Fig.61,,FM,,,0,,,102687,matched,102687 108321 190131,3,Co2 Sn1 Zr1,225
2189,CrFe2Ga,Fm3̄m,225,SM,yes,Fig.63,,FM,,,2,102755 184448,,102755,matched,102755 184448,2,Cr1 Fe2 Ga1,225
2190,Cu2MnIn,Fm3̄m,225,TI,yes,Fig.61,,FM,,,3,102996 102997 628019,,102996,matched,102996 102997,2,Cu2 In1 Mn1,225
2191,CuRh2Sn,Fm3̄m,225,SM,no,,,NM,,,1,103092,,103092,matched,103092,1,Cu1 Rh2 Sn1,225
2192,Fe2GaV,Fm3̄m,225,Triv.,yes,Fig.65,,NM,,,3,103473 103474 631850,,103473,matched,103473 103474,2,Fe2 Ga1 V1,225
2193,Fe2SnTi,Fm3̄m,225,SM,yes,Fig.63,,NM,,,4,103641 103642 186058 633766,,103641,matched,103641 103642 186058,3,Fe2 Sn1 Ti1,225
2194,Fe2SnV,Fm3̄m,225,SM,yes,Fig.64,,FM,,,2,103644 291933,,103644,matched,103644,1,Fe2 Sn1 V1,225
2195,GaHfNi2,Fm3̄m,225,SM,no,,,NM,SC,,2,103734 634320,,103734,matched,103734,1,Ga1 Hf1 Ni2,225
2196,GaNi2Sc,Fm3̄m,225,SM,no,,,NM,,,1,103874,,103874,matched,103874,1,Ga1 Ni2 Sc1,225
2197,GaNi2Ti,Fm3̄m,225,SM,no,,,NM,,,1,103886,,103886,matched,103886,1,Ga1 Ni2 Ti1,225
2198,MnNi2Sn,Fm3̄m,225,SM,yes,Fig.64,,FM,,,12,104926 104927 191631 291935 643152 643153 643156 643157 643158 643159 643161 674344,,104926,matched,104926 104927 191631,3,Mn1 Ni2 Sn1,225
2199,MnPbRh2,Fm3̄m,225,SM,no,,,FM,,,3,104936 104937 643290,,104936,matched,104936 104937,2,Mn1 Pb1 Rh2,225
2200,MnPd2Sn,Fm3̄m,225,SM,no,,,FM,,,10,104945 104946 643324 643325 643327 104964 104965 643424 643427 643428,,104945,matched,104945 104946,2,Mn1 Pd2 Sn1,225
2201,MnRh2Sn,Fm3̄m,225,SM,no,,,FM,,,0,,,104964,matched,104964 104965,2,Mn1 Rh2 Sn1,225
2202,Mn2WSn,Fm3̄m,225,TI,no,,,NM,,,1,104980,,104980,matched,104980,1,Mn2 Sn1 W1,225
2203,NiRh2Sn,Fm3̄m,225,TI,yes,Fig.62,,FM,,,1,105327,,105327,matched,105327,1,Ni1 Rh2 Sn1,225
2204,Ni2ScSn,Fm3̄m,225,SM,yes,Fig.64,,NM,,HQ,2,105339 657254,,105339,matched,105339,1,Ni2 Sc1 Sn1,225
2205,Ni3Sn,Fm3̄m,225,SM,no,,,NM,,,3,105354 671093 671334,,105354,matched,105354,1,Ni3 Sn1,225
2206,Ni2SnV,Fm3̄m,225,SM,no,,,FM,SC,,3,105376 105377 646810,,105376,matched,105376 105377,2,Ni2 Sn1 V1,225
2207,Rh2SnV,Fm3̄m,225,SM,no,,,FM,,,1,105933,,105933,matched,105933,1,Rh2 Sn1 V1,225
2208,AsMnPd2,Fm3̄m,225,SM,no,,,FM,,,1,107955,,107955,matched,107955,1,As1 Mn1 Pd2,225
2209,Fe3Ga,Fm3̄m,225,SM,yes,Fig.64,,FM,,,2,108436 672763,,108436,matched,108436,1,Fe3 Ga1,225
2210,Cu2CoSn,Fm3̄m,225,SM,no,,,FM,,,1,151207,,151207,matched,151207,1,Co1 Cu2 Sn1,225
2211,Co2TiGe,Fm3̄m,225,SM,yes,Fig.64,,FM,,,4,169468 169469 623633 623637,,169468,matched,169468 169469,2,Co2 Ge1 Ti1,225
2212,Co2NiGa,Fm3̄m,225,SM,no,,,FM,,,1,169731,,169731,matched,169731,1,Co2 Ga1 Ni1,225
2213,Co2FeGe,Fm3̄m,225,SM,no,,,FM,,,2,185936 622905,,185936,matched,185936,1,Co2 Fe1 Ge1,225
2214,Co2TiAl,Fm3̄m,225,SM,yes,Fig.64,,FM,,,5,185966 606679 606680 606682 606685,,185966,matched,185966,1,Al1 Co2 Ti1,225
2215,Fe2CrSn,Fm3̄m,225,SM,yes,Fig.64,,FM,,,1,185999,,185999,matched,185999,1,Cr1 Fe2 Sn1,225
2216,Fe2TiIn,Fm3̄m,225,SM,no,,,FM,,,1,186056,,186056,matched,186056,1,Fe2 In1 Ti1,225
2217,Fe2TiGe,Fm3̄m,225,Triv.,yes,Fig.65,,NM,,,1,186057,,186057,matched,186057,1,Fe2 Ge1 Ti1,225
2218,Fe2TiAs,Fm3̄m,225,SM,yes,Fig.64,,FM,,,1,186059,,186059,matched,186059,1,As1 Fe2 Ti1,225
2219,Fe2TiSb,Fm3̄m,225,SM,yes,Fig.65,,FM,,,1,186060,,186060,matched,186060,1,Fe2 Sb1 Ti1,225
2220,Ni2FeGa,Fm3̄m,225,SM,no,,,FM,,,2,187492 672424,,187492,matched,187492,1,Fe1 Ga1 Ni2,225
2221,Sc2MnSi,Fm3̄m,225,SM,no,,,FM,,,1,190996,,190996,matched,190996,1,Mn1 Sc2 Si1,225
2222,Sc2MnGe,Fm3̄m,225,SM,no,,,FM,,,1,190998,,190998,matched,190998,1,Ge1 Mn1 Sc2,225
2223,Pd3N,Fm3̄m,225,SM,no,,,NM,,,1,191232,,191232,matched,191232,1,N1 Pd3,225
2224,Co2CrIn,Fm3̄m,225,SM,no,,,FM,,,1,416260,,,unmatched,,0,,
2225,Ru2VGe,Fm3̄m,225,SM,yes,Fig.65,,,,,1,671340,,,unmatched,,0,,
2226,Co2CrSi,Fm3̄m,225,TI,no,,,,,,2,672916 675044,,,unmatched,,0,,
2227,Ti2CoAl,Fm3̄m,225,SM,no,,,,,,1,674767,,,unmatched,,0,,
2228,Ru2ZrSb,Fm3̄m,225,SM,no,,,,,,1,675061,,,unmatched,,0,,
2229,Fe2ZrP,Fm3̄m,225,SM,yes,Fig.65,,,,,1,675102,,,unmatched,,0,,
2230,Co2TiIn,Fm3̄m,225,SM,no,,,,,,1,675103,,,unmatched,,0,,
2231,Co2VIn,Fm3̄m,225,TI,no,,,,,,1,675104,,,unmatched,,0,,
2232,K2(SnCl6),Fm3̄m,225,Triv.,yes,Fig.66,k∗,NM,,HQ,5,604 1668 6058 23991 26111,,1668,matched,1668,1,Cl6 K2 Sn1,225
2233,(NH4)2(SnCl6),Fm3̄m,225,Triv.,yes,Fig.66,k∗,NM,,HQ,3,605 9021 163660,,163660,matched,163660,1,H8 Cl6 N2 Sn1,225
2234,K2PtCl6,Fm3̄m,225,Triv.,no,,k∗,NM,,HQ,27,2582 2583 31114 36304 48137 52033 52034 52035 52036 52037 52038 52039 68765 68766 82375 82376 280458 280459 280460 280461 280462 280463 280464 280465 280466 280467 280468,,,unmatched,,0,,
2235,(NH4)2ReCl6,Fm3̄m,225,SM,no,,k∗,FM,,HQ,1,8044,,,unmatched,,0,,
2236,Rb2SnCl6,Fm3̄m,225,Triv.,yes,Fig.66,k∗,NM,,HQ,5,9022 26698 29026 65059 65060,,,unmatched,,0,,
2237,Cs2SnCl6,Fm3̄m,225,Triv.,yes,Fig.66,k∗,NM,,HQ,3,9023 26699 29030,,,unmatched,,0,,
2238,Rb2TeCl6,Fm3̄m,225,Triv.,no,,k∗,NM,,,3,9315 26703 29027,,,unmatched,,0,,
2239,Rb2MnCl6,Fm3̄m,225,SM,yes,Fig.65,k∗,FM,,HQ,1,9347,,,unmatched,,0,,
2240,K2MnCl6,Fm3̄m,225,SM,no,,k∗,FM,,,1,9679,,,unmatched,,0,,
2241,K2TcCl6,Fm3̄m,225,SM,no,,k∗,FM,,HQ,1,22096,,,unmatched,,0,,
2242,K2ReCl6,Fm3̄m,225,SM,no,,k∗,FM,,HQ,3,23769 26755 68763,,,unmatched,,0,,
2243,K2(ReBr6),Fm3̄m,225,SM,no,,k∗,FM,,HQ,2,23770 26623,,,unmatched,,0,,
2244,K2(PtBr6),Fm3̄m,225,Triv.,no,,k∗,NM,,HQ,1,23771,,,unmatched,,0,,
2245,Cs2TeBr6,Fm3̄m,225,Triv.,no,,k∗,NM,,HQ,4,24151 27695 65057 65058,,,unmatched,,0,,
2246,K2(MoCl6),Fm3̄m,225,SM,no,,k∗,FM,,,1,26643,,,unmatched,,0,,
2247,Rb2(TiCl6),Fm3̄m,225,Triv.,no,,k∗,NM,,,1,26689,,,unmatched,,0,,
2248,Cs2(TiCl6),Fm3̄m,225,Triv.,no,,k∗,NM,,,1,26690,,,unmatched,,0,,
2249,Rb2(SeCl6),Fm3̄m,225,Triv.,no,,k∗,NM,,,1,26692,,,unmatched,,0,,
2250,Cs2(SeCl6),Fm3̄m,225,Triv.,no,,k∗,NM,,,1,26693,,,unmatched,,0,,
2251,Rb2(ZrCl6),Fm3̄m,225,Triv.,no,,k∗,NM,,,1,26694,,,unmatched,,0,,
2252,Cs2(ZrCl6),Fm3̄m,225,Triv.,no,,k∗,NM,,,1,26695,,,unmatched,,0,,
2253,Tl2(SnCl6),Fm3̄m,225,Triv.,no,,k∗,NM,,,1,26700,,,unmatched,,0,,
2254,Cs2(TeCl6),Fm3̄m,225,Triv.,no,,k∗,NM,,,2,26704 29031,,,unmatched,,0,,
2255,Tl2(TeCl6),Fm3̄m,225,Triv.,no,,k∗,NM,,,1,26705,,,unmatched,,0,,
2256,Rb2(PtCl6),Fm3̄m,225,Triv.,no,,k∗,NM,,,2,26708 29028,,,unmatched,,0,,
2257,Tl2(PtCl6),Fm3̄m,225,Triv.,no,,k∗,NM,,,1,26710,,,unmatched,,0,,
2258,Rb2(PbCl6),Fm3̄m,225,Triv.,no,,k∗,NM,,,2,26712 29029,,,unmatched,,0,,
2259,Cs2(PbCl6),Fm3̄m,225,Triv.,no,,k∗,NM,,,2,26713 29033,,,unmatched,,0,,
2260,K2TiCl6,Fm3̄m,225,Triv.,no,,k∗,NM,,,1,26934,,,unmatched,,0,,
2261,Cs2PoBr6,Fm3̄m,225,Triv.,no,,k∗,,,,1,27694,,,unmatched,,0,,
2262,Cs2(GeCl6),Fm3̄m,225,Triv.,no,,k∗,NM,,,1,28892,,,unmatched,,0,,
2263,K2PdCl6,Fm3̄m,225,Triv.,no,,k∗,NM,,,5,33709 65037 65038 65039 73723,,,unmatched,,0,,
2264,K2(SeBr6),Fm3̄m,225,Triv.,no,,k∗,NM,,,2,36228 69441,,,unmatched,,0,,
2265,PdBr6Rb2,Fm3̄m,225,Triv.,no,,k∗,NM,,,1,36305,,,unmatched,,0,,
2266,K2(TeBr6),Fm3̄m,225,Triv.,no,,k∗,NM,,HQ,2,38346 65118,,,unmatched,,0,,
2267,Tl2(SiF6),Fm3̄m,225,Triv.,no,,,NM,,,2,52292 38549,52292(k),,unmatched,,0,,
2268,K2(HfF6),Fm3̄m,225,Triv.,no,,k∗,NM,,,1,47244,,,unmatched,,0,,
2269,Rb2(TeBr6),Fm3̄m,225,Triv.,no,,k∗,NM,,HQ,2,49521 49522,,,unmatched,,0,,
2270,K2TaCl6,Fm3̄m,225,SM,yes,Fig.66,k∗,FM,,HQ,1,59894,,,unmatched,,0,,
2271,Cs2ReCl6,Fm3̄m,225,SM,no,,k∗,FM,,HQ,1,64613,,,unmatched,,0,,
2272,(NH4)2(PtCl6),Fm3̄m,225,Triv.,no,,k∗,NM,,HQ,1,97927,,,unmatched,,0,,
2273,Mg2FeH6,Fm3̄m,225,Triv.,no,,k∗,NM,,,2,107500 238723,,107500,matched,107500,1,H6 Fe1 Mg2,225
2274,K2(SnBr6),Fm3̄m,225,Triv.,no,,k∗,NM,,,1,158955,,158955,matched,158955,1,Br6 K2 Sn1,225
2275,Cs2PdBr6,Fm3̄m,225,Triv.,no,,k∗,,,,1,243749,,,unmatched,,0,,
2276,Rb2(NbCl6),Fm3̄m,225,SM,yes,Fig.66,k∗,FM,,HQ,1,245747,,,unmatched,,0,,
2277,Rb2(WBr6),Fm3̄m,225,SM,no,,k∗,FM,,HQ,1,402439,,,unmatched,,0,,
2278,Cs2(WBr6),Fm3̄m,225,SM,no,,k∗,FM,,HQ,1,402441,,,unmatched,,0,,
2279,Rb2(WCl6),Fm3̄m,225,SM,no,,k∗,FM,,HQ,1,409632,,,unmatched,,0,,
2280,Cs2(WCl6),Fm3̄m,225,SM,no,,k∗,FM,,HQ,1,409674,,,unmatched,,0,,
2281,Cs2(MoCl6),Fm3̄m,225,SM,no,,k∗,FM,,HQ,1,409808,,,unmatched,,0,,
2282,K2WCl6,Fm3̄m,225,SM,no,,k∗,FM,,HQ,1,409840,,,unmatched,,0,,
2283,(NH4)2(ReBr6),Fm3̄m,225,SM,no,,k∗,FM,,HQ,1,412159,,,unmatched,,0,,
2284,Sr2FeH6,Fm3̄m,225,Triv.,no,,k∗,NM,,,1,632211,,,unmatched,,0,,
2285,Y2Ni6C,Fm3̄m,225,SM,yes,Fig.65,k∗,,,,1,673582,,,unmatched,,0,,
2286,K2(B6H6),Fm3̄m,225,Triv.,no,,k∗,NM,,HQ,1,65507,,,unmatched,,0,,
2287,Mg6MnO8,Fm3̄m,225,SM,no,,"k,b",AFM,,HQ,4,24710 27874 76174 82182,,,unmatched,,0,,
2288,Mg7VH16,Fm3̄m,225,SM,no,,k,FM,,,1,169051,,169051,matched,169051,1,H16 Mg7 V1,225
2289,Mg7NbH16,Fm3̄m,225,SM,no,,k,FM,,,1,169052,,169052,matched,169052,1,H16 Mg7 Nb1,225
2290,MoZn6,Fm3̄m,225,SM,no,,k,NM,,,1,260686,,,unmatched,,0,,
2291,Na6ClF(SO4)2,Fm3̄m,225,Triv.,no,,,NM,,HQ,3,26914 29330 52291,,,unmatched,,0,,
2292,(PtIn6)(GaO4)2,Fm3̄m,225,Triv.,no,,k∗,NM,,HQ,1,411505,,,unmatched,,0,,
2293,CoO,Fm3̄m,225,SM,no,,,AFM,,HQ,0,,,191776,matched,191776,1,Co1 O1,225
2294,NiO,Fm3̄m,225,SM,no,,,AFM,,HQ,85,9865 28505 28506 29049 29081 29226 53057 53058 53929 61326 76638 191776 245319 245320 245321 245322 245323 245324 624575 624580 671734 673072 674028 675002 9866 24014 24018 28834 28910 53930 53931 61318 61324 61544 76669 182948 184626 184918 241420 646096 646098 646099 671425 671943 674029 674434 674638 675004 18007 41331 76204 158647 158648 158649 158650 158651 158652 603118 643434 643435 643436 643437 643438 643439 643443 643444 643445 643450 643451 643453 643456 27856 31081 53519 60683 76639 82233 180972 180973 180974 633029 633036 633038 670891 674027,,182948,matched,182948 184626 184918,3,Ni1 O1,225
2295,MnS,Fm3̄m,225,SM,no,,,FM,,,0,,,18007,matched,18007 158647 158648 158649 158650 158651 158652,7,Mn1 S1,225
2296,FeO,Fm3̄m,225,Triv.,no,,,FM,,,0,,,180972,matched,180972 180973 180974,3,Fe1 O1,225
2297,ZnTe,Fm3̄m,225,SM,no,,,NM,,,3,31840 52512 653197,,184497,matched,184497,1,Te1 Zn1,225
2298,AgN,Fm3̄m,225,SM,no,,,NM,,,3,167858 183195 185555,,167858,matched,167858 183195 185555,3,Ag1 N1,225
2299,CrTe,Fm3̄m,225,SM,no,,,FM,,,1,169767,,169767,matched,169767,1,Cr1 Te1,225
2300,NiC,Fm3̄m,225,TI,no,,,NM,,,1,180457,,180457,matched,180457,1,C1 Ni1,225
2301,FeN,Fm3̄m,225,SM,no,,,FM,,,2,184375 236810,,184375,matched,184375,1,Fe1 N1,225
2302,ZnTe,Fm3̄m,225,Triv.,no,,,NM,,,2,184497 248454,,,unmatched,,0,,
2303,MnSb,Fm3̄m,225,TI,no,,,FM,,,1,191173,,191173,matched,191173,1,Mn1 Sb1,225
2304,CuN,Fm3̄m,225,SM,no,,,NM,,,2,236815 236816,,,unmatched,,0,,
2305,CsSe,Fm3̄m,225,SM,no,,,,,,1,670583,,,unmatched,,0,,
2306,Ba2YSbO6,Fm3̄m,225,SM,no,,"k,b,s,l",NM,,,1,33624,,,unmatched,,0,,
2307,Na(SbF6),Fm3̄m,225,Triv.,no,,,NM,,HQ,3,56251 16640 77919,56251(b),16640,matched,16640,1,F6 Na1 Sb1,225
2308,Ca(PbF6),Fm3̄m,225,Triv.,no,,"k∗,b,s",NM,,,1,25522,,,unmatched,,0,,
2309,Ca(SnF6),Fm3̄m,225,Triv.,no,,"k∗,b,s",NM,,HQ,1,35713,,,unmatched,,0,,
2310,Fe(ZrF6),Fm3̄m,225,Triv.,no,,"k∗,b,s",FM,,HQ,2,35716 100301,,100301,matched,100301,1,F6 Fe1 Zr1,225
2311,Cr(ZrF6),Fm3̄m,225,Triv.,no,,"k∗,b,s",FM,,HQ,1,35719,,,unmatched,,0,,
2312,VZrF6,Fm3̄m,225,SM,no,,"k∗,b,s",FM,,,2,73354 94454,,,unmatched,,0,,
2313,Co(ZrF6),Fm3̄m,225,SM,no,,"k∗,b,s",FM,,HQ,1,83724,,,unmatched,,0,,
2314,V(HfF6),Fm3̄m,225,SM,no,,"k∗,b,s",FM,,HQ,1,94455,,,unmatched,,0,,
2315,Ti(ZrF6),Fm3̄m,225,SM,no,,"k∗,b,s",FM,,HQ,1,94456,,,unmatched,,0,,
2316,K(SbO3),Fd3̄m,227,Triv.,no,,"k,p,b,s",NM,,,1,77333,,,unmatched,,0,,
2317,As2O3,Fd3̄m,227,Triv.,no,,"b,s",NM,,,0,,,16850,matched,16850 183098,2,As2 O3,227
2318,As4O6,Fd3̄m,227,Triv.,no,,"b,s",NM,,,32,2114 16850 24227 183098 409611 36144 238612 238613 238614 238615 238616 238617 238618 238619 238620 238621 238622 238623 238624 238625 238626 238627 238628 238629 238630 238631 238632 238633 238634 238635 238636 238637,,,unmatched,,0,,
2319,Ca2NH,Fd3̄m,227,Triv.,yes,Fig.66,"k,p",NM,,,1,292,,,unmatched,,0,,
2320,Hf3Zn3C,Fd3̄m,227,SM,no,,"k,p,b,s",NM,,,2,42936 618069,,,unmatched,,0,,
2321,CsAlO2,Fd3̄m,227,Triv.,no,,"k,p,b,s",NM,,,1,28372,,,unmatched,,0,,
2322,RbAlO2,Fd3̄m,227,Triv.,no,,"k,p,b,s",NM,,,1,28373,,,unmatched,,0,,
2323,CsNbN2,Fd3̄m,227,Triv.,yes,Fig.66,"k,p,b,s",NM,,HQ,1,72546,,,unmatched,,0,,
2324,KAlO2,Fd3̄m,227,Triv.,no,,"k,p,b,s",NM,,HQ,1,262975,,,unmatched,,0,,
2325,YS2,Fd3̄m,227,SM,yes,Fig.67,"k,p",NM,,,1,52216,,,unmatched,,0,,
2326,Mn2Y,Fd3̄m,227,SM,no,,"k,p",FM,,HQ,0,,,105001,matched,105001 105002 150743,3,Mn2 Y1,227
2327,YFe2,Fd3̄m,227,SM,no,,"k,p",FM,,,39,54375 105001 105002 150743 603250 643875 643894 643895 643896 643902 643910 643915 57792 103697 103698 106699 150744 601992 603459 634075 634079 634083 634084 634085 634088 634091 634096 634097 634099 634100 634102 634103 634105 634106 634107 634108 634117 634122 672932,,103697,matched,103697 103698 106699 150744,4,Fe2 Y1,227
2328,BaPt2,Fd3̄m,227,TI,yes,Fig.67,"k,p",NM,SC,,3,58675 616039 616040,,,unmatched,,0,,
2329,Be2Nb,Fd3̄m,227,SM,no,,"k,p",NM,SC,,2,58721 616354,,,unmatched,,0,,
2330,CaNi2,Fd3̄m,227,SM,yes,Fig.67,"k,p",NM,,,3,58915 619440 619441,,,unmatched,,0,,
2331,Fe2Sc,Fd3̄m,227,SM,no,,"k,p",FM,,,9,103618 103619 633420 633429 633433 104558 104559 640973 657997,,103618,matched,103618 103619,2,Fe2 Sc1,227
2332,Ir2Sc,Fd3̄m,227,SM,no,,"k,p",NM,SC,,0,,,104558,matched,104558 104559,2,Ir2 Sc1,227
2333,Ir2Sr,Fd3̄m,227,SM,no,,"k,p",NM,SC,,2,104564 641065,,104564,matched,104564,1,Ir2 Sr1,227
2334,Ir2Y,Fd3̄m,227,SM,no,,"k,p",NM,SC,,5,104601 104602 641175 641180 641183,,104601,matched,104601 104602,2,Ir2 Y1,227
2335,Ni2Sc,Fd3̄m,227,SM,yes,Fig.67,"k,p",NM,,,3,105334 105335 646466,,105334,matched,105334 105335,2,Ni2 Sc1,227
2336,Ni2Y,Fd3̄m,227,SM,yes,Fig.67,"k,p",NM,SC,,26,105458 105459 150746 183094 196784 647056 647057 647058 647072 647082 647083 647086 647087 647088 647090 647099 647108 657906 670873 106236 106237 653507 653508 653510 653517 653523,,105458,matched,105458 105459 150746 183094 196784,5,Ni2 Y1,227
2337,Zn2Zr,Fd3̄m,227,Triv.,yes,Fig.67,"k,p",FM,SC,,0,,,106236,matched,106236 106237,2,Zn2 Zr1,227
2338,CaIr2,Fd3̄m,227,SM,no,,"k,p",NM,SC,,1,108146,,108146,matched,108146,1,Ca1 Ir2,227
2339,Nb2Fe,Fd3̄m,227,TI,no,,"k,p",FM,,,1,188269,,188269,matched,188269,1,Fe1 Nb2,227
2340,Ni2Cr,Fd3̄m,227,TI,no,,"k,p",FM,,,1,188273,,188273,matched,188273,1,Cr1 Ni2,227
2341,CaLi2,Fd3̄m,227,SM,no,,"k,p",NM,,HQ,1,413207,,,unmatched,,0,,
2342,Sc2(Si2O7),Fd3̄m,227,Triv.,no,,"k,p,b,s",NM,,HQ,1,1457,,1457,matched,1457,1,O7 Sc2 Si2,227
2343,La2(Zr2O7),Fd3̄m,227,Triv.,no,,"k,p,b,s",NM,,,13,15165 51573 150206 153222 153814 154752 159321 248878 253061 253063 671158 671161 672848,,15165,matched,15165 150206 153222 153814 154752 159321,6,La2 O7 Zr2,227
2344,Ca2(Nb2O7),Fd3̄m,227,Triv.,no,,"k,p,b,s",NM,,,2,22411 72206,,,unmatched,,0,,
2345,Pb2Sb2O7,Fd3̄m,227,SM,no,,"k,p",NM,,,1,24246,,,unmatched,,0,,
2346,Sn2(Ta2O7),Fd3̄m,227,Triv.,yes,Fig.68,"k,p,b,s",NM,,,2,27119 163818,,163818,matched,163818,1,O7 Sn2 Ta2,227
2347,Pb2Sb2O7,Fd3̄m,227,SM,yes,Fig.67,"k,p,b,s",NM,,,1,27120,,,unmatched,,0,,
2348,Ca2Ta2O7,Fd3̄m,227,Triv.,yes,Fig.68,"k,p,b,s",NM,,,1,27121,,,unmatched,,0,,
2349,Hg2Cu2F6S,Fd3̄m,227,SM,no,,"k,p,b,s",FM,,HQ,1,27327,,156366,matched,156366 156367 156368,3,Cu2 F6 Hg2 S1,227
2350,Hg2Zn2F6O,Fd3̄m,227,Triv.,yes,Fig.68,"k,p,b,s",NM,,HQ,1,27330,,,unmatched,,0,,
2351,Cd2Nb2O7,Fd3̄m,227,SM,yes,Fig.67,"k,p",NM,,,1,33672,,,unmatched,,0,,
2352,Bi2(Ru2O7),Fd3̄m,227,Triv.,no,,"k,p,b,s",NM,,HQ,6,73787 78114 161102 163387 166566 166567,,161102,matched,161102 163387 166566 166567,4,Bi2 O7 Ru2,227
2353,Hg2Cu2F6S,Fd3̄m,227,SM,no,,"k,p,b,s",FM,,HQ,3,156366 156367 156368,,,unmatched,,0,,
2354,Bi2(Rh2O7),Fd3̄m,227,SM,no,,"k,p,b,s",NM,,,1,161099,,161099,matched,161099,1,Bi2 O7 Rh2,227
2355,Bi2(Ti2O7),Fd3̄m,227,Triv.,no,,"k,p,b,s",NM,,,2,161100 180394,,161100,matched,161100 180394,2,Bi2 O7 Ti2,227
2356,Bi2(Ir2O7),Fd3̄m,227,SM,no,,"k,p,b,s",NM,,,4,161103 237820 252134 252135,,161103,matched,161103,1,Bi2 Ir2 O7,227
2357,Bi2(Pt2O7),Fd3̄m,227,Triv.,no,,"k,p,b",NM,,,2,161104 202346,161104(s),161104,matched,161104 202346,2,Bi2 O7 Pt2,227
2358,Sn2(Nb2O7),Fd3̄m,227,Triv.,yes,Fig.68,"k,p,b,s",NM,,,1,163817,,163817,matched,163817,1,Nb2 O7 Sn2,227
2359,La2(Zr2O7),Fd3̄m,227,TI,no,,"k,p,b,s",NM,,,15,173795 184089 184090 184091 184092 184093 184094 184095 184096 184097 184098 184099 184100 184101 184102,,173795,matched,173795 184089 184090 184091 184092 184093 184094 184095 184096 184097 184098 184099 184100 184101 184102,15,La2 O7 Zr2,227
2360,Y2(Ir2O7),Fd3̄m,227,SM,yes,Fig.68,"k,p,b,s",FM,,HQ,1,187534,,187534,matched,187534,1,Ir2 O7 Y2,227
2361,In2Ge2O7,Fd3̄m,227,Triv.,no,,"k,p,b,s",NM,,,1,239593,,,unmatched,,0,,
2362,La2Ge2O7,Fd3̄m,227,Triv.,no,,"k,p,b,s",,,,1,672851,,,unmatched,,0,,
2363,Co2(SiO4),Fd3̄m,227,TI,no,,"k,p,b",FM,,HQ,1,859,,,unmatched,,0,,
2364,Ni2SiO4,Fd3̄m,227,Triv.,no,,"k,p,b",FM,,HQ,15,2136 40992 40993 40994 40995 100544 100545 100546 100547 100548 100549 100550 100551 200129 200130,,100544,matched,100544 100545 100546 100547 100548 100549 100550 100551 200129 200130,10,Ni2 O4 Si1,227
2365,Mg2(SiO4),Fd3̄m,227,Triv.,no,,"k,p,b",NM,,,0,,,161023,matched,161023 162347 162348 162406 191506,5,Mg2 O4 Si1,227
2366,LiMn2O4,Fd3̄m,227,SM,no,,"k,p,b",FM,,,62,83780 83781 83782 83783 86504 161023 162347 162348 162406 191506 671941 40485 50415 50427 53603 85341 85345 88644 89459 89985 93599 94339 94340 151907 155282 155665 165871 165872 182717 192369 193444 195840 242138 261557 41002 41003 41004 41005 41006 87462 100552 185517 185518 185519 185520 185521 185522 185523 200133 200134 238745 238746 238747 238748 238749 238751 238752 238753 238754 238755 238756 238757,,151907,matched,151907 155282 155665 165871 165872 182717 192369 193444 195840,9,Li1 Mn2 O4,227
2367,Fe2(SiO4),Fd3̄m,227,Triv.,no,,"k,p,b",AFM,,HQ,0,,,100552,matched,100552 185517 185518 185519 185520 185521 185522 185523 200133 200134,10,Fe2 O4 Si1,227
2368,CuRh2S4,Fd3̄m,227,SM,no,,"k,p,b",NM,SC∗,,3,41900 291917 628767,,,unmatched,,0,,
2369,CuRh2Se4,Fd3̄m,227,SM,no,,"k,p,b",NM,SC∗,,0,,,,unmatched,,0,,
2370,CuTi2S4,Fd3̄m,227,SM,no,,"k,p,b",FM,SC,,12,41903 602898 628775 628777 44609 53336 170227 628916 56117 185610 187920 252227,,170227,matched,170227,1,Cu1 S4 Ti2,227
2371,FeAl2O4,Fd3̄m,227,SM,no,,"k,p,b",AFM,,,0,,,185610,matched,185610 187920,2,Al2 Fe1 O4,227
2372,Mg2VO4,Fd3̄m,227,SM,yes,Fig.68,"k,p,b",FM,,,1,76980,,,unmatched,,0,,
2373,Ge3N4,Fd3̄m,227,Triv.,no,,"k,b",NM,SC,HQ,3,87767 97568 156338,,156338,matched,156338,1,Ge3 N4,227
2374,Sn3N4,Fd3̄m,227,Triv.,no,,"k,b",NM,,HQ,1,89525,,,unmatched,,0,,
2375,SnZn2O4,Fd3̄m,227,Triv.,no,,"k,p,b",NM,,,1,187039,,187039,matched,187039,1,O4 Sn1 Zn2,227
2376,SnCd2O4,Fd3̄m,227,Triv.,no,,"k,p,b",NM,,,1,187040,,187040,matched,187040,1,Cd2 O4 Sn1,227
2377,CoAl2O4,Fd3̄m,227,SM,yes,Fig.68,"k,p,b",AFM,,HQ,1,290133,,,unmatched,,0,,
2378,Al2NiO4,Fd3̄m,227,SM,yes,Fig.69,"k,p,b",AFM,,,1,608815,,,unmatched,,0,,
2379,MoF6,Im3̄m,229,Triv.,no,,,NM,,HQ,1,1879,,1879,matched,1879,1,F6 Mo1,229
