num,formula,space_group_symbol,space_group_number,topology_at_Ef,is_top_candidate,best_figure,best_figure_number,sublattices,magnetic,superconductor,high_quality,n_icsd,icsd_ids,icsd_extra_sublattice_labels
1,Al2O3,P1,1,Triv.,no,,,,NM,,HQ,1,173014,
2,AgBrO2,P1,1,Triv.,yes,Fig. 26,26,,,,,1,670051,
3,LiNa5N2,P1,1,Triv.,no,,,,,,,1,92316,
4,AgHO2,P1,1,Triv.,yes,Fig. 26,26,,,,,1,670060,
5,CaNi5H,P1,1,SM,no,,,,FM,,,2,189752 189753,189752(k)
6,Na4Sn2Ge4O12(OH)4,P1̄,2,Triv.,no,,,,NM,,,1,15017,
7,NaI(H2O)2,P1̄,2,Triv.,no,,,,NM,,,1,23134,
8,(S2N3)VCl2,P1̄,2,Triv.,no,,,b,NM,,HQ,2,30742 61351,
9,Cu(SeO4)(H2O),P1̄,2,TI,no,,,,FM,,HQ,1,39887,
10,Na6Li2(W2O10),P1̄,2,Triv.,no,,,b,NM,,HQ,1,49027,
11,K2Cu3(SeO3)4,P1̄,2,SM,no,,,"b,s",FM,,HQ,1,50541,
12,Cu(F(AuF4)),P1̄,2,SM,yes,Fig. 26,26,"b,s",FM,,,1,62544,
13,K3Cu2((P2O7)H(P2O7)),P1̄,2,TI,no,,,b,FM,,HQ,1,62742,
14,((NO)(HF2))(IF5),P1̄,2,Triv.,no,,,,,,,1,71582,
15,Cu3Bi4V2O14,P1̄,2,SM,yes,Fig. 26,26,"b,s",FM,,HQ,1,75222,
16,Ca(SnF3)2,P1̄,2,Triv.,no,,,b,NM,,HQ,1,92907,
17,K2Cu(Fe(CN)6),P1̄,2,SM,no,,,,FM,,HQ,1,99499,
18,Na2(Cu2Si4O11)(H2O)2,P1̄,2,Triv.,yes,Fig. 26,26,"b,s",FM,,HQ,2,154123 414048,
19,(CH3)2SeO,P1̄,2,Triv.,no,,,,NM,,HQ,1,171011,
20,Cd(HCO(NH2))2I2,P1̄,2,Triv.,no,,,,NM,,HQ,1,192774,
21,RbSbBrF3,P1̄,2,Triv.,no,,,,NM,,,1,200109,
22,Na2Cu2(Si4O11),P1̄,2,Triv.,no,,,"b,s",FM,,HQ,1,240930,
23,Ti2P2O9,P1̄,2,Triv.,no,,,b,,,,1,243672,
24,Pb2(HgO2)(CrO4),P1̄,2,Triv.,no,,,b,NM,,HQ,1,280778,
25,Rb(VO2(IO3)2),P1̄,2,Triv.,no,,,,NM,,HQ,1,281304,
26,K2Cu3(Ge5O14),P1̄,2,SM,no,,,b,FM,,HQ,1,410828,
27,(Hg2)((H4TeO6)(H6TeO6))(H2O)2,P1̄,2,Triv.,no,,,,NM,,,1,412799,
28,W2NCl8,P1̄,2,SM,no,,,"b,s",FM,,HQ,1,415768,
29,Na2(SO4)(BF3),P1̄,2,Triv.,no,,,,NM,,HQ,1,424150,
30,SrHg(As2O7),P1̄,2,Triv.,no,,,b,NM,,,1,430291,
31,BaHg(As2O7),P1̄,2,Triv.,no,,,b,NM,,,1,430292,
32,Nb2Se9,P1̄,2,Triv.,no,,,,NM,,,3,645386 8179 62538,
33,NaAlSi3O8,P1̄,2,Triv.,no,,,"b,s",,,,14,670020 34870 34871 34872 68913 77421 77422 77423 77424 77425 109006 171090 171091 171092,
34,Ag(SbF6)2,P1̄,2,SM,no,,,"b,s",FM,,,1,65186,
35,Al(OH)3,P1̄,2,Triv.,no,,,,NM,,,2,164050 164049,
36,BaCu(P2O7),P1̄,2,TI,no,,,b,FM,,HQ,1,66534,
37,BaCu(P2O7),P1̄,2,TI,no,,,b,,,HQ,1,192060,
38,Bi2Pb2V2O10,P1̄,2,Triv.,no,,,b,NM,,HQ,1,56791,
39,PbBiO(VO4),P1̄,2,Triv.,no,,,b,NM,,,2,419126 419121,
40,CaCl2(H2O)4,P1̄,2,Triv.,no,,,,NM,,,1,8061,
41,Ca(Ge2O5),P1̄,2,Triv.,no,,,"b,s",NM,,,12,14005 151568 151569 151570 151571 151572 151573 151574 151575 151576 151577 151586,
42,(Zn(H2O)6)(SnF3)2,P1̄,2,Triv.,no,,,,,,HQ,1,166589,
43,Mg2B2O5,P1̄,2,Triv.,no,,,b,NM,,,2,24789 79721,
44,Cs2(Sn2S4(S2)),P1̄,2,Triv.,no,,,,NM,,HQ,1,73008,
45,V2Te2O7F2,P1̄,2,Triv.,no,,,b,FM,,HQ,1,173748,
46,Na2Pd(SeO4)2,P1̄,2,Triv.,no,,,b,NM,,HQ,1,249506,
47,Ag(PdF6),P1̄,2,TI,no,,,"b,s",FM,,HQ,1,51507,
48,K2Co(SeO4)2(H2O)2,P1̄,2,SM,no,,,,AFM,,HQ,1,98686,
49,Na(BSi3O8),P1̄,2,Triv.,no,,,"b,s",NM,,,1,16907,
50,PbBiO(PO4),P1̄,2,Triv.,no,,,,NM,,HQ,1,419125,
51,LiFe(SO4)F,P1̄,2,Triv.,no,,,b,AFM,,,3,180389 182944 194597,
52,InAsO4(H2O),P1̄,2,Triv.,no,,,,NM,,HQ,1,170760,
53,Al11Mn4,P1̄,2,SM,no,,,,FM,,,2,10509 57975,
54,Na2Cu(C2O4)2(H2O)2,P1̄,2,SM,no,,,,FM,,HQ,1,40090,
55,Sc(PS4),P1̄,2,Triv.,no,,,b,NM,,HQ,1,67559,
56,Au4Cl8,P1̄,2,Triv.,no,,,,NM,,HQ,1,201436,
57,NaYP2S6,P1̄,2,Triv.,no,,,,,,,1,431533,
58,NaZnP2O6OH,P1̄,2,Triv.,no,,,,NM,,HQ,1,39491,
59,PbPt2O4,P1̄,2,TI,no,,,"k∗,b",NM,,HQ,2,59657 82204,
60,Sr2MgMoO6,P1̄,2,Triv.,no,,,"b,s",,,HQ,1,173119,
61,Sr(OH)Cl(H2O)4,P1̄,2,Triv.,no,,,,NM,,,1,71446,
62,YBr(MoO4),P1̄,2,Triv.,no,,,b,,,,1,242056,
63,YBr(WO4),P1̄,2,Triv.,no,,,b,NM,,HQ,1,428802,
64,As2O3,P2,3,Triv.,no,,,,,,HQ,6,238656 238657 238658 238659 238660 238661,
65,Na2(ZnSi3O8),P21,4,Triv.,no,,,"b,s",NM,,HQ,3,924 20114 200440,
66,CaCuO2,P21,4,Triv.,no,,,"b,s",NM,,,1,84868,
67,BaCu2Cl2(Te2O6),P21,4,Triv.,no,,,b,FM,,HQ,1,85786,
68,PbCu2(TeO3)2Cl2,P21,4,Triv.,no,,,b,FM,,HQ,1,189155,
69,SrCu2(TeO3)2Cl2,P21,4,Triv.,no,,,b,FM,,HQ,1,416653,
70,Cu(IO3)2,P21,4,SM,no,,,"b,s",FM,,HQ,1,4327,
71,LiIn(P2O7),P21,4,Triv.,no,,,b,NM,,HQ,1,60935,
72,LiSc(P2O7),P21,4,Triv.,no,,,b,NM,,HQ,1,91496,
73,Na(BSi2O5)(OH)2,P21,4,Triv.,no,,,,NM,,HQ,1,12134,
74,Te2O5,P21,4,Triv.,no,,,"b,s",NM,,,2,2523 191342,
75,NbOI2,C2,5,Triv.,yes,Fig. 26,26,"b,s",NM,,HQ,1,36255,
76,NbOBr2,C2,5,Triv.,yes,Fig. 26,26,"b,s",NM,,HQ,1,416669,
77,Pb3(VO4)2,C2,5,Triv.,no,,,,NM,,HQ,4,67604 67605 29359 69800,67604(b) 67605(b) 69800(b)
78,Sr4Zn3F14,Cm,8,Triv.,no,,,"k∗,b",,,HQ,1,72991,
79,Ca2CoO3,Cm,8,SM,no,,,,FM,,HQ,1,95439,
80,SbTaON2,Cm,8,Triv.,no,,,"b,s",,,,1,674163,
81,SbNbN2O,Cm,8,Triv.,no,,,"b,s",,,,1,674153,
82,TeGeN2O,Cm,8,Triv.,no,,,"b,s",,,,1,674160,
83,Cd2O(OH)2(H2O),Cm,8,Triv.,no,,,,NM,,HQ,2,40185 40186,
84,Na4(CO4),Cm,8,Triv.,no,,,,NM,,,3,245410 245413 245414,245410(b)
85,K4(CO4),Cm,8,Triv.,no,,,,NM,,,3,245424 245426 245421,
86,SiO2,Cc,9,Triv.,no,,,"b,s",NM,,,3,75662 81381 413210,
87,Ba2WO3F4,Cc,9,Triv.,no,,,,NM,,HQ,3,201653 33271 673319,
88,KSbB2O6,Cc,9,Triv.,no,,,b,NM,,HQ,1,238073,
89,Cs2CuP2O7,Cc,9,SM,no,,,b,FM,,,1,430123,
90,LiVO3,Cc,9,Triv.,no,,,,,,HQ,1,23477,
91,TiZrSe4,P2/m,10,TI,no,,,b,NM,,,1,104188,
92,CrAuTe4,P2/m,10,SM,yes,Fig. 27,27,,FM,,HQ,1,150279,
93,Cu(IO3)2,P21/m,11,SM,no,,,b,FM,,HQ,1,2232,
94,Ca3VN3,P21/m,11,Triv.,no,,,b,NM,,,1,41060,
95,CuWO3F2,P21/m,11,SM,no,,,"b,s",FM,,HQ,1,60759,
96,K(VO)H(SeO3)2,P21/m,11,SM,no,,,b,FM,,HQ,1,82535,
97,(NH4)(H(VO)(SeO3)2),P21/m,11,SM,no,,,,FM,,,1,97400,
98,PbPdSi(P2O7)2,P21/m,11,Triv.,no,,,"b,s",NM,,,2,195306 420535,
99,Na3Ni(PO4)(CO3),P21/m,11,Triv.,no,,,b,AFM,,HQ,1,237798,
100,K3(Ru(P2Se6)(P3Se4)),P21/m,11,Triv.,no,,,,NM,,,1,406200,
101,(NO)Cu(NO3)3,P21/m,11,SM,no,,,,,,HQ,1,422033,
102,Cu3GeP2O10,P21/m,11,SM,no,,,b,FM,,,1,426627,
103,As4S5,P21/m,11,Triv.,no,,,,NM,,HQ,2,16107 98901,
104,Ba2(Zn2F7Cl),P21/m,11,Triv.,no,,,"b,s",NM,,HQ,1,79478,
105,Ba2(Co2F7Cl),P21/m,11,Triv.,yes,Fig. 27,27,"b,s",FM,,HQ,1,79479,
106,Ba2Ni2F7Cl,P21/m,11,Triv.,yes,Fig. 27,27,"b,s",FM,,HQ,1,84782,
107,CuZnCl(OH)3,P21/m,11,SM,no,,,b,FM,,,1,252429,
108,Cu2Sc2(Ge4O13),P21/m,11,Triv.,no,,,b,FM,,,5,99599 99600 99601 99602 99603,
109,Y3(VO5)(OH)3,P21/m,11,SM,no,,,,FM,,HQ,1,262400,
110,La3(VO5)(OH)3,P21/m,11,SM,no,,,,AFM,,HQ,1,262402,
111,Na3In(PO4)2,P21/m,11,Triv.,no,,,b,NM,,HQ,2,87833 90941,
112,PbSO4(PbO)2,P21/m,11,Triv.,no,,,,NM,,,5,61427 61428 30711 63639 100681,61427(b) 61428(b) 63639(b) 100681(b)
113,TlCu(OH)SO4,P21/m,11,SM,no,,,b,FM,,HQ,1,36581,
114,La3Os2O10,C2/m,12,SM,no,,,,FM,,HQ,1,10104,
115,MoV2O8,C2/m,12,TI,yes,Fig. 27,27,b,NM,,,1,28471,
116,LiH2PO2,C2/m,12,Triv.,no,,,,NM,,HQ,2,59823 250176,
117,Sr7Re4O19,C2/m,12,Triv.,no,,,"b,s",FM,,HQ,1,93804,
118,(Sr2CoO3),C2/m,12,SM,yes,Fig. 27,27,,FM,,,1,99894,
119,Cr3O8,C2/m,12,TI,yes,Fig. 27,27,b,FM,,,1,155847,
120,Cr3O8,C2/m,12,Triv.,no,,,,FM,,,1,155848,
121,LiH3As2O7,C2/m,12,Triv.,no,,,,NM,,HQ,1,172988,
122,MgBr2(H2O)6,C2/m,12,Triv.,no,,,,NM,,HQ,1,189844,
123,Br6Si2,C2/m,12,Triv.,no,,,,NM,,,1,239354,
124,Br4Nb,C2/m,12,Triv.,no,,,"b,s",NM,,,1,239640,
125,Li2CrCl4,C2/m,12,Triv.,no,,,b,FM,,HQ,1,403035,
126,BaAu2(SO4)4,C2/m,12,Triv.,no,,,b,NM,,HQ,1,427677,
127,ReSCl3,C2/m,12,Triv.,no,,,"b,s",,,,1,429458,
128,Li4N1,C2/m,12,Triv.,no,,,,,,,1,675129,
129,AgPdZr2F11,C2/m,12,Triv.,no,,,,FM,,HQ,1,65181,
130,NaPd(Zr2F11),C2/m,12,Triv.,no,,,,FM,,HQ,1,77241,
131,NaCo(Zr2F11),C2/m,12,SM,no,,,,FM,,HQ,1,81221,
132,NaNi(Zr2F11),C2/m,12,Triv.,no,,,,FM,,HQ,1,81222,
133,NaZn(Zr2F11),C2/m,12,Triv.,no,,,,NM,,HQ,1,81223,
134,CaC2,C2/m,12,Triv.,no,,,,NM,,HQ,23,54185 54188 94385 252719 252725 252728 252731 252740 252743 252746 252749 252752 252755 252758 252761 252764 252767 252770 252773 252776 290833 411190 672970,
135,Mg(CrO4),C2/m,12,Triv.,no,,,b,NM,,,1,18120,
136,Ag3In(PO4)2,C2/m,12,Triv.,no,,,b,NM,,HQ,1,245001,
137,Ga2O3,C2/m,12,Triv.,no,,,b,NM,,HQ,6,34243 83645 166198 184327 603563 673058,
138,Al2O3,C2/m,12,Triv.,no,,,b,NM,,HQ,2,82504 673079,
139,La6I5Ge3,C2/m,12,SM,no,,,b,,,HQ,1,414175,
140,YCl(MoO4),C2/m,12,Triv.,no,,,b,NM,,HQ,1,249647,
141,K2Na(Ag(CN)2)3,C2/m,12,Triv.,yes,Fig. 27,27,"k∗,b",NM,,HQ,0,,
142,Pb2O(SO4),C2/m,12,Triv.,no,,,,NM,,HQ,8,59723 59724 59725 59726 14246 29268 30627 35757,"14246(b,s) 29268(b,s)"
143,Pb2O(WO4),C2/m,12,Triv.,no,,,,NM,,,1,61399,
144,Pb2Co(WO6),C2/m,12,SM,no,,,"b,s",AFM,,HQ,1,77912,
145,TlFeS2,C2/m,12,Triv.,no,,,,NM,,,2,30011 63381,
146,TlFeS2,C2/m,12,TI,no,,,,NM,,,2,600815 659748,
147,Ba3Y2PtCu2O10,C2/m,12,TI,no,,,"b,s",NM,,HQ,1,62390,
148,Y2Ba3Cu2PtO10,C2/m,12,TI,no,,,"b,s",NM,,HQ,1,65614,
149,Y5Mo2O12,C2/m,12,SM,yes,Fig. 27,27,b,FM,,HQ,2,60957 62215,
150,K(H2PO4),P2/c,13,Triv.,yes,Fig. 28,28,,NM,,HQ,1,79341,
151,RbLi2Ga2(BO3)3,P2/c,13,Triv.,no,,,b,NM,,HQ,1,280205,
152,Na(CN)(H2O)2,P21/c,14,Triv.,no,,,,NM,,,3,830 2244 16765,
153,Li(NH4)(PO3F),P21/c,14,Triv.,no,,,,NM,,,1,1439,
154,Li2(SO4),P21/c,14,Triv.,no,,,b,NM,,HQ,4,2512 58 23723 30276,
155,B2F4,P21/c,14,Triv.,no,,,,NM,,,7,27867 31823 647640 190632 673316 84848 190631,31823(s) 647640(s) 673316(s) 84848(s) 190631(s)
156,WO3,P21/c,14,Triv.,no,,,b,NM,,,7,14332 17003 16080 80056 50727 80057 190630,14332(s) 17003(s) 80056(s) 190630(s)
157,Cs(HSO4),P21/c,14,Triv.,no,,,,NM,,HQ,5,67108 39252 91808 291375 291374,
158,Mo(As2O7),P21/c,14,Triv.,no,,,"b,s",NM,,,1,72518,
159,Cu(HSeO3)2(H2O)2,P21/c,14,SM,no,,,,FM,,,1,80932,
160,Cd(MoO2)(PO4),P21/c,14,Triv.,no,,,b,FM,,,1,82090,
161,(HCONH2)2(Cu(HCOO)2),P21/c,14,SM,no,,,,FM,,,2,109973 194113,
162,Pb2Cu(BO3)2,P21/c,14,SM,no,,,b,FM,,HQ,7,155317 15805 24270 159550 30893 30895 34163,"15805(b,s) 24270(b) 30893(b) 30895(b) 34163(b)"
163,Mg(SiO3),P21/c,14,Triv.,no,,,,NM,,,6,92750 159551 159552 159553 180445 196432,92750(b) 159551(b) 159552(b) 159553(b) 180445(b) 196432(b)
164,Sn2(P2O7),P21/c,14,Triv.,no,,,,NM,,HQ,2,201535 170847,201535(b)
165,K2(SeMoO6),P21/c,14,Triv.,no,,,,NM,,,1,412999,
166,OsOF4,P21/c,14,Triv.,no,,,,NM,,HQ,1,417246,
167,KAgAsS2,P21/c,14,Triv.,yes,Fig. 28,28,,,,,1,431760,
168,Na2TeO3,P21/c,14,Triv.,no,,,,NM,,,1,100693,
169,ScOF,P21/c,14,Triv.,no,,,b,NM,,HQ,16,24112 100562 100563 100564 963 16616 24640 79550 79551 79552 79553 79555 79554 81096 196150 245074,963(b) 16616(b) 79553(b) 79555(b) 81096(b) 196150(b) 245074(b)
170,Ca2(SiO4),P21/c,14,Triv.,no,,,,NM,,HQ,6,245075 245076 245077 245078 245079 245080,245075(b) 245076(b) 245077(b) 245078(b) 245079(b) 245080(b)
171,Cu(HSeO3)2,P21/c,14,SM,no,,,,FM,,HQ,4,421708 280995 51676 29538,421708(b) 280995(b) 51676(b)
172,Cu(OH)Cl,P21/c,14,TI,no,,,,FM,,HQ,1,38384,
173,Cu(OH)Cl,P21/c,14,TI,no,,,,FM,,HQ,1,91088,
174,Cs2(As2F8O2),P21/c,14,Triv.,no,,,,NM,,HQ,1,6070,
175,K2(W2O7),P21/c,14,Triv.,no,,,"b,s",NM,,HQ,1,67284,
176,KCuCl3,P21/c,14,Triv.,no,,,,FM,,HQ,3,15590 109325 252663,
177,Cu(AlAsO5),P21/c,14,Triv.,no,,,b,NM,,,1,91551,
178,VO2,P21/c,14,Triv.,no,,,b,FM,,,6,15889 34033 74705 602360 647604 647610,
179,Na2(Ni(H2O)2)(V2O4F6),P21/c,14,Triv.,no,,,,FM,,,1,424345,
180,Na2(PdF4),P21/c,14,Triv.,no,,,b,NM,,HQ,2,33889 71101,
181,CuSb2O6,P21/c,14,SM,no,,,b,FM,,,4,30410 71762 80576 628623,628623(s)
182,Y(NiO3),P21/c,14,Triv.,no,,,b,FM,,HQ,4,88043 89417 92047 191790,
183,K2(Pt(CN)4I2),P21/c,14,Triv.,no,,,,NM,,HQ,1,413706,
184,Rb2(Pt(CN)4I2),P21/c,14,Triv.,no,,,,NM,,HQ,1,421673,
185,XeF4,P21/c,14,Triv.,no,,,,NM,,HQ,2,26626 27467,
186,VF4,P21/c,14,SM,no,,,"b,s",FM,,,1,65785,
187,Ag(AuF4)2,P21/c,14,SM,no,,,"b,s",FM,,HQ,1,85416,
188,Na4Sn3F10,C2/c,15,Triv.,no,,,b,NM,,,1,9891,
189,V2O4(H2O)2,C2/c,15,SM,no,,,,FM,,,1,16727,
190,V(S2)2,C2/c,15,Triv.,no,,,,NM,,,3,16797 64770 428285,
191,Na2(Nb4O11),C2/c,15,Triv.,no,,,b,,,,1,18305,
192,Li2Cu(P2O7),C2/c,15,SM,no,,,b,FM,,HQ,2,72485 160321,
193,((CH3)2NH2)(Cu(HCOO)3),C2/c,15,SM,no,,,,FM,,,2,110500 151227,
194,PbPd2O4,C2/c,15,Triv.,yes,Fig. 28,28,b,NM,,HQ,1,263050,
195,K(Cl3(MoOCl2)2),C2/c,15,Triv.,no,,,b,FM,,HQ,1,410954,
196,Ag4CuTeO6,C2/c,15,SM,no,,,b,FM,,HQ,1,416931,
197,(NH4)2(MoO2S2),C2/c,15,Triv.,no,,,,NM,,HQ,2,41688 423990,
198,BaCu(SeO3)2,C2/c,15,SM,no,,,"b,s",FM,,HQ,1,202388,
199,SrCu(SeO3)2,C2/c,15,SM,no,,,"b,s",FM,,HQ,1,202389,
200,Cs2MoO2S2,C2/c,15,Triv.,no,,,,NM,,HQ,2,423982 423983,
201,Rb2MoO2S2,C2/c,15,Triv.,no,,,,NM,,HQ,1,423992,
202,Cs(Sb2F7),C2/c,15,Triv.,no,,,,NM,,,2,14119 24741,
203,Cu(H2PO2)2(CO(NH2)2),C2/c,15,SM,no,,,,FM,,,3,279589 279590 279591,279589(b)
204,Cu2(P4O12),C2/c,15,TI,no,,,b,FM,,,1,23756,
205,(N2H5)(BF4),C2/c,15,Triv.,no,,,,NM,,,2,9895 245055,
206,Na2Cu(P2O7),C2/c,15,SM,no,,,b,FM,,HQ,2,79868 80418,
207,CaNi(BP2O7(OH)3),C2/c,15,Triv.,no,,,,FM,,,1,409898,
208,LaCu2O4,C2/c,15,SM,no,,,"b,s",,,HQ,1,83486,
209,YCu2O4,C2/c,15,SM,yes,Fig. 28,28,"b,s",,,HQ,1,83493,
210,NiZn(P4O12),C2/c,15,Triv.,no,,,b,FM,,,1,37137,
211,La(MnO3),C2/c,15,Triv.,no,,,"b,s",FM,,HQ,1,150258,
212,VOSb2O4,C2/c,15,SM,no,,,b,FM,,HQ,2,2292 27800,
213,Sr3CuPtO6,C2/c,15,SM,no,,,"b,s",FM,,HQ,2,66347 72721,
214,(VO)(PO3)2,C2/c,15,SM,no,,,b,FM,,HQ,4,39762 160942 160943 160944,
215,Sc4OsCl4,C2/c,15,Triv.,no,,,,NM,,HQ,1,421532,
216,MgTeMoO6,P21212,18,Triv.,no,,,b,NM,,HQ,1,184714,
217,Zn(TeMoO6),P21212,18,Triv.,no,,,"b,s",NM,,HQ,2,250523 163981,
218,As2O5,P212121,19,Triv.,no,,,"b,s",NM,,HQ,2,987 654040,
219,AsPO5,P212121,19,Triv.,no,,,b,NM,,HQ,1,36649,
220,SbAsO5,P212121,19,Triv.,no,,,b,NM,,HQ,1,36650,
221,NaCu(PO4),P212121,19,SM,no,,,b,FM,,HQ,1,35451,
222,BaVS3,C2221,20,SM,no,,,"b,s",FM,,HQ,1,63230,
223,GeTiONF,Pmm2,25,Triv.,no,,,,,,,1,674260,
224,KCu(CO3)F,Pmc21,26,SM,no,,,b,FM,,HQ,1,75401,
225,CsBi(Nb2O7),Pmc21,26,Triv.,no,,,"b,s",NM,,HQ,5,96510 162981 162982 162983 162984,
226,Bi2(MoO6),Pca21,29,Triv.,no,,,,NM,,,3,47139 201685 14266,47139(b) 201685(b)
227,InO(OH),Pmn21,31,Triv.,no,,,,NM,,HQ,2,15082 166253,
228,LiV2O5,Pmn21,31,SM,no,,,b,FM,,HQ,1,88640,
229,Cu(NH4)(PO4)(H2O),Pmn21,31,SM,no,,,,FM,,HQ,1,250189,
230,(NH4)(Co(PO4)(H2O)),Pmn21,31,SM,no,,,,AFM,,HQ,1,280044,
231,(NH4)(NiPO4)(H2O),Pmn21,31,Triv.,no,,,,FM,,HQ,1,424553,
232,V2O5,Pmn21,31,Triv.,no,,,b,NM,,,5,15984 29140 41030 82151 157988,15984(s) 82151(s) 157988(s)
233,SrGaH5,Pna21,33,Triv.,no,,,,NM,,,1,240697,
234,FeP,Pna21,33,SM,no,,,,,,HQ,1,15057,
235,Rb(AlSiO4),Pna21,33,Triv.,no,,,"b,s",NM,,,2,4335 160823,
236,Cs(AlSiO4),Pna21,33,Triv.,no,,,"b,s",NM,,HQ,5,160822 186607 186608 186609 186610,160822(k) 186607(k)
237,TlTeVO5,Pna21,33,Triv.,no,,,b,NM,,,2,173863 173864,
238,FeS2,Pnn2,34,Triv.,no,,,,NM,,HQ,1,42726,
239,FeTe2,Pnn2,34,Triv.,no,,,,,,HQ,2,42727 633870,
240,Ba2Ge2TiO8,Cmm2,35,Triv.,no,,,"b,s",,,HQ,1,39133,
241,BaZnF4,Cmc21,36,Triv.,yes,Fig. 28,28,"b,s",,,,0,,
242,Al5(BO3)O6,Cmc21,36,Triv.,no,,,b,NM,,HQ,21,672719 16925 182604 182605 182606 182607 182609 402925 402926 167308 20172 167307 167309 167310 167311 167312 167313 167314 167315 167316 190085,167308(s)
243,BaNiF4,Cmc21,36,Triv.,no,,,"b,s",FM,,,3,23141 261190 410708,
244,BaCoF4,Cmc21,36,SM,no,,,"b,s",FM,,HQ,2,26067 261189,
245,BaVS3,Cmc21,36,SM,no,,,"b,s",FM,,HQ,4,52692 63229 154182 616099,
246,Rb2(PbO3),Cmc21,36,Triv.,no,,,"b,s",NM,,,1,1413,
247,Na3(VOS3),Cmc21,36,Triv.,no,,,,NM,,HQ,2,281593 415217,281593(b)
248,Sr2(Ta2O7),Cmc21,36,Triv.,no,,,"b,s",NM,,HQ,1,16388,
249,Na2(W2O7),Cmc21,36,Triv.,no,,,"b,s",NM,,HQ,1,65780,
250,CaGa(BO3)O,Ccc2,37,Triv.,no,,,b,NM,,HQ,1,93390,
251,Ba(TiO3),Amm2,38,Triv.,no,,,b,NM,,HQ,12,31155 154346 161341 73637 73638 73639 73640 73641 161419 186460 237106 237109,"31155(k,s,l) 73637(k,s,l) 73638(k,s,l) 73639(k,s,l) 73640(k,s,l) 73641(k,s,l) 161419(k,s) 186460(s,l) 237106(s,l) 237109(s,l)"
252,Rb4(CO4),Amm2,38,Triv.,no,,,,NM,,,1,245441,
253,K(NbO3),Amm2,38,Triv.,no,,,"b,s,l∗",NM,,,3,9533 190922 14363,9533(k) 190922(k)
254,Pb(ZrO3),Amm2,38,Triv.,no,,,"b,s,l∗",NM,,HQ,1,39607,
255,Ag2(TeO2(OH)4),Fdd2,43,Triv.,no,,,b,NM,,HQ,1,240968,
256,Rb2((Al2Si3)O10),Fdd2,43,Triv.,no,,,"b,s",NM,,,1,180324,
257,IrF4,Fdd2,43,SM,no,,,"b,s",FM,,,1,23483,
258,Bi2(CO3)O2,Imm2,44,Triv.,yes,Fig. 28,28,,NM,,HQ,2,94740 252588,
259,Fe(Ti3O7),Imm2,44,Triv.,no,,,,FM,,,1,190042,
260,W6PCl17,Imm2,44,Triv.,no,,,,AFM,,HQ,1,422270,
261,Ba4In6O13,Iba2,45,Triv.,yes,Fig. 28,28,b,NM,,,1,72887,
262,Ag(C(CN)3),Ima2,46,Triv.,no,,,,NM,,HQ,2,43823 428560,
263,Sr(TiO3),Ima2,46,Triv.,no,,,"b,s",NM,,,1,182248,
264,Pb(TiO3),Pmmm,47,Triv.,no,,,"b,s,l∗",,,,1,27949,
265,YBaCo2O5,Pmmm,47,SM,no,,,"b,s",FM,,,2,171433 247220,
266,LaBa2Cu3O7,Pmmm,47,TI,yes,Fig. 29,29,"b,s",NM,,,1,81167,
267,YBa(Fe2O5),Pmmm,47,SM,no,,,"b,s",FM,,,3,164176 281205 281206,
268,SiO2,Pnnn,48,Triv.,no,,,"b,s",NM,,,1,170533,
269,SiO2,Pban,50,Triv.,no,,,"b,s",NM,,,1,170535,
270,La2(NiO4),Pban,50,Triv.,no,,,"b,s,l∗",FM,,HQ,1,201940,
271,Cu(H2PO2)2,Pmma,51,SM,no,,,,FM,,HQ,1,280921,
272,CuCo2Ge2,Pmma,51,SM,no,,,,FM,,HQ,1,62856,
273,Cu(GeO3),Pmma,51,SM,no,,,b,FM,,HQ,21,25754 50329 50331 56606 56607 56699 56701 78475 85325 85326 89400 89401 89402 89403 89404 89405 89406 89407 246664 411018 411019,
274,Cu(SiO3),Pmma,51,SM,no,,,b,FM,,HQ,1,89669,
275,LaCoAl4,Pmma,51,TI,no,,,,NM,,HQ,1,9986,
276,Ga(GaCl4),Pnna,52,Triv.,no,,,b,NM,,HQ,3,14218 62664 66548,
277,In(InBr4),Pnna,52,Triv.,no,,,b,NM,,HQ,2,60851 62240,
278,CuPtO2,Pmna,53,SM,no,,,,,,,1,670125,
279,Na3Cu4S4,Pbam,55,SM,no,,,,NM,,HQ,1,10004,
280,Na2(TiCl4),Pbam,55,Triv.,no,,,b,FM,,HQ,1,400264,
281,Bi2Al4O9,Pbam,55,Triv.,no,,,b,NM,,,6,20069 26807 88775 200051 236561 251938,
282,Rb(VOF3),Pbam,55,TI,no,,,"b,s",FM,,HQ,2,249403 426620,
283,YCrB4,Pbam,55,Triv.,no,,,,NM,,,1,16171,
284,YVB4,Pbam,55,TI,no,,,,NM,,,1,615679,
285,Na2(MnCl4),Pbam,55,SM,no,,,b,FM,,HQ,1,9136,
286,Sc2CrB6,Pbam,55,TI,no,,,,FM,,,1,99646,
287,Sc4Cl6B,Pbam,55,SM,no,,,b,NM,,HQ,1,201977,
288,Sc4Cl6N,Pbam,55,SM,no,,,b,NM,,HQ,1,201979,
289,Bi3NF6,Pbcm,57,Triv.,no,,,b,NM,,,1,79395,
290,Fe2C,Pbcm,57,TI,no,,,b,,,,1,670573,
291,Ca2(AsO4)Cl,Pbcm,57,Triv.,no,,,b,NM,,,1,26234,
292,ScFe2Si2,Pbcm,57,SM,no,,,,FM,,HQ,2,402545 633456,
293,(NH4)(VO3),Pbcm,57,Triv.,no,,,,NM,,,1,1487,
294,NaO2,Pnnm,58,SM,no,,,,FM,,,6,26583 87179 87180 87181 180562 673259,
295,Li4Ca(BO3)2,Pnnm,58,Triv.,no,,,,NM,,HQ,2,99503 239000,
296,MnB4,Pnnm,58,SM,no,,,b,FM,,HQ,1,194807,
297,FeB4,Pnnm,58,Triv.,no,,,,NM,,,3,196424 425311 670854,
298,Ba2CoCl2(SeO3)2,Pnnm,58,SM,no,,,b,AFM,,HQ,1,280965,
299,Al2(SiO4)O,Pnnm,58,Triv.,no,,,,NM,,,9,92635 100395 100396 100397 100398 100399 169412 172725 172726,92635(b) 100395(b) 100396(b) 100397(b) 100398(b) 100399(b) 169412(b) 172725(b) 172726(b)
300,CuZn(AsO4)(OH),Pnnm,58,Triv.,no,,,b,FM,,,7,172727 172728 172729 172730 172731 172732 160894,172727(b) 172728(b) 172729(b) 172730(b) 172731(b) 172732(b)
301,CrO2,Pnnm,58,Triv.,no,,,b,FM,,,0,,
302,FeSe2,Pnnm,58,Triv.,no,,,,NM,,,18,155832 185886 290478 290479 290480 25680 42041 42115 44751 633469 633479 26756 42415 42416 109374 633255 633275 633304,
303,FeS2,Pnnm,58,Triv.,no,,,,NM,,,0,,
304,CoAs2,Pnnm,58,SM,no,,,,NM,SC,,1,610034,
305,MnS2,Pnnm,58,SM,yes,Fig. 29,29,,FM,,,1,643441,
306,Fe(NCNH)2,Pnnm,58,Triv.,no,,,,NM,,HQ,2,419222 422725,
307,CaBi(CO3)OF,Pmmn,59,Triv.,no,,,,NM,,HQ,1,87759,
308,Na2(TiO)(GeO4),Pmmn,59,Triv.,no,,,"b,s",NM,,HQ,1,160149,
309,CoCu2O3,Pmmn,59,SM,yes,Fig. 29,29,,FM,,HQ,1,33996,
310,Na(V2O5),Pmmn,59,SM,no,,,b,FM,,HQ,12,59345 88354 88861 88863 88862 88864 89411 89412 89413 92954 409210 251182,59345(s) 88354(s) 88863(s) 89411(s) 92954(s) 409210(s)
311,LiV2O5,Pmmn,59,SM,no,,,"b,s",,,HQ,1,88639,
312,CsMgH3,Pmmn,59,Triv.,no,,,b,NM,,,1,159177,
313,CrOCl,Pmmn,59,SM,no,,,b,FM,,HQ,2,4086 28318,
314,FeOCl,Pmmn,59,SM,no,,,b,AFM,,HQ,4,16013 27136 40963 167393,
315,RuCl3,Pmmn,59,Triv.,no,,,,FM,,HQ,1,414041,
316,Sr(V3O7),Pmmn,59,SM,no,,,b,AFM,,HQ,12,241176 241177 241178 241179 241180 241181 241182 241183 241184 241185 241186 241187,
317,FeNb2O6,Pbcn,60,Triv.,no,,,b,FM,,,3,15855 31943 151720,
318,Fe(Nb2O6),Pbcn,60,TI,no,,,b,FM,,,1,24216,
319,CuNb2O6,Pbcn,60,SM,no,,,b,FM,,,4,71606 74424 79455 80316,80316(s)
320,CoNb2O6,Pbcn,60,SM,no,,,b,FM,,,2,182710 182711,
321,Na2(Si2O5),Pbcn,60,Triv.,no,,,"b,s",NM,,,1,34669,
322,O(CN)2,Pbca,61,Triv.,no,,,,,,,1,670397,
323,Te(CN)2,Pbca,61,Triv.,no,,,,,,,1,670400,
324,Cu(SeO3),Pbca,61,Triv.,no,,,b,NM,,,2,29506 61342,
325,WO3,Pnma,62,Triv.,no,,,"b,s",NM,,,1,836,
326,Mg3(SiO4)F2,Pnma,62,Triv.,no,,,b,NM,,,2,15203 252073,
327,K2ClO3N,Pnma,62,Triv.,no,,,,NM,,HQ,1,28211,
328,Li(CN),Pnma,62,Triv.,no,,,,NM,,,1,77321,
329,AgHg2O2(NO3),Pnma,62,Triv.,no,,,,NM,,,1,89685,
330,K2Pd(P2S6),Pnma,62,Triv.,no,,,,NM,,,1,165316,
331,PbPd(P2O7),Pnma,62,Triv.,no,,,b,NM,,,2,195305 420534,
332,WO3(H2O),Pnma,62,Triv.,no,,,,NM,,HQ,1,201806,
333,MoO2,Pnma,62,Triv.,no,,,b,,,,1,243549,
334,KYTe2O6,Pnma,62,Triv.,no,,,b,NM,,,1,291295,
335,LiSr(BS3),Pnma,62,Triv.,no,,,b,NM,,HQ,1,380105,
336,(AgF)(AuF6),Pnma,62,SM,no,,,b,NM,,,1,422686,
337,(NH4)(Co(PO4))(H2O),Pnma,62,SM,no,,,,FM,,,1,424548,
338,Al2FeC,Pnma,62,TI,no,,,"b,s",,,,1,670820,
339,Li2C2,Pnma,62,Triv.,no,,,,,,,0,,
340,Al2(SiO4)O,Pnma,62,Triv.,no,,,b,NM,,,40,671756 671757 671758 671759 671760 671761 671762 671763 671764 671765 671766 671767 671768 671769 671770 671771 25711 31115 85200 85201 85202 85203 85204 85744 86342 92632 92633 96722 100450 100451 100452 100453 100454 172720 172721 172722 172723 172724 92636 92637,92632(s)
341,Li(VO)(AsO4),Pnma,62,SM,yes,Fig. 29,29,b,FM,,,1,90991,
342,FeOOH,Pnma,62,SM,no,,,,AFM,,,5,239321 239322 239323 239324 245057,
343,PbCO3,Pnma,62,Triv.,no,,,,NM,,HQ,7,56101 166089 190074 247490 247491 247492 247493,
344,Cd2(OH)3Cl,Pnma,62,Triv.,no,,,b,NM,,,2,39285 83524,
345,SnSO4,Pnma,62,Triv.,no,,,,NM,,,3,2748 25838 245904,
346,Ca(B2Si2O8),Pnma,62,Triv.,no,,,"b,s",NM,,,0,,
347,PbF2,Pnma,62,Triv.,no,,,,NM,,,35,6254 20590 26491 29545 29546 29547 29548 29549 29550 30296 36275 14324 154994 154995 154996 154997 154998 161080 161391 161392 161393 161394 673364 171178 171179 171180 171181 171182 171183 9468 15699 91186 91187 91188 169176,
348,Tl2BeF4,Pnma,62,Triv.,no,,,,NM,,HQ,0,,
349,Cs2CuCl4,Pnma,62,SM,no,,,,FM,,HQ,0,,
350,Cs2CuBr4,Pnma,62,SM,no,,,,FM,,HQ,3,10185 26024 169179,
351,Rb5(SiAs3),Pnma,62,Triv.,no,,,,NM,,,1,300191,
352,Cu(IO3)(OH),Pnma,62,SM,no,,,b,FM,,HQ,1,41804,
353,In(PO4),Pnma,62,Triv.,no,,,b,NM,,HQ,1,85579,
354,K2(S3O6),Pnma,62,Triv.,no,,,,NM,,,1,8200,
355,Tl2(SeO4),Pnma,62,Triv.,no,,,,NM,,HQ,6,73411 99382 99383 419775 419776 419777,
356,K2(VO2F3),Pnma,62,Triv.,no,,,,NM,,,2,9122 60621,
357,K(P4N7),Pnma,62,Triv.,no,,,"b,s",NM,,,1,410630,
358,Cs(P4N7),Pnma,62,Triv.,no,,,b,NM,,,1,410632,
359,CuInO(PO4),Pnma,62,SM,no,,,b,FM,,,1,89606,
360,Cu(SeO3),Pnma,62,SM,no,,,b,FM,,HQ,3,498 51847 97747,
361,CrP,Pnma,62,SM,no,,,,FM,,,0,,
362,MnAs,Pnma,62,TI,no,,,,FM,,,0,,
363,MnP,Pnma,62,TI,no,,,,FM,,,48,5418 42079 42080 42081 42082 43247 53200 53201 76028 626498 626502 626514 9496 16543 41759 250011 610846 30412 43246 43399 60880 61136 76089 76090 76091 643200 643213 643217 643220 30413 34036 42447 42448 42449 42450 42451 48031 48033 48034 48035 48036 610452 610474 43248 43400 62607 633046 633050,
364,FeAs,Pnma,62,SM,no,,,,FM,,,0,,
365,FeP,Pnma,62,SM,no,,,,FM,SC,HQ,0,,
366,Na2NiInF7,Pnma,62,Triv.,no,,,"b,s",FM,,,1,72110,
367,Na2Ni(HPO3)2,Pnma,62,Triv.,yes,Fig. 29,29,b,FM,,,1,247564,
368,LiCu2O2,Pnma,62,SM,no,,,b,FM,,HQ,3,71221 71683 188111,
369,Li(Sb2F7),Pnma,62,Triv.,no,,,"b,s",NM,,,1,428176,
370,FeMg(SiO4),Pnma,62,Triv.,no,,,b,FM,,,2,164171 164172,
371,AgCu(VO4),Pnma,62,SM,no,,,b,FM,,HQ,2,419201 419202,
372,P2O5,Pnma,62,Triv.,no,,,"b,s",NM,,,3,16611 29045 79698,
373,NaZn(MoO4)(OH),Pnma,62,Triv.,no,,,b,NM,,,1,9783,
374,Pb(V2O6),Pnma,62,Triv.,no,,,,NM,,,1,6109,
375,NaTaO3,Pnma,62,Triv.,no,,,,NM,,,7,980 88375 23319 150430 173757 239690 241443,"980(b,s) 88375(b,s) 150430(b,s) 173757(b,s) 239690(b,s) 241443(b,s)"
376,YTiO3,Pnma,62,SM,no,,,b,FM,SC∗,HQ,0,,
377,Na(NiF3),Pnma,62,Triv.,yes,Fig. 29,29,b,FM,,,18,8150 84608 84609 84610 174118 9008 25533 72319 192140 192142 192144 200062 50388 51285 41280 73759 73760 73761,"50388(b,s) 51285(b,s) 73759(b,s) 73760(b,s) 73761(b,s)"
378,La(GaO3),Pnma,62,Triv.,no,,,,NM,,,12,79662 88146 88259 88349 91786 94299 98168 98410 153307 160233 160234 160235,"79662(b,s,l) 88146(b,s) 88259(b,s) 88349(b,s) 91786(b,s) 94299(b,s) 98168(b,s) 98410(b,s) 153307(b,s) 160233(b,s) 160234(b,s) 160235(b,s)"
379,La(VO3),Pnma,62,Triv.,no,,,"b,s",AFM,,,5,161782 63520 73898 73899 185831,"161782(b,s)"
380,Na(ZnF3),Pnma,62,Triv.,no,,,b,NM,,HQ,5,69349 72320 82226 82228 88388,82226(s) 82228(s) 88388(s)
381,La(MnO3),Pnma,62,Triv.,no,,,b,FM,,,0,,
382,Y(CoO3),Pnma,62,Triv.,no,,,b,FM,,HQ,19,161928 161929 90424 180180 185279 252946 155834 155835 155836 155837 155838 240462 240463 240464 240465 240466 240467 240468 240469,161928(s) 161929(s) 180180(s)
383,Ca(SiO3),Pnma,62,Triv.,no,,,"b,s",NM,,,0,,
384,Rb(Li(NH2)2),Pnma,62,Triv.,no,,,,NM,,,1,95786,
385,Sr(VO3)Cl,Pnma,62,Triv.,no,,,"b,s",NM,,HQ,1,50787,
386,BaCs(VS4),Pnma,62,Triv.,no,,,b,NM,,HQ,1,430160,
387,MnO2,Pnma,62,SM,no,,,b,AFM,,,4,20228 24034 78331 171866,
388,Ca5Sb3,Pnma,62,SM,no,,,,NM,,,2,2065 619564,
389,Ca5Bi3,Pnma,62,SM,no,,,,NM,,,2,2140 616533,
390,Y4Ti(SiO4)2OF6,Cmcm,63,Triv.,no,,,b,NM,,,1,20003,
391,K(FeF4),Cmcm,63,SM,no,,,"b,s",FM,,,2,23588 60615,
392,(PbF2)7(PbI2),Cmcm,63,Triv.,no,,,,NM,,HQ,2,36337 431846,"36337(b,s)"
393,(CuO2)4,Cmcm,63,SM,no,,,"b,s",FM,,HQ,1,54129,
394,BaVS3,Cmcm,63,SM,yes,Fig. 29,29,k∗,,,HQ,1,63228,
395,Tl2(AlF5),Cmcm,63,Triv.,no,,,,NM,,,1,109365,
396,CuO2,Cmcm,63,SM,no,,,"b,s",FM,,HQ,1,150913,
397,Mg(Al2O4),Cmcm,63,Triv.,no,,,b,NM,,,1,161057,
398,LiFeP,Cmcm,63,TI,no,,,,NM,,,1,187134,
399,BaCu2(Ge3O9)(H2O),Cmcm,63,TI,no,,,,FM,,,1,424818,
400,AlF3,Cmcm,63,Triv.,no,,,"k∗,b,s",NM,,HQ,1,202681,
401,KFe2S3,Cmcm,63,SM,no,,,b,FM,,,2,632396 99507,
402,Ca3(VN3),Cmcm,63,Triv.,no,,,b,NM,,,1,72118,
403,NiSO4,Cmcm,63,Triv.,yes,Fig. 29,29,b,AFM,,,3,16691 16741 33737,
404,Ni(SeO4),Cmcm,63,Triv.,yes,Fig. 30,30,b,FM,,,1,25700,
405,TiPO4,Cmcm,63,SM,no,,,b,FM,,HQ,2,36520 431885,
406,Rb(Fe2Se3),Cmcm,63,SM,no,,,,FM,,HQ,1,81547,
407,Cs(Fe2Se3),Cmcm,63,SM,no,,,,FM,,HQ,2,81549 187535,
408,Cs(Fe2S3),Cmcm,63,SM,no,,,b,FM,,HQ,1,99504,
409,Tl(Fe2S3),Cmcm,63,SM,no,,,b,NM,,HQ,1,166049,
410,BaFe2Se3,Cmcm,63,TI,no,,,,FM,SC,HQ,2,290594 290596,
411,KFe2Se3,Cmcm,63,SM,no,,,,FM,,HQ,2,424671 424672,
412,TiCu2,Cmcm,63,TI,no,,,,NM,,,3,629379 629386 629405,
413,K2(NiP2),Cmcm,63,Triv.,no,,,,NM,,HQ,1,300119,
414,K2(NiAs2),Cmcm,63,Triv.,no,,,,NM,,HQ,1,300120,
415,Cs2NiP2,Cmcm,63,Triv.,no,,,,,,,1,656056,
416,Cs2PtSb2,Cmcm,63,Triv.,no,,,,NM,,,1,658700,
417,Cs2PdSb2,Cmcm,63,Triv.,no,,,,NM,,,1,658702,
418,Cs2NiBi2,Cmcm,63,Triv.,no,,,,,,,1,658704,
419,K3Pt2O4,Cmcm,63,SM,no,,,"b,s",FM,,,1,14158,
420,KCuZrF7,Cmcm,63,Triv.,no,,,"b,s",FM,,,1,92469,
421,KCuHfF7,Cmcm,63,Triv.,no,,,"b,s",FM,,,1,92470,
422,Mg(V2O5),Cmcm,63,TI,no,,,b,FM,,HQ,2,50979 50981,
423,Li(V2O5),Cmcm,63,SM,no,,,"b,s",FM,,HQ,3,50980 50982 201974,
424,LiFe(PO4),Cmcm,63,Triv.,no,,,b,AFM,,HQ,1,97766,
425,LiNi(PO4),Cmcm,63,Triv.,no,,,b,AFM,,HQ,1,97767,
426,CuMgVO4,Cmcm,63,Triv.,no,,,b,NM,,,1,239746,
427,Al2La2Ge,Cmcm,63,TI,no,,,,NM,,HQ,1,423614,
428,Na(NbO3),Cmcm,63,Triv.,no,,,"b,s",NM,,,0,,
429,Na(TaO3),Cmcm,63,Triv.,no,,,"b,s",NM,,HQ,12,22065 23323 192404 192405 280098 23321 23320 88376 239691 241444 241445 280099,22065(l) 23321(l)
430,FeTi2O5,Cmcm,63,TI,no,,,b,FM,,,1,37231,
431,SrCuO2,Cmcm,63,SM,no,,,,NM,SC,,6,16217 77291 83051 93653 202992 670129,
432,CuBaO2,Cmcm,63,SM,no,,,,,SC,,10,670104 1076 50265 41499 69311 69312 67837 72237 73906 73907,"1076(s,l) 50265(s,l) 69311(s,l) 69312(s,l) 72237(s,l) 73906(s,l) 73907(s,l)"
433,La2(CuO4),Cmce,64,SM,no,,,b,NM,,,24,73908 73909 73910 74145 74150 75891 78194 78237 78287 78288 78289 78290 78291 78292 78293 78294 78295 78296 78297 78298 78299 78300 87969 89173,"73908(s,l) 73909(s,l) 73910(s,l) 74145(s,l) 74150(s,l) 75891(s,l) 78194(s,l) 78237(s,l) 78287(s,l) 78288(s,l) 78289(s,l) 78290(s,l) 78291(s,l) 78292(s,l) 78293(s,l) 78294(s,l) 78295(s,l) 78296(s,l) 78297(s,l) 78298(s,l) 78299(s,l) 78300(s,l) 87969(s,l) 89173(s,l)"
434,La2(NiO4),Cmce,64,Triv.,no,,,"b,s",AFM,,HQ,12,173891 173893 173895 186588 261661 50244 56318 63398 67838 69754 69752 69755,"173891(s,l) 173893(s,l) 173895(s,l) 186588(s,l) 261661(s,l) 50244(l) 56318(l) 63398(l) 67838(l) 69754(l) 69755(l)"
435,Rb2CuCl4,Cmce,64,SM,no,,,"b,s",FM,,HQ,2,15145 55013,15145(l)
436,Rb2CuCl2Br2,Cmce,64,SM,no,,,b,FM,,HQ,1,15147,
437,K2CuF4,Cmce,64,SM,no,,,"b,s,l∗",FM,,HQ,2,38426 174116,
438,Cs2AgF4,Cmce,64,SM,no,,,"b,s,l∗",FM,,,2,155817 155818,
439,Ba5Sb4,Cmce,64,Triv.,no,,,,NM,,HQ,1,280022,
440,Na(IO3),Cmmm,65,TI,yes,Fig. 30,30,NM,,,,1,33664,
441,Ca(TiO3),Cmmm,65,Triv.,no,,,"k∗,b,s,l∗",NM,,,1,187294,
442,Na3B20,Cmmm,65,SM,no,,,,NM,,HQ,2,407159 410247,
443,AuMgO2,Cmmm,65,Triv.,no,,,,,,,1,670092,
444,Mo2CuGa5,Cmmm,65,TI,no,,,,,,,1,670139,
445,AlFe2B2,Cmmm,65,SM,no,,,,FM,,,7,20322 23205 239296 241907 241908 241909 251811,
446,YNi4Si,Cmmm,65,SM,no,,,,NM,,,1,290731,
447,LaNi4Si,Cmmm,65,SM,no,,,,NM,,,1,290732,
448,Al3Ni5,Cmmm,65,SM,no,,,,NM,,,3,58041 191113 608803,
449,Ga3Ni5,Cmmm,65,SM,no,,,,NM,,,3,103861 634860 634865,
450,KSc2F7,Cmmm,65,Triv.,no,,,,NM,,HQ,1,47227,
451,Li2(MnBr4),Cmmm,65,SM,no,,,b,FM,,HQ,1,33865,
452,MnPt3O6,Cmmm,65,SM,no,,,b,FM,,HQ,1,35337,
453,ZnPt3O6,Cmmm,65,Triv.,no,,,b,NM,,HQ,1,35339,
454,CdPt3O6,Cmmm,65,Triv.,no,,,b,NM,,HQ,1,35407,
455,K2Na(FeO3),Cmme,67,SM,no,,,b,AFM,,,1,36380,
456,FeSe,Cmme,67,Triv.,no,,,,FM,,,2,182545 169283,
457,Pb2OFCl,Cmme,67,Triv.,no,,,,NM,,HQ,3,200211 200212 200213,
458,LiFeAs,Cmme,67,TI,no,,,,FM,,,1,168206,
459,FeSe,Cmme,67,TI,no,,,,NM,,HQ,9,166441 169295 169299 169303 169306 169309 169311 169313 169315,
460,FeSe,Cmme,67,TI,no,,,,NM,,HQ,1,169285,
461,SiO2,Ccce,68,Triv.,no,,,"b,s",NM,,,1,170527,
462,Cs2Pd3Se4,Fmmm,69,Triv.,no,,,"k∗,b",NM,,HQ,1,33892,
463,Cs2Ni3S4,Fmmm,69,Triv.,no,,,"k∗,b",NM,,,1,627055,
464,Rb2Pb(Cu(NO2)6),Fmmm,69,SM,no,,,,FM,,HQ,1,372,
465,PbK2(Cu(NO2)6),Fmmm,69,SM,no,,,,FM,,HQ,1,1274,
466,K2Ba(Cu(NO2)6),Fmmm,69,SM,no,,,,FM,,HQ,1,1830,
467,K2Ca(Cu(NO2)6),Fmmm,69,SM,no,,,,FM,,HQ,1,6183,
468,Cs2PbCu(NO2)6,Fmmm,69,SM,no,,,,,,HQ,4,8284 8285 56252 56253,
469,Cu2Cl2O,Fddd,70,TI,no,,,b,FM,,,2,1055 96610,
470,K4P6,Fddd,70,Triv.,no,,,,NM,,HQ,1,33260,
471,Cu16O8Cl16,Fddd,70,TI,no,,,b,,,,1,430861,
472,RbVSe2,Fddd,70,Triv.,no,,,"b,s",NM,,HQ,1,415479,
473,CaBi2(CO3)2O2,Immm,71,TI,no,,,,NM,,HQ,1,94741,
474,K3Ir,Immm,71,TI,no,,,,,,,1,674660,
475,Sr2FeO3,Immm,71,Triv.,no,,,,AFM,,HQ,3,251018 251019 251020,
476,Sr3(Fe2O5),Immm,71,Triv.,no,,,"b,s",FM,,HQ,1,420234,
477,Cs(FeS2),Immm,71,TI,no,,,"b,s",FM,,,3,25697 53234 201112,
478,RbFeS2,Immm,71,TI,no,,,"b,s",FM,,,1,633207,
479,Li2NiO2,Immm,71,Triv.,no,,,b,FM,,,1,25000,
480,Li2(CuO2),Immm,71,SM,no,,,b,FM,,,9,25001 67204 67205 202996 238945 47106 67150 67151 291072,
481,Na2PtO2,Immm,71,Triv.,no,,,b,NM,,,1,25018,
482,VOCl2,Immm,71,SM,no,,,"b,s",FM,,,1,24380,
483,VOBr2,Immm,71,SM,no,,,"b,s",FM,,,1,24381,
484,PtSO4,Ibam,72,Triv.,no,,,b,,,,1,671488,
485,K2(MnS2),Ibam,72,SM,yes,Fig. 30,30,"b,s",FM,,HQ,1,65453,
486,Rb2(MnS2),Ibam,72,SM,yes,Fig. 30,30,"b,s",AFM,,HQ,1,65454,
487,Cs2(MnS2),Ibam,72,SM,yes,Fig. 30,30,"b,s",FM,,HQ,1,65455,
488,K2(MnSe2),Ibam,72,SM,yes,Fig. 30,30,"b,s",FM,,HQ,1,65456,
489,Rb2(MnSe2),Ibam,72,SM,yes,Fig. 30,30,"b,s",FM,,HQ,1,65457,
490,Cs2(MnSe2),Ibam,72,SM,yes,Fig. 31,31,"b,s",FM,,HQ,1,65458,
491,Rb2(MnTe2),Ibam,72,SM,yes,Fig. 31,31,"b,s",FM,,HQ,1,65460,
492,Cs2(MnTe2),Ibam,72,SM,yes,Fig. 31,31,"b,s",FM,,HQ,1,65461,
493,K2CoS2,Ibam,72,SM,no,,,"b,s",FM,,HQ,3,67387 623958 623960,
494,Rb2CoS2,Ibam,72,SM,no,,,"b,s",FM,,HQ,1,67388,
495,Cs2CoS2,Ibam,72,SM,no,,,"b,s",FM,,HQ,1,67389,
496,K2CoSe2,Ibam,72,SM,no,,,"b,s",FM,,HQ,1,67390,
497,Rb2CoSe2,Ibam,72,SM,no,,,"b,s",FM,,HQ,1,67391,
498,Cs2CoSe2,Ibam,72,SM,no,,,"b,s",FM,,HQ,1,67392,
499,Na2CoSe2,Ibam,72,SM,no,,,"b,s",FM,,,1,624264,
500,Na3(AlAs2),Ibam,72,Triv.,no,,,b,NM,,HQ,1,63149,
501,Na3(AlP2),Ibam,72,Triv.,no,,,b,NM,,HQ,2,73278 402081,
502,K3(InP2),Ibam,72,Triv.,no,,,"b,s",NM,,HQ,2,73281 300141,
503,KAg(CO3),Ibca,73,Triv.,no,,,,NM,,HQ,5,26632 31021 242236 242239 409484,
504,CsMoO2F3,Imma,74,Triv.,no,,,,NM,,HQ,1,9710,
505,Na4Ni(P2O7)F2,Imma,74,Triv.,no,,,b,AFM,,,2,251665 251666,
506,MgAlBO4,Imma,74,Triv.,no,,,b,,,,1,670206,
507,Na2NiGaF7,Imma,74,Triv.,no,,,"k∗,b,s",FM,,HQ,1,408111,
508,Cs(Pd2F5),Imma,74,Triv.,no,,,"b,s",FM,,,1,35284,
509,RbPd2F5,Imma,74,Triv.,no,,,"b,s",FM,,HQ,1,72299,
510,Zn(AlF5)(H2O)2,Imma,74,Triv.,no,,,,NM,,HQ,4,245171 15836 26992 65677,15836(b) 26992(b) 65677(b)
511,LiCuVO4,Imma,74,SM,no,,,,FM,,HQ,10,72846 261517 290738 291437 291440 290739 291441 6311 23597 27530,72846(b) 261517(b) 291437(b) 291440(b) 291441(b) 6311(b) 23597(b) 27530(b)
512,Mg2(SiO4),Imma,74,Triv.,no,,,,NM,,HQ,15,83784 83785 83786 63178 66490 83787 100725 159955 171064 171065 171066 290205 290206 290207 290208,63178(b) 66490(b) 100725(b) 159955(b) 171064(b) 171065(b) 171066(b) 290205(b) 290206(b) 290207(b) 290208(b)
513,Ca(SiO3),Imma,74,Triv.,no,,,"b,s",NM,,,9,670570 240422 240423 240424 240425 240426 240427 240428 240429,670570(b)
514,K4(CuV5O15Cl),P4,75,SM,no,,,"b,s",FM,,HQ,1,401042,
515,WOCl4,I4,79,Triv.,no,,,,NM,,HQ,2,25519 426524,
516,(NH4)(WAgS4),I4̄,82,Triv.,no,,,,NM,,HQ,1,84370,
517,Cs(As4F13),I4̄,82,Triv.,no,,,,NM,,HQ,1,281641,
518,RbLa(Si(CN2)4),I4̄,82,Triv.,no,,,,NM,,HQ,1,419337,
519,ZrF4,P42/m,84,Triv.,no,,,,NM,,,1,35100,
520,Cs2(V4O9),P42/m,84,Triv.,no,,,b,FM,,HQ,1,79408,
521,CuCl(B(OH)4),P4/n,85,SM,no,,,,FM,,HQ,1,56963,
522,(AgF)(BF4),P4/n,85,SM,no,,,,NM,,HQ,2,80645 80646,
523,(VO)(PO4),P4/n,85,Triv.,no,,,b,NM,,HQ,3,425536 77598 108983,
524,Ca(V4O9),P4/n,85,TI,no,,,b,FM,,HQ,2,2556 90927,
525,Sr(V4O9),P4/n,85,TI,no,,,b,FM,,HQ,1,90926,
526,(VO)MoO4,P4/n,85,SM,no,,,"b,s",AFM,,HQ,1,27315,
527,As2O3,P42/n,86,Triv.,no,,,"b,s",NM,,,1,183096,
528,N4P4Br8,P42/n,86,Triv.,no,,,,NM,,,1,2716,
529,BaFe2S4,I4/m,87,SM,no,,,,FM,,HQ,1,23081,
530,Rb2(TeBr6),I4/m,87,Triv.,no,,,,NM,,HQ,1,49520,
531,Bi4RuI2,I4/m,87,Triv.,no,,,,NM,,HQ,1,406949,
532,(NH3)4Pd(N3)4Pd,I4/m,87,Triv.,no,,,,,,HQ,1,410384,
533,VAu4,I4/m,87,SM,no,,,,FM,,,1,612460,
534,Ni(VO(PO4))2(H2O)4,I4/m,87,TI,no,,,,FM,,HQ,1,85597,
535,(Co(H2O)4)(VO(PO4))2,I4/m,87,SM,no,,,,FM,,HQ,1,281336,
536,Sr2Cu(WO6),I4/m,87,SM,no,,,"b,s",FM,,,10,33571 72812 88701 99303 186027 190594 193614 291133 291134 291135,
537,Sr2CuTeO6,I4/m,87,SM,no,,,"b,s",FM,,,2,33573 88702,
538,Ba2Cu(WO6),I4/m,87,SM,no,,,"b,s",FM,,HQ,1,72813,
539,Sr2Fe(WO6),I4/m,87,Triv.,no,,,"k∗,b,s",AFM,,,1,78677,
540,Ba2Cu(TeO6),I4/m,87,SM,no,,,"b,s",FM,,,1,88703,
541,Sr2Ni(WO6),I4/m,87,Triv.,yes,Fig. 32,32,"b,s",AFM,,HQ,3,91791 153327 190591,
542,Ba2(FeWO6),I4/m,87,Triv.,yes,Fig. 32,32,"k∗,b,s",AFM,,HQ,0,,
543,Sr2NiMoO6,I4/m,87,Triv.,no,,,"b,s",AFM,,HQ,14,95518 95520 95521 95522 95523 98191 155273 155274 155732 157020 157021 157022 157023 157025,
544,Sr2(FeMoO6),I4/m,87,Triv.,yes,Fig. 32,32,"b,s",FM,,HQ,9,166816 172212 193690 248460 247539 248461 248462 248463 248464,248460(k)
545,Sr2(FeReO6),I4/m,87,SM,yes,Fig. 31,31,"b,s",FM,,HQ,1,150702,
546,Sr2Mg(WO6),I4/m,87,Triv.,yes,Fig. 32,32,"b,s",NM,,HQ,12,151703 152574 155306 155307 155308 155309 155310 168463 152440 152441 152442 152443,
547,Sr2(NiOsO6),I4/m,87,Triv.,no,,,"b,s",FM,,HQ,0,,
548,Sr2(CoMoO6),I4/m,87,SM,yes,Fig. 31,31,"b,s",FM,,HQ,3,153544 153545 153546,
549,Sr2(NiMoO6),I4/m,87,TI,no,,,"b,s",AFM,,HQ,2,157024 157026,
550,Sr2GaTaO6,I4/m,87,Triv.,no,,,"b,s",NM,,HQ,1,172330,
551,Sr2NiReO6,I4/m,87,SM,no,,,"b,s",FM,,HQ,2,173487 173490,
552,Sr2CoReO6,I4/m,87,TI,yes,Fig. 31,31,"b,s",AFM,,HQ,1,173488,
553,Sr2Cu(MoO6),I4/m,87,SM,no,,,"b,s",FM,,HQ,1,186038,
554,Sr2MgMoO6,I4/m,87,Triv.,yes,Fig. 32,32,"b,s",NM,,HQ,1,187662,
555,Sr2MnMoO6,I4/m,87,SM,yes,Fig. 31,31,"b,s",FM,,HQ,1,187669,
556,Sr2CoWO6,I4/m,87,SM,yes,Fig. 31,31,"b,s",AFM,,,2,190593 245470,
557,Sr2CoNbO6,I4/m,87,Triv.,yes,Fig. 32,32,"b,s",,,,1,192327,
558,Sr2CoOsO6,I4/m,87,SM,no,,,"b,s",FM,,HQ,2,236435 236436,
559,Sr2Li(ReO6),I4/m,87,Triv.,no,,,"b,s",NM,,,2,418991 246730,418991(k)
560,InK(C2O4)2(H2O)4,I41/a,88,Triv.,no,,,,NM,,,1,99956,
561,Y(Pd2O4),I41/a,88,SM,no,,,b,NM,,HQ,1,78846,
562,PbPd2O4,I41/a,88,Triv.,yes,Fig. 32,32,b,NM,,HQ,1,263049,
563,TlTlCl4,I41/a,88,Triv.,no,,,b,NM,,HQ,4,4031 15586 15869 18135,15586(b) 15869(b) 18135(b)
564,Ca(WO4),I41/a,88,Triv.,no,,,,NM,,HQ,13,60547 60548 60549 60550 60551 77335 155423 155791 157428 193047 193491 291535 671942,60547(b) 60548(b) 60549(b) 60550(b) 60551(b) 155423(b) 155791(b) 157428(b) 193047(b) 193491(b) 291535(b) 671942(b)
565,Ca(MoO4),I41/a,88,Triv.,no,,,,NM,,,15,22351 23699 60552 60553 60554 60555 60556 60557 60558 62219 77334 183446 183447 193793 194078,22351(b) 23699(b) 60552(b) 60553(b) 60554(b) 60555(b) 60556(b) 60557(b) 60558(b) 62219(b) 183447(b) 193793(b) 194078(b)
566,Zr(GeO4),I41/a,88,Triv.,no,,,b,NM,,HQ,3,194079 417513 29262,194079(b) 417513(b)
567,Hf(GeO4),I41/a,88,Triv.,no,,,"b,s",NM,,HQ,1,202080,
568,YNbO4,I41/a,88,Triv.,no,,,,NM,,,12,239208 239209 430917 430918 430919 430920 430921 430922 162766 162767 162768 186801,
569,Bi2ZnTiO6,P4mm,99,Triv.,no,,,"b,s",NM,,,0,,
570,BiFeO3,P4mm,99,SM,no,,,"b,s",AFM,,,2,188467 188466,
571,LaCoO3,P4mm,99,SM,no,,,"b,s",,,,1,673191,
572,La1Fe1O3,P4mm,99,SM,no,,,"b,s",,,,1,673196,
573,BaSiO3,P4mm,99,Triv.,no,,,"b,s",,,,1,674089,
574,BiAlO3,P4mm,99,Triv.,no,,,"b,s",,,,2,674105 673462,
575,RbWNO2,P4mm,99,Triv.,no,,,"b,s",,,,1,674128,
576,Sb2N2O,P4mm,99,Triv.,no,,,,,,,1,674157,
577,YTlO2S,P4mm,99,Triv.,no,,,,,,,1,674170,
578,CaSnO2S,P4mm,99,Triv.,no,,,,,,,1,674175,
579,HfMgO2S,P4mm,99,Triv.,no,,,,,,,1,674184,
580,YAlO2S,P4mm,99,Triv.,no,,,"b,s",,,,1,674195,
581,GeAlO2F,P4mm,99,Triv.,no,,,"b,s",,,,1,674205,
582,KSiO2F,P4mm,99,Triv.,no,,,"b,s",,,,1,674212,
583,GeGaO2F,P4mm,99,Triv.,no,,,,,,,1,674223,
584,RbSiO2F,P4mm,99,Triv.,no,,,"b,s",,,,1,674238,
585,SrZrO3,P4mm,99,Triv.,no,,,"b,s",,,,2,674926 188449,
586,YBaCuFeO5,P4mm,99,SM,no,,,"b,s",FM,,,4,67978 71355 87466 241398,67978(l) 241398(l)
587,Pb(TiO3),P4mm,99,Triv.,no,,,"b,s",NM,,,30,1610 1611 1612 51838 16621 31152 51839 51841 51840 55054 55055 55056 55057 55058 55059 55060 55061 60188 61169 61168 90693 162044 93553 161709 162046 162045 162048 165498 186727 236933,"51838(k) 51839(k,l) 51841(k,l) 61169(k) 162044(k) 162046(k) 165498(k)"
588,K(NbO3),P4mm,99,Triv.,no,,,"k∗,b,s,l∗",NM,,,3,9532 9535 190921,
589,Ba(TiO3),P4mm,99,Triv.,no,,,"b,s",NM,,,15,161340 161418 168763 183932 185407 186457 186458 186459 188644 192889 189381 190835 237105 237107 237108,"161340(l) 161418(l) 183932(k,l) 185407(k,l) 186457(k,l) 192889(l) 237105(k) 237107(k) 237108(k)"
590,Sr(HfO3),P4mm,99,Triv.,no,,,"b,s,l∗",NM,,,11,245944 245945 245946 252558 253030 248395 253245 290023 671606 673334 161594,"245944(k,l) 245945(k,l) 245946(k,l) 252558(l) 253030(k,l) 253245(k,l) 290023(k,l) 671606(k,l) 673334(k)"
591,La1Mn1O3,P4mm,99,Triv.,yes,Fig. 32,32,,,,,1,673198,
592,CaHfO3,P4mm,99,Triv.,no,,,"b,s",,,,1,674068,
593,CaTiO3,P4mm,99,Triv.,no,,,"b,s",,,,1,674096,
594,KWNO2,P4mm,99,Triv.,no,,,"b,s",,,,1,674127,
595,ZnAlO2F,P4mm,99,Triv.,no,,,b,,,,1,674207,
596,KSnO2F,P4mm,99,Triv.,no,,,"b,s",,,,1,674215,
597,(VO)3(AsO3)2,P4bm,100,SM,yes,Fig. 33,33,b,FM,,HQ,1,424067,
598,Ba2(TiO)(Si2O7),P4bm,100,Triv.,no,,,b,NM,,,9,4451 15715 34453 66628 66629 155316 201844 201845 672977,66628(s) 66629(s)
599,Ba2(VO)(Si2O7),P4bm,100,SM,no,,,b,FM,,HQ,2,51479 98722,
600,K2(Zn6O7),P42nm,102,Triv.,no,,,b,NM,,,2,1120 2496,
601,LiSr4Si4N8F,P4nc,104,Triv.,no,,,"b,s",,,,1,432269,
602,Cu(Sb2O4),P42bc,106,SM,no,,,b,FM,,HQ,1,190731,
603,Sr2SbMnO6,I4mm,107,Triv.,no,,,"b,s",,,HQ,2,39351 190647,
604,SrCu2(BO3)2,I4cm,108,Triv.,no,,,b,FM,,HQ,1,247206,
605,Ca5Ge3,I4cm,108,SM,no,,,,NM,,,1,181076,
606,Li8SeN2,I41md,109,Triv.,no,,,,NM,,HQ,3,247255 247256 421252,
607,ZnGa2S4,P4̄2m,111,Triv.,no,,,b,NM,,,1,635300,
608,CdTeMoO6,P4̄21m,113,Triv.,no,,,b,NM,,HQ,2,93794 188038,
609,Ca(FeO2),P4̄21m,113,Triv.,no,,,,FM,,HQ,2,246244 674880,
610,Ca(FeO2),P4̄21m,113,TI,no,,,"b,s",AFM,,HQ,1,246245,
611,Ca2Zn(Si2O7),P4̄21m,113,Triv.,no,,,b,NM,,HQ,3,30262 186944 18114,30262(s) 186944(s)
612,Ca2Be(Si2O7),P4̄21m,113,Triv.,no,,,"b,s",NM,,HQ,2,31234 94063,
613,Sr2Zn(Ge2O7),P4̄21m,113,Triv.,no,,,"b,s",NM,,HQ,4,39159 251824 420521 670006,
614,Ba2Cu(Ge2O7),P4̄21m,113,SM,no,,,"b,s",FM,,,1,77132,
615,Sr2Mn(Ge2O7),P4̄21m,113,SM,no,,,"b,s",AFM,,HQ,1,84033,
616,Ca2Co(Si2O7),P4̄21m,113,SM,no,,,b,AFM,,HQ,4,94135 94137 94132 94139,94135(s) 94137(s)
617,Ba2Cu(Si2O7),P4̄21m,113,SM,no,,,"b,s",FM,,HQ,1,97762,
618,K2Fe(P2O7),P4̄21m,113,Triv.,no,,,,,,HQ,1,191281,
619,K2Cu(P2O7),P4̄21m,113,SM,no,,,b,FM,,HQ,1,191282,
620,Sr2Co(Ge2O7),P4̄21m,113,SM,no,,,"b,s",AFM,,HQ,2,262398 262399,
621,Ba2Co(Si2O7),P4̄21m,113,SM,no,,,"b,s",AFM,,HQ,1,281293,
622,Ba2Co(Ge2O7),P4̄21m,113,SM,no,,,"b,s",AFM,,HQ,4,290483 290484 423350 423351,
623,Ba2Zn(Ge2O7),P4̄21m,113,Triv.,no,,,"b,s",NM,,HQ,1,420550,
624,YBa2CuCu2O6,P4̄m2,115,TI,no,,,"b,s",,,,1,63423,
625,Pb2OF2,P4̄m2,115,Triv.,no,,,b,NM,,,1,76964,
626,Mo2CuGa5,P4̄m2,115,Triv.,no,,,,,,,1,670138,
627,SiO2,P4̄c2,116,Triv.,no,,,"b,s",NM,,,1,170532,
628,K(NbF6),P4̄c2,116,Triv.,no,,,"b,s",NM,,,1,16729,
629,K(BiF6),P4̄c2,116,Triv.,no,,,"b,s",NM,,,1,25025,
630,SiO2,P4̄n2,118,Triv.,no,,,"b,s",NM,,,1,170511,
631,RbMnSe2,I4̄m2,119,Triv.,no,,,"b,s",FM,,HQ,1,50819,
632,BaCu(Si2O6),I4̄m2,119,Triv.,no,,,b,,,HQ,1,74633,
633,KMnS2,I4̄m2,119,Triv.,no,,,"b,s",,,,1,672264,
634,KMnSe2,I4̄m2,119,Triv.,no,,,"b,s",,,,1,672265,
635,KMnTe2,I4̄m2,119,Triv.,no,,,"b,s",,,,2,672266 87983,
636,RbMnTe2,I4̄m2,119,Triv.,no,,,"b,s",FM,,HQ,1,87984,
637,KAgO,I4̄m2,119,Triv.,no,,,b,,,HQ,3,24818 37324 188525,
638,KCuO,I4̄m2,119,Triv.,no,,,,NM,,HQ,2,37325 188522,
639,NaAgO,I4̄m2,119,Triv.,no,,,b,NM,,HQ,2,49752 188524,
640,NaCuO,I4̄m2,119,Triv.,no,,,b,NM,,HQ,2,49756 188521,
641,SrCu2(BO3)2,I4̄c2,120,Triv.,no,,,b,,,HQ,1,247205,
642,(Ag(XeF2)2)(PF6),I4̄c2,120,Triv.,no,,,"b,s",,,HQ,1,412662,
643,SrCu2(BO3)2,I4̄2m,121,Triv.,no,,,b,FM,,HQ,5,247061 247200 247201 247202 247204,
644,AgFe2GaTe4,I4̄2m,121,Triv.,no,,,,FM,,HQ,1,192470,
645,K(H2PO4),I4̄2d,122,Triv.,no,,,b,NM,,HQ,4,66079 30257 76195 87895,
646,Cs2(V4O9),I4̄2d,122,Triv.,no,,,b,AFM,,HQ,1,79409,
647,CO2,I4̄2d,122,Triv.,no,,,"b,s",NM,,,3,188890 290503 674668,
648,AgAlS2,I4̄2d,122,Triv.,no,,,,NM,,,4,28744 604692 604694 604698,
649,KCoO2,I4̄2d,122,SM,no,,,"b,s",FM,,,1,4199,
650,SiS2,I4̄2d,122,Triv.,no,,,"b,s",NM,,HQ,5,16952 291214 291215 291216 291217,
651,CaF2,P4/mmm,123,Triv.,no,,,,NM,,,1,51237,
652,CsLaNb2O7,P4/mmm,123,Triv.,no,,,"b,s",NM,,HQ,1,82378,
653,Ba(TiO3),P4/mmm,123,SM,no,,,b,NM,,,1,109327,
654,MgNiH,P4/mmm,123,SM,no,,,b,NM,,,1,187257,
655,CsV2OS2,P4/mmm,123,SM,no,,,"b,s,l",FM,,,1,430299,
656,CaFeO2,P4/mmm,123,SM,no,,,"b,s,l",,,,2,674881 173438,
657,AlMn,P4/mmm,123,SM,no,,,,FM,,,2,57969 608456,
658,CdPt,P4/mmm,123,SM,no,,,,NM,,,5,102052 102053 620293 620295 620296,
659,HgPt,P4/mmm,123,SM,no,,,,NM,,,1,104337,
660,HgBa2CuO4,P4/mmm,123,SM,no,,,"b,s,l",NM,SC,,5,75720 75721 75722 75723 75724,
661,Bi2YO4Cl,P4/mmm,123,Triv.,no,,,b,NM,,HQ,1,92405,
662,Bi2YO4Br,P4/mmm,123,Triv.,no,,,b,NM,,HQ,1,92418,
663,LaCr2Si2C,P4/mmm,123,SM,no,,,"b,s,l",FM,,,1,160691,
664,BaPd2As2,P4/mmm,123,SM,no,,,,NM,,,2,36376 190705,
665,Cs2(MnF5),P4/mmm,123,Triv.,no,,,,FM,,HQ,1,69675,
666,K2(AlF5),P4/mmm,123,Triv.,no,,,,NM,,,1,81864,
667,Rb2(MnF5),P4/mmm,123,Triv.,no,,,,FM,,HQ,1,82218,
668,KCu4S3,P4/mmm,123,SM,no,,,,NM,SC,HQ,3,602358 23336 602356,"602358(b,s)"
669,(CuCl)LaTa2O7,P4/mmm,123,SM,no,,,"b,s",FM,,HQ,1,51261,
670,InPd3,P4/mmm,123,SM,no,,,,NM,,,1,59476,
671,MnRh2Sb,P4/mmm,123,SM,yes,Fig. 33,33,,FM,,,1,76202,
672,Cu2NiZn,P4/mmm,123,TI,no,,,,NM,,,1,103079,
673,AlNi3,P4/mmm,123,SM,no,,,,,,,1,107862,
674,Pd3Tl,P4/mmm,123,SM,no,,,,,,,1,108675,
675,Pd3V,P4/mmm,123,SM,no,,,k∗,FM,,,1,108677,
676,Pt3Al,P4/mmm,123,SM,no,,,k∗,NM,,,2,109235 191186,
677,Pt3In,P4/mmm,123,SM,no,,,k∗,NM,,,1,109236,
678,FeNiN,P4/mmm,123,SM,no,,,b,FM,,,1,53505,
679,PdO,P4/mmm,123,TI,no,,,,NM,,,1,28837,
680,FeSe,P4/mmm,123,SM,no,,,,FM,,,2,53543 633467,
681,FeSi2,P4/mmm,123,TI,no,,,,FM,,HQ,5,5257 24360 633533 633544 633550,
682,FeSi2,P4/mmm,123,TI,no,,,,FM,,,1,5258,
683,Hg2Rh,P4/mmm,123,SM,no,,,,NM,,,1,106786,
684,HgMn,P4/mmm,123,SM,no,,,,FM,,,1,104323,
685,HgNi,P4/mmm,123,SM,no,,,,NM,,,2,104332 639119,
686,NbRu,P4/mmm,123,SM,no,,,,NM,,,2,105222 645296,
687,NiZn,P4/mmm,123,SM,no,,,,NM,,,3,105469 647134 647137,
688,RuTa,P4/mmm,123,SM,no,,,,NM,,,4,105995 105996 650691 650692,
689,AuMn,P4/mmm,123,SM,no,,,,FM,,,1,109349,
690,SrSi,P4/mmm,123,SM,no,,,,,,,1,160108,
691,MgNi,P4/mmm,123,TI,no,,,,NM,,,1,187255,
692,K2(PdBr4),P4/mmm,123,Triv.,no,,,,NM,,HQ,4,1982 2722 23998 37014,2722(b) 23998(b) 37014(b)
693,K2PtCl4,P4/mmm,123,Triv.,no,,,,NM,,HQ,4,37015 68767 60110 68768,37015(b) 68767(b) 68768(b)
694,K2PdCl4,P4/mmm,123,Triv.,no,,,,NM,,HQ,7,65034 65035 39852 65036 68769 73505 73506,65034(b) 65035(b)
695,K2PtBr4,P4/mmm,123,Triv.,no,,,,NM,,HQ,1,6063,
696,Cs2(PdCl4),P4/mmm,123,Triv.,no,,,,NM,,HQ,1,95813,
697,NaAlF4,P4/mmm,123,Triv.,no,,,"b,s,l",NM,,,1,20572,
698,Rb(FeF4),P4/mmm,123,SM,no,,,"b,s,l",FM,,,1,21072,
699,Tl(AlF4),P4/mmm,123,Triv.,no,,,"b,s,l",NM,,,4,25615 200637 202453 202454,
700,LaNiO2,P4/mmm,123,SM,no,,,"b,s,l",FM,,,2,47123 153058,
701,SrFeO2,P4/mmm,123,SM,no,,,"b,s,l",AFM,,HQ,4,173434 418603 418605 418606,
702,KCuF3,P4/mmm,123,SM,no,,,"k∗,b,s,l",,,,1,27689,
703,K(CrF3),P4/mmm,123,Triv.,no,,,"b,s,l",FM,,,1,27690,
704,Ba(TiO3),P4/mmm,123,Triv.,no,,,"k∗,b,s,l",NM,,,24,27965 27966 27967 27968 27969 27974 28620 29146 29148 29280 31884 31885 31886 31887 31888 31889 31890 67519 187292 674386 28584 28585 28586 28587,
705,Na(NbO3),P4/mmm,123,Triv.,no,,,"k∗,b,s,l",NM,,,0,,
706,Pb(TiO3),P4/mmm,123,Triv.,no,,,"b,s,l",,,,2,29117 28624,29117(k)
707,Tl(CuF3),P4/mmm,123,SM,no,,,"b,s,l",,,,1,43457,
708,Rb(CuF3),P4/mmm,123,SM,no,,,"b,s,l",,,,1,109293,
709,CsAuCl3,P4/mmm,123,SM,no,,,"k∗,b,s,l",NM,,HQ,1,417373,
710,SrGaO2F,P4/mmm,123,Triv.,no,,,"b,s",,,,1,674208,
711,BaAlO2F,P4/mmm,123,Triv.,no,,,"b,s",,,,1,674211,
712,RbHfO2F,P4/mmm,123,Triv.,no,,,"b,s",,,,1,674219,
713,YBaMn2O5,P4/mmm,123,SM,no,,,"b,s",AFM,,HQ,1,83690,
714,LaBaMn2O6,P4/mmm,123,SM,no,,,"k∗,b,s,l∗",FM,,HQ,1,150703,
715,LaRu2Al2B,P4/mmm,123,TI,no,,,"b,s,l",NM,,HQ,1,174342,
716,CsCa2(Ta3O10),P4/mmm,123,Triv.,no,,,"b,s,l",NM,,HQ,1,89011,
717,RbSr2(Nb3O10),P4/mmm,123,Triv.,no,,,"b,s,l",NM,SC∗,HQ,1,93674,
718,CsSr2(Nb3O10),P4/mmm,123,Triv.,no,,,"b,s,l",NM,SC,HQ,1,93675,
719,CsBa2(Nb3O10),P4/mmm,123,Triv.,no,,,"b,s,l",NM,SC∗,HQ,2,93676 671284,
720,CsSr2(Ta3O10),P4/mmm,123,Triv.,no,,,"b,s,l",NM,,HQ,1,93677,
721,RbCa2(Nb3O10),P4/mmm,123,Triv.,no,,,"b,s,l",NM,SC∗,HQ,1,260289,
722,CsBa2Ta3O10,P4/mmm,123,Triv.,no,,,"b,s,l",,,,1,671285,
723,RbLa(Ta2O7),P4/mmm,123,Triv.,no,,,"b,s",NM,,HQ,1,81870,
724,TlYBa2Cu2O7,P4/mmm,123,TI,no,,,"b,s,l∗",NM,SC∗,HQ,1,74163,
725,Ba2YCu3O6,P4/mmm,123,TI,no,,,"b,s",NM,SC∗,HQ,16,63269 63424 66903 67016 68008 68046 68290 72254 84739 203116 75725 75726 75727 75728 75729 83087,
726,HgBa2CaCu2O6,P4/mmm,123,TI,no,,,"b,s,l∗",NM,SC,,0,,
727,SiO2,P4/nbm,125,SM,no,,,,NM,,,1,170502,
728,SiO2,P4/nbm,125,TI,yes,Fig. 33,33,"b,s",NM,,,1,170538,
729,RbAg5Se3,P4/nbm,125,SM,no,,,,NM,,HQ,1,50738,
730,K8(Tl10Zn),P4/nnc,126,SM,no,,,,NM,,,1,165614,
731,SiO2,P4/nnc,126,SM,no,,,,NM,,,1,170503,
732,SiO2,P4/nnc,126,Triv.,no,,,,NM,,,1,170537,
733,Rb2IN3,P4/mbm,127,Triv.,no,,,,NM,,HQ,1,202077,
734,Cs2V3O8,P4/mbm,127,SM,no,,,"b,s",,,,1,239713,
735,Mn2Hg5,P4/mbm,127,SM,no,,,,,SC,,2,670164 104324,
736,NaO2,P4/mbm,127,SM,no,,,,,,,1,673261,
737,Ti3Co5B2,P4/mbm,127,SM,no,,,,NM,,,1,20140,
738,Mn2Ga5,P4/mbm,127,SM,no,,,,FM,SC∗,HQ,3,249632 634613 634639,
739,Cs3(GeF7),P4/mbm,127,Triv.,yes,Fig. 33,33,,NM,,HQ,1,202917,
740,K(AlF4),P4/mbm,127,Triv.,no,,,"b,s",NM,,HQ,5,16413 60524 201947 201948 201949,
741,Rb(AlF4),P4/mbm,127,Triv.,no,,,"b,s",NM,,HQ,3,200638 54120 54121,200638(l)
742,Rb(FeF4),P4/mbm,127,SM,no,,,"b,s",FM,,HQ,1,85499,
743,(PbCl2)(Pb(CO3)),P4/mbm,127,TI,no,,,,,,,1,38358,
744,KCuF3,P4/mbm,127,SM,no,,,b,FM,,HQ,2,21110 21111,"21110(s,l)"
745,Na(TaO3),P4/mbm,127,Triv.,no,,,"b,s",NM,,HQ,4,23322 88377 239692 280101,23322(l) 280101(l)
746,Na(NbO3),P4/mbm,127,Triv.,no,,,"b,s",NM,,,4,23563 192406 236892 280100,23563(l) 192406(l)
747,NaMgF3,P4/mbm,127,Triv.,no,,,"b,s,l∗",NM,,HQ,1,193088,
748,BaPtLa2O5,P4/mbm,127,Triv.,no,,,"b,s",NM,,HQ,2,68794 670385,
749,FeMo2B2,P4/mbm,127,SM,no,,,,FM,,,2,5431 44292,
750,W2FeB2,P4/mbm,127,SM,no,,,,FM,,,1,43016,
751,InNi2Sc2,P4/mbm,127,SM,no,,,,NM,,HQ,1,107333,
752,FeNb2B2,P4/mbm,127,SM,no,,,,FM,,,1,614047,
753,Li2Sr4N8Si4O,P4/mnc,128,Triv.,no,,,"b,s",NM,,,1,420677,
754,Na3ScF6,P4/mnc,128,Triv.,no,,,"b,s",,,,1,671947,
755,K2(TeBr6),P4/mnc,128,Triv.,no,,,,NM,,,2,37270 65117,
756,Tl2(TeBr6),P4/mnc,128,Triv.,no,,,,NM,,HQ,1,99127,
757,WO3,P4/nmm,129,Triv.,yes,Fig. 33,33,"b,s",NM,,,5,27961 27962 89092 88367 673313,27961(l) 27962(l) 88367(k) 673313(k)
758,VSe,P4/nmm,129,SM,no,,,,NM,,,1,162898,
759,CrSe,P4/nmm,129,Triv.,no,,,,FM,,,1,162899,
760,WH4,P4/nmm,129,Triv.,no,,,,NM,,,2,247601 247602,
761,HfCd,P4/nmm,129,Triv.,no,,,,NM,,,1,619964,
762,AgLa(TiO4),P4/nmm,129,Triv.,no,,,"b,s",NM,,,1,78719,
763,Sr2NiO3Cl,P4/nmm,129,SM,no,,,"b,s",AFM,,,1,237581,
764,Ba2Pb4Br2F10,P4/nmm,129,Triv.,no,,,,NM,,,1,411087,
765,Ba2Pb4I2F10,P4/nmm,129,Triv.,no,,,,NM,,,1,411088,
766,BaNiS2,P4/nmm,129,TI,no,,,,NM,,,2,15289 246945,
767,K(CoO2),P4/nmm,129,TI,no,,,,FM,,,1,15770,
768,CsLiBr2,P4/nmm,129,Triv.,no,,,,NM,,,2,40479 245979,
769,BaHfN2,P4/nmm,129,Triv.,no,,,,NM,,,7,50994 184052 184053 184054 184055 184056 184057,
770,Ba(ZrN2),P4/nmm,129,Triv.,no,,,,NM,,,2,74904 74905,
771,BaCoS2,P4/nmm,129,SM,no,,,,FM,,,1,82639,
772,CsAgCl2,P4/nmm,129,Triv.,no,,,,NM,,,1,150300,
773,CsAgBr2,P4/nmm,129,Triv.,no,,,,NM,,,1,150302,
774,SrNiS2,P4/nmm,129,TI,no,,,,,,,1,673416,
775,Ir2YSi2,P4/nmm,129,SM,no,,,,NM,,,5,44668 181770 188325 641031 641036,
776,Sr2Sb2Se4F2,P4/nmm,129,Triv.,no,,,,NM,,,1,171430,
777,Bi2OS2,P4/nmm,129,Triv.,no,,,,NM,SC,,1,196230,
778,Ca2Ge2Ni2H2,P4/nmm,129,SM,no,,,,NM,,,1,263028,
779,CsMnF4,P4/nmm,129,Triv.,no,,,"b,s",FM,,,1,14104,
780,Fe2As,P4/nmm,129,SM,no,,,,FM,,,5,16844 415628 610464 610470 610472,
781,KNaO,P4/nmm,129,Triv.,no,,,,NM,,,1,32743,
782,FeLiP,P4/nmm,129,SM,no,,,,NM,SC,,8,42327 247089 632441 247248 42750 607972 607974 657172,
783,MnAlGe,P4/nmm,129,TI,no,,,,FM,,,0,,
784,MnVAs,P4/nmm,129,SM,no,,,,FM,,,1,44009,
785,NiRhAs,P4/nmm,129,SM,no,,,,NM,,,3,44030 187596 601484,
786,MgMnGe,P4/nmm,129,SM,no,,,,FM,,,5,66952 66948 66953 87116 87117,66952(b) 87116(b) 87117(b)
787,CaMnSn,P4/nmm,129,SM,no,,,,FM,,,3,66958 66959 66950,66958(b) 66959(b)
788,MnFeAs,P4/nmm,129,TI,no,,,,FM,,,3,93237 93238 610492,
789,CoLiAs,P4/nmm,129,SM,no,,,,NM,,,1,107932,
790,LiFeAs,P4/nmm,129,SM,no,,,,FM,SC,,7,162056 162250 163870 166457 290700 610480 169175,
791,LiFeP,P4/nmm,129,TI,no,,,,NM,,,1,166456,
792,CoMnSb,P4/nmm,129,SM,no,,,,FM,,,4,248374 248375 248376 248377,
793,MgCoGe,P4/nmm,129,SM,no,,,,NM,,,1,418853,
794,MnCuAs,P4/nmm,129,SM,no,,,,FM,,,1,423230,
795,GaMnGe,P4/nmm,129,SM,no,,,,FM,,,2,634253 634255,
796,Fe(MoO4)Cl,P4/nmm,129,SM,no,,,"b,s",AFM,,,4,49516 202186 202187 202188,
797,FeWO4Cl,P4/nmm,129,SM,no,,,"b,s",AFM,,,1,80798,
798,FeSe,P4/nmm,129,SM,no,,,,NM,SC∗,,24,26889 162901 163559 163560 163561 163562 165958 165959 165960 169970 182544 185464 196297 196298 977901 977903 42977 43391 81087 182249 182250 238590 633302 182251,
799,FeS,P4/nmm,129,Triv.,no,,,,NM,SC,,0,,
800,FeTe,P4/nmm,129,SM,no,,,,FM,,,2,44753 169974,
801,MnSe,P4/nmm,129,SM,no,,,,FM,,,1,162900,
802,CoSe,P4/nmm,129,SM,no,,,,FM,,,1,162902,
803,FeSe,P4/nmm,129,TI,no,,,,NM,,,11,169253 169255 169257 169259 169261 169263 169265 169267 169269 169271 290701,
804,FeTe,P4/nmm,129,TI,no,,,,FM,SC∗,,2,180602 633877,
805,FeSe,P4/nmm,129,Triv.,no,,,,FM,,,1,633480,
806,K(MoO(PO4)Cl),P4/nmm,129,SM,no,,,b,FM,,,1,50988,
807,Na2(TiO)(GeO4),P4/nmm,129,Triv.,no,,,"b,s",NM,,,3,20129 91546 160148,
808,Li2(VO)(SiO4),P4/nmm,129,SM,no,,,b,AFM,,,12,417277 59359 417276 417278 417280 417279 417281 417282 417283 417284 417285 417286,417277(s) 417278(s) 417280(s)
809,Ag3Cl(CrO4),P4/nmm,129,Triv.,no,,,b,NM,,,1,409541,
810,LiMnP,P4/nmm,129,SM,no,,,,FM,,,1,26458,
811,LiMnAs,P4/nmm,129,SM,no,,,,FM,,,12,26459 60739 60740 60741 60742 192817 192818 192819 192820 192821 192822 192823,
812,LiMnSb,P4/nmm,129,SM,no,,,,FM,,,1,642150,
813,TiSe,P4/nmm,129,SM,no,,,,NM,,,1,162897,
814,SnO,P4/nmm,129,SM,no,,,,NM,,,1,185350,
815,BaBrF,P4/nmm,129,Triv.,no,,,,NM,,,10,1129 2294 35393 155005 5037 30287 31132 39165 82884 155010,
816,PbFCl,P4/nmm,129,Triv.,no,,,,NM,,,0,,
817,PbFBr,P4/nmm,129,Triv.,no,,,,NM,,,3,5038 30288 155011,
818,BiOF,P4/nmm,129,Triv.,no,,,,NM,,,2,24096 201620,
819,BiOCl,P4/nmm,129,Triv.,no,,,,NM,,,5,24608 29143 74502 195115 185970,
820,CaHCl,P4/nmm,129,Triv.,no,,,,NM,,,2,25601 37199,
821,SrHCl,P4/nmm,129,Triv.,no,,,,NM,,,2,25602 37200,
822,BaHCl,P4/nmm,129,Triv.,no,,,,NM,,,2,25603 37201,
823,NaMnP,P4/nmm,129,SM,no,,,,FM,,,0,,
824,NaMnAs,P4/nmm,129,SM,no,,,,FM,,,21,26460 60726 60727 60728 60729 601595 26461 60730 60731 60732 610878 26462 60733 60734 60735 601596 29145 5036 24610 185972 391354,
825,NaMnSb,P4/nmm,129,SM,no,,,,FM,,,0,,
826,BiOI,P4/nmm,129,Triv.,no,,,,NM,,,0,,
827,YOCl,P4/nmm,129,Triv.,no,,,,NM,,,2,31667 60586,
828,KMgSb,P4/nmm,129,Triv.,no,,,,NM,,,1,41709,
829,RbMnSb,P4/nmm,129,SM,no,,,,FM,,,3,41868 643395 643396,
830,CsMnSb,P4/nmm,129,SM,no,,,,FM,,,3,41869 627027 627028,
831,KMnP,P4/nmm,129,SM,no,,,,FM,,,3,41882 89592 89593,
832,KMnAs,P4/nmm,129,SM,no,,,,FM,,,8,41883 60743 60744 60745 42370 66964 66965 615891,
833,MnBaGe,P4/nmm,129,SM,no,,,,FM,,,0,,
834,CaMnGe,P4/nmm,129,SM,no,,,,FM,,,3,66957 52758 66956,66957(b)
835,MnSrGe,P4/nmm,129,SM,no,,,,FM,,,3,53707 66960 66961,
836,NaMnBi,P4/nmm,129,SM,no,,,,FM,,,5,60736 60737 60738 601587 616814,
837,CaMnSi,P4/nmm,129,SM,no,,,,FM,,,3,66949 66954 66955,
838,SrMnSn,P4/nmm,129,SM,no,,,,FM,,,3,66951 66962 66963,
839,LaMnSi,P4/nmm,129,SM,no,,,,FM,,,4,75046 75047 85849 641449,
840,MnYSi,P4/nmm,129,TI,no,,,,FM,,,2,76235 643705,
841,LaMnGe,P4/nmm,129,SM,no,,,,FM,,,3,80007 80008 85857,
842,LaFeSi,P4/nmm,129,SM,no,,,,NM,,,3,85853 632432 656907,
843,LaCoGe,P4/nmm,129,Triv.,no,,,,FM,,,1,85860,
844,KMnSb,P4/nmm,129,SM,no,,,,FM,,,3,89590 89591 602269,
845,RbMnP,P4/nmm,129,SM,no,,,,FM,,,3,89594 89595 643229,
846,RbMnAs,P4/nmm,129,SM,no,,,,FM,,,3,89596 89597 610910,
847,CoGeLa,P4/nmm,129,TI,no,,,,FM,,,1,106471,
848,PbFI,P4/nmm,129,Triv.,no,,,,NM,,,6,150194 150195 56667 150193 155012 279599,
849,NaFeAs,P4/nmm,129,SM,no,,,,FM,SC,,2,163143 163144,
850,KMnBi,P4/nmm,129,SM,no,,,,FM,,,1,601586,
851,KMgAs,P4/nmm,129,Triv.,no,,,,NM,,,1,610753,
852,CsMnBi,P4/nmm,129,SM,no,,,,FM,,,1,616575,
853,RbMnBi,P4/nmm,129,SM,no,,,,FM,,,1,616824,
854,CoLaSi,P4/nmm,129,Triv.,no,,,,FM,,,1,624027,
855,CoPdP,P4/nmm,129,TI,no,,,b,NM,,,1,624599,
856,CoLaSi,P4/nmm,129,SM,no,,,,FM,,,1,658265,
857,BaSnF4,P4/nmm,129,Triv.,no,,,"b,s",NM,,,2,166207 673273,
858,CsMnAs,P4/nmm,129,SM,no,,,,FM,,,3,40572 40573 610293,
859,CsMnP,P4/nmm,129,SM,no,,,,FM,,,3,89598 89599 627022,
860,SrFI,P4/nmm,129,Triv.,no,,,,NM,,,2,155009 159280,
861,(Fe2As2)(Sr4Sc2O6),P4/nmm,129,Triv.,no,,,"b,s",FM,SC,,1,180528,
862,(Co2As2)(Sr4Sc2O6),P4/nmm,129,SM,no,,,"b,s",,,,1,262356,
863,(Co2P2)(Sr4Sc2O6),P4/nmm,129,SM,no,,,"b,s",FM,,,1,262357,
864,NaKLaNbO5,P4/nmm,129,Triv.,no,,,b,NM,,,1,94743,
865,LaKNaTaO5,P4/nmm,129,Triv.,no,,,b,NM,,,1,419855,
866,YOF,P4/nmm,129,Triv.,no,,,,NM,,,1,76426,
867,LaOF,P4/nmm,129,Triv.,no,,,,NM,,,2,430270 76427,430270(b)
868,BiCuSeO,P4/nmm,129,Triv.,no,,,,NM,,,5,74475 75128 189174 262598 674374,
869,LaCoPO,P4/nmm,129,SM,no,,,,FM,,,3,80203 161910 161911,
870,LaAgSb2,P4/nmm,129,TI,no,,,,NM,,,4,95220 95221 95222 95223,
871,SrCuFS,P4/nmm,129,Triv.,no,,,,NM,,,1,157433,
872,LaFePO,P4/nmm,129,Triv.,no,,,,FM,,,3,162724 391428 420381,
873,SrFeAsF,P4/nmm,129,Triv.,no,,,,FM,SC,,3,162808 163915 168775,
874,LaFeAsO,P4/nmm,129,Triv.,no,,,,AFM,,,12,163496 163497 163835 163868 173432 180438 180439 180440 184645 192739 421998 602489,
875,SrCuFS,P4/nmm,129,TI,no,,,,NM,,,1,172796,
876,BaFCuS,P4/nmm,129,Triv.,no,,,,NM,,,1,183712,
877,SrFMnP,P4/nmm,129,SM,no,,,,FM,,,1,189939,
878,SrFMnAs,P4/nmm,129,SM,no,,,,,,,1,189940,
879,SrFMnSb,P4/nmm,129,SM,no,,,,FM,,,1,189941,
880,CrLaAsO,P4/nmm,129,Triv.,no,,,,AFM,,,2,237385 237387,
881,CrLaAsO,P4/nmm,129,TI,no,,,,AFM,,,1,237386,
882,BaMnSbF,P4/nmm,129,SM,no,,,,FM,,,2,248364 248366,
883,BaMnAsF,P4/nmm,129,SM,no,,,,,,,1,248365,
884,LaMnSbO,P4/nmm,129,SM,no,,,,FM,,,1,419355,
885,BaMnBiF,P4/nmm,129,SM,no,,,,,,,1,426033,
886,LaFeSb2,P4/nmm,129,SM,no,,,,FM,,,2,657914 657985,
887,LaCoSb2,P4/nmm,129,SM,no,,,,FM,,,2,657919 657990,
888,VZrSi,P4/nmm,129,SM,no,,,,NM,,,2,42337 652544,
889,LaTiGe,P4/nmm,129,SM,no,,,,NM,,,1,107617,
890,HfVGe,P4/nmm,129,SM,no,,,,NM,,,1,636594,
891,HfVSi,P4/nmm,129,SM,no,,,,NM,,,1,638931,
892,WO3,P4/ncc,130,Triv.,no,,,"b,s",,,,4,673314 50732 50733 88366,
893,Ca5Ge3,P4/ncc,130,TI,no,,,,NM,,,7,181075 67018 15865 56390 68812 68813 68814,67018(s) 68812(s) 68813(s) 68814(s)
894,CuBi2O4,P4/ncc,130,SM,no,,,b,FM,SC,HQ,7,68815 69307 69308 71313 69746 69747 202994,68815(s) 69307(s) 69308(s) 71313(s) 202994(s)
895,PdBi2O4,P4/ncc,130,Triv.,no,,,b,NM,,HQ,1,200145,
896,Na2PdCl4,P4/ncc,130,Triv.,no,,,b,NM,,HQ,1,202971,
897,Sr3(SiO4)O,P4/ncc,130,Triv.,no,,,,NM,,,3,418933 18151 28534,418933(b)
898,CaNiN,P42/mmc,131,SM,no,,,b,NM,,,2,69044 656846,
899,KCuC2,P42/mmc,131,Triv.,no,,,,NM,,HQ,2,412037 412038,
900,RbCuC2,P42/mmc,131,Triv.,no,,,,NM,,HQ,2,412039 412040,
901,IrN,P42/mmc,131,Triv.,no,,,,NM,,,1,187717,
902,SiO2,P42/mcm,132,Triv.,no,,,"b,s",NM,,,1,170500,
903,Pb3O4,P42/mbc,135,Triv.,no,,,b,NM,,,5,4106 22325 36253 42484 647270,
904,Cu(As2O4),P42/mbc,135,SM,yes,Fig. 33,33,b,FM,,HQ,2,4287 16829,
905,FeO(Sb2O3),P42/mbc,135,Triv.,no,,,b,FM,,HQ,11,4459 61466 61467 61468 61469 61470 61471 61472 61473 155151 182798,
906,FeSb2O4,P42/mbc,135,SM,no,,,b,FM,,,2,30350 158916,
907,Pb3O4,P42/mbc,135,SM,no,,,"b,s",NM,,,1,647261,
908,LiSr2(CoN2),P42/mnm,136,SM,no,,,b,FM,,HQ,1,72387,
909,MoO2,P42/mnm,136,Triv.,no,,,b,,,,3,670200 99714 644069,
910,Li2S2,P42/mnm,136,Triv.,no,,,,,,,1,671853,
911,VF2,P42/mnm,136,SM,no,,,b,,,,0,,
912,CoF2,P42/mnm,136,SM,no,,,b,,,,15,673336 32552 38069 62768 62769 201245 674847 9167 14144 26604 53987 73460 98785 98786 280604,
913,Hf2Cu2In,P42/mnm,136,SM,no,,,,,,,1,130032,
914,IrIn3,P42/mnm,136,SM,no,,,,NM,,HQ,2,407548 639819,
915,RhIn3,P42/mnm,136,SM,no,,,,NM,SC,HQ,2,407549 640336,
916,RhGa3,P42/mnm,136,SM,no,,,,NM,,,1,635208,
917,ZrNi4P2,P42/mnm,136,SM,no,,,,,SC,HQ,2,40435 76681,
918,KPd(PS4),P42/mnm,136,Triv.,no,,,"b,s",NM,,HQ,1,165315,
919,Li3(BN2),P42/mnm,136,Triv.,no,,,b,NM,,,1,71085,
920,WOI3,P42/mnm,136,Triv.,no,,,"b,s",FM,,HQ,1,65183,
921,WOCl3,P42/mnm,136,Triv.,no,,,"b,s",FM,,HQ,1,416393,
922,K2Na4(Be2O5),P42/mnm,136,Triv.,no,,,b,NM,,HQ,1,33849,
923,MnO2,P42/mnm,136,SM,yes,Fig. 33,33,b,AFM,,HQ,0,,
924,VO2,P42/mnm,136,SM,no,,,b,FM,,HQ,36,393 20229 56006 73716 246888 643186 643187 643197 670198 670366 1504 4110 10141 24926 27482 34418 34420 34421 56003 66665 237337 647613 647637 9169 14146 26606 53981 76270 184219 280605 9423 28711 35327 43461 43739 155831,9423(b) 28711(b) 43461(b) 43739(b) 155831(b)
925,ZnF2,P42/mnm,136,Triv.,no,,,b,NM,,HQ,0,,
926,CrO2,P42/mnm,136,Triv.,no,,,,FM,,HQ,21,166021 166022 166023 166024 166025 166026 166027 166028 166485 167237 185885 186836 202835 202836 202837 202838 246898 246899 246900 246901 246902,166021(b) 166022(b) 166023(b) 166024(b) 166025(b) 166026(b) 166027(b) 166028(b) 166485(b) 167237(b) 185885(b) 186836(b) 202835(b) 202836(b) 202837(b) 202838(b) 246898(b) 246899(b) 246900(b) 246901(b) 246902(b)
927,RuO2,P42/mnm,136,Triv.,no,,,b,NM,,HQ,19,626487 670197 15071 23961 51159 56007 84575 84618 108861 172178 236962 236963 290496 647373 647376 647377 670201 670735 671872,626487(b) 670197(b)
928,Mg2C,P42/mnm,136,TI,no,,,b,,,,1,671332,
929,Zn(Sb2O6),P42/mnm,136,Triv.,no,,,b,NM,,,2,30409 96612,
930,Fe(Sb2O6),P42/mnm,136,SM,no,,,b,AFM,,,1,40344,
931,Ni(Ta2O6),P42/mnm,136,Triv.,yes,Fig. 34,34,b,FM,,HQ,2,61198 247807,
932,NiSb2O6,P42/mnm,136,Triv.,no,,,b,AFM,,,2,80802 426852,
933,Cu(Ta2O6),P42/mnm,136,SM,yes,Fig. 34,34,b,FM,,,1,83367,
934,Cu(Sb2O6),P42/mnm,136,SM,no,,,b,FM,,HQ,1,84789,
935,Co(Ta2O6),P42/mnm,136,SM,no,,,b,AFM,,,4,166673 166674 203095 247812,
936,Pb2F2O,P42/nmc,137,Triv.,no,,,b,NM,,HQ,1,10416,
937,Pb2(ZnF6),P42/ncm,138,Triv.,no,,,"b,s",NM,,,2,162073 162074,
938,Ba2CuWO6,I4/mmm,139,SM,no,,,"b,s",FM,,,1,33569,
939,Cs2CuO2,I4/mmm,139,SM,no,,,"b,s,l",FM,,HQ,1,39535,
940,K4Al2Nb11O20F,I4/mmm,139,Triv.,no,,,b,NM,,,1,65738,
941,Ba2Cu2(Si4O12),I4/mmm,139,TI,no,,,b,FM,,HQ,1,71535,
942,CsFe2As2,I4/mmm,139,SM,no,,,,FM,SC,,1,74877,
943,CrNbF6,I4/mmm,139,SM,no,,,"b,s",FM,,HQ,1,75384,
944,Sr2Cu2MnO2S2,I4/mmm,139,SM,no,,,"b,s,l",AFM,SC,HQ,1,84734,
945,V4Zn5,I4/mmm,139,SM,no,,,,NM,,,2,106213 653404,
946,LaF3,I4/mmm,139,Triv.,no,,,,NM,,,10,167555 155554 164056 96133 96134 190717 190718 190719 182761 190716,
947,C,I4/mmm,139,Triv.,no,,,,NM,,,0,,
948,CaO2,I4/mmm,139,Triv.,no,,,,,,,3,671324 619462 20275,
949,Cu3Ti2,I4/mmm,139,SM,no,,,,FM,,,3,103132 629380 629398,
950,Al3Nb,I4/mmm,139,SM,no,,,,NM,SC,,18,58015 107857 186000 608658 608663 608670 608672 608682 608686 608690 670156 670759 58201 151104 167811 609613 609617 670975,
951,Al3V,I4/mmm,139,SM,yes,Fig. 34,34,,NM,SC,,0,,
952,InPd3,I4/mmm,139,TI,no,,,,NM,,,3,247188 247189 420251,
953,TlPd3,I4/mmm,139,TI,no,,,,NM,,HQ,3,247272 649056 649063,
954,CrSi2,I4/mmm,139,SM,no,,,,NM,,,1,71499,
955,Ag2Sc,I4/mmm,139,SM,no,,,,NM,,,2,605791 605793,
956,Au2Hf,I4/mmm,139,SM,no,,,,NM,,,1,611956,
957,Ba2Cu3O4Br2,I4/mmm,139,SM,no,,,b,NM,,,2,36128 75576,
958,Ba2(ZnF6),I4/mmm,139,Triv.,no,,,"b,s,l",NM,,,1,21054,
959,TlCo2Se2,I4/mmm,139,SM,no,,,,FM,,,0,,
960,KCo2Se2,I4/mmm,139,SM,no,,,,FM,,,17,67362 95138 95139 95140 95141 625007 674509 67370 182837 182838 623961 89575 203088 615832 615834 615837 670743,
961,BaCu2S2,I4/mmm,139,Triv.,no,,,,NM,,HQ,0,,
962,TlCo2S2,I4/mmm,139,SM,no,,,,FM,,HQ,2,100438 624879,
963,KFe2S2,I4/mmm,139,SM,no,,,,NM,SC∗,,1,186572,
964,KNi2Se2,I4/mmm,139,SM,no,,,,FM,SC,HQ,2,424686 641276,
965,KNi2S2,I4/mmm,139,SM,no,,,,,SC,,2,431754 641273,
966,Co2KS2,I4/mmm,139,SM,yes,Fig. 34,34,,FM,,,1,623956,
967,Co2RbS2,I4/mmm,139,SM,no,,,,FM,,,1,624795,
968,Sr2CoO2Cl2,I4/mmm,139,SM,no,,,"b,s,l",AFM,,HQ,3,59697 151787 151788,
969,Sr2CoO2Br2,I4/mmm,139,SM,no,,,"b,s,l",AFM,,HQ,3,59698 151789 151790,
970,Sr3(Co2O5Cl2),I4/mmm,139,TI,yes,Fig. 34,34,"b,s",FM,,HQ,2,90123 91749,
971,KO2,I4/mmm,139,SM,no,,,,FM,,HQ,4,38245 180563 196755 38138,
972,CsO2,I4/mmm,139,SM,no,,,,FM,,,3,38247 627060 627062,
973,BaC2,I4/mmm,139,Triv.,no,,,,NM,,,7,56160 88098 88101 168410 186575 615792 615794,
974,RbO2,I4/mmm,139,SM,no,,,,FM,,,3,180564 196756 647338,
975,CoO,I4/mmm,139,SM,no,,,,AFM,,,2,53059 174027,
976,MnN,I4/mmm,139,SM,no,,,,FM,,,1,106932,
977,Sr2FeMoO6,I4/mmm,139,Triv.,yes,Fig. 35,35,"b,s",,,,4,169377 94079 151617 184911,169377(k)
978,Ba2(FeReO6),I4/mmm,139,SM,yes,Fig. 34,34,"k∗,b,s",FM,,HQ,1,155174,
979,Sr2VZrO6,I4/mmm,139,SM,yes,Fig. 34,34,"k∗,b,s",FM,,,1,191359,
980,Sr2VHfO6,I4/mmm,139,SM,yes,Fig. 34,34,"k∗,b,s",FM,,,1,191360,
981,Sr2CoHfO6,I4/mmm,139,SM,no,,,"k∗,b,s",FM,,,1,191364,
982,Sr2FeZrO6,I4/mmm,139,Triv.,no,,,,,,,1,191365,
983,Sr2FeHfO6,I4/mmm,139,Triv.,no,,,"k∗,b,s",AFM,,,1,191366,
984,Ba2Fe(MoO6),I4/mmm,139,Triv.,yes,Fig. 35,35,"k∗,b,s",FM,,HQ,4,246541 246542 246543 246544,
985,Pb2Co(TeO6),I4/mmm,139,SM,no,,,"k∗,b,s",FM,,HQ,1,405782,
986,BaBi2Zn,I4/mmm,139,Triv.,no,,,,NM,,,1,58638,
987,Bi2CdSr,I4/mmm,139,Triv.,no,,,,NM,,HQ,1,58764,
988,K2CuF4,I4/mmm,139,SM,no,,,"b,s,l",FM,,HQ,2,15372 31688,
989,Cs2AgF4,I4/mmm,139,SM,yes,Fig. 35,35,"b,s,l",FM,,,1,16254,
990,Cs2CdCl4,I4/mmm,139,Triv.,no,,,"b,s,l",,,,1,16576,
991,(SrO)2TiO2,I4/mmm,139,Triv.,no,,,"b,s,l",NM,SC∗,,9,20293 157402 194713 194714 194715 194716 194717 194718 194719,
992,K2MnF4,I4/mmm,139,SM,no,,,"b,s,l",FM,,,3,23183 23184 33521,
993,Sr2(MnO4),I4/mmm,139,SM,no,,,"b,s,l",FM,,,3,26560 26561 50794,
994,Sr2SnO4,I4/mmm,139,Triv.,no,,,"b,s,l",NM,,,6,27114 84245 150387 150388 150389 150390,
995,Sr4P2O,I4/mmm,139,Triv.,no,,,"b,s,l",NM,,HQ,1,33903,
996,Rb2CaH4,I4/mmm,139,Triv.,yes,Fig. 35,35,"b,s,l",NM,,,1,65196,
997,K2MgH4,I4/mmm,139,Triv.,yes,Fig. 35,35,"b,s,l",NM,,,1,68358,
998,K4OBr2,I4/mmm,139,Triv.,no,,,"b,s,l",NM,,HQ,1,68505,
999,Ba2(ZrS4),I4/mmm,139,Triv.,no,,,"b,s,l",NM,,HQ,2,69853 80651,
1000,Cs2HgF4,I4/mmm,139,Triv.,no,,,"b,s,l",NM,,,1,72353,
1001,Cs2MgH4,I4/mmm,139,Triv.,yes,Fig. 35,35,"b,s,l",NM,,,1,162261,
1002,Sr2(CrO4),I4/mmm,139,TI,no,,,"b,s,l",FM,,HQ,1,245595,
1003,Sr2(CoO4),I4/mmm,139,SM,no,,,"b,s,l",AFM,,HQ,1,246483,
1004,Rb4Br2O,I4/mmm,139,Triv.,no,,,"b,s,l",NM,,HQ,1,411954,
1005,K4(Ru2Cl10O),I4/mmm,139,Triv.,no,,,,NM,,HQ,1,8054,
1006,ScLaSb,I4/mmm,139,TI,no,,,,NM,,HQ,1,427126,
1007,YNi2B2C,I4/mmm,139,SM,no,,,b,NM,SC,,5,41549 75816 79574 83231 89142,
1008,Li2Sr(Ta2O7),I4/mmm,139,Triv.,no,,,b,NM,,HQ,3,88464 154175 246278,
1009,KCuO,I4/mmm,139,Triv.,no,,,,NM,,HQ,1,40158,
1010,RbCuO,I4/mmm,139,Triv.,no,,,,NM,,HQ,1,40159,
1011,Cs(AuO),I4/mmm,139,Triv.,no,,,,NM,,HQ,1,409553,
1012,Pd3Tl,I4/mmm,139,SM,yes,Fig. 35,35,,NM,,,1,105729,
1013,InPd3,I4/mmm,139,SM,yes,Fig. 35,35,,NM,,,3,247194 247195 420250,
1014,K2NiO2,I4/mmm,139,Triv.,no,,,b,FM,,,2,21069 201891,
1015,Na2(HgO2),I4/mmm,139,Triv.,no,,,b,NM,,,2,25511 27409,
1016,Rb2(NiO2),I4/mmm,139,Triv.,no,,,b,AFM,,HQ,1,66277,
1017,Sr2(ZnN2),I4/mmm,139,Triv.,no,,,b,NM,,HQ,2,80376 670402,
1018,La2PdO4,I4/mmm,139,TI,no,,,"b,s,l",NM,,,1,40262,
1019,Cs2(PdCl4)I2,I4/mmm,139,SM,no,,,,NM,,HQ,1,240484,
1020,Rb3(TlF6),I4/mmm,139,Triv.,no,,,,NM,,,1,19075,
1021,Cs3TlF6,I4/mmm,139,Triv.,no,,,,NM,,,1,19076,
1022,Rb3YF6,I4/mmm,139,Triv.,yes,Fig. 36,36,,NM,,,1,19077,
1023,Cs3YF6,I4/mmm,139,Triv.,no,,,,NM,,,1,19078,
1024,RbNa2NiO2,I4/mmm,139,SM,no,,,b,FM,,HQ,1,73209,
1025,CsK2(CoO2),I4/mmm,139,Triv.,no,,,b,AFM,,HQ,1,74889,
1026,Co,I4/mmm,139,SM,no,,,,,,,1,671035,
1027,PbF4,I4/mmm,139,Triv.,no,,,"b,s,l",NM,,,2,16795 78895,
1028,(Cu2S2)(Sr2NiO2),I4/mmm,139,TI,no,,,"b,s,l",FM,,HQ,1,88424,
1029,K3Zn2F7,I4/mmm,139,Triv.,no,,,"b,s,l∗",NM,,,2,9925 100299,
1030,K3Cu2F7,I4/mmm,139,Triv.,no,,,"b,s,l∗",FM,,HQ,1,15373,
1031,(SrO)3(TiO2)2,I4/mmm,139,Triv.,yes,Fig. 36,36,"b,s,l∗",NM,,,3,20294 34629 63704,
1032,Sr3V2O7,I4/mmm,139,TI,no,,,"b,s,l∗",FM,,HQ,2,71320 71451,
1033,K2Sr(Ta2O7),I4/mmm,139,Triv.,no,,,"b,s",NM,,HQ,1,93492,
1034,CaCo2Ge2,I4/mmm,139,TI,no,,,,NM,,,2,406 81751,
1035,CaCo2P2,I4/mmm,139,TI,no,,,,FM,SC∗,HQ,0,,
1036,Co2YB2,I4/mmm,139,SM,no,,,,NM,SC,HQ,0,,
1037,LaCo2B2,I4/mmm,139,SM,yes,Fig. 36,36,,NM,,HQ,23,10462 85890 85891 85892 619210 23653 55298 602345 613409 613423 41787 55297 181185 182572 182573 423045 613135 44667 181768 181769 188326 600299 641030,
1038,Ir2YSi2,I4/mmm,139,SM,no,,,,NM,SC,,0,,
1039,CaRh2P2,I4/mmm,139,TI,yes,Fig. 36,36,,NM,SC,HQ,1,50185,
1040,SrRh2P2,I4/mmm,139,TI,no,,,,NM,,HQ,1,50186,
1041,LaCo2Si2,I4/mmm,139,SM,yes,Fig. 36,36,,NM,,,2,52999 90777,
1042,Co2YSi2,I4/mmm,139,SM,no,,,,NM,,,3,53088 427109 625128,
1043,LaRh2Ge2,I4/mmm,139,SM,yes,Fig. 36,36,,NM,,,3,55926 81759 636847,
1044,YCo2Ge2,I4/mmm,139,SM,no,,,,NM,SC,HQ,2,81748 623662,
1045,LaCo2Ge2,I4/mmm,139,SM,no,,,,FM,,HQ,3,81750 291377 623460,
1046,LaCo2P2,I4/mmm,139,SM,no,,,,FM,,,4,87581 87582 87583 624010,
1047,SrRh2As2,I4/mmm,139,TI,no,,,,NM,,,1,165120,
1048,CaFe2As2,I4/mmm,139,TI,no,,,,AFM,,,8,166016 182277 182278 182279 182276 192309 192310 192311,
1049,CaFe2As2,I4/mmm,139,TI,no,,,,AFM,SC,,0,,
1050,SrRh2As2,I4/mmm,139,TI,no,,,,NM,,HQ,1,417002,
1051,CaCo2Si2,I4/mmm,139,TI,no,,,,NM,,HQ,1,420974,
1052,CaFe2Si2,I4/mmm,139,SM,no,,,,FM,,HQ,1,425467,
1053,LaRh2Si2,I4/mmm,139,SM,no,,,,NM,,,7,601417 601614 603880 604623 641747 641750 641752,
1054,CaCo2As2,I4/mmm,139,TI,no,,,,FM,,,1,609899,
1055,Co2LaAs2,I4/mmm,139,SM,no,,,,FM,,,1,610073,
1056,CsCo2S2,I4/mmm,139,SM,no,,,,FM,,,1,622529,
1057,CsCo2Se2,I4/mmm,139,SM,no,,,,FM,,,1,622533,
1058,Co2RbSe2,I4/mmm,139,SM,no,,,,FM,,,1,624798,
1059,Co2ScSi2,I4/mmm,139,SM,no,,,,NM,,,2,624957 624959,
1060,Al8Fe4Y,I4/mmm,139,SM,yes,Fig. 37,37,,FM,,,5,57842 240140 240141 607728 607735,
1061,Be12Pd,I4/mmm,139,SM,no,,,,NM,SC,,1,109314,
1062,ScFe4Al8,I4/mmm,139,SM,no,,,,FM,,HQ,3,240138 240139 607626,
1063,Al8Fe4Hf,I4/mmm,139,TI,yes,Fig. 36,36,,FM,,,1,607535,
1064,Al8Fe4Zr,I4/mmm,139,TI,yes,Fig. 36,36,,FM,,,1,607756,
1065,K(BrF4),I4/mcm,140,Triv.,no,,,,FM,,,3,16633 10326 16700,
1066,(K(HF2))(IF5)2,I4/mcm,140,Triv.,no,,,,NM,,,1,71583,
1067,Li5(VO)(PO4)2,I4/mcm,140,TI,no,,,b,FM,,,1,245847,
1068,Hf2Ge,I4/mcm,140,SM,no,,,,NM,,,1,636554,
1069,FeSn2,I4/mcm,140,SM,yes,Fig. 37,37,,FM,SC,,15,24570 102800 103636 247483 409909 604017 633753 633760 633761 24571 102799 171198 247482 643736 643742,
1070,MnSn2,I4/mcm,140,SM,no,,,,FM,SC,,0,,
1071,Zr2Si,I4/mcm,140,TI,no,,,,NM,SC,,3,24717 42522 652618,
1072,FeGe2,I4/mcm,140,SM,yes,Fig. 37,37,,FM,SC,,7,42519 77313 195131 631984 631999 632023 632024,
1073,SiHf2,I4/mcm,140,TI,no,,,,NM,SC,,2,42523 638912,
1074,Hf2Ge,I4/mcm,140,TI,no,,,,NM,SC,,3,42524 636547 636548,
1075,CoSn2,I4/mcm,140,SM,no,,,,NM,SC,,7,102672 108319 247484 409910 625260 625263 625269,
1076,RuSn2,I4/mcm,140,SM,no,,,,NM,,,1,105993,
1077,FeSb2,I4/mcm,140,TI,no,,,,FM,,,6,186636 186638 186639 186640 186641 186642,
1078,Zr2Si,I4/mcm,140,SM,no,,,,NM,,,1,652615,
1079,Ca5Ge3,I4/mcm,140,SM,yes,Fig. 37,37,,NM,,,3,42139 93704 181074,
1080,Ca5Si3,I4/mcm,140,SM,yes,Fig. 37,37,,NM,,HQ,1,93699,
1081,Ba3O(SiO4),I4/mcm,140,Triv.,no,,,,NM,,HQ,1,1449,
1082,Tl3CoCl5,I4/mcm,140,SM,no,,,"b,s",FM,,,1,10137,
1083,Sr3(AlO4)F,I4/mcm,140,Triv.,no,,,b,NM,,HQ,3,50736 195183 195184,
1084,CsSn2Br5,I4/mcm,140,Triv.,no,,,b,NM,,HQ,2,93792 151987,
1085,AgTlI2,I4/mcm,140,Triv.,no,,,"b,s",NM,,,1,26318,
1086,RbAuF4,I4/mcm,140,Triv.,no,,,,NM,,,2,9907 33952,
1087,CaPdF4,I4/mcm,140,Triv.,no,,,b,NM,,,1,32674,
1088,CdCuF4,I4/mcm,140,SM,no,,,b,FM,,HQ,1,73478,
1089,BaPdF4,I4/mcm,140,Triv.,no,,,,NM,,,1,108991,
1090,PbPdF4,I4/mcm,140,Triv.,no,,,,NM,,,1,108992,
1091,Sr(ZrO3),I4/mcm,140,Triv.,yes,Fig. 37,37,"b,s",NM,,HQ,19,1522 89356 89357 89358 89359 89360 89362 89363 89361 89364 188451 290620 674924 56718 182762 182247 182763 182764 248380,89362(l) 89363(l) 89364(l) 56718(l) 182762(l) 182763(l) 182764(l) 248380(l)
1092,Sr(TiO3),I4/mcm,140,Triv.,no,,,"b,s",NM,,,0,,
1093,Ca(TiO3),I4/mcm,140,Triv.,no,,,"b,s",NM,,HQ,8,290619 673335 153173 162919 162920 162921 162922 162923,290619(l) 153173(l)
1094,Sr(TcO3),I4/mcm,140,SM,no,,,"b,s,l∗",NM,,HQ,1,183452,
1095,Ca(SiO3),I4/mcm,140,Triv.,no,,,"b,s",NM,,,8,240414 240415 240416 240417 240418 240419 240420 240421,
1096,Ca5Sn3H,I4/mcm,140,SM,no,,,,NM,,HQ,1,165190,
1097,SrCu2(BO3)2,I4/mcm,140,TI,no,,,b,FM,,,3,92953 247207 247208,
1098,PbSe2,I4/mcm,140,Triv.,no,,,,NM,,HQ,1,174577,
1099,Cl2O,I41/amd,141,Triv.,no,,,,NM,,HQ,13,407768 9852 9853 9854 9855 24276 31064 44882 63711 76173 92363 93098 94566,9852(b) 9853(b) 9854(b) 9855(b) 24276(b) 31064(b) 44882(b) 63711(b) 76173(b) 92363(b) 93098(b) 94566(b)
1100,TiO2,I41/amd,141,Triv.,no,,,,NM,,HQ,24,96946 154601 154602 154603 154604 154607 154608 154609 154610 156838 159910 161908 172914 172916 183767 184368 189318 190785 193265 193267 193269 193271 200392 202242,96946(b) 154601(b) 154602(b) 154603(b) 154604(b) 154607(b) 154608(b) 154609(b) 154610(b) 156838(b) 159910(b) 161908(b) 172914(b) 172916(b) 183767(b) 184368(b) 189318(b) 190785(b) 193265(b) 193267(b) 193269(b) 193271(b) 200392(b) 202242(b)
1101,Rb4(SbBr6)2,I41/amd,141,Triv.,no,,,,NM,,,9,202243 237000 242104 242105 242106 671957 674666 673140 26058,202243(b) 237000(b) 242104(b) 242105(b) 242106(b) 671957(b) 674666(b)
1102,Cs2(SbCl6),I41/amd,141,Triv.,no,,,,NM,,,3,49707 49708 49706,49707(b) 49708(b)
1103,Fe2(PO4)O,I41/amd,141,SM,no,,,b,FM,,HQ,4,80554 80555 108812 108813,
1104,Li3(BN2),I41/amd,141,Triv.,yes,Fig. 37,37,"b,s",NM,,HQ,2,155126 155127,
1105,YCrO4,I41/amd,141,SM,no,,,b,FM,,,3,26989 95971 157933,
1106,BaGeGe3O9,P3,143,Triv.,no,,,"b,s",NM,,,1,15674,
1107,Ba3Si6O9N4,P3,143,Triv.,no,,,b,NM,,HQ,1,415918,
1108,Na3(ReO5),P31,144,Triv.,no,,,,,,HQ,1,36637,
1109,CsCd(NO2)3,R3,146,Triv.,no,,,,NM,,HQ,1,95536,
1110,RbCd(NO2)3,R3,146,Triv.,no,,,,NM,,HQ,1,95537,
1111,KCd(NO2)3,R3,146,Triv.,no,,,,NM,,HQ,1,95538,
1112,TlCd(NO2)3,R3,146,Triv.,no,,,,NM,,HQ,1,95539,
1113,K2Pb2Ge2O7,P3̄,147,Triv.,no,,,"b,s",NM,,,1,30247,
1114,Zr3O5(SO4),P3̄,147,Triv.,no,,,b,NM,,,1,68335,
1115,Zr(HPO3)2,P3̄,147,Triv.,no,,,b,NM,,HQ,1,74463,
1116,Ba(CoPO4)2,P3̄,147,Triv.,no,,,b,FM,,HQ,1,250709,
1117,Ba(Al2Si2O8),P3̄,147,Triv.,no,,,,NM,,HQ,2,191252 188056,"191252(b,s)"
1118,CsFe(MoO4)2,P3̄,147,SM,yes,Fig. 38,38,"b,s",FM,,,1,191592,
1119,CsFe(SO4)2,P3̄,147,SM,no,,,b,AFM,,,1,245667,
1120,RbAg2Fe(VO4)2,P3̄,147,SM,yes,Fig. 38,38,"b,s",AFM,,HQ,2,194588 194589,
1121,Na2BaMgP2O8,P3̄,147,Triv.,no,,,b,NM,,HQ,1,262716,
1122,Zn(ReO4)2,P3̄,147,Triv.,yes,Fig. 38,38,"b,s",NM,,,1,51017,
1123,Li14Cr2N8O,P3̄,147,Triv.,no,,,b,NM,,HQ,2,66098 151435,
1124,Li14(PON3)2O,P3̄,147,Triv.,no,,,,NM,,HQ,1,428737,
1125,Na2(SO3),P3̄,147,Triv.,no,,,,,,,2,4432 31816,
1126,Mn(TiO3),R3̄,148,TI,yes,Fig. 38,38,b,AFM,,HQ,3,60006 171579 184649,
1127,NiPbF6,R3̄,148,Triv.,no,,,"b,s",FM,,,1,15108,
1128,LiMgAlF6,P321,150,Triv.,no,,,b,NM,,,1,5007,
1129,AlF3,P321,150,Triv.,no,,,"k∗,b,s",NM,,,1,29131,
1130,Sr3(NbGa3Si2O14),P321,150,Triv.,no,,,"b,s",NM,,,1,181650,
1131,Pb3Ga2Ge4O14,P321,150,Triv.,yes,Fig. 38,38,"b,s",NM,,HQ,1,250123,
1132,Ba3Ga2Ge4O14,P321,150,Triv.,no,,,"b,s",NM,,HQ,1,250124,
1133,Sr3Zn3TeP2O14,P321,150,Triv.,no,,,b,NM,,,1,252309,
1134,Ba3Zn3TeP2O14,P321,150,Triv.,no,,,b,NM,,,10,252310 27745 29122 31048 67117 67121 40009 67122 67123 67124,"27745(b,s) 29122(b,s) 31048(b,s) 67117(b,s) 67121(b,s) 67122(b,s) 67123(b,s) 67124(b,s)"
1135,SiO2,P3121,152,Triv.,no,,,,NM,,HQ,27,67125 67126 74529 79634 79635 79636 79637 89658 89659 89660 89661 90145 93974 153453 153454 154289 200721 200722 200723 200724 200725 200726 200727 200728 200729 201352 201353,"67125(b,s) 67126(b,s) 74529(b,s) 79634(b,s) 79635(b,s) 79636(b,s) 79637(b,s) 89658(b,s) 89659(b,s) 89660(b,s) 89661(b,s) 90145(b,s) 93974(b,s) 153453(b,s) 153454(b,s) 154289(b,s) 200721(b,s) 200722(b,s) 200723(b,s) 200724(b,s) 200725(b,s) 200726(b,s) 200727(b,s) 200728(b,s) 200729(b,s) 201352(b,s) 201353(b,s)"
1136,GeO2,P3121,152,Triv.,no,,,"b,s",NM,,,34,201354 247141 670929 53869 53870 59624 59625 59626 59627 59628 59629 59630 59631 59632 59633 59634 59635 59636 59637 59639 79638 79639 79640 79641 79642 79643 79644 200730 200731 200732 200733 200734 200735 200736,"201354(b,s) 247141(b,s)"
1137,Tl(NO2),P3121,152,Triv.,no,,,,NM,,,2,50325 50326,
1138,KBe2(BO3)F2,R32,155,Triv.,no,,,,NM,,HQ,2,77277 155156,
1139,CsBe2BO3F2,R32,155,Triv.,no,,,,NM,,HQ,2,247622 260440,
1140,Na2Ca3Ta2O9,R32,155,Triv.,no,,,b,NM,,HQ,1,280154,
1141,YAl3(BO3)4,R32,155,Triv.,no,,,b,NM,,HQ,4,20223 91962 187082 674788,
1142,NaK(BH4)2,P3m1,156,Triv.,no,,,,NM,,,1,163376,
1143,NiO(OH),P3m1,156,SM,no,,,b,FM,,,1,169980,
1144,LiInMo3O8,P3m1,156,Triv.,no,,,b,NM,,,1,30579,
1145,Cs3(As5O9),P31m,157,Triv.,no,,,"b,s",NM,,HQ,1,413151,
1146,K3(V5O14),P31m,157,Triv.,no,,,"b,s",NM,,HQ,2,24068 248227,
1147,Rb3(V5O14),P31m,157,Triv.,no,,,"b,s",NM,,HQ,2,248228 420851,
1148,Mg3(Si2O5)(OH)4,P31m,157,Triv.,no,,,"b,s",NM,,HQ,11,17046 67332 67333 75933 75934 87436 87438 163889 163890 202358 245887,87438(k) 202358(k) 245887(k)
1149,Si3N4,P31c,159,Triv.,no,,,,NM,,,12,26191 34096 16752 35560 35561 35562 35563 35564 35565 77811 79797 90146,26191(b) 34096(b) 35560(b) 35561(b) 35562(b) 35563(b) 35564(b) 35565(b) 77811(b) 79797(b) 90146(b)
1150,Rb2(TeW3O12),P31c,159,Triv.,no,,,"k∗,b",NM,,,4,92156 239369 644683 97507,92156(b) 239369(b) 644683(b)
1151,Tl2(MoO3)3(SeO3),P31c,159,Triv.,no,,,"k∗,b,s",NM,,,1,167531,
1152,KAl(SiO4),P31c,159,Triv.,no,,,"b,s",NM,,HQ,1,83449,
1153,Si3N4,P31c,159,SM,no,,,b,FM,,,2,159207 187735,
1154,K3MnO4CrO4,R3m,160,Triv.,no,,,"k∗,b",NM,,HQ,1,26803,
1155,Cd(CN2),R3m,160,Triv.,no,,,,,,HQ,1,95265,
1156,Bi2O3,R3m,160,Triv.,no,,,"b,s",NM,,,1,168810,
1157,C3N4,R3m,160,Triv.,no,,,"k∗,b",NM,,,4,246660 673898 674277 674292,
1158,CrO(OH),R3m,160,SM,no,,,,AFM,,HQ,3,1372 64754 88574,
1159,NaVS2,R3m,160,Triv.,no,,,b,FM,,,1,644994,
1160,FeAl2S4,R3m,160,Triv.,no,,,b,,,,1,607619,
1161,Y(HCOO)3,R3m,160,Triv.,no,,,,NM,,,1,109739,
1162,K2Na(Ag(CN)2)3,P3̄1m,162,Triv.,yes,Fig. 38,38,"k,b",NM,,HQ,1,65699,
1163,SiO2,P3̄1m,162,TI,no,,,"k∗,b,s",NM,,,1,170552,
1164,Hg2(As2O6),P3̄1m,162,Triv.,no,,,"b,s",,,HQ,1,411230,
1165,Ag3(Co(CN)6),P3̄1m,162,Triv.,no,,,"k,b",NM,,,2,16959 28501,
1166,Ag3(Fe(CN)6),P3̄1m,162,SM,no,,,"k,b",FM,,,2,173552 173553,
1167,Cd(Sb2O6),P3̄1m,162,Triv.,yes,Fig. 38,38,b,NM,,HQ,1,71028,
1168,Ca(Sb2O6),P3̄1m,162,Triv.,no,,,"b,s",NM,,HQ,1,74539,
1169,Sr(Sb2O6),P3̄1m,162,Triv.,no,,,"b,s",NM,,HQ,1,74540,
1170,Co(AsO3)2,P3̄1m,162,SM,no,,,b,AFM,,HQ,1,80350,
1171,SrRu2O6,P3̄1m,162,Triv.,no,,,"b,s",AFM,,HQ,1,248351,
1172,Cd(As2O6),P3̄1m,162,Triv.,no,,,"b,s",NM,,HQ,1,280576,
1173,K(Ag(CN)2),P3̄1c,163,Triv.,yes,Fig. 38,38,"k∗,b",NM,,,1,30275,
1174,SiO2,P3̄1c,163,SM,no,,,,NM,,,1,170495,
1175,CdZn2KB2O6F,P3̄1c,163,Triv.,no,,,b,NM,,HQ,1,248025,
1176,(Ag3(H2O)3)(K(CN)2)3,P3̄1c,163,Triv.,no,,,k∗,,,,1,248371,
1177,Na2Al2(B2O7),P3̄1c,163,Triv.,no,,,b,NM,,HQ,5,93389 237154 237155 237156 237157,93389(s)
1178,Ti3O,P3̄1c,163,SM,yes,Fig. 39,39,"b,s",,,,2,20041 24082,
1179,Cu3Zn(OH)6Cl2,P3̄m1,164,SM,no,,,"k,b",,,HQ,1,162099,
1180,Ba2(BO3)Br,P3̄m1,164,Triv.,no,,,,,,HQ,1,190941,
1181,Cu3MgCl2(OH)6,P3̄m1,164,SM,no,,,"k,b",,,HQ,1,240663,
1182,POF3,P3̄m1,164,Triv.,yes,Fig. 39,39,,,,HQ,1,250498,
1183,Zn(B(CN)4)2,P3̄m1,164,Triv.,no,,,b,NM,,HQ,1,415547,
1184,Ba3MnNb2O9,P3̄m1,164,SM,no,,,"k,b,s",AFM,,HQ,2,171479 239731,
1185,Sr3MgTa2O9,P3̄m1,164,Triv.,no,,,"k,b,s",NM,,,1,194992,
1186,Ba6IrNb2O12Cl2,P3̄m1,164,SM,no,,,"k∗,b,s",FM,,HQ,1,40693,
1187,Ba5(Nb4O15),P3̄m1,164,Triv.,no,,,"k,b,s",NM,,HQ,3,95192 157477 674451,
1188,Mn(OH)2,P3̄m1,164,SM,no,,,,AFM,,,1,23591,
1189,ReTi2,P3̄m1,164,SM,no,,,,NM,,,1,168953,
1190,TiS2,P3̄m1,164,Triv.,no,,,b,NM,SC∗,,18,26861 41663 52195 91579 174489 181500 601182 601315 603788 604416 651178 651186 651201 651203 651207 651212 651214 651217,
1191,MnI2,P3̄m1,164,SM,no,,,b,FM,,,1,33673,
1192,MnBr2,P3̄m1,164,SM,no,,,b,FM,,,1,60250,
1193,NbS2,P3̄m1,164,SM,no,,,b,NM,,,2,237032 250594,
1194,CrSe2,P3̄m1,164,TI,no,,,b,FM,,,1,626718,
1195,Cs(Cu3O2),P3̄m1,164,Triv.,no,,,"k,b,s",NM,,HQ,1,413342,
1196,Fe2Si,P3̄m1,164,TI,no,,,,FM,,,1,161133,
1197,FeGa2S4,P3̄m1,164,Triv.,no,,,b,FM,,HQ,2,100706 602041,
1198,K2RhF6,P3̄m1,164,SM,no,,,k∗,FM,,,1,28779,
1199,Rb2(RhF6),P3̄m1,164,SM,no,,,k∗,FM,,,1,28780,
1200,Tl2(SnF6),P3̄m1,164,Triv.,no,,,k∗,NM,,HQ,1,410801,
1201,NaTl3(SO3)2,P3̄m1,164,Triv.,no,,,,NM,,HQ,1,1626,
1202,Tl2(WO4),P3̄m1,164,Triv.,no,,,"k∗,b",NM,,HQ,1,8212,
1203,Na2(SO4),P3̄m1,164,SM,yes,Fig. 39,39,,FM,,,1,27955,
1204,KNa(SO4),P3̄m1,164,Triv.,no,,,,NM,,,1,77343,
1205,K3V(VO4)2,P3̄m1,164,Triv.,no,,,"k∗,b,s",AFM,,HQ,1,100782,
1206,Ca2(GeO4),P3̄m1,164,Triv.,yes,Fig. 39,39,"k∗,b",NM,,,1,182051,
1207,Ca2(SiO4),P3̄m1,164,Triv.,yes,Fig. 39,39,"k∗,b",NM,,,1,182052,
1208,Tl2(MoO4),P3̄m1,164,Triv.,no,,,,NM,,HQ,1,280056,
1209,RbIn(WO4)2,P3̄m1,164,Triv.,yes,Fig. 40,40,"k∗,b",NM,,,1,24859,
1210,KAl(MoO4)2,P3̄m1,164,Triv.,no,,,"k∗,b,s",NM,,HQ,1,28018,
1211,KSc(MoO4)2,P3̄m1,164,Triv.,no,,,"k∗,b,s",NM,,HQ,1,28019,
1212,KFe(MoO4)2,P3̄m1,164,SM,yes,Fig. 39,39,"k∗,b,s",AFM,,HQ,1,153864,
1213,BaZr(PO4)2,P3̄m1,164,Triv.,no,,,"k∗,b",NM,,HQ,1,173842,
1214,CsV(MoO4)2,P3̄m1,164,Triv.,no,,,"k∗,b,s",AFM,,HQ,1,202907,
1215,RbFe(MoO4)2,P3̄m1,164,SM,yes,Fig. 39,39,"k∗,b,s",FM,,,2,245665 250409,
1216,CsFe(MoO4)2,P3̄m1,164,SM,yes,Fig. 39,39,"k∗,b,s",FM,,HQ,1,260887,
1217,Li2MnO2,P3̄m1,164,SM,no,,,,FM,,HQ,1,37327,
1218,CaMn2As2,P3̄m1,164,TI,no,,,,FM,,HQ,2,41792 609906,
1219,CaMn2P2,P3̄m1,164,TI,no,,,,FM,,HQ,1,49017,
1220,SrMn2P2,P3̄m1,164,TI,no,,,,FM,,HQ,3,49019 77669 77670,
1221,LiCrS2,P3̄m1,164,SM,no,,,,FM,,,1,150674,
1222,LiTiS2,P3̄m1,164,SM,no,,,,FM,,HQ,2,200709 642322,
1223,LiCrSe2,P3̄m1,164,SM,no,,,,,,,1,252879,
1224,Rb2PdC2,P3̄m1,164,Triv.,no,,,,NM,,HQ,3,94394 421493 421494,
1225,Rb2PtC2,P3̄m1,164,Triv.,no,,,,NM,,HQ,1,94395,
1226,Cs2PdC2,P3̄m1,164,Triv.,no,,,,NM,,HQ,1,94396,
1227,Cs2PtC2,P3̄m1,164,Triv.,no,,,,NM,,HQ,1,94397,
1228,K2PdC2,P3̄m1,164,Triv.,no,,,,NM,,HQ,2,421489 421490,
1229,K2PtC2,P3̄m1,164,Triv.,no,,,,NM,,HQ,2,421491 421492,
1230,Pd3(PS4)2,P3̄m1,164,Triv.,no,,,"k,b",NM,,,2,16296 35361,
1231,Rb2(Sb2Al2O7),P3̄m1,164,Triv.,no,,,"k∗,b,s",NM,,HQ,1,154360,
1232,NaFe2O3,P3̄m1,164,SM,no,,,,FM,,,2,200009 424349,
1233,Cs2Mn(TeS3)2,P3̄c1,165,SM,no,,,"b,s",FM,,HQ,1,165378,
1234,KFe(MoO4)2,P3̄c1,165,SM,no,,,"b,s",AFM,,HQ,1,28020,
1235,K5CuSb2,R3̄m,166,Triv.,no,,,b,NM,,HQ,1,32032,
1236,K2Pt3PtS6,R3̄m,166,Triv.,yes,Fig. 40,40,"k∗,b",NM,,,1,40062,
1237,Li4NCl,R3̄m,166,Triv.,no,,,,NM,,HQ,1,84649,
1238,Li5NCl2,R3̄m,166,Triv.,no,,,,NM,,HQ,1,84763,
1239,C60,R3̄m,166,Triv.,no,,,,NM,,,1,95370,
1240,KPd2O3,R3̄m,166,Triv.,no,,,b,NM,,HQ,1,248051,
1241,K2Hf3OF12,R3̄m,166,Triv.,no,,,,,,,1,251076,
1242,ScAlOC,R3̄m,166,Triv.,no,,,b,NM,,HQ,1,419683,
1243,CLi6,R3̄m,166,Triv.,no,,,b,,,,1,670920,
1244,Li3In2,R3̄m,166,SM,no,,,,NM,,HQ,2,10051 659829,
1245,(B12C)C2,R3̄m,166,Triv.,no,,,,NM,,,1,612562,
1246,Ba2NiTeO6,R3̄m,166,TI,yes,Fig. 40,40,"k∗,b,s",AFM,,,1,25005,
1247,K2Li(AlF6),R3̄m,166,Triv.,no,,,"b,s",NM,,HQ,2,37250 408552,37250(k)
1248,Cs9Ni9F27,R3̄m,166,TI,yes,Fig. 40,40,"k,b,s",FM,,HQ,1,410393,
1249,In2Se3,R3̄m,166,SM,no,,,b,NM,,,5,17007 640489 640492 640498 640512,
1250,MnCl2,R3̄m,166,SM,no,,,b,FM,,HQ,1,33752,
1251,MnBr2,R3̄m,166,SM,no,,,b,FM,,HQ,1,67500,
1252,Ni7Y2,R3̄m,166,SM,no,,,k,FM,,,4,108650 647051 647060 647076,
1253,Cs2Cu3ZrF12,R3̄m,166,SM,no,,,"k,b,s",FM,,HQ,2,79114 182755,
1254,Cs2SnCu3F12,R3̄m,166,SM,no,,,"k,b,s",FM,,HQ,2,291388 291391,
1255,Cu3Zn(OH)6Cl2,R3̄m,166,SM,yes,Fig. 40,40,"k,b",FM,,HQ,1,425834,
1256,LiVO2,R3̄m,166,Triv.,no,,,,AFM,,,3,24594 202540 202541,
1257,KCrS2,R3̄m,166,SM,no,,,b,FM,,,3,25723 42406 42407,
1258,NaTiS2,R3̄m,166,SM,no,,,b,FM,,,1,26305,
1259,Cu(CrO2),R3̄m,166,SM,no,,,,AFM,SC∗,,11,26676 157800 163253 163254 163255 184467 189047 194151 194152 402290 670110,
1260,Ba2PCl,R3̄m,166,Triv.,no,,,,NM,,,1,28134,
1261,LiGaO2,R3̄m,166,Triv.,no,,,,NM,,,1,28388,
1262,RbScO2,R3̄m,166,Triv.,no,,,b,NM,,,1,31959,
1263,NaTiO2,R3̄m,166,SM,no,,,b,FM,,,1,43439,
1264,LiFeO2,R3̄m,166,SM,no,,,,FM,,HQ,3,51207 51759 78712,
1265,Ca2NCl,R3̄m,166,Triv.,yes,Fig. 40,40,b,NM,,HQ,2,62555 153101,
1266,Ca2NBr,R3̄m,166,Triv.,yes,Fig. 40,40,b,NM,,HQ,2,62556 153105,
1267,Na(RhO2),R3̄m,166,Triv.,no,,,,NM,,HQ,1,66280,
1268,NaTaN2,R3̄m,166,Triv.,no,,,,NM,,HQ,5,67346 67347 76382 190937 657406,
1269,NaNbN2,R3̄m,166,Triv.,no,,,,NM,,HQ,2,72557 657407,
1270,Na(FeO2),R3̄m,166,SM,no,,,,AFM,,HQ,4,75588 167376 167377 187705,
1271,NaVSe2,R3̄m,166,Triv.,no,,,,FM,,,1,77597,
1272,Sr2NCl,R3̄m,166,Triv.,no,,,,NM,,HQ,3,172595 172596 410769,
1273,Sr2NBr,R3̄m,166,Triv.,no,,,b,NM,,HQ,2,172600 172601,
1274,LiTiS2,R3̄m,166,SM,no,,,,FM,,HQ,2,189825 189826,
1275,Sr2NI,R3̄m,166,Triv.,no,,,b,NM,,HQ,1,240899,
1276,NaYO2,R3̄m,166,Triv.,no,,,,,,,1,291907,
1277,Na(VO2),R3̄m,166,Triv.,no,,,,AFM,,HQ,1,420137,
1278,KZrS2,R3̄m,166,SM,no,,,b,NM,,,1,641350,
1279,NaYSe2,R3̄m,166,Triv.,no,,,,NM,,,1,645037,
1280,Mg2Ni3Si,R3̄m,166,TI,yes,Fig. 40,40,k,NM,,,1,44926,
1281,Fe3S4,R3̄m,166,Triv.,no,,,,NM,,HQ,1,42537,
1282,Mg2Ni3P,R3̄m,166,SM,yes,Fig. 41,41,k,NM,,HQ,1,72409,
1283,K2Zr(BO3)2,R3̄m,166,Triv.,no,,,b,,,HQ,1,67982,
1284,K2Co(SeO3)2,R3̄m,166,SM,no,,,"k∗,b",AFM,,HQ,1,71536,
1285,Ba3Mn2O8,R3̄m,166,TI,no,,,k∗,AFM,,HQ,1,280045,
1286,K2Pt4Se6,R3̄m,166,Triv.,no,,,"k∗,b",NM,,HQ,1,69438,
1287,Rb2Pt3PtSe6,R3̄m,166,Triv.,no,,,"k∗,b",NM,,HQ,1,69439,
1288,Na4HgP2,R3̄m,166,Triv.,no,,,,NM,,HQ,1,67260,
1289,K4ZnP2,R3̄m,166,Triv.,yes,Fig. 41,41,,NM,,HQ,1,67261,
1290,K4HgP2,R3̄m,166,Triv.,yes,Fig. 41,41,b,NM,,HQ,1,67263,
1291,K4(BeP2),R3̄m,166,Triv.,yes,Fig. 41,41,b,NM,,HQ,1,300110,
1292,K4(BeAs2),R3̄m,166,Triv.,yes,Fig. 41,41,,NM,,HQ,1,300111,
1293,K4(CdAs2),R3̄m,166,Triv.,yes,Fig. 41,41,b,NM,,HQ,1,300190,
1294,K4(HgAs2),R3̄m,166,Triv.,yes,Fig. 41,41,,NM,,HQ,1,402573,
1295,K4ZnAs2,R3̄m,166,Triv.,yes,Fig. 41,41,,NM,,HQ,1,409919,
1296,Na2(Ti3Cl8),R3̄m,166,TI,yes,Fig. 42,42,"k,b",FM,,HQ,1,401026,
1297,NaN3,R3̄m,166,Triv.,no,,,,NM,,,3,1144 34267 34674,
1298,Cd(CN2),R3̄m,166,Triv.,no,,,,NM,,HQ,1,95264,
1299,Nb2S2C,R3̄m,166,TI,no,,,b,NM,,HQ,2,95110 95112,
1300,Nb3Br8,R3̄m,166,Triv.,yes,Fig. 42,42,,NM,,HQ,2,25766 421609,
1301,Nb3I8,R3̄m,166,Triv.,yes,Fig. 42,42,,NM,,HQ,1,25767,
1302,Co3Sn2S2,R3̄m,166,SM,yes,Fig. 42,42,"k,b,s",FM,,,11,5435 173760 173761 173762 173763 173764 195422 196310 426752 426753 624867,
1303,Co3In2S2,R3̄m,166,SM,no,,,"k,b,s",FM,,,3,5436 195432 423459,
1304,Co3InSnS2,R3̄m,166,Triv.,yes,Fig. 42,42,"k,b,s",NM,,,2,5437 425136,
1305,Rh3In2S2,R3̄m,166,SM,no,,,"k,b,s",NM,,,3,5439 420726 640339,
1306,Rh3InPbS2,R3̄m,166,SM,yes,Fig. 42,42,"k,b,s",NM,,,2,5440 640213,
1307,Rh3Pb2Se2,R3̄m,166,SM,no,,,"k,b,s",NM,,,2,5441 648427,
1308,Ni3Sn2S2,R3̄m,166,TI,no,,,"k,b,s",NM,,HQ,2,402458 674419,
1309,In2Ni3S2,R3̄m,166,TI,no,,,"k,b,s",NM,,HQ,1,415258,
1310,Rh3Sn2S2,R3̄m,166,SM,yes,Fig. 42,42,"k,b,s",NM,,HQ,1,420728,
1311,Tl2Ni3S2,R3̄m,166,TI,no,,,"k,b,s",NM,,HQ,1,422328,
1312,InSnCo3S2,R3̄m,166,SM,yes,Fig. 42,42,"k,b,s",,,HQ,1,425137,
1313,Ni3In2S2,R3̄m,166,TI,no,,,"k,b,s",NM,,,1,640134,
1314,Ni3Sn2S2,R3̄m,166,TI,no,,,"k,b,s",NM,,,2,646379 654948,
1315,Ni3Tl2S2,R3̄m,166,TI,no,,,"k,b,s",NM,,,1,646398,
1316,Rh3Tl2S2,R3̄m,166,SM,no,,,"k,b,s",NM,,,1,650236,
1317,B12P2,R3̄m,166,Triv.,yes,Fig. 43,43,,NM,,HQ,1,62748,
1318,B12As2,R3̄m,166,Triv.,yes,Fig. 43,43,,NM,,,1,62749,
1319,B6As,R3̄m,166,Triv.,yes,Fig. 43,43,,NM,,HQ,2,68151 107916,
1320,B6P,R3̄m,166,Triv.,yes,Fig. 43,43,,NM,,,2,615156 615157,
1321,Sr2N,R3̄m,166,SM,no,,,b,NM,,HQ,0,,
1322,Ca2N,R3̄m,166,SM,no,,,b,NM,,HQ,12,69016 410315 411612 414330 644701 90630 90631 90632 280526 410312 411417 414329,
1323,Rb2(OF3(HfF3)3),R3̄m,166,Triv.,no,,,,NM,,,1,95847,
1324,Rb2(OF3(ZrF3)3),R3̄m,166,Triv.,no,,,,NM,,,1,95848,
1325,TlGaO2,R3̄m,166,Triv.,yes,Fig. 43,43,"k,b,s",,,,1,33579,
1326,ZrCl,R3̄m,166,TI,no,,,,NM,,HQ,2,869 20145,
1327,YCl,R3̄m,166,Triv.,no,,,,FM,,HQ,2,30708 61107,
1328,SiO2,R3̄c,167,Triv.,no,,,"b,s",NM,,,3,170492 170514 170539,
1329,SiO2,R3̄c,167,SM,no,,,"b,s",,,,1,170515,
1330,AlH3,R3̄c,167,Triv.,no,,,"b,s",NM,,,0,,
1331,TiF3,R3̄c,167,SM,no,,,"b,s",FM,,,13,15225 165294 168162 182533 52159 52162 52165 67148 59966 59968 59969 59972 59973,
1332,CrF3,R3̄c,167,SM,no,,,"b,s",AFM,,HQ,0,,
1333,VF3,R3̄c,167,SM,no,,,"b,s",FM,,HQ,1,69167,
1334,CoF3,R3̄c,167,Triv.,no,,,"b,s",FM,,HQ,1,77618,
1335,Cs4(PbBr6),R3̄c,167,Triv.,no,,,"b,s",NM,,,2,25124 162158,
1336,NaCa3(IrO6),R3̄c,167,Triv.,no,,,"b,s",,,HQ,1,50169,
1337,Rb4PbBr6,R3̄c,167,Triv.,no,,,b,NM,,HQ,1,65300,
1338,Sr4IrO6,R3̄c,167,SM,no,,,"b,s",FM,,HQ,1,72926,
1339,Sr3ZnPtO6,R3̄c,167,Triv.,no,,,"b,s",NM,,HQ,2,81467 280519,
1340,Ca4(IrO6),R3̄c,167,SM,no,,,b,FM,,HQ,2,81902 280873,81902(s)
1341,Sr3Zn(IrO6),R3̄c,167,SM,no,,,"b,s",FM,,HQ,4,81903 82658 82659 82660,
1342,Sr3Cd(IrO6),R3̄c,167,SM,no,,,"b,s",FM,,HQ,1,81904,
1343,Sr3Mg(PtO6),R3̄c,167,Triv.,no,,,"b,s",NM,,HQ,2,84736 281299,
1344,Sr3Mg(IrO6),R3̄c,167,SM,no,,,"b,s",FM,,HQ,1,84737,
1345,Sr3(PbNiO6),R3̄c,167,Triv.,yes,Fig. 43,43,b,AFM,,HQ,6,152589 152590 152588 152591 152592 152593,152589(s) 152590(s) 152591(s) 152592(s) 152593(s)
1346,Sr3Cd(PtO6),R3̄c,167,Triv.,no,,,"b,s",NM,,HQ,1,280518,
1347,NaBa3IrO6,R3̄c,167,Triv.,no,,,b,FM,,HQ,1,405134,
1348,Li4OsH6,R3̄c,167,Triv.,no,,,"b,s",NM,,,1,638269,
1349,K8Tl11,R3̄c,167,SM,no,,,,NM,,,1,370009,
1350,Rb8Tl11,R3̄c,167,SM,no,,,,NM,,,1,370035,
1351,K3(B3O6),R3̄c,167,Triv.,no,,,,NM,,,1,16005,
1352,NaSn2(PO4)3,R3̄c,167,Triv.,no,,,b,NM,,,2,72218 72217,72218(s)
1353,LiZr2(AsO4)3,R3̄c,167,Triv.,no,,,"b,s",NM,,,7,190656 74741 74742 67241 74743 74744 74745,74741(b) 74742(b) 74743(b) 74744(b) 74745(b)
1354,Si3N4,P63,173,Triv.,no,,,,NM,,,9,74746 74747 74748 74749 74750 74751 74752 74753 74754,74746(b) 74747(b) 74748(b) 74749(b) 74750(b) 74751(b) 74752(b) 74753(b) 74754(b)
1355,Cs2(I4O11),P63,173,Triv.,no,,,b,,,,4,74755 77812 413942 420352,74755(b)
1356,Ca(Al2O4),P63,173,Triv.,no,,,b,NM,,,1,157457,
1357,Cs2(MoO3)3(SeO3),P63,173,Triv.,no,,,"k∗,b",NM,,,1,75473,
1358,(Cs2(SeO3))(WO3)3,P63,173,Triv.,no,,,"k∗,b,s",NM,,,1,80392,
1359,Rb2(MoO3)3(SeO3),P63,173,Triv.,no,,,"k∗,b",NM,,,1,167530,
1360,Cs2TeW3O12,P63,173,Triv.,no,,,"k∗,b,s",,,,1,429738,
1361,K(VO2)3(SeO3)2,P63,173,Triv.,no,,,"b,s",NM,,,1,81231,
1362,Rb(Se2V3O12),P63,173,Triv.,no,,,"b,s",NM,,,1,163600,
1363,Tl(Se2V3O12),P63,173,Triv.,no,,,"k∗,b,s",NM,,,1,163601,
1364,Cs(VO2)3(TeO3)2,P63,173,Triv.,no,,,"k∗,b,s",NM,,,1,411111,
1365,La3AlTiS7,P63,173,SM,yes,Fig. 43,43,b,FM,,,1,608322,
1366,La3AlVS7,P63,173,SM,yes,Fig. 43,43,b,FM,,,1,608323,
1367,La3BeTiS7,P63,173,SM,no,,,,FM,,,1,616310,
1368,KAl(SiO4),P63,173,Triv.,yes,Fig. 44,44,"b,s",NM,,HQ,1,34350,
1369,Ga9Tl3O2S13,P6̄,174,Triv.,no,,,b,NM,,HQ,1,61256,
1370,BaZn(BO3)F,P6̄,174,Triv.,yes,Fig. 44,44,b,NM,,HQ,2,248042 429814,
1371,BaAl(BO3)F2,P6̄,174,Triv.,no,,,b,,,,2,291434 409663,
1372,Pb7F12Br2,P6̄,174,Triv.,no,,,,NM,,HQ,1,92293,
1373,Ca7H12Cl2,P6̄,174,Triv.,no,,,,NM,,HQ,1,420927,
1374,La2ClB3,P6̄,174,SM,no,,,,NM,,HQ,1,417604,
1375,LiCd(BO3),P6̄,174,Triv.,no,,,b,NM,,HQ,2,20191 20835,
1376,Mg3F3(BO3),P63/m,176,Triv.,yes,Fig. 44,44,b,,,HQ,1,4226,
1377,BI3,P63/m,176,Triv.,no,,,,NM,SC,HQ,3,173375 28328 411463,
1378,NaCs2(C2N3)3,P63/m,176,Triv.,yes,Fig. 44,44,,NM,,,1,407809,
1379,Pb3Cd3(BO3)4,P63/m,176,Triv.,no,,,k,NM,,,1,422862,
1380,Cu2Bi2S3(AlCl4)2,P63/m,176,Triv.,no,,,"b,s",NM,,,1,428727,
1381,LiCa(AlH4)3,P63/m,176,Triv.,no,,,b,,,,1,670844,
1382,Li2RbCd(CO3)2F,P63/m,176,Triv.,no,,,b,NM,,HQ,1,710094,
1383,AgCd3Hf3F20,P63/m,176,SM,no,,,,NM,,,1,78893,
1384,Sc2(HPO3)3,P63/m,176,Triv.,no,,,b,NM,,,1,409724,
1385,Pb5(PO4)3F,P63/m,176,Triv.,no,,,,NM,,,4,20500 24236 30261 38118,24236(b) 30261(b) 38118(b)
1386,Ca5(PO4)3F,P63/m,176,Triv.,no,,,,NM,,,11,52385 56313 56314 84227 94081 94082 94083 99581 180314 193552 670544,
1387,Sr3MnN3,P63/m,176,TI,no,,,b,FM,,HQ,1,80772,
1388,Ba3(CrN3),P63/m,176,SM,no,,,b,NM,,HQ,1,154802,
1389,Sr3(CrN3),P63/m,176,SM,no,,,b,NM,,HQ,1,154803,
1390,Ba4Nb2O9,P63/m,176,TI,no,,,,NM,,HQ,1,251133,
1391,BCl3,P63/m,176,Triv.,no,,,,NM,,,2,24526 27869,
1392,BBr3,P63/m,176,Triv.,no,,,,NM,,,2,24527 173374,
1393,Fe2(BP3O12),P63/m,176,Triv.,no,,,b,FM,,,2,260895 420638,
1394,KMo3S3,P63/m,176,SM,no,,,,NM,,HQ,3,30752 603631 641249,
1395,RbMo3S3,P63/m,176,SM,no,,,,NM,,HQ,3,30753 603622 644175,
1396,CsMo3S3,P63/m,176,SM,no,,,,NM,,HQ,3,30754 603614 627033,
1397,InMo3Te3,P63/m,176,SM,no,,,,NM,SC,HQ,4,53100 603669 604497 640025,
1398,TlMo3Te3,P63/m,176,SM,no,,,,NM,SC,HQ,3,90811 603670 644485,
1399,BaMo3Se3,P63/m,176,SM,no,,,,NM,,,2,603615 615982,
1400,NaMo3Se3,P63/m,176,SM,no,,,,NM,SC,,4,603625 603827 604518 643974,
1401,KMo3Se3,P63/m,176,SM,no,,,,NM,SC,,3,603628 604517 641256,
1402,RbMo3Se3,P63/m,176,SM,no,,,,NM,SC,,3,603629 604516 644181,
1403,NaMo3Te3,P63/m,176,SM,no,,,,NM,,,3,603641 604501 643979,
1404,CsMo3Se3,P63/m,176,SM,no,,,,NM,SC,,3,603651 603826 604515,
1405,KMo3Te3,P63/m,176,SM,no,,,,NM,,,2,603671 604500,
1406,RbMo3Te3,P63/m,176,SM,no,,,,NM,,,2,603672 604499,
1407,CsMo3Te3,P63/m,176,SM,no,,,,NM,,,2,603673 604498,
1408,La3FeWS3O6,P63/m,176,SM,no,,,"b,s",AFM,,HQ,1,380402,
1409,La3NiWS3O6,P63/m,176,SM,no,,,"b,s",FM,,HQ,1,380403,
1410,La3CoWS3O6,P63/m,176,Triv.,no,,,"b,s",NM,,HQ,1,380405,
1411,La3MnWS3O6,P63/m,176,SM,no,,,"b,s",FM,,HQ,1,380406,
1412,V3S4,P63/m,176,SM,no,,,b,NM,SC,HQ,3,72920 72921 72922,
1413,Ti3Se4,P63/m,176,SM,no,,,b,NM,,HQ,1,79629,
1414,TlSbO3,P6322,182,Triv.,yes,Fig. 44,44,"b,s",NM,,,1,10142,
1415,SiO2,P6322,182,Triv.,yes,Fig. 44,44,"b,s",NM,,,1,29343,
1416,BaAl2O4,P6322,182,Triv.,no,,,"b,s",NM,,,3,75427 16845 21080,
1417,Ta3CrS6,P6322,182,SM,no,,,b,FM,,,1,626633,
1418,RbSn(IO6),P6322,182,Triv.,no,,,"b,s",NM,,,1,73614,
1419,Ba3CrS5,P63cm,185,SM,no,,,"b,s",FM,,HQ,1,97539,
1420,Li2Ba(SiO4),P63cm,185,Triv.,no,,,b,NM,,,2,180289 260259,
1421,C3N4,P63cm,185,Triv.,no,,,b,,,,2,674271 674285,
1422,Na3N,P63cm,185,Triv.,no,,,,NM,,,2,165992 165993,
1423,Li8O2(GeO4),P63cm,185,Triv.,no,,,b,NM,,HQ,1,65175,
1424,Li8O2(SiO4),P63cm,185,Triv.,no,,,b,NM,,HQ,1,65176,
1425,Mg3(Si2O5(OH)4),P63cm,185,Triv.,no,,,"b,s",NM,,,2,87439 202359,
1426,Sn6O4(SiO4),P63mc,186,Triv.,no,,,"k∗,b,s",NM,,HQ,1,156236,
1427,Zn(OH)(N3),P63mc,186,Triv.,no,,,,,,,1,196345,
1428,Li2InMo3O8,P63mc,186,SM,no,,,b,,,HQ,1,426618,
1429,(Al2O3)5(H2O),P63mc,186,Triv.,no,,,k∗,NM,,,1,23651,
1430,Ba3(NiSb2O9),P63mc,186,Triv.,no,,,"k∗,b,s",AFM,,HQ,1,1177,
1431,Ba3Cu(Sb2O9),P63mc,186,SM,yes,Fig. 44,44,"k∗,b,s",FM,,HQ,1,2279,
1432,La4NS3Cl3,P63mc,186,Triv.,no,,,b,NM,,HQ,1,74902,
1433,CsCuCl3,P63mc,186,SM,no,,,"k∗,b,s",FM,,HQ,1,2064,
1434,Cs(CrBr3),P63mc,186,SM,no,,,"k∗,b,s",FM,,HQ,1,2590,
1435,CsCrI3,P63mc,186,SM,no,,,"k∗,b,s",,,HQ,1,8105,
1436,CsCrCl3,P63mc,186,SM,no,,,"k∗,b,s",FM,,HQ,1,10206,
1437,(Hg3S)(AsS3)Cl,P63mc,186,Triv.,no,,,"k∗,b",,,HQ,1,280329,
1438,K6(HgS4),P63mc,186,Triv.,no,,,b,NM,,HQ,2,266 47218,
1439,Na6(MnS4),P63mc,186,SM,no,,,b,FM,,HQ,4,65447 95065 95066 642996,
1440,LaNi5H7,P63mc,186,Triv.,no,,,"k∗,b",NM,,,3,96245 236996 236997,
1441,LiBH4,P63mc,186,Triv.,no,,,,NM,,HQ,3,95208 186262 245569,95208(k)
1442,Al(PO4),P63mc,186,Triv.,no,,,"k∗,b,s",NM,,HQ,1,279582,
1443,Li(BrO4)(H2O)3,P63mc,186,Triv.,no,,,,NM,,HQ,1,73706,
1444,Li(TcO4)(H2O)3,P63mc,186,Triv.,no,,,,NM,,HQ,1,422191,
1445,LaAuGe,P63mc,186,SM,no,,,,NM,,HQ,2,405322 656867,
1446,K3TaF8,P63mc,186,Triv.,no,,,k∗,NM,,HQ,1,248063,
1447,Mg3BeAl8O16,P63mc,186,Triv.,no,,,"k∗,b",NM,,,2,31227 31256,
1448,MnLa4OSe6,P63mc,186,SM,no,,,"b,s",AFM,,HQ,1,391303,
1449,MnLa4OS6,P63mc,186,SM,no,,,"b,s",FM,,HQ,1,391305,
1450,Na2(MnO4),P63mc,186,SM,no,,,,FM,,HQ,1,39504,
1451,Ca2(SiO4),P63mc,186,Triv.,no,,,"k∗,b",NM,,,2,182053 182054,
1452,Na(Be4SbO7),P63mc,186,Triv.,yes,Fig. 44,44,"k∗,b",NM,,,1,27599,
1453,YBaZn3GaO7,P63mc,186,Triv.,no,,,"k∗,b",NM,,,1,252148,
1454,GaN,P63mc,186,Triv.,no,,,,NM,SC,,36,159250 25676 34476 41481 41483 41543 42000 54698 67769 87830 153887 153888 153889 153890 153891 156259 157398 157512 181358 184926 190424 191773 634715 671112 672115 672140 672569 672724 672741 673190 673464 14321 36174 248083 260410 280130,
1455,Zn2Mo3O8,P63mc,186,Triv.,no,,,b,,,HQ,0,,
1456,ScZn(Mo3O8),P63mc,186,SM,no,,,b,FM,,HQ,1,40534,
1457,C3N4,P6̄m2,187,Triv.,no,,,"k∗,b",NM,,,1,83265,
1458,Ba(CoO3),P6̄m2,187,SM,no,,,"b,s",FM,,,1,88670,
1459,Ca3SiBr2,P6̄m2,187,TI,no,,,,FM,,,1,89543,
1460,La2Ni2I,P6̄m2,187,SM,no,,,,NM,,HQ,1,165262,
1461,KCdCO3F,P6̄m2,187,Triv.,no,,,,,,,1,239110,
1462,CaKF(CO3),P6̄m2,187,Triv.,no,,,,,,HQ,6,262230 59878 154681 154682 154683 154685,
1463,LiAuC2,P6̄m2,187,Triv.,no,,,,NM,,HQ,1,411253,
1464,InNbS2,P6̄m2,187,TI,no,,,b,NM,,,1,74702,
1465,IrLi,P6̄m2,187,TI,no,,,,NM,,,2,104487 659856,
1466,LiPd,P6̄m2,187,SM,no,,,,NM,,,3,104770 104771 659883,
1467,TlTaGe3O9,P6̄c2,188,Triv.,no,,,"b,s",NM,,,1,10383,
1468,LaSiO2N,P6̄c2,188,SM,yes,Fig. 45,45,b,NM,,,1,9752,
1469,Sr(GeO3),P6̄2m,189,Triv.,yes,Fig. 45,45,,NM,,,1,28603,
1470,Ag2Te(VS2)3,P6̄2m,189,SM,no,,,,FM,,,1,251064,
1471,Ba3Nb6Si4O26,P6̄2m,189,Triv.,no,,,b,NM,,,2,15934 16029,
1472,Ba3Ta6Si4O26,P6̄2m,189,Triv.,no,,,b,NM,,,2,15935 18317,
1473,Sr3Ta6Si4O26,P6̄2m,189,Triv.,no,,,b,NM,,,1,15936,
1474,Rb6(Si10O23),P6̄2m,189,Triv.,no,,,"b,s",NM,,,1,250379,
1475,GaNiTi,P6̄2m,189,SM,no,,,,NM,,,1,103885,
1476,K3Ta3B2O12,P6̄2m,189,Triv.,no,,,b,NM,,HQ,1,201143,
1477,K2Te2,P6̄2m,189,Triv.,no,,,,NM,,HQ,1,73178,
1478,Rb2Te2,P6̄2m,189,Triv.,no,,,,NM,,HQ,1,73179,
1479,Ti3Rh2In3,P6̄2m,189,SM,no,,,,NM,,HQ,1,410967,
1480,NbMnSi,P6̄2m,189,SM,no,,,,FM,,,1,24185,
1481,NbCrGe,P6̄2m,189,SM,no,,,,FM,,,1,42061,
1482,TiCoSi,P6̄2m,189,SM,yes,Fig. 45,45,,FM,,,1,42735,
1483,NbMnGe,P6̄2m,189,SM,no,,,,FM,,,2,42911 637001,
1484,Al(ZrNi),P6̄2m,189,SM,no,,,,NM,,,6,58080 152131 186404 410399 608967 608978,
1485,ScRuGe,P6̄2m,189,SM,no,,,,NM,,HQ,1,79595,
1486,TiFeP,P6̄2m,189,SM,no,,,,FM,,HQ,1,290889,
1487,CrTiAs,P6̄2m,189,SM,no,,,,FM,,,1,610275,
1488,FeTiAs,P6̄2m,189,SM,no,,,,FM,,,1,610530,
1489,FeNbB,P6̄2m,189,SM,no,,,,FM,,,1,614046,
1490,FeTaB,P6̄2m,189,SM,no,,,,NM,,,1,614205,
1491,GeMnTa,P6̄2m,189,SM,no,,,,FM,,,1,637098,
1492,MnTaSi,P6̄2m,189,SM,no,,,,FM,,,1,643653,
1493,NbReSi,P6̄2m,189,SM,no,,,,NM,SC,,1,645257,
1494,ReSiTa,P6̄2m,189,SM,no,,,,NM,,,1,650119,
1495,Ba3(Cr2WO9),P6̄2c,190,TI,no,,,"b,s",,,HQ,1,81072,
1496,K3(Nb3O6)(Si2O7),P6̄2c,190,Triv.,no,,,b,NM,,,1,79734,
1497,HfCoSn,P6̄2c,190,SM,no,,,,NM,,HQ,2,107472 408899,
1498,ScPdSn,P6̄2c,190,SM,no,,,,NM,,HQ,1,418976,
1499,TaON,P6/mmm,191,SM,no,,,"k,b,s",NM,,,1,20321,
1500,CaRh3B2,P6/mmm,191,SM,no,,,"k,b",NM,,,1,66767,
1501,LaFe5H12,P6/mmm,191,SM,no,,,"k,b",FM,,,1,160914,
1502,RhN2,P6/mmm,191,SM,no,,,,,,,1,671729,
1503,LaNi5,P6/mmm,191,SM,yes,Fig. 45,45,k,FM,,HQ,0,,
1504,YNi5,P6/mmm,191,SM,yes,Fig. 46,46,k,FM,,,50,242027 242028 242029 242030 600409 601621 602015 603845 641488 641507 641513 641518 641519 641520 641521 641522 641523 641524 641526 641529 641532 641535 641540 641542 641543 641545 641549 657601 658150 670633 54422 105462 105463 603868 647059 647075 647084 647089 647093 647101 659941 673580 54474 58916 619438 619442 619446 619447 619449 619452,
1505,CaNi5,P6/mmm,191,SM,yes,Fig. 45,45,k,FM,,HQ,0,,
1506,BaPd5,P6/mmm,191,SM,yes,Fig. 45,45,k,NM,,,2,58672 616030,
1507,Co5Y,P6/mmm,191,SM,no,,,k,FM,,,22,102731 102732 106506 107253 196872 196875 600442 625573 625577 625579 625587 625591 625597 625603 625616 625623 625630 625634 625642 656885 659057 659669,
1508,Fe5Y,P6/mmm,191,SM,no,,,k,FM,,,3,103699 107256 184905,
1509,Ni5Sc,P6/mmm,191,SM,yes,Fig. 46,46,k,FM,,,2,105336 646468,
1510,Pd5Sr,P6/mmm,191,TI,yes,Fig. 45,45,k,NM,,,2,105707 648964,
1511,CaPd5,P6/mmm,191,TI,yes,Fig. 45,45,k,NM,,,2,106357 673956,
1512,LaNi3Rh2,P6/mmm,191,SM,no,,,k,FM,,,1,183385,
1513,FeGe,P6/mmm,191,SM,no,,,k,FM,,,0,,
1514,CoSn,P6/mmm,191,SM,no,,,k,NM,,HQ,0,,
1515,InNi,P6/mmm,191,SM,yes,Fig. 46,46,k,NM,,,36,53459 631998 632006 632016 632022 55564 102671 151390 161110 161113 161115 161116 161117 161118 625264 670158 59435 161111 161114 161123 161124 161125 161126 185625 640117 103634 103635 152339 161109 161112 161119 161120 161121 161122 633740 633747,
1516,FeSn,P6/mmm,191,SM,no,,,k,FM,,,0,,
1517,PtTl,P6/mmm,191,SM,no,,,k,NM,,,1,105819,
1518,ScCr6Ge6,P6/mmm,191,SM,no,,,k,FM,,,1,626107,
1519,YCr6Ge6,P6/mmm,191,SM,yes,Fig. 46,46,k,NM,,,1,658018,
1520,Li2NaN,P6/mmm,191,SM,no,,,,NM,,,1,92308,
1521,LiNa2N,P6/mmm,191,SM,no,,,,NM,,,1,92310,
1522,Na3N,P6/mmm,191,SM,no,,,,NM,,,1,165989,
1523,Ta2N3O,P6/mmm,191,SM,no,,,"k,b",FM,,,1,182352,
1524,Ta2N3F,P6/mmm,191,TI,no,,,"k,b",NM,,,1,182353,
1525,La6Mn2S10,P63/mcm,193,SM,no,,,b,FM,,,1,168592,
1526,Ca6FeN5,P63/mcm,193,SM,no,,,"b,s",FM,,HQ,1,33796,
1527,Ca6(MnN3)N2,P63/mcm,193,SM,no,,,"b,s",FM,,HQ,1,80184,
1528,La5Sb3Br,P63/mcm,193,SM,no,,,,NM,,HQ,1,50725,
1529,La5Sn3Cl,P63/mcm,193,SM,no,,,,NM,,HQ,1,95238,
1530,La5Sn3Br,P63/mcm,193,SM,no,,,,NM,,HQ,1,95239,
1531,La5Bi3Br,P63/mcm,193,SM,no,,,,NM,,HQ,1,95241,
1532,La5Pb3I,P63/mcm,193,SM,no,,,,FM,,HQ,1,409778,
1533,Sc5Si3,P63/mcm,193,SM,no,,,,NM,,,3,23932 602016 651814,
1534,Hf5Ge3,P63/mcm,193,TI,no,,,,NM,,,2,44361 636545,
1535,Ta5Ge3,P63/mcm,193,SM,no,,,,NM,,,2,56028 637960,
1536,Ti5Si3,P63/mcm,193,TI,no,,,,NM,SC,,4,62591 168415 652424 671881,
1537,Ta5Si3,P63/mcm,193,SM,no,,,,NM,,,3,76159 652324 652335,
1538,Hf5Sn3,P63/mcm,193,SM,no,,,,NM,,,3,104273 183487 638947,
1539,Ti5Sn3,P63/mcm,193,TI,no,,,,NM,,,5,109292 169008 652783 652785 670883,
1540,Ca5Sb3,P63/mcm,193,SM,no,,,,NM,,HQ,2,173026 619563,
1541,Hf5Ge3,P63/mcm,193,SM,no,,,,NM,,,1,636541,
1542,Ti5Si3,P63/mcm,193,SM,no,,,,NM,,,1,652420,
1543,Zr5Si3,P63/mcm,193,SM,no,,,,NM,SC,,5,652605 652612 652616 652621 656924,
1544,K3N,P63/mcm,193,TI,yes,Fig. 46,46,"b,s",NM,,,1,99999,
1545,NbI3,P63/mcm,193,SM,yes,Fig. 46,46,,FM,,,1,109145,
1546,SiO2,P63/mmc,194,Triv.,no,,,"k,b,s",NM,,,9,170481 170496 38126 40902 40903 44270 162623 162624 200478,
1547,LiFeAs,P63/mmc,194,SM,no,,,,FM,,,1,187133,
1548,KV3Ge2O9,P63/mmc,194,Triv.,no,,,"k,b,s",FM,,HQ,1,187490,
1549,ZnO,P63/mmc,194,Triv.,no,,,,,,,2,670354 670355,
1550,SnNi3,P63/mmc,194,SM,no,,,k,,,,6,670879 105357 150926 411928 646749 646751,
1551,Cr2AlC,P63/mmc,194,SM,no,,,b,NM,SC,,2,42918 606181,
1552,Sc2AlC,P63/mmc,194,SM,no,,,b,NM,,,1,160378,
1553,Sc2InC,P63/mmc,194,SM,no,,,b,NM,,,8,160380 163503 163510 163511 161063 161064 252840 618806,
1554,Ti2SnC,P63/mmc,194,TI,no,,,b,NM,,,0,,
1555,Ba5IrIn2Al2O13Cl,P63/mmc,194,Triv.,no,,,"k∗,b,s",FM,,,1,71602,
1556,RbNiF3,P63/mmc,194,SM,no,,,"k∗,b,s",FM,,,3,15090 22127 91834,
1557,Rb(ZnF3),P63/mmc,194,Triv.,no,,,"k∗,b,s",NM,,,3,41618 91835 91836,
1558,K3Na(Re2O9),P63/mmc,194,Triv.,no,,,"b,s",NM,,,1,73300,
1559,K3La(Te2O9),P63/mmc,194,Triv.,no,,,"k∗,b,s",,,HQ,1,195647,
1560,Ba3Sb2NiO9,P63/mmc,194,SM,no,,,"k∗,b,s",AFM,,,1,200299,
1561,Rb6Ni6F18,P63/mmc,194,SM,yes,Fig. 46,46,"k∗,b,s",FM,,,2,410390 410391,
1562,Ba(MnO3),P63/mmc,194,Triv.,no,,,"k,b,s",AFM,,,1,23874,
1563,BaNiO3,P63/mmc,194,Triv.,no,,,,NM,,,2,175 30661,"175(b,s) 30661(k)"
1564,BaCoO3,P63/mmc,194,SM,no,,,,FM,,,3,922 26586 173504,"922(b,s) 26586(k) 173504(b,s)"
1565,Cs(MnBr3),P63/mmc,194,SM,no,,,"k∗,b,s",FM,,,2,2782 9703,
1566,BaVS3,P63/mmc,194,SM,yes,Fig. 46,46,k∗,FM,SC,,8,8193 8194 15537 23194 62711 154181 616097 616098,
1567,Rb(MnBr3),P63/mmc,194,SM,no,,,k∗,FM,,,2,9704 14077,"9704(b,s)"
1568,CsMnI3,P63/mmc,194,SM,no,,,k∗,FM,,,5,10042 15949 15950 15951 15952,
1569,BaMnO3,P63/mmc,194,SM,no,,,"b,s",AFM,,,2,10331 10332,10331(k)
1570,CsScCl3,P63/mmc,194,SM,no,,,k∗,NM,,,1,10474,
1571,Ba(VSe3),P63/mmc,194,SM,yes,Fig. 47,47,k∗,FM,,,1,10486,
1572,RbNiCl3,P63/mmc,194,SM,no,,,"k∗,b,s",FM,,,1,15010,
1573,RbNiBr3,P63/mmc,194,SM,no,,,"k∗,b,s",FM,,,1,15011,
1574,CsVCl3,P63/mmc,194,SM,no,,,"k∗,b,s",FM,,,3,15932 201828 201832,
1575,BaTaS3,P63/mmc,194,SM,no,,,k∗,NM,,,3,16083 616077 659541,
1576,CsVI3,P63/mmc,194,SM,no,,,k∗,FM,,,2,26453 26454,
1577,CsCoCl3,P63/mmc,194,SM,no,,,"k∗,b,s",FM,,,1,27511,
1578,CsCrCl3,P63/mmc,194,TI,no,,,k∗,FM,,,1,36132,
1579,CsTiBr3,P63/mmc,194,SM,no,,,k∗,FM,,,2,41320 400053,
1580,Rb(TiCl3),P63/mmc,194,SM,no,,,k∗,FM,,,1,49747,
1581,Cs(TiCl3),P63/mmc,194,SM,no,,,"k∗,b,s",FM,,,1,49748,
1582,CsNiCl3,P63/mmc,194,SM,no,,,"k∗,b,s",FM,,,3,59371 60262 423828,
1583,Rb(CuCl3),P63/mmc,194,SM,no,,,"k∗,b,s",FM,,,1,84212,
1584,Rb(TiBr3),P63/mmc,194,SM,no,,,k∗,FM,,HQ,1,154257,
1585,Cs(TiI3),P63/mmc,194,SM,no,,,k∗,FM,,HQ,1,154258,
1586,LaCrGe3,P63/mmc,194,SM,no,,,,FM,,HQ,5,158976 290669 290670 290671 290672,
1587,CsFeBr3,P63/mmc,194,Triv.,no,,,k∗,FM,,,1,174041,
1588,CsVBr3,P63/mmc,194,SM,no,,,"k∗,b,s",FM,,,2,201829 201833,
1589,RbVCl3,P63/mmc,194,SM,no,,,k∗,FM,,,2,201830 201834,
1590,RbVBr3,P63/mmc,194,SM,no,,,k∗,FM,,,1,201831,
1591,Cs(FeCl3),P63/mmc,194,Triv.,no,,,"k∗,b,s",NM,,,1,300249,
1592,CsNiBr3,P63/mmc,194,SM,no,,,"k∗,b,s",FM,,HQ,1,423829,
1593,CsNiI3,P63/mmc,194,SM,no,,,"k∗,b,s",,,HQ,1,423830,
1594,BaTaSe3,P63/mmc,194,SM,no,,,k∗,NM,SC∗,,2,616129 659547,
1595,BaNbS3,P63/mmc,194,SM,no,,,k∗,NM,SC,,1,659538,
1596,Y(MnO3),P63/mmc,194,TI,no,,,b,FM,,,4,73361 182284 422982 422990,
1597,Cs3Ru2Cl9,P63/mmc,194,Triv.,no,,,k∗,NM,,,1,201057,
1598,Cs3(Nb2I9),P63/mmc,194,Triv.,no,,,k∗,FM,,HQ,1,421295,
1599,CuAlO2,P63/mmc,194,Triv.,no,,,,NM,,,3,31368 60845 95661,
1600,CuScO2,P63/mmc,194,Triv.,yes,Fig. 47,47,,NM,,,4,60847 95667 151929 670128,
1601,AgAlO2,P63/mmc,194,Triv.,no,,,,NM,,,2,95662 300020,
1602,CuGaO2,P63/mmc,194,Triv.,no,,,,NM,,,1,95664,
1603,AgGaO2,P63/mmc,194,Triv.,no,,,,NM,,,1,95665,
1604,AgScO2,P63/mmc,194,Triv.,no,,,,NM,,,2,95668 670073,
1605,CuInO2,P63/mmc,194,Triv.,no,,,,NM,,,2,95670 186620,
1606,AuInO2,P63/mmc,194,Triv.,no,,,,NM,,,1,95672,
1607,AgYO2,P63/mmc,194,Triv.,no,,,,NM,,,2,95674 670075,
1608,AuYO2,P63/mmc,194,Triv.,no,,,,NM,,,2,95675 670100,
1609,Ni,P63/mmc,194,SM,no,,,,FM,,,2,76668 671412,
1610,NiMnGe,P63/mmc,194,SM,yes,Fig. 47,47,,FM,,,4,41921 637011 637019 637029,
1611,AlAuTi,P63/mmc,194,SM,no,,,,FM,,,1,57506,
1612,InNi2,P63/mmc,194,SM,no,,,,NM,,,6,59436 59437 185624 640098 640107 670969,
1613,CoNiSn,P63/mmc,194,SM,yes,Fig. 47,47,,FM,,,2,102582 196627,
1614,Co2Sn,P63/mmc,194,TI,no,,,,FM,,,2,102673 625262,
1615,CoFeGe,P63/mmc,194,SM,no,,,,,,,1,196628,
1616,Co2Ge,P63/mmc,194,TI,no,,,,FM,,,2,623418 623430,
1617,GaNi2,P63/mmc,194,SM,no,,,,NM,,,2,634869 670968,
1618,Ni1Sb1V1,P63/mmc,194,SM,no,,,,,,,2,671080 671081,
1619,K5(AuAs2),P63/mmc,194,Triv.,no,,,b,NM,,,1,40698,
1620,K5(AuP2),P63/mmc,194,Triv.,no,,,b,NM,,,1,40700,
1621,Co2Ge,P63/mmc,194,SM,no,,,,FM,,,1,108289,
1622,LaI,P63/mmc,194,TI,no,,,,NM,,,2,83678 171451,
1623,Co3Nb2Si,P63/mmc,194,SM,no,,,k∗,NM,,,1,53018,
1624,ZrAl2,P63/mmc,194,TI,no,,,k∗,NM,,,7,55594 191009 603593 609703 609713 609721 609743,
1625,ZrAl2,P63/mmc,194,TI,no,,,k∗,NM,SC,,1,150527,
1626,Na2Cs,P63/mmc,194,SM,no,,,k∗,NM,,,2,246932 627052,
1627,Ni3Sc2Si,P63/mmc,194,SM,no,,,k∗,,,,1,646484,
1628,TiNb4S8,P63/mmc,194,SM,no,,,b,NM,,,1,645332,
1629,VNb4S8,P63/mmc,194,SM,no,,,b,FM,,,1,645339,
1630,K3P,P63/mmc,194,Triv.,no,,,,NM,,,1,25550,
1631,K3Bi,P63/mmc,194,SM,no,,,,NM,,,1,26885,
1632,K3Sb,P63/mmc,194,Triv.,no,,,,NM,,,2,26886 656327,
1633,Rb3Sb,P63/mmc,194,Triv.,no,,,,NM,,,2,77991 650044,
1634,Na2MgPb,P63/mmc,194,SM,no,,,,NM,,HQ,1,238202,
1635,Na2MgSn,P63/mmc,194,SM,no,,,,NM,,HQ,1,262676,
1636,BiRb3,P63/mmc,194,SM,no,,,,NM,,,2,616995 616997,
1637,Na2O(Al2O3)11,P63/mmc,194,Triv.,no,,,b,NM,,,3,15970 16933 60635,
1638,AlTi3,P63/mmc,194,SM,no,,,k∗,NM,,,0,,
1639,Co3Mo,P63/mmc,194,SM,yes,Fig. 47,47,k∗,FM,,,13,58188 99779 181338 609523 609538 102542 624214 624216 671172 102722 187993 625553 671174,
1640,Co3W,P63/mmc,194,SM,yes,Fig. 47,47,k∗,FM,,,0,,
1641,GaTi3,P63/mmc,194,SM,no,,,k∗,NM,SC,,3,103991 182429 635554,
1642,Ni3In,P63/mmc,194,SM,yes,Fig. 47,47,k∗,FM,,,4,151196 185623 185627 640100,
1643,Co3Ta,P63/mmc,194,SM,no,,,k∗,NM,,,2,187991 671178,
1644,La3Al,P63/mmc,194,SM,no,,,k∗,NM,,,2,603210 608280,
1645,Ti3In,P63/mmc,194,SM,no,,,k∗,NM,,,1,640656,
1646,Co3Nb,P63/mmc,194,SM,no,,,k∗,,,,1,671176,
1647,FeSe,P63/mmc,194,SM,no,,,,FM,,,32,29308 53541 53542 166442 166443 166444 169252 169254 169256 169258 169260 169262 169264 169266 169268 169270 169272 169284 169286 169288 169290 169292 169294 169296 169298 169300 169302 169307 290407 290410 633482 633490,
1648,FeSb,P63/mmc,194,SM,yes,Fig. 47,47,,FM,SC,,3,53535 53971 633396,
1649,MnSb,P63/mmc,194,TI,no,,,,FM,SC,,0,,
1650,BiMn,P63/mmc,194,SM,no,,,,FM,SC,,49,53970 54266 76212 76258 76620 163322 191176 191783 601839 603577 643511 643513 643514 643515 643517 643519 643522 643523 643527 643529 643530 643532 643533 643535 58805 192873 192874 192875 192876 192877 192878 192879 192880 192881 616808 616811 616812 672818 76118 169166 169167 169168 169169 189946 624893 624900 624901 624909 657491,
1651,CoSb,P63/mmc,194,TI,no,,,,NM,SC,,0,,
1652,IrSn,P63/mmc,194,SM,no,,,,NM,,,2,104561 641051,
1653,Sr3P(BO3),P63/mmc,194,Triv.,no,,,,NM,,,1,401207,
1654,AgBaBi,P63/mmc,194,SM,no,,,,NM,,,1,56978,
1655,BaBiCu,P63/mmc,194,SM,no,,,,NM,,,1,106303,
1656,LaPdSb,P63/mmc,194,SM,no,,,,NM,,,1,641676,
1657,InO(OH),P213,198,Triv.,no,,,,NM,,,2,166255 166256,
1658,Hg3(AsO4)Cl,P213,198,Triv.,no,,,b,NM,,,3,89687 92963 411757,
1659,Na3(AsS3),P213,198,Triv.,no,,,,NM,,HQ,2,645 1036,
1660,K3(SbO3),P213,198,Triv.,no,,,b,NM,,HQ,1,279579,
1661,Cs3(SbO3),P213,198,Triv.,no,,,b,NM,,HQ,1,279580,
1662,Cs3(BiO3),P213,198,Triv.,no,,,,NM,,HQ,1,406563,
1663,Rb3(BiO3),P213,198,Triv.,no,,,b,NM,,HQ,1,407294,
1664,Cs3SbS3,P213,198,Triv.,no,,,,NM,,HQ,1,426551,
1665,K3SbS3,P213,198,Triv.,no,,,,NM,,HQ,2,426552 641323,
1666,Rb3SbS3,P213,198,Triv.,no,,,b,NM,,HQ,1,426554,
1667,Na(ClO3),P213,198,SM,no,,,,NM,,,1,31056,
1668,SiO2,P213,198,Triv.,no,,,"b,s",NM,,,4,24587 44269 162616 162617,
1669,Tl2Pb(Cu(NO2)6),Fm3̄,202,SM,no,,,,NM,,HQ,1,16,
1670,K2Sr(Ni(NO2)6),Fm3̄,202,SM,no,,,,AFM,,HQ,1,179,
1671,CaCu3Ru4O12,Im3̄,204,SM,no,,,"k,b",FM,,HQ,3,51894 95715 183110,
1672,LaCu3Ir4O12,Im3̄,204,SM,no,,,"k,b",,,HQ,1,251657,
1673,CoN3,Im3̄,204,TI,no,,,,NM,,,1,162105,
1674,CoN3,Im3̄,204,SM,no,,,,NM,,,1,162106,
1675,RhN3,Im3̄,204,Triv.,no,,,,NM,,,1,162107,
1676,RhN3,Im3̄,204,SM,no,,,,NM,,,1,162108,
1677,Ge(SeO3)2,Pa3̄,205,Triv.,no,,,"b,s",NM,,,1,422884,
1678,MgSe2,Pa3̄,205,Triv.,no,,,,NM,,,1,642815,
1679,Ca(NO3)2,Pa3̄,205,Triv.,no,,,,NM,,,2,52351 56089,
1680,Sn(SeO3)2,Pa3̄,205,Triv.,no,,,b,NM,,,1,154716,
1681,Si(P2O7),Pa3̄,205,Triv.,no,,,"b,s",NM,,,1,19047,
1682,SiO2,Ia3̄,206,Triv.,no,,,"b,s",NM,,,1,170545,
1683,SiO2,F4132,210,SM,no,,,"b,s",NM,,,1,170504,
1684,SiO2,I432,211,SM,no,,,"b,s",NM,,,1,170506,
1685,Na(BH4),P4̄3m,215,Triv.,no,,,,NM,,,1,182734,
1686,Cs4(CO4),P4̄3m,215,Triv.,no,,,,NM,,,1,245445,
1687,Cd(CN)2,P4̄3m,215,Triv.,no,,,,NM,,,2,20748 66938,
1688,Zn(CN)2,P4̄3m,215,Triv.,no,,,,NM,,,2,22392 670038,
1689,Be4O(TeO6),F4̄3m,216,Triv.,no,,,"k∗,p∗,b",NM,,HQ,1,1322,
1690,CsLi(MoO4),F4̄3m,216,Triv.,yes,Fig. 48,48,NM,,HQ,,1,20805,
1691,IrIn7GeO8,F4̄3m,216,Triv.,no,,,"k∗,b",NM,,,1,417829,
1692,Ni5Zr,F4̄3m,216,SM,yes,Fig. 48,48,k∗,FM,,,5,54985 150648 150939 189201 647156,
1693,Ni4ZnZr,F4̄3m,216,SM,yes,Fig. 48,48,"k∗,p∗",NM,,,1,105477,
1694,MgYNi4,F4̄3m,216,SM,yes,Fig. 49,49,"k∗,p∗",NM,,,4,107033 107424 183095 191556,
1695,CaMgNi4,F4̄3m,216,TI,yes,Fig. 48,48,"k∗,p∗",FM,,,1,107419,
1696,LaMgNi4,F4̄3m,216,SM,yes,Fig. 49,49,"k∗,p∗",FM,,,13,107420 162119 184164 242011 242012 242013 242014 242015 242021 242022 242023 242024 242025,
1697,ScNi4Cd,F4̄3m,216,SM,yes,Fig. 49,49,"k∗,p∗",NM,,,1,185106,
1698,YNi4Cd,F4̄3m,216,SM,yes,Fig. 49,49,"k∗,p∗",,,HQ,1,423939,
1699,ZrNi5,F4̄3m,216,TI,yes,Fig. 48,48,k∗,FM,,,1,601018,
1700,ScAuNi4,F4̄3m,216,TI,yes,Fig. 48,48,"k∗,p∗",NM,,,1,612227,
1701,YAuNi4,F4̄3m,216,TI,yes,Fig. 48,48,"k∗,p∗",,,,1,612233,
1702,Be5Fe,F4̄3m,216,SM,no,,,k∗,FM,,,1,616267,
1703,YNi4Mn,F4̄3m,216,SM,no,,,"k∗,p∗",FM,,,1,643173,
1704,HfNi5,F4̄3m,216,SM,yes,Fig. 48,48,k∗,,,,1,672665,
1705,CsMn(Cr(CN)6),F4̄3m,216,SM,no,,,,FM,,,1,56602,
1706,Li2IrGa,F4̄3m,216,TI,no,,,,NM,,,1,107085,
1707,Li2IrIn,F4̄3m,216,TI,no,,,,NM,,,1,107089,
1708,Mn2CoIn,F4̄3m,216,Triv.,no,,,,FM,,,1,160705,
1709,Mn2CoSi,F4̄3m,216,SM,no,,,,FM,,,1,160706,
1710,Mn2CoGe,F4̄3m,216,SM,no,,,,FM,,,1,160707,
1711,Mn2CoSn,F4̄3m,216,SM,no,,,,FM,,,2,160708 183043,
1712,Mn2CoSb,F4̄3m,216,Triv.,no,,,,FM,,,1,160709,
1713,RuMn2Sn,F4̄3m,216,TI,no,,,,FM,,,1,182829,
1714,RuMn2Si,F4̄3m,216,SM,no,,,,FM,,,1,182830,
1715,Ti2CoIn,F4̄3m,216,SM,no,,,,FM,,,1,185664,
1716,Ti2ZnAl,F4̄3m,216,SM,no,,,,FM,,,1,185882,
1717,CoFeMnGa,F4̄3m,216,SM,no,,,,FM,,,1,186830,
1718,CoFeMnGe,F4̄3m,216,Triv.,no,,,,FM,,,1,186831,
1719,Mn2CoAs,F4̄3m,216,SM,yes,Fig. 49,49,,FM,,,1,191648,
1720,CoFeTiAl,F4̄3m,216,Triv.,yes,Fig. 50,50,,NM,,,2,191657 673236,
1721,CoFeTiGa,F4̄3m,216,SM,yes,Fig. 49,49,,NM,,,1,191658,
1722,CoFeTiSi,F4̄3m,216,SM,yes,Fig. 49,49,,FM,,,1,191659,
1723,CoFeTiGe,F4̄3m,216,SM,yes,Fig. 50,50,,FM,,,1,191660,
1724,CoFeTiAs,F4̄3m,216,SM,yes,Fig. 50,50,,FM,,,1,191661,
1725,CoFeTiSb,F4̄3m,216,SM,yes,Fig. 50,50,,FM,,,1,191662,
1726,CoFeVGa,F4̄3m,216,SM,yes,Fig. 50,50,,FM,,,1,191664,
1727,CoFeVAs,F4̄3m,216,SM,no,,,,FM,,,1,191667,
1728,CoFeVSb,F4̄3m,216,SM,no,,,,FM,,,1,191668,
1729,CoRhMnAl,F4̄3m,216,TI,no,,,,,,,1,670591,
1730,CoRhMnGa,F4̄3m,216,TI,no,,,,,,,1,670592,
1731,CoRhMnGe,F4̄3m,216,SM,no,,,,,,,1,670593,
1732,CoRhMnSi,F4̄3m,216,SM,no,,,,,,,1,670594,
1733,CoFeSiZr,F4̄3m,216,SM,no,,,,,,,1,670706,
1734,CoFeGeZr,F4̄3m,216,SM,no,,,,,,,1,670707,
1735,CrVScSi,F4̄3m,216,Triv.,no,,,,,,,1,670792,
1736,Zr2CoAl,F4̄3m,216,SM,no,,,,,,,1,671654,
1737,Fe2MnGe,F4̄3m,216,SM,yes,Fig. 50,50,,,,,1,671982,
1738,Fe2MnAl,F4̄3m,216,TI,yes,Fig. 49,49,,,,,1,672261,
1739,CoRuFeSi,F4̄3m,216,SM,no,,,,,,,3,672893 672894 672895,
1740,CoRuFeGe,F4̄3m,216,SM,no,,,,,,,3,672896 672897 672898,
1741,CoRuFeSn,F4̄3m,216,SM,no,,,,,,,3,672899 672900 672901,
1742,Co2MnSi,F4̄3m,216,SM,no,,,,,,,3,672941 672942 675078,
1743,VCoHfGa,F4̄3m,216,SM,no,,,,,,,1,674822,
1744,Co2MnAl,F4̄3m,216,Triv.,no,,,,,,,1,675066,
1745,Co2MnGa,F4̄3m,216,Triv.,no,,,,,,,1,675070,
1746,Co2MnGe,F4̄3m,216,SM,no,,,,,,,1,675074,
1747,CoMnCrSb,F4̄3m,216,SM,no,,,,,,,9,675083 675084 675085 675086 675087 675088 33994 41935 49566,33994(b) 41935(b) 49566(b)
1748,GaMo4S8,F4̄3m,216,SM,no,,,,FM,,HQ,2,158198 634707,158198(b)
1749,GeV4Se8,F4̄3m,216,Triv.,no,,,,FM,,HQ,2,50503 195256,50503(b)
1750,GaV4S8,F4̄3m,216,SM,no,,,b,FM,,HQ,3,89980 158194 603133,
1751,Al(V4S8),F4̄3m,216,SM,no,,,b,FM,,HQ,1,195251,
1752,PdMnTe,F4̄3m,216,SM,no,,,,FM,,HQ,2,40908 44996,
1753,CuMnSb,F4̄3m,216,SM,no,,,,FM,,,6,42978 53311 76251 628385 628386 628393,
1754,LiZnP,F4̄3m,216,Triv.,no,,,,NM,,,3,44824 642242 670561,
1755,AuMnSb,F4̄3m,216,SM,no,,,,FM,,,4,52673 612166 612167 612171,
1756,CdLiP,F4̄3m,216,Triv.,no,,,,NM,,,2,52813 670566,
1757,CoMnSb,F4̄3m,216,SM,yes,Fig. 50,50,,FM,,,3,53001 624126 624133,
1758,CoVSb,F4̄3m,216,SM,no,,,,FM,,,3,53071 107117 624925,
1759,NiMnSb,F4̄3m,216,SM,yes,Fig. 50,50,,FM,,,11,54255 76078 182485 643105 643108 643111 643121 54343 76199 76201 643415,
1760,RhMnSb,F4̄3m,216,SM,yes,Fig. 51,51,,FM,,,0,,
1761,AuMnSn,F4̄3m,216,SM,no,,,,FM,,HQ,2,54465 240860,
1762,CoNbSn,F4̄3m,216,Triv.,yes,Fig. 51,51,,FM,,,2,102552 102553,
1763,IrMnSn,F4̄3m,216,SM,no,,,,FM,,,1,104498,
1764,MnPtSn,F4̄3m,216,SM,yes,Fig. 51,51,,FM,,,4,104955 104956 643383 643387,
1765,CoHfSb,F4̄3m,216,Triv.,no,,,,NM,,,1,108294,
1766,GaMnPt,F4̄3m,216,SM,no,,,,FM,,,1,108482,
1767,NiCrSb,F4̄3m,216,SM,no,,,,FM,,,1,182484,
1768,RbCsN,F4̄3m,216,SM,no,,,,FM,,,1,191639,
1769,RbCsP,F4̄3m,216,SM,no,,,,FM,,,1,191640,
1770,RbCsAs,F4̄3m,216,SM,no,,,,FM,,,1,191641,
1771,FeVTe,F4̄3m,216,SM,no,,,,FM,,,1,191683,
1772,CoCrTe,F4̄3m,216,SM,no,,,,FM,,,1,191684,
1773,LiMnAs,F4̄3m,216,SM,no,,,,FM,,HQ,1,192816,
1774,LiCdAs,F4̄3m,216,SM,no,,,,NM,,,3,609965 609966 670567,
1775,MnNiSb,F4̄3m,216,Triv.,no,,,,FM,,,2,643109 643120,
1776,MnPtSb,F4̄3m,216,Triv.,no,,,,FM,,,1,643377,
1777,PtMnBi,F4̄3m,216,SM,no,,,,,,,3,671364 671368 671372,
1778,PtFeBi,F4̄3m,216,SM,no,,,,,,,3,671365 671369 671373,
1779,PtCoBi,F4̄3m,216,Triv.,no,,,,,,,2,671366 671374,
1780,PtCoBi,F4̄3m,216,TI,no,,,,,,,1,671370,
1781,MnTiTe,F4̄3m,216,SM,no,,,,,,,1,671981,
1782,LiCaC,F4̄3m,216,SM,yes,Fig. 51,51,,,,,1,672030,
1783,NaCaC,F4̄3m,216,SM,no,,,,,,,1,672032,
1784,PtCoSb,F4̄3m,216,Triv.,no,,,,,,,1,672160,
1785,PtCrSb,F4̄3m,216,SM,no,,,,,,,1,672161,
1786,PtMnSb,F4̄3m,216,TI,no,,,,,,,1,672162,
1787,CrTiGe,F4̄3m,216,Triv.,no,,,,,,,1,675079,
1788,CrTiSi,F4̄3m,216,Triv.,no,,,,,,,1,675081,
1789,Mn2Te,F4̄3m,216,SM,no,,,,,,,1,675105,
1790,Li6PO5Cl,F4̄3m,216,Triv.,no,,,"k∗,b",NM,,HQ,1,421479,
1791,Li6PO5Br,F4̄3m,216,Triv.,no,,,"k∗,b",NM,,HQ,2,421480 421481,
1792,MnSe,F4̄3m,216,SM,no,,,,FM,,,9,24252 41526 670505 671667 41258 184376 236789 236790 670506,
1793,FeN,F4̄3m,216,SM,no,,,,NM,,,0,,
1794,MnS,F4̄3m,216,SM,no,,,,FM,,,2,76205 670482,
1795,CoN,F4̄3m,216,SM,no,,,,NM,,,10,79936 161754 184378 236791 236792 670475 161077 183180 190624 670502,
1796,YN,F4̄3m,216,Triv.,no,,,,NM,,,0,,
1797,CaSe,F4̄3m,216,Triv.,no,,,,NM,,,2,167834 670485,
1798,ScC,F4̄3m,216,SM,no,,,,FM,,,3,169407 189086 670497,
1799,CrTe,F4̄3m,216,TI,no,,,,FM,,,4,169766 181056 670501 671345,
1800,MnTe,F4̄3m,216,SM,no,,,,FM,,,1,181324,
1801,YC,F4̄3m,216,SM,no,,,,NM,,,1,183160,
1802,ZrC,F4̄3m,216,Triv.,no,,,,NM,,,1,183162,
1803,MnAs,F4̄3m,216,Triv.,no,,,,FM,,,2,184925 191787,
1804,MnSn,F4̄3m,216,SM,yes,Fig. 51,51,,FM,,,1,191171,
1805,MnSb,F4̄3m,216,Triv.,no,,,,FM,,,2,191175 191786,
1806,RbSb,F4̄3m,216,SM,no,,,,FM,,,1,191491,
1807,RbTe,F4̄3m,216,SM,no,,,,FM,,,1,191493,
1808,MnP,F4̄3m,216,Triv.,no,,,,FM,,,1,191788,
1809,ScN,F4̄3m,216,Triv.,no,,,,NM,,,2,236779 236780,
1810,CaO,F4̄3m,216,Triv.,no,,,,,,,1,670280,
1811,SrO,F4̄3m,216,Triv.,no,,,,,,,1,670287,
1812,CrSe,F4̄3m,216,TI,no,,,,,,,1,671343,
1813,CaN,F4̄3m,216,SM,no,,,,,,,2,672205 672206,
1814,TiBi,F4̄3m,216,SM,no,,,,,,,1,674898,
1815,KSe,F4̄3m,216,SM,no,,,,,,,1,675036,
1816,KTe,F4̄3m,216,SM,no,,,,,,,1,675040,
1817,GaMo4CS8,F4̄3m,216,SM,yes,Fig. 51,51,"b,s",NM,,,1,76848,
1818,MgV2O4,F4̄3m,216,SM,yes,Fig. 51,51,"k∗,p∗,b",,,,1,674693,
1819,Cu2Al4O7,F4̄3m,216,SM,yes,Fig. 51,51,"k∗,p∗,b",FM,,,1,100355,
1820,SiO2,I4̄3m,217,Triv.,yes,Fig. 52,52,"b,s",NM,,HQ,1,183701,
1821,Ni3Sb4O6F6,I4̄3m,217,TI,no,,,"k,b",FM,,HQ,2,427047 427048,
1822,Ca3Ir4Ge4,I4̄3m,217,SM,no,,,k,NM,SC,HQ,2,195500 429727,
1823,Sr3Ir4Sn4,I4̄3m,217,SM,no,,,k,NM,,HQ,1,410992,
1824,Sr3Ir4Ge4,I4̄3m,217,SM,no,,,k,,,HQ,1,429725,
1825,Na3BiO3,I4̄3m,217,Triv.,no,,,b,NM,,,1,23347,
1826,Zn4O(BO2)6,I4̄3m,217,Triv.,no,,,b,NM,,,6,15800 16826 27357 34085 100290 261810,15800(s) 34085(s) 100290(s) 261810(s)
1827,Mg4P6(SN12),I4̄3m,217,Triv.,no,,,b,NM,,HQ,2,65838 642665,65838(s)
1828,Cd4P6N12S,I4̄3m,217,Triv.,no,,,"b,s",NM,,HQ,1,71019,
1829,Zn8(P12N24)O2,I4̄3m,217,Triv.,no,,,b,NM,,,1,417324,
1830,Na8(Al6Si6O24)Cl2,P4̄3n,218,Triv.,no,,,"b,s",NM,,,32,15336 29443 30263 40129 41188 41189 41190 68426 71432 83323 83324 83325 83326 98807 98808 98809 98810 98811 98812 98813 98814 98815 98816 98817 98818 98819 98820 162491 166827 402574 417689 673830,
1831,Na8(Al6Si6O24),P4̄3n,218,SM,no,,,"b,s",NM,,,1,56710,
1832,Na4Cl(Al3Si3O12),P4̄3n,218,Triv.,no,,,"b,s",NM,,,2,65004 74537,
1833,Cd8(BeSiO4)6S2,P4̄3n,218,Triv.,no,,,"b,s",NM,,,1,81485,
1834,K8(AlSiO4)6,P4̄3n,218,SM,no,,,"b,s",NM,,,1,237001,
1835,Si3N4,I4̄3d,220,Triv.,no,,,b,NM,,,1,97567,
1836,Ge3N4,I4̄3d,220,Triv.,no,,,b,NM,,,1,97569,
1837,PbPd3,Pm3̄m,221,SM,yes,Fig. 52,52,k,NM,SC,,2,42600 648357,
1838,Ni3Ge,Pm3̄m,221,TI,yes,Fig. 52,52,k,NM,,,0,,
1839,AlNi3,Pm3̄m,221,SM,yes,Fig. 52,52,k,FM,,,28,53745 104162 600112 637356 637358 637362 637364 58038 58039 105529 151385 185893 187989 196567 196568 604410 608781 608782 608790 608797 608799 608811 608814 671563 671564 672104 672243 673108,
1840,InNi3,Pm3̄m,221,SM,yes,Fig. 52,52,k,FM,,,2,59438 59439,
1841,Ni3Si,Pm3̄m,221,TI,yes,Fig. 52,52,k,NM,,,0,,
1842,Co3Ti,Pm3̄m,221,SM,no,,,k,FM,,,0,,
1843,Co3Ta,Pm3̄m,221,SM,no,,,k,FM,,,36,76413 77960 105343 105344 163353 600224 646572 646573 646579 646584 97992 97993 102708 187964 187984 625462 625468 625481 625484 102689 187967 187985 671179 103582 103583 181720 633132 633134 633135 633140 633141 675019 103856 103857 634857 634864,
1844,FePd3,Pm3̄m,221,SM,no,,,k,FM,,,0,,
1845,GaNi3,Pm3̄m,221,SM,yes,Fig. 53,53,k,FM,,,0,,
1846,MnNi3,Pm3̄m,221,SM,no,,,k,FM,,,1,104920,
1847,MnZn3,Pm3̄m,221,SM,yes,Fig. 53,53,k,FM,,,1,105020,
1848,Ni3Sn,Pm3̄m,221,TI,yes,Fig. 52,52,k,NM,,,2,105353 671094,
1849,Pd3Sc,Pm3̄m,221,SM,no,,,k,NM,,,10,105673 105674 648807 659956 105689 105690 648912 648916 648921 672133,
1850,Pd3Sn,Pm3̄m,221,SM,yes,Fig. 53,53,k,NM,,,0,,
1851,Pd3Ti,Pm3̄m,221,SM,no,,,k,NM,,,3,105724 167655 185637,
1852,GeNb3,Pm3̄m,221,SM,no,,,k,NM,,,2,108521 672135,
1853,Nb3Si,Pm3̄m,221,SM,no,,,k,NM,SC,,2,108629 645435,
1854,MgPd3,Pm3̄m,221,SM,no,,,k,NM,,,1,153055,
1855,Co3W,Pm3̄m,221,SM,yes,Fig. 53,53,k,FM,,,3,187963 187987 671175,
1856,Co3V,Pm3̄m,221,TI,no,,,k,NM,,,2,187965 187988,
1857,Co3Nb,Pm3̄m,221,TI,no,,,k,NM,,,2,187966 671177,
1858,Co3Mo,Pm3̄m,221,SM,yes,Fig. 53,53,k,FM,,,2,187969 671173,
1859,MgNi3,Pm3̄m,221,SM,yes,Fig. 52,52,k,FM,SC∗,,1,193569,
1860,InPd3,Pm3̄m,221,SM,yes,Fig. 53,53,k,NM,,,2,247193 247197,
1861,Cu3Ni,Pm3̄m,221,SM,yes,Fig. 53,53,k,,,,1,670622,
1862,CuNi3,Pm3̄m,221,SM,yes,Fig. 53,53,k,,,,1,670623,
1863,Ni3Pd,Pm3̄m,221,SM,no,,,k,,,,1,670625,
1864,CuPd3,Pm3̄m,221,SM,yes,Fig. 54,54,k,,,,2,670626 675018,
1865,Ni3Zr1,Pm3̄m,221,SM,no,,,k,,,,1,671414,
1866,KCl,Pm3̄m,221,Triv.,no,,,,NM,,,41,31232 60402 61557 290513 290514 290515 290516 290517 290518 290519 290520 290521 290522 290523 290524 290525 290526 290527 290528 290529 290530 290531 290532 290533 290534 290535 290536 290537 290538 290539 290540 290541 290542 290543 290544 290545 290546 290547 290548 671476 674957,
1867,RhSi,Pm3̄m,221,SM,no,,,,NM,,,2,44385 182507,
1868,RbI,Pm3̄m,221,Triv.,no,,,,NM,,,4,44619 61523 61559 674967,
1869,FeAl,Pm3̄m,221,SM,no,,,,FM,,,0,,
1870,CoFe,Pm3̄m,221,SM,no,,,,FM,,,21,165165 169548 169549 607481 607487 658488 671099 56273 155839 187982 622884 57596 187973 606532 606533 606535 657493 58693 150619 616204 616206,
1871,AlCo,Pm3̄m,221,TI,no,,,,NM,,,0,,
1872,BeCo,Pm3̄m,221,SM,no,,,,FM,,,0,,
1873,BeNi,Pm3̄m,221,TI,no,,,,FM,,,3,58726 616363 616367,
1874,CaCd,Pm3̄m,221,SM,no,,,,NM,,,2,58874 619188,
1875,InRh,Pm3̄m,221,SM,no,,,,NM,SC,,2,59515 59516,
1876,RbBr,Pm3̄m,221,Triv.,no,,,,NM,,,3,61522 61560 674964,
1877,KBr,Pm3̄m,221,Triv.,no,,,,NM,,,31,61556 290554 290555 290556 290557 290558 290559 290560 290561 290562 290563 290564 290565 290566 290567 290568 290569 290570 290571 290572 290573 290574 290575 290576 290577 290578 290579 290580 290581 290582 674956,
1878,PbS,Pm3̄m,221,TI,no,,,,NM,,,1,77865,
1879,TiFe,Pm3̄m,221,TI,no,,,,NM,,,0,,
1880,FeTi,Pm3̄m,221,TI,no,,,,NM,SC,HQ,13,96139 150938 189111 189112 100533 103660 103661 190972 633925 633930 633937 633946 633950,
1881,CdSc,Pm3̄m,221,SM,no,,,,NM,,,3,102061 620407 670253,
1882,CoGa,Pm3̄m,221,SM,no,,,,FM,,,7,102423 603022 623049 623050 623053 623057 657494,
1883,CoSc,Pm3̄m,221,TI,no,,,,FM,SC,,2,102642 624932,
1884,CoTi,Pm3̄m,221,SM,no,,,,FM,SC,,0,,
1885,CoZr,Pm3̄m,221,SM,no,,,,FM,SC,,32,102705 108322 150937 187975 189225 625473 625477 625488 670727 102737 102738 189944 625667 625675 625704 670613 670728 103142 163697 185944 629426 629433 629435 672101 103681 103682 634034 670598 670599 670600 670601 670602,
1886,CuY,Pm3̄m,221,SM,no,,,,NM,SC,,0,,
1887,FeV,Pm3̄m,221,SM,no,,,,FM,,,0,,
1888,GaRh,Pm3̄m,221,SM,no,,,,NM,,,2,103948 657338,
1889,GaRu,Pm3̄m,221,SM,no,,,,NM,,,1,103950,
1890,HgLa,Pm3̄m,221,SM,no,,,,NM,,,3,104305 639065 670252,
1891,IrSc,Pm3̄m,221,TI,no,,,,NM,SC,,4,104557 640974 657998 670271,
1892,LiPd,Pm3̄m,221,SM,no,,,,NM,,,3,104769 642255 642257,
1893,MgPd,Pm3̄m,221,TI,no,,,,NM,,,4,104847 104848 163195 642749,
1894,MgRh,Pm3̄m,221,SM,yes,Fig. 54,54,,NM,,,2,104859 656818,
1895,MnRh,Pm3̄m,221,TI,no,,,,FM,,,2,104960 643391,
1896,MnZn,Pm3̄m,221,SM,no,,,,FM,,,1,105017,
1897,NiZn,Pm3̄m,221,SM,no,,,,NM,,,2,105470 647135,
1898,RhY,Pm3̄m,221,TI,no,,,,NM,SC,,11,105972 105973 650527 650530 650535 650536 650541 106004 106005 650737 650738,
1899,RuTi,Pm3̄m,221,TI,no,,,,NM,SC,,0,,
1900,RuZr,Pm3̄m,221,TI,no,,,,NM,SC,,2,106022 650789,
1901,TlY,Pm3̄m,221,SM,no,,,,NM,,,1,106195,
1902,YZn,Pm3̄m,221,SM,no,,,,NM,SC,,7,106225 106226 653454 653455 653460 653464 653468,
1903,RhZn,Pm3̄m,221,SM,no,,,,NM,,HQ,1,107574,
1904,MgSc,Pm3̄m,221,SM,no,,,,NM,,,2,108583 161737,
1905,AuMn,Pm3̄m,221,SM,no,,,,FM,,,1,109348,
1906,TiRu,Pm3̄m,221,TI,no,,,,NM,,,1,150936,
1907,CoSi,Pm3̄m,221,SM,no,,,,FM,,,3,155928 670610 672131,
1908,ZnO,Pm3̄m,221,Triv.,no,,,,NM,,,3,163382 182360 670357,
1909,PdN,Pm3̄m,221,SM,no,,,,NM,,,2,169396 191243,
1910,ZrRu,Pm3̄m,221,TI,no,,,,NM,,,2,181289 672519,
1911,PbS,Pm3̄m,221,Triv.,no,,,,NM,,,1,183242,
1912,MgNi,Pm3̄m,221,TI,no,,,,NM,,,1,187256,
1913,CoMn,Pm3̄m,221,TI,no,,,,FM,,,1,187981,
1914,CoNi,Pm3̄m,221,SM,no,,,,FM,,,1,187983,
1915,MnSn,Pm3̄m,221,SM,yes,Fig. 54,54,,FM,,,1,191170,
1916,FeN,Pm3̄m,221,SM,no,,,,FM,,,2,236829 236830,
1917,CoN,Pm3̄m,221,SM,no,,,,FM,,,2,236831 236832,
1918,CuN,Pm3̄m,221,SM,no,,,,NM,,,2,236835 236836,
1919,ZnN,Pm3̄m,221,SM,no,,,,NM,,,3,236837 236838 670709,
1920,RuTa,Pm3̄m,221,SM,no,,,,FM,,,1,650690,
1921,CoAl,Pm3̄m,221,TI,no,,,,,,,2,670160 671171,
1922,PdCu,Pm3̄m,221,SM,no,,,,,,,2,670618 670621,
1923,KSe,Pm3̄m,221,SM,no,,,,,,,1,675033,
1924,Rb(HgF3),Pm3̄m,221,Triv.,no,,,"k,b,s,l",NM,,,1,15169,
1925,K(CoF3),Pm3̄m,221,SM,no,,,"k,b,s,l",FM,,HQ,0,,
1926,KMnF3,Pm3̄m,221,SM,yes,Fig. 54,54,"k,b,s,l",FM,,,0,,
1927,KFeF3,Pm3̄m,221,Triv.,yes,Fig. 57,57,"k,b,s,l",FM,,,55,15246 15425 44785 189368 15423 37254 43721 44783 75409 75410 75411 189367 201254 201255 15424 37262 44784 107514 23076 27045 56092 56717 65088 65089 65090 76186 80871 80872 80873 80874 91899 94573 184455 184921 186725 186895 187296 187480 187619 191828 192314 201256 248379 262269 290370 290617 671735 672571 673179 673390 673418 673419 673892 674457 675010,
1928,Sr(TiO3),Pm3̄m,221,Triv.,no,,,"k,b,s,l",NM,SC,HQ,0,,
1929,Tl(MnCl3),Pm3̄m,221,SM,no,,,"k,b,s,l",FM,,,1,23167,
1930,GaMn3C,Pm3̄m,221,SM,no,,,"k,b,s,l",AFM,,,5,23586 76845 617912 617913 617914,
1931,Cs(HgBr3),Pm3̄m,221,SM,yes,Fig. 54,54,"k,b,s,l",NM,,,1,24479,
1932,Cs(HgCl3),Pm3̄m,221,Triv.,no,,,"k,b,s,l",NM,,,1,24482,
1933,Sr(ZrO3),Pm3̄m,221,Triv.,no,,,"k,b,s,l",NM,,,9,27046 29153 89365 89366 187481 188448 191829 290618 671952,
1934,Sr(SnO3),Pm3̄m,221,Triv.,no,,,"k,b,s,l",NM,,,3,27047 181089 674084,
1935,Ba(ZrO3),Pm3̄m,221,Triv.,no,,,"k,b,s,l",NM,,,29,27048 43136 90049 97459 97460 97461 97462 290002 671502 672709 672997 673866 674065 674771 27049 43138 180138 181091 184338 185615 186899 188149 190601 239582 424820 670659 672199 674074 674772,
1936,Ba(SnO3),Pm3̄m,221,Triv.,no,,,"k,b,s,l",NM,,,0,,
1937,Ca(SnO3),Pm3̄m,221,SM,no,,,"k,b,s,l",FM,,,1,27777,
1938,BaTiO3,Pm3̄m,221,Triv.,no,,,"k,b,s,l",NM,,,36,27970 27971 27972 27973 27975 27976 27977 28848 28849 28850 28851 28852 28853 28854 29147 43125 56093 67518 95437 99736 154344 166225 185374 186437 187291 190924 252562 290019 670888 670895 670904 671088 671604 672744 673178 674385,
1939,KVF3,Pm3̄m,221,SM,yes,Fig. 54,54,"k,b,s,l",FM,,,1,28145,
1940,RbVF3,Pm3̄m,221,SM,yes,Fig. 54,54,"k,b,s,l",FM,,,1,28146,
1941,Na(NbO3),Pm3̄m,221,Triv.,no,,,"k,b,s,l",NM,,,0,,
1942,Na(TaO3),Pm3̄m,221,Triv.,no,,,"k,b,s,l",NM,,,24,28588 28589 28590 31867 192407 192408 236890 252485 28617 28618 28619 88378 239693 28930 29120 41061 673194 28949 40476 40477 56096 94089 192409 674545,
1943,La(CrO3),Pm3̄m,221,SM,yes,Fig. 54,54,"k,b,s,l",FM,,,0,,
1944,KMgF3,Pm3̄m,221,Triv.,no,,,"k,b,s,l",NM,,,0,,
1945,AgZnF3,Pm3̄m,221,Triv.,no,,,"k,b,s,l",NM,,,2,28950 673278,
1946,Ca(ZrO3),Pm3̄m,221,Triv.,no,,,"k,b,s,l",NM,,,2,29003 56094,
1947,BaFeO3,Pm3̄m,221,SM,no,,,"k,b,s,l",FM,,,4,29096 262131 262132 672484,
1948,La(FeO3),Pm3̄m,221,SM,no,,,"k,b,s,l",FM,,,3,29118 673197 674500,
1949,La(MnO3),Pm3̄m,221,Triv.,yes,Fig. 57,57,"k,b,s,l",FM,,,0,,
1950,Sr(HfO3),Pm3̄m,221,Triv.,no,,,"k,b,s,l",NM,,,20,29119 188401 673199 674501 674623 674779 29154 89386 161593 164620 184791 673486 31865 77060 153174 162924 162925 162926 165076 187293,
1951,Ca(TiO3),Pm3̄m,221,Triv.,no,,,"k,b,s,l",NM,SC,,0,,
1952,Sr(ZrO3),Pm3̄m,221,SM,no,,,"k,b,s,l",NM,,,1,33666,
1953,K3OBr,Pm3̄m,221,Triv.,no,,,"k,b,s,l",NM,,HQ,1,33920,
1954,K3OI,Pm3̄m,221,Triv.,no,,,"k,b,s,l",NM,,HQ,1,36512,
1955,K(TaO3),Pm3̄m,221,Triv.,no,,,"k,b,s,l",NM,SC∗,HQ,7,39673 39905 56439 56440 184922 280424 674515,
1956,Rb(MnF3),Pm3̄m,221,SM,yes,Fig. 55,55,"k,b,s,l",FM,,,1,43722,
1957,AlCo3C,Pm3̄m,221,SM,no,,,"k,b,s,l",NM,,,1,43847,
1958,AlFe3C,Pm3̄m,221,SM,no,,,"k,b,s,l",FM,,,3,43853 656541 672402,
1959,Mn3GeC,Pm3̄m,221,SM,no,,,"k,b,s,l",FM,,,1,44351,
1960,Rh3YB,Pm3̄m,221,SM,yes,Fig. 55,55,"k,b,s,l",NM,,,2,44568 615341,
1961,K(CdF3),Pm3̄m,221,Triv.,no,,,"k,b,s,l",NM,,,1,44788,
1962,CsCdF3,Pm3̄m,221,Triv.,no,,,"k,b,s,l",NM,,,5,49582 290343 290344 290345 674681,
1963,CsFeF3,Pm3̄m,221,Triv.,no,,,"k,b,s,l",FM,,,1,49583,
1964,RbMgF3,Pm3̄m,221,Triv.,no,,,"k,b,s,l",NM,,,1,49585,
1965,RbFeF3,Pm3̄m,221,Triv.,no,,,"k,b,s,l",FM,,,2,49586 671396,
1966,RbCdF3,Pm3̄m,221,Triv.,no,,,"k,b,s,l",NM,,,1,49587,
1967,Ca(SnO3),Pm3̄m,221,Triv.,no,,,"k,b,s,l",NM,,,3,56095 181086 181087,
1968,NaVF3,Pm3̄m,221,SM,yes,Fig. 55,55,"k,b,s,l",FM,,,1,60611,
1969,Sr(RuO3),Pm3̄m,221,SM,yes,Fig. 55,55,"k,b,s,l",FM,,HQ,7,69360 82981 82982 82983 82984 162777 187484,
1970,Rb3AuO,Pm3̄m,221,Triv.,no,,,"k,b,s,l",NM,,HQ,2,75499 79087,
1971,Mn3NiN,Pm3̄m,221,SM,no,,,"k,b,s,l",FM,,,1,76056,
1972,Mn3ZnN,Pm3̄m,221,SM,no,,,"k,b,s,l",FM,,,2,76070 237710,
1973,Fe3ZnC,Pm3̄m,221,SM,yes,Fig. 55,55,"k,b,s,l",FM,,,1,76763,
1974,Co3MgC,Pm3̄m,221,SM,yes,Fig. 55,55,"k,b,s,l",FM,,,1,76790,
1975,Co3ScC,Pm3̄m,221,SM,no,,,"k,b,s,l",NM,,,1,76793,
1976,Co3ZnC,Pm3̄m,221,SM,yes,Fig. 55,55,"k,b,s,l",FM,,,1,76797,
1977,Fe3SnC,Pm3̄m,221,SM,no,,,"k,b,s,l",NM,,,1,76842,
1978,Sr(CoO3),Pm3̄m,221,SM,no,,,"k,b,s,l",FM,,,2,77142 184078,
1979,Mn3SnC,Pm3̄m,221,SM,no,,,"k,b,s,l",FM,,,4,77153 194052 618271 618272,
1980,Mn3ZnC,Pm3̄m,221,SM,no,,,"k,b,s,l",FM,,,3,77154 150829 618284,
1981,Rb3BrO,Pm3̄m,221,Triv.,no,,,"k,b,s,l",NM,,,1,77196,
1982,CsCaBr3,Pm3̄m,221,Triv.,no,,,"k,b,s,l",NM,,,1,77242,
1983,YRh3C,Pm3̄m,221,SM,yes,Fig. 55,55,"k,b,s,l",NM,,,1,77389,
1984,K3AuO,Pm3̄m,221,Triv.,no,,,"k,b,s,l",NM,,HQ,1,79086,
1985,Sr(VO3),Pm3̄m,221,SM,yes,Fig. 56,56,"k,b,s,l",FM,,HQ,0,,
1986,La(AlO3),Pm3̄m,221,Triv.,no,,,"k,b,s,l",NM,,,36,88982 96291 108826 672730 673312 90550 90551 90552 90553 90554 90555 90556 92561 92562 153831 153832 153833 153834 153835 153836 170772 191414 191415 191416 191417 191424 191425 191426 191427 191428 191429 191464 672200 673133 673339 674095,
1987,SrFeO3,Pm3̄m,221,SM,no,,,"k,b,s,l",FM,,HQ,3,91062 92335 163228,
1988,CaPd3C,Pm3̄m,221,SM,no,,,"k,b,s,l",NM,,,1,108128,
1989,Co3SnC,Pm3̄m,221,SM,no,,,"k,b,s,l",FM,,,1,108129,
1990,Sr(CrO3),Pm3̄m,221,SM,no,,,"k,b,s,l",FM,,,2,108903 245834,
1991,Sr(TcO3),Pm3̄m,221,SM,yes,Fig. 56,56,"k,b,s,l",NM,,,0,,
1992,Pb(TiO3),Pm3̄m,221,Triv.,no,,,"k,b,s,l",NM,,HQ,12,109076 183453 671084 671085 153406 162043 162047 187295 187505 262090 672655 673003,
1993,KCaF3,Pm3̄m,221,Triv.,no,,,"k,b,s,l",NM,,,3,154073 154074 670413,
1994,BiAlO3,Pm3̄m,221,Triv.,no,,,"k,b,s,l",NM,,,2,157549 158756,
1995,BiGaO3,Pm3̄m,221,Triv.,no,,,"k,b,s,l",NM,,,2,157550 158757,
1996,Bi(InO3),Pm3̄m,221,Triv.,no,,,"k,b,s,l",NM,,,1,158758,
1997,Bi(ScO3),Pm3̄m,221,Triv.,no,,,"k,b,s,l",NM,,,7,158759 181115 181116 181117 181118 181119 181120,
1998,Pb(CrO3),Pm3̄m,221,SM,no,,,"k,b,s,l",FM,,HQ,2,160196 194155,
1999,Pb(HfO3),Pm3̄m,221,Triv.,no,,,"k,b,s,l",NM,,HQ,1,161702,
2000,Ca(MnO3),Pm3̄m,221,SM,yes,Fig. 56,56,"k,b,s,l",FM,,,5,168902 168903 168905 181782 673449,
2001,NaMgF3,Pm3̄m,221,Triv.,no,,,"k,b,s,l",NM,,HQ,2,171813 193089,
2002,Pb(GeO3),Pm3̄m,221,Triv.,no,,,"k,b,s,l",NM,,,9,185693 185694 185695 185696 185697 185698 185699 185700 185701,
2003,Pb(VO3),Pm3̄m,221,SM,yes,Fig. 56,56,"k,b,s,l",FM,,,1,187637,
2004,Sr(MnO3),Pm3̄m,221,SM,yes,Fig. 56,56,"k,b,s,l",AFM,,,2,188415 236949,
2005,K(NbO3),Pm3̄m,221,Triv.,no,,,"k,b,s,l",NM,,HQ,2,190920 673080,
2006,Ba(VO3),Pm3̄m,221,SM,yes,Fig. 56,56,"k,b,s,l",FM,,HQ,2,191203 673477,
2007,SrGeO3,Pm3̄m,221,Triv.,no,,,"k,b,s,l",NM,,HQ,3,195084 672202 674088,
2008,RbCaF3,Pm3̄m,221,Triv.,no,,,"k,b,s,l",NM,,,3,201252 201253 670414,
2009,CaLiF3,Pm3̄m,221,Triv.,no,,,"k,b,s,l",NM,,,2,236756 236757,
2010,InNCo3,Pm3̄m,221,SM,yes,Fig. 56,56,"k,b,s,l",FM,,HQ,1,247066,
2011,TlPd3H,Pm3̄m,221,TI,no,,,"k,b,s,l",NM,,HQ,1,247273,
2012,PbZrO3,Pm3̄m,221,Triv.,no,,,"k,b,s,l",NM,,HQ,12,262104 262105 290872 290873 290874 290875 290876 290877 290878 290879 672047 673004,
2013,CdCo3N,Pm3̄m,221,SM,yes,Fig. 56,56,"k,b,s,l",FM,,HQ,1,422858,
2014,YPd3H,Pm3̄m,221,SM,no,,,"k,b,s,l",,,,1,670902,
2015,CaTcO3,Pm3̄m,221,SM,yes,Fig. 57,57,"k,b,s,l",,,,2,671082 671083,
2016,BaTcO3,Pm3̄m,221,SM,yes,Fig. 57,57,"k,b,s,l",,,,2,671086 671087,
2017,YBiO3,Pm3̄m,221,SM,no,,,"k,b,s,l",,,,1,672990,
2018,ZnSnO3,Pm3̄m,221,SM,yes,Fig. 57,57,"k,b,s,l",,,,1,673496,
2019,BaRuO3,Pm3̄m,221,SM,no,,,"k,b,s,l",,,,1,673893,
2020,BaHfO3,Pm3̄m,221,Triv.,no,,,"k,b,s,l",,,,1,674059,
2021,KSbO3,Pm3̄m,221,Triv.,yes,Fig. 57,57,"k,b,s,l",,,,1,674060,
2022,LiSrF3,Pm3̄m,221,Triv.,no,,,"k,b,s,l",,,,1,674527,
2023,ReO3,Pm3̄m,221,SM,no,,,"k,b,s,l",NM,,,6,16810 77679 105546 647350 647352 671107,
2024,NbF3,Pm3̄m,221,SM,no,,,"k,b,s,l",FM,,,2,25596 60246,
2025,MoF3,Pm3̄m,221,SM,yes,Fig. 57,57,"k,b,s,l",FM,,,1,30612,
2026,ScF3,Pm3̄m,221,Triv.,yes,Fig. 58,58,"k,b,s,l",NM,,,48,77071 194248 194249 194250 194273 261067 261068 261069 261070 261071 261072 261073 261074 261075 261076 261077 261078 261079 261080 261081 261082 261083 261084 261085 261086 261087 261088 261089 261090 261091 261092 261093 261094 261095 671108 673424 673425 673426 673427 673428 673429 673430 673431 673432 673433 673434 673435 673436,
2027,WO3,Pm3̄m,221,Triv.,yes,Fig. 58,58,"k,b,s,l",NM,SC∗,,3,108651 183408 674843,
2028,AlF3,Pm3̄m,221,Triv.,no,,,"k,b,s,l",NM,,HQ,1,130021,
2029,Na3N,Pm3̄m,221,SM,yes,Fig. 57,57,"k,b,s,l",NM,,,12,165988 249566 412313 421109 421110 421111 421112 421113 421115 421116 421117 421118,
2030,MgO,Pm3̄n,223,Triv.,yes,Fig. 58,58,,NM,,,1,181465,
2031,AuTa3,Pm3̄n,223,SM,no,,,,NM,,,1,58599,
2032,AuV3,Pm3̄n,223,SM,no,,,,FM,SC,,4,58612 612451 612456 612459,
2033,PdV3,Pm3̄n,223,SM,no,,,,NM,SC,,2,105739 649092,
2034,Al3Mo,Pm3̄n,223,SM,no,,,,,,,1,672120,
2035,SiC2N4,Pn3̄m,224,Triv.,yes,Fig. 58,58,b,NM,,,1,93543,
2036,MoZn7,Fm3̄m,225,SM,no,,,k,NM,,,2,130003 644500,
2037,LiPd7,Fm3̄m,225,SM,no,,,k,NM,,,1,642266,
2038,Co9S8,Fm3̄m,225,SM,no,,,k∗,NM,,HQ,7,23929 31753 40046 600664 624834 657415 660368,
2039,Cs2Mn(Mn(CN)6),Fm3̄m,225,Triv.,no,,,,FM,,HQ,1,248046,
2040,Cs2NaBiCl6,Fm3̄m,225,Triv.,no,,,"k∗,b,s",NM,,HQ,2,2738 59195,
2041,Ba2Mn(ReO6),Fm3̄m,225,Triv.,yes,Fig. 59,59,"k∗,b,s",FM,,,2,4169 109256,
2042,K2Na(AlF6),Fm3̄m,225,Triv.,yes,Fig. 59,59,,NM,,HQ,3,22109 40886 6027,22109(b) 40886(b)
2043,KTl2MoF6,Fm3̄m,225,SM,yes,Fig. 58,58,b,FM,,,1,15775,
2044,NaTl2MoF6,Fm3̄m,225,SM,yes,Fig. 58,58,"k∗,b,s",FM,,,1,15776,
2045,K2NaCuF6,Fm3̄m,225,SM,no,,,b,FM,,,1,22111,
2046,K2NaScF6,Fm3̄m,225,Triv.,no,,,"k∗,b,s",NM,,,2,22112 65730,
2047,K2NaInF6,Fm3̄m,225,Triv.,no,,,"k∗,b,s",NM,,,2,22113 23430,
2048,K2NaTlF6,Fm3̄m,225,Triv.,yes,Fig. 59,59,"k∗,b,s",NM,,,1,22114,
2049,Cs2NaTlF6,Fm3̄m,225,Triv.,yes,Fig. 60,60,"k∗,b,s",NM,,,1,22118,
2050,Ba2MgWO6,Fm3̄m,225,Triv.,no,,,"k∗,b,s",NM,,,10,24982 152572 152573 183771 262318 423033 243794 24983 185847 423034,"243794(k,s) 423034(k,s)"
2051,Ba2ZnWO6,Fm3̄m,225,Triv.,no,,,b,NM,,,0,,
2052,Ba2NiWO6,Fm3̄m,225,SM,no,,,"k∗,b,s",AFM,,,0,,
2053,Ba2CaWO6,Fm3̄m,225,Triv.,no,,,b,NM,,,10,24984 27426 28342 243798 60499 76436 24985 245599 246111 195954,"60499(k,s) 76436(k,s) 245599(k,s) 246111(k,s)"
2054,Ba2LaReO6,Fm3̄m,225,SM,no,,,"k∗,b,s",FM,,,1,25392,
2055,Sr2YReO6,Fm3̄m,225,SM,no,,,"k∗,b,s",FM,,,1,25404,
2056,Ba2CoWO6,Fm3̄m,225,SM,yes,Fig. 58,58,"k∗,b,s",FM,,,4,27425 97029 195130 672551,
2057,Sr2Ni(WO6),Fm3̄m,225,SM,no,,,,AFM,,,2,28597 109165,"28597(k,b,s)"
2058,Sr2Co(WO6),Fm3̄m,225,SM,yes,Fig. 58,58,"k∗,b,s",FM,,,1,28598,
2059,Sr2Ni(MoO6),Fm3̄m,225,SM,no,,,"k∗,b,s",FM,,,3,28600 155733 157027,
2060,Sr2Co(MoO6),Fm3̄m,225,SM,yes,Fig. 59,59,"k∗,b,s",AFM,,,2,28601 153543,
2061,Sr2Ca(WO6),Fm3̄m,225,Triv.,no,,,"k∗,b,s",NM,,,1,36459,
2062,Rb2K(CoF6),Fm3̄m,225,Triv.,no,,,b,NM,,,1,42147,
2063,Rb2Na(CoF6),Fm3̄m,225,Triv.,no,,,b,NM,,,1,42148,
2064,Rb2Na(NiF6),Fm3̄m,225,SM,no,,,b,FM,,,1,42150,
2065,K2Na(NiF6),Fm3̄m,225,SM,no,,,"k∗,b,s",FM,,,1,42151,
2066,K3WF6,Fm3̄m,225,SM,no,,,,FM,,HQ,1,51264,
2067,Ba2MnWO6,Fm3̄m,225,SM,no,,,"k∗,b,s",AFM,,HQ,7,51607 51608 51609 51610 51611 51612 51613,
2068,Cs2KScCl6,Fm3̄m,225,Triv.,no,,,"k∗,b,s",NM,,HQ,1,59196,
2069,Cs2LiYCl6,Fm3̄m,225,Triv.,no,,,"k∗,b,s",NM,,HQ,1,65731,
2070,Cs2NaYCl6,Fm3̄m,225,Triv.,no,,,"k∗,b,s",NM,,HQ,3,65732 245353 245354,
2071,Pb2Mg(WO6),Fm3̄m,225,Triv.,no,,,"k∗,b,s",NM,,HQ,1,67880,
2072,Sr2Ca(MoO6),Fm3̄m,225,Triv.,no,,,"k∗,b,s",NM,,HQ,1,72815,
2073,Ba2Ca(IrO6),Fm3̄m,225,SM,no,,,"k∗,b,s",FM,,HQ,1,74029,
2074,Pb2(ScTaO6),Fm3̄m,225,Triv.,no,,,"k∗,b,s",NM,,,1,77739,
2075,(NH4)2NaInF6,Fm3̄m,225,Triv.,no,,,"k∗,b,s",NM,,HQ,1,79099,
2076,Ca2Fe(WO6),Fm3̄m,225,Triv.,no,,,"k∗,b,s",FM,,,1,81203,
2077,Ca2TiSiO6,Fm3̄m,225,Triv.,no,,,"k∗,b,s",NM,,HQ,1,83455,
2078,Ba2(YSbO6),Fm3̄m,225,Triv.,no,,,"k∗,b,s",NM,,HQ,0,,
2079,YBa2(ReO6),Fm3̄m,225,SM,no,,,b,FM,,HQ,16,84650 155253 155346 163373 94216 168215 94215 168216 96688 99063 184909 190613 190614 191681 246545 246546,"94216(k,s) 168215(k,s)"
2080,Ba2FeMoO6,Fm3̄m,225,Triv.,yes,Fig. 60,60,"k∗,b,s",FM,,,0,,
2081,Ba2(CoMoO6),Fm3̄m,225,SM,yes,Fig. 59,59,"k∗,b,s",AFM,,HQ,3,97028 184910 672550,
2082,Ba2NiMoO6,Fm3̄m,225,SM,no,,,"k∗,b,s",AFM,,HQ,1,98192,
2083,Ba2(MnMoO6),Fm3̄m,225,SM,no,,,"k∗,b,s",AFM,,HQ,2,98739 99090,
2084,Ba2(FeWO6),Fm3̄m,225,Triv.,yes,Fig. 60,60,"k∗,b,s",AFM,,HQ,2,99061 672159,
2085,Ba2(InNbO6),Fm3̄m,225,Triv.,no,,,b,NM,,,3,99698 172166 109162,"99698(k,s) 172166(k,s)"
2086,Ba2Ni(ReO6),Fm3̄m,225,SM,no,,,"k∗,b,s",FM,,,1,109251,
2087,Ba2Fe(ReO6),Fm3̄m,225,SM,yes,Fig. 59,59,"k∗,b,s",FM,,,2,109252 155175,
2088,Ba2Co(ReO6),Fm3̄m,225,SM,no,,,"k∗,b,s",FM,,,3,109254 672552 674903,
2089,Ba2Zn(ReO6),Fm3̄m,225,SM,no,,,"k∗,b,s",FM,,,1,109255,
2090,Ba2Li(ReO6),Fm3̄m,225,Triv.,no,,,"k∗,b,s",NM,,,2,109259 418994,
2091,Ba2Na(ReO6),Fm3̄m,225,Triv.,no,,,b,NM,,,3,109260 200876 418993,"109260(k,s)"
2092,Sr2Mg(WO6),Fm3̄m,225,Triv.,no,,,"k∗,b,s",NM,,HQ,2,152575 152576,
2093,Ba2YIrO6,Fm3̄m,225,Triv.,no,,,"k∗,b,s",FM,,HQ,2,152679 427064,
2094,Sr2(GaSbO6),Fm3̄m,225,Triv.,yes,Fig. 60,60,"k∗,b,s",NM,,HQ,4,157016 157017 157018 157019,
2095,Sr2(FeMoO6),Fm3̄m,225,Triv.,yes,Fig. 60,60,"k∗,b,s",AFM,,HQ,3,157603 181752 248459,
2096,Sr2Y(SbO6),Fm3̄m,225,Triv.,yes,Fig. 60,60,"k∗,b,s",NM,,,2,157886 157887,
2097,Ba2YTaO6,Fm3̄m,225,Triv.,no,,,"k∗,b,s",NM,,HQ,10,160172 171172 171173 171174 171175 261453 171988 171989 192844 192845,
2098,Ba2CaOsO6,Fm3̄m,225,SM,no,,,"k∗,b,s",FM,,HQ,0,,
2099,Ba2BiIrO6,Fm3̄m,225,Triv.,no,,,b,FM,,HQ,1,174289,
2100,Sr2CrZrO6,Fm3̄m,225,SM,no,,,"k∗,b,s",AFM,,,1,181750,
2101,Sr2MnNbO6,Fm3̄m,225,Triv.,no,,,"k∗,b,s",FM,,,1,181751,
2102,Pb2MnReO6,Fm3̄m,225,Triv.,no,,,"k∗,b,s",FM,,HQ,1,182001,
2103,Ba2MgTeO6,Fm3̄m,225,Triv.,no,,,"k∗,b,s",,,HQ,1,191563,
2104,Pb2MnWO6,Fm3̄m,225,SM,no,,,"k∗,b,s",AFM,,,1,239438,
2105,Ba2CaTeO6,Fm3̄m,225,Triv.,yes,Fig. 60,60,"k∗,b,s",NM,,HQ,1,246112,
2106,Sr2Li(ReO6),Fm3̄m,225,Triv.,no,,,"k∗,b,s",NM,,,2,246731 418992,
2107,(NH4)2Na(AlF6),Fm3̄m,225,Triv.,no,,,,NM,,HQ,1,249157,
2108,Sr2FeOsO6,Fm3̄m,225,SM,yes,Fig. 59,59,"k∗,b,s",AFM,,,1,251068,
2109,Cs2InAgCl6,Fm3̄m,225,Triv.,yes,Fig. 60,60,"k∗,b,s",,,,1,257115,
2110,K3AlF6,Fm3̄m,225,Triv.,no,,,b,NM,,HQ,1,262078,
2111,Rb2Na(AlF6),Fm3̄m,225,Triv.,no,,,b,NM,,HQ,1,290318,
2112,K2Li(AlF6),Fm3̄m,225,Triv.,no,,,"k∗,b,s",NM,,HQ,1,408553,
2113,Ba2Li(OsO6),Fm3̄m,225,SM,no,,,"k∗,b,s",FM,,HQ,1,412142,
2114,Ba2Na(OsO6),Fm3̄m,225,SM,no,,,b,FM,,HQ,1,412143,
2115,Rb2K(GaF6),Fm3̄m,225,Triv.,no,,,b,NM,,HQ,1,416605,
2116,(NH4)2Na(GaF6),Fm3̄m,225,Triv.,no,,,,NM,,HQ,1,418737,
2117,Pb2NaIO6,Fm3̄m,225,SM,yes,Fig. 59,59,"k∗,b,s",NM,,HQ,1,427115,
2118,PbF2,Fm3̄m,225,Triv.,no,,,,NM,,,0,,
2119,K2S,Fm3̄m,225,Triv.,yes,Fig. 61,61,,NM,,,31,5270 5271 20597 24523 53984 60013 60014 60372 76420 180950 180951 180952 180953 181557 201113 201114 201115 26735 60439 183837 641321 55115 55116 55117 55131 55132 55133 55134 55135 55136 182743,
2120,Rb2Te,Fm3̄m,225,Triv.,no,,,,NM,,,0,,
2121,Na2O,Fm3̄m,225,Triv.,no,,,,NM,,,3,60435 180570 644917,
2122,K2Se,Fm3̄m,225,Triv.,yes,Fig. 61,61,,NM,,,3,60440 168448 196758,
2123,K2Te,Fm3̄m,225,Triv.,yes,Fig. 61,61,,NM,,,5,60441 96739 182742 631721 641376,
2124,CrO2,Fm3̄m,225,SM,no,,,,FM,,,1,186838,
2125,Ca2Pb,Fm3̄m,225,Triv.,no,,,,NM,,,1,191749,
2126,LiCo2Ge,Fm3̄m,225,SM,yes,Fig. 62,62,,NM,,,1,25324,
2127,LiPd2Ge,Fm3̄m,225,SM,no,,,,NM,,,1,42130,
2128,K3Sb,Fm3̄m,225,Triv.,no,,,,NM,,,2,44677 246648,
2129,LiNi2Si,Fm3̄m,225,SM,no,,,,NM,,,1,44819,
2130,InMgNi2,Fm3̄m,225,SM,no,,,,NM,,,1,51982,
2131,InMnNi2,Fm3̄m,225,SM,no,,,,FM,,,6,51984 51985 639954 639955 639956 639958,
2132,InMnPd2,Fm3̄m,225,SM,no,,,,FM,,,1,51988,
2133,CoFe2Ge,Fm3̄m,225,SM,yes,Fig. 62,62,,FM,,,1,52954,
2134,Co2FeSi,Fm3̄m,225,SM,no,,,,FM,,,0,,
2135,Co2MnGe,Fm3̄m,225,SM,no,,,,FM,,,14,52958 247649 622985 672918 675045 52971 623489 623490 623496 672229 674762 675071 675072 675073,
2136,Co2ZnGe,Fm3̄m,225,SM,yes,Fig. 62,62,,FM,,,1,52994,
2137,Co2MnSb,Fm3̄m,225,SM,no,,,,FM,,,2,53002 624129,
2138,Co2MnSi,Fm3̄m,225,SM,no,,,,FM,,,18,53007 624141 624143 624144 624157 659021 672228 672940 673044 675047 675075 675076 675077 53080 53081 185969 189222 625083,
2139,Co2TiSi,Fm3̄m,225,SM,yes,Fig. 62,62,,FM,,,0,,
2140,Co2VSi,Fm3̄m,225,SM,yes,Fig. 62,62,,FM,,,2,53086 659022,
2141,CsK2Sb,Fm3̄m,225,Triv.,no,,,,NM,,,1,53237,
2142,Fe3Ge,Fm3̄m,225,Triv.,no,,,,FM,,,2,53462 672765,
2143,FeRu2Si,Fm3̄m,225,Triv.,yes,Fig. 65,65,,FM,,,3,53525 633245 633246,
2144,Fe3Si,Fm3̄m,225,SM,no,,,,FM,,,14,53545 56281 157941 412838 600519 633528 633531 633534 633535 633537 633545 633552 658523 672766,
2145,Fe2VSi,Fm3̄m,225,SM,yes,Fig. 62,62,,FM,,,3,53555 633623 659019,
2146,MnNi2Ge,Fm3̄m,225,SM,no,,,,FM,,,2,53687 192566,
2147,MnPd2Ge,Fm3̄m,225,SM,no,,,,FM,,,1,53705,
2148,MnRh2Ge,Fm3̄m,225,SM,no,,,,FM,,,3,53706 637070 637071,
2149,ZrNi2In,Fm3̄m,225,SM,yes,Fig. 62,62,,NM,,HQ,2,54546 59460,
2150,HfNi2In,Fm3̄m,225,SM,yes,Fig. 63,63,,NM,,,1,54595,
2151,TiNi2In,Fm3̄m,225,SM,no,,,,NM,SC,,3,54596 59451 59452,
2152,AlCo2Cr,Fm3̄m,225,SM,no,,,,FM,,,4,57600 291940 672915 675041,
2153,Co2HfAl,Fm3̄m,225,SM,no,,,,FM,,,3,57611 110809 606590,
2154,AlCo2Mn,Fm3̄m,225,TI,no,,,,FM,,,7,57618 606611 606614 672231 675063 675064 675065,
2155,AlCo2Nb,Fm3̄m,225,SM,no,,,,FM,,,2,57620 606622,
2156,AlCo2Ta,Fm3̄m,225,SM,no,,,,FM,,,2,57634 606667,
2157,AlCo2V,Fm3̄m,225,SM,no,,,,FM,,,9,57643 188397 606704 606705 674449 57648 606733 606737 606738,
2158,AlCo2Zr,Fm3̄m,225,SM,no,,,,FM,,,0,,
2159,AlCrFe2,Fm3̄m,225,SM,yes,Fig. 63,63,,FM,,,2,57654 184446,
2160,AlFe3,Fm3̄m,225,SM,yes,Fig. 63,63,,FM,,,5,57793 607482 607484 607485 672764,
2161,AlFe2Mo,Fm3̄m,225,SM,yes,Fig. 63,63,,FM,,,1,57807,
2162,AlFe2V,Fm3̄m,225,Triv.,no,,,,NM,,,3,57832 57833 107814,
2163,AlMnPt2,Fm3̄m,225,SM,no,,,,FM,,,1,57985,
2164,AlMnRh2,Fm3̄m,225,TI,no,,,,FM,,,1,57986,
2165,AlNi2Sc,Fm3̄m,225,SM,no,,,,NM,,,1,58050,
2166,AlNi2Ti,Fm3̄m,225,SM,no,,,,NM,SC,,2,58063 165902,
2167,BiK3,Fm3̄m,225,SM,no,,,,NM,SC,,1,58793,
2168,BiRb3,Fm3̄m,225,SM,no,,,,NM,,,1,58849,
2169,InNi2Sc,Fm3̄m,225,SM,no,,,,NM,,,1,59446,
2170,MnNi2Sb,Fm3̄m,225,TI,no,,,,FM,,,3,76080 643107 643114,
2171,Pd2MnSb,Fm3̄m,225,SM,no,,,,FM,,,8,76100 643311 643312 643318 76227 643616 643621 643647,
2172,Mn3Si,Fm3̄m,225,SM,yes,Fig. 63,63,,FM,SC,,0,,
2173,Co2CrGa,Fm3̄m,225,SM,no,,,,FM,,,2,102318 675042,
2174,CoFe2Ga,Fm3̄m,225,TI,yes,Fig. 61,61,,FM,,,1,102385,
2175,Co2FeGa,Fm3̄m,225,SM,no,,,,FM,,,2,102386 247653,
2176,Co2HfGa,Fm3̄m,225,SM,yes,Fig. 63,63,,FM,,,2,102433 623080,
2177,Co2MnGa,Fm3̄m,225,TI,no,,,,FM,,,8,102438 623116 623118 623121 672230 675067 675068 675069,
2178,Co2GaNb,Fm3̄m,225,TI,no,,,,FM,,,2,102441 623126,
2179,Co2GaTa,Fm3̄m,225,TI,no,,,,FM,,,1,102451,
2180,Co2GaTi,Fm3̄m,225,SM,no,,,,FM,,,0,,
2181,Co2GaV,Fm3̄m,225,TI,no,,,,FM,,,0,,
2182,Co2HfSn,Fm3̄m,225,TI,yes,Fig. 61,61,,FM,,,30,102453 102454 623206 623207 623209 623211 102456 623228 623230 674450 102483 108295 291934 623806 659656 102531 102532 624165 624166 624169 624171 624172 624173 624177 672407 102554 102555 190615 624326 624333,
2183,Co2MnSn,Fm3̄m,225,SM,no,,,,FM,,,0,,
2184,Co2NbSn,Fm3̄m,225,SM,no,,,,FM,,,0,,
2185,Co2ScSn,Fm3̄m,225,SM,no,,,,FM,,,1,102646,
2186,Co2SnTi,Fm3̄m,225,TI,yes,Fig. 61,61,,FM,,,0,,
2187,Co2SnV,Fm3̄m,225,SM,no,,,,FM,,,19,102682 102683 625282 625285 625286 625289 625291 625292 672408 102684 102685 625303 625306 102687 108321 190131 625312 625314 625318,
2188,Co2SnZr,Fm3̄m,225,TI,yes,Fig. 61,61,,FM,,,0,,
2189,CrFe2Ga,Fm3̄m,225,SM,yes,Fig. 63,63,,FM,,,2,102755 184448,
2190,Cu2MnIn,Fm3̄m,225,TI,yes,Fig. 61,61,,FM,,,3,102996 102997 628019,
2191,CuRh2Sn,Fm3̄m,225,SM,no,,,,NM,,,1,103092,
2192,Fe2GaV,Fm3̄m,225,Triv.,yes,Fig. 65,65,,NM,,,3,103473 103474 631850,
2193,Fe2SnTi,Fm3̄m,225,SM,yes,Fig. 63,63,,NM,,,4,103641 103642 186058 633766,
2194,Fe2SnV,Fm3̄m,225,SM,yes,Fig. 64,64,,FM,,,2,103644 291933,
2195,GaHfNi2,Fm3̄m,225,SM,no,,,,NM,SC,,2,103734 634320,
2196,GaNi2Sc,Fm3̄m,225,SM,no,,,,NM,,,1,103874,
2197,GaNi2Ti,Fm3̄m,225,SM,no,,,,NM,,,1,103886,
2198,MnNi2Sn,Fm3̄m,225,SM,yes,Fig. 64,64,,FM,,,12,104926 104927 191631 291935 643152 643153 643156 643157 643158 643159 643161 674344,
2199,MnPbRh2,Fm3̄m,225,SM,no,,,,FM,,,3,104936 104937 643290,
2200,MnPd2Sn,Fm3̄m,225,SM,no,,,,FM,,,10,104945 104946 643324 643325 643327 104964 104965 643424 643427 643428,
2201,MnRh2Sn,Fm3̄m,225,SM,no,,,,FM,,,0,,
2202,Mn2WSn,Fm3̄m,225,TI,no,,,,NM,,,1,104980,
2203,NiRh2Sn,Fm3̄m,225,TI,yes,Fig. 62,62,,FM,,,1,105327,
2204,Ni2ScSn,Fm3̄m,225,SM,yes,Fig. 64,64,,NM,,HQ,2,105339 657254,
2205,Ni3Sn,Fm3̄m,225,SM,no,,,,NM,,,3,105354 671093 671334,
2206,Ni2SnV,Fm3̄m,225,SM,no,,,,FM,SC,,3,105376 105377 646810,
2207,Rh2SnV,Fm3̄m,225,SM,no,,,,FM,,,1,105933,
2208,AsMnPd2,Fm3̄m,225,SM,no,,,,FM,,,1,107955,
2209,Fe3Ga,Fm3̄m,225,SM,yes,Fig. 64,64,,FM,,,2,108436 672763,
2210,Cu2CoSn,Fm3̄m,225,SM,no,,,,FM,,,1,151207,
2211,Co2TiGe,Fm3̄m,225,SM,yes,Fig. 64,64,,FM,,,4,169468 169469 623633 623637,
2212,Co2NiGa,Fm3̄m,225,SM,no,,,,FM,,,1,169731,
2213,Co2FeGe,Fm3̄m,225,SM,no,,,,FM,,,2,185936 622905,
2214,Co2TiAl,Fm3̄m,225,SM,yes,Fig. 64,64,,FM,,,5,185966 606679 606680 606682 606685,
2215,Fe2CrSn,Fm3̄m,225,SM,yes,Fig. 64,64,,FM,,,1,185999,
2216,Fe2TiIn,Fm3̄m,225,SM,no,,,,FM,,,1,186056,
2217,Fe2TiGe,Fm3̄m,225,Triv.,yes,Fig. 65,65,,NM,,,1,186057,
2218,Fe2TiAs,Fm3̄m,225,SM,yes,Fig. 64,64,,FM,,,1,186059,
2219,Fe2TiSb,Fm3̄m,225,SM,yes,Fig. 65,65,,FM,,,1,186060,
2220,Ni2FeGa,Fm3̄m,225,SM,no,,,,FM,,,2,187492 672424,
2221,Sc2MnSi,Fm3̄m,225,SM,no,,,,FM,,,1,190996,
2222,Sc2MnGe,Fm3̄m,225,SM,no,,,,FM,,,1,190998,
2223,Pd3N,Fm3̄m,225,SM,no,,,,NM,,,1,191232,
2224,Co2CrIn,Fm3̄m,225,SM,no,,,,FM,,,1,416260,
2225,Ru2VGe,Fm3̄m,225,SM,yes,Fig. 65,65,,,,,1,671340,
2226,Co2CrSi,Fm3̄m,225,TI,no,,,,,,,2,672916 675044,
2227,Ti2CoAl,Fm3̄m,225,SM,no,,,,,,,1,674767,
2228,Ru2ZrSb,Fm3̄m,225,SM,no,,,,,,,1,675061,
2229,Fe2ZrP,Fm3̄m,225,SM,yes,Fig. 65,65,,,,,1,675102,
2230,Co2TiIn,Fm3̄m,225,SM,no,,,,,,,1,675103,
2231,Co2VIn,Fm3̄m,225,TI,no,,,,,,,1,675104,
2232,K2(SnCl6),Fm3̄m,225,Triv.,yes,Fig. 66,66,k∗,NM,,HQ,5,604 1668 6058 23991 26111,
2233,(NH4)2(SnCl6),Fm3̄m,225,Triv.,yes,Fig. 66,66,k∗,NM,,HQ,3,605 9021 163660,
2234,K2PtCl6,Fm3̄m,225,Triv.,no,,,k∗,NM,,HQ,27,2582 2583 31114 36304 48137 52033 52034 52035 52036 52037 52038 52039 68765 68766 82375 82376 280458 280459 280460 280461 280462 280463 280464 280465 280466 280467 280468,
2235,(NH4)2ReCl6,Fm3̄m,225,SM,no,,,k∗,FM,,HQ,1,8044,
2236,Rb2SnCl6,Fm3̄m,225,Triv.,yes,Fig. 66,66,k∗,NM,,HQ,5,9022 26698 29026 65059 65060,
2237,Cs2SnCl6,Fm3̄m,225,Triv.,yes,Fig. 66,66,k∗,NM,,HQ,3,9023 26699 29030,
2238,Rb2TeCl6,Fm3̄m,225,Triv.,no,,,k∗,NM,,,3,9315 26703 29027,
2239,Rb2MnCl6,Fm3̄m,225,SM,yes,Fig. 65,65,k∗,FM,,HQ,1,9347,
2240,K2MnCl6,Fm3̄m,225,SM,no,,,k∗,FM,,,1,9679,
2241,K2TcCl6,Fm3̄m,225,SM,no,,,k∗,FM,,HQ,1,22096,
2242,K2ReCl6,Fm3̄m,225,SM,no,,,k∗,FM,,HQ,3,23769 26755 68763,
2243,K2(ReBr6),Fm3̄m,225,SM,no,,,k∗,FM,,HQ,2,23770 26623,
2244,K2(PtBr6),Fm3̄m,225,Triv.,no,,,k∗,NM,,HQ,1,23771,
2245,Cs2TeBr6,Fm3̄m,225,Triv.,no,,,k∗,NM,,HQ,4,24151 27695 65057 65058,
2246,K2(MoCl6),Fm3̄m,225,SM,no,,,k∗,FM,,,1,26643,
2247,Rb2(TiCl6),Fm3̄m,225,Triv.,no,,,k∗,NM,,,1,26689,
2248,Cs2(TiCl6),Fm3̄m,225,Triv.,no,,,k∗,NM,,,1,26690,
2249,Rb2(SeCl6),Fm3̄m,225,Triv.,no,,,k∗,NM,,,1,26692,
2250,Cs2(SeCl6),Fm3̄m,225,Triv.,no,,,k∗,NM,,,1,26693,
2251,Rb2(ZrCl6),Fm3̄m,225,Triv.,no,,,k∗,NM,,,1,26694,
2252,Cs2(ZrCl6),Fm3̄m,225,Triv.,no,,,k∗,NM,,,1,26695,
2253,Tl2(SnCl6),Fm3̄m,225,Triv.,no,,,k∗,NM,,,1,26700,
2254,Cs2(TeCl6),Fm3̄m,225,Triv.,no,,,k∗,NM,,,2,26704 29031,
2255,Tl2(TeCl6),Fm3̄m,225,Triv.,no,,,k∗,NM,,,1,26705,
2256,Rb2(PtCl6),Fm3̄m,225,Triv.,no,,,k∗,NM,,,2,26708 29028,
2257,Tl2(PtCl6),Fm3̄m,225,Triv.,no,,,k∗,NM,,,1,26710,
2258,Rb2(PbCl6),Fm3̄m,225,Triv.,no,,,k∗,NM,,,2,26712 29029,
2259,Cs2(PbCl6),Fm3̄m,225,Triv.,no,,,k∗,NM,,,2,26713 29033,
2260,K2TiCl6,Fm3̄m,225,Triv.,no,,,k∗,NM,,,1,26934,
2261,Cs2PoBr6,Fm3̄m,225,Triv.,no,,,k∗,,,,1,27694,
2262,Cs2(GeCl6),Fm3̄m,225,Triv.,no,,,k∗,NM,,,1,28892,
2263,K2PdCl6,Fm3̄m,225,Triv.,no,,,k∗,NM,,,5,33709 65037 65038 65039 73723,
2264,K2(SeBr6),Fm3̄m,225,Triv.,no,,,k∗,NM,,,2,36228 69441,
2265,PdBr6Rb2,Fm3̄m,225,Triv.,no,,,k∗,NM,,,1,36305,
2266,K2(TeBr6),Fm3̄m,225,Triv.,no,,,k∗,NM,,HQ,2,38346 65118,
2267,Tl2(SiF6),Fm3̄m,225,Triv.,no,,,,NM,,,2,52292 38549,52292(k)
2268,K2(HfF6),Fm3̄m,225,Triv.,no,,,k∗,NM,,,1,47244,
2269,Rb2(TeBr6),Fm3̄m,225,Triv.,no,,,k∗,NM,,HQ,2,49521 49522,
2270,K2TaCl6,Fm3̄m,225,SM,yes,Fig. 66,66,k∗,FM,,HQ,1,59894,
2271,Cs2ReCl6,Fm3̄m,225,SM,no,,,k∗,FM,,HQ,1,64613,
2272,(NH4)2(PtCl6),Fm3̄m,225,Triv.,no,,,k∗,NM,,HQ,1,97927,
2273,Mg2FeH6,Fm3̄m,225,Triv.,no,,,k∗,NM,,,2,107500 238723,
2274,K2(SnBr6),Fm3̄m,225,Triv.,no,,,k∗,NM,,,1,158955,
2275,Cs2PdBr6,Fm3̄m,225,Triv.,no,,,k∗,,,,1,243749,
2276,Rb2(NbCl6),Fm3̄m,225,SM,yes,Fig. 66,66,k∗,FM,,HQ,1,245747,
2277,Rb2(WBr6),Fm3̄m,225,SM,no,,,k∗,FM,,HQ,1,402439,
2278,Cs2(WBr6),Fm3̄m,225,SM,no,,,k∗,FM,,HQ,1,402441,
2279,Rb2(WCl6),Fm3̄m,225,SM,no,,,k∗,FM,,HQ,1,409632,
2280,Cs2(WCl6),Fm3̄m,225,SM,no,,,k∗,FM,,HQ,1,409674,
2281,Cs2(MoCl6),Fm3̄m,225,SM,no,,,k∗,FM,,HQ,1,409808,
2282,K2WCl6,Fm3̄m,225,SM,no,,,k∗,FM,,HQ,1,409840,
2283,(NH4)2(ReBr6),Fm3̄m,225,SM,no,,,k∗,FM,,HQ,1,412159,
2284,Sr2FeH6,Fm3̄m,225,Triv.,no,,,k∗,NM,,,1,632211,
2285,Y2Ni6C,Fm3̄m,225,SM,yes,Fig. 65,65,k∗,,,,1,673582,
2286,K2(B6H6),Fm3̄m,225,Triv.,no,,,k∗,NM,,HQ,1,65507,
2287,Mg6MnO8,Fm3̄m,225,SM,no,,,"k,b",AFM,,HQ,4,24710 27874 76174 82182,
2288,Mg7VH16,Fm3̄m,225,SM,no,,,k,FM,,,1,169051,
2289,Mg7NbH16,Fm3̄m,225,SM,no,,,k,FM,,,1,169052,
2290,MoZn6,Fm3̄m,225,SM,no,,,k,NM,,,1,260686,
2291,Na6ClF(SO4)2,Fm3̄m,225,Triv.,no,,,,NM,,HQ,3,26914 29330 52291,
2292,(PtIn6)(GaO4)2,Fm3̄m,225,Triv.,no,,,k∗,NM,,HQ,1,411505,
2293,CoO,Fm3̄m,225,SM,no,,,,AFM,,HQ,0,,
2294,NiO,Fm3̄m,225,SM,no,,,,AFM,,HQ,85,9865 28505 28506 29049 29081 29226 53057 53058 53929 61326 76638 191776 245319 245320 245321 245322 245323 245324 624575 624580 671734 673072 674028 675002 9866 24014 24018 28834 28910 53930 53931 61318 61324 61544 76669 182948 184626 184918 241420 646096 646098 646099 671425 671943 674029 674434 674638 675004 18007 41331 76204 158647 158648 158649 158650 158651 158652 603118 643434 643435 643436 643437 643438 643439 643443 643444 643445 643450 643451 643453 643456 27856 31081 53519 60683 76639 82233 180972 180973 180974 633029 633036 633038 670891 674027,
2295,MnS,Fm3̄m,225,SM,no,,,,FM,,,0,,
2296,FeO,Fm3̄m,225,Triv.,no,,,,FM,,,0,,
2297,ZnTe,Fm3̄m,225,SM,no,,,,NM,,,3,31840 52512 653197,
2298,AgN,Fm3̄m,225,SM,no,,,,NM,,,3,167858 183195 185555,
2299,CrTe,Fm3̄m,225,SM,no,,,,FM,,,1,169767,
2300,NiC,Fm3̄m,225,TI,no,,,,NM,,,1,180457,
2301,FeN,Fm3̄m,225,SM,no,,,,FM,,,2,184375 236810,
2302,ZnTe,Fm3̄m,225,Triv.,no,,,,NM,,,2,184497 248454,
2303,MnSb,Fm3̄m,225,TI,no,,,,FM,,,1,191173,
2304,CuN,Fm3̄m,225,SM,no,,,,NM,,,2,236815 236816,
2305,CsSe,Fm3̄m,225,SM,no,,,,,,,1,670583,
2306,Ba2YSbO6,Fm3̄m,225,SM,no,,,"k,b,s,l",NM,,,1,33624,
2307,Na(SbF6),Fm3̄m,225,Triv.,no,,,,NM,,HQ,3,56251 16640 77919,56251(b)
2308,Ca(PbF6),Fm3̄m,225,Triv.,no,,,"k∗,b,s",NM,,,1,25522,
2309,Ca(SnF6),Fm3̄m,225,Triv.,no,,,"k∗,b,s",NM,,HQ,1,35713,
2310,Fe(ZrF6),Fm3̄m,225,Triv.,no,,,"k∗,b,s",FM,,HQ,2,35716 100301,
2311,Cr(ZrF6),Fm3̄m,225,Triv.,no,,,"k∗,b,s",FM,,HQ,1,35719,
2312,VZrF6,Fm3̄m,225,SM,no,,,"k∗,b,s",FM,,,2,73354 94454,
2313,Co(ZrF6),Fm3̄m,225,SM,no,,,"k∗,b,s",FM,,HQ,1,83724,
2314,V(HfF6),Fm3̄m,225,SM,no,,,"k∗,b,s",FM,,HQ,1,94455,
2315,Ti(ZrF6),Fm3̄m,225,SM,no,,,"k∗,b,s",FM,,HQ,1,94456,
2316,K(SbO3),Fd3̄m,227,Triv.,no,,,"k,p,b,s",NM,,,1,77333,
2317,As2O3,Fd3̄m,227,Triv.,no,,,"b,s",NM,,,0,,
2318,As4O6,Fd3̄m,227,Triv.,no,,,"b,s",NM,,,32,2114 16850 24227 183098 409611 36144 238612 238613 238614 238615 238616 238617 238618 238619 238620 238621 238622 238623 238624 238625 238626 238627 238628 238629 238630 238631 238632 238633 238634 238635 238636 238637,
2319,Ca2NH,Fd3̄m,227,Triv.,yes,Fig. 66,66,"k,p",NM,,,1,292,
2320,Hf3Zn3C,Fd3̄m,227,SM,no,,,"k,p,b,s",NM,,,2,42936 618069,
2321,CsAlO2,Fd3̄m,227,Triv.,no,,,"k,p,b,s",NM,,,1,28372,
2322,RbAlO2,Fd3̄m,227,Triv.,no,,,"k,p,b,s",NM,,,1,28373,
2323,CsNbN2,Fd3̄m,227,Triv.,yes,Fig. 66,66,"k,p,b,s",NM,,HQ,1,72546,
2324,KAlO2,Fd3̄m,227,Triv.,no,,,"k,p,b,s",NM,,HQ,1,262975,
2325,YS2,Fd3̄m,227,SM,yes,Fig. 67,67,"k,p",NM,,,1,52216,
2326,Mn2Y,Fd3̄m,227,SM,no,,,"k,p",FM,,HQ,0,,
2327,YFe2,Fd3̄m,227,SM,no,,,"k,p",FM,,,39,54375 105001 105002 150743 603250 643875 643894 643895 643896 643902 643910 643915 57792 103697 103698 106699 150744 601992 603459 634075 634079 634083 634084 634085 634088 634091 634096 634097 634099 634100 634102 634103 634105 634106 634107 634108 634117 634122 672932,
2328,BaPt2,Fd3̄m,227,TI,yes,Fig. 67,67,"k,p",NM,SC,,3,58675 616039 616040,
2329,Be2Nb,Fd3̄m,227,SM,no,,,"k,p",NM,SC,,2,58721 616354,
2330,CaNi2,Fd3̄m,227,SM,yes,Fig. 67,67,"k,p",NM,,,3,58915 619440 619441,
2331,Fe2Sc,Fd3̄m,227,SM,no,,,"k,p",FM,,,9,103618 103619 633420 633429 633433 104558 104559 640973 657997,
2332,Ir2Sc,Fd3̄m,227,SM,no,,,"k,p",NM,SC,,0,,
2333,Ir2Sr,Fd3̄m,227,SM,no,,,"k,p",NM,SC,,2,104564 641065,
2334,Ir2Y,Fd3̄m,227,SM,no,,,"k,p",NM,SC,,5,104601 104602 641175 641180 641183,
2335,Ni2Sc,Fd3̄m,227,SM,yes,Fig. 67,67,"k,p",NM,,,3,105334 105335 646466,
2336,Ni2Y,Fd3̄m,227,SM,yes,Fig. 67,67,"k,p",NM,SC,,26,105458 105459 150746 183094 196784 647056 647057 647058 647072 647082 647083 647086 647087 647088 647090 647099 647108 657906 670873 106236 106237 653507 653508 653510 653517 653523,
2337,Zn2Zr,Fd3̄m,227,Triv.,yes,Fig. 67,67,"k,p",FM,SC,,0,,
2338,CaIr2,Fd3̄m,227,SM,no,,,"k,p",NM,SC,,1,108146,
2339,Nb2Fe,Fd3̄m,227,TI,no,,,"k,p",FM,,,1,188269,
2340,Ni2Cr,Fd3̄m,227,TI,no,,,"k,p",FM,,,1,188273,
2341,CaLi2,Fd3̄m,227,SM,no,,,"k,p",NM,,HQ,1,413207,
2342,Sc2(Si2O7),Fd3̄m,227,Triv.,no,,,"k,p,b,s",NM,,HQ,1,1457,
2343,La2(Zr2O7),Fd3̄m,227,Triv.,no,,,"k,p,b,s",NM,,,13,15165 51573 150206 153222 153814 154752 159321 248878 253061 253063 671158 671161 672848,
2344,Ca2(Nb2O7),Fd3̄m,227,Triv.,no,,,"k,p,b,s",NM,,,2,22411 72206,
2345,Pb2Sb2O7,Fd3̄m,227,SM,no,,,"k,p",NM,,,1,24246,
2346,Sn2(Ta2O7),Fd3̄m,227,Triv.,yes,Fig. 68,68,"k,p,b,s",NM,,,2,27119 163818,
2347,Pb2Sb2O7,Fd3̄m,227,SM,yes,Fig. 67,67,"k,p,b,s",NM,,,1,27120,
2348,Ca2Ta2O7,Fd3̄m,227,Triv.,yes,Fig. 68,68,"k,p,b,s",NM,,,1,27121,
2349,Hg2Cu2F6S,Fd3̄m,227,SM,no,,,"k,p,b,s",FM,,HQ,1,27327,
2350,Hg2Zn2F6O,Fd3̄m,227,Triv.,yes,Fig. 68,68,"k,p,b,s",NM,,HQ,1,27330,
2351,Cd2Nb2O7,Fd3̄m,227,SM,yes,Fig. 67,67,"k,p",NM,,,1,33672,
2352,Bi2(Ru2O7),Fd3̄m,227,Triv.,no,,,"k,p,b,s",NM,,HQ,6,73787 78114 161102 163387 166566 166567,
2353,Hg2Cu2F6S,Fd3̄m,227,SM,no,,,"k,p,b,s",FM,,HQ,3,156366 156367 156368,
2354,Bi2(Rh2O7),Fd3̄m,227,SM,no,,,"k,p,b,s",NM,,,1,161099,
2355,Bi2(Ti2O7),Fd3̄m,227,Triv.,no,,,"k,p,b,s",NM,,,2,161100 180394,
2356,Bi2(Ir2O7),Fd3̄m,227,SM,no,,,"k,p,b,s",NM,,,4,161103 237820 252134 252135,
2357,Bi2(Pt2O7),Fd3̄m,227,Triv.,no,,,"k,p,b",NM,,,2,161104 202346,161104(s)
2358,Sn2(Nb2O7),Fd3̄m,227,Triv.,yes,Fig. 68,68,"k,p,b,s",NM,,,1,163817,
2359,La2(Zr2O7),Fd3̄m,227,TI,no,,,"k,p,b,s",NM,,,15,173795 184089 184090 184091 184092 184093 184094 184095 184096 184097 184098 184099 184100 184101 184102,
2360,Y2(Ir2O7),Fd3̄m,227,SM,yes,Fig. 68,68,"k,p,b,s",FM,,HQ,1,187534,
2361,In2Ge2O7,Fd3̄m,227,Triv.,no,,,"k,p,b,s",NM,,,1,239593,
2362,La2Ge2O7,Fd3̄m,227,Triv.,no,,,"k,p,b,s",,,,1,672851,
2363,Co2(SiO4),Fd3̄m,227,TI,no,,,"k,p,b",FM,,HQ,1,859,
2364,Ni2SiO4,Fd3̄m,227,Triv.,no,,,"k,p,b",FM,,HQ,15,2136 40992 40993 40994 40995 100544 100545 100546 100547 100548 100549 100550 100551 200129 200130,
2365,Mg2(SiO4),Fd3̄m,227,Triv.,no,,,"k,p,b",NM,,,0,,
2366,LiMn2O4,Fd3̄m,227,SM,no,,,"k,p,b",FM,,,62,83780 83781 83782 83783 86504 161023 162347 162348 162406 191506 671941 40485 50415 50427 53603 85341 85345 88644 89459 89985 93599 94339 94340 151907 155282 155665 165871 165872 182717 192369 193444 195840 242138 261557 41002 41003 41004 41005 41006 87462 100552 185517 185518 185519 185520 185521 185522 185523 200133 200134 238745 238746 238747 238748 238749 238751 238752 238753 238754 238755 238756 238757,
2367,Fe2(SiO4),Fd3̄m,227,Triv.,no,,,"k,p,b",AFM,,HQ,0,,
2368,CuRh2S4,Fd3̄m,227,SM,no,,,"k,p,b",NM,SC∗,,3,41900 291917 628767,
2369,CuRh2Se4,Fd3̄m,227,SM,no,,,"k,p,b",NM,SC∗,,0,,
2370,CuTi2S4,Fd3̄m,227,SM,no,,,"k,p,b",FM,SC,,12,41903 602898 628775 628777 44609 53336 170227 628916 56117 185610 187920 252227,
2371,FeAl2O4,Fd3̄m,227,SM,no,,,"k,p,b",AFM,,,0,,
2372,Mg2VO4,Fd3̄m,227,SM,yes,Fig. 68,68,"k,p,b",FM,,,1,76980,
2373,Ge3N4,Fd3̄m,227,Triv.,no,,,"k,b",NM,SC,HQ,3,87767 97568 156338,
2374,Sn3N4,Fd3̄m,227,Triv.,no,,,"k,b",NM,,HQ,1,89525,
2375,SnZn2O4,Fd3̄m,227,Triv.,no,,,"k,p,b",NM,,,1,187039,
2376,SnCd2O4,Fd3̄m,227,Triv.,no,,,"k,p,b",NM,,,1,187040,
2377,CoAl2O4,Fd3̄m,227,SM,yes,Fig. 68,68,"k,p,b",AFM,,HQ,1,290133,
2378,Al2NiO4,Fd3̄m,227,SM,yes,Fig. 69,69,"k,p,b",AFM,,,1,608815,
2379,MoF6,Im3̄m,229,Triv.,no,,,,NM,,HQ,1,1879,
